t_ms,t_s,set_index,prps_seed,run_order_seed,run_name,segment,servo_us,command_delta_us,command_norm,count,count_zero,count_delta,theta_rad,theta_deg,phase,period_index,period_sample_index
13,0.013,1,4004,54004,lowband_largesig_r00,baseline_pre,1450,0,0.000000,0,0,0,0.00000000,0.00000,baseline_pre,-1,-1
33,0.033,1,4004,54004,lowband_largesig_r00,baseline_pre,1450,0,0.000000,0,0,0,0.00000000,0.00000,baseline_pre,-1,-1
53,0.053,1,4004,54004,lowband_largesig_r00,baseline_pre,1450,0,0.000000,0,0,0,0.00000000,0.00000,baseline_pre,-1,-1
111,0.111,1,4004,54004,lowband_largesig_r00,baseline_pre,1450,0,0.000000,0,0,0,0.00000000,0.00000,baseline_pre,-1,-1
131,0.131,1,4004,54004,lowband_largesig_r00,baseline_pre,1450,0,0.000000,0,0,0,0.00000000,0.00000,baseline_pre,-1,-1
151,0.151,1,4004,54004,lowband_largesig_r00,baseline_pre,1450,0,0.000000,0,0,0,0.00000000,0.00000,baseline_pre,-1,-1
171,0.171,1,4004,54004,lowband_largesig_r00,baseline_pre,1450,0,0.000000,0,0,0,0.00000000,0.00000,baseline_pre,-1,-1
191,0.191,1,4004,54004,lowband_largesig_r00,baseline_pre,1450,0,0.000000,0,0,0,0.00000000,0.00000,baseline_pre,-1,-1
212,0.212,1,4004,54004,lowband_largesig_r00,baseline_pre,1450,0,0.000000,0,0,0,0.00000000,0.00000,baseline_pre,-1,-1
232,0.232,1,4004,54004,lowband_largesig_r00,baseline_pre,1450,0,0.000000,0,0,0,0.00000000,0.00000,baseline_pre,-1,-1
252,0.252,1,4004,54004,lowband_largesig_r00,baseline_pre,1450,0,0.000000,0,0,0,0.00000000,0.00000,baseline_pre,-1,-1
272,0.272,1,4004,54004,lowband_largesig_r00,baseline_pre,1450,0,0.000000,0,0,0,0.00000000,0.00000,baseline_pre,-1,-1
292,0.292,1,4004,54004,lowband_largesig_r00,baseline_pre,1450,0,0.000000,0,0,0,0.00000000,0.00000,baseline_pre,-1,-1
312,0.312,1,4004,54004,lowband_largesig_r00,baseline_pre,1450,0,0.000000,0,0,0,0.00000000,0.00000,baseline_pre,-1,-1
332,0.332,1,4004,54004,lowband_largesig_r00,baseline_pre,1450,0,0.000000,0,0,0,0.00000000,0.00000,baseline_pre,-1,-1
352,0.352,1,4004,54004,lowband_largesig_r00,baseline_pre,1450,0,0.000000,0,0,0,0.00000000,0.00000,baseline_pre,-1,-1
373,0.373,1,4004,54004,lowband_largesig_r00,baseline_pre,1450,0,0.000000,0,0,0,0.00000000,0.00000,baseline_pre,-1,-1
393,0.393,1,4004,54004,lowband_largesig_r00,baseline_pre,1450,0,0.000000,0,0,0,0.00000000,0.00000,baseline_pre,-1,-1
413,0.413,1,4004,54004,lowband_largesig_r00,baseline_pre,1450,0,0.000000,0,0,0,0.00000000,0.00000,baseline_pre,-1,-1
433,0.433,1,4004,54004,lowband_largesig_r00,baseline_pre,1450,0,0.000000,0,0,0,0.00000000,0.00000,baseline_pre,-1,-1
453,0.453,1,4004,54004,lowband_largesig_r00,baseline_pre,1450,0,0.000000,0,0,0,0.00000000,0.00000,baseline_pre,-1,-1
473,0.473,1,4004,54004,lowband_largesig_r00,baseline_pre,1450,0,0.000000,0,0,0,0.00000000,0.00000,baseline_pre,-1,-1
493,0.493,1,4004,54004,lowband_largesig_r00,baseline_pre,1450,0,0.000000,0,0,0,0.00000000,0.00000,baseline_pre,-1,-1
513,0.513,1,4004,54004,lowband_largesig_r00,baseline_pre,1450,0,0.000000,0,0,0,0.00000000,0.00000,baseline_pre,-1,-1
533,0.533,1,4004,54004,lowband_largesig_r00,baseline_pre,1450,0,0.000000,0,0,0,0.00000000,0.00000,baseline_pre,-1,-1
554,0.554,1,4004,54004,lowband_largesig_r00,baseline_pre,1450,0,0.000000,0,0,0,0.00000000,0.00000,baseline_pre,-1,-1
574,0.574,1,4004,54004,lowband_largesig_r00,baseline_pre,1450,0,0.000000,0,0,0,0.00000000,0.00000,baseline_pre,-1,-1
594,0.594,1,4004,54004,lowband_largesig_r00,baseline_pre,1450,0,0.000000,0,0,0,0.00000000,0.00000,baseline_pre,-1,-1
614,0.614,1,4004,54004,lowband_largesig_r00,baseline_pre,1450,0,0.000000,0,0,0,0.00000000,0.00000,baseline_pre,-1,-1
634,0.634,1,4004,54004,lowband_largesig_r00,baseline_pre,1450,0,0.000000,0,0,0,0.00000000,0.00000,baseline_pre,-1,-1
654,0.654,1,4004,54004,lowband_largesig_r00,baseline_pre,1450,0,0.000000,0,0,0,0.00000000,0.00000,baseline_pre,-1,-1
674,0.674,1,4004,54004,lowband_largesig_r00,baseline_pre,1450,0,0.000000,0,0,0,0.00000000,0.00000,baseline_pre,-1,-1
694,0.694,1,4004,54004,lowband_largesig_r00,baseline_pre,1450,0,0.000000,0,0,0,0.00000000,0.00000,baseline_pre,-1,-1
714,0.714,1,4004,54004,lowband_largesig_r00,baseline_pre,1450,0,0.000000,0,0,0,0.00000000,0.00000,baseline_pre,-1,-1
769,0.769,1,4004,54004,lowband_largesig_r00,baseline_pre,1450,0,0.000000,0,0,0,0.00000000,0.00000,baseline_pre,-1,-1
789,0.789,1,4004,54004,lowband_largesig_r00,baseline_pre,1450,0,0.000000,0,0,0,0.00000000,0.00000,baseline_pre,-1,-1
809,0.809,1,4004,54004,lowband_largesig_r00,baseline_pre,1450,0,0.000000,0,0,0,0.00000000,0.00000,baseline_pre,-1,-1
829,0.829,1,4004,54004,lowband_largesig_r00,baseline_pre,1450,0,0.000000,0,0,0,0.00000000,0.00000,baseline_pre,-1,-1
849,0.849,1,4004,54004,lowband_largesig_r00,baseline_pre,1450,0,0.000000,0,0,0,0.00000000,0.00000,baseline_pre,-1,-1
869,0.869,1,4004,54004,lowband_largesig_r00,baseline_pre,1450,0,0.000000,0,0,0,0.00000000,0.00000,baseline_pre,-1,-1
889,0.889,1,4004,54004,lowband_largesig_r00,baseline_pre,1450,0,0.000000,0,0,0,0.00000000,0.00000,baseline_pre,-1,-1
909,0.909,1,4004,54004,lowband_largesig_r00,baseline_pre,1450,0,0.000000,0,0,0,0.00000000,0.00000,baseline_pre,-1,-1
929,0.929,1,4004,54004,lowband_largesig_r00,baseline_pre,1450,0,0.000000,0,0,0,0.00000000,0.00000,baseline_pre,-1,-1
950,0.950,1,4004,54004,lowband_largesig_r00,baseline_pre,1450,0,0.000000,0,0,0,0.00000000,0.00000,baseline_pre,-1,-1
970,0.970,1,4004,54004,lowband_largesig_r00,baseline_pre,1450,0,0.000000,0,0,0,0.00000000,0.00000,baseline_pre,-1,-1
990,0.990,1,4004,54004,lowband_largesig_r00,baseline_pre,1450,0,0.000000,0,0,0,0.00000000,0.00000,baseline_pre,-1,-1
1010,1.010,1,4004,54004,lowband_largesig_r00,baseline_pre,1450,0,0.000000,0,0,0,0.00000000,0.00000,baseline_pre,-1,-1
1030,1.030,1,4004,54004,lowband_largesig_r00,baseline_pre,1450,0,0.000000,0,0,0,0.00000000,0.00000,baseline_pre,-1,-1
1050,1.050,1,4004,54004,lowband_largesig_r00,baseline_pre,1450,0,0.000000,0,0,0,0.00000000,0.00000,baseline_pre,-1,-1
1070,1.070,1,4004,54004,lowband_largesig_r00,baseline_pre,1450,0,0.000000,0,0,0,0.00000000,0.00000,baseline_pre,-1,-1
1090,1.090,1,4004,54004,lowband_largesig_r00,baseline_pre,1450,0,0.000000,0,0,0,0.00000000,0.00000,baseline_pre,-1,-1
1111,1.111,1,4004,54004,lowband_largesig_r00,baseline_pre,1450,0,0.000000,0,0,0,0.00000000,0.00000,baseline_pre,-1,-1
1131,1.131,1,4004,54004,lowband_largesig_r00,baseline_pre,1450,0,0.000000,0,0,0,0.00000000,0.00000,baseline_pre,-1,-1
1151,1.151,1,4004,54004,lowband_largesig_r00,baseline_pre,1450,0,0.000000,0,0,0,0.00000000,0.00000,baseline_pre,-1,-1
1171,1.171,1,4004,54004,lowband_largesig_r00,baseline_pre,1450,0,0.000000,0,0,0,0.00000000,0.00000,baseline_pre,-1,-1
1191,1.191,1,4004,54004,lowband_largesig_r00,baseline_pre,1450,0,0.000000,0,0,0,0.00000000,0.00000,baseline_pre,-1,-1
1211,1.211,1,4004,54004,lowband_largesig_r00,baseline_pre,1450,0,0.000000,0,0,0,0.00000000,0.00000,baseline_pre,-1,-1
1231,1.231,1,4004,54004,lowband_largesig_r00,baseline_pre,1450,0,0.000000,0,0,0,0.00000000,0.00000,baseline_pre,-1,-1
1264,1.264,1,4004,54004,lowband_largesig_r00,baseline_pre,1450,0,0.000000,0,0,0,0.00000000,0.00000,baseline_pre,-1,-1
1284,1.284,1,4004,54004,lowband_largesig_r00,baseline_pre,1450,0,0.000000,0,0,0,0.00000000,0.00000,baseline_pre,-1,-1
1305,1.305,1,4004,54004,lowband_largesig_r00,baseline_pre,1450,0,0.000000,0,0,0,0.00000000,0.00000,baseline_pre,-1,-1
1326,1.326,1,4004,54004,lowband_largesig_r00,baseline_pre,1450,0,0.000000,0,0,0,0.00000000,0.00000,baseline_pre,-1,-1
1346,1.346,1,4004,54004,lowband_largesig_r00,baseline_pre,1450,0,0.000000,0,0,0,0.00000000,0.00000,baseline_pre,-1,-1
1366,1.366,1,4004,54004,lowband_largesig_r00,baseline_pre,1450,0,0.000000,0,0,0,0.00000000,0.00000,baseline_pre,-1,-1
1386,1.386,1,4004,54004,lowband_largesig_r00,baseline_pre,1450,0,0.000000,0,0,0,0.00000000,0.00000,baseline_pre,-1,-1
1406,1.406,1,4004,54004,lowband_largesig_r00,baseline_pre,1450,0,0.000000,0,0,0,0.00000000,0.00000,baseline_pre,-1,-1
1426,1.426,1,4004,54004,lowband_largesig_r00,baseline_pre,1450,0,0.000000,0,0,0,0.00000000,0.00000,baseline_pre,-1,-1
1446,1.446,1,4004,54004,lowband_largesig_r00,baseline_pre,1450,0,0.000000,0,0,0,0.00000000,0.00000,baseline_pre,-1,-1
1466,1.466,1,4004,54004,lowband_largesig_r00,baseline_pre,1450,0,0.000000,0,0,0,0.00000000,0.00000,baseline_pre,-1,-1
1520,1.520,1,4004,54004,lowband_largesig_r00,baseline_pre,1450,0,0.000000,0,0,0,0.00000000,0.00000,baseline_pre,-1,-1
1540,1.540,1,4004,54004,lowband_largesig_r00,baseline_pre,1450,0,0.000000,0,0,0,0.00000000,0.00000,baseline_pre,-1,-1
1560,1.560,1,4004,54004,lowband_largesig_r00,baseline_pre,1450,0,0.000000,0,0,0,0.00000000,0.00000,baseline_pre,-1,-1
1580,1.580,1,4004,54004,lowband_largesig_r00,baseline_pre,1450,0,0.000000,0,0,0,0.00000000,0.00000,baseline_pre,-1,-1
1600,1.600,1,4004,54004,lowband_largesig_r00,baseline_pre,1450,0,0.000000,0,0,0,0.00000000,0.00000,baseline_pre,-1,-1
1620,1.620,1,4004,54004,lowband_largesig_r00,baseline_pre,1450,0,0.000000,0,0,0,0.00000000,0.00000,baseline_pre,-1,-1
1640,1.640,1,4004,54004,lowband_largesig_r00,baseline_pre,1450,0,0.000000,0,0,0,0.00000000,0.00000,baseline_pre,-1,-1
1660,1.660,1,4004,54004,lowband_largesig_r00,baseline_pre,1450,0,0.000000,0,0,0,0.00000000,0.00000,baseline_pre,-1,-1
1681,1.681,1,4004,54004,lowband_largesig_r00,baseline_pre,1450,0,0.000000,0,0,0,0.00000000,0.00000,baseline_pre,-1,-1
1701,1.701,1,4004,54004,lowband_largesig_r00,baseline_pre,1450,0,0.000000,0,0,0,0.00000000,0.00000,baseline_pre,-1,-1
1721,1.721,1,4004,54004,lowband_largesig_r00,baseline_pre,1450,0,0.000000,0,0,0,0.00000000,0.00000,baseline_pre,-1,-1
1741,1.741,1,4004,54004,lowband_largesig_r00,baseline_pre,1450,0,0.000000,0,0,0,0.00000000,0.00000,baseline_pre,-1,-1
1761,1.761,1,4004,54004,lowband_largesig_r00,baseline_pre,1450,0,0.000000,0,0,0,0.00000000,0.00000,baseline_pre,-1,-1
1781,1.781,1,4004,54004,lowband_largesig_r00,baseline_pre,1450,0,0.000000,0,0,0,0.00000000,0.00000,baseline_pre,-1,-1
1801,1.801,1,4004,54004,lowband_largesig_r00,baseline_pre,1450,0,0.000000,0,0,0,0.00000000,0.00000,baseline_pre,-1,-1
1821,1.821,1,4004,54004,lowband_largesig_r00,baseline_pre,1450,0,0.000000,0,0,0,0.00000000,0.00000,baseline_pre,-1,-1
1841,1.841,1,4004,54004,lowband_largesig_r00,baseline_pre,1450,0,0.000000,0,0,0,0.00000000,0.00000,baseline_pre,-1,-1
1862,1.862,1,4004,54004,lowband_largesig_r00,baseline_pre,1450,0,0.000000,0,0,0,0.00000000,0.00000,baseline_pre,-1,-1
1882,1.882,1,4004,54004,lowband_largesig_r00,baseline_pre,1450,0,0.000000,0,0,0,0.00000000,0.00000,baseline_pre,-1,-1
1902,1.902,1,4004,54004,lowband_largesig_r00,baseline_pre,1450,0,0.000000,0,0,0,0.00000000,0.00000,baseline_pre,-1,-1
1922,1.922,1,4004,54004,lowband_largesig_r00,baseline_pre,1450,0,0.000000,0,0,0,0.00000000,0.00000,baseline_pre,-1,-1
1942,1.942,1,4004,54004,lowband_largesig_r00,baseline_pre,1450,0,0.000000,0,0,0,0.00000000,0.00000,baseline_pre,-1,-1
1962,1.962,1,4004,54004,lowband_largesig_r00,baseline_pre,1450,0,0.000000,0,0,0,0.00000000,0.00000,baseline_pre,-1,-1
1982,1.982,1,4004,54004,lowband_largesig_r00,baseline_pre,1450,0,0.000000,0,0,0,0.00000000,0.00000,baseline_pre,-1,-1
2002,2.002,1,4004,54004,lowband_largesig_r00,baseline_pre,1450,0,0.000000,0,0,0,0.00000000,0.00000,baseline_pre,-1,-1
2023,2.023,1,4004,54004,lowband_largesig_r00,settle,1450,0,0.000000,0,0,0,0.00000000,0.00000,settle,-1,-1
2044,2.044,1,4004,54004,lowband_largesig_r00,settle,1450,0,0.000000,0,0,0,0.00000000,0.00000,settle,-1,-1
2064,2.064,1,4004,54004,lowband_largesig_r00,settle,1450,0,0.000000,0,0,0,0.00000000,0.00000,settle,-1,-1
2084,2.084,1,4004,54004,lowband_largesig_r00,settle,1450,0,0.000000,0,0,0,0.00000000,0.00000,settle,-1,-1
2104,2.104,1,4004,54004,lowband_largesig_r00,settle,1450,0,0.000000,0,0,0,0.00000000,0.00000,settle,-1,-1
2124,2.124,1,4004,54004,lowband_largesig_r00,settle,1450,0,0.000000,0,0,0,0.00000000,0.00000,settle,-1,-1
2144,2.144,1,4004,54004,lowband_largesig_r00,settle,1450,0,0.000000,0,0,0,0.00000000,0.00000,settle,-1,-1
2164,2.164,1,4004,54004,lowband_largesig_r00,settle,1450,0,0.000000,0,0,0,0.00000000,0.00000,settle,-1,-1
2184,2.184,1,4004,54004,lowband_largesig_r00,settle,1450,0,0.000000,0,0,0,0.00000000,0.00000,settle,-1,-1
2204,2.204,1,4004,54004,lowband_largesig_r00,settle,1450,0,0.000000,0,0,0,0.00000000,0.00000,settle,-1,-1
2253,2.253,1,4004,54004,lowband_largesig_r00,settle,1450,0,0.000000,0,0,0,0.00000000,0.00000,settle,-1,-1
2273,2.273,1,4004,54004,lowband_largesig_r00,settle,1450,0,0.000000,0,0,0,0.00000000,0.00000,settle,-1,-1
2293,2.293,1,4004,54004,lowband_largesig_r00,settle,1450,0,0.000000,0,0,0,0.00000000,0.00000,settle,-1,-1
2313,2.313,1,4004,54004,lowband_largesig_r00,settle,1450,0,0.000000,0,0,0,0.00000000,0.00000,settle,-1,-1
2333,2.333,1,4004,54004,lowband_largesig_r00,settle,1450,0,0.000000,0,0,0,0.00000000,0.00000,settle,-1,-1
2353,2.353,1,4004,54004,lowband_largesig_r00,settle,1450,0,0.000000,0,0,0,0.00000000,0.00000,settle,-1,-1
2373,2.373,1,4004,54004,lowband_largesig_r00,settle,1450,0,0.000000,0,0,0,0.00000000,0.00000,settle,-1,-1
2393,2.393,1,4004,54004,lowband_largesig_r00,settle,1450,0,0.000000,0,0,0,0.00000000,0.00000,settle,-1,-1
2413,2.413,1,4004,54004,lowband_largesig_r00,settle,1450,0,0.000000,0,0,0,0.00000000,0.00000,settle,-1,-1
2433,2.433,1,4004,54004,lowband_largesig_r00,settle,1450,0,0.000000,0,0,0,0.00000000,0.00000,settle,-1,-1
2454,2.454,1,4004,54004,lowband_largesig_r00,settle,1450,0,0.000000,0,0,0,0.00000000,0.00000,settle,-1,-1
2474,2.474,1,4004,54004,lowband_largesig_r00,settle,1450,0,0.000000,0,0,0,0.00000000,0.00000,settle,-1,-1
2494,2.494,1,4004,54004,lowband_largesig_r00,settle,1450,0,0.000000,0,0,0,0.00000000,0.00000,settle,-1,-1
2514,2.514,1,4004,54004,lowband_largesig_r00,settle,1450,0,0.000000,0,0,0,0.00000000,0.00000,settle,-1,-1
2534,2.534,1,4004,54004,lowband_largesig_r00,settle,1450,0,0.000000,0,0,0,0.00000000,0.00000,settle,-1,-1
2554,2.554,1,4004,54004,lowband_largesig_r00,settle,1450,0,0.000000,0,0,0,0.00000000,0.00000,settle,-1,-1
2574,2.574,1,4004,54004,lowband_largesig_r00,settle,1450,0,0.000000,0,0,0,0.00000000,0.00000,settle,-1,-1
2594,2.594,1,4004,54004,lowband_largesig_r00,settle,1450,0,0.000000,0,0,0,0.00000000,0.00000,settle,-1,-1
2614,2.614,1,4004,54004,lowband_largesig_r00,settle,1450,0,0.000000,0,0,0,0.00000000,0.00000,settle,-1,-1
2634,2.634,1,4004,54004,lowband_largesig_r00,settle,1450,0,0.000000,0,0,0,0.00000000,0.00000,settle,-1,-1
2655,2.655,1,4004,54004,lowband_largesig_r00,settle,1450,0,0.000000,0,0,0,0.00000000,0.00000,settle,-1,-1
2675,2.675,1,4004,54004,lowband_largesig_r00,settle,1450,0,0.000000,0,0,0,0.00000000,0.00000,settle,-1,-1
2695,2.695,1,4004,54004,lowband_largesig_r00,settle,1450,0,0.000000,0,0,0,0.00000000,0.00000,settle,-1,-1
2715,2.715,1,4004,54004,lowband_largesig_r00,settle,1450,0,0.000000,0,0,0,0.00000000,0.00000,settle,-1,-1
2735,2.735,1,4004,54004,lowband_largesig_r00,settle,1450,0,0.000000,0,0,0,0.00000000,0.00000,settle,-1,-1
2755,2.755,1,4004,54004,lowband_largesig_r00,settle,1450,0,0.000000,0,0,0,0.00000000,0.00000,settle,-1,-1
2775,2.775,1,4004,54004,lowband_largesig_r00,settle,1450,0,0.000000,0,0,0,0.00000000,0.00000,settle,-1,-1
2795,2.795,1,4004,54004,lowband_largesig_r00,settle,1450,0,0.000000,0,0,0,0.00000000,0.00000,settle,-1,-1
2815,2.815,1,4004,54004,lowband_largesig_r00,settle,1450,0,0.000000,0,0,0,0.00000000,0.00000,settle,-1,-1
2836,2.836,1,4004,54004,lowband_largesig_r00,settle,1450,0,0.000000,0,0,0,0.00000000,0.00000,settle,-1,-1
2856,2.856,1,4004,54004,lowband_largesig_r00,settle,1450,0,0.000000,0,0,0,0.00000000,0.00000,settle,-1,-1
2876,2.876,1,4004,54004,lowband_largesig_r00,settle,1450,0,0.000000,0,0,0,0.00000000,0.00000,settle,-1,-1
2896,2.896,1,4004,54004,lowband_largesig_r00,settle,1450,0,0.000000,0,0,0,0.00000000,0.00000,settle,-1,-1
2916,2.916,1,4004,54004,lowband_largesig_r00,settle,1450,0,0.000000,0,0,0,0.00000000,0.00000,settle,-1,-1
2936,2.936,1,4004,54004,lowband_largesig_r00,settle,1450,0,0.000000,0,0,0,0.00000000,0.00000,settle,-1,-1
2956,2.956,1,4004,54004,lowband_largesig_r00,settle,1450,0,0.000000,0,0,0,0.00000000,0.00000,settle,-1,-1
2976,2.976,1,4004,54004,lowband_largesig_r00,settle,1450,0,0.000000,0,0,0,0.00000000,0.00000,settle,-1,-1
2996,2.996,1,4004,54004,lowband_largesig_r00,settle,1450,0,0.000000,0,0,0,0.00000000,0.00000,settle,-1,-1
3016,3.016,1,4004,54004,lowband_largesig_r00,settle,1450,0,0.000000,0,0,0,0.00000000,0.00000,settle,-1,-1
3088,3.088,1,4004,54004,lowband_largesig_r00,prps,1461,11,0.084619,0,0,0,0.00000000,0.00000,prps,0,3
3108,3.108,1,4004,54004,lowband_largesig_r00,prps,1469,19,0.152643,0,0,0,0.00000000,0.00000,prps,0,7
3128,3.128,1,4004,54004,lowband_largesig_r00,prps,1479,29,0.225191,0,0,0,0.00000000,0.00000,prps,0,11
3148,3.148,1,4004,54004,lowband_largesig_r00,prps,1488,38,0.297449,-2,0,-2,-0.00523599,-0.30000,prps,0,15
3168,3.168,1,4004,54004,lowband_largesig_r00,prps,1496,46,0.361933,-4,0,-4,-0.01047198,-0.60000,prps,0,19
3188,3.188,1,4004,54004,lowband_largesig_r00,prps,1502,52,0.409550,-8,0,-8,-0.02094395,-1.20000,prps,0,23
3208,3.208,1,4004,54004,lowband_largesig_r00,prps,1505,55,0.431186,-13,0,-13,-0.03403392,-1.95000,prps,0,27
3228,3.228,1,4004,54004,lowband_largesig_r00,prps,1503,53,0.419575,-17,0,-17,-0.04450589,-2.55000,prps,0,31
3248,3.248,1,4004,54004,lowband_largesig_r00,prps,1497,47,0.371080,-22,0,-22,-0.05759586,-3.30000,prps,0,35
3268,3.268,1,4004,54004,lowband_largesig_r00,prps,1486,36,0.287056,-24,0,-24,-0.06283185,-3.60000,prps,0,39
3288,3.288,1,4004,54004,lowband_largesig_r00,prps,1472,22,0.174482,-24,0,-24,-0.06283185,-3.60000,prps,0,43
3308,3.308,1,4004,54004,lowband_largesig_r00,prps,1456,6,0.045677,-23,0,-23,-0.06021386,-3.45000,prps,0,47
3328,3.328,1,4004,54004,lowband_largesig_r00,prps,1439,-11,-0.082940,-20,0,-20,-0.05235988,-3.00000,prps,0,51
3348,3.348,1,4004,54004,lowband_largesig_r00,prps,1426,-24,-0.192910,-15,0,-15,-0.03926991,-2.25000,prps,0,55
3368,3.368,1,4004,54004,lowband_largesig_r00,prps,1416,-34,-0.266351,-6,0,-6,-0.01570796,-0.90000,prps,0,59
3388,3.388,1,4004,54004,lowband_largesig_r00,prps,1413,-37,-0.288707,3,0,3,0.00785398,0.45000,prps,0,63
3408,3.408,1,4004,54004,lowband_largesig_r00,prps,1418,-32,-0.251218,12,0,12,0.03141592,1.80000,prps,0,67
3428,3.428,1,4004,54004,lowband_largesig_r00,prps,1431,-19,-0.152658,17,0,17,0.04450589,2.55000,prps,0,71
3448,3.448,1,4004,54004,lowband_largesig_r00,prps,1450,0,-0.000044,17,0,17,0.04450589,2.55000,prps,0,75
3468,3.468,1,4004,54004,lowband_largesig_r00,prps,1474,24,0.191877,17,0,17,0.04450589,2.55000,prps,0,79
3488,3.488,1,4004,54004,lowband_largesig_r00,prps,1501,51,0.402326,11,0,11,0.02879793,1.65000,prps,0,83
3508,3.508,1,4004,54004,lowband_largesig_r00,prps,1527,77,0.607174,2,0,2,0.00523599,0.30000,prps,0,87
3528,3.528,1,4004,54004,lowband_largesig_r00,prps,1549,99,0.782222,-9,0,-9,-0.02356194,-1.35000,prps,0,91
3548,3.548,1,4004,54004,lowband_largesig_r00,prps,1565,115,0.906604,-23,0,-23,-0.06021386,-3.45000,prps,0,95
3568,3.568,1,4004,54004,lowband_largesig_r00,prps,1573,123,0.965787,-37,0,-37,-0.09686577,-5.55000,prps,0,99
3588,3.588,1,4004,54004,lowband_largesig_r00,prps,1571,121,0.953703,-51,0,-51,-0.13351768,-7.65000,prps,0,103
3608,3.608,1,4004,54004,lowband_largesig_r00,prps,1561,111,0.873677,-61,0,-61,-0.15969762,-9.15000,prps,0,107
3628,3.628,1,4004,54004,lowband_largesig_r00,prps,1544,94,0.737994,-64,0,-64,-0.16755160,-9.60000,prps,0,111
3648,3.648,1,4004,54004,lowband_largesig_r00,prps,1522,72,0.566154,-64,0,-64,-0.16755160,-9.60000,prps,0,115
3668,3.668,1,4004,54004,lowband_largesig_r00,prps,1499,49,0.382073,-61,0,-61,-0.15969762,-9.15000,prps,0,119
3688,3.688,1,4004,54004,lowband_largesig_r00,prps,1477,27,0.210660,-54,0,-54,-0.14137166,-8.10000,prps,0,123
3708,3.708,1,4004,54004,lowband_largesig_r00,prps,1459,9,0.074269,-44,0,-44,-0.11519173,-6.60000,prps,0,127
3728,3.728,1,4004,54004,lowband_largesig_r00,prps,1449,-1,-0.010410,-32,0,-32,-0.08377580,-4.80000,prps,0,131
3748,3.748,1,4004,54004,lowband_largesig_r00,prps,1446,-4,-0.034594,-21,0,-21,-0.05497787,-3.15000,prps,0,135
3768,3.768,1,4004,54004,lowband_largesig_r00,prps,1450,0,0.001574,-10,0,-10,-0.02617994,-1.50000,prps,0,139
3788,3.788,1,4004,54004,lowband_largesig_r00,prps,1461,11,0.089340,-3,0,-3,-0.00785398,-0.45000,prps,0,143
3808,3.808,1,4004,54004,lowband_largesig_r00,prps,1477,27,0.212914,-1,0,-1,-0.00261799,-0.15000,prps,0,147
3828,3.828,1,4004,54004,lowband_largesig_r00,prps,1495,45,0.352032,-1,0,-1,-0.00261799,-0.15000,prps,0,151
3848,3.848,1,4004,54004,lowband_largesig_r00,prps,1512,62,0.485087,-5,0,-5,-0.01308997,-0.75000,prps,0,155
3868,3.868,1,4004,54004,lowband_largesig_r00,prps,1525,75,0.592328,-12,0,-12,-0.03141592,-1.80000,prps,0,159
3888,3.888,1,4004,54004,lowband_largesig_r00,prps,1534,84,0.658636,-21,0,-21,-0.05497787,-3.15000,prps,0,163
3908,3.908,1,4004,54004,lowband_largesig_r00,prps,1536,86,0.675465,-29,0,-29,-0.07592182,-4.35000,prps,0,167
3928,3.928,1,4004,54004,lowband_largesig_r00,prps,1531,81,0.641684,-37,0,-37,-0.09686577,-5.55000,prps,0,171
3948,3.948,1,4004,54004,lowband_largesig_r00,prps,1522,72,0.563239,-42,0,-42,-0.10995574,-6.30000,prps,0,175
3968,3.968,1,4004,54004,lowband_largesig_r00,prps,1507,57,0.451755,-43,0,-43,-0.11257374,-6.45000,prps,0,179
3988,3.988,1,4004,54004,lowband_largesig_r00,prps,1491,41,0.322332,-42,0,-42,-0.10995574,-6.30000,prps,0,183
4008,4.008,1,4004,54004,lowband_largesig_r00,prps,1474,24,0.190959,-39,0,-39,-0.10210176,-5.85000,prps,0,187
4028,4.028,1,4004,54004,lowband_largesig_r00,prps,1459,9,0.071949,-34,0,-34,-0.08901179,-5.10000,prps,0,191
4048,4.048,1,4004,54004,lowband_largesig_r00,prps,1447,-3,-0.024163,-27,0,-27,-0.07068583,-4.05000,prps,0,195
4068,4.068,1,4004,54004,lowband_largesig_r00,prps,1438,-12,-0.091970,-18,0,-18,-0.04712389,-2.70000,prps,0,199
4088,4.088,1,4004,54004,lowband_largesig_r00,prps,1433,-17,-0.131595,-10,0,-10,-0.02617994,-1.50000,prps,0,203
4108,4.108,1,4004,54004,lowband_largesig_r00,prps,1431,-19,-0.148159,-2,0,-2,-0.00523599,-0.30000,prps,0,207
4128,4.128,1,4004,54004,lowband_largesig_r00,prps,1431,-19,-0.150444,4,0,4,0.01047198,0.60000,prps,0,211
4148,4.148,1,4004,54004,lowband_largesig_r00,prps,1431,-19,-0.149042,7,0,7,0.01832596,1.05000,prps,0,215
4168,4.168,1,4004,54004,lowband_largesig_r00,prps,1430,-20,-0.154330,8,0,8,0.02094395,1.20000,prps,0,219
4188,4.188,1,4004,54004,lowband_largesig_r00,prps,1428,-22,-0.174629,8,0,8,0.02094395,1.20000,prps,0,223
4208,4.208,1,4004,54004,lowband_largesig_r00,prps,1423,-27,-0.214853,9,0,9,0.02356194,1.35000,prps,0,227
4228,4.228,1,4004,54004,lowband_largesig_r00,prps,1415,-35,-0.275842,11,0,11,0.02879793,1.65000,prps,0,231
4248,4.248,1,4004,54004,lowband_largesig_r00,prps,1405,-45,-0.354459,12,0,12,0.03141592,1.80000,prps,0,235
4268,4.268,1,4004,54004,lowband_largesig_r00,prps,1394,-56,-0.444364,14,0,14,0.03665191,2.10000,prps,0,239
4288,4.288,1,4004,54004,lowband_largesig_r00,prps,1382,-68,-0.537292,18,0,18,0.04712389,2.70000,prps,0,243
4308,4.308,1,4004,54004,lowband_largesig_r00,prps,1371,-79,-0.624563,22,0,22,0.05759586,3.30000,prps,0,247
4328,4.328,1,4004,54004,lowband_largesig_r00,prps,1361,-89,-0.698533,27,0,27,0.07068583,4.05000,prps,0,251
4348,4.348,1,4004,54004,lowband_largesig_r00,prps,1354,-96,-0.753730,33,0,33,0.08639380,4.95000,prps,0,255
4368,4.368,1,4004,54004,lowband_largesig_r00,prps,1350,-100,-0.787480,39,0,39,0.10210176,5.85000,prps,0,259
4388,4.388,1,4004,54004,lowband_largesig_r00,prps,1348,-102,-0.799950,45,0,45,0.11780972,6.75000,prps,0,263
4408,4.408,1,4004,54004,lowband_largesig_r00,prps,1349,-101,-0.793653,50,0,50,0.13089970,7.50000,prps,0,267
4428,4.428,1,4004,54004,lowband_largesig_r00,prps,1352,-98,-0.772536,54,0,54,0.14137166,8.10000,prps,0,271
4448,4.448,1,4004,54004,lowband_largesig_r00,prps,1356,-94,-0.740892,55,0,55,0.14398966,8.25000,prps,0,275
4468,4.468,1,4004,54004,lowband_largesig_r00,prps,1361,-89,-0.702316,56,0,56,0.14660765,8.40000,prps,0,279
4488,4.488,1,4004,54004,lowband_largesig_r00,prps,1366,-84,-0.658938,55,0,55,0.14398966,8.25000,prps,0,283
4508,4.508,1,4004,54004,lowband_largesig_r00,prps,1372,-78,-0.611089,55,0,55,0.14398966,8.25000,prps,0,287
4528,4.528,1,4004,54004,lowband_largesig_r00,prps,1379,-71,-0.557456,55,0,55,0.14398966,8.25000,prps,0,291
4548,4.548,1,4004,54004,lowband_largesig_r00,prps,1387,-63,-0.495699,55,0,55,0.14398966,8.25000,prps,0,295
4568,4.568,1,4004,54004,lowband_largesig_r00,prps,1396,-54,-0.423376,52,0,52,0.13613568,7.80000,prps,0,299
4588,4.588,1,4004,54004,lowband_largesig_r00,prps,1407,-43,-0.338992,47,0,47,0.12304571,7.05000,prps,0,303
4608,4.608,1,4004,54004,lowband_largesig_r00,prps,1419,-31,-0.242923,41,0,41,0.10733775,6.15000,prps,0,307
4628,4.628,1,4004,54004,lowband_largesig_r00,prps,1432,-18,-0.138019,35,0,35,0.09162979,5.25000,prps,0,311
4648,4.648,1,4004,54004,lowband_largesig_r00,prps,1446,-4,-0.029733,28,0,28,0.07330382,4.20000,prps,0,315
4668,4.668,1,4004,54004,lowband_largesig_r00,prps,1459,9,0.074280,20,0,20,0.05235988,3.00000,prps,0,319
4688,4.688,1,4004,54004,lowband_largesig_r00,prps,1471,21,0.165051,12,0,12,0.03141592,1.80000,prps,0,323
4708,4.708,1,4004,54004,lowband_largesig_r00,prps,1480,30,0.233522,6,0,6,0.01570796,0.90000,prps,0,327
4728,4.728,1,4004,54004,lowband_largesig_r00,prps,1485,35,0.271899,0,0,0,0.00000000,0.00000,prps,0,331
4748,4.748,1,4004,54004,lowband_largesig_r00,prps,1485,35,0.274895,-5,0,-5,-0.01308997,-0.75000,prps,0,335
4768,4.768,1,4004,54004,lowband_largesig_r00,prps,1481,31,0.240622,-9,0,-9,-0.02356194,-1.35000,prps,0,339
4788,4.788,1,4004,54004,lowband_largesig_r00,prps,1472,22,0.170978,-13,0,-13,-0.03403392,-1.95000,prps,0,343
4808,4.808,1,4004,54004,lowband_largesig_r00,prps,1459,9,0.071443,-15,0,-15,-0.03926991,-2.25000,prps,0,347
4828,4.828,1,4004,54004,lowband_largesig_r00,prps,1444,-6,-0.049683,-14,0,-14,-0.03665191,-2.10000,prps,0,351
4848,4.848,1,4004,54004,lowband_largesig_r00,prps,1427,-23,-0.182472,-12,0,-12,-0.03141592,-1.80000,prps,0,355
4868,4.868,1,4004,54004,lowband_largesig_r00,prps,1410,-40,-0.316778,-6,0,-6,-0.01570796,-0.90000,prps,0,359
4888,4.888,1,4004,54004,lowband_largesig_r00,prps,1394,-56,-0.443626,2,0,2,0.00523599,0.30000,prps,0,363
4908,4.908,1,4004,54004,lowband_largesig_r00,prps,1379,-71,-0.556321,11,0,11,0.02879793,1.65000,prps,0,367
4928,4.928,1,4004,54004,lowband_largesig_r00,prps,1367,-83,-0.651107,20,0,20,0.05235988,3.00000,prps,0,371
4948,4.948,1,4004,54004,lowband_largesig_r00,prps,1358,-92,-0.727262,28,0,28,0.07330382,4.20000,prps,0,375
4968,4.968,1,4004,54004,lowband_largesig_r00,prps,1350,-100,-0.786627,35,0,35,0.09162979,5.25000,prps,0,379
4988,4.988,1,4004,54004,lowband_largesig_r00,prps,1344,-106,-0.832700,42,0,42,0.10995574,6.30000,prps,0,383
5008,5.008,1,4004,54004,lowband_largesig_r00,prps,1340,-110,-0.869456,48,0,48,0.12566370,7.20000,prps,0,387
5028,5.028,1,4004,54004,lowband_largesig_r00,prps,1336,-114,-0.900161,54,0,54,0.14137166,8.10000,prps,0,391
5048,5.048,1,4004,54004,lowband_largesig_r00,prps,1332,-118,-0.926408,58,0,58,0.15184364,8.70000,prps,0,395
5068,5.068,1,4004,54004,lowband_largesig_r00,prps,1330,-120,-0.947581,62,0,62,0.16231562,9.30000,prps,0,399
5088,5.088,1,4004,54004,lowband_largesig_r00,prps,1328,-122,-0.960842,64,0,64,0.16755160,9.60000,prps,0,403
5108,5.108,1,4004,54004,lowband_largesig_r00,prps,1328,-122,-0.961678,66,0,66,0.17278760,9.90000,prps,0,407
5128,5.128,1,4004,54004,lowband_largesig_r00,prps,1330,-120,-0.944883,67,0,67,0.17540560,10.05000,prps,0,411
5148,5.148,1,4004,54004,lowband_largesig_r00,prps,1335,-115,-0.905779,67,0,67,0.17540560,10.05000,prps,0,415
5168,5.168,1,4004,54004,lowband_largesig_r00,prps,1343,-107,-0.841456,68,0,68,0.17802358,10.20000,prps,0,419
5188,5.188,1,4004,54004,lowband_largesig_r00,prps,1355,-95,-0.751741,68,0,68,0.17802358,10.20000,prps,0,423
5208,5.208,1,4004,54004,lowband_largesig_r00,prps,1369,-81,-0.639708,67,0,67,0.17540560,10.05000,prps,0,427
5228,5.228,1,4004,54004,lowband_largesig_r00,prps,1385,-65,-0.511579,64,0,64,0.16755160,9.60000,prps,0,431
5248,5.248,1,4004,54004,lowband_largesig_r00,prps,1402,-48,-0.376020,58,0,58,0.15184364,8.70000,prps,0,435
5268,5.268,1,4004,54004,lowband_largesig_r00,prps,1419,-31,-0.242908,51,0,51,0.13351768,7.65000,prps,0,439
5288,5.288,1,4004,54004,lowband_largesig_r00,prps,1435,-15,-0.121798,43,0,43,0.11257374,6.45000,prps,0,443
5308,5.308,1,4004,54004,lowband_largesig_r00,prps,1447,-3,-0.020347,32,0,32,0.08377580,4.80000,prps,0,447
5328,5.328,1,4004,54004,lowband_largesig_r00,prps,1457,7,0.057010,22,0,22,0.05759586,3.30000,prps,0,451
5348,5.348,1,4004,54004,lowband_largesig_r00,prps,1464,14,0.109868,12,0,12,0.03141592,1.80000,prps,0,455
5368,5.368,1,4004,54004,lowband_largesig_r00,prps,1468,18,0.141982,4,0,4,0.01047198,0.60000,prps,0,459
5388,5.388,1,4004,54004,lowband_largesig_r00,prps,1470,20,0.160654,-1,0,-1,-0.00261799,-0.15000,prps,0,463
5408,5.408,1,4004,54004,lowband_largesig_r00,prps,1472,22,0.175473,-5,0,-5,-0.01308997,-0.75000,prps,0,467
5428,5.428,1,4004,54004,lowband_largesig_r00,prps,1475,25,0.196595,-7,0,-7,-0.01832596,-1.05000,prps,0,471
5448,5.448,1,4004,54004,lowband_largesig_r00,prps,1480,30,0.232868,-9,0,-9,-0.02356194,-1.35000,prps,0,475
5468,5.468,1,4004,54004,lowband_largesig_r00,prps,1487,37,0.290132,-11,0,-11,-0.02879793,-1.65000,prps,0,479
5488,5.488,1,4004,54004,lowband_largesig_r00,prps,1497,47,0.369998,-13,0,-13,-0.03403392,-1.95000,prps,0,483
5508,5.508,1,4004,54004,lowband_largesig_r00,prps,1510,60,0.469356,-15,0,-15,-0.03926991,-2.25000,prps,0,487
5528,5.528,1,4004,54004,lowband_largesig_r00,prps,1524,74,0.580713,-18,0,-18,-0.04712389,-2.70000,prps,0,491
5548,5.548,1,4004,54004,lowband_largesig_r00,prps,1538,88,0.693333,-23,0,-23,-0.06021386,-3.45000,prps,0,495
5568,5.568,1,4004,54004,lowband_largesig_r00,prps,1551,101,0.795002,-29,0,-29,-0.07592182,-4.35000,prps,0,499
5588,5.588,1,4004,54004,lowband_largesig_r00,prps,1561,111,0.874119,-37,0,-37,-0.09686577,-5.55000,prps,0,503
5608,5.608,1,4004,54004,lowband_largesig_r00,prps,1567,117,0.921754,-45,0,-45,-0.11780972,-6.75000,prps,0,507
5628,5.628,1,4004,54004,lowband_largesig_r00,prps,1569,119,0.933316,-52,0,-52,-0.13613568,-7.80000,prps,0,511
5648,5.648,1,4004,54004,lowband_largesig_r00,prps,1566,116,0.909500,-58,0,-58,-0.15184364,-8.70000,prps,0,515
5668,5.668,1,4004,54004,lowband_largesig_r00,prps,1559,109,0.856359,-63,0,-63,-0.16493360,-9.45000,prps,0,519
5688,5.688,1,4004,54004,lowband_largesig_r00,prps,1550,100,0.784424,-64,0,-64,-0.16755160,-9.60000,prps,0,523
5708,5.708,1,4004,54004,lowband_largesig_r00,prps,1540,90,0.707038,-63,0,-63,-0.16493360,-9.45000,prps,0,527
5728,5.728,1,4004,54004,lowband_largesig_r00,prps,1531,81,0.638142,-61,0,-61,-0.15969762,-9.15000,prps,0,531
5748,5.748,1,4004,54004,lowband_largesig_r00,prps,1525,75,0.589911,-59,0,-59,-0.15446164,-8.85000,prps,0,535
5768,5.768,1,4004,54004,lowband_largesig_r00,prps,1522,72,0.570628,-55,0,-55,-0.14398966,-8.25000,prps,0,539
5788,5.788,1,4004,54004,lowband_largesig_r00,prps,1524,74,0.583191,-51,0,-51,-0.13351768,-7.65000,prps,0,543
5808,5.808,1,4004,54004,lowband_largesig_r00,prps,1529,79,0.624516,-48,0,-48,-0.12566370,-7.20000,prps,0,547
5828,5.828,1,4004,54004,lowband_largesig_r00,prps,1537,87,0.685967,-46,0,-46,-0.12042772,-6.90000,prps,0,551
5848,5.848,1,4004,54004,lowband_largesig_r00,prps,1546,96,0.754766,-46,0,-46,-0.12042772,-6.90000,prps,0,555
5868,5.868,1,4004,54004,lowband_largesig_r00,prps,1554,104,0.816150,-46,0,-46,-0.12042772,-6.90000,prps,0,559
5888,5.888,1,4004,54004,lowband_largesig_r00,prps,1559,109,0.855939,-46,0,-46,-0.12042772,-6.90000,prps,0,563
5908,5.908,1,4004,54004,lowband_largesig_r00,prps,1560,110,0.863053,-46,0,-46,-0.12042772,-6.90000,prps,0,567
5928,5.928,1,4004,54004,lowband_largesig_r00,prps,1556,106,0.831568,-49,0,-49,-0.12828170,-7.35000,prps,0,571
5948,5.948,1,4004,54004,lowband_largesig_r00,prps,1547,97,0.761926,-54,0,-54,-0.14137166,-8.10000,prps,0,575
5968,5.968,1,4004,54004,lowband_largesig_r00,prps,1534,84,0.661074,-58,0,-58,-0.15184364,-8.70000,prps,0,579
5988,5.988,1,4004,54004,lowband_largesig_r00,prps,1519,69,0.541486,-59,0,-59,-0.15446164,-8.85000,prps,0,583
6008,6.008,1,4004,54004,lowband_largesig_r00,prps,1503,53,0.419200,-56,0,-56,-0.14660765,-8.40000,prps,0,587
6028,6.028,1,4004,54004,lowband_largesig_r00,prps,1490,40,0.311184,-49,0,-49,-0.12828170,-7.35000,prps,0,591
6048,6.048,1,4004,54004,lowband_largesig_r00,prps,1480,30,0.232455,-42,0,-42,-0.10995574,-6.30000,prps,0,595
6068,6.068,1,4004,54004,lowband_largesig_r00,prps,1475,25,0.193441,-35,0,-35,-0.09162979,-5.25000,prps,0,599
6088,6.088,1,4004,54004,lowband_largesig_r00,prps,1475,25,0.198022,-28,0,-28,-0.07330382,-4.20000,prps,0,603
6108,6.108,1,4004,54004,lowband_largesig_r00,prps,1481,31,0.242614,-22,0,-22,-0.05759586,-3.30000,prps,0,607
6128,6.128,1,4004,54004,lowband_largesig_r00,prps,1490,40,0.316451,-19,0,-19,-0.04974188,-2.85000,prps,0,611
6148,6.148,1,4004,54004,lowband_largesig_r00,prps,1501,51,0.403068,-19,0,-19,-0.04974188,-2.85000,prps,0,615
6168,6.168,1,4004,54004,lowband_largesig_r00,prps,1511,61,0.482757,-19,0,-19,-0.04974188,-2.85000,prps,0,619
6188,6.188,1,4004,54004,lowband_largesig_r00,prps,1518,68,0.535630,-20,0,-20,-0.05235988,-3.00000,prps,0,623
6208,6.208,1,4004,54004,lowband_largesig_r00,prps,1519,69,0.544791,-23,0,-23,-0.06021386,-3.45000,prps,0,627
6228,6.228,1,4004,54004,lowband_largesig_r00,prps,1513,63,0.499135,-27,0,-27,-0.07068583,-4.05000,prps,0,631
6248,6.248,1,4004,54004,lowband_largesig_r00,prps,1500,50,0.395309,-31,0,-31,-0.08115781,-4.65000,prps,0,635
6268,6.268,1,4004,54004,lowband_largesig_r00,prps,1480,30,0.238519,-32,0,-32,-0.08377580,-4.80000,prps,0,639
6288,6.288,1,4004,54004,lowband_largesig_r00,prps,1455,5,0.042060,-31,0,-31,-0.08115781,-4.65000,prps,0,643
6308,6.308,1,4004,54004,lowband_largesig_r00,prps,1428,-22,-0.174389,-27,0,-27,-0.07068583,-4.05000,prps,0,647
6328,6.328,1,4004,54004,lowband_largesig_r00,prps,1401,-49,-0.387424,-17,0,-17,-0.04450589,-2.55000,prps,0,651
6348,6.348,1,4004,54004,lowband_largesig_r00,prps,1377,-73,-0.573144,-5,0,-5,-0.01308997,-0.75000,prps,0,655
6368,6.368,1,4004,54004,lowband_largesig_r00,prps,1360,-90,-0.710448,10,0,10,0.02617994,1.50000,prps,0,659
6388,6.388,1,4004,54004,lowband_largesig_r00,prps,1350,-100,-0.783918,24,0,24,0.06283185,3.60000,prps,0,663
6408,6.408,1,4004,54004,lowband_largesig_r00,prps,1350,-100,-0.785857,38,0,38,0.09948376,5.70000,prps,0,667
6428,6.428,1,4004,54004,lowband_largesig_r00,prps,1359,-91,-0.717213,48,0,48,0.12566370,7.20000,prps,0,671
6448,6.448,1,4004,54004,lowband_largesig_r00,prps,1375,-75,-0.587283,52,0,52,0.13613568,7.80000,prps,0,675
6468,6.468,1,4004,54004,lowband_largesig_r00,prps,1398,-52,-0.412271,52,0,52,0.13613568,7.80000,prps,0,679
6488,6.488,1,4004,54004,lowband_largesig_r00,prps,1423,-27,-0.212969,50,0,50,0.13089970,7.50000,prps,0,683
6508,6.508,1,4004,54004,lowband_largesig_r00,prps,1448,-2,-0.011932,43,0,43,0.11257374,6.45000,prps,0,687
6528,6.528,1,4004,54004,lowband_largesig_r00,prps,1472,22,0.169430,32,0,32,0.08377580,4.80000,prps,0,691
6548,6.548,1,4004,54004,lowband_largesig_r00,prps,1490,40,0.313398,19,0,19,0.04974188,2.85000,prps,0,695
6568,6.568,1,4004,54004,lowband_largesig_r00,prps,1502,52,0.407805,5,0,5,0.01308997,0.75000,prps,0,699
6588,6.588,1,4004,54004,lowband_largesig_r00,prps,1507,57,0.446992,-8,0,-8,-0.02094395,-1.20000,prps,0,703
6608,6.608,1,4004,54004,lowband_largesig_r00,prps,1505,55,0.431798,-18,0,-18,-0.04712389,-2.70000,prps,0,707
6628,6.628,1,4004,54004,lowband_largesig_r00,prps,1497,47,0.368678,-26,0,-26,-0.06806784,-3.90000,prps,0,711
6648,6.648,1,4004,54004,lowband_largesig_r00,prps,1484,34,0.268174,-27,0,-27,-0.07068583,-4.05000,prps,0,715
6668,6.668,1,4004,54004,lowband_largesig_r00,prps,1468,18,0.143046,-27,0,-27,-0.07068583,-4.05000,prps,0,719
6688,6.688,1,4004,54004,lowband_largesig_r00,prps,1451,1,0.006385,-25,0,-25,-0.06544985,-3.75000,prps,0,723
6708,6.708,1,4004,54004,lowband_largesig_r00,prps,1433,-17,-0.129997,-19,0,-19,-0.04974188,-2.85000,prps,0,727
6728,6.728,1,4004,54004,lowband_largesig_r00,prps,1417,-33,-0.256682,-12,0,-12,-0.03141592,-1.80000,prps,0,731
6748,6.748,1,4004,54004,lowband_largesig_r00,prps,1403,-47,-0.367162,-3,0,-3,-0.00785398,-0.45000,prps,0,735
6768,6.768,1,4004,54004,lowband_largesig_r00,prps,1392,-58,-0.457781,7,0,7,0.01832596,1.05000,prps,0,739
6788,6.788,1,4004,54004,lowband_largesig_r00,prps,1383,-67,-0.527209,16,0,16,0.04188790,2.40000,prps,0,743
6808,6.808,1,4004,54004,lowband_largesig_r00,prps,1377,-73,-0.575658,24,0,24,0.06283185,3.60000,prps,0,747
6828,6.828,1,4004,54004,lowband_largesig_r00,prps,1373,-77,-0.604044,31,0,31,0.08115781,4.65000,prps,0,751
6848,6.848,1,4004,54004,lowband_largesig_r00,prps,1372,-78,-0.613313,36,0,36,0.09424778,5.40000,prps,0,755
6868,6.868,1,4004,54004,lowband_largesig_r00,prps,1373,-77,-0.604058,39,0,39,0.10210176,5.85000,prps,0,759
6888,6.888,1,4004,54004,lowband_largesig_r00,prps,1377,-73,-0.576505,40,0,40,0.10471976,6.00000,prps,0,763
6908,6.908,1,4004,54004,lowband_largesig_r00,prps,1383,-67,-0.530822,41,0,41,0.10733775,6.15000,prps,0,767
6928,6.928,1,4004,54004,lowband_largesig_r00,prps,1391,-59,-0.467646,41,0,41,0.10733775,6.15000,prps,0,771
6948,6.948,1,4004,54004,lowband_largesig_r00,prps,1401,-49,-0.388657,40,0,40,0.10471976,6.00000,prps,0,775
6968,6.968,1,4004,54004,lowband_largesig_r00,prps,1412,-38,-0.297030,39,0,39,0.10210176,5.85000,prps,0,779
6988,6.988,1,4004,54004,lowband_largesig_r00,prps,1425,-25,-0.197599,36,0,36,0.09424778,5.40000,prps,0,783
7008,7.008,1,4004,54004,lowband_largesig_r00,prps,1438,-12,-0.096650,31,0,31,0.08115781,4.65000,prps,0,787
7028,7.028,1,4004,54004,lowband_largesig_r00,prps,1450,0,-0.001337,24,0,24,0.06283185,3.60000,prps,0,791
7048,7.048,1,4004,54004,lowband_largesig_r00,prps,1460,10,0.081205,17,0,17,0.04450589,2.55000,prps,0,795
7068,7.068,1,4004,54004,lowband_largesig_r00,prps,1468,18,0.144904,10,0,10,0.02617994,1.50000,prps,0,799
7088,7.088,1,4004,54004,lowband_largesig_r00,prps,1474,24,0.185732,5,0,5,0.01308997,0.75000,prps,0,803
7108,7.108,1,4004,54004,lowband_largesig_r00,prps,1476,26,0.202450,0,0,0,0.00000000,0.00000,prps,0,807
7128,7.128,1,4004,54004,lowband_largesig_r00,prps,1475,25,0.196928,-3,0,-3,-0.00785398,-0.45000,prps,0,811
7148,7.148,1,4004,54004,lowband_largesig_r00,prps,1472,22,0.173962,-7,0,-7,-0.01832596,-1.05000,prps,0,815
7168,7.168,1,4004,54004,lowband_largesig_r00,prps,1468,18,0.140570,-9,0,-9,-0.02356194,-1.35000,prps,0,819
7188,7.188,1,4004,54004,lowband_largesig_r00,prps,1463,13,0.104889,-9,0,-9,-0.02356194,-1.35000,prps,0,823
7208,7.208,1,4004,54004,lowband_largesig_r00,prps,1460,10,0.074829,-9,0,-9,-0.02356194,-1.35000,prps,0,827
7228,7.228,1,4004,54004,lowband_largesig_r00,prps,1457,7,0.056731,-9,0,-9,-0.02356194,-1.35000,prps,0,831
7248,7.248,1,4004,54004,lowband_largesig_r00,prps,1457,7,0.054280,-8,0,-8,-0.02094395,-1.20000,prps,0,835
7268,7.268,1,4004,54004,lowband_largesig_r00,prps,1459,9,0.067851,-7,0,-7,-0.01832596,-1.05000,prps,0,839
7288,7.288,1,4004,54004,lowband_largesig_r00,prps,1462,12,0.094450,-5,0,-5,-0.01308997,-0.75000,prps,0,843
7308,7.308,1,4004,54004,lowband_largesig_r00,prps,1466,16,0.128266,-5,0,-5,-0.01308997,-0.75000,prps,0,847
7328,7.328,1,4004,54004,lowband_largesig_r00,prps,1471,21,0.161732,-5,0,-5,-0.01308997,-0.75000,prps,0,851
7348,7.348,1,4004,54004,lowband_largesig_r00,prps,1474,24,0.186950,-5,0,-5,-0.01308997,-0.75000,prps,0,855
7368,7.368,1,4004,54004,lowband_largesig_r00,prps,1475,25,0.197194,-5,0,-5,-0.01308997,-0.75000,prps,0,859
7388,7.388,1,4004,54004,lowband_largesig_r00,prps,1474,24,0.188237,-5,0,-5,-0.01308997,-0.75000,prps,0,863
7408,7.408,1,4004,54004,lowband_largesig_r00,prps,1470,20,0.159248,-5,0,-5,-0.01308997,-0.75000,prps,0,867
7428,7.428,1,4004,54004,lowband_largesig_r00,prps,1464,14,0.113087,-5,0,-5,-0.01308997,-0.75000,prps,0,871
7448,7.448,1,4004,54004,lowband_largesig_r00,prps,1457,7,0.055929,-5,0,-5,-0.01308997,-0.75000,prps,0,875
7468,7.468,1,4004,54004,lowband_largesig_r00,prps,1450,0,-0.003733,-5,0,-5,-0.01308997,-0.75000,prps,0,879
7488,7.488,1,4004,54004,lowband_largesig_r00,prps,1443,-7,-0.056540,-5,0,-5,-0.01308997,-0.75000,prps,0,883
7508,7.508,1,4004,54004,lowband_largesig_r00,prps,1438,-12,-0.093912,-4,0,-4,-0.01047198,-0.60000,prps,0,887
7528,7.528,1,4004,54004,lowband_largesig_r00,prps,1436,-14,-0.109606,-2,0,-2,-0.00523599,-0.30000,prps,0,891
7548,7.548,1,4004,54004,lowband_largesig_r00,prps,1437,-13,-0.100892,1,0,1,0.00261799,0.15000,prps,0,895
7568,7.568,1,4004,54004,lowband_largesig_r00,prps,1441,-9,-0.069143,3,0,3,0.00785398,0.45000,prps,0,899
7588,7.588,1,4004,54004,lowband_largesig_r00,prps,1447,-3,-0.019699,5,0,5,0.01308997,0.75000,prps,0,903
7608,7.608,1,4004,54004,lowband_largesig_r00,prps,1455,5,0.038956,5,0,5,0.01308997,0.75000,prps,0,907
7628,7.628,1,4004,54004,lowband_largesig_r00,prps,1462,12,0.096586,5,0,5,0.01308997,0.75000,prps,0,911
7648,7.648,1,4004,54004,lowband_largesig_r00,prps,1468,18,0.142915,5,0,5,0.01308997,0.75000,prps,0,915
7668,7.668,1,4004,54004,lowband_largesig_r00,prps,1472,22,0.169359,5,0,5,0.01308997,0.75000,prps,0,919
7688,7.688,1,4004,54004,lowband_largesig_r00,prps,1472,22,0.170461,3,0,3,0.00785398,0.45000,prps,0,923
7708,7.708,1,4004,54004,lowband_largesig_r00,prps,1468,18,0.144779,0,0,0,0.00000000,0.00000,prps,0,927
7728,7.728,1,4004,54004,lowband_largesig_r00,prps,1462,12,0.095060,-3,0,-3,-0.00785398,-0.45000,prps,0,931
7748,7.748,1,4004,54004,lowband_largesig_r00,prps,1454,4,0.027655,-6,0,-6,-0.01570796,-0.90000,prps,0,935
7768,7.768,1,4004,54004,lowband_largesig_r00,prps,1444,-6,-0.048699,-6,0,-6,-0.01570796,-0.90000,prps,0,939
7788,7.788,1,4004,54004,lowband_largesig_r00,prps,1434,-16,-0.124542,-5,0,-5,-0.01308997,-0.75000,prps,0,943
7808,7.808,1,4004,54004,lowband_largesig_r00,prps,1426,-24,-0.191458,-2,0,-2,-0.00523599,-0.30000,prps,0,947
7828,7.828,1,4004,54004,lowband_largesig_r00,prps,1419,-31,-0.243647,2,0,2,0.00523599,0.30000,prps,0,951
7848,7.848,1,4004,54004,lowband_largesig_r00,prps,1415,-35,-0.278993,7,0,7,0.01832596,1.05000,prps,0,955
7868,7.868,1,4004,54004,lowband_largesig_r00,prps,1412,-38,-0.299411,11,0,11,0.02879793,1.65000,prps,0,959
7888,7.888,1,4004,54004,lowband_largesig_r00,prps,1411,-39,-0.310414,15,0,15,0.03926991,2.25000,prps,0,963
7908,7.908,1,4004,54004,lowband_largesig_r00,prps,1409,-41,-0.319946,17,0,17,0.04450589,2.55000,prps,0,967
7928,7.928,1,4004,54004,lowband_largesig_r00,prps,1407,-43,-0.336699,19,0,19,0.04974188,2.85000,prps,0,971
7948,7.948,1,4004,54004,lowband_largesig_r00,prps,1403,-47,-0.368205,20,0,20,0.05235988,3.00000,prps,0,975
7968,7.968,1,4004,54004,lowband_largesig_r00,prps,1397,-53,-0.419074,21,0,21,0.05497787,3.15000,prps,0,979
7988,7.988,1,4004,54004,lowband_largesig_r00,prps,1388,-62,-0.489705,22,0,22,0.05759586,3.30000,prps,0,983
8008,8.008,1,4004,54004,lowband_largesig_r00,prps,1377,-73,-0.575743,25,0,25,0.06544985,3.75000,prps,0,987
8028,8.028,1,4004,54004,lowband_largesig_r00,prps,1365,-85,-0.668416,28,0,28,0.07330382,4.20000,prps,0,991
8048,8.048,1,4004,54004,lowband_largesig_r00,prps,1354,-96,-0.755723,32,0,32,0.08377580,4.80000,prps,0,995
8068,8.068,1,4004,54004,lowband_largesig_r00,prps,1345,-105,-0.824319,37,0,37,0.09686577,5.55000,prps,0,999
8088,8.088,1,4004,54004,lowband_largesig_r00,prps,1341,-109,-0.861769,43,0,43,0.11257374,6.45000,prps,0,1003
8108,8.108,1,4004,54004,lowband_largesig_r00,prps,1341,-109,-0.858799,50,0,50,0.13089970,7.50000,prps,0,1007
8128,8.128,1,4004,54004,lowband_largesig_r00,prps,1347,-103,-0.811137,55,0,55,0.14398966,8.25000,prps,0,1011
8148,8.148,1,4004,54004,lowband_largesig_r00,prps,1358,-92,-0.720616,58,0,58,0.15184364,8.70000,prps,0,1015
8168,8.168,1,4004,54004,lowband_largesig_r00,prps,1374,-76,-0.595292,59,0,59,0.15446164,8.85000,prps,0,1019
8188,8.188,1,4004,54004,lowband_largesig_r00,prps,1393,-57,-0.448540,58,0,58,0.15184364,8.70000,prps,0,1023
8208,8.208,1,4004,54004,lowband_largesig_r00,prps,1412,-38,-0.297225,56,0,56,0.14660765,8.40000,prps,0,1027
8228,8.228,1,4004,54004,lowband_largesig_r00,prps,1430,-20,-0.159222,48,0,48,0.12566370,7.20000,prps,0,1031
8248,8.248,1,4004,54004,lowband_largesig_r00,prps,1444,-6,-0.050691,38,0,38,0.09948376,5.70000,prps,0,1035
8268,8.268,1,4004,54004,lowband_largesig_r00,prps,1452,2,0.016465,26,0,26,0.06806784,3.90000,prps,0,1039
8288,8.288,1,4004,54004,lowband_largesig_r00,prps,1455,5,0.036524,15,0,15,0.03926991,2.25000,prps,0,1043
8308,8.308,1,4004,54004,lowband_largesig_r00,prps,1451,1,0.010918,7,0,7,0.01832596,1.05000,prps,0,1047
8328,8.328,1,4004,54004,lowband_largesig_r00,prps,1443,-7,-0.051914,3,0,3,0.00785398,0.45000,prps,0,1051
8348,8.348,1,4004,54004,lowband_largesig_r00,prps,1433,-17,-0.137792,3,0,3,0.00785398,0.45000,prps,0,1055
8368,8.368,1,4004,54004,lowband_largesig_r00,prps,1421,-29,-0.228995,4,0,4,0.01047198,0.60000,prps,0,1059
8388,8.388,1,4004,54004,lowband_largesig_r00,prps,1411,-39,-0.307037,6,0,6,0.01570796,0.90000,prps,0,1063
8408,8.408,1,4004,54004,lowband_largesig_r00,prps,1405,-45,-0.355586,10,0,10,0.02617994,1.50000,prps,0,1067
8428,8.428,1,4004,54004,lowband_largesig_r00,prps,1404,-46,-0.363041,14,0,14,0.03665191,2.10000,prps,0,1071
8448,8.448,1,4004,54004,lowband_largesig_r00,prps,1409,-41,-0.324354,19,0,19,0.04974188,2.85000,prps,0,1075
8468,8.468,1,4004,54004,lowband_largesig_r00,prps,1419,-31,-0.241798,21,0,21,0.05497787,3.15000,prps,0,1079
8488,8.488,1,4004,54004,lowband_largesig_r00,prps,1434,-16,-0.124563,22,0,22,0.05759586,3.30000,prps,0,1083
8508,8.508,1,4004,54004,lowband_largesig_r00,prps,1452,2,0.012767,21,0,21,0.05497787,3.15000,prps,0,1087
8528,8.528,1,4004,54004,lowband_largesig_r00,prps,1469,19,0.152578,17,0,17,0.04450589,2.55000,prps,0,1091
8548,8.548,1,4004,54004,lowband_largesig_r00,prps,1485,35,0.277071,12,0,12,0.03141592,1.80000,prps,0,1095
8568,8.568,1,4004,54004,lowband_largesig_r00,prps,1497,47,0.371093,4,0,4,0.01047198,0.60000,prps,0,1099
8588,8.588,1,4004,54004,lowband_largesig_r00,prps,1504,54,0.424512,-3,0,-3,-0.00785398,-0.45000,prps,0,1103
8608,8.608,1,4004,54004,lowband_largesig_r00,prps,1505,55,0.433736,-11,0,-11,-0.02879793,-1.65000,prps,0,1107
8628,8.628,1,4004,54004,lowband_largesig_r00,prps,1501,51,0.402155,-19,0,-19,-0.04974188,-2.85000,prps,0,1111
8648,8.648,1,4004,54004,lowband_largesig_r00,prps,1493,43,0.339425,-25,0,-25,-0.06544985,-3.75000,prps,0,1115
8668,8.668,1,4004,54004,lowband_largesig_r00,prps,1483,33,0.259753,-26,0,-26,-0.06806784,-3.90000,prps,0,1119
8688,8.688,1,4004,54004,lowband_largesig_r00,prps,1473,23,0.179450,-26,0,-26,-0.06806784,-3.90000,prps,0,1123
8708,8.708,1,4004,54004,lowband_largesig_r00,prps,1465,15,0.114193,-24,0,-24,-0.06283185,-3.60000,prps,0,1127
8728,8.728,1,4004,54004,lowband_largesig_r00,prps,1460,10,0.076436,-20,0,-20,-0.05235988,-3.00000,prps,0,1131
8748,8.748,1,4004,54004,lowband_largesig_r00,prps,1459,9,0.073399,-17,0,-17,-0.04450589,-2.55000,prps,0,1135
8768,8.768,1,4004,54004,lowband_largesig_r00,prps,1463,13,0.105962,-13,0,-13,-0.03403392,-1.95000,prps,0,1139
8788,8.788,1,4004,54004,lowband_largesig_r00,prps,1471,21,0.168630,-11,0,-11,-0.02879793,-1.65000,prps,0,1143
8808,8.808,1,4004,54004,lowband_largesig_r00,prps,1482,32,0.250557,-10,0,-10,-0.02617994,-1.50000,prps,0,1147
8828,8.828,1,4004,54004,lowband_largesig_r00,prps,1493,43,0.337446,-9,0,-9,-0.02356194,-1.35000,prps,0,1151
8848,8.848,1,4004,54004,lowband_largesig_r00,prps,1503,53,0.413995,-10,0,-10,-0.02617994,-1.50000,prps,0,1155
8868,8.868,1,4004,54004,lowband_largesig_r00,prps,1509,59,0.466484,-14,0,-14,-0.03665191,-2.10000,prps,0,1159
8888,8.888,1,4004,54004,lowband_largesig_r00,prps,1512,62,0.485066,-19,0,-19,-0.04974188,-2.85000,prps,0,1163
8908,8.908,1,4004,54004,lowband_largesig_r00,prps,1509,59,0.465408,-24,0,-24,-0.06283185,-3.60000,prps,0,1167
8928,8.928,1,4004,54004,lowband_largesig_r00,prps,1502,52,0.409420,-28,0,-28,-0.07330382,-4.20000,prps,0,1171
8948,8.948,1,4004,54004,lowband_largesig_r00,prps,1491,41,0.324974,-28,0,-28,-0.07330382,-4.20000,prps,0,1175
8968,8.968,1,4004,54004,lowband_largesig_r00,prps,1479,29,0.224684,-28,0,-28,-0.07330382,-4.20000,prps,0,1179
8988,8.988,1,4004,54004,lowband_largesig_r00,prps,1466,16,0.123961,-27,0,-27,-0.07068583,-4.05000,prps,0,1183
9008,9.008,1,4004,54004,lowband_largesig_r00,prps,1455,5,0.038671,-24,0,-24,-0.06283185,-3.60000,prps,0,1187
9028,9.028,1,4004,54004,lowband_largesig_r00,prps,1448,-2,-0.017216,-19,0,-19,-0.04974188,-2.85000,prps,0,1191
9048,9.048,1,4004,54004,lowband_largesig_r00,prps,1446,-4,-0.033641,-13,0,-13,-0.03403392,-1.95000,prps,0,1195
9068,9.068,1,4004,54004,lowband_largesig_r00,prps,1449,-1,-0.005813,-8,0,-8,-0.02094395,-1.20000,prps,0,1199
9088,9.088,1,4004,54004,lowband_largesig_r00,prps,1458,8,0.065244,-4,0,-4,-0.01047198,-0.60000,prps,0,1203
9108,9.108,1,4004,54004,lowband_largesig_r00,prps,1472,22,0.173019,0,0,0,0.00000000,0.00000,prps,0,1207
9128,9.128,1,4004,54004,lowband_largesig_r00,prps,1489,39,0.306589,0,0,0,0.00000000,0.00000,prps,0,1211
9148,9.148,1,4004,54004,lowband_largesig_r00,prps,1507,57,0.452247,-2,0,-2,-0.00523599,-0.30000,prps,0,1215
9168,9.168,1,4004,54004,lowband_largesig_r00,prps,1526,76,0.595392,-8,0,-8,-0.02094395,-1.20000,prps,0,1219
9188,9.188,1,4004,54004,lowband_largesig_r00,prps,1542,92,0.722369,-17,0,-17,-0.04450589,-2.55000,prps,0,1223
9208,9.208,1,4004,54004,lowband_largesig_r00,prps,1554,104,0.822001,-28,0,-28,-0.07330382,-4.20000,prps,0,1227
9228,9.228,1,4004,54004,lowband_largesig_r00,prps,1563,113,0.886608,-38,0,-38,-0.09948376,-5.70000,prps,0,1231
9248,9.248,1,4004,54004,lowband_largesig_r00,prps,1566,116,0.912426,-47,0,-47,-0.12304571,-7.05000,prps,0,1235
9268,9.268,1,4004,54004,lowband_largesig_r00,prps,1564,114,0.899454,-56,0,-56,-0.14660765,-8.40000,prps,0,1239
9288,9.288,1,4004,54004,lowband_largesig_r00,prps,1558,108,0.850829,-61,0,-61,-0.15969762,-9.15000,prps,0,1243
9308,9.308,1,4004,54004,lowband_largesig_r00,prps,1548,98,0.771920,-62,0,-62,-0.16231562,-9.30000,prps,0,1247
9328,9.328,1,4004,54004,lowband_largesig_r00,prps,1535,85,0.669343,-62,0,-62,-0.16231562,-9.30000,prps,0,1251
9348,9.348,1,4004,54004,lowband_largesig_r00,prps,1520,70,0.550085,-61,0,-61,-0.15969762,-9.15000,prps,0,1255
9368,9.368,1,4004,54004,lowband_largesig_r00,prps,1503,53,0.420876,-57,0,-57,-0.14922565,-8.55000,prps,0,1259
9388,9.388,1,4004,54004,lowband_largesig_r00,prps,1487,37,0.287858,-51,0,-51,-0.13351768,-7.65000,prps,0,1263
9408,9.408,1,4004,54004,lowband_largesig_r00,prps,1470,20,0.156540,-43,0,-43,-0.11257374,-6.45000,prps,0,1267
9428,9.428,1,4004,54004,lowband_largesig_r00,prps,1454,4,0.031954,-35,0,-35,-0.09162979,-5.25000,prps,0,1271
9448,9.448,1,4004,54004,lowband_largesig_r00,prps,1440,-10,-0.081140,-25,0,-25,-0.06544985,-3.75000,prps,0,1275
9468,9.468,1,4004,54004,lowband_largesig_r00,prps,1427,-23,-0.178115,-15,0,-15,-0.03926991,-2.25000,prps,0,1279
9488,9.488,1,4004,54004,lowband_largesig_r00,prps,1418,-32,-0.254523,-5,0,-5,-0.01308997,-0.75000,prps,0,1283
9508,9.508,1,4004,54004,lowband_largesig_r00,prps,1411,-39,-0.306393,4,0,4,0.01047198,0.60000,prps,0,1287
9528,9.528,1,4004,54004,lowband_largesig_r00,prps,1408,-42,-0.330737,12,0,12,0.03141592,1.80000,prps,0,1291
9548,9.548,1,4004,54004,lowband_largesig_r00,prps,1409,-41,-0.326192,18,0,18,0.04712389,2.70000,prps,0,1295
9568,9.568,1,4004,54004,lowband_largesig_r00,prps,1413,-37,-0.293649,21,0,21,0.05497787,3.15000,prps,0,1299
9588,9.588,1,4004,54004,lowband_largesig_r00,prps,1420,-30,-0.236695,22,0,22,0.05759586,3.30000,prps,0,1303
9608,9.608,1,4004,54004,lowband_largesig_r00,prps,1429,-21,-0.161705,22,0,22,0.05759586,3.30000,prps,0,1307
9628,9.628,1,4004,54004,lowband_largesig_r00,prps,1440,-10,-0.077499,21,0,21,0.05497787,3.15000,prps,0,1311
9648,9.648,1,4004,54004,lowband_largesig_r00,prps,1451,1,0.005488,17,0,17,0.04450589,2.55000,prps,0,1315
9668,9.668,1,4004,54004,lowband_largesig_r00,prps,1460,10,0.076439,13,0,13,0.03403392,1.95000,prps,0,1319
9688,9.688,1,4004,54004,lowband_largesig_r00,prps,1466,16,0.125632,10,0,10,0.02617994,1.50000,prps,0,1323
9708,9.708,1,4004,54004,lowband_largesig_r00,prps,1469,19,0.145948,6,0,6,0.01570796,0.90000,prps,0,1327
9728,9.728,1,4004,54004,lowband_largesig_r00,prps,1467,17,0.134133,3,0,3,0.00785398,0.45000,prps,0,1331
9748,9.748,1,4004,54004,lowband_largesig_r00,prps,1462,12,0.091592,0,0,0,0.00000000,0.00000,prps,0,1335
9768,9.768,1,4004,54004,lowband_largesig_r00,prps,1453,3,0.024519,-2,0,-2,-0.00523599,-0.30000,prps,0,1339
9788,9.788,1,4004,54004,lowband_largesig_r00,prps,1443,-7,-0.056704,-1,0,-1,-0.00261799,-0.15000,prps,0,1343
9808,9.808,1,4004,54004,lowband_largesig_r00,prps,1432,-18,-0.138817,-1,0,-1,-0.00261799,-0.15000,prps,0,1347
9828,9.828,1,4004,54004,lowband_largesig_r00,prps,1424,-26,-0.207512,0,0,0,0.00000000,0.00000,prps,0,1351
9848,9.848,1,4004,54004,lowband_largesig_r00,prps,1418,-32,-0.249544,4,0,4,0.01047198,0.60000,prps,0,1355
9868,9.868,1,4004,54004,lowband_largesig_r00,prps,1418,-32,-0.254785,8,0,8,0.02094395,1.20000,prps,0,1359
9888,9.888,1,4004,54004,lowband_largesig_r00,prps,1422,-28,-0.217898,12,0,12,0.03141592,1.80000,prps,0,1363
9908,9.908,1,4004,54004,lowband_largesig_r00,prps,1432,-18,-0.139343,14,0,14,0.03665191,2.10000,prps,0,1367
9928,9.928,1,4004,54004,lowband_largesig_r00,prps,1447,-3,-0.025537,15,0,15,0.03926991,2.25000,prps,0,1371
9948,9.948,1,4004,54004,lowband_largesig_r00,prps,1464,14,0.111885,15,0,15,0.03926991,2.25000,prps,0,1375
9968,9.968,1,4004,54004,lowband_largesig_r00,prps,1483,33,0.257610,13,0,13,0.03403392,1.95000,prps,0,1379
9988,9.988,1,4004,54004,lowband_largesig_r00,prps,1500,50,0.394763,7,0,7,0.01832596,1.05000,prps,0,1383
10008,10.008,1,4004,54004,lowband_largesig_r00,prps,1514,64,0.507262,-1,0,-1,-0.00261799,-0.15000,prps,0,1387
10028,10.028,1,4004,54004,lowband_largesig_r00,prps,1524,74,0.582058,-11,0,-11,-0.02879793,-1.65000,prps,0,1391
10048,10.048,1,4004,54004,lowband_largesig_r00,prps,1528,78,0.610893,-22,0,-22,-0.05759586,-3.30000,prps,0,1395
10068,10.068,1,4004,54004,lowband_largesig_r00,prps,1525,75,0.591309,-31,0,-31,-0.08115781,-4.65000,prps,0,1399
10088,10.088,1,4004,54004,lowband_largesig_r00,prps,1517,67,0.526752,-38,0,-38,-0.09948376,-5.70000,prps,0,1403
10108,10.108,1,4004,54004,lowband_largesig_r00,prps,1504,54,0.425779,-40,0,-40,-0.10471976,-6.00000,prps,0,1407
10128,10.128,1,4004,54004,lowband_largesig_r00,prps,1488,38,0.300503,-39,0,-39,-0.10210176,-5.85000,prps,0,1411
10148,10.148,1,4004,54004,lowband_largesig_r00,prps,1471,21,0.164570,-37,0,-37,-0.09686577,-5.55000,prps,0,1415
10168,10.168,1,4004,54004,lowband_largesig_r00,prps,1454,4,0.031003,-31,0,-31,-0.08115781,-4.65000,prps,0,1419
10188,10.188,1,4004,54004,lowband_largesig_r00,prps,1439,-11,-0.089712,-24,0,-24,-0.06283185,-3.60000,prps,0,1423
10208,10.208,1,4004,54004,lowband_largesig_r00,prps,1426,-24,-0.190971,-15,0,-15,-0.03926991,-2.25000,prps,0,1427
10228,10.228,1,4004,54004,lowband_largesig_r00,prps,1416,-34,-0.270634,-6,0,-6,-0.01570796,-0.90000,prps,0,1431
10248,10.248,1,4004,54004,lowband_largesig_r00,prps,1408,-42,-0.330741,3,0,3,0.00785398,0.45000,prps,0,1435
10268,10.268,1,4004,54004,lowband_largesig_r00,prps,1402,-48,-0.376472,12,0,12,0.03141592,1.80000,prps,0,1439
10288,10.288,1,4004,54004,lowband_largesig_r00,prps,1397,-53,-0.414540,19,0,19,0.04974188,2.85000,prps,0,1443
10308,10.308,1,4004,54004,lowband_largesig_r00,prps,1393,-57,-0.451363,23,0,23,0.06021386,3.45000,prps,0,1447
10328,10.328,1,4004,54004,lowband_largesig_r00,prps,1388,-62,-0.491358,26,0,26,0.06806784,3.90000,prps,0,1451
10348,10.348,1,4004,54004,lowband_largesig_r00,prps,1382,-68,-0.535689,28,0,28,0.07330382,4.20000,prps,0,1455
10368,10.368,1,4004,54004,lowband_largesig_r00,prps,1376,-74,-0.581736,30,0,30,0.07853982,4.50000,prps,0,1459
10388,10.388,1,4004,54004,lowband_largesig_r00,prps,1371,-79,-0.623386,31,0,31,0.08115781,4.65000,prps,0,1463
10408,10.408,1,4004,54004,lowband_largesig_r00,prps,1367,-83,-0.652120,33,0,33,0.08639380,4.95000,prps,0,1467
10428,10.428,1,4004,54004,lowband_largesig_r00,prps,1366,-84,-0.658700,36,0,36,0.09424778,5.40000,prps,0,1471
10448,10.448,1,4004,54004,lowband_largesig_r00,prps,1369,-81,-0.635148,39,0,39,0.10210176,5.85000,prps,0,1475
10468,10.468,1,4004,54004,lowband_largesig_r00,prps,1377,-73,-0.576664,40,0,40,0.10471976,6.00000,prps,0,1479
10488,10.488,1,4004,54004,lowband_largesig_r00,prps,1389,-61,-0.483086,42,0,42,0.10995574,6.30000,prps,0,1483
10508,10.508,1,4004,54004,lowband_largesig_r00,prps,1404,-46,-0.359615,42,0,42,0.10995574,6.30000,prps,0,1487
10528,10.528,1,4004,54004,lowband_largesig_r00,prps,1422,-28,-0.216625,41,0,41,0.10733775,6.15000,prps,0,1491
10548,10.548,1,4004,54004,lowband_largesig_r00,prps,1441,-9,-0.068530,36,0,36,0.09424778,5.40000,prps,0,1495
10568,10.568,1,4004,54004,lowband_largesig_r00,prps,1459,9,0.068116,28,0,28,0.07330382,4.20000,prps,0,1499
10588,10.588,1,4004,54004,lowband_largesig_r00,prps,1472,22,0.177014,19,0,19,0.04974188,2.85000,prps,0,1503
10608,10.608,1,4004,54004,lowband_largesig_r00,prps,1481,31,0.244608,9,0,9,0.02356194,1.35000,prps,0,1507
10628,10.628,1,4004,54004,lowband_largesig_r00,prps,1483,33,0.262245,0,0,0,0.00000000,0.00000,prps,0,1511
10648,10.648,1,4004,54004,lowband_largesig_r00,prps,1479,29,0.227640,-7,0,-7,-0.01832596,-1.05000,prps,0,1515
10668,10.668,1,4004,54004,lowband_largesig_r00,prps,1468,18,0.145365,-13,0,-13,-0.03403392,-1.95000,prps,0,1519
10688,10.688,1,4004,54004,lowband_largesig_r00,prps,1453,3,0.026278,-15,0,-15,-0.03926991,-2.25000,prps,0,1523
10708,10.708,1,4004,54004,lowband_largesig_r00,prps,1436,-14,-0.114067,-13,0,-13,-0.03403392,-1.95000,prps,0,1527
10728,10.728,1,4004,54004,lowband_largesig_r00,prps,1417,-33,-0.257757,-10,0,-10,-0.02617994,-1.50000,prps,0,1531
10748,10.748,1,4004,54004,lowband_largesig_r00,prps,1401,-49,-0.387256,-2,0,-2,-0.00523599,-0.30000,prps,0,1535
10768,10.768,1,4004,54004,lowband_largesig_r00,prps,1388,-62,-0.488071,7,0,7,0.01832596,1.05000,prps,0,1539
10788,10.788,1,4004,54004,lowband_largesig_r00,prps,1380,-70,-0.550932,17,0,17,0.04450589,2.55000,prps,0,1543
10808,10.808,1,4004,54004,lowband_largesig_r00,prps,1377,-73,-0.573111,25,0,25,0.06544985,3.75000,prps,0,1547
10828,10.828,1,4004,54004,lowband_largesig_r00,prps,1379,-71,-0.558658,31,0,31,0.08115781,4.65000,prps,0,1551
10848,10.848,1,4004,54004,lowband_largesig_r00,prps,1384,-66,-0.517529,36,0,36,0.09424778,5.40000,prps,0,1555
10868,10.868,1,4004,54004,lowband_largesig_r00,prps,1391,-59,-0.463725,37,0,37,0.09686577,5.55000,prps,0,1559
10888,10.888,1,4004,54004,lowband_largesig_r00,prps,1398,-52,-0.412781,37,0,37,0.09686577,5.55000,prps,0,1563
10908,10.908,1,4004,54004,lowband_largesig_r00,prps,1402,-48,-0.378996,37,0,37,0.09686577,5.55000,prps,0,1567
10928,10.928,1,4004,54004,lowband_largesig_r00,prps,1403,-47,-0.372888,37,0,37,0.09686577,5.55000,prps,0,1571
10948,10.948,1,4004,54004,lowband_largesig_r00,prps,1399,-51,-0.399294,35,0,35,0.09162979,5.25000,prps,0,1575
10968,10.968,1,4004,54004,lowband_largesig_r00,prps,1392,-58,-0.456422,32,0,32,0.08377580,4.80000,prps,0,1579
10988,10.988,1,4004,54004,lowband_largesig_r00,prps,1382,-68,-0.536039,31,0,31,0.08115781,4.65000,prps,0,1583
11008,11.008,1,4004,54004,lowband_largesig_r00,prps,1371,-79,-0.624737,32,0,32,0.08377580,4.80000,prps,0,1587
11028,11.028,1,4004,54004,lowband_largesig_r00,prps,1360,-90,-0.706095,34,0,34,0.08901179,5.10000,prps,0,1591
11048,11.048,1,4004,54004,lowband_largesig_r00,prps,1353,-97,-0.763358,37,0,37,0.09686577,5.55000,prps,0,1595
11068,11.068,1,4004,54004,lowband_largesig_r00,prps,1351,-99,-0.782205,41,0,41,0.10733775,6.15000,prps,0,1599
11088,11.088,1,4004,54004,lowband_largesig_r00,prps,1354,-96,-0.753151,46,0,46,0.12042772,6.90000,prps,0,1603
11108,11.108,1,4004,54004,lowband_largesig_r00,prps,1365,-85,-0.673184,51,0,51,0.13351768,7.65000,prps,0,1607
11128,11.128,1,4004,54004,lowband_largesig_r00,prps,1381,-69,-0.546386,54,0,54,0.14137166,8.10000,prps,0,1611
11148,11.148,1,4004,54004,lowband_largesig_r00,prps,1401,-49,-0.383432,55,0,55,0.14398966,8.25000,prps,0,1615
11168,11.168,1,4004,54004,lowband_largesig_r00,prps,1425,-25,-0.200060,52,0,52,0.13613568,7.80000,prps,0,1619
11188,11.188,1,4004,54004,lowband_largesig_r00,prps,1448,-2,-0.014775,43,0,43,0.11257374,6.45000,prps,0,1623
11208,11.208,1,4004,54004,lowband_largesig_r00,prps,1470,20,0.153857,31,0,31,0.08115781,4.65000,prps,0,1627
11228,11.228,1,4004,54004,lowband_largesig_r00,prps,1487,37,0.289877,18,0,18,0.04712389,2.70000,prps,0,1631
11248,11.248,1,4004,54004,lowband_largesig_r00,prps,1499,49,0.382155,4,0,4,0.01047198,0.60000,prps,0,1635
11268,11.268,1,4004,54004,lowband_largesig_r00,prps,1504,54,0.425819,-7,0,-7,-0.01832596,-1.05000,prps,0,1639
11288,11.288,1,4004,54004,lowband_largesig_r00,prps,1504,54,0.422716,-18,0,-18,-0.04712389,-2.70000,prps,0,1643
11308,11.308,1,4004,54004,lowband_largesig_r00,prps,1498,48,0.380838,-24,0,-24,-0.06283185,-3.60000,prps,0,1647
11328,11.328,1,4004,54004,lowband_largesig_r00,prps,1490,40,0.312865,-26,0,-26,-0.06806784,-3.90000,prps,0,1651
11348,11.348,1,4004,54004,lowband_largesig_r00,prps,1480,30,0.234086,-26,0,-26,-0.06806784,-3.90000,prps,0,1655
11368,11.368,1,4004,54004,lowband_largesig_r00,prps,1470,20,0.160038,-25,0,-25,-0.06544985,-3.75000,prps,0,1659
11388,11.388,1,4004,54004,lowband_largesig_r00,prps,1463,13,0.104269,-23,0,-23,-0.06021386,-3.45000,prps,0,1663
11408,11.408,1,4004,54004,lowband_largesig_r00,prps,1460,10,0.076545,-20,0,-20,-0.05235988,-3.00000,prps,0,1667
11428,11.428,1,4004,54004,lowband_largesig_r00,prps,1460,10,0.081769,-16,0,-16,-0.04188790,-2.40000,prps,0,1671
11448,11.448,1,4004,54004,lowband_largesig_r00,prps,1465,15,0.119721,-13,0,-13,-0.03403392,-1.95000,prps,0,1675
11468,11.468,1,4004,54004,lowband_largesig_r00,prps,1474,24,0.185613,-11,0,-11,-0.02879793,-1.65000,prps,0,1679
11488,11.488,1,4004,54004,lowband_largesig_r00,prps,1484,34,0.271285,-10,0,-10,-0.02617994,-1.50000,prps,0,1683
11508,11.508,1,4004,54004,lowband_largesig_r00,prps,1497,47,0.366810,-10,0,-10,-0.02617994,-1.50000,prps,0,1687
11528,11.528,1,4004,54004,lowband_largesig_r00,prps,1509,59,0.462198,-11,0,-11,-0.02879793,-1.65000,prps,0,1691
11548,11.548,1,4004,54004,lowband_largesig_r00,prps,1520,70,0.548907,-15,0,-15,-0.03926991,-2.25000,prps,0,1695
11568,11.568,1,4004,54004,lowband_largesig_r00,prps,1529,79,0.620921,-22,0,-22,-0.05759586,-3.30000,prps,0,1699
11588,11.588,1,4004,54004,lowband_largesig_r00,prps,1536,86,0.675263,-28,0,-28,-0.07330382,-4.20000,prps,0,1703
11608,11.608,1,4004,54004,lowband_largesig_r00,prps,1540,90,0.711894,-35,0,-35,-0.09162979,-5.25000,prps,0,1707
11628,11.628,1,4004,54004,lowband_largesig_r00,prps,1543,93,0.733105,-41,0,-41,-0.10733775,-6.15000,prps,0,1711
11648,11.648,1,4004,54004,lowband_largesig_r00,prps,1544,94,0.742549,-45,0,-45,-0.11780972,-6.75000,prps,0,1715
11668,11.668,1,4004,54004,lowband_largesig_r00,prps,1545,95,0.744156,-48,0,-48,-0.12566370,-7.20000,prps,0,1719
11688,11.688,1,4004,54004,lowband_largesig_r00,prps,1544,94,0.741139,-50,0,-50,-0.13089970,-7.50000,prps,0,1723
11708,11.708,1,4004,54004,lowband_largesig_r00,prps,1543,93,0.735292,-51,0,-51,-0.13351768,-7.65000,prps,0,1727
11728,11.728,1,4004,54004,lowband_largesig_r00,prps,1542,92,0.726694,-51,0,-51,-0.13351768,-7.65000,prps,0,1731
11748,11.748,1,4004,54004,lowband_largesig_r00,prps,1541,91,0.713840,-51,0,-51,-0.13351768,-7.65000,prps,0,1735
11768,11.768,1,4004,54004,lowband_largesig_r00,prps,1538,88,0.694146,-51,0,-51,-0.13351768,-7.65000,prps,0,1739
11788,11.788,1,4004,54004,lowband_largesig_r00,prps,1534,84,0.664676,-51,0,-51,-0.13351768,-7.65000,prps,0,1743
11808,11.808,1,4004,54004,lowband_largesig_r00,prps,1529,79,0.622930,-51,0,-51,-0.13351768,-7.65000,prps,0,1747
11828,11.828,1,4004,54004,lowband_largesig_r00,prps,1522,72,0.567507,-50,0,-50,-0.13089970,-7.50000,prps,0,1751
11848,11.848,1,4004,54004,lowband_largesig_r00,prps,1513,63,0.498496,-49,0,-49,-0.12828170,-7.35000,prps,0,1755
11868,11.868,1,4004,54004,lowband_largesig_r00,prps,1503,53,0.417526,-48,0,-48,-0.12566370,-7.20000,prps,0,1759
11888,11.888,1,4004,54004,lowband_largesig_r00,prps,1492,42,0.327478,-44,0,-44,-0.11519173,-6.60000,prps,0,1763
11908,11.908,1,4004,54004,lowband_largesig_r00,prps,1479,29,0.231923,-39,0,-39,-0.10210176,-5.85000,prps,0,1767
11928,11.928,1,4004,54004,lowband_largesig_r00,prps,1467,17,0.134448,-34,0,-34,-0.08901179,-5.10000,prps,0,1771
11948,11.948,1,4004,54004,lowband_largesig_r00,prps,1455,5,0.038021,-27,0,-27,-0.07068583,-4.05000,prps,0,1775
11968,11.968,1,4004,54004,lowband_largesig_r00,prps,1443,-7,-0.055445,-20,0,-20,-0.05235988,-3.00000,prps,0,1779
11988,11.988,1,4004,54004,lowband_largesig_r00,prps,1432,-18,-0.145211,-13,0,-13,-0.03403392,-1.95000,prps,0,1783
12008,12.008,1,4004,54004,lowband_largesig_r00,prps,1421,-29,-0.231476,-6,0,-6,-0.01570796,-0.90000,prps,0,1787
12028,12.028,1,4004,54004,lowband_largesig_r00,prps,1410,-40,-0.314834,1,0,1,0.00261799,0.15000,prps,0,1791
12048,12.048,1,4004,54004,lowband_largesig_r00,prps,1400,-50,-0.395533,8,0,8,0.02094395,1.20000,prps,0,1795
12068,12.068,1,4004,54004,lowband_largesig_r00,prps,1390,-60,-0.472722,15,0,15,0.03926991,2.25000,prps,0,1799
12088,12.088,1,4004,54004,lowband_largesig_r00,prps,1381,-69,-0.543874,21,0,21,0.05497787,3.15000,prps,0,1803
12108,12.108,1,4004,54004,lowband_largesig_r00,prps,1373,-77,-0.604563,25,0,25,0.06544985,3.75000,prps,0,1807
12128,12.128,1,4004,54004,lowband_largesig_r00,prps,1368,-82,-0.648709,29,0,29,0.07592182,4.35000,prps,0,1811
12148,12.148,1,4004,54004,lowband_largesig_r00,prps,1365,-85,-0.669300,34,0,34,0.08901179,5.10000,prps,0,1815
12168,12.168,1,4004,54004,lowband_largesig_r00,prps,1366,-84,-0.659538,38,0,38,0.09948376,5.70000,prps,0,1819
12188,12.188,1,4004,54004,lowband_largesig_r00,prps,1372,-78,-0.614205,41,0,41,0.10733775,6.15000,prps,0,1823
12208,12.208,1,4004,54004,lowband_largesig_r00,prps,1383,-67,-0.531032,44,0,44,0.11519173,6.60000,prps,0,1827
12228,12.228,1,4004,54004,lowband_largesig_r00,prps,1398,-52,-0.411779,44,0,44,0.11519173,6.60000,prps,0,1831
12248,12.248,1,4004,54004,lowband_largesig_r00,prps,1417,-33,-0.262801,43,0,43,0.11257374,6.45000,prps,0,1835
12268,12.268,1,4004,54004,lowband_largesig_r00,prps,1438,-12,-0.094914,40,0,40,0.10471976,6.00000,prps,0,1839
12288,12.288,1,4004,54004,lowband_largesig_r00,prps,1460,10,0.077496,31,0,31,0.08115781,4.65000,prps,0,1843
12308,12.308,1,4004,54004,lowband_largesig_r00,prps,1480,30,0.238062,21,0,21,0.05497787,3.15000,prps,0,1847
12328,12.328,1,4004,54004,lowband_largesig_r00,prps,1497,47,0.370503,10,0,10,0.02617994,1.50000,prps,0,1851
12348,12.348,1,4004,54004,lowband_largesig_r00,prps,1509,59,0.460905,-1,0,-1,-0.00261799,-0.15000,prps,0,1855
12368,12.368,1,4004,54004,lowband_largesig_r00,prps,1513,63,0.499827,-11,0,-11,-0.02879793,-1.65000,prps,0,1859
12388,12.388,1,4004,54004,lowband_largesig_r00,prps,1511,61,0.483904,-21,0,-21,-0.05497787,-3.15000,prps,0,1863
12408,12.408,1,4004,54004,lowband_largesig_r00,prps,1503,53,0.416638,-28,0,-28,-0.07330382,-4.20000,prps,0,1867
12428,12.428,1,4004,54004,lowband_largesig_r00,prps,1489,39,0.308221,-32,0,-32,-0.08377580,-4.80000,prps,0,1871
12448,12.448,1,4004,54004,lowband_largesig_r00,prps,1472,22,0.174352,-32,0,-32,-0.08377580,-4.80000,prps,0,1875
12468,12.468,1,4004,54004,lowband_largesig_r00,prps,1454,4,0.034192,-29,0,-29,-0.07592182,-4.35000,prps,0,1879
12488,12.488,1,4004,54004,lowband_largesig_r00,prps,1438,-12,-0.092253,-23,0,-23,-0.06021386,-3.45000,prps,0,1883
12508,12.508,1,4004,54004,lowband_largesig_r00,prps,1426,-24,-0.186954,-14,0,-14,-0.03665191,-2.10000,prps,0,1887
12528,12.528,1,4004,54004,lowband_largesig_r00,prps,1420,-30,-0.236432,-6,0,-6,-0.01570796,-0.90000,prps,0,1891
12548,12.548,1,4004,54004,lowband_largesig_r00,prps,1420,-30,-0.233704,3,0,3,0.00785398,0.45000,prps,0,1895
12568,12.568,1,4004,54004,lowband_largesig_r00,prps,1427,-23,-0.179279,10,0,10,0.02617994,1.50000,prps,0,1899
12588,12.588,1,4004,54004,lowband_largesig_r00,prps,1440,-10,-0.081049,12,0,12,0.03141592,1.80000,prps,0,1903
12608,12.608,1,4004,54004,lowband_largesig_r00,prps,1456,6,0.046917,12,0,12,0.03141592,1.80000,prps,0,1907
12628,12.628,1,4004,54004,lowband_largesig_r00,prps,1474,24,0.186487,12,0,12,0.03141592,1.80000,prps,0,1911
12648,12.648,1,4004,54004,lowband_largesig_r00,prps,1490,40,0.318159,9,0,9,0.02356194,1.35000,prps,0,1915
12668,12.668,1,4004,54004,lowband_largesig_r00,prps,1504,54,0.423912,2,0,2,0.00523599,0.30000,prps,0,1919
12688,12.688,1,4004,54004,lowband_largesig_r00,prps,1512,62,0.489760,-6,0,-6,-0.01570796,-0.90000,prps,0,1923
12708,12.708,1,4004,54004,lowband_largesig_r00,prps,1514,64,0.507631,-15,0,-15,-0.03926991,-2.25000,prps,0,1927
12728,12.728,1,4004,54004,lowband_largesig_r00,prps,1510,60,0.476270,-24,0,-24,-0.06283185,-3.60000,prps,0,1931
12748,12.748,1,4004,54004,lowband_largesig_r00,prps,1501,51,0.401075,-30,0,-30,-0.07853982,-4.50000,prps,0,1935
12768,12.768,1,4004,54004,lowband_largesig_r00,prps,1487,37,0.292893,-32,0,-32,-0.08377580,-4.80000,prps,0,1939
12788,12.788,1,4004,54004,lowband_largesig_r00,prps,1471,21,0.166037,-31,0,-31,-0.08115781,-4.65000,prps,0,1943
12808,12.808,1,4004,54004,lowband_largesig_r00,prps,1455,5,0.035851,-28,0,-28,-0.07330382,-4.20000,prps,0,1947
12828,12.828,1,4004,54004,lowband_largesig_r00,prps,1439,-11,-0.083747,-21,0,-21,-0.05497787,-3.15000,prps,0,1951
12848,12.848,1,4004,54004,lowband_largesig_r00,prps,1427,-23,-0.182327,-14,0,-14,-0.03665191,-2.10000,prps,0,1955
12868,12.868,1,4004,54004,lowband_largesig_r00,prps,1418,-32,-0.254300,-6,0,-6,-0.01570796,-0.90000,prps,0,1959
12888,12.888,1,4004,54004,lowband_largesig_r00,prps,1412,-38,-0.299335,3,0,3,0.00785398,0.45000,prps,0,1963
12908,12.908,1,4004,54004,lowband_largesig_r00,prps,1409,-41,-0.321833,11,0,11,0.02879793,1.65000,prps,0,1967
12928,12.928,1,4004,54004,lowband_largesig_r00,prps,1408,-42,-0.329564,16,0,16,0.04188790,2.40000,prps,0,1971
12948,12.948,1,4004,54004,lowband_largesig_r00,prps,1408,-42,-0.331773,19,0,19,0.04974188,2.85000,prps,0,1975
12968,12.968,1,4004,54004,lowband_largesig_r00,prps,1407,-43,-0.337099,20,0,20,0.05235988,3.00000,prps,0,1979
12988,12.988,1,4004,54004,lowband_largesig_r00,prps,1405,-45,-0.351718,21,0,21,0.05497787,3.15000,prps,0,1983
13008,13.008,1,4004,54004,lowband_largesig_r00,prps,1402,-48,-0.378043,21,0,21,0.05497787,3.15000,prps,0,1987
13028,13.028,1,4004,54004,lowband_largesig_r00,prps,1397,-53,-0.414230,22,0,22,0.05759586,3.30000,prps,0,1991
13048,13.048,1,4004,54004,lowband_largesig_r00,prps,1392,-58,-0.454582,24,0,24,0.06283185,3.60000,prps,0,1995
13068,13.068,1,4004,54004,lowband_largesig_r00,prps,1388,-62,-0.490748,24,0,24,0.06283185,3.60000,prps,0,1999
13088,13.088,1,4004,54004,lowband_largesig_r00,prps,1385,-65,-0.513521,26,0,26,0.06806784,3.90000,prps,0,2003
13108,13.108,1,4004,54004,lowband_largesig_r00,prps,1385,-65,-0.514871,27,0,27,0.07068583,4.05000,prps,0,2007
13128,13.128,1,4004,54004,lowband_largesig_r00,prps,1388,-62,-0.489823,29,0,29,0.07592182,4.35000,prps,0,2011
13148,13.148,1,4004,54004,lowband_largesig_r00,prps,1394,-56,-0.437831,31,0,31,0.08115781,4.65000,prps,0,2015
13168,13.168,1,4004,54004,lowband_largesig_r00,prps,1404,-46,-0.363347,32,0,32,0.08377580,4.80000,prps,0,2019
13188,13.188,1,4004,54004,lowband_largesig_r00,prps,1415,-35,-0.275465,32,0,32,0.08377580,4.80000,prps,0,2023
13208,13.208,1,4004,54004,lowband_largesig_r00,prps,1426,-24,-0.186652,30,0,30,0.07853982,4.50000,prps,0,2027
13228,13.228,1,4004,54004,lowband_largesig_r00,prps,1436,-14,-0.110774,27,0,27,0.07068583,4.05000,prps,0,2031
13248,13.248,1,4004,54004,lowband_largesig_r00,prps,1442,-8,-0.060743,21,0,21,0.05497787,3.15000,prps,0,2035
13268,13.268,1,4004,54004,lowband_largesig_r00,prps,1444,-6,-0.046172,15,0,15,0.03926991,2.25000,prps,0,2039
13288,13.288,1,4004,54004,lowband_largesig_r00,prps,1441,-9,-0.071479,11,0,11,0.02879793,1.65000,prps,0,2043
13308,13.308,1,4004,54004,lowband_largesig_r00,prps,1433,-17,-0.134764,9,0,9,0.02356194,1.35000,prps,0,2047
13328,13.328,1,4004,54004,lowband_largesig_r00,prps,1421,-29,-0.227687,8,0,8,0.02094395,1.20000,prps,0,2051
13348,13.348,1,4004,54004,lowband_largesig_r00,prps,1407,-43,-0.336417,9,0,9,0.02356194,1.35000,prps,0,2055
13368,13.368,1,4004,54004,lowband_largesig_r00,prps,1394,-56,-0.443501,11,0,11,0.02879793,1.65000,prps,0,2059
13388,13.388,1,4004,54004,lowband_largesig_r00,prps,1383,-67,-0.530401,16,0,16,0.04188790,2.40000,prps,0,2063
13408,13.408,1,4004,54004,lowband_largesig_r00,prps,1376,-74,-0.580281,22,0,22,0.05759586,3.30000,prps,0,2067
13428,13.428,1,4004,54004,lowband_largesig_r00,prps,1376,-74,-0.580608,27,0,27,0.07068583,4.05000,prps,0,2071
13448,13.448,1,4004,54004,lowband_largesig_r00,prps,1383,-67,-0.525148,32,0,32,0.08377580,4.80000,prps,0,2075
13468,13.468,1,4004,54004,lowband_largesig_r00,prps,1397,-53,-0.415028,36,0,36,0.09424778,5.40000,prps,0,2079
13488,13.488,1,4004,54004,lowband_largesig_r00,prps,1417,-33,-0.258700,36,0,36,0.09424778,5.40000,prps,0,2083
13508,13.508,1,4004,54004,lowband_largesig_r00,prps,1441,-9,-0.070790,34,0,34,0.08901179,5.10000,prps,0,2087
13528,13.528,1,4004,54004,lowband_largesig_r00,prps,1467,17,0.129958,29,0,29,0.07592182,4.35000,prps,0,2091
13548,13.548,1,4004,54004,lowband_largesig_r00,prps,1491,41,0.323349,19,0,19,0.04974188,2.85000,prps,0,2095
13568,13.568,1,4004,54004,lowband_largesig_r00,prps,1512,62,0.490571,8,0,8,0.02094395,1.20000,prps,0,2099
13588,13.588,1,4004,54004,lowband_largesig_r00,prps,1528,78,0.616778,-3,0,-3,-0.00785398,-0.45000,prps,0,2103
13608,13.608,1,4004,54004,lowband_largesig_r00,prps,1538,88,0.693004,-16,0,-16,-0.04188790,-2.40000,prps,0,2107
13628,13.628,1,4004,54004,lowband_largesig_r00,prps,1541,91,0.717161,-29,0,-29,-0.07592182,-4.35000,prps,0,2111
13648,13.648,1,4004,54004,lowband_largesig_r00,prps,1538,88,0.693967,-40,0,-40,-0.10471976,-6.00000,prps,0,2115
13668,13.668,1,4004,54004,lowband_largesig_r00,prps,1531,81,0.633872,-47,0,-47,-0.12304571,-7.05000,prps,0,2119
13688,13.688,1,4004,54004,lowband_largesig_r00,prps,1520,70,0.551177,-49,0,-49,-0.12828170,-7.35000,prps,0,2123
13708,13.708,1,4004,54004,lowband_largesig_r00,prps,1509,59,0.461677,-47,0,-47,-0.12304571,-7.05000,prps,0,2127
13728,13.728,1,4004,54004,lowband_largesig_r00,prps,1498,48,0.380210,-45,0,-45,-0.11780972,-6.75000,prps,0,2131
13748,13.748,1,4004,54004,lowband_largesig_r00,prps,1490,40,0.318519,-41,0,-41,-0.10733775,-6.15000,prps,0,2135
13768,13.768,1,4004,54004,lowband_largesig_r00,prps,1486,36,0.283717,-37,0,-37,-0.09686577,-5.55000,prps,0,2139
13788,13.788,1,4004,54004,lowband_largesig_r00,prps,1485,35,0.277589,-32,0,-32,-0.08377580,-4.80000,prps,0,2143
13808,13.808,1,4004,54004,lowband_largesig_r00,prps,1488,38,0.296779,-28,0,-28,-0.07330382,-4.20000,prps,0,2147
13828,13.828,1,4004,54004,lowband_largesig_r00,prps,1492,42,0.333768,-24,0,-24,-0.06283185,-3.60000,prps,0,2151
13848,13.848,1,4004,54004,lowband_largesig_r00,prps,1498,48,0.378444,-23,0,-23,-0.06021386,-3.45000,prps,0,2155
13868,13.868,1,4004,54004,lowband_largesig_r00,prps,1503,53,0.419963,-23,0,-23,-0.06021386,-3.45000,prps,0,2159
13888,13.888,1,4004,54004,lowband_largesig_r00,prps,1507,57,0.448564,-23,0,-23,-0.06021386,-3.45000,prps,0,2163
13908,13.908,1,4004,54004,lowband_largesig_r00,prps,1508,58,0.457062,-24,0,-24,-0.06283185,-3.60000,prps,0,2167
13928,13.928,1,4004,54004,lowband_largesig_r00,prps,1506,56,0.441782,-24,0,-24,-0.06283185,-3.60000,prps,0,2171
13948,13.948,1,4004,54004,lowband_largesig_r00,prps,1501,51,0.402834,-26,0,-26,-0.06806784,-3.90000,prps,0,2175
13968,13.968,1,4004,54004,lowband_largesig_r00,prps,1494,44,0.343737,-27,0,-27,-0.07068583,-4.05000,prps,0,2179
13988,13.988,1,4004,54004,lowband_largesig_r00,prps,1484,34,0.270523,-27,0,-27,-0.07068583,-4.05000,prps,0,2183
14008,14.008,1,4004,54004,lowband_largesig_r00,prps,1474,24,0.190515,-26,0,-26,-0.06806784,-3.90000,prps,0,2187
14028,14.028,1,4004,54004,lowband_largesig_r00,prps,1464,14,0.111041,-24,0,-24,-0.06283185,-3.60000,prps,0,2191
14048,14.048,1,4004,54004,lowband_largesig_r00,prps,1455,5,0.038309,-21,0,-21,-0.05497787,-3.15000,prps,0,2195
14068,14.068,1,4004,54004,lowband_largesig_r00,prps,1447,-3,-0.023364,-17,0,-17,-0.04450589,-2.55000,prps,0,2199
14088,14.088,1,4004,54004,lowband_largesig_r00,prps,1441,-9,-0.071878,-12,0,-12,-0.03141592,-1.80000,prps,0,2203
14108,14.108,1,4004,54004,lowband_largesig_r00,prps,1436,-14,-0.107208,-7,0,-7,-0.01832596,-1.05000,prps,0,2207
14128,14.128,1,4004,54004,lowband_largesig_r00,prps,1433,-17,-0.130895,-2,0,-2,-0.00523599,-0.30000,prps,0,2211
14148,14.148,1,4004,54004,lowband_largesig_r00,prps,1432,-18,-0.145308,2,0,2,0.00523599,0.30000,prps,0,2215
14168,14.168,1,4004,54004,lowband_largesig_r00,prps,1431,-19,-0.152879,6,0,6,0.01570796,0.90000,prps,0,2219
14188,14.188,1,4004,54004,lowband_largesig_r00,prps,1430,-20,-0.155468,8,0,8,0.02094395,1.20000,prps,0,2223
14208,14.208,1,4004,54004,lowband_largesig_r00,prps,1430,-20,-0.154005,10,0,10,0.02617994,1.50000,prps,0,2227
14228,14.228,1,4004,54004,lowband_largesig_r00,prps,1431,-19,-0.148468,10,0,10,0.02617994,1.50000,prps,0,2231
14248,14.248,1,4004,54004,lowband_largesig_r00,prps,1432,-18,-0.138175,10,0,10,0.02617994,1.50000,prps,0,2235
14268,14.268,1,4004,54004,lowband_largesig_r00,prps,1434,-16,-0.122299,10,0,10,0.02617994,1.50000,prps,0,2239
14288,14.288,1,4004,54004,lowband_largesig_r00,prps,1437,-13,-0.100458,10,0,10,0.02617994,1.50000,prps,0,2243
14308,14.308,1,4004,54004,lowband_largesig_r00,prps,1441,-9,-0.073220,10,0,10,0.02617994,1.50000,prps,0,2247
14328,14.328,1,4004,54004,lowband_largesig_r00,prps,1445,-5,-0.042375,10,0,10,0.02617994,1.50000,prps,0,2251
14348,14.348,1,4004,54004,lowband_largesig_r00,prps,1449,-1,-0.010867,9,0,9,0.02356194,1.35000,prps,0,2255
14368,14.368,1,4004,54004,lowband_largesig_r00,prps,1452,2,0.017598,9,0,9,0.02356194,1.35000,prps,0,2259
14388,14.388,1,4004,54004,lowband_largesig_r00,prps,1455,5,0.039247,8,0,8,0.02094395,1.20000,prps,0,2263
14408,14.408,1,4004,54004,lowband_largesig_r00,prps,1456,6,0.051070,6,0,6,0.01570796,0.90000,prps,0,2267
14428,14.428,1,4004,54004,lowband_largesig_r00,prps,1457,7,0.051615,4,0,4,0.01047198,0.60000,prps,0,2271
14448,14.448,1,4004,54004,lowband_largesig_r00,prps,1455,5,0.041559,3,0,3,0.00785398,0.45000,prps,0,2275
14468,14.468,1,4004,54004,lowband_largesig_r00,prps,1453,3,0.023897,3,0,3,0.00785398,0.45000,prps,0,2279
14488,14.488,1,4004,54004,lowband_largesig_r00,prps,1450,0,0.003649,3,0,3,0.00785398,0.45000,prps,0,2283
14508,14.508,1,4004,54004,lowband_largesig_r00,prps,1448,-2,-0.012897,3,0,3,0.00785398,0.45000,prps,0,2287
14528,14.528,1,4004,54004,lowband_largesig_r00,prps,1448,-2,-0.019319,3,0,3,0.00785398,0.45000,prps,0,2291
14548,14.548,1,4004,54004,lowband_largesig_r00,prps,1449,-1,-0.010382,3,0,3,0.00785398,0.45000,prps,0,2295
14568,14.568,1,4004,54004,lowband_largesig_r00,prps,1452,2,0.016701,3,0,3,0.00785398,0.45000,prps,0,2299
14588,14.588,1,4004,54004,lowband_largesig_r00,prps,1458,8,0.061322,3,0,3,0.00785398,0.45000,prps,0,2303
14608,14.608,1,4004,54004,lowband_largesig_r00,prps,1465,15,0.119050,3,0,3,0.00785398,0.45000,prps,0,2307
14628,14.628,1,4004,54004,lowband_largesig_r00,prps,1473,23,0.181875,2,0,2,0.00523599,0.30000,prps,0,2311
14648,14.648,1,4004,54004,lowband_largesig_r00,prps,1480,30,0.239131,-1,0,-1,-0.00261799,-0.15000,prps,0,2315
14668,14.668,1,4004,54004,lowband_largesig_r00,prps,1485,35,0.279005,-3,0,-3,-0.00785398,-0.45000,prps,0,2319
14688,14.688,1,4004,54004,lowband_largesig_r00,prps,1487,37,0.290415,-7,0,-7,-0.01832596,-1.05000,prps,0,2323
14708,14.708,1,4004,54004,lowband_largesig_r00,prps,1484,34,0.264950,-11,0,-11,-0.02879793,-1.65000,prps,0,2327
14728,14.728,1,4004,54004,lowband_largesig_r00,prps,1475,25,0.198544,-15,0,-15,-0.03926991,-2.25000,prps,0,2331
14748,14.748,1,4004,54004,lowband_largesig_r00,prps,1462,12,0.092581,-16,0,-16,-0.04188790,-2.40000,prps,0,2335
14768,14.768,1,4004,54004,lowband_largesig_r00,prps,1444,-6,-0.045810,-15,0,-15,-0.03926991,-2.25000,prps,0,2339
14788,14.788,1,4004,54004,lowband_largesig_r00,prps,1424,-26,-0.204359,-13,0,-13,-0.03403392,-1.95000,prps,0,2343
14808,14.808,1,4004,54004,lowband_largesig_r00,prps,1403,-47,-0.367122,-7,0,-7,-0.01832596,-1.05000,prps,0,2347
14828,14.828,1,4004,54004,lowband_largesig_r00,prps,1384,-66,-0.516614,2,0,2,0.00523599,0.30000,prps,0,2351
14848,14.848,1,4004,54004,lowband_largesig_r00,prps,1369,-81,-0.636279,13,0,13,0.03403392,1.95000,prps,0,2355
14868,14.868,1,4004,54004,lowband_largesig_r00,prps,1359,-91,-0.712933,24,0,24,0.06283185,3.60000,prps,0,2359
14888,14.888,1,4004,54004,lowband_largesig_r00,prps,1356,-94,-0.738756,34,0,34,0.08901179,5.10000,prps,0,2363
14908,14.908,1,4004,54004,lowband_largesig_r00,prps,1360,-90,-0.712524,42,0,42,0.10995574,6.30000,prps,0,2367
14928,14.928,1,4004,54004,lowband_largesig_r00,prps,1369,-81,-0.639828,48,0,48,0.12566370,7.20000,prps,0,2371
14948,14.948,1,4004,54004,lowband_largesig_r00,prps,1382,-68,-0.532248,51,0,51,0.13351768,7.65000,prps,0,2375
14968,14.968,1,4004,54004,lowband_largesig_r00,prps,1398,-52,-0.405581,50,0,50,0.13089970,7.50000,prps,0,2379
14988,14.988,1,4004,54004,lowband_largesig_r00,prps,1415,-35,-0.277388,48,0,48,0.12566370,7.20000,prps,0,2383
15008,15.008,1,4004,54004,lowband_largesig_r00,prps,1429,-21,-0.164265,41,0,41,0.10733775,6.15000,prps,0,2387
15028,15.028,1,4004,54004,lowband_largesig_r00,prps,1440,-10,-0.079262,33,0,33,0.08639380,4.95000,prps,0,2391
15048,15.048,1,4004,54004,lowband_largesig_r00,prps,1446,-4,-0.029882,24,0,24,0.06283185,3.60000,prps,0,2395
15068,15.068,1,4004,54004,lowband_largesig_r00,prps,1448,-2,-0.016998,15,0,15,0.03926991,2.25000,prps,0,2399
15088,15.088,1,4004,54004,lowband_largesig_r00,prps,1446,-4,-0.034859,9,0,9,0.02356194,1.35000,prps,0,2403
15108,15.108,1,4004,54004,lowband_largesig_r00,prps,1441,-9,-0.072209,5,0,5,0.01308997,0.75000,prps,0,2407
15128,15.128,1,4004,54004,lowband_largesig_r00,prps,1435,-15,-0.114322,4,0,4,0.01047198,0.60000,prps,0,2411
15148,15.148,1,4004,54004,lowband_largesig_r00,prps,1432,-18,-0.145637,5,0,5,0.01308997,0.75000,prps,0,2415
15168,15.168,1,4004,54004,lowband_largesig_r00,prps,1431,-19,-0.152548,7,0,7,0.01832596,1.05000,prps,0,2419
15188,15.188,1,4004,54004,lowband_largesig_r00,prps,1434,-16,-0.125887,8,0,8,0.02094395,1.20000,prps,0,2423
15208,15.208,1,4004,54004,lowband_largesig_r00,prps,1442,-8,-0.062686,9,0,9,0.02356194,1.35000,prps,0,2427
15228,15.228,1,4004,54004,lowband_largesig_r00,prps,1454,4,0.033075,10,0,10,0.02617994,1.50000,prps,0,2431
15265,15.265,1,4004,54004,lowband_largesig_r00,prps,1469,19,0.150882,7,0,7,0.01832596,1.05000,prps,0,2435
15281,15.281,1,4004,54004,lowband_largesig_r00,prps,1485,35,0.275181,4,0,4,0.01047198,0.60000,prps,0,2439
15301,15.301,1,4004,54004,lowband_largesig_r00,prps,1499,49,0.387732,0,0,0,0.00000000,0.00000,prps,0,2443
15321,15.321,1,4004,54004,lowband_largesig_r00,prps,1510,60,0.470430,-7,0,-7,-0.01832596,-1.05000,prps,0,2447
15341,15.341,1,4004,54004,lowband_largesig_r00,prps,1515,65,0.508149,-15,0,-15,-0.03926991,-2.25000,prps,0,2451
15361,15.361,1,4004,54004,lowband_largesig_r00,prps,1512,62,0.491135,-23,0,-23,-0.06021386,-3.45000,prps,0,2455
15381,15.381,1,4004,54004,lowband_largesig_r00,prps,1503,53,0.416582,-29,0,-29,-0.07592182,-4.35000,prps,0,2459
15401,15.401,1,4004,54004,lowband_largesig_r00,prps,1487,37,0.289134,-32,0,-32,-0.08377580,-4.80000,prps,0,2463
15421,15.421,1,4004,54004,lowband_largesig_r00,prps,1465,15,0.120257,-31,0,-31,-0.08115781,-4.65000,prps,0,2467
15441,15.441,1,4004,54004,lowband_largesig_r00,prps,1441,-9,-0.073419,-26,0,-26,-0.06806784,-3.90000,prps,0,2471
15461,15.461,1,4004,54004,lowband_largesig_r00,prps,1415,-35,-0.272484,-18,0,-18,-0.04712389,-2.70000,prps,0,2475
15481,15.481,1,4004,54004,lowband_largesig_r00,prps,1392,-58,-0.457480,-7,0,-7,-0.01832596,-1.05000,prps,0,2479
15501,15.501,1,4004,54004,lowband_largesig_r00,prps,1372,-78,-0.611532,6,0,6,0.01570796,0.90000,prps,0,2483
15521,15.521,1,4004,54004,lowband_largesig_r00,prps,1358,-92,-0.722461,20,0,20,0.05235988,3.00000,prps,0,2487
15541,15.541,1,4004,54004,lowband_largesig_r00,prps,1350,-100,-0.784076,33,0,33,0.08639380,4.95000,prps,0,2491
15561,15.561,1,4004,54004,lowband_largesig_r00,prps,1349,-101,-0.796458,43,0,43,0.11257374,6.45000,prps,0,2495
15581,15.581,1,4004,54004,lowband_largesig_r00,prps,1353,-97,-0.765262,52,0,52,0.13613568,7.80000,prps,0,2499
15601,15.601,1,4004,54004,lowband_largesig_r00,prps,1361,-89,-0.700200,55,0,55,0.14398966,8.25000,prps,0,2503
15621,15.621,1,4004,54004,lowband_largesig_r00,prps,1372,-78,-0.613006,55,0,55,0.14398966,8.25000,prps,0,2507
15641,15.641,1,4004,54004,lowband_largesig_r00,prps,1385,-65,-0.515272,54,0,54,0.14137166,8.10000,prps,0,2511
15661,15.661,1,4004,54004,lowband_largesig_r00,prps,1397,-53,-0.416543,53,0,53,0.13875367,7.95000,prps,0,2515
15681,15.681,1,4004,54004,lowband_largesig_r00,prps,1409,-41,-0.322989,48,0,48,0.12566370,7.20000,prps,0,2519
15701,15.701,1,4004,54004,lowband_largesig_r00,prps,1420,-30,-0.236879,41,0,41,0.10733775,6.15000,prps,0,2523
15721,15.721,1,4004,54004,lowband_largesig_r00,prps,1430,-20,-0.156890,34,0,34,0.08901179,5.10000,prps,0,2527
15741,15.741,1,4004,54004,lowband_largesig_r00,prps,1440,-10,-0.079178,26,0,26,0.06806784,3.90000,prps,0,2531
15761,15.761,1,4004,54004,lowband_largesig_r00,prps,1450,0,0.001059,18,0,18,0.04712389,2.70000,prps,0,2535
15781,15.781,1,4004,54004,lowband_largesig_r00,prps,1461,11,0.087833,12,0,12,0.03141592,1.80000,prps,0,2539
15801,15.801,1,4004,54004,lowband_largesig_r00,prps,1473,23,0.182809,7,0,7,0.01832596,1.05000,prps,0,2543
15821,15.821,1,4004,54004,lowband_largesig_r00,prps,1486,36,0.284250,3,0,3,0.00785398,0.45000,prps,0,2547
15841,15.841,1,4004,54004,lowband_largesig_r00,prps,1499,49,0.386702,-1,0,-1,-0.00261799,-0.15000,prps,0,2551
15861,15.861,1,4004,54004,lowband_largesig_r00,prps,1511,61,0.481496,-8,0,-8,-0.02094395,-1.20000,prps,0,2555
15881,15.881,1,4004,54004,lowband_largesig_r00,prps,1521,71,0.558002,-16,0,-16,-0.04188790,-2.40000,prps,0,2559
15901,15.901,1,4004,54004,lowband_largesig_r00,prps,1527,77,0.605426,-24,0,-24,-0.06283185,-3.60000,prps,0,2563
15921,15.921,1,4004,54004,lowband_largesig_r00,prps,1528,78,0.614834,-31,0,-31,-0.08115781,-4.65000,prps,0,2567
15941,15.941,1,4004,54004,lowband_largesig_r00,prps,1524,74,0.581031,-37,0,-37,-0.09686577,-5.55000,prps,0,2571
15961,15.961,1,4004,54004,lowband_largesig_r00,prps,1514,64,0.503946,-40,0,-40,-0.10471976,-6.00000,prps,0,2575
15981,15.981,1,4004,54004,lowband_largesig_r00,prps,1499,49,0.389250,-41,0,-41,-0.10733775,-6.15000,prps,0,2579
16001,16.001,1,4004,54004,lowband_largesig_r00,prps,1482,32,0.248064,-39,0,-39,-0.10210176,-5.85000,prps,0,2583
16021,16.021,1,4004,54004,lowband_largesig_r00,prps,1462,12,0.095765,-35,0,-35,-0.09162979,-5.25000,prps,0,2587
16041,16.041,1,4004,54004,lowband_largesig_r00,prps,1444,-6,-0.049956,-28,0,-28,-0.07330382,-4.20000,prps,0,2591
16061,16.061,1,4004,54004,lowband_largesig_r00,prps,1428,-22,-0.171477,-18,0,-18,-0.04712389,-2.70000,prps,0,2595
16081,16.081,1,4004,54004,lowband_largesig_r00,prps,1418,-32,-0.253708,-8,0,-8,-0.02094395,-1.20000,prps,0,2599
16101,16.101,1,4004,54004,lowband_largesig_r00,prps,1414,-36,-0.286243,2,0,2,0.00523599,0.30000,prps,0,2603
16121,16.121,1,4004,54004,lowband_largesig_r00,prps,1416,-34,-0.264870,11,0,11,0.02879793,1.65000,prps,0,2607
16141,16.141,1,4004,54004,lowband_largesig_r00,prps,1426,-24,-0.192184,15,0,15,0.03926991,2.25000,prps,0,2611
16161,16.161,1,4004,54004,lowband_largesig_r00,prps,1440,-10,-0.077233,17,0,17,0.04450589,2.55000,prps,0,2615
16181,16.181,1,4004,54004,lowband_largesig_r00,prps,1458,8,0.065763,17,0,17,0.04450589,2.55000,prps,0,2619
16201,16.201,1,4004,54004,lowband_largesig_r00,prps,1478,28,0.219398,13,0,13,0.03403392,1.95000,prps,0,2623
16221,16.221,1,4004,54004,lowband_largesig_r00,prps,1496,46,0.365463,7,0,7,0.01832596,1.05000,prps,0,2627
16241,16.241,1,4004,54004,lowband_largesig_r00,prps,1512,62,0.487367,-1,0,-1,-0.00261799,-0.15000,prps,0,2631
16261,16.261,1,4004,54004,lowband_largesig_r00,prps,1523,73,0.572226,-11,0,-11,-0.02879793,-1.65000,prps,0,2635
16281,16.281,1,4004,54004,lowband_largesig_r00,prps,1528,78,0.612330,-21,0,-21,-0.05497787,-3.15000,prps,0,2639
16301,16.301,1,4004,54004,lowband_largesig_r00,prps,1527,77,0.605803,-31,0,-31,-0.08115781,-4.65000,prps,0,2643
16321,16.321,1,4004,54004,lowband_largesig_r00,prps,1521,71,0.556410,-39,0,-39,-0.10210176,-5.85000,prps,0,2647
16341,16.341,1,4004,54004,lowband_largesig_r00,prps,1510,60,0.472592,-41,0,-41,-0.10733775,-6.15000,prps,0,2651
16361,16.361,1,4004,54004,lowband_largesig_r00,prps,1496,46,0.365938,-41,0,-41,-0.10733775,-6.15000,prps,0,2655
16381,16.381,1,4004,54004,lowband_largesig_r00,prps,1482,32,0.249368,-38,0,-38,-0.09948376,-5.70000,prps,0,2659
16401,16.401,1,4004,54004,lowband_largesig_r00,prps,1467,17,0.135331,-33,0,-33,-0.08639380,-4.95000,prps,0,2663
16421,16.421,1,4004,54004,lowband_largesig_r00,prps,1454,4,0.034286,-27,0,-27,-0.07068583,-4.05000,prps,0,2667
16441,16.441,1,4004,54004,lowband_largesig_r00,prps,1444,-6,-0.046325,-19,0,-19,-0.04974188,-2.85000,prps,0,2671
16461,16.461,1,4004,54004,lowband_largesig_r00,prps,1437,-13,-0.102520,-12,0,-12,-0.03141592,-1.80000,prps,0,2675
16481,16.481,1,4004,54004,lowband_largesig_r00,prps,1433,-17,-0.133639,-5,0,-5,-0.01308997,-0.75000,prps,0,2679
16501,16.501,1,4004,54004,lowband_largesig_r00,prps,1432,-18,-0.141739,1,0,1,0.00261799,0.15000,prps,0,2683
16521,16.521,1,4004,54004,lowband_largesig_r00,prps,1433,-17,-0.130702,6,0,6,0.01570796,0.90000,prps,0,2687
16541,16.541,1,4004,54004,lowband_largesig_r00,prps,1437,-13,-0.105253,9,0,9,0.02356194,1.35000,prps,0,2691
16561,16.561,1,4004,54004,lowband_largesig_r00,prps,1441,-9,-0.070105,10,0,10,0.02617994,1.50000,prps,0,2695
16581,16.581,1,4004,54004,lowband_largesig_r00,prps,1446,-4,-0.029358,10,0,10,0.02617994,1.50000,prps,0,2699
16601,16.601,1,4004,54004,lowband_largesig_r00,prps,1452,2,0.013768,10,0,10,0.02617994,1.50000,prps,0,2703
16621,16.621,1,4004,54004,lowband_largesig_r00,prps,1457,7,0.056877,10,0,10,0.02617994,1.50000,prps,0,2707
16641,16.641,1,4004,54004,lowband_largesig_r00,prps,1462,12,0.098109,9,0,9,0.02356194,1.35000,prps,0,2711
16661,16.661,1,4004,54004,lowband_largesig_r00,prps,1467,17,0.135754,7,0,7,0.01832596,1.05000,prps,0,2715
16681,16.681,1,4004,54004,lowband_largesig_r00,prps,1471,21,0.167917,3,0,3,0.00785398,0.45000,prps,0,2719
16701,16.701,1,4004,54004,lowband_largesig_r00,prps,1474,24,0.192365,0,0,0,0.00000000,0.00000,prps,0,2723
16721,16.721,1,4004,54004,lowband_largesig_r00,prps,1476,26,0.206641,-3,0,-3,-0.00785398,-0.45000,prps,0,2727
16741,16.741,1,4004,54004,lowband_largesig_r00,prps,1476,26,0.208435,-6,0,-6,-0.01570796,-0.90000,prps,0,2731
16761,16.761,1,4004,54004,lowband_largesig_r00,prps,1475,25,0.196157,-10,0,-10,-0.02617994,-1.50000,prps,0,2735
16781,16.781,1,4004,54004,lowband_largesig_r00,prps,1472,22,0.169566,-12,0,-12,-0.03141592,-1.80000,prps,0,2739
16801,16.801,1,4004,54004,lowband_largesig_r00,prps,1467,17,0.130303,-12,0,-12,-0.03141592,-1.80000,prps,0,2743
16821,16.821,1,4004,54004,lowband_largesig_r00,prps,1460,10,0.082155,-12,0,-12,-0.03141592,-1.80000,prps,0,2747
16841,16.841,1,4004,54004,lowband_largesig_r00,prps,1454,4,0.030926,-11,0,-11,-0.02879793,-1.65000,prps,0,2751
16861,16.861,1,4004,54004,lowband_largesig_r00,prps,1448,-2,-0.016124,-10,0,-10,-0.02617994,-1.50000,prps,0,2755
16881,16.881,1,4004,54004,lowband_largesig_r00,prps,1443,-7,-0.051239,-8,0,-8,-0.02094395,-1.20000,prps,0,2759
16901,16.901,1,4004,54004,lowband_largesig_r00,prps,1441,-9,-0.067404,-5,0,-5,-0.01308997,-0.75000,prps,0,2763
16921,16.921,1,4004,54004,lowband_largesig_r00,prps,1442,-8,-0.059636,-2,0,-2,-0.00523599,-0.30000,prps,0,2767
16941,16.941,1,4004,54004,lowband_largesig_r00,prps,1447,-3,-0.026111,0,0,0,0.00000000,0.00000,prps,0,2771
16961,16.961,1,4004,54004,lowband_largesig_r00,prps,1454,4,0.031119,2,0,2,0.00523599,0.30000,prps,0,2775
16981,16.981,1,4004,54004,lowband_largesig_r00,prps,1463,13,0.105994,3,0,3,0.00785398,0.45000,prps,0,2779
17001,17.001,1,4004,54004,lowband_largesig_r00,prps,1474,24,0.188990,2,0,2,0.00523599,0.30000,prps,0,2783
17021,17.021,1,4004,54004,lowband_largesig_r00,prps,1484,34,0.268297,1,0,1,0.00261799,0.15000,prps,0,2787
17041,17.041,1,4004,54004,lowband_largesig_r00,prps,1492,42,0.331509,-2,0,-2,-0.00523599,-0.30000,prps,0,2791
17061,17.061,1,4004,54004,lowband_largesig_r00,prps,1497,47,0.367542,-8,0,-8,-0.02094395,-1.20000,prps,0,2795
17081,17.081,1,4004,54004,lowband_largesig_r00,prps,1497,47,0.368502,-13,0,-13,-0.03403392,-1.95000,prps,0,2799
17101,17.101,1,4004,54004,lowband_largesig_r00,prps,1492,42,0.331159,-18,0,-18,-0.04712389,-2.70000,prps,0,2803
17121,17.121,1,4004,54004,lowband_largesig_r00,prps,1483,33,0.257754,-22,0,-22,-0.05759586,-3.30000,prps,0,2807
17141,17.141,1,4004,54004,lowband_largesig_r00,prps,1470,20,0.155973,-23,0,-23,-0.06021386,-3.45000,prps,0,2811
17161,17.161,1,4004,54004,lowband_largesig_r00,prps,1455,5,0.038038,-21,0,-21,-0.05497787,-3.15000,prps,0,2815
17181,17.181,1,4004,54004,lowband_largesig_r00,prps,1440,-10,-0.080989,-18,0,-18,-0.04712389,-2.70000,prps,0,2819
17201,17.201,1,4004,54004,lowband_largesig_r00,prps,1426,-24,-0.185420,-12,0,-12,-0.03141592,-1.80000,prps,0,2823
17221,17.221,1,4004,54004,lowband_largesig_r00,prps,1417,-33,-0.261358,-4,0,-4,-0.01047198,-0.60000,prps,0,2827
17241,17.241,1,4004,54004,lowband_largesig_r00,prps,1412,-38,-0.298900,5,0,5,0.01308997,0.75000,prps,0,2831
17261,17.261,1,4004,54004,lowband_largesig_r00,prps,1413,-37,-0.293770,12,0,12,0.03141592,1.80000,prps,0,2835
17281,17.281,1,4004,54004,lowband_largesig_r00,prps,1418,-32,-0.248082,16,0,16,0.04188790,2.40000,prps,0,2839
17301,17.301,1,4004,54004,lowband_largesig_r00,prps,1428,-22,-0.170096,18,0,18,0.04712389,2.70000,prps,0,2843
17321,17.321,1,4004,54004,lowband_largesig_r00,prps,1441,-9,-0.072956,18,0,18,0.04712389,2.70000,prps,0,2847
17341,17.341,1,4004,54004,lowband_largesig_r00,prps,1453,3,0.027380,17,0,17,0.04450589,2.55000,prps,0,2851
17361,17.361,1,4004,54004,lowband_largesig_r00,prps,1465,15,0.114720,13,0,13,0.03403392,1.95000,prps,0,2855
17381,17.381,1,4004,54004,lowband_largesig_r00,prps,1472,22,0.175291,8,0,8,0.02094395,1.20000,prps,0,2859
17401,17.401,1,4004,54004,lowband_largesig_r00,prps,1475,25,0.200038,3,0,3,0.00785398,0.45000,prps,0,2863
17421,17.421,1,4004,54004,lowband_largesig_r00,prps,1474,24,0.186178,-1,0,-1,-0.00261799,-0.15000,prps,0,2867
17441,17.441,1,4004,54004,lowband_largesig_r00,prps,1467,17,0.137735,-6,0,-6,-0.01570796,-0.90000,prps,0,2871
17461,17.461,1,4004,54004,lowband_largesig_r00,prps,1458,8,0.064944,-9,0,-9,-0.02356194,-1.35000,prps,0,2875
17481,17.481,1,4004,54004,lowband_largesig_r00,prps,1448,-2,-0.017383,-9,0,-9,-0.02356194,-1.35000,prps,0,2879
17501,17.501,1,4004,54004,lowband_largesig_r00,prps,1438,-12,-0.092289,-8,0,-8,-0.02094395,-1.20000,prps,0,2883
17521,17.521,1,4004,54004,lowband_largesig_r00,prps,1432,-18,-0.143508,-5,0,-5,-0.01308997,-0.75000,prps,0,2887
17541,17.541,1,4004,54004,lowband_largesig_r00,prps,1430,-20,-0.158238,0,0,0,0.00000000,0.00000,prps,0,2891
17561,17.561,1,4004,54004,lowband_largesig_r00,prps,1434,-16,-0.129396,5,0,5,0.01308997,0.75000,prps,0,2895
17581,17.581,1,4004,54004,lowband_largesig_r00,prps,1443,-7,-0.056982,8,0,8,0.02094395,1.20000,prps,0,2899
17601,17.601,1,4004,54004,lowband_largesig_r00,prps,1457,7,0.051695,8,0,8,0.02094395,1.20000,prps,0,2903
17621,17.621,1,4004,54004,lowband_largesig_r00,prps,1473,23,0.182963,8,0,8,0.02094395,1.20000,prps,0,2907
17641,17.641,1,4004,54004,lowband_largesig_r00,prps,1490,40,0.318776,5,0,5,0.01308997,0.75000,prps,0,2911
17661,17.661,1,4004,54004,lowband_largesig_r00,prps,1506,56,0.439414,-1,0,-1,-0.00261799,-0.15000,prps,0,2915
17681,17.681,1,4004,54004,lowband_largesig_r00,prps,1517,67,0.526478,-9,0,-9,-0.02356194,-1.35000,prps,0,2919
17701,17.701,1,4004,54004,lowband_largesig_r00,prps,1522,72,0.565693,-18,0,-18,-0.04712389,-2.70000,prps,0,2923
17721,17.721,1,4004,54004,lowband_largesig_r00,prps,1520,70,0.549064,-27,0,-27,-0.07068583,-4.05000,prps,0,2927
17741,17.741,1,4004,54004,lowband_largesig_r00,prps,1510,60,0.476052,-34,0,-34,-0.08901179,-5.10000,prps,0,2931
17761,17.761,1,4004,54004,lowband_largesig_r00,prps,1495,45,0.353581,-37,0,-37,-0.09686577,-5.55000,prps,0,2935
17781,17.781,1,4004,54004,lowband_largesig_r00,prps,1475,25,0.194896,-35,0,-35,-0.09162979,-5.25000,prps,0,2939
17801,17.801,1,4004,54004,lowband_largesig_r00,prps,1452,2,0.017465,-31,0,-31,-0.08115781,-4.65000,prps,0,2943
17821,17.821,1,4004,54004,lowband_largesig_r00,prps,1430,-20,-0.159723,-23,0,-23,-0.06021386,-3.45000,prps,0,2947
17841,17.841,1,4004,54004,lowband_largesig_r00,prps,1409,-41,-0.319022,-13,0,-13,-0.03403392,-1.95000,prps,0,2951
17861,17.861,1,4004,54004,lowband_largesig_r00,prps,1393,-57,-0.446680,-1,0,-1,-0.00261799,-0.15000,prps,0,2955
17881,17.881,1,4004,54004,lowband_largesig_r00,prps,1382,-68,-0.534690,11,0,11,0.02879793,1.65000,prps,0,2959
17901,17.901,1,4004,54004,lowband_largesig_r00,prps,1376,-74,-0.581651,23,0,23,0.06021386,3.45000,prps,0,2963
17921,17.921,1,4004,54004,lowband_largesig_r00,prps,1375,-75,-0.592528,32,0,32,0.08377580,4.80000,prps,0,2967
17941,17.941,1,4004,54004,lowband_largesig_r00,prps,1377,-73,-0.577394,38,0,38,0.09948376,5.70000,prps,0,2971
17961,17.961,1,4004,54004,lowband_largesig_r00,prps,1380,-70,-0.549392,40,0,40,0.10471976,6.00000,prps,0,2975
17981,17.981,1,4004,54004,lowband_largesig_r00,prps,1384,-66,-0.522283,41,0,41,0.10733775,6.15000,prps,0,2979
18001,18.001,1,4004,54004,lowband_largesig_r00,prps,1385,-65,-0.508003,41,0,41,0.10733775,6.15000,prps,0,2983
18021,18.021,1,4004,54004,lowband_largesig_r00,prps,1385,-65,-0.514650,40,0,40,0.10471976,6.00000,prps,0,2987
18041,18.041,1,4004,54004,lowband_largesig_r00,prps,1381,-69,-0.545214,40,0,40,0.10471976,6.00000,prps,0,2991
18061,18.061,1,4004,54004,lowband_largesig_r00,prps,1374,-76,-0.597248,40,0,40,0.10471976,6.00000,prps,0,2995
18081,18.081,1,4004,54004,lowband_largesig_r00,prps,1366,-84,-0.663508,40,0,40,0.10471976,6.00000,prps,0,2999
18101,18.101,1,4004,54004,lowband_largesig_r00,prps,1357,-93,-0.733405,41,0,41,0.10733775,6.15000,prps,0,3003
18121,18.121,1,4004,54004,lowband_largesig_r00,prps,1349,-101,-0.794998,43,0,43,0.11257374,6.45000,prps,0,3007
18141,18.141,1,4004,54004,lowband_largesig_r00,prps,1344,-106,-0.837172,47,0,47,0.12304571,7.05000,prps,0,3011
18161,18.161,1,4004,54004,lowband_largesig_r00,prps,1342,-108,-0.851587,51,0,51,0.13351768,7.65000,prps,0,3015
18181,18.181,1,4004,54004,lowband_largesig_r00,prps,1344,-106,-0.834104,55,0,55,0.14398966,8.25000,prps,0,3019
18201,18.201,1,4004,54004,lowband_largesig_r00,prps,1350,-100,-0.785412,57,0,57,0.14922565,8.55000,prps,0,3023
18221,18.221,1,4004,54004,lowband_largesig_r00,prps,1360,-90,-0.710804,59,0,59,0.15446164,8.85000,prps,0,3027
18241,18.241,1,4004,54004,lowband_largesig_r00,prps,1371,-79,-0.619147,59,0,59,0.15446164,8.85000,prps,0,3031
18261,18.261,1,4004,54004,lowband_largesig_r00,prps,1384,-66,-0.521266,58,0,58,0.15184364,8.70000,prps,0,3035
18281,18.281,1,4004,54004,lowband_largesig_r00,prps,1396,-54,-0.428033,55,0,55,0.14398966,8.25000,prps,0,3039
18301,18.301,1,4004,54004,lowband_largesig_r00,prps,1406,-44,-0.348523,49,0,49,0.12828170,7.35000,prps,0,3043
18321,18.321,1,4004,54004,lowband_largesig_r00,prps,1413,-37,-0.288559,42,0,42,0.10995574,6.30000,prps,0,3047
18341,18.341,1,4004,54004,lowband_largesig_r00,prps,1418,-32,-0.249891,36,0,36,0.09424778,5.40000,prps,0,3051
18361,18.361,1,4004,54004,lowband_largesig_r00,prps,1421,-29,-0.230145,29,0,29,0.07592182,4.35000,prps,0,3055
18381,18.381,1,4004,54004,lowband_largesig_r00,prps,1422,-28,-0.223519,23,0,23,0.06021386,3.45000,prps,0,3059
18401,18.401,1,4004,54004,lowband_largesig_r00,prps,1422,-28,-0.222084,19,0,19,0.04974188,2.85000,prps,0,3063
18421,18.421,1,4004,54004,lowband_largesig_r00,prps,1422,-28,-0.217440,16,0,16,0.04188790,2.40000,prps,0,3067
18441,18.441,1,4004,54004,lowband_largesig_r00,prps,1424,-26,-0.202389,15,0,15,0.03926991,2.25000,prps,0,3071
18461,18.461,1,4004,54004,lowband_largesig_r00,prps,1428,-22,-0.172350,15,0,15,0.03926991,2.25000,prps,0,3075
18481,18.481,1,4004,54004,lowband_largesig_r00,prps,1434,-16,-0.126223,15,0,15,0.03926991,2.25000,prps,0,3079
18501,18.501,1,4004,54004,lowband_largesig_r00,prps,1442,-8,-0.066575,15,0,15,0.03926991,2.25000,prps,0,3083
18521,18.521,1,4004,54004,lowband_largesig_r00,prps,1450,0,0.000890,14,0,14,0.03665191,2.10000,prps,0,3087
18541,18.541,1,4004,54004,lowband_largesig_r00,prps,1459,9,0.068465,11,0,11,0.02879793,1.65000,prps,0,3091
18561,18.561,1,4004,54004,lowband_largesig_r00,prps,1466,16,0.127964,8,0,8,0.02094395,1.20000,prps,0,3095
18581,18.581,1,4004,54004,lowband_largesig_r00,prps,1472,22,0.172347,6,0,6,0.01570796,0.90000,prps,0,3099
18601,18.601,1,4004,54004,lowband_largesig_r00,prps,1475,25,0.197140,2,0,2,0.00523599,0.30000,prps,0,3103
18621,18.621,1,4004,54004,lowband_largesig_r00,prps,1476,26,0.201395,-1,0,-1,-0.00261799,-0.15000,prps,0,3107
18641,18.641,1,4004,54004,lowband_largesig_r00,prps,1474,24,0.187996,-5,0,-5,-0.01308997,-0.75000,prps,0,3111
18661,18.661,1,4004,54004,lowband_largesig_r00,prps,1471,21,0.163276,-8,0,-8,-0.02094395,-1.20000,prps,0,3115
18681,18.681,1,4004,54004,lowband_largesig_r00,prps,1467,17,0.135979,-10,0,-10,-0.02617994,-1.50000,prps,0,3119
18701,18.701,1,4004,54004,lowband_largesig_r00,prps,1465,15,0.115777,-10,0,-10,-0.02617994,-1.50000,prps,0,3123
18721,18.721,1,4004,54004,lowband_largesig_r00,prps,1464,14,0.111591,-10,0,-10,-0.02617994,-1.50000,prps,0,3127
18741,18.741,1,4004,54004,lowband_largesig_r00,prps,1467,17,0.130012,-9,0,-9,-0.02356194,-1.35000,prps,0,3131
18761,18.761,1,4004,54004,lowband_largesig_r00,prps,1472,22,0.174097,-9,0,-9,-0.02356194,-1.35000,prps,0,3135
18781,18.781,1,4004,54004,lowband_largesig_r00,prps,1481,31,0.242753,-10,0,-10,-0.02617994,-1.50000,prps,0,3139
18801,18.801,1,4004,54004,lowband_largesig_r00,prps,1492,42,0.330807,-10,0,-10,-0.02617994,-1.50000,prps,0,3143
18821,18.821,1,4004,54004,lowband_largesig_r00,prps,1505,55,0.429741,-12,0,-12,-0.03141592,-1.80000,prps,0,3147
18841,18.841,1,4004,54004,lowband_largesig_r00,prps,1517,67,0.528972,-16,0,-16,-0.04188790,-2.40000,prps,0,3151
18861,18.861,1,4004,54004,lowband_largesig_r00,prps,1528,78,0.617442,-22,0,-22,-0.05759586,-3.30000,prps,0,3155
18881,18.881,1,4004,54004,lowband_largesig_r00,prps,1537,87,0.685260,-27,0,-27,-0.07068583,-4.05000,prps,0,3159
18901,18.901,1,4004,54004,lowband_largesig_r00,prps,1542,92,0.725116,-34,0,-34,-0.08901179,-5.10000,prps,0,3163
18921,18.921,1,4004,54004,lowband_largesig_r00,prps,1543,93,0.733254,-40,0,-40,-0.10471976,-6.00000,prps,0,3167
18941,18.941,1,4004,54004,lowband_largesig_r00,prps,1540,90,0.709863,-45,0,-45,-0.11780972,-6.75000,prps,0,3171
18961,18.961,1,4004,54004,lowband_largesig_r00,prps,1534,84,0.658854,-48,0,-48,-0.12566370,-7.20000,prps,0,3175
18981,18.981,1,4004,54004,lowband_largesig_r00,prps,1525,75,0.587093,-48,0,-48,-0.12566370,-7.20000,prps,0,3179
19001,19.001,1,4004,54004,lowband_largesig_r00,prps,1514,64,0.503268,-48,0,-48,-0.12566370,-7.20000,prps,0,3183
19021,19.021,1,4004,54004,lowband_largesig_r00,prps,1503,53,0.416590,-47,0,-47,-0.12304571,-7.05000,prps,0,3187
19041,19.041,1,4004,54004,lowband_largesig_r00,prps,1493,43,0.335565,-45,0,-45,-0.11780972,-6.75000,prps,0,3191
19061,19.061,1,4004,54004,lowband_largesig_r00,prps,1484,34,0.267039,-39,0,-39,-0.10210176,-5.85000,prps,0,3195
19081,19.081,1,4004,54004,lowband_largesig_r00,prps,1477,27,0.215632,-33,0,-33,-0.08639380,-4.95000,prps,0,3199
19101,19.101,1,4004,54004,lowband_largesig_r00,prps,1473,23,0.183622,-28,0,-28,-0.07330382,-4.20000,prps,0,3203
19121,19.121,1,4004,54004,lowband_largesig_r00,prps,1472,22,0.171222,-22,0,-22,-0.05759586,-3.30000,prps,0,3207
19141,19.141,1,4004,54004,lowband_largesig_r00,prps,1472,22,0.177127,-18,0,-18,-0.04712389,-2.70000,prps,0,3211
19161,19.161,1,4004,54004,lowband_largesig_r00,prps,1475,25,0.199166,-16,0,-16,-0.04188790,-2.40000,prps,0,3215
19181,19.181,1,4004,54004,lowband_largesig_r00,prps,1480,30,0.234887,-15,0,-15,-0.03926991,-2.25000,prps,0,3219
19201,19.201,1,4004,54004,lowband_largesig_r00,prps,1486,36,0.281921,-15,0,-15,-0.03926991,-2.25000,prps,0,3223
19221,19.221,1,4004,54004,lowband_largesig_r00,prps,1493,43,0.338065,-15,0,-15,-0.03926991,-2.25000,prps,0,3227
19241,19.241,1,4004,54004,lowband_largesig_r00,prps,1501,51,0.401060,-16,0,-16,-0.04188790,-2.40000,prps,0,3231
19261,19.261,1,4004,54004,lowband_largesig_r00,prps,1509,59,0.468168,-17,0,-17,-0.04450589,-2.55000,prps,0,3235
19281,19.281,1,4004,54004,lowband_largesig_r00,prps,1518,68,0.535684,-21,0,-21,-0.05497787,-3.15000,prps,0,3239
19301,19.301,1,4004,54004,lowband_largesig_r00,prps,1526,76,0.598561,-25,0,-25,-0.06544985,-3.75000,prps,0,3243
19321,19.321,1,4004,54004,lowband_largesig_r00,prps,1533,83,0.650324,-30,0,-30,-0.07853982,-4.50000,prps,0,3247
19341,19.341,1,4004,54004,lowband_largesig_r00,prps,1537,87,0.683374,-35,0,-35,-0.09162979,-5.25000,prps,0,3251
19361,19.361,1,4004,54004,lowband_largesig_r00,prps,1538,88,0.689741,-39,0,-39,-0.10210176,-5.85000,prps,0,3255
19381,19.381,1,4004,54004,lowband_largesig_r00,prps,1534,84,0.662203,-43,0,-43,-0.11257374,-6.45000,prps,0,3259
19401,19.401,1,4004,54004,lowband_largesig_r00,prps,1526,76,0.595631,-45,0,-45,-0.11780972,-6.75000,prps,0,3263
19421,19.421,1,4004,54004,lowband_largesig_r00,prps,1512,62,0.488307,-44,0,-44,-0.11519173,-6.60000,prps,0,3267
19441,19.441,1,4004,54004,lowband_largesig_r00,prps,1494,44,0.342973,-43,0,-43,-0.11257374,-6.45000,prps,0,3271
19461,19.461,1,4004,54004,lowband_largesig_r00,prps,1471,21,0.167350,-40,0,-40,-0.10471976,-6.00000,prps,0,3275
19481,19.481,1,4004,54004,lowband_largesig_r00,prps,1447,-3,-0.026061,-34,0,-34,-0.08901179,-5.10000,prps,0,3279
19501,19.501,1,4004,54004,lowband_largesig_r00,prps,1422,-28,-0.220957,-25,0,-25,-0.06544985,-3.75000,prps,0,3283
19521,19.521,1,4004,54004,lowband_largesig_r00,prps,1399,-51,-0.398935,-12,0,-12,-0.03141592,-1.80000,prps,0,3287
19541,19.541,1,4004,54004,lowband_largesig_r00,prps,1381,-69,-0.541741,1,0,1,0.00261799,0.15000,prps,0,3291
19561,19.561,1,4004,54004,lowband_largesig_r00,prps,1370,-80,-0.633736,15,0,15,0.03926991,2.25000,prps,0,3295
19581,19.581,1,4004,54004,lowband_largesig_r00,prps,1366,-84,-0.664234,27,0,27,0.07068583,4.05000,prps,0,3299
19601,19.601,1,4004,54004,lowband_largesig_r00,prps,1370,-80,-0.629314,37,0,37,0.09686577,5.55000,prps,0,3303
19621,19.621,1,4004,54004,lowband_largesig_r00,prps,1382,-68,-0.532799,41,0,41,0.10733775,6.15000,prps,0,3307
19641,19.641,1,4004,54004,lowband_largesig_r00,prps,1401,-49,-0.386183,42,0,42,0.10995574,6.30000,prps,0,3311
19661,19.661,1,4004,54004,lowband_largesig_r00,prps,1424,-26,-0.207463,41,0,41,0.10733775,6.15000,prps,0,3315
19681,19.681,1,4004,54004,lowband_largesig_r00,prps,1448,-2,-0.018988,35,0,35,0.09162979,5.25000,prps,0,3319
19701,19.701,1,4004,54004,lowband_largesig_r00,prps,1470,20,0.155376,26,0,26,0.06806784,3.90000,prps,0,3323
19721,19.721,1,4004,54004,lowband_largesig_r00,prps,1487,37,0.293394,15,0,15,0.03926991,2.25000,prps,0,3327
19741,19.741,1,4004,54004,lowband_largesig_r00,prps,1498,48,0.377421,4,0,4,0.01047198,0.60000,prps,0,3331
19761,19.761,1,4004,54004,lowband_largesig_r00,prps,1500,50,0.396757,-6,0,-6,-0.01570796,-0.90000,prps,0,3335
19781,19.781,1,4004,54004,lowband_largesig_r00,prps,1494,44,0.349008,-16,0,-16,-0.04188790,-2.40000,prps,0,3339
19801,19.801,1,4004,54004,lowband_largesig_r00,prps,1481,31,0.240262,-23,0,-23,-0.06021386,-3.45000,prps,0,3343
19821,19.821,1,4004,54004,lowband_largesig_r00,prps,1461,11,0.084023,-26,0,-26,-0.06806784,-3.90000,prps,0,3347
19841,19.841,1,4004,54004,lowband_largesig_r00,prps,1437,-13,-0.100913,-24,0,-24,-0.06283185,-3.60000,prps,0,3351
19861,19.861,1,4004,54004,lowband_largesig_r00,prps,1413,-37,-0.293320,-16,0,-16,-0.04188790,-2.40000,prps,0,3355
19881,19.881,1,4004,54004,lowband_largesig_r00,prps,1390,-60,-0.472695,-6,0,-6,-0.01570796,-0.90000,prps,0,3359
19901,19.901,1,4004,54004,lowband_largesig_r00,prps,1371,-79,-0.622201,8,0,8,0.02094395,1.20000,prps,0,3363
19921,19.921,1,4004,54004,lowband_largesig_r00,prps,1357,-93,-0.730938,22,0,22,0.05759586,3.30000,prps,0,3367
19941,19.941,1,4004,54004,lowband_largesig_r00,prps,1349,-101,-0.795208,34,0,34,0.08901179,5.10000,prps,0,3371
19961,19.961,1,4004,54004,lowband_largesig_r00,prps,1346,-104,-0.818576,44,0,44,0.11519173,6.60000,prps,0,3375
19981,19.981,1,4004,54004,lowband_largesig_r00,prps,1347,-103,-0.810739,53,0,53,0.13875367,7.95000,prps,0,3379
20001,20.001,1,4004,54004,lowband_largesig_r00,prps,1350,-100,-0.785426,56,0,56,0.14660765,8.40000,prps,0,3383
20021,20.021,1,4004,54004,lowband_largesig_r00,prps,1354,-96,-0.757675,57,0,57,0.14922565,8.55000,prps,0,3387
20041,20.041,1,4004,54004,lowband_largesig_r00,prps,1356,-94,-0.740972,57,0,57,0.14922565,8.55000,prps,0,3391
20061,20.061,1,4004,54004,lowband_largesig_r00,prps,1355,-95,-0.744711,57,0,57,0.14922565,8.55000,prps,0,3395
20081,20.081,1,4004,54004,lowband_largesig_r00,prps,1352,-98,-0.772417,57,0,57,0.14922565,8.55000,prps,0,3399
20101,20.101,1,4004,54004,lowband_largesig_r00,prps,1346,-104,-0.821027,58,0,58,0.15184364,8.70000,prps,0,3403
20121,20.121,1,4004,54004,lowband_largesig_r00,prps,1338,-112,-0.881320,58,0,58,0.15184364,8.70000,prps,0,3407
20141,20.141,1,4004,54004,lowband_largesig_r00,prps,1331,-119,-0.939442,59,0,59,0.15446164,8.85000,prps,0,3411
20161,20.161,1,4004,54004,lowband_largesig_r00,prps,1326,-124,-0.979250,61,0,61,0.15969762,9.15000,prps,0,3415
20181,20.181,1,4004,54004,lowband_largesig_r00,prps,1325,-125,-0.985072,64,0,64,0.16755160,9.60000,prps,0,3419
20201,20.201,1,4004,54004,lowband_largesig_r00,prps,1330,-120,-0.944436,66,0,66,0.17278760,9.90000,prps,0,3423
20221,20.221,1,4004,54004,lowband_largesig_r00,prps,1342,-108,-0.850290,68,0,68,0.17802358,10.20000,prps,0,3427
20241,20.241,1,4004,54004,lowband_largesig_r00,prps,1361,-89,-0.702369,69,0,69,0.18064158,10.35000,prps,0,3431
20261,20.261,1,4004,54004,lowband_largesig_r00,prps,1386,-64,-0.507465,67,0,67,0.17540560,10.05000,prps,0,3435
20281,20.281,1,4004,54004,lowband_largesig_r00,prps,1415,-35,-0.278587,61,0,61,0.15969762,9.15000,prps,0,3439
20301,20.301,1,4004,54004,lowband_largesig_r00,prps,1446,-4,-0.033139,53,0,53,0.13875367,7.95000,prps,0,3443
20321,20.321,1,4004,54004,lowband_largesig_r00,prps,1477,27,0.209569,40,0,40,0.10471976,6.00000,prps,0,3447
20341,20.341,1,4004,54004,lowband_largesig_r00,prps,1505,55,0.431056,22,0,22,0.05759586,3.30000,prps,0,3451
20361,20.361,1,4004,54004,lowband_largesig_r00,prps,1528,78,0.616225,4,0,4,0.01047198,0.60000,prps,0,3455
20381,20.381,1,4004,54004,lowband_largesig_r00,prps,1546,96,0.755313,-14,0,-14,-0.03665191,-2.10000,prps,0,3459
20401,20.401,1,4004,54004,lowband_largesig_r00,prps,1557,107,0.844950,-31,0,-31,-0.08115781,-4.65000,prps,0,3463
20421,20.421,1,4004,54004,lowband_largesig_r00,prps,1563,113,0.888176,-46,0,-46,-0.12042772,-6.90000,prps,0,3467
20441,20.441,1,4004,54004,lowband_largesig_r00,prps,1563,113,0.893469,-57,0,-57,-0.14922565,-8.55000,prps,0,3471
20461,20.461,1,4004,54004,lowband_largesig_r00,prps,1561,111,0.872952,-64,0,-64,-0.16755160,-9.60000,prps,0,3475
20481,20.481,1,4004,54004,lowband_largesig_r00,prps,1557,107,0.840138,-65,0,-65,-0.17016960,-9.75000,prps,0,3479
20501,20.501,1,4004,54004,lowband_largesig_r00,prps,1553,103,0.807584,-63,0,-63,-0.16493360,-9.45000,prps,0,3483
20521,20.521,1,4004,54004,lowband_largesig_r00,prps,1550,100,0.784864,-62,0,-62,-0.16231562,-9.30000,prps,0,3487
20541,20.541,1,4004,54004,lowband_largesig_r00,prps,1549,99,0.777176,-61,0,-61,-0.15969762,-9.15000,prps,0,3491
20561,20.561,1,4004,54004,lowband_largesig_r00,prps,1550,100,0.784802,-60,0,-60,-0.15707964,-9.00000,prps,0,3495
20581,20.581,1,4004,54004,lowband_largesig_r00,prps,1552,102,0.803459,-60,0,-60,-0.15707964,-9.00000,prps,0,3499
20601,20.601,1,4004,54004,lowband_largesig_r00,prps,1555,105,0.825454,-59,0,-59,-0.15446164,-8.85000,prps,0,3503
20621,20.621,1,4004,54004,lowband_largesig_r00,prps,1557,107,0.841383,-59,0,-59,-0.15446164,-8.85000,prps,0,3507
20641,20.641,1,4004,54004,lowband_largesig_r00,prps,1557,107,0.842075,-59,0,-59,-0.15446164,-8.85000,prps,0,3511
20661,20.661,1,4004,54004,lowband_largesig_r00,prps,1554,104,0.820404,-59,0,-59,-0.15446164,-8.85000,prps,0,3515
20681,20.681,1,4004,54004,lowband_largesig_r00,prps,1548,98,0.772660,-59,0,-59,-0.15446164,-8.85000,prps,0,3519
20701,20.701,1,4004,54004,lowband_largesig_r00,prps,1539,89,0.699255,-59,0,-59,-0.15446164,-8.85000,prps,0,3523
20721,20.721,1,4004,54004,lowband_largesig_r00,prps,1527,77,0.604654,-58,0,-58,-0.15184364,-8.70000,prps,0,3527
20741,20.741,1,4004,54004,lowband_largesig_r00,prps,1513,63,0.496575,-57,0,-57,-0.14922565,-8.55000,prps,0,3531
20761,20.761,1,4004,54004,lowband_largesig_r00,prps,1499,49,0.384628,-52,0,-52,-0.13613568,-7.80000,prps,0,3535
20781,20.781,1,4004,54004,lowband_largesig_r00,prps,1485,35,0.278661,-46,0,-46,-0.12042772,-6.90000,prps,0,3539
20801,20.801,1,4004,54004,lowband_largesig_r00,prps,1474,24,0.187116,-38,0,-38,-0.09948376,-5.70000,prps,0,3543
20821,20.821,1,4004,54004,lowband_largesig_r00,prps,1465,15,0.115691,-31,0,-31,-0.08115781,-4.65000,prps,0,3547
20841,20.841,1,4004,54004,lowband_largesig_r00,prps,1458,8,0.066556,-24,0,-24,-0.06283185,-3.60000,prps,0,3551
20861,20.861,1,4004,54004,lowband_largesig_r00,prps,1455,5,0.038213,-17,0,-17,-0.04450589,-2.55000,prps,0,3555
20881,20.881,1,4004,54004,lowband_largesig_r00,prps,1453,3,0.026040,-11,0,-11,-0.02879793,-1.65000,prps,0,3559
20901,20.901,1,4004,54004,lowband_largesig_r00,prps,1453,3,0.023360,-7,0,-7,-0.01832596,-1.05000,prps,0,3563
20921,20.921,1,4004,54004,lowband_largesig_r00,prps,1453,3,0.022838,-4,0,-4,-0.01047198,-0.60000,prps,0,3567
20941,20.941,1,4004,54004,lowband_largesig_r00,prps,1452,2,0.017930,-3,0,-3,-0.00785398,-0.45000,prps,0,3571
20961,20.961,1,4004,54004,lowband_largesig_r00,prps,1451,1,0.004105,-3,0,-3,-0.00785398,-0.45000,prps,0,3575
20981,20.981,1,4004,54004,lowband_largesig_r00,prps,1447,-3,-0.020382,-2,0,-2,-0.00523599,-0.30000,prps,0,3579
21001,21.001,1,4004,54004,lowband_largesig_r00,prps,1443,-7,-0.054287,-1,0,-1,-0.00261799,-0.15000,prps,0,3583
21021,21.021,1,4004,54004,lowband_largesig_r00,prps,1438,-12,-0.093788,1,0,1,0.00261799,0.15000,prps,0,3587
21041,21.041,1,4004,54004,lowband_largesig_r00,prps,1433,-17,-0.133394,2,0,2,0.00523599,0.30000,prps,0,3591
21061,21.061,1,4004,54004,lowband_largesig_r00,prps,1429,-21,-0.167174,4,0,4,0.01047198,0.60000,prps,0,3595
21081,21.081,1,4004,54004,lowband_largesig_r00,prps,1426,-24,-0.190061,6,0,6,0.01570796,0.90000,prps,0,3599
21101,21.101,1,4004,54004,lowband_largesig_r00,prps,1425,-25,-0.198970,8,0,8,0.02094395,1.20000,prps,0,3603
21121,21.121,1,4004,54004,lowband_largesig_r00,prps,1425,-25,-0.193512,9,0,9,0.02356194,1.35000,prps,0,3607
21141,21.141,1,4004,54004,lowband_largesig_r00,prps,1428,-22,-0.176178,10,0,10,0.02617994,1.50000,prps,0,3611
21161,21.161,1,4004,54004,lowband_largesig_r00,prps,1431,-19,-0.151929,11,0,11,0.02879793,1.65000,prps,0,3615
21181,21.181,1,4004,54004,lowband_largesig_r00,prps,1434,-16,-0.127310,11,0,11,0.02879793,1.65000,prps,0,3619
21201,21.201,1,4004,54004,lowband_largesig_r00,prps,1436,-14,-0.109222,11,0,11,0.02879793,1.65000,prps,0,3623
21221,21.221,1,4004,54004,lowband_largesig_r00,prps,1437,-13,-0.103602,10,0,10,0.02617994,1.50000,prps,0,3627
21241,21.241,1,4004,54004,lowband_largesig_r00,prps,1435,-15,-0.114261,10,0,10,0.02617994,1.50000,prps,0,3631
21261,21.261,1,4004,54004,lowband_largesig_r00,prps,1432,-18,-0.142102,10,0,10,0.02617994,1.50000,prps,0,3635
21281,21.281,1,4004,54004,lowband_largesig_r00,prps,1427,-23,-0.184854,11,0,11,0.02879793,1.65000,prps,0,3639
21301,21.301,1,4004,54004,lowband_largesig_r00,prps,1420,-30,-0.237401,11,0,11,0.02879793,1.65000,prps,0,3643
21321,21.321,1,4004,54004,lowband_largesig_r00,prps,1413,-37,-0.292612,12,0,12,0.03141592,1.80000,prps,0,3647
21341,21.341,1,4004,54004,lowband_largesig_r00,prps,1406,-44,-0.342558,14,0,14,0.03665191,2.10000,prps,0,3651
21361,21.361,1,4004,54004,lowband_largesig_r00,prps,1402,-48,-0.379857,16,0,16,0.04188790,2.40000,prps,0,3655
21381,21.381,1,4004,54004,lowband_largesig_r00,prps,1399,-51,-0.398931,19,0,19,0.04974188,2.85000,prps,0,3659
21401,21.401,1,4004,54004,lowband_largesig_r00,prps,1400,-50,-0.396931,20,0,20,0.05235988,3.00000,prps,0,3663
21421,21.421,1,4004,54004,lowband_largesig_r00,prps,1402,-48,-0.374164,21,0,21,0.05497787,3.15000,prps,0,3667
21441,21.441,1,4004,54004,lowband_largesig_r00,prps,1408,-42,-0.333967,22,0,22,0.05759586,3.30000,prps,0,3671
21461,21.461,1,4004,54004,lowband_largesig_r00,prps,1414,-36,-0.282047,22,0,22,0.05759586,3.30000,prps,0,3675
21481,21.481,1,4004,54004,lowband_largesig_r00,prps,1421,-29,-0.225425,22,0,22,0.05759586,3.30000,prps,0,3679
21501,21.501,1,4004,54004,lowband_largesig_r00,prps,1428,-22,-0.171198,22,0,22,0.05759586,3.30000,prps,0,3683
21521,21.521,1,4004,54004,lowband_largesig_r00,prps,1434,-16,-0.125331,22,0,22,0.05759586,3.30000,prps,0,3687
21541,21.541,1,4004,54004,lowband_largesig_r00,prps,1438,-12,-0.091738,21,0,21,0.05497787,3.15000,prps,0,3691
21561,21.561,1,4004,54004,lowband_largesig_r00,prps,1441,-9,-0.071788,17,0,17,0.04450589,2.55000,prps,0,3695
21581,21.581,1,4004,54004,lowband_largesig_r00,prps,1442,-8,-0.064338,14,0,14,0.03665191,2.10000,prps,0,3699
21601,21.601,1,4004,54004,lowband_largesig_r00,prps,1442,-8,-0.066251,11,0,11,0.02879793,1.65000,prps,0,3703
21621,21.621,1,4004,54004,lowband_largesig_r00,prps,1441,-9,-0.073307,9,0,9,0.02356194,1.35000,prps,0,3707
21641,21.641,1,4004,54004,lowband_largesig_r00,prps,1440,-10,-0.081274,9,0,9,0.02356194,1.35000,prps,0,3711
21661,21.661,1,4004,54004,lowband_largesig_r00,prps,1439,-11,-0.086943,9,0,9,0.02356194,1.35000,prps,0,3715
21681,21.681,1,4004,54004,lowband_largesig_r00,prps,1439,-11,-0.088887,9,0,9,0.02356194,1.35000,prps,0,3719
21701,21.701,1,4004,54004,lowband_largesig_r00,prps,1439,-11,-0.087791,9,0,9,0.02356194,1.35000,prps,0,3723
21721,21.721,1,4004,54004,lowband_largesig_r00,prps,1439,-11,-0.086262,9,0,9,0.02356194,1.35000,prps,0,3727
21741,21.741,1,4004,54004,lowband_largesig_r00,prps,1439,-11,-0.088167,9,0,9,0.02356194,1.35000,prps,0,3731
21761,21.761,1,4004,54004,lowband_largesig_r00,prps,1438,-12,-0.097616,9,0,9,0.02356194,1.35000,prps,0,3735
21781,21.781,1,4004,54004,lowband_largesig_r00,prps,1435,-15,-0.117810,9,0,9,0.02356194,1.35000,prps,0,3739
21801,21.801,1,4004,54004,lowband_largesig_r00,prps,1431,-19,-0.149995,9,0,9,0.02356194,1.35000,prps,0,3743
21821,21.821,1,4004,54004,lowband_largesig_r00,prps,1426,-24,-0.192768,9,0,9,0.02356194,1.35000,prps,0,3747
21841,21.841,1,4004,54004,lowband_largesig_r00,prps,1419,-31,-0.241910,10,0,10,0.02617994,1.50000,prps,0,3751
21861,21.861,1,4004,54004,lowband_largesig_r00,prps,1413,-37,-0.290825,11,0,11,0.02879793,1.65000,prps,0,3755
21881,21.881,1,4004,54004,lowband_largesig_r00,prps,1408,-42,-0.331554,13,0,13,0.03403392,1.95000,prps,0,3759
21901,21.901,1,4004,54004,lowband_largesig_r00,prps,1405,-45,-0.356203,15,0,15,0.03926991,2.25000,prps,0,3763
21921,21.921,1,4004,54004,lowband_largesig_r00,prps,1404,-46,-0.358532,18,0,18,0.04712389,2.70000,prps,0,3767
21941,21.941,1,4004,54004,lowband_largesig_r00,prps,1407,-43,-0.335414,20,0,20,0.05235988,3.00000,prps,0,3771
21961,21.961,1,4004,54004,lowband_largesig_r00,prps,1413,-37,-0.287852,20,0,20,0.05235988,3.00000,prps,0,3775
21981,21.981,1,4004,54004,lowband_largesig_r00,prps,1422,-28,-0.221326,20,0,20,0.05235988,3.00000,prps,0,3779
22001,22.001,1,4004,54004,lowband_largesig_r00,prps,1432,-18,-0.145346,20,0,20,0.05235988,3.00000,prps,0,3783
22021,22.021,1,4004,54004,lowband_largesig_r00,prps,1441,-9,-0.072204,20,0,20,0.05235988,3.00000,prps,0,3787
22041,22.041,1,4004,54004,lowband_largesig_r00,prps,1448,-2,-0.015115,19,0,19,0.04974188,2.85000,prps,0,3791
22061,22.061,1,4004,54004,lowband_largesig_r00,prps,1452,2,0.014007,15,0,15,0.03926991,2.25000,prps,0,3795
22081,22.081,1,4004,54004,lowband_largesig_r00,prps,1451,1,0.006735,11,0,11,0.02879793,1.65000,prps,0,3799
22101,22.101,1,4004,54004,lowband_largesig_r00,prps,1445,-5,-0.040086,8,0,8,0.02094395,1.20000,prps,0,3803
22121,22.121,1,4004,54004,lowband_largesig_r00,prps,1434,-16,-0.123305,7,0,7,0.01832596,1.05000,prps,0,3807
22141,22.141,1,4004,54004,lowband_largesig_r00,prps,1420,-30,-0.233419,7,0,7,0.01832596,1.05000,prps,0,3811
22161,22.161,1,4004,54004,lowband_largesig_r00,prps,1405,-45,-0.355579,8,0,8,0.02094395,1.20000,prps,0,3815
22181,22.181,1,4004,54004,lowband_largesig_r00,prps,1390,-60,-0.471562,11,0,11,0.02879793,1.65000,prps,0,3819
22201,22.201,1,4004,54004,lowband_largesig_r00,prps,1379,-71,-0.562431,17,0,17,0.04450589,2.55000,prps,0,3823
22221,22.221,1,4004,54004,lowband_largesig_r00,prps,1372,-78,-0.611493,23,0,23,0.06021386,3.45000,prps,0,3827
22241,22.241,1,4004,54004,lowband_largesig_r00,prps,1373,-77,-0.607082,29,0,29,0.07592182,4.35000,prps,0,3831
22261,22.261,1,4004,54004,lowband_largesig_r00,prps,1381,-69,-0.544709,34,0,34,0.08901179,5.10000,prps,0,3835
22281,22.281,1,4004,54004,lowband_largesig_r00,prps,1396,-54,-0.428211,38,0,38,0.09948376,5.70000,prps,0,3839
22301,22.301,1,4004,54004,lowband_largesig_r00,prps,1416,-34,-0.269656,39,0,39,0.10210176,5.85000,prps,0,3843
22321,22.321,1,4004,54004,lowband_largesig_r00,prps,1439,-11,-0.087981,37,0,37,0.09686577,5.55000,prps,0,3847
22341,22.341,1,4004,54004,lowband_largesig_r00,prps,1462,12,0.093477,30,0,30,0.07853982,4.50000,prps,0,3851
22361,22.361,1,4004,54004,lowband_largesig_r00,prps,1482,32,0.250210,19,0,19,0.04974188,2.85000,prps,0,3855
22381,22.381,1,4004,54004,lowband_largesig_r00,prps,1496,46,0.360059,7,0,7,0.01832596,1.05000,prps,0,3859
22401,22.401,1,4004,54004,lowband_largesig_r00,prps,1502,52,0.406479,-3,0,-3,-0.00785398,-0.45000,prps,0,3863
22421,22.421,1,4004,54004,lowband_largesig_r00,prps,1498,48,0.381064,-13,0,-13,-0.03403392,-1.95000,prps,0,3867
22441,22.441,1,4004,54004,lowband_largesig_r00,prps,1486,36,0.284928,-21,0,-21,-0.05497787,-3.15000,prps,0,3871
22461,22.461,1,4004,54004,lowband_largesig_r00,prps,1466,16,0.128726,-25,0,-25,-0.06544985,-3.75000,prps,0,3875
22481,22.481,1,4004,54004,lowband_largesig_r00,prps,1441,-9,-0.068695,-23,0,-23,-0.06021386,-3.45000,prps,0,3879
22501,22.501,1,4004,54004,lowband_largesig_r00,prps,1414,-36,-0.282824,-17,0,-17,-0.04450589,-2.55000,prps,0,3883
22521,22.521,1,4004,54004,lowband_largesig_r00,prps,1388,-62,-0.486799,-7,0,-7,-0.01832596,-1.05000,prps,0,3887
22541,22.541,1,4004,54004,lowband_largesig_r00,prps,1367,-83,-0.655035,7,0,7,0.01832596,1.05000,prps,0,3891
22561,22.561,1,4004,54004,lowband_largesig_r00,prps,1353,-97,-0.766589,22,0,22,0.05759586,3.30000,prps,0,3895
22581,22.581,1,4004,54004,lowband_largesig_r00,prps,1347,-103,-0.807814,35,0,35,0.09162979,5.25000,prps,0,3899
22601,22.601,1,4004,54004,lowband_largesig_r00,prps,1352,-98,-0.773892,47,0,47,0.12304571,7.05000,prps,0,3903
22621,22.621,1,4004,54004,lowband_largesig_r00,prps,1365,-85,-0.669083,56,0,56,0.14660765,8.40000,prps,0,3907
22641,22.641,1,4004,54004,lowband_largesig_r00,prps,1386,-64,-0.505681,60,0,60,0.15707964,9.00000,prps,0,3911
22661,22.661,1,4004,54004,lowband_largesig_r00,prps,1412,-38,-0.301892,58,0,58,0.15184364,8.70000,prps,0,3915
22681,22.681,1,4004,54004,lowband_largesig_r00,prps,1440,-10,-0.079011,50,0,50,0.13089970,7.50000,prps,0,3919
22701,22.701,1,4004,54004,lowband_largesig_r00,prps,1468,18,0.141660,38,0,38,0.09948376,5.70000,prps,0,3923
22721,22.721,1,4004,54004,lowband_largesig_r00,prps,1493,43,0.341646,22,0,22,0.05759586,3.30000,prps,0,3927
22741,22.741,1,4004,54004,lowband_largesig_r00,prps,1514,64,0.507492,7,0,7,0.01832596,1.05000,prps,0,3931
22761,22.761,1,4004,54004,lowband_largesig_r00,prps,1530,80,0.631994,-8,0,-8,-0.02094395,-1.20000,prps,0,3935
22781,22.781,1,4004,54004,lowband_largesig_r00,prps,1541,91,0.714362,-23,0,-23,-0.06021386,-3.45000,prps,0,3939
22801,22.801,1,4004,54004,lowband_largesig_r00,prps,1546,96,0.759366,-36,0,-36,-0.09424778,-5.40000,prps,0,3943
22821,22.821,1,4004,54004,lowband_largesig_r00,prps,1549,99,0.775673,-46,0,-46,-0.12042772,-6.90000,prps,0,3947
22841,22.841,1,4004,54004,lowband_largesig_r00,prps,1548,98,0.773738,-52,0,-52,-0.13613568,-7.80000,prps,0,3951
22861,22.861,1,4004,54004,lowband_largesig_r00,prps,1547,97,0.763620,-56,0,-56,-0.14660765,-8.40000,prps,0,3955
22881,22.881,1,4004,54004,lowband_largesig_r00,prps,1546,96,0.753133,-58,0,-58,-0.15184364,-8.70000,prps,0,3959
22901,22.901,1,4004,54004,lowband_largesig_r00,prps,1545,95,0.746615,-58,0,-58,-0.15184364,-8.70000,prps,0,3963
22921,22.921,1,4004,54004,lowband_largesig_r00,prps,1545,95,0.744498,-57,0,-57,-0.14922565,-8.55000,prps,0,3967
22941,22.941,1,4004,54004,lowband_largesig_r00,prps,1544,94,0.743709,-57,0,-57,-0.14922565,-8.55000,prps,0,3971
22961,22.961,1,4004,54004,lowband_largesig_r00,prps,1544,94,0.738761,-56,0,-56,-0.14660765,-8.40000,prps,0,3975
22981,22.981,1,4004,54004,lowband_largesig_r00,prps,1542,92,0.723300,-56,0,-56,-0.14660765,-8.40000,prps,0,3979
23001,23.001,1,4004,54004,lowband_largesig_r00,prps,1538,88,0.691775,-56,0,-56,-0.14660765,-8.40000,prps,0,3983
23021,23.021,1,4004,54004,lowband_largesig_r00,prps,1531,81,0.640913,-55,0,-55,-0.14398966,-8.25000,prps,0,3987
23041,23.041,1,4004,54004,lowband_largesig_r00,prps,1522,72,0.570699,-53,0,-53,-0.13875367,-7.95000,prps,0,3991
23061,23.061,1,4004,54004,lowband_largesig_r00,prps,1512,62,0.484703,-51,0,-51,-0.13351768,-7.65000,prps,0,3995
23081,23.081,1,4004,54004,lowband_largesig_r00,prps,1499,49,0.389687,-47,0,-47,-0.12304571,-7.05000,prps,0,3999
23101,23.101,1,4004,54004,lowband_largesig_r00,prps,1487,37,0.294568,-43,0,-43,-0.11257374,-6.45000,prps,0,4003
23121,23.121,1,4004,54004,lowband_largesig_r00,prps,1477,27,0.208958,-37,0,-37,-0.09686577,-5.55000,prps,0,4007
23141,23.141,1,4004,54004,lowband_largesig_r00,prps,1468,18,0.141543,-31,0,-31,-0.08115781,-4.65000,prps,0,4011
23161,23.161,1,4004,54004,lowband_largesig_r00,prps,1463,13,0.098596,-25,0,-25,-0.06544985,-3.75000,prps,0,4015
23181,23.181,1,4004,54004,lowband_largesig_r00,prps,1461,11,0.082916,-18,0,-18,-0.04712389,-2.70000,prps,0,4019
23201,23.201,1,4004,54004,lowband_largesig_r00,prps,1462,12,0.093362,-14,0,-14,-0.03665191,-2.10000,prps,0,4023
23221,23.221,1,4004,54004,lowband_largesig_r00,prps,1466,16,0.125066,-10,0,-10,-0.02617994,-1.50000,prps,0,4027
23241,23.241,1,4004,54004,lowband_largesig_r00,prps,1472,22,0.170284,-9,0,-9,-0.02356194,-1.35000,prps,0,4031
23261,23.261,1,4004,54004,lowband_largesig_r00,prps,1478,28,0.219708,-9,0,-9,-0.02356194,-1.35000,prps,0,4035
23281,23.281,1,4004,54004,lowband_largesig_r00,prps,1484,34,0.264018,-9,0,-9,-0.02356194,-1.35000,prps,0,4039
23301,23.301,1,4004,54004,lowband_largesig_r00,prps,1488,38,0.295375,-9,0,-9,-0.02356194,-1.35000,prps,0,4043
23321,23.321,1,4004,54004,lowband_largesig_r00,prps,1489,39,0.308607,-10,0,-10,-0.02617994,-1.50000,prps,0,4047
23341,23.341,1,4004,54004,lowband_largesig_r00,prps,1488,38,0.301887,-12,0,-12,-0.03141592,-1.80000,prps,0,4051
23361,23.361,1,4004,54004,lowband_largesig_r00,prps,1485,35,0.276797,-16,0,-16,-0.04188790,-2.40000,prps,0,4055
23381,23.381,1,4004,54004,lowband_largesig_r00,prps,1480,30,0.237805,-18,0,-18,-0.04712389,-2.70000,prps,0,4059
23401,23.401,1,4004,54004,lowband_largesig_r00,prps,1474,24,0.191258,-18,0,-18,-0.04712389,-2.70000,prps,0,4063
23421,23.421,1,4004,54004,lowband_largesig_r00,prps,1468,18,0.144119,-18,0,-18,-0.04712389,-2.70000,prps,0,4067
23441,23.441,1,4004,54004,lowband_largesig_r00,prps,1463,13,0.102672,-18,0,-18,-0.04712389,-2.70000,prps,0,4071
23461,23.461,1,4004,54004,lowband_largesig_r00,prps,1459,9,0.071458,-17,0,-17,-0.04450589,-2.55000,prps,0,4075
23481,23.481,1,4004,54004,lowband_largesig_r00,prps,1457,7,0.052616,-15,0,-15,-0.03926991,-2.25000,prps,0,4079
23501,23.501,1,4004,54004,lowband_largesig_r00,prps,1456,6,0.045744,-12,0,-12,-0.03141592,-1.80000,prps,0,4083
23521,23.521,1,4004,54004,lowband_largesig_r00,prps,1456,6,0.048284,-9,0,-9,-0.02356194,-1.35000,prps,0,4087
23541,23.541,1,4004,54004,lowband_largesig_r00,prps,1457,7,0.056322,-7,0,-7,-0.01832596,-1.05000,prps,0,4091
23561,23.561,1,4004,54004,lowband_largesig_r00,prps,1458,8,0.065629,-7,0,-7,-0.01832596,-1.05000,prps,0,4095
23581,23.581,1,4004,54004,lowband_largesig_r00,prps,1459,9,0.072719,-6,0,-6,-0.01570796,-0.90000,prps,0,4099
23601,23.601,1,4004,54004,lowband_largesig_r00,prps,1460,10,0.075698,-5,0,-5,-0.01308997,-0.75000,prps,0,4103
23621,23.621,1,4004,54004,lowband_largesig_r00,prps,1459,9,0.074726,-4,0,-4,-0.01047198,-0.60000,prps,0,4107
23641,23.641,1,4004,54004,lowband_largesig_r00,prps,1459,9,0.071996,-4,0,-4,-0.01047198,-0.60000,prps,0,4111
23661,23.661,1,4004,54004,lowband_largesig_r00,prps,1459,9,0.071226,-4,0,-4,-0.01047198,-0.60000,prps,0,4115
23681,23.681,1,4004,54004,lowband_largesig_r00,prps,1460,10,0.076770,-4,0,-4,-0.01047198,-0.60000,prps,0,4119
23701,23.701,1,4004,54004,lowband_largesig_r00,prps,1462,12,0.092519,-4,0,-4,-0.01047198,-0.60000,prps,0,4123
23721,23.721,1,4004,54004,lowband_largesig_r00,prps,1465,15,0.120828,-4,0,-4,-0.01047198,-0.60000,prps,0,4127
23741,23.741,1,4004,54004,lowband_largesig_r00,prps,1471,21,0.161688,-4,0,-4,-0.01047198,-0.60000,prps,0,4131
23761,23.761,1,4004,54004,lowband_largesig_r00,prps,1477,27,0.212330,-5,0,-5,-0.01308997,-0.75000,prps,0,4135
23781,23.781,1,4004,54004,lowband_largesig_r00,prps,1484,34,0.267358,-6,0,-6,-0.01570796,-0.90000,prps,0,4139
23801,23.801,1,4004,54004,lowband_largesig_r00,prps,1491,41,0.319419,-8,0,-8,-0.02094395,-1.20000,prps,0,4143
23821,23.821,1,4004,54004,lowband_largesig_r00,prps,1496,46,0.360306,-11,0,-11,-0.02879793,-1.65000,prps,0,4147
23841,23.841,1,4004,54004,lowband_largesig_r00,prps,1499,49,0.382296,-15,0,-15,-0.03926991,-2.25000,prps,0,4151
23861,23.861,1,4004,54004,lowband_largesig_r00,prps,1498,48,0.379494,-19,0,-19,-0.04974188,-2.85000,prps,0,4155
23881,23.881,1,4004,54004,lowband_largesig_r00,prps,1494,44,0.348920,-22,0,-22,-0.05759586,-3.30000,prps,0,4159
23901,23.901,1,4004,54004,lowband_largesig_r00,prps,1487,37,0.291143,-24,0,-24,-0.06283185,-3.60000,prps,0,4163
23921,23.921,1,4004,54004,lowband_largesig_r00,prps,1477,27,0.210324,-24,0,-24,-0.06283185,-3.60000,prps,0,4167
23941,23.941,1,4004,54004,lowband_largesig_r00,prps,1464,14,0.113647,-23,0,-23,-0.06021386,-3.45000,prps,0,4171
23961,23.961,1,4004,54004,lowband_largesig_r00,prps,1451,1,0.010232,-21,0,-21,-0.05497787,-3.15000,prps,0,4175
23981,23.981,1,4004,54004,lowband_largesig_r00,prps,1439,-11,-0.090288,-17,0,-17,-0.04450589,-2.55000,prps,0,4179
24001,24.001,1,4004,54004,lowband_largesig_r00,prps,1427,-23,-0.179273,-10,0,-10,-0.02617994,-1.50000,prps,0,4183
24021,24.021,1,4004,54004,lowband_largesig_r00,prps,1418,-32,-0.250392,-3,0,-3,-0.00785398,-0.45000,prps,0,4187
24041,24.041,1,4004,54004,lowband_largesig_r00,prps,1412,-38,-0.300512,5,0,5,0.01308997,0.75000,prps,0,4191
24061,24.061,1,4004,54004,lowband_largesig_r00,prps,1408,-42,-0.330004,11,0,11,0.02879793,1.65000,prps,0,4195
24081,24.081,1,4004,54004,lowband_largesig_r00,prps,1407,-43,-0.342398,17,0,17,0.04450589,2.55000,prps,0,4199
24101,24.101,1,4004,54004,lowband_largesig_r00,prps,1406,-44,-0.343472,20,0,20,0.05235988,3.00000,prps,0,4203
24121,24.121,1,4004,54004,lowband_largesig_r00,prps,1407,-43,-0.339931,20,0,20,0.05235988,3.00000,prps,0,4207
24141,24.141,1,4004,54004,lowband_largesig_r00,prps,1407,-43,-0.337945,20,0,20,0.05235988,3.00000,prps,0,4211
24161,24.161,1,4004,54004,lowband_largesig_r00,prps,1407,-43,-0.341817,20,0,20,0.05235988,3.00000,prps,0,4215
24181,24.181,1,4004,54004,lowband_largesig_r00,prps,1405,-45,-0.353053,20,0,20,0.05235988,3.00000,prps,0,4219
24201,24.201,1,4004,54004,lowband_largesig_r00,prps,1403,-47,-0.370021,21,0,21,0.05497787,3.15000,prps,0,4223
24221,24.221,1,4004,54004,lowband_largesig_r00,prps,1401,-49,-0.388274,22,0,22,0.05759586,3.30000,prps,0,4227
24241,24.241,1,4004,54004,lowband_largesig_r00,prps,1399,-51,-0.401503,23,0,23,0.06021386,3.45000,prps,0,4231
24261,24.261,1,4004,54004,lowband_largesig_r00,prps,1399,-51,-0.402936,23,0,23,0.06021386,3.45000,prps,0,4235
24281,24.281,1,4004,54004,lowband_largesig_r00,prps,1401,-49,-0.386935,24,0,24,0.06283185,3.60000,prps,0,4239
24301,24.301,1,4004,54004,lowband_largesig_r00,prps,1405,-45,-0.350468,25,0,25,0.06544985,3.75000,prps,0,4243
24321,24.321,1,4004,54004,lowband_largesig_r00,prps,1413,-37,-0.294164,25,0,25,0.06544985,3.75000,prps,0,4247
24341,24.341,1,4004,54004,lowband_largesig_r00,prps,1422,-28,-0.222722,25,0,25,0.06544985,3.75000,prps,0,4251
24361,24.361,1,4004,54004,lowband_largesig_r00,prps,1432,-18,-0.144551,25,0,25,0.06544985,3.75000,prps,0,4255
24381,24.381,1,4004,54004,lowband_largesig_r00,prps,1441,-9,-0.070656,23,0,23,0.06021386,3.45000,prps,0,4259
24401,24.401,1,4004,54004,lowband_largesig_r00,prps,1448,-2,-0.012944,18,0,18,0.04712389,2.70000,prps,0,4263
24421,24.421,1,4004,54004,lowband_largesig_r00,prps,1452,2,0.017781,13,0,13,0.03403392,1.95000,prps,0,4267
24441,24.441,1,4004,54004,lowband_largesig_r00,prps,1452,2,0.013785,9,0,9,0.02356194,1.35000,prps,0,4271
24461,24.461,1,4004,54004,lowband_largesig_r00,prps,1446,-4,-0.028034,6,0,6,0.01570796,0.90000,prps,0,4275
24481,24.481,1,4004,54004,lowband_largesig_r00,prps,1437,-13,-0.105277,4,0,4,0.01047198,0.60000,prps,0,4279
24501,24.501,1,4004,54004,lowband_largesig_r00,prps,1423,-27,-0.210080,5,0,5,0.01308997,0.75000,prps,0,4283
24521,24.521,1,4004,54004,lowband_largesig_r00,prps,1408,-42,-0.330078,6,0,6,0.01570796,0.90000,prps,0,4287
24541,24.541,1,4004,54004,lowband_largesig_r00,prps,1393,-57,-0.450183,10,0,10,0.02617994,1.50000,prps,0,4291
24561,24.561,1,4004,54004,lowband_largesig_r00,prps,1380,-70,-0.554905,16,0,16,0.04188790,2.40000,prps,0,4295
24581,24.581,1,4004,54004,lowband_largesig_r00,prps,1370,-80,-0.630839,23,0,23,0.06021386,3.45000,prps,0,4299
24601,24.601,1,4004,54004,lowband_largesig_r00,prps,1365,-85,-0.668898,29,0,29,0.07592182,4.35000,prps,0,4303
24621,24.621,1,4004,54004,lowband_largesig_r00,prps,1365,-85,-0.665899,35,0,35,0.09162979,5.25000,prps,0,4307
24641,24.641,1,4004,54004,lowband_largesig_r00,prps,1371,-79,-0.625215,40,0,40,0.10471976,6.00000,prps,0,4311
24661,24.661,1,4004,54004,lowband_largesig_r00,prps,1379,-71,-0.556335,43,0,43,0.11257374,6.45000,prps,0,4315
24681,24.681,1,4004,54004,lowband_largesig_r00,prps,1390,-60,-0.473390,45,0,45,0.11780972,6.75000,prps,0,4319
24701,24.701,1,4004,54004,lowband_largesig_r00,prps,1400,-50,-0.392842,44,0,44,0.11519173,6.60000,prps,0,4323
24721,24.721,1,4004,54004,lowband_largesig_r00,prps,1408,-42,-0.330712,42,0,42,0.10995574,6.30000,prps,0,4327
24741,24.741,1,4004,54004,lowband_largesig_r00,prps,1412,-38,-0.299793,37,0,37,0.09686577,5.55000,prps,0,4331
24761,24.761,1,4004,54004,lowband_largesig_r00,prps,1411,-39,-0.307323,31,0,31,0.08115781,4.65000,prps,0,4335
24781,24.781,1,4004,54004,lowband_largesig_r00,prps,1405,-45,-0.353513,27,0,27,0.07068583,4.05000,prps,0,4339
24801,24.801,1,4004,54004,lowband_largesig_r00,prps,1395,-55,-0.431213,24,0,24,0.06283185,3.60000,prps,0,4343
24821,24.821,1,4004,54004,lowband_largesig_r00,prps,1383,-67,-0.526788,23,0,23,0.06021386,3.45000,prps,0,4347
24841,24.841,1,4004,54004,lowband_largesig_r00,prps,1371,-79,-0.622111,24,0,24,0.06283185,3.60000,prps,0,4351
24861,24.861,1,4004,54004,lowband_largesig_r00,prps,1361,-89,-0.697367,29,0,29,0.07592182,4.35000,prps,0,4355
24881,24.881,1,4004,54004,lowband_largesig_r00,prps,1357,-93,-0.734232,35,0,35,0.09162979,5.25000,prps,0,4359
24901,24.901,1,4004,54004,lowband_largesig_r00,prps,1359,-91,-0.718922,41,0,41,0.10733775,6.15000,prps,0,4363
24921,24.921,1,4004,54004,lowband_largesig_r00,prps,1368,-82,-0.644630,45,0,45,0.11780972,6.75000,prps,0,4367
24941,24.941,1,4004,54004,lowband_largesig_r00,prps,1385,-65,-0.512923,48,0,48,0.12566370,7.20000,prps,0,4371
24961,24.961,1,4004,54004,lowband_largesig_r00,prps,1408,-42,-0.333890,48,0,48,0.12566370,7.20000,prps,0,4375
24981,24.981,1,4004,54004,lowband_largesig_r00,prps,1434,-16,-0.124976,45,0,45,0.11780972,6.75000,prps,0,4379
25001,25.001,1,4004,54004,lowband_largesig_r00,prps,1462,12,0.091330,36,0,36,0.09424778,5.40000,prps,0,4383
25021,25.021,1,4004,54004,lowband_largesig_r00,prps,1487,37,0.290597,23,0,23,0.06021386,3.45000,prps,0,4387
25041,25.041,1,4004,54004,lowband_largesig_r00,prps,1507,57,0.449885,9,0,9,0.02356194,1.35000,prps,0,4391
25061,25.061,1,4004,54004,lowband_largesig_r00,prps,1520,70,0.550979,-4,0,-4,-0.01047198,-0.60000,prps,0,4395
25081,25.081,1,4004,54004,lowband_largesig_r00,prps,1524,74,0.582939,-17,0,-17,-0.04450589,-2.55000,prps,0,4399
25101,25.101,1,4004,54004,lowband_largesig_r00,prps,1519,69,0.543589,-29,0,-29,-0.07592182,-4.35000,prps,0,4403
25121,25.121,1,4004,54004,lowband_largesig_r00,prps,1506,56,0.439728,-36,0,-36,-0.09424778,-5.40000,prps,0,4407
25141,25.141,1,4004,54004,lowband_largesig_r00,prps,1486,36,0.286064,-39,0,-39,-0.10210176,-5.85000,prps,0,4411
25161,25.161,1,4004,54004,lowband_largesig_r00,prps,1463,13,0.103052,-37,0,-37,-0.09686577,-5.55000,prps,0,4415
25181,25.181,1,4004,54004,lowband_largesig_r00,prps,1439,-11,-0.086022,-30,0,-30,-0.07853982,-4.50000,prps,0,4419
25201,25.201,1,4004,54004,lowband_largesig_r00,prps,1417,-33,-0.258231,-20,0,-20,-0.05235988,-3.00000,prps,0,4423
25221,25.221,1,4004,54004,lowband_largesig_r00,prps,1400,-50,-0.394022,-7,0,-7,-0.01832596,-1.05000,prps,0,4427
25241,25.241,1,4004,54004,lowband_largesig_r00,prps,1389,-61,-0.479591,6,0,6,0.01570796,0.90000,prps,0,4431
25261,25.261,1,4004,54004,lowband_largesig_r00,prps,1385,-65,-0.508314,18,0,18,0.04712389,2.70000,prps,0,4435
25281,25.281,1,4004,54004,lowband_largesig_r00,prps,1389,-61,-0.481069,27,0,27,0.07068583,4.05000,prps,0,4439
25301,25.301,1,4004,54004,lowband_largesig_r00,prps,1399,-51,-0.405470,31,0,31,0.08115781,4.65000,prps,0,4443
25321,25.321,1,4004,54004,lowband_largesig_r00,prps,1413,-37,-0.294205,32,0,32,0.08377580,4.80000,prps,0,4447
25341,25.341,1,4004,54004,lowband_largesig_r00,prps,1429,-21,-0.162790,31,0,31,0.08115781,4.65000,prps,0,4451
25361,25.361,1,4004,54004,lowband_largesig_r00,prps,1447,-3,-0.027130,28,0,28,0.07330382,4.20000,prps,0,4455
25381,25.381,1,4004,54004,lowband_largesig_r00,prps,1463,13,0.098727,20,0,20,0.05235988,3.00000,prps,0,4459
25401,25.401,1,4004,54004,lowband_largesig_r00,prps,1476,26,0.204300,12,0,12,0.03141592,1.80000,prps,0,4463
25421,25.421,1,4004,54004,lowband_largesig_r00,prps,1486,36,0.283650,4,0,4,0.01047198,0.60000,prps,0,4467
25441,25.441,1,4004,54004,lowband_largesig_r00,prps,1493,43,0.335517,-2,0,-2,-0.00523599,-0.30000,prps,0,4471
25461,25.461,1,4004,54004,lowband_largesig_r00,prps,1496,46,0.362714,-9,0,-9,-0.02356194,-1.35000,prps,0,4475
25481,25.481,1,4004,54004,lowband_largesig_r00,prps,1497,47,0.370941,-16,0,-16,-0.04188790,-2.40000,prps,0,4479
25501,25.501,1,4004,54004,lowband_largesig_r00,prps,1497,47,0.367299,-21,0,-21,-0.05497787,-3.15000,prps,0,4483
25521,25.521,1,4004,54004,lowband_largesig_r00,prps,1496,46,0.358803,-24,0,-24,-0.06283185,-3.60000,prps,0,4487
25541,25.541,1,4004,54004,lowband_largesig_r00,prps,1495,45,0.351153,-26,0,-26,-0.06806784,-3.90000,prps,0,4491
25561,25.561,1,4004,54004,lowband_largesig_r00,prps,1494,44,0.347961,-26,0,-26,-0.06806784,-3.90000,prps,0,4495
25581,25.581,1,4004,54004,lowband_largesig_r00,prps,1495,45,0.350521,-26,0,-26,-0.06806784,-3.90000,prps,0,4499
25601,25.601,1,4004,54004,lowband_largesig_r00,prps,1495,45,0.358100,-25,0,-25,-0.06544985,-3.75000,prps,0,4503
25621,25.621,1,4004,54004,lowband_largesig_r00,prps,1497,47,0.368618,-25,0,-25,-0.06544985,-3.75000,prps,0,4507
25641,25.641,1,4004,54004,lowband_largesig_r00,prps,1498,48,0.379527,-25,0,-25,-0.06544985,-3.75000,prps,0,4511
25661,25.661,1,4004,54004,lowband_largesig_r00,prps,1499,49,0.388664,-25,0,-25,-0.06544985,-3.75000,prps,0,4515
25681,25.681,1,4004,54004,lowband_largesig_r00,prps,1500,50,0.394884,-25,0,-25,-0.06544985,-3.75000,prps,0,4519
25701,25.701,1,4004,54004,lowband_largesig_r00,prps,1501,51,0.398326,-25,0,-25,-0.06544985,-3.75000,prps,0,4523
25721,25.721,1,4004,54004,lowband_largesig_r00,prps,1501,51,0.400272,-26,0,-26,-0.06806784,-3.90000,prps,0,4527
25741,25.741,1,4004,54004,lowband_largesig_r00,prps,1501,51,0.402628,-26,0,-26,-0.06806784,-3.90000,prps,0,4531
25761,25.761,1,4004,54004,lowband_largesig_r00,prps,1502,52,0.407172,-26,0,-26,-0.06806784,-3.90000,prps,0,4535
25781,25.781,1,4004,54004,lowband_largesig_r00,prps,1503,53,0.414751,-26,0,-26,-0.06806784,-3.90000,prps,0,4539
25801,25.801,1,4004,54004,lowband_largesig_r00,prps,1504,54,0.424616,-26,0,-26,-0.06806784,-3.90000,prps,0,4543
25821,25.821,1,4004,54004,lowband_largesig_r00,prps,1505,55,0.434097,-26,0,-26,-0.06806784,-3.90000,prps,0,4547
25841,25.841,1,4004,54004,lowband_largesig_r00,prps,1506,56,0.438698,-26,0,-26,-0.06806784,-3.90000,prps,0,4551
25861,25.861,1,4004,54004,lowband_largesig_r00,prps,1505,55,0.432665,-26,0,-26,-0.06806784,-3.90000,prps,0,4555
25881,25.881,1,4004,54004,lowband_largesig_r00,prps,1502,52,0.409921,-26,0,-26,-0.06806784,-3.90000,prps,0,4559
25901,25.901,1,4004,54004,lowband_largesig_r00,prps,1496,46,0.365238,-26,0,-26,-0.06806784,-3.90000,prps,0,4563
25921,25.921,1,4004,54004,lowband_largesig_r00,prps,1488,38,0.295411,-26,0,-26,-0.06806784,-3.90000,prps,0,4567
25941,25.941,1,4004,54004,lowband_largesig_r00,prps,1475,25,0.200214,-26,0,-26,-0.06806784,-3.90000,prps,0,4571
25961,25.961,1,4004,54004,lowband_largesig_r00,prps,1461,11,0.082930,-26,0,-26,-0.06806784,-3.90000,prps,0,4575
25981,25.981,1,4004,54004,lowband_largesig_r00,prps,1444,-6,-0.049666,-23,0,-23,-0.06021386,-3.45000,prps,0,4579
26001,26.001,1,4004,54004,lowband_largesig_r00,prps,1426,-24,-0.187914,-16,0,-16,-0.04188790,-2.40000,prps,0,4583
26021,26.021,1,4004,54004,lowband_largesig_r00,prps,1409,-41,-0.320382,-7,0,-7,-0.01832596,-1.05000,prps,0,4587
26041,26.041,1,4004,54004,lowband_largesig_r00,prps,1395,-55,-0.435338,3,0,3,0.00785398,0.45000,prps,0,4591
26061,26.061,1,4004,54004,lowband_largesig_r00,prps,1384,-66,-0.522321,14,0,14,0.03665191,2.10000,prps,0,4595
26081,26.081,1,4004,54004,lowband_largesig_r00,prps,1377,-73,-0.573562,23,0,23,0.06021386,3.45000,prps,0,4599
26101,26.101,1,4004,54004,lowband_largesig_r00,prps,1376,-74,-0.585016,30,0,30,0.07853982,4.50000,prps,0,4603
26121,26.121,1,4004,54004,lowband_largesig_r00,prps,1379,-71,-0.556833,36,0,36,0.09424778,5.40000,prps,0,4607
26141,26.141,1,4004,54004,lowband_largesig_r00,prps,1387,-63,-0.493172,38,0,38,0.09948376,5.70000,prps,0,4611
26161,26.161,1,4004,54004,lowband_largesig_r00,prps,1399,-51,-0.401430,38,0,38,0.09948376,5.70000,prps,0,4615
26181,26.181,1,4004,54004,lowband_largesig_r00,prps,1413,-37,-0.290990,37,0,37,0.09686577,5.55000,prps,0,4619
26201,26.201,1,4004,54004,lowband_largesig_r00,prps,1428,-22,-0.171737,35,0,35,0.09162979,5.25000,prps,0,4623
26221,26.221,1,4004,54004,lowband_largesig_r00,prps,1443,-7,-0.052603,29,0,29,0.07592182,4.35000,prps,0,4627
26241,26.241,1,4004,54004,lowband_largesig_r00,prps,1458,8,0.059612,21,0,21,0.05497787,3.15000,prps,0,4631
26261,26.261,1,4004,54004,lowband_largesig_r00,prps,1470,20,0.160940,13,0,13,0.03403392,1.95000,prps,0,4635
26281,26.281,1,4004,54004,lowband_largesig_r00,prps,1482,32,0.250348,7,0,7,0.01832596,1.05000,prps,0,4639
26301,26.301,1,4004,54004,lowband_largesig_r00,prps,1492,42,0.329263,1,0,1,0.00261799,0.15000,prps,0,4643
26321,26.321,1,4004,54004,lowband_largesig_r00,prps,1501,51,0.400620,-6,0,-6,-0.01570796,-0.90000,prps,0,4647
26341,26.341,1,4004,54004,lowband_largesig_r00,prps,1509,59,0.467661,-13,0,-13,-0.03403392,-1.95000,prps,0,4651
26361,26.361,1,4004,54004,lowband_largesig_r00,prps,1518,68,0.532713,-20,0,-20,-0.05235988,-3.00000,prps,0,4655
26381,26.381,1,4004,54004,lowband_largesig_r00,prps,1526,76,0.596228,-26,0,-26,-0.06806784,-3.90000,prps,0,4659
26401,26.401,1,4004,54004,lowband_largesig_r00,prps,1533,83,0.656284,-31,0,-31,-0.08115781,-4.65000,prps,0,4663
26421,26.421,1,4004,54004,lowband_largesig_r00,prps,1540,90,0.708663,-36,0,-36,-0.09424778,-5.40000,prps,0,4667
26441,26.441,1,4004,54004,lowband_largesig_r00,prps,1545,95,0.747523,-40,0,-40,-0.10471976,-6.00000,prps,0,4671
26461,26.461,1,4004,54004,lowband_largesig_r00,prps,1547,97,0.766542,-44,0,-44,-0.11519173,-6.60000,prps,0,4675
26481,26.481,1,4004,54004,lowband_largesig_r00,prps,1547,97,0.760319,-47,0,-47,-0.12304571,-7.05000,prps,0,4679
26501,26.501,1,4004,54004,lowband_largesig_r00,prps,1542,92,0.725764,-49,0,-49,-0.12828170,-7.35000,prps,0,4683
26521,26.521,1,4004,54004,lowband_largesig_r00,prps,1534,84,0.663184,-51,0,-51,-0.13351768,-7.65000,prps,0,4687
26541,26.541,1,4004,54004,lowband_largesig_r00,prps,1523,73,0.576834,-51,0,-51,-0.13351768,-7.65000,prps,0,4691
26561,26.561,1,4004,54004,lowband_largesig_r00,prps,1510,60,0.474772,-50,0,-50,-0.13089970,-7.50000,prps,0,4695
26581,26.581,1,4004,54004,lowband_largesig_r00,prps,1497,47,0.367990,-48,0,-48,-0.12566370,-7.20000,prps,0,4699
26601,26.601,1,4004,54004,lowband_largesig_r00,prps,1484,34,0.268946,-43,0,-43,-0.11257374,-6.45000,prps,0,4703
26621,26.621,1,4004,54004,lowband_largesig_r00,prps,1474,24,0.189697,-36,0,-36,-0.09424778,-5.40000,prps,0,4707
26641,26.641,1,4004,54004,lowband_largesig_r00,prps,1468,18,0.139965,-29,0,-29,-0.07592182,-4.35000,prps,0,4711
26661,26.661,1,4004,54004,lowband_largesig_r00,prps,1466,16,0.125456,-23,0,-23,-0.06021386,-3.45000,prps,0,4715
26681,26.681,1,4004,54004,lowband_largesig_r00,prps,1469,19,0.146752,-17,0,-17,-0.04450589,-2.55000,prps,0,4719
26701,26.701,1,4004,54004,lowband_largesig_r00,prps,1475,25,0.198986,-14,0,-14,-0.03665191,-2.10000,prps,0,4723
26721,26.721,1,4004,54004,lowband_largesig_r00,prps,1485,35,0.272396,-13,0,-13,-0.03403392,-1.95000,prps,0,4727
26741,26.741,1,4004,54004,lowband_largesig_r00,prps,1495,45,0.353688,-13,0,-13,-0.03403392,-1.95000,prps,0,4731
26761,26.761,1,4004,54004,lowband_largesig_r00,prps,1504,54,0.428025,-13,0,-13,-0.03403392,-1.95000,prps,0,4735
26781,26.781,1,4004,54004,lowband_largesig_r00,prps,1511,61,0.481301,-15,0,-15,-0.03926991,-2.25000,prps,0,4739
26801,26.801,1,4004,54004,lowband_largesig_r00,prps,1514,64,0.502341,-20,0,-20,-0.05235988,-3.00000,prps,0,4743
26821,26.821,1,4004,54004,lowband_largesig_r00,prps,1512,62,0.484651,-25,0,-25,-0.06544985,-3.75000,prps,0,4747
26841,26.841,1,4004,54004,lowband_largesig_r00,prps,1504,54,0.427415,-30,0,-30,-0.07853982,-4.50000,prps,0,4751
26861,26.861,1,4004,54004,lowband_largesig_r00,prps,1493,43,0.335566,-32,0,-32,-0.08377580,-4.80000,prps,0,4755
26881,26.881,1,4004,54004,lowband_largesig_r00,prps,1478,28,0.218902,-32,0,-32,-0.08377580,-4.80000,prps,0,4759
26901,26.901,1,4004,54004,lowband_largesig_r00,prps,1461,11,0.090406,-29,0,-29,-0.07592182,-4.35000,prps,0,4763
26921,26.921,1,4004,54004,lowband_largesig_r00,prps,1445,-5,-0.035968,-24,0,-24,-0.06283185,-3.60000,prps,0,4767
26941,26.941,1,4004,54004,lowband_largesig_r00,prps,1431,-19,-0.147647,-16,0,-16,-0.04188790,-2.40000,prps,0,4771
26961,26.961,1,4004,54004,lowband_largesig_r00,prps,1420,-30,-0.235523,-8,0,-8,-0.02094395,-1.20000,prps,0,4775
26981,26.981,1,4004,54004,lowband_largesig_r00,prps,1412,-38,-0.295412,1,0,1,0.00261799,0.15000,prps,0,4779
27001,27.001,1,4004,54004,lowband_largesig_r00,prps,1408,-42,-0.328620,9,0,9,0.02356194,1.35000,prps,0,4783
27021,27.021,1,4004,54004,lowband_largesig_r00,prps,1407,-43,-0.341507,16,0,16,0.04188790,2.40000,prps,0,4787
27041,27.041,1,4004,54004,lowband_largesig_r00,prps,1406,-44,-0.344123,20,0,20,0.05235988,3.00000,prps,0,4791
27061,27.061,1,4004,54004,lowband_largesig_r00,prps,1406,-44,-0.348150,22,0,22,0.05759586,3.30000,prps,0,4795
27081,27.081,1,4004,54004,lowband_largesig_r00,prps,1404,-46,-0.364495,22,0,22,0.05759586,3.30000,prps,0,4799
27101,27.101,1,4004,54004,lowband_largesig_r00,prps,1399,-51,-0.400985,22,0,22,0.05759586,3.30000,prps,0,4803
27121,27.121,1,4004,54004,lowband_largesig_r00,prps,1392,-58,-0.460560,23,0,23,0.06021386,3.45000,prps,0,4807
27141,27.141,1,4004,54004,lowband_largesig_r00,prps,1381,-69,-0.540321,24,0,24,0.06283185,3.60000,prps,0,4811
27161,27.161,1,4004,54004,lowband_largesig_r00,prps,1370,-80,-0.631611,26,0,26,0.06806784,3.90000,prps,0,4815
27181,27.181,1,4004,54004,lowband_largesig_r00,prps,1358,-92,-0.721177,30,0,30,0.07853982,4.50000,prps,0,4819
27201,27.201,1,4004,54004,lowband_largesig_r00,prps,1349,-101,-0.793214,36,0,36,0.09424778,5.40000,prps,0,4823
27221,27.221,1,4004,54004,lowband_largesig_r00,prps,1344,-106,-0.831998,41,0,41,0.10733775,6.15000,prps,0,4827
27241,27.241,1,4004,54004,lowband_largesig_r00,prps,1345,-105,-0.824654,48,0,48,0.12566370,7.20000,prps,0,4831
27261,27.261,1,4004,54004,lowband_largesig_r00,prps,1353,-97,-0.763598,53,0,53,0.13875367,7.95000,prps,0,4835
27281,27.281,1,4004,54004,lowband_largesig_r00,prps,1368,-82,-0.648234,56,0,56,0.14660765,8.40000,prps,0,4839
27301,27.301,1,4004,54004,lowband_largesig_r00,prps,1388,-62,-0.485594,56,0,56,0.14660765,8.40000,prps,0,4843
27321,27.321,1,4004,54004,lowband_largesig_r00,prps,1413,-37,-0.289774,54,0,54,0.14137166,8.10000,prps,0,4847
27341,27.341,1,4004,54004,lowband_largesig_r00,prps,1440,-10,-0.080247,47,0,47,0.12304571,7.05000,prps,0,4851
27361,27.361,1,4004,54004,lowband_largesig_r00,prps,1465,15,0.120741,37,0,37,0.09686577,5.55000,prps,0,4855
27381,27.381,1,4004,54004,lowband_largesig_r00,prps,1487,37,0.291251,22,0,22,0.05759586,3.30000,prps,0,4859
27401,27.401,1,4004,54004,lowband_largesig_r00,prps,1502,52,0.412775,7,0,7,0.01832596,1.05000,prps,0,4863
27421,27.421,1,4004,54004,lowband_largesig_r00,prps,1510,60,0.472871,-6,0,-6,-0.01570796,-0.90000,prps,0,4867
27453,27.453,1,4004,54004,lowband_largesig_r00,prps,1509,59,0.466932,-25,0,-25,-0.06544985,-3.75000,prps,0,4871
27473,27.473,1,4004,54004,lowband_largesig_r00,prps,1501,51,0.398788,-31,0,-31,-0.08115781,-4.65000,prps,0,4875
27493,27.493,1,4004,54004,lowband_largesig_r00,prps,1486,36,0.280053,-33,0,-33,-0.08639380,-4.95000,prps,0,4879
27513,27.513,1,4004,54004,lowband_largesig_r00,prps,1466,16,0.128337,-32,0,-32,-0.08377580,-4.80000,prps,0,4883
27533,27.533,1,4004,54004,lowband_largesig_r00,prps,1446,-4,-0.035405,-28,0,-28,-0.07330382,-4.20000,prps,0,4887
27553,27.553,1,4004,54004,lowband_largesig_r00,prps,1426,-24,-0.189965,-20,0,-20,-0.05235988,-3.00000,prps,0,4891
27573,27.573,1,4004,54004,lowband_largesig_r00,prps,1410,-40,-0.316925,-11,0,-11,-0.02879793,-1.65000,prps,0,4895
27593,27.593,1,4004,54004,lowband_largesig_r00,prps,1399,-51,-0.403194,0,0,0,0.00000000,0.00000,prps,0,4899
27613,27.613,1,4004,54004,lowband_largesig_r00,prps,1394,-56,-0.442658,11,0,11,0.02879793,1.65000,prps,0,4903
27633,27.633,1,4004,54004,lowband_largesig_r00,prps,1395,-55,-0.436713,21,0,21,0.05497787,3.15000,prps,0,4907
27653,27.653,1,4004,54004,lowband_largesig_r00,prps,1400,-50,-0.393640,27,0,27,0.07068583,4.05000,prps,0,4911
27673,27.673,1,4004,54004,lowband_largesig_r00,prps,1408,-42,-0.326950,28,0,28,0.07330382,4.20000,prps,0,4915
27693,27.693,1,4004,54004,lowband_largesig_r00,prps,1418,-32,-0.253008,28,0,28,0.07330382,4.20000,prps,0,4919
27713,27.713,1,4004,54004,lowband_largesig_r00,prps,1426,-24,-0.188321,27,0,27,0.07068583,4.05000,prps,0,4923
27733,27.733,1,4004,54004,lowband_largesig_r00,prps,1431,-19,-0.146938,24,0,24,0.06283185,3.60000,prps,0,4927
27753,27.753,1,4004,54004,lowband_largesig_r00,prps,1432,-18,-0.138357,20,0,20,0.05235988,3.00000,prps,0,4931
27773,27.773,1,4004,54004,lowband_largesig_r00,prps,1429,-21,-0.166249,17,0,17,0.04450589,2.55000,prps,0,4935
27793,27.793,1,4004,54004,lowband_largesig_r00,prps,1421,-29,-0.228147,14,0,14,0.03665191,2.10000,prps,0,4939
27813,27.813,1,4004,54004,lowband_largesig_r00,prps,1410,-40,-0.316104,14,0,14,0.03665191,2.10000,prps,0,4943
27833,27.833,1,4004,54004,lowband_largesig_r00,prps,1397,-53,-0.418168,15,0,15,0.03926991,2.25000,prps,0,4947
27853,27.853,1,4004,54004,lowband_largesig_r00,prps,1384,-66,-0.520382,17,0,17,0.04450589,2.55000,prps,0,4951
27873,27.873,1,4004,54004,lowband_largesig_r00,prps,1373,-77,-0.608960,22,0,22,0.05759586,3.30000,prps,0,4955
27893,27.893,1,4004,54004,lowband_largesig_r00,prps,1365,-85,-0.672304,27,0,27,0.07068583,4.05000,prps,0,4959
27913,27.913,1,4004,54004,lowband_largesig_r00,prps,1361,-89,-0.702533,32,0,32,0.08377580,4.80000,prps,0,4963
27933,27.933,1,4004,54004,lowband_largesig_r00,prps,1362,-88,-0.696337,38,0,38,0.09948376,5.70000,prps,0,4967
27953,27.953,1,4004,54004,lowband_largesig_r00,prps,1367,-83,-0.655071,42,0,42,0.10995574,6.30000,prps,0,4971
27973,27.973,1,4004,54004,lowband_largesig_r00,prps,1376,-74,-0.584150,46,0,46,0.12042772,6.90000,prps,0,4975
27993,27.993,1,4004,54004,lowband_largesig_r00,prps,1388,-62,-0.491898,47,0,47,0.12304571,7.05000,prps,0,4979
28013,28.013,1,4004,54004,lowband_largesig_r00,prps,1401,-49,-0.388110,46,0,46,0.12042772,6.90000,prps,0,4983
28033,28.033,1,4004,54004,lowband_largesig_r00,prps,1414,-36,-0.282579,44,0,44,0.11519173,6.60000,prps,0,4987
28053,28.053,1,4004,54004,lowband_largesig_r00,prps,1427,-23,-0.183844,38,0,38,0.09948376,5.70000,prps,0,4991
28073,28.073,1,4004,54004,lowband_largesig_r00,prps,1438,-12,-0.098331,31,0,31,0.08115781,4.65000,prps,0,4995
28093,28.093,1,4004,54004,lowband_largesig_r00,prps,1446,-4,-0.029976,23,0,23,0.06021386,3.45000,prps,0,4999
28113,28.113,1,4004,54004,lowband_largesig_r00,prps,1452,2,0.019681,16,0,16,0.04188790,2.40000,prps,0,5003
28133,28.133,1,4004,54004,lowband_largesig_r00,prps,1456,6,0.051029,11,0,11,0.02879793,1.65000,prps,0,5007
28153,28.153,1,4004,54004,lowband_largesig_r00,prps,1458,8,0.065725,6,0,6,0.01570796,0.90000,prps,0,5011
28173,28.173,1,4004,54004,lowband_largesig_r00,prps,1458,8,0.065997,3,0,3,0.00785398,0.45000,prps,0,5015
28193,28.193,1,4004,54004,lowband_largesig_r00,prps,1457,7,0.054104,2,0,2,0.00523599,0.30000,prps,0,5019
28213,28.213,1,4004,54004,lowband_largesig_r00,prps,1454,4,0.032042,2,0,2,0.00523599,0.30000,prps,0,5023
28233,28.233,1,4004,54004,lowband_largesig_r00,prps,1450,0,0.001549,2,0,2,0.00523599,0.30000,prps,0,5027
28253,28.253,1,4004,54004,lowband_largesig_r00,prps,1445,-5,-0.035638,2,0,2,0.00523599,0.30000,prps,0,5031
28273,28.273,1,4004,54004,lowband_largesig_r00,prps,1440,-10,-0.077383,2,0,2,0.00523599,0.30000,prps,0,5035
28293,28.293,1,4004,54004,lowband_largesig_r00,prps,1435,-15,-0.120768,3,0,3,0.00785398,0.45000,prps,0,5039
28313,28.313,1,4004,54004,lowband_largesig_r00,prps,1429,-21,-0.161858,3,0,3,0.00785398,0.45000,prps,0,5043
28333,28.333,1,4004,54004,lowband_largesig_r00,prps,1425,-25,-0.195762,5,0,5,0.01308997,0.75000,prps,0,5047
28353,28.353,1,4004,54004,lowband_largesig_r00,prps,1422,-28,-0.217028,8,0,8,0.02094395,1.20000,prps,0,5051
28373,28.373,1,4004,54004,lowband_largesig_r00,prps,1422,-28,-0.220361,10,0,10,0.02617994,1.50000,prps,0,5055
28393,28.393,1,4004,54004,lowband_largesig_r00,prps,1424,-26,-0.201550,12,0,12,0.03141592,1.80000,prps,0,5059
28413,28.413,1,4004,54004,lowband_largesig_r00,prps,1430,-20,-0.158438,12,0,12,0.03141592,1.80000,prps,0,5063
28433,28.433,1,4004,54004,lowband_largesig_r00,prps,1438,-12,-0.091736,12,0,12,0.03141592,1.80000,prps,0,5067
28453,28.453,1,4004,54004,lowband_largesig_r00,prps,1449,-1,-0.005476,12,0,12,0.03141592,1.80000,prps,0,5071
28473,28.473,1,4004,54004,lowband_largesig_r00,prps,1462,12,0.093037,12,0,12,0.03141592,1.80000,prps,0,5075
28493,28.493,1,4004,54004,lowband_largesig_r00,prps,1475,25,0.193838,11,0,11,0.02879793,1.65000,prps,0,5079
28513,28.513,1,4004,54004,lowband_largesig_r00,prps,1486,36,0.285454,5,0,5,0.01308997,0.75000,prps,0,5083
28533,28.533,1,4004,54004,lowband_largesig_r00,prps,1495,45,0.356429,0,0,0,0.00000000,0.00000,prps,0,5087
28553,28.553,1,4004,54004,lowband_largesig_r00,prps,1500,50,0.397031,-7,0,-7,-0.01832596,-1.05000,prps,0,5091
28573,28.573,1,4004,54004,lowband_largesig_r00,prps,1501,51,0.400830,-14,0,-14,-0.03665191,-2.10000,prps,0,5095
28593,28.593,1,4004,54004,lowband_largesig_r00,prps,1496,46,0.365904,-20,0,-20,-0.05235988,-3.00000,prps,0,5099
28613,28.613,1,4004,54004,lowband_largesig_r00,prps,1488,38,0.295430,-24,0,-24,-0.06283185,-3.60000,prps,0,5103
28633,28.633,1,4004,54004,lowband_largesig_r00,prps,1475,25,0.197527,-25,0,-25,-0.06544985,-3.75000,prps,0,5107
28653,28.653,1,4004,54004,lowband_largesig_r00,prps,1461,11,0.084338,-23,0,-23,-0.06021386,-3.45000,prps,0,5111
28673,28.673,1,4004,54004,lowband_largesig_r00,prps,1446,-4,-0.029531,-20,0,-20,-0.05235988,-3.00000,prps,0,5115
28693,28.693,1,4004,54004,lowband_largesig_r00,prps,1434,-16,-0.129006,-16,0,-16,-0.04188790,-2.40000,prps,0,5119
28713,28.713,1,4004,54004,lowband_largesig_r00,prps,1425,-25,-0.200647,-9,0,-9,-0.02356194,-1.35000,prps,0,5123
28733,28.733,1,4004,54004,lowband_largesig_r00,prps,1420,-30,-0.234545,-2,0,-2,-0.00523599,-0.30000,prps,0,5127
28753,28.753,1,4004,54004,lowband_largesig_r00,prps,1421,-29,-0.225701,6,0,6,0.01570796,0.90000,prps,0,5131
28773,28.773,1,4004,54004,lowband_largesig_r00,prps,1428,-22,-0.174662,11,0,11,0.02879793,1.65000,prps,0,5135
28793,28.793,1,4004,54004,lowband_largesig_r00,prps,1439,-11,-0.087324,13,0,13,0.03403392,1.95000,prps,0,5139
28813,28.813,1,4004,54004,lowband_largesig_r00,prps,1453,3,0.026082,13,0,13,0.03403392,1.95000,prps,0,5143
28833,28.833,1,4004,54004,lowband_largesig_r00,prps,1469,19,0.152624,11,0,11,0.02879793,1.65000,prps,0,5147
28853,28.853,1,4004,54004,lowband_largesig_r00,prps,1485,35,0.278673,7,0,7,0.01832596,1.05000,prps,0,5151
28873,28.873,1,4004,54004,lowband_largesig_r00,prps,1500,50,0.391922,2,0,2,0.00523599,0.30000,prps,0,5155
28893,28.893,1,4004,54004,lowband_largesig_r00,prps,1511,61,0.483090,-5,0,-5,-0.01308997,-0.75000,prps,0,5159
28913,28.913,1,4004,54004,lowband_largesig_r00,prps,1519,69,0.547036,-14,0,-14,-0.03665191,-2.10000,prps,0,5163
28933,28.933,1,4004,54004,lowband_largesig_r00,prps,1524,74,0.583117,-23,0,-23,-0.06021386,-3.45000,prps,0,5167
28953,28.953,1,4004,54004,lowband_largesig_r00,prps,1526,76,0.594741,-30,0,-30,-0.07853982,-4.50000,prps,0,5171
28973,28.973,1,4004,54004,lowband_largesig_r00,prps,1525,75,0.588235,-36,0,-36,-0.09424778,-5.40000,prps,0,5175
28993,28.993,1,4004,54004,lowband_largesig_r00,prps,1523,73,0.571256,-40,0,-40,-0.10471976,-6.00000,prps,0,5179
29013,29.013,1,4004,54004,lowband_largesig_r00,prps,1520,70,0.551054,-42,0,-42,-0.10995574,-6.30000,prps,0,5183
29033,29.033,1,4004,54004,lowband_largesig_r00,prps,1518,68,0.532922,-41,0,-41,-0.10733775,-6.15000,prps,0,5187
29053,29.053,1,4004,54004,lowband_largesig_r00,prps,1516,66,0.519123,-41,0,-41,-0.10733775,-6.15000,prps,0,5191
29073,29.073,1,4004,54004,lowband_largesig_r00,prps,1515,65,0.508516,-41,0,-41,-0.10733775,-6.15000,prps,0,5195
29093,29.093,1,4004,54004,lowband_largesig_r00,prps,1513,63,0.496934,-40,0,-40,-0.10471976,-6.00000,prps,0,5199
29113,29.113,1,4004,54004,lowband_largesig_r00,prps,1511,61,0.478263,-39,0,-39,-0.10210176,-5.85000,prps,0,5203
29133,29.133,1,4004,54004,lowband_largesig_r00,prps,1507,57,0.445993,-39,0,-39,-0.10210176,-5.85000,prps,0,5207
29153,29.153,1,4004,54004,lowband_largesig_r00,prps,1500,50,0.394962,-37,0,-37,-0.09686577,-5.55000,prps,0,5211
29173,29.173,1,4004,54004,lowband_largesig_r00,prps,1491,41,0.322936,-36,0,-36,-0.09424778,-5.40000,prps,0,5215
29193,29.193,1,4004,54004,lowband_largesig_r00,prps,1479,29,0.231692,-34,0,-34,-0.08901179,-5.10000,prps,0,5219
29213,29.213,1,4004,54004,lowband_largesig_r00,prps,1466,16,0.127381,-31,0,-31,-0.08115781,-4.65000,prps,0,5223
29233,29.233,1,4004,54004,lowband_largesig_r00,prps,1453,3,0.020035,-26,0,-26,-0.06806784,-3.90000,prps,0,5227
29253,29.253,1,4004,54004,lowband_largesig_r00,prps,1440,-10,-0.077720,-19,0,-19,-0.04974188,-2.85000,prps,0,5231
29273,29.273,1,4004,54004,lowband_largesig_r00,prps,1431,-19,-0.152577,-12,0,-12,-0.03141592,-1.80000,prps,0,5235
29293,29.293,1,4004,54004,lowband_largesig_r00,prps,1426,-24,-0.192750,-5,0,-5,-0.01308997,-0.75000,prps,0,5239
29313,29.313,1,4004,54004,lowband_largesig_r00,prps,1426,-24,-0.190101,2,0,2,0.00523599,0.30000,prps,0,5243
29333,29.333,1,4004,54004,lowband_largesig_r00,prps,1432,-18,-0.141800,8,0,8,0.02094395,1.20000,prps,0,5247
29353,29.353,1,4004,54004,lowband_largesig_r00,prps,1443,-7,-0.051208,11,0,11,0.02879793,1.65000,prps,0,5251
29373,29.373,1,4004,54004,lowband_largesig_r00,prps,1459,9,0.072225,11,0,11,0.02879793,1.65000,prps,0,5255
29393,29.393,1,4004,54004,lowband_largesig_r00,prps,1477,27,0.214062,10,0,10,0.02617994,1.50000,prps,0,5259
29413,29.413,1,4004,54004,lowband_largesig_r00,prps,1495,45,0.356842,6,0,6,0.01570796,0.90000,prps,0,5263
29433,29.433,1,4004,54004,lowband_largesig_r00,prps,1511,61,0.482613,-1,0,-1,-0.00261799,-0.15000,prps,0,5267
29453,29.453,1,4004,54004,lowband_largesig_r00,prps,1523,73,0.575640,-9,0,-9,-0.02356194,-1.35000,prps,0,5271
29473,29.473,1,4004,54004,lowband_largesig_r00,prps,1529,79,0.624823,-20,0,-20,-0.05235988,-3.00000,prps,0,5275
29493,29.493,1,4004,54004,lowband_largesig_r00,prps,1529,79,0.625448,-29,0,-29,-0.07592182,-4.35000,prps,0,5279
29513,29.513,1,4004,54004,lowband_largesig_r00,prps,1524,74,0.579950,-38,0,-38,-0.09948376,-5.70000,prps,0,5283
29533,29.533,1,4004,54004,lowband_largesig_r00,prps,1513,63,0.497547,-43,0,-43,-0.11257374,-6.45000,prps,0,5287
29553,29.553,1,4004,54004,lowband_largesig_r00,prps,1500,50,0.392795,-43,0,-43,-0.11257374,-6.45000,prps,0,5291
29573,29.573,1,4004,54004,lowband_largesig_r00,prps,1486,36,0.283266,-40,0,-40,-0.10471976,-6.00000,prps,0,5295
29593,29.593,1,4004,54004,lowband_largesig_r00,prps,1474,24,0.186742,-36,0,-36,-0.09424778,-5.40000,prps,0,5299
29613,29.613,1,4004,54004,lowband_largesig_r00,prps,1465,15,0.118357,-30,0,-30,-0.07853982,-4.50000,prps,0,5303
29633,29.633,1,4004,54004,lowband_largesig_r00,prps,1461,11,0.088157,-24,0,-24,-0.06283185,-3.60000,prps,0,5307
29653,29.653,1,4004,54004,lowband_largesig_r00,prps,1463,13,0.099483,-17,0,-17,-0.04450589,-2.55000,prps,0,5311
29673,29.673,1,4004,54004,lowband_largesig_r00,prps,1469,19,0.148436,-12,0,-12,-0.03141592,-1.80000,prps,0,5315
29693,29.693,1,4004,54004,lowband_largesig_r00,prps,1479,29,0.224519,-10,0,-10,-0.02617994,-1.50000,prps,0,5319
29713,29.713,1,4004,54004,lowband_largesig_r00,prps,1490,40,0.312332,-10,0,-10,-0.02617994,-1.50000,prps,0,5323
29733,29.733,1,4004,54004,lowband_largesig_r00,prps,1500,50,0.394075,-10,0,-10,-0.02617994,-1.50000,prps,0,5327
29753,29.753,1,4004,54004,lowband_largesig_r00,prps,1507,57,0.452406,-12,0,-12,-0.03141592,-1.80000,prps,0,5331
29773,29.773,1,4004,54004,lowband_largesig_r00,prps,1510,60,0.473230,-18,0,-18,-0.04712389,-2.70000,prps,0,5335
29793,29.793,1,4004,54004,lowband_largesig_r00,prps,1507,57,0.447932,-23,0,-23,-0.06021386,-3.45000,prps,0,5339
29813,29.813,1,4004,54004,lowband_largesig_r00,prps,1498,48,0.374716,-26,0,-26,-0.06806784,-3.90000,prps,0,5343
29833,29.833,1,4004,54004,lowband_largesig_r00,prps,1483,33,0.258833,-28,0,-28,-0.07330382,-4.20000,prps,0,5347
29853,29.853,1,4004,54004,lowband_largesig_r00,prps,1464,14,0.111679,-27,0,-27,-0.07068583,-4.05000,prps,0,5351
29873,29.873,1,4004,54004,lowband_largesig_r00,prps,1444,-6,-0.051073,-25,0,-25,-0.06544985,-3.75000,prps,0,5355
29893,29.893,1,4004,54004,lowband_largesig_r00,prps,1423,-27,-0.211994,-18,0,-18,-0.04712389,-2.70000,prps,0,5359
29913,29.913,1,4004,54004,lowband_largesig_r00,prps,1405,-45,-0.354637,-9,0,-9,-0.02356194,-1.35000,prps,0,5363
29933,29.933,1,4004,54004,lowband_largesig_r00,prps,1391,-59,-0.466056,2,0,2,0.00523599,0.30000,prps,0,5367
29953,29.953,1,4004,54004,lowband_largesig_r00,prps,1382,-68,-0.538683,14,0,14,0.03665191,2.10000,prps,0,5371
29973,29.973,1,4004,54004,lowband_largesig_r00,prps,1377,-73,-0.571279,24,0,24,0.06283185,3.60000,prps,0,5375
29993,29.993,1,4004,54004,lowband_largesig_r00,prps,1378,-72,-0.568824,31,0,31,0.08115781,4.65000,prps,0,5379
30013,30.013,1,4004,54004,lowband_largesig_r00,prps,1381,-69,-0.541376,36,0,36,0.09424778,5.40000,prps,0,5383
30033,30.033,1,4004,54004,lowband_largesig_r00,prps,1386,-64,-0.502138,37,0,37,0.09686577,5.55000,prps,0,5387
30053,30.053,1,4004,54004,lowband_largesig_r00,prps,1391,-59,-0.465050,37,0,37,0.09686577,5.55000,prps,0,5391
30073,30.073,1,4004,54004,lowband_largesig_r00,prps,1394,-56,-0.442334,37,0,37,0.09686577,5.55000,prps,0,5395
30093,30.093,1,4004,54004,lowband_largesig_r00,prps,1394,-56,-0.442392,37,0,37,0.09686577,5.55000,prps,0,5399
30113,30.113,1,4004,54004,lowband_largesig_r00,prps,1391,-59,-0.468413,36,0,36,0.09424778,5.40000,prps,0,5403
30133,30.133,1,4004,54004,lowband_largesig_r00,prps,1384,-66,-0.517884,36,0,36,0.09424778,5.40000,prps,0,5407
30153,30.153,1,4004,54004,lowband_largesig_r00,prps,1376,-74,-0.583088,35,0,35,0.09162979,5.25000,prps,0,5411
30173,30.173,1,4004,54004,lowband_largesig_r00,prps,1367,-83,-0.652461,35,0,35,0.09162979,5.25000,prps,0,5415
30193,30.193,1,4004,54004,lowband_largesig_r00,prps,1360,-90,-0.712581,36,0,36,0.09424778,5.40000,prps,0,5419
30213,30.213,1,4004,54004,lowband_largesig_r00,prps,1355,-95,-0.750430,38,0,38,0.09948376,5.70000,prps,0,5423
30233,30.233,1,4004,54004,lowband_largesig_r00,prps,1354,-96,-0.755566,42,0,42,0.10995574,6.30000,prps,0,5427
30253,30.253,1,4004,54004,lowband_largesig_r00,prps,1358,-92,-0.721839,46,0,46,0.12042772,6.90000,prps,0,5431
30273,30.273,1,4004,54004,lowband_largesig_r00,prps,1368,-82,-0.648402,49,0,49,0.12828170,7.35000,prps,0,5435
30293,30.293,1,4004,54004,lowband_largesig_r00,prps,1381,-69,-0.539870,51,0,51,0.13351768,7.65000,prps,0,5439
30313,30.313,1,4004,54004,lowband_largesig_r00,prps,1398,-52,-0.405634,51,0,51,0.13351768,7.65000,prps,0,5443
30333,30.333,1,4004,54004,lowband_largesig_r00,prps,1417,-33,-0.258473,49,0,49,0.12828170,7.35000,prps,0,5447
30353,30.353,1,4004,54004,lowband_largesig_r00,prps,1436,-14,-0.112721,43,0,43,0.11257374,6.45000,prps,0,5451
30373,30.373,1,4004,54004,lowband_largesig_r00,prps,1452,2,0.017719,33,0,33,0.08639380,4.95000,prps,0,5455
30393,30.393,1,4004,54004,lowband_largesig_r00,prps,1465,15,0.121183,22,0,22,0.05759586,3.30000,prps,0,5459
30413,30.413,1,4004,54004,lowband_largesig_r00,prps,1474,24,0.189620,12,0,12,0.03141592,1.80000,prps,0,5463
30433,30.433,1,4004,54004,lowband_largesig_r00,prps,1478,28,0.219363,3,0,3,0.00785398,0.45000,prps,0,5467
30453,30.453,1,4004,54004,lowband_largesig_r00,prps,1477,27,0.211211,-4,0,-4,-0.01047198,-0.60000,prps,0,5471
30473,30.473,1,4004,54004,lowband_largesig_r00,prps,1472,22,0.169913,-10,0,-10,-0.02617994,-1.50000,prps,0,5475
30493,30.493,1,4004,54004,lowband_largesig_r00,prps,1463,13,0.103162,-13,0,-13,-0.03403392,-1.95000,prps,0,5479
30513,30.513,1,4004,54004,lowband_largesig_r00,prps,1453,3,0.020347,-13,0,-13,-0.03403392,-1.95000,prps,0,5483
30533,30.533,1,4004,54004,lowband_largesig_r00,prps,1441,-9,-0.068724,-11,0,-11,-0.02879793,-1.65000,prps,0,5487
30553,30.553,1,4004,54004,lowband_largesig_r00,prps,1430,-20,-0.154922,-8,0,-8,-0.02094395,-1.20000,prps,0,5491
30573,30.573,1,4004,54004,lowband_largesig_r00,prps,1421,-29,-0.230567,-3,0,-3,-0.00785398,-0.45000,prps,0,5495
30593,30.593,1,4004,54004,lowband_largesig_r00,prps,1413,-37,-0.289803,4,0,4,0.01047198,0.60000,prps,0,5499
30613,30.613,1,4004,54004,lowband_largesig_r00,prps,1408,-42,-0.328616,10,0,10,0.02617994,1.50000,prps,0,5503
30633,30.633,1,4004,54004,lowband_largesig_r00,prps,1406,-44,-0.344580,15,0,15,0.03926991,2.25000,prps,0,5507
30653,30.653,1,4004,54004,lowband_largesig_r00,prps,1407,-43,-0.336473,19,0,19,0.04974188,2.85000,prps,0,5511
30673,30.673,1,4004,54004,lowband_largesig_r00,prps,1411,-39,-0.303924,22,0,22,0.05759586,3.30000,prps,0,5515
30693,30.693,1,4004,54004,lowband_largesig_r00,prps,1419,-31,-0.247204,22,0,22,0.05759586,3.30000,prps,0,5519
30713,30.713,1,4004,54004,lowband_largesig_r00,prps,1429,-21,-0.167237,22,0,22,0.05759586,3.30000,prps,0,5523
30733,30.733,1,4004,54004,lowband_largesig_r00,prps,1442,-8,-0.065818,21,0,21,0.05497787,3.15000,prps,0,5527
30753,30.753,1,4004,54004,lowband_largesig_r00,prps,1457,7,0.054023,18,0,18,0.04712389,2.70000,prps,0,5531
30773,30.773,1,4004,54004,lowband_largesig_r00,prps,1474,24,0.187648,14,0,14,0.03665191,2.10000,prps,0,5535
30793,30.793,1,4004,54004,lowband_largesig_r00,prps,1492,42,0.328582,9,0,9,0.02356194,1.35000,prps,0,5539
30813,30.813,1,4004,54004,lowband_largesig_r00,prps,1510,60,0.468554,2,0,2,0.00523599,0.30000,prps,0,5543
30833,30.833,1,4004,54004,lowband_largesig_r00,prps,1526,76,0.597912,-7,0,-7,-0.01832596,-1.05000,prps,0,5547
30853,30.853,1,4004,54004,lowband_largesig_r00,prps,1540,90,0.706421,-17,0,-17,-0.04450589,-2.55000,prps,0,5551
30873,30.873,1,4004,54004,lowband_largesig_r00,prps,1550,100,0.784373,-29,0,-29,-0.07592182,-4.35000,prps,0,5555
30893,30.893,1,4004,54004,lowband_largesig_r00,prps,1555,105,0.823865,-39,0,-39,-0.10210176,-5.85000,prps,0,5559
30913,30.913,1,4004,54004,lowband_largesig_r00,prps,1554,104,0.820030,-48,0,-48,-0.12566370,-7.20000,prps,0,5563
30933,30.933,1,4004,54004,lowband_largesig_r00,prps,1548,98,0.771989,-54,0,-54,-0.14137166,-8.10000,prps,0,5567
30953,30.953,1,4004,54004,lowband_largesig_r00,prps,1537,87,0.683331,-57,0,-57,-0.14922565,-8.55000,prps,0,5571
30973,30.973,1,4004,54004,lowband_largesig_r00,prps,1521,71,0.561967,-58,0,-58,-0.15184364,-8.70000,prps,0,5575
30993,30.993,1,4004,54004,lowband_largesig_r00,prps,1503,53,0.419324,-55,0,-55,-0.14398966,-8.25000,prps,0,5579
31013,31.013,1,4004,54004,lowband_largesig_r00,prps,1484,34,0.268953,-49,0,-49,-0.12828170,-7.35000,prps,0,5583
31033,31.033,1,4004,54004,lowband_largesig_r00,prps,1466,16,0.124722,-42,0,-42,-0.10995574,-6.30000,prps,0,5587
31053,31.053,1,4004,54004,lowband_largesig_r00,prps,1450,0,-0.001123,-34,0,-34,-0.08901179,-5.10000,prps,0,5591
31073,31.073,1,4004,54004,lowband_largesig_r00,prps,1437,-13,-0.099728,-24,0,-24,-0.06283185,-3.60000,prps,0,5595
31093,31.093,1,4004,54004,lowband_largesig_r00,prps,1429,-21,-0.166931,-13,0,-13,-0.03403392,-1.95000,prps,0,5599
31113,31.113,1,4004,54004,lowband_largesig_r00,prps,1424,-26,-0.203854,-3,0,-3,-0.00785398,-0.45000,prps,0,5603
31133,31.133,1,4004,54004,lowband_largesig_r00,prps,1422,-28,-0.216667,5,0,5,0.01308997,0.75000,prps,0,5607
31153,31.153,1,4004,54004,lowband_largesig_r00,prps,1423,-27,-0.215514,12,0,12,0.03141592,1.80000,prps,0,5611
31173,31.173,1,4004,54004,lowband_largesig_r00,prps,1423,-27,-0.212771,15,0,15,0.03926991,2.25000,prps,0,5615
31193,31.193,1,4004,54004,lowband_largesig_r00,prps,1422,-28,-0.220886,15,0,15,0.03926991,2.25000,prps,0,5619
31213,31.213,1,4004,54004,lowband_largesig_r00,prps,1418,-32,-0.250161,15,0,15,0.03926991,2.25000,prps,0,5623
31233,31.233,1,4004,54004,lowband_largesig_r00,prps,1411,-39,-0.306837,15,0,15,0.03926991,2.25000,prps,0,5627
31253,31.253,1,4004,54004,lowband_largesig_r00,prps,1400,-50,-0.391815,18,0,18,0.04712389,2.70000,prps,0,5631
31273,31.273,1,4004,54004,lowband_largesig_r00,prps,1386,-64,-0.500238,19,0,19,0.04974188,2.85000,prps,0,5635
31293,31.293,1,4004,54004,lowband_largesig_r00,prps,1371,-79,-0.622040,21,0,21,0.05497787,3.15000,prps,0,5639
31313,31.313,1,4004,54004,lowband_largesig_r00,prps,1356,-94,-0.743368,25,0,25,0.06544985,3.75000,prps,0,5643
31333,31.333,1,4004,54004,lowband_largesig_r00,prps,1342,-108,-0.848684,32,0,32,0.08377580,4.80000,prps,0,5647
31353,31.353,1,4004,54004,lowband_largesig_r00,prps,1333,-117,-0.923205,40,0,40,0.10471976,6.00000,prps,0,5651
31373,31.373,1,4004,54004,lowband_largesig_r00,prps,1329,-121,-0.955274,49,0,49,0.12828170,7.35000,prps,0,5655
31393,31.393,1,4004,54004,lowband_largesig_r00,prps,1331,-119,-0.938287,57,0,57,0.14922565,8.55000,prps,0,5659
31413,31.413,1,4004,54004,lowband_largesig_r00,prps,1339,-111,-0.871844,64,0,64,0.16755160,9.60000,prps,0,5663
31433,31.433,1,4004,54004,lowband_largesig_r00,prps,1353,-97,-0.761928,65,0,65,0.17016960,9.75000,prps,0,5667
31453,31.453,1,4004,54004,lowband_largesig_r00,prps,1371,-79,-0.620091,65,0,65,0.17016960,9.75000,prps,0,5671
31473,31.473,1,4004,54004,lowband_largesig_r00,prps,1391,-59,-0.461750,64,0,64,0.16755160,9.60000,prps,0,5675
31493,31.493,1,4004,54004,lowband_largesig_r00,prps,1411,-39,-0.303908,59,0,59,0.15446164,8.85000,prps,0,5679
31513,31.513,1,4004,54004,lowband_largesig_r00,prps,1429,-21,-0.162634,50,0,50,0.13089970,7.50000,prps,0,5683
31533,31.533,1,4004,54004,lowband_largesig_r00,prps,1444,-6,-0.050748,39,0,39,0.10210176,5.85000,prps,0,5687
31553,31.553,1,4004,54004,lowband_largesig_r00,prps,1453,3,0.023930,26,0,26,0.06806784,3.90000,prps,0,5691
31573,31.573,1,4004,54004,lowband_largesig_r00,prps,1458,8,0.059493,15,0,15,0.03926991,2.25000,prps,0,5695
31593,31.593,1,4004,54004,lowband_largesig_r00,prps,1458,8,0.059872,6,0,6,0.01570796,0.90000,prps,0,5699
31613,31.613,1,4004,54004,lowband_largesig_r00,prps,1454,4,0.033830,2,0,2,0.00523599,0.30000,prps,0,5703
31633,31.633,1,4004,54004,lowband_largesig_r00,prps,1449,-1,-0.006797,1,0,1,0.00261799,0.15000,prps,0,5707
31653,31.653,1,4004,54004,lowband_largesig_r00,prps,1444,-6,-0.049287,1,0,1,0.00261799,0.15000,prps,0,5711
31673,31.673,1,4004,54004,lowband_largesig_r00,prps,1440,-10,-0.082246,1,0,1,0.00261799,0.15000,prps,0,5715
31693,31.693,1,4004,54004,lowband_largesig_r00,prps,1438,-12,-0.097480,2,0,2,0.00523599,0.30000,prps,0,5719
31713,31.713,1,4004,54004,lowband_largesig_r00,prps,1438,-12,-0.091191,3,0,3,0.00785398,0.45000,prps,0,5723
31733,31.733,1,4004,54004,lowband_largesig_r00,prps,1442,-8,-0.064307,6,0,6,0.01570796,0.90000,prps,0,5727
31753,31.753,1,4004,54004,lowband_largesig_r00,prps,1447,-3,-0.021905,7,0,7,0.01832596,1.05000,prps,0,5731
31773,31.773,1,4004,54004,lowband_largesig_r00,prps,1454,4,0.028139,7,0,7,0.01832596,1.05000,prps,0,5735
31793,31.793,1,4004,54004,lowband_largesig_r00,prps,1460,10,0.077011,7,0,7,0.01832596,1.05000,prps,0,5739
31813,31.813,1,4004,54004,lowband_largesig_r00,prps,1465,15,0.116965,6,0,6,0.01570796,0.90000,prps,0,5743
31833,31.833,1,4004,54004,lowband_largesig_r00,prps,1468,18,0.143094,4,0,4,0.01047198,0.60000,prps,0,5747
31853,31.853,1,4004,54004,lowband_largesig_r00,prps,1470,20,0.154513,2,0,2,0.00523599,0.30000,prps,0,5751
31873,31.873,1,4004,54004,lowband_largesig_r00,prps,1470,20,0.154727,-1,0,-1,-0.00261799,-0.15000,prps,0,5755
31893,31.893,1,4004,54004,lowband_largesig_r00,prps,1469,19,0.151080,-3,0,-3,-0.00785398,-0.45000,prps,0,5759
31913,31.913,1,4004,54004,lowband_largesig_r00,prps,1469,19,0.153389,-7,0,-7,-0.01832596,-1.05000,prps,0,5763
31933,31.933,1,4004,54004,lowband_largesig_r00,prps,1472,22,0.171977,-9,0,-9,-0.02356194,-1.35000,prps,0,5767
31953,31.953,1,4004,54004,lowband_largesig_r00,prps,1477,27,0.215474,-9,0,-9,-0.02356194,-1.35000,prps,0,5771
31973,31.973,1,4004,54004,lowband_largesig_r00,prps,1487,37,0.288779,-10,0,-10,-0.02617994,-1.50000,prps,0,5775
31993,31.993,1,4004,54004,lowband_largesig_r00,prps,1500,50,0.391580,-12,0,-12,-0.03141592,-1.80000,prps,0,5779
32013,32.013,1,4004,54004,lowband_largesig_r00,prps,1516,66,0.517733,-15,0,-15,-0.03926991,-2.25000,prps,0,5783
32033,32.033,1,4004,54004,lowband_largesig_r00,prps,1533,83,0.655648,-19,0,-19,-0.04974188,-2.85000,prps,0,5787
32053,32.053,1,4004,54004,lowband_largesig_r00,prps,1550,100,0.789678,-25,0,-25,-0.06544985,-3.75000,prps,0,5791
32073,32.073,1,4004,54004,lowband_largesig_r00,prps,1565,115,0.902309,-33,0,-33,-0.08639380,-4.95000,prps,0,5795
32093,32.093,1,4004,54004,lowband_largesig_r00,prps,1574,124,0.976823,-43,0,-43,-0.11257374,-6.45000,prps,0,5799
32113,32.113,1,4004,54004,lowband_largesig_r00,prps,1577,127,1.000000,-52,0,-52,-0.13613568,-7.80000,prps,0,5803
32133,32.133,1,4004,54004,lowband_largesig_r00,prps,1572,122,0.964411,-60,0,-60,-0.15707964,-9.00000,prps,0,5807
32153,32.153,1,4004,54004,lowband_largesig_r00,prps,1560,110,0.869918,-66,0,-66,-0.17278760,-9.90000,prps,0,5811
32173,32.173,1,4004,54004,lowband_largesig_r00,prps,1542,92,0.724101,-66,0,-66,-0.17278760,-9.90000,prps,0,5815
32193,32.193,1,4004,54004,lowband_largesig_r00,prps,1519,69,0.541525,-64,0,-64,-0.16755160,-9.60000,prps,0,5819
32213,32.213,1,4004,54004,lowband_largesig_r00,prps,1493,43,0.341925,-60,0,-60,-0.15707964,-9.00000,prps,0,5823
32233,32.233,1,4004,54004,lowband_largesig_r00,prps,1469,19,0.147584,-52,0,-52,-0.13613568,-7.80000,prps,0,5827
32253,32.253,1,4004,54004,lowband_largesig_r00,prps,1447,-3,-0.019714,-41,0,-41,-0.10733775,-6.15000,prps,0,5831
32273,32.273,1,4004,54004,lowband_largesig_r00,prps,1432,-18,-0.141674,-28,0,-28,-0.07330382,-4.20000,prps,0,5835
32293,32.293,1,4004,54004,lowband_largesig_r00,prps,1424,-26,-0.205977,-14,0,-14,-0.03665191,-2.10000,prps,0,5839
32313,32.313,1,4004,54004,lowband_largesig_r00,prps,1424,-26,-0.207882,-2,0,-2,-0.00523599,-0.30000,prps,0,5843
32333,32.333,1,4004,54004,lowband_largesig_r00,prps,1431,-19,-0.150714,9,0,9,0.02356194,1.35000,prps,0,5847
32353,32.353,1,4004,54004,lowband_largesig_r00,prps,1444,-6,-0.045175,14,0,14,0.03665191,2.10000,prps,0,5851
32373,32.373,1,4004,54004,lowband_largesig_r00,prps,1462,12,0.092394,14,0,14,0.03665191,2.10000,prps,0,5855
32393,32.393,1,4004,54004,lowband_largesig_r00,prps,1481,31,0.242500,11,0,11,0.02879793,1.65000,prps,0,5859
32413,32.413,1,4004,54004,lowband_largesig_r00,prps,1499,49,0.385348,5,0,5,0.01308997,0.75000,prps,0,5863
32433,32.433,1,4004,54004,lowband_largesig_r00,prps,1514,64,0.503596,-2,0,-2,-0.00523599,-0.30000,prps,0,5867
32453,32.453,1,4004,54004,lowband_largesig_r00,prps,1524,74,0.584610,-12,0,-12,-0.03141592,-1.80000,prps,0,5871
32473,32.473,1,4004,54004,lowband_largesig_r00,prps,1529,79,0.621878,-22,0,-22,-0.05759586,-3.30000,prps,0,5875
32493,32.493,1,4004,54004,lowband_largesig_r00,prps,1528,78,0.615437,-31,0,-31,-0.08115781,-4.65000,prps,0,5879
32513,32.513,1,4004,54004,lowband_largesig_r00,prps,1523,73,0.571264,-39,0,-39,-0.10210176,-5.85000,prps,0,5883
32533,32.533,1,4004,54004,lowband_largesig_r00,prps,1513,63,0.499821,-42,0,-42,-0.10995574,-6.30000,prps,0,5887
32553,32.553,1,4004,54004,lowband_largesig_r00,prps,1503,53,0.414008,-42,0,-42,-0.10995574,-6.30000,prps,0,5891
32573,32.573,1,4004,54004,lowband_largesig_r00,prps,1492,42,0.326904,-41,0,-41,-0.10733775,-6.15000,prps,0,5895
32593,32.593,1,4004,54004,lowband_largesig_r00,prps,1482,32,0.249671,-37,0,-37,-0.09686577,-5.55000,prps,0,5899
32613,32.613,1,4004,54004,lowband_largesig_r00,prps,1474,24,0.189944,-32,0,-32,-0.08377580,-4.80000,prps,0,5903
32633,32.633,1,4004,54004,lowband_largesig_r00,prps,1469,19,0.150945,-27,0,-27,-0.07068583,-4.05000,prps,0,5907
32653,32.653,1,4004,54004,lowband_largesig_r00,prps,1467,17,0.131405,-22,0,-22,-0.05759586,-3.30000,prps,0,5911
32673,32.673,1,4004,54004,lowband_largesig_r00,prps,1466,16,0.126254,-17,0,-17,-0.04450589,-2.55000,prps,0,5915
32693,32.693,1,4004,54004,lowband_largesig_r00,prps,1466,16,0.127902,-14,0,-14,-0.03665191,-2.10000,prps,0,5919
32713,32.713,1,4004,54004,lowband_largesig_r00,prps,1466,16,0.127842,-13,0,-13,-0.03403392,-1.95000,prps,0,5923
32733,32.733,1,4004,54004,lowband_largesig_r00,prps,1465,15,0.118275,-12,0,-12,-0.03141592,-1.80000,prps,0,5927
32753,32.753,1,4004,54004,lowband_largesig_r00,prps,1462,12,0.093474,-12,0,-12,-0.03141592,-1.80000,prps,0,5931
32773,32.773,1,4004,54004,lowband_largesig_r00,prps,1456,6,0.050662,-10,0,-10,-0.02617994,-1.50000,prps,0,5935
32793,32.793,1,4004,54004,lowband_largesig_r00,prps,1449,-1,-0.009709,-9,0,-9,-0.02356194,-1.35000,prps,0,5939
32813,32.813,1,4004,54004,lowband_largesig_r00,prps,1439,-11,-0.084282,-8,0,-8,-0.02094395,-1.20000,prps,0,5943
32833,32.833,1,4004,54004,lowband_largesig_r00,prps,1429,-21,-0.167614,-5,0,-5,-0.01308997,-0.75000,prps,0,5947
32853,32.853,1,4004,54004,lowband_largesig_r00,prps,1418,-32,-0.253298,-1,0,-1,-0.00261799,-0.15000,prps,0,5951
32873,32.873,1,4004,54004,lowband_largesig_r00,prps,1407,-43,-0.335152,4,0,4,0.01047198,0.60000,prps,0,5955
32893,32.893,1,4004,54004,lowband_largesig_r00,prps,1398,-52,-0.408249,11,0,11,0.02879793,1.65000,prps,0,5959
32913,32.913,1,4004,54004,lowband_largesig_r00,prps,1390,-60,-0.469611,16,0,16,0.04188790,2.40000,prps,0,5963
32933,32.933,1,4004,54004,lowband_largesig_r00,prps,1384,-66,-0.518441,21,0,21,0.05497787,3.15000,prps,0,5967
32953,32.953,1,4004,54004,lowband_largesig_r00,prps,1379,-71,-0.555916,25,0,25,0.06544985,3.75000,prps,0,5971
32973,32.973,1,4004,54004,lowband_largesig_r00,prps,1376,-74,-0.584590,28,0,28,0.07330382,4.20000,prps,0,5975
32993,32.993,1,4004,54004,lowband_largesig_r00,prps,1373,-77,-0.607592,32,0,32,0.08377580,4.80000,prps,0,5979
33013,33.013,1,4004,54004,lowband_largesig_r00,prps,1370,-80,-0.627775,35,0,35,0.09162979,5.25000,prps,0,5983
33033,33.033,1,4004,54004,lowband_largesig_r00,prps,1368,-82,-0.647023,37,0,37,0.09686577,5.55000,prps,0,5987
33053,33.053,1,4004,54004,lowband_largesig_r00,prps,1365,-85,-0.665851,40,0,40,0.10471976,6.00000,prps,0,5991
33073,33.073,1,4004,54004,lowband_largesig_r00,prps,1363,-87,-0.683363,41,0,41,0.10733775,6.15000,prps,0,5995
33093,33.093,1,4004,54004,lowband_largesig_r00,prps,1361,-89,-0.697570,44,0,44,0.11519173,6.60000,prps,0,5999
33113,33.113,1,4004,54004,lowband_largesig_r00,prps,1360,-90,-0.705968,46,0,46,0.12042772,6.90000,prps,0,6003
33133,33.133,1,4004,54004,lowband_largesig_r00,prps,1360,-90,-0.706234,47,0,47,0.12304571,7.05000,prps,0,6007
33153,33.153,1,4004,54004,lowband_largesig_r00,prps,1361,-89,-0.696870,48,0,48,0.12566370,7.20000,prps,0,6011
33173,33.173,1,4004,54004,lowband_largesig_r00,prps,1364,-86,-0.677632,48,0,48,0.12566370,7.20000,prps,0,6015
33193,33.193,1,4004,54004,lowband_largesig_r00,prps,1367,-83,-0.649637,49,0,49,0.12828170,7.35000,prps,0,6019
33213,33.213,1,4004,54004,lowband_largesig_r00,prps,1372,-78,-0.615110,49,0,49,0.12828170,7.35000,prps,0,6023
33233,33.233,1,4004,54004,lowband_largesig_r00,prps,1377,-73,-0.576815,49,0,49,0.12828170,7.35000,prps,0,6027
33253,33.253,1,4004,54004,lowband_largesig_r00,prps,1382,-68,-0.537297,49,0,49,0.12828170,7.35000,prps,0,6031
33273,33.273,1,4004,54004,lowband_largesig_r00,prps,1387,-63,-0.498107,49,0,49,0.12828170,7.35000,prps,0,6035
33293,33.293,1,4004,54004,lowband_largesig_r00,prps,1392,-58,-0.459198,48,0,48,0.12566370,7.20000,prps,0,6039
33313,33.313,1,4004,54004,lowband_largesig_r00,prps,1397,-53,-0.418671,46,0,46,0.12042772,6.90000,prps,0,6043
33333,33.333,1,4004,54004,lowband_largesig_r00,prps,1403,-47,-0.372958,42,0,42,0.10995574,6.30000,prps,0,6047
33353,33.353,1,4004,54004,lowband_largesig_r00,prps,1410,-40,-0.317467,37,0,37,0.09686577,5.55000,prps,0,6051
33373,33.373,1,4004,54004,lowband_largesig_r00,prps,1419,-31,-0.247607,33,0,33,0.08639380,4.95000,prps,0,6055
33393,33.393,1,4004,54004,lowband_largesig_r00,prps,1430,-20,-0.160016,29,0,29,0.07592182,4.35000,prps,0,6059
33413,33.413,1,4004,54004,lowband_largesig_r00,prps,1443,-7,-0.053752,25,0,25,0.06544985,3.75000,prps,0,6063
33433,33.433,1,4004,54004,lowband_largesig_r00,prps,1459,9,0.068784,19,0,19,0.04974188,2.85000,prps,0,6067
33453,33.453,1,4004,54004,lowband_largesig_r00,prps,1476,26,0.201450,14,0,14,0.03665191,2.10000,prps,0,6071
33473,33.473,1,4004,54004,lowband_largesig_r00,prps,1492,42,0.334600,8,0,8,0.02094395,1.20000,prps,0,6075
33493,33.493,1,4004,54004,lowband_largesig_r00,prps,1508,58,0.456022,1,0,1,0.00261799,0.15000,prps,0,6079
33513,33.513,1,4004,54004,lowband_largesig_r00,prps,1520,70,0.552474,-8,0,-8,-0.02094395,-1.20000,prps,0,6083
33533,33.533,1,4004,54004,lowband_largesig_r00,prps,1528,78,0.611608,-18,0,-18,-0.04712389,-2.70000,prps,0,6087
33553,33.553,1,4004,54004,lowband_largesig_r00,prps,1529,79,0.623999,-28,0,-28,-0.07330382,-4.20000,prps,0,6091
33573,33.573,1,4004,54004,lowband_largesig_r00,prps,1524,74,0.584920,-37,0,-37,-0.09686577,-5.55000,prps,0,6095
33593,33.593,1,4004,54004,lowband_largesig_r00,prps,1513,63,0.495557,-41,0,-41,-0.10733775,-6.15000,prps,0,6099
33613,33.613,1,4004,54004,lowband_largesig_r00,prps,1496,46,0.363406,-41,0,-41,-0.10733775,-6.15000,prps,0,6103
33633,33.633,1,4004,54004,lowband_largesig_r00,prps,1476,26,0.201726,-39,0,-39,-0.10210176,-5.85000,prps,0,6107
33653,33.653,1,4004,54004,lowband_largesig_r00,prps,1454,4,0.028070,-34,0,-34,-0.08901179,-5.10000,prps,0,6111
33673,33.673,1,4004,54004,lowband_largesig_r00,prps,1432,-18,-0.137921,-26,0,-26,-0.06806784,-3.90000,prps,0,6115
33693,33.693,1,4004,54004,lowband_largesig_r00,prps,1415,-35,-0.277155,-16,0,-16,-0.04188790,-2.40000,prps,0,6119
33713,33.713,1,4004,54004,lowband_largesig_r00,prps,1403,-47,-0.373759,-4,0,-4,-0.01047198,-0.60000,prps,0,6123
33733,33.733,1,4004,54004,lowband_largesig_r00,prps,1397,-53,-0.417372,8,0,8,0.02094395,1.20000,prps,0,6127
33753,33.753,1,4004,54004,lowband_largesig_r00,prps,1399,-51,-0.404678,18,0,18,0.04712389,2.70000,prps,0,6131
33773,33.773,1,4004,54004,lowband_largesig_r00,prps,1407,-43,-0.339918,23,0,23,0.06021386,3.45000,prps,0,6135
33793,33.793,1,4004,54004,lowband_largesig_r00,prps,1420,-30,-0.234290,24,0,24,0.06283185,3.60000,prps,0,6139
33813,33.813,1,4004,54004,lowband_largesig_r00,prps,1437,-13,-0.104297,24,0,24,0.06283185,3.60000,prps,0,6143
33833,33.833,1,4004,54004,lowband_largesig_r00,prps,1454,4,0.030718,22,0,22,0.05759586,3.30000,prps,0,6147
33853,33.853,1,4004,54004,lowband_largesig_r00,prps,1469,19,0.151462,16,0,16,0.04188790,2.40000,prps,0,6151
33873,33.873,1,4004,54004,lowband_largesig_r00,prps,1481,31,0.241564,10,0,10,0.02617994,1.50000,prps,0,6155
33893,33.893,1,4004,54004,lowband_largesig_r00,prps,1487,37,0.289989,3,0,3,0.00785398,0.45000,prps,0,6159
33913,33.913,1,4004,54004,lowband_largesig_r00,prps,1487,37,0.292600,-3,0,-3,-0.00785398,-0.45000,prps,0,6163
33933,33.933,1,4004,54004,lowband_largesig_r00,prps,1482,32,0.252639,-9,0,-9,-0.02356194,-1.35000,prps,0,6167
33953,33.953,1,4004,54004,lowband_largesig_r00,prps,1473,23,0.180054,-13,0,-13,-0.03403392,-1.95000,prps,0,6171
33973,33.973,1,4004,54004,lowband_largesig_r00,prps,1461,11,0.089795,-15,0,-15,-0.03926991,-2.25000,prps,0,6175
33993,33.993,1,4004,54004,lowband_largesig_r00,prps,1450,0,-0.000644,-14,0,-14,-0.03665191,-2.10000,prps,0,6179
34013,34.013,1,4004,54004,lowband_largesig_r00,prps,1441,-9,-0.074017,-12,0,-12,-0.03141592,-1.80000,prps,0,6183
34033,34.033,1,4004,54004,lowband_largesig_r00,prps,1435,-15,-0.116019,-9,0,-9,-0.02356194,-1.35000,prps,0,6187
34053,34.053,1,4004,54004,lowband_largesig_r00,prps,1435,-15,-0.117431,-3,0,-3,-0.00785398,-0.45000,prps,0,6191
34073,34.073,1,4004,54004,lowband_largesig_r00,prps,1440,-10,-0.075384,2,0,2,0.00523599,0.30000,prps,0,6195
34093,34.093,1,4004,54004,lowband_largesig_r00,prps,1451,1,0.006422,6,0,6,0.01570796,0.90000,prps,0,6199
34113,34.113,1,4004,54004,lowband_largesig_r00,prps,1465,15,0.118577,8,0,8,0.02094395,1.20000,prps,0,6203
34133,34.133,1,4004,54004,lowband_largesig_r00,prps,1481,31,0.247708,7,0,7,0.01832596,1.05000,prps,0,6207
34153,34.153,1,4004,54004,lowband_largesig_r00,prps,1498,48,0.378788,3,0,3,0.00785398,0.45000,prps,0,6211
34173,34.173,1,4004,54004,lowband_largesig_r00,prps,1513,63,0.497623,-4,0,-4,-0.01047198,-0.60000,prps,0,6215
34193,34.193,1,4004,54004,lowband_largesig_r00,prps,1525,75,0.593070,-13,0,-13,-0.03403392,-1.95000,prps,0,6219
34213,34.213,1,4004,54004,lowband_largesig_r00,prps,1534,84,0.658617,-22,0,-22,-0.05759586,-3.30000,prps,0,6223
34233,34.233,1,4004,54004,lowband_largesig_r00,prps,1538,88,0.693093,-31,0,-31,-0.08115781,-4.65000,prps,0,6227
34253,34.253,1,4004,54004,lowband_largesig_r00,prps,1539,89,0.700384,-40,0,-40,-0.10471976,-6.00000,prps,0,6231
34273,34.273,1,4004,54004,lowband_largesig_r00,prps,1537,87,0.688270,-45,0,-45,-0.11780972,-6.75000,prps,0,6235
34293,34.293,1,4004,54004,lowband_largesig_r00,prps,1535,85,0.666593,-48,0,-48,-0.12566370,-7.20000,prps,0,6239
34313,34.313,1,4004,54004,lowband_largesig_r00,prps,1532,82,0.645127,-48,0,-48,-0.12566370,-7.20000,prps,0,6243
34333,34.333,1,4004,54004,lowband_largesig_r00,prps,1530,80,0.631537,-48,0,-48,-0.12566370,-7.20000,prps,0,6247
34353,34.353,1,4004,54004,lowband_largesig_r00,prps,1530,80,0.629809,-48,0,-48,-0.12566370,-7.20000,prps,0,6251
34373,34.373,1,4004,54004,lowband_largesig_r00,prps,1531,81,0.639434,-47,0,-47,-0.12304571,-7.05000,prps,0,6255
34393,34.393,1,4004,54004,lowband_largesig_r00,prps,1533,83,0.655498,-47,0,-47,-0.12304571,-7.05000,prps,0,6259
34413,34.413,1,4004,54004,lowband_largesig_r00,prps,1535,85,0.669653,-47,0,-47,-0.12304571,-7.05000,prps,0,6263
34433,34.433,1,4004,54004,lowband_largesig_r00,prps,1535,85,0.671792,-47,0,-47,-0.12304571,-7.05000,prps,0,6267
34453,34.453,1,4004,54004,lowband_largesig_r00,prps,1533,83,0.652118,-47,0,-47,-0.12304571,-7.05000,prps,0,6271
34473,34.473,1,4004,54004,lowband_largesig_r00,prps,1527,77,0.603222,-47,0,-47,-0.12304571,-7.05000,prps,0,6275
34493,34.493,1,4004,54004,lowband_largesig_r00,prps,1516,66,0.521793,-47,0,-47,-0.12304571,-7.05000,prps,0,6279
34513,34.513,1,4004,54004,lowband_largesig_r00,prps,1502,52,0.409620,-46,0,-46,-0.12042772,-6.90000,prps,0,6283
34533,34.533,1,4004,54004,lowband_largesig_r00,prps,1485,35,0.273706,-44,0,-44,-0.11519173,-6.60000,prps,0,6287
34553,34.553,1,4004,54004,lowband_largesig_r00,prps,1466,16,0.125433,-39,0,-39,-0.10210176,-5.85000,prps,0,6291
34573,34.573,1,4004,54004,lowband_largesig_r00,prps,1447,-3,-0.021074,-32,0,-32,-0.08377580,-4.80000,prps,0,6295
34593,34.593,1,4004,54004,lowband_largesig_r00,prps,1431,-19,-0.151138,-23,0,-23,-0.06021386,-3.45000,prps,0,6299
34613,34.613,1,4004,54004,lowband_largesig_r00,prps,1418,-32,-0.251887,-12,0,-12,-0.03141592,-1.80000,prps,0,6303
34633,34.633,1,4004,54004,lowband_largesig_r00,prps,1410,-40,-0.314378,-1,0,-1,-0.00261799,-0.15000,prps,0,6307
34653,34.653,1,4004,54004,lowband_largesig_r00,prps,1407,-43,-0.335128,9,0,9,0.02356194,1.35000,prps,0,6311
34673,34.673,1,4004,54004,lowband_largesig_r00,prps,1410,-40,-0.316758,17,0,17,0.04450589,2.55000,prps,0,6315
34693,34.693,1,4004,54004,lowband_largesig_r00,prps,1416,-34,-0.267663,21,0,21,0.05497787,3.15000,prps,0,6319
34713,34.713,1,4004,54004,lowband_largesig_r00,prps,1425,-25,-0.200719,21,0,21,0.05497787,3.15000,prps,0,6323
34733,34.733,1,4004,54004,lowband_largesig_r00,prps,1433,-17,-0.131256,20,0,20,0.05235988,3.00000,prps,0,6327
34753,34.753,1,4004,54004,lowband_largesig_r00,prps,1441,-9,-0.074619,18,0,18,0.04712389,2.70000,prps,0,6331
34773,34.773,1,4004,54004,lowband_largesig_r00,prps,1444,-6,-0.043726,14,0,14,0.03665191,2.10000,prps,0,6335
34793,34.793,1,4004,54004,lowband_largesig_r00,prps,1444,-6,-0.047017,12,0,12,0.03141592,1.80000,prps,0,6339
34813,34.813,1,4004,54004,lowband_largesig_r00,prps,1439,-11,-0.087143,10,0,10,0.02617994,1.50000,prps,0,6343
34833,34.833,1,4004,54004,lowband_largesig_r00,prps,1430,-20,-0.160587,8,0,8,0.02094395,1.20000,prps,0,6347
34853,34.853,1,4004,54004,lowband_largesig_r00,prps,1417,-33,-0.258299,8,0,8,0.02094395,1.20000,prps,0,6351
34873,34.873,1,4004,54004,lowband_largesig_r00,prps,1403,-47,-0.367210,9,0,9,0.02356194,1.35000,prps,0,6355
34893,34.893,1,4004,54004,lowband_largesig_r00,prps,1390,-60,-0.472385,13,0,13,0.03403392,1.95000,prps,0,6359
34913,34.913,1,4004,54004,lowband_largesig_r00,prps,1379,-71,-0.559451,18,0,18,0.04712389,2.70000,prps,0,6363
34933,34.933,1,4004,54004,lowband_largesig_r00,prps,1372,-78,-0.616902,24,0,24,0.06283185,3.60000,prps,0,6367
34953,34.953,1,4004,54004,lowband_largesig_r00,prps,1369,-81,-0.637916,29,0,29,0.07592182,4.35000,prps,0,6371
34973,34.973,1,4004,54004,lowband_largesig_r00,prps,1371,-79,-0.621402,34,0,34,0.08901179,5.10000,prps,0,6375
34993,34.993,1,4004,54004,lowband_largesig_r00,prps,1377,-73,-0.572109,38,0,38,0.09948376,5.70000,prps,0,6379
35013,35.013,1,4004,54004,lowband_largesig_r00,prps,1387,-63,-0.499831,40,0,40,0.10471976,6.00000,prps,0,6383
35033,35.033,1,4004,54004,lowband_largesig_r00,prps,1397,-53,-0.417828,40,0,40,0.10471976,6.00000,prps,0,6387
35053,35.053,1,4004,54004,lowband_largesig_r00,prps,1407,-43,-0.340754,40,0,40,0.10471976,6.00000,prps,0,6391
35073,35.073,1,4004,54004,lowband_largesig_r00,prps,1414,-36,-0.282420,38,0,38,0.09948376,5.70000,prps,0,6395
35093,35.093,1,4004,54004,lowband_largesig_r00,prps,1418,-32,-0.253766,34,0,34,0.08901179,5.10000,prps,0,6399
35113,35.113,1,4004,54004,lowband_largesig_r00,prps,1417,-33,-0.261316,28,0,28,0.07330382,4.20000,prps,0,6403
35133,35.133,1,4004,54004,lowband_largesig_r00,prps,1411,-39,-0.306367,24,0,24,0.06283185,3.60000,prps,0,6407
35153,35.153,1,4004,54004,lowband_largesig_r00,prps,1401,-49,-0.384959,21,0,21,0.05497787,3.15000,prps,0,6411
35173,35.173,1,4004,54004,lowband_largesig_r00,prps,1388,-62,-0.488617,21,0,21,0.05497787,3.15000,prps,0,6415
35193,35.193,1,4004,54004,lowband_largesig_r00,prps,1373,-77,-0.605672,22,0,22,0.05759586,3.30000,prps,0,6419
35213,35.213,1,4004,54004,lowband_largesig_r00,prps,1358,-92,-0.722929,26,0,26,0.06806784,3.90000,prps,0,6423
35233,35.233,1,4004,54004,lowband_largesig_r00,prps,1345,-105,-0.827402,32,0,32,0.08377580,4.80000,prps,0,6427
35253,35.253,1,4004,54004,lowband_largesig_r00,prps,1335,-115,-0.907842,40,0,40,0.10471976,6.00000,prps,0,6431
35273,35.273,1,4004,54004,lowband_largesig_r00,prps,1329,-121,-0.955858,48,0,48,0.12566370,7.20000,prps,0,6435
35293,35.293,1,4004,54004,lowband_largesig_r00,prps,1327,-123,-0.966504,56,0,56,0.14660765,8.40000,prps,0,6439
35313,35.313,1,4004,54004,lowband_largesig_r00,prps,1331,-119,-0.938336,63,0,63,0.16493360,9.45000,prps,0,6443
35333,35.333,1,4004,54004,lowband_largesig_r00,prps,1339,-111,-0.872998,66,0,66,0.17278760,9.90000,prps,0,6447
35353,35.353,1,4004,54004,lowband_largesig_r00,prps,1352,-98,-0.774504,67,0,67,0.17540560,10.05000,prps,0,6451
35373,35.373,1,4004,54004,lowband_largesig_r00,prps,1368,-82,-0.648409,67,0,67,0.17540560,10.05000,prps,0,6455
35393,35.393,1,4004,54004,lowband_largesig_r00,prps,1386,-64,-0.501022,65,0,65,0.17016960,9.75000,prps,0,6459
35413,35.413,1,4004,54004,lowband_largesig_r00,prps,1407,-43,-0.338837,60,0,60,0.15707964,9.00000,prps,0,6463
35433,35.433,1,4004,54004,lowband_largesig_r00,prps,1429,-21,-0.168217,52,0,52,0.13613568,7.80000,prps,0,6467
35453,35.453,1,4004,54004,lowband_largesig_r00,prps,1451,1,0.004656,42,0,42,0.10995574,6.30000,prps,0,6471
35473,35.473,1,4004,54004,lowband_largesig_r00,prps,1472,22,0.173644,29,0,29,0.07592182,4.35000,prps,0,6475
35493,35.493,1,4004,54004,lowband_largesig_r00,prps,1492,42,0.332472,16,0,16,0.04188790,2.40000,prps,0,6479
35513,35.513,1,4004,54004,lowband_largesig_r00,prps,1510,60,0.474618,3,0,3,0.00785398,0.45000,prps,0,6483
35533,35.533,1,4004,54004,lowband_largesig_r00,prps,1525,75,0.593412,-9,0,-9,-0.02356194,-1.35000,prps,0,6487
35553,35.553,1,4004,54004,lowband_largesig_r00,prps,1537,87,0.682398,-20,0,-20,-0.05235988,-3.00000,prps,0,6491
35573,35.573,1,4004,54004,lowband_largesig_r00,prps,1543,93,0.735967,-31,0,-31,-0.08115781,-4.65000,prps,0,6495
35593,35.593,1,4004,54004,lowband_largesig_r00,prps,1545,95,0.750150,-41,0,-41,-0.10733775,-6.15000,prps,0,6499
35613,35.613,1,4004,54004,lowband_largesig_r00,prps,1542,92,0.723465,-48,0,-48,-0.12566370,-7.20000,prps,0,6503
35633,35.633,1,4004,54004,lowband_largesig_r00,prps,1534,84,0.657591,-51,0,-51,-0.13351768,-7.65000,prps,0,6507
35653,35.653,1,4004,54004,lowband_largesig_r00,prps,1521,71,0.557733,-52,0,-52,-0.13613568,-7.80000,prps,0,6511
35673,35.673,1,4004,54004,lowband_largesig_r00,prps,1505,55,0.432502,-50,0,-50,-0.13089970,-7.50000,prps,0,6515
35693,35.693,1,4004,54004,lowband_largesig_r00,prps,1487,37,0.293277,-47,0,-47,-0.12304571,-7.05000,prps,0,6519
35713,35.713,1,4004,54004,lowband_largesig_r00,prps,1469,19,0.153062,-41,0,-41,-0.10733775,-6.15000,prps,0,6523
35733,35.733,1,4004,54004,lowband_largesig_r00,prps,1453,3,0.024982,-33,0,-33,-0.08639380,-4.95000,prps,0,6527
35753,35.753,1,4004,54004,lowband_largesig_r00,prps,1440,-10,-0.079372,-25,0,-25,-0.06544985,-3.75000,prps,0,6531
35773,35.773,1,4004,54004,lowband_largesig_r00,prps,1431,-19,-0.151492,-14,0,-14,-0.03665191,-2.10000,prps,0,6535
35793,35.793,1,4004,54004,lowband_largesig_r00,prps,1426,-24,-0.187119,-5,0,-5,-0.01308997,-0.75000,prps,0,6539
35813,35.813,1,4004,54004,lowband_largesig_r00,prps,1426,-24,-0.186827,4,0,4,0.01047198,0.60000,prps,0,6543
35833,35.833,1,4004,54004,lowband_largesig_r00,prps,1430,-20,-0.155874,10,0,10,0.02617994,1.50000,prps,0,6547
35853,35.853,1,4004,54004,lowband_largesig_r00,prps,1437,-13,-0.103326,11,0,11,0.02879793,1.65000,prps,0,6551
35873,35.873,1,4004,54004,lowband_largesig_r00,prps,1445,-5,-0.040569,11,0,11,0.02879793,1.65000,prps,0,6555
35893,35.893,1,4004,54004,lowband_largesig_r00,prps,1453,3,0.020575,11,0,11,0.02879793,1.65000,prps,0,6559
35913,35.913,1,4004,54004,lowband_largesig_r00,prps,1459,9,0.069810,11,0,11,0.02879793,1.65000,prps,0,6563
35933,35.933,1,4004,54004,lowband_largesig_r00,prps,1463,13,0.100078,11,0,11,0.02879793,1.65000,prps,0,6567
35953,35.953,1,4004,54004,lowband_largesig_r00,prps,1464,14,0.108717,7,0,7,0.01832596,1.05000,prps,0,6571
35973,35.973,1,4004,54004,lowband_largesig_r00,prps,1462,12,0.097856,4,0,4,0.01047198,0.60000,prps,0,6575
35993,35.993,1,4004,54004,lowband_largesig_r00,prps,1459,9,0.073949,1,0,1,0.00261799,0.15000,prps,0,6579
36013,36.013,1,4004,54004,lowband_largesig_r00,prps,1456,6,0.046516,-1,0,-1,-0.00261799,-0.15000,prps,0,6583
36033,36.033,1,4004,54004,lowband_largesig_r00,prps,1453,3,0.026288,-1,0,-1,-0.00261799,-0.15000,prps,0,6587
36053,36.053,1,4004,54004,lowband_largesig_r00,prps,1453,3,0.023072,-1,0,-1,-0.00261799,-0.15000,prps,0,6591
36073,36.073,1,4004,54004,lowband_largesig_r00,prps,1456,6,0.043706,0,0,0,0.00000000,0.00000,prps,0,6595
36093,36.093,1,4004,54004,lowband_largesig_r00,prps,1461,11,0.090476,0,0,0,0.00000000,0.00000,prps,0,6599
36113,36.113,1,4004,54004,lowband_largesig_r00,prps,1470,20,0.160304,-1,0,-1,-0.00261799,-0.15000,prps,0,6603
36133,36.133,1,4004,54004,lowband_largesig_r00,prps,1481,31,0.244871,-2,0,-2,-0.00523599,-0.30000,prps,0,6607
36153,36.153,1,4004,54004,lowband_largesig_r00,prps,1492,42,0.331708,-5,0,-5,-0.01308997,-0.75000,prps,0,6611
36173,36.173,1,4004,54004,lowband_largesig_r00,prps,1502,52,0.406101,-9,0,-9,-0.02356194,-1.35000,prps,0,6615
36193,36.193,1,4004,54004,lowband_largesig_r00,prps,1508,58,0.453510,-14,0,-14,-0.03665191,-2.10000,prps,0,6619
36213,36.213,1,4004,54004,lowband_largesig_r00,prps,1509,59,0.462120,-20,0,-20,-0.05235988,-3.00000,prps,0,6623
36233,36.233,1,4004,54004,lowband_largesig_r00,prps,1504,54,0.425076,-24,0,-24,-0.06283185,-3.60000,prps,0,6627
36253,36.253,1,4004,54004,lowband_largesig_r00,prps,1493,43,0.342021,-27,0,-27,-0.07068583,-4.05000,prps,0,6631
36273,36.273,1,4004,54004,lowband_largesig_r00,prps,1478,28,0.219644,-28,0,-28,-0.07330382,-4.20000,prps,0,6635
36293,36.293,1,4004,54004,lowband_largesig_r00,prps,1459,9,0.071105,-26,0,-26,-0.06806784,-3.90000,prps,0,6639
36313,36.313,1,4004,54004,lowband_largesig_r00,prps,1439,-11,-0.085611,-22,0,-22,-0.05759586,-3.30000,prps,0,6643
36333,36.333,1,4004,54004,lowband_largesig_r00,prps,1421,-29,-0.230168,-15,0,-15,-0.03926991,-2.25000,prps,0,6647
36353,36.353,1,4004,54004,lowband_largesig_r00,prps,1406,-44,-0.342830,-7,0,-7,-0.01832596,-1.05000,prps,0,6651
36373,36.373,1,4004,54004,lowband_largesig_r00,prps,1398,-52,-0.407400,3,0,3,0.00785398,0.45000,prps,0,6655
36393,36.393,1,4004,54004,lowband_largesig_r00,prps,1397,-53,-0.413698,14,0,14,0.03665191,2.10000,prps,0,6659
36413,36.413,1,4004,54004,lowband_largesig_r00,prps,1404,-46,-0.359176,23,0,23,0.06021386,3.45000,prps,0,6663
36433,36.433,1,4004,54004,lowband_largesig_r00,prps,1418,-32,-0.249389,26,0,26,0.06806784,3.90000,prps,0,6667
36453,36.453,1,4004,54004,lowband_largesig_r00,prps,1438,-12,-0.097255,25,0,25,0.06544985,3.75000,prps,0,6671
36473,36.473,1,4004,54004,lowband_largesig_r00,prps,1460,10,0.078806,22,0,22,0.05759586,3.30000,prps,0,6675
36493,36.493,1,4004,54004,lowband_largesig_r00,prps,1483,33,0.257544,15,0,15,0.03926991,2.25000,prps,0,6679
36513,36.513,1,4004,54004,lowband_largesig_r00,prps,1503,53,0.417966,8,0,8,0.02094395,1.20000,prps,0,6683
36533,36.533,1,4004,54004,lowband_largesig_r00,prps,1519,69,0.542340,-1,0,-1,-0.00261799,-0.15000,prps,0,6687
36553,36.553,1,4004,54004,lowband_largesig_r00,prps,1529,79,0.618650,-12,0,-12,-0.03141592,-1.80000,prps,0,6691
36573,36.573,1,4004,54004,lowband_largesig_r00,prps,1532,82,0.642136,-24,0,-24,-0.06283185,-3.60000,prps,0,6695
36593,36.593,1,4004,54004,lowband_largesig_r00,prps,1528,78,0.615683,-34,0,-34,-0.08901179,-5.10000,prps,0,6699
36613,36.613,1,4004,54004,lowband_largesig_r00,prps,1520,70,0.549039,-41,0,-41,-0.10733775,-6.15000,prps,0,6703
36633,36.633,1,4004,54004,lowband_largesig_r00,prps,1508,58,0.457002,-43,0,-43,-0.11257374,-6.45000,prps,0,6707
36653,36.653,1,4004,54004,lowband_largesig_r00,prps,1495,45,0.356897,-42,0,-42,-0.10995574,-6.30000,prps,0,6711
36673,36.673,1,4004,54004,lowband_largesig_r00,prps,1484,34,0.265779,-40,0,-40,-0.10471976,-6.00000,prps,0,6715
36693,36.693,1,4004,54004,lowband_largesig_r00,prps,1475,25,0.197795,-35,0,-35,-0.09162979,-5.25000,prps,0,6719
36713,36.713,1,4004,54004,lowband_largesig_r00,prps,1471,21,0.162151,-29,0,-29,-0.07592182,-4.35000,prps,0,6723
36733,36.733,1,4004,54004,lowband_largesig_r00,prps,1471,21,0.161976,-23,0,-23,-0.06021386,-3.45000,prps,0,6727
36753,36.753,1,4004,54004,lowband_largesig_r00,prps,1475,25,0.194221,-19,0,-19,-0.04974188,-2.85000,prps,0,6731
36773,36.773,1,4004,54004,lowband_largesig_r00,prps,1482,32,0.250592,-16,0,-16,-0.04188790,-2.40000,prps,0,6735
36793,36.793,1,4004,54004,lowband_largesig_r00,prps,1491,41,0.319284,-16,0,-16,-0.04188790,-2.40000,prps,0,6739
36813,36.813,1,4004,54004,lowband_largesig_r00,prps,1499,49,0.387211,-17,0,-17,-0.04450589,-2.55000,prps,0,6743
36833,36.833,1,4004,54004,lowband_largesig_r00,prps,1506,56,0.442306,-18,0,-18,-0.04712389,-2.70000,prps,0,6747
36853,36.853,1,4004,54004,lowband_largesig_r00,prps,1510,60,0.475521,-21,0,-21,-0.05497787,-3.15000,prps,0,6751
36873,36.873,1,4004,54004,lowband_largesig_r00,prps,1511,61,0.482162,-24,0,-24,-0.06283185,-3.60000,prps,0,6755
36893,36.893,1,4004,54004,lowband_largesig_r00,prps,1509,59,0.462387,-27,0,-27,-0.07068583,-4.05000,prps,0,6759
36913,36.913,1,4004,54004,lowband_largesig_r00,prps,1503,53,0.420788,-29,0,-29,-0.07592182,-4.35000,prps,0,6763
36933,36.933,1,4004,54004,lowband_largesig_r00,prps,1496,46,0.365200,-29,0,-29,-0.07592182,-4.35000,prps,0,6767
36953,36.953,1,4004,54004,lowband_largesig_r00,prps,1489,39,0.304963,-29,0,-29,-0.07592182,-4.35000,prps,0,6771
36973,36.973,1,4004,54004,lowband_largesig_r00,prps,1482,32,0.248995,-29,0,-29,-0.07592182,-4.35000,prps,0,6775
36993,36.993,1,4004,54004,lowband_largesig_r00,prps,1476,26,0.204032,-28,0,-28,-0.07330382,-4.20000,prps,0,6779
37013,37.013,1,4004,54004,lowband_largesig_r00,prps,1472,22,0.173359,-25,0,-25,-0.06544985,-3.75000,prps,0,6783
37033,37.033,1,4004,54004,lowband_largesig_r00,prps,1470,20,0.156275,-21,0,-21,-0.05497787,-3.15000,prps,0,6787
37053,37.053,1,4004,54004,lowband_largesig_r00,prps,1469,19,0.148354,-19,0,-19,-0.04974188,-2.85000,prps,0,6791
37073,37.073,1,4004,54004,lowband_largesig_r00,prps,1468,18,0.142464,-16,0,-16,-0.04188790,-2.40000,prps,0,6795
37093,37.093,1,4004,54004,lowband_largesig_r00,prps,1467,17,0.130334,-15,0,-15,-0.03926991,-2.25000,prps,0,6799
37113,37.113,1,4004,54004,lowband_largesig_r00,prps,1463,13,0.104357,-14,0,-14,-0.03665191,-2.10000,prps,0,6803
37133,37.133,1,4004,54004,lowband_largesig_r00,prps,1458,8,0.059311,-12,0,-12,-0.03141592,-1.80000,prps,0,6807
37153,37.153,1,4004,54004,lowband_largesig_r00,prps,1449,-1,-0.006365,-10,0,-10,-0.02617994,-1.50000,prps,0,6811
37173,37.173,1,4004,54004,lowband_largesig_r00,prps,1439,-11,-0.089960,-8,0,-8,-0.02094395,-1.20000,prps,0,6815
37193,37.193,1,4004,54004,lowband_largesig_r00,prps,1427,-23,-0.184678,-6,0,-6,-0.01570796,-0.90000,prps,0,6819
37213,37.213,1,4004,54004,lowband_largesig_r00,prps,1414,-36,-0.280615,-1,0,-1,-0.00261799,-0.15000,prps,0,6823
37233,37.233,1,4004,54004,lowband_largesig_r00,prps,1403,-47,-0.366348,5,0,5,0.01308997,0.75000,prps,0,6827
37253,37.253,1,4004,54004,lowband_largesig_r00,prps,1395,-55,-0.430876,11,0,11,0.02879793,1.65000,prps,0,6831
37273,37.273,1,4004,54004,lowband_largesig_r00,prps,1391,-59,-0.465556,17,0,17,0.04450589,2.55000,prps,0,6835
37293,37.293,1,4004,54004,lowband_largesig_r00,prps,1391,-59,-0.465716,22,0,22,0.05759586,3.30000,prps,0,6839
37313,37.313,1,4004,54004,lowband_largesig_r00,prps,1395,-55,-0.431634,26,0,26,0.06806784,3.90000,prps,0,6843
37333,37.333,1,4004,54004,lowband_largesig_r00,prps,1403,-47,-0.368719,27,0,27,0.07068583,4.05000,prps,0,6847
37353,37.353,1,4004,54004,lowband_largesig_r00,prps,1414,-36,-0.286847,27,0,27,0.07068583,4.05000,prps,0,6851
37373,37.373,1,4004,54004,lowband_largesig_r00,prps,1425,-25,-0.198952,27,0,27,0.07068583,4.05000,prps,0,6855
37393,37.393,1,4004,54004,lowband_largesig_r00,prps,1435,-15,-0.119104,25,0,25,0.06544985,3.75000,prps,0,6859
37413,37.413,1,4004,54004,lowband_largesig_r00,prps,1442,-8,-0.060383,22,0,22,0.05759586,3.30000,prps,0,6863
37433,37.433,1,4004,54004,lowband_largesig_r00,prps,1446,-4,-0.032902,16,0,16,0.04188790,2.40000,prps,0,6867
37453,37.453,1,4004,54004,lowband_largesig_r00,prps,1445,-5,-0.042291,12,0,12,0.03141592,1.80000,prps,0,6871
37473,37.473,1,4004,54004,lowband_largesig_r00,prps,1439,-11,-0.088883,9,0,9,0.02356194,1.35000,prps,0,6875
37493,37.493,1,4004,54004,lowband_largesig_r00,prps,1429,-21,-0.167716,8,0,8,0.02094395,1.20000,prps,0,6879
37513,37.513,1,4004,54004,lowband_largesig_r00,prps,1416,-34,-0.269337,8,0,8,0.02094395,1.20000,prps,0,6883
37533,37.533,1,4004,54004,lowband_largesig_r00,prps,1402,-48,-0.381254,9,0,9,0.02356194,1.35000,prps,0,6887
37553,37.553,1,4004,54004,lowband_largesig_r00,prps,1388,-62,-0.489793,11,0,11,0.02879793,1.65000,prps,0,6891
37573,37.573,1,4004,54004,lowband_largesig_r00,prps,1376,-74,-0.582040,17,0,17,0.04450589,2.55000,prps,0,6895
37593,37.593,1,4004,54004,lowband_largesig_r00,prps,1368,-82,-0.647582,24,0,24,0.06283185,3.60000,prps,0,6899
37613,37.613,1,4004,54004,lowband_largesig_r00,prps,1364,-86,-0.679768,30,0,30,0.07853982,4.50000,prps,0,6903
37633,37.633,1,4004,54004,lowband_largesig_r00,prps,1364,-86,-0.676331,37,0,37,0.09686577,5.55000,prps,0,6907
37653,37.653,1,4004,54004,lowband_largesig_r00,prps,1369,-81,-0.639330,41,0,41,0.10733775,6.15000,prps,0,6911
37673,37.673,1,4004,54004,lowband_largesig_r00,prps,1377,-73,-0.574449,44,0,44,0.11519173,6.60000,prps,0,6915
37693,37.693,1,4004,54004,lowband_largesig_r00,prps,1388,-62,-0.489856,45,0,45,0.11780972,6.75000,prps,0,6919
37713,37.713,1,4004,54004,lowband_largesig_r00,prps,1400,-50,-0.394814,44,0,44,0.11519173,6.60000,prps,0,6923
37733,37.733,1,4004,54004,lowband_largesig_r00,prps,1412,-38,-0.298326,42,0,42,0.10995574,6.30000,prps,0,6927
37753,37.753,1,4004,54004,lowband_largesig_r00,prps,1424,-26,-0.208009,37,0,37,0.09686577,5.55000,prps,0,6931
37773,37.773,1,4004,54004,lowband_largesig_r00,prps,1434,-16,-0.129377,30,0,30,0.07853982,4.50000,prps,0,6935
37793,37.793,1,4004,54004,lowband_largesig_r00,prps,1442,-8,-0.065588,24,0,24,0.06283185,3.60000,prps,0,6939
37813,37.813,1,4004,54004,lowband_largesig_r00,prps,1448,-2,-0.017637,17,0,17,0.04450589,2.55000,prps,0,6943
37833,37.833,1,4004,54004,lowband_largesig_r00,prps,1452,2,0.015121,12,0,12,0.03141592,1.80000,prps,0,6947
37853,37.853,1,4004,54004,lowband_largesig_r00,prps,1454,4,0.034277,8,0,8,0.02094395,1.20000,prps,0,6951
37873,37.873,1,4004,54004,lowband_largesig_r00,prps,1455,5,0.041687,6,0,6,0.01570796,0.90000,prps,0,6955
37893,37.893,1,4004,54004,lowband_largesig_r00,prps,1455,5,0.038963,4,0,4,0.01047198,0.60000,prps,0,6959
37913,37.913,1,4004,54004,lowband_largesig_r00,prps,1453,3,0.027241,3,0,3,0.00785398,0.45000,prps,0,6963
37933,37.933,1,4004,54004,lowband_largesig_r00,prps,1451,1,0.007246,3,0,3,0.00785398,0.45000,prps,0,6967
37953,37.953,1,4004,54004,lowband_largesig_r00,prps,1447,-3,-0.020377,3,0,3,0.00785398,0.45000,prps,0,6971
37973,37.973,1,4004,54004,lowband_largesig_r00,prps,1443,-7,-0.054612,3,0,3,0.00785398,0.45000,prps,0,6975
37993,37.993,1,4004,54004,lowband_largesig_r00,prps,1438,-12,-0.093624,3,0,3,0.00785398,0.45000,prps,0,6979
38013,38.013,1,4004,54004,lowband_largesig_r00,prps,1433,-17,-0.134495,3,0,3,0.00785398,0.45000,prps,0,6983
38033,38.033,1,4004,54004,lowband_largesig_r00,prps,1428,-22,-0.173253,4,0,4,0.01047198,0.60000,prps,0,6987
38053,38.053,1,4004,54004,lowband_largesig_r00,prps,1424,-26,-0.205243,6,0,6,0.01570796,0.90000,prps,0,6991
38073,38.073,1,4004,54004,lowband_largesig_r00,prps,1421,-29,-0.225828,8,0,8,0.02094395,1.20000,prps,0,6995
38093,38.093,1,4004,54004,lowband_largesig_r00,prps,1421,-29,-0.231283,10,0,10,0.02617994,1.50000,prps,0,6999
38113,38.113,1,4004,54004,lowband_largesig_r00,prps,1422,-28,-0.219727,12,0,12,0.03141592,1.80000,prps,0,7003
38133,38.133,1,4004,54004,lowband_largesig_r00,prps,1426,-24,-0.191873,14,0,14,0.03665191,2.10000,prps,0,7007
38153,38.153,1,4004,54004,lowband_largesig_r00,prps,1431,-19,-0.151406,15,0,15,0.03926991,2.25000,prps,0,7011
38173,38.173,1,4004,54004,lowband_largesig_r00,prps,1437,-13,-0.104837,14,0,14,0.03665191,2.10000,prps,0,7015
38193,38.193,1,4004,54004,lowband_largesig_r00,prps,1442,-8,-0.060794,14,0,14,0.03665191,2.10000,prps,0,7019
38213,38.213,1,4004,54004,lowband_largesig_r00,prps,1446,-4,-0.028797,14,0,14,0.03665191,2.10000,prps,0,7023
38233,38.233,1,4004,54004,lowband_largesig_r00,prps,1448,-2,-0.017673,13,0,13,0.03403392,1.95000,prps,0,7027
38253,38.253,1,4004,54004,lowband_largesig_r00,prps,1446,-4,-0.033877,10,0,10,0.02617994,1.50000,prps,0,7031
38273,38.273,1,4004,54004,lowband_largesig_r00,prps,1440,-10,-0.080003,8,0,8,0.02094395,1.20000,prps,0,7035
38293,38.293,1,4004,54004,lowband_largesig_r00,prps,1430,-20,-0.153773,7,0,7,0.01832596,1.05000,prps,0,7039
38313,38.313,1,4004,54004,lowband_largesig_r00,prps,1419,-31,-0.247740,8,0,8,0.02094395,1.20000,prps,0,7043
38333,38.333,1,4004,54004,lowband_largesig_r00,prps,1406,-44,-0.349832,10,0,10,0.02617994,1.50000,prps,0,7047
38353,38.353,1,4004,54004,lowband_largesig_r00,prps,1394,-56,-0.444712,13,0,13,0.03403392,1.95000,prps,0,7051
38373,38.373,1,4004,54004,lowband_largesig_r00,prps,1384,-66,-0.515813,18,0,18,0.04712389,2.70000,prps,0,7055
38393,38.393,1,4004,54004,lowband_largesig_r00,prps,1380,-70,-0.547751,23,0,23,0.06021386,3.45000,prps,0,7059
38413,38.413,1,4004,54004,lowband_largesig_r00,prps,1383,-67,-0.528764,27,0,27,0.07068583,4.05000,prps,0,7063
38433,38.433,1,4004,54004,lowband_largesig_r00,prps,1392,-58,-0.452762,31,0,31,0.08115781,4.65000,prps,0,7067
38453,38.453,1,4004,54004,lowband_largesig_r00,prps,1409,-41,-0.320665,33,0,33,0.08639380,4.95000,prps,0,7071
38473,38.473,1,4004,54004,lowband_largesig_r00,prps,1432,-18,-0.140736,33,0,33,0.08639380,4.95000,prps,0,7075
38493,38.493,1,4004,54004,lowband_largesig_r00,prps,1459,9,0.072163,30,0,30,0.07853982,4.50000,prps,0,7079
38513,38.513,1,4004,54004,lowband_largesig_r00,prps,1488,38,0.298334,22,0,22,0.05759586,3.30000,prps,0,7083
38533,38.533,1,4004,54004,lowband_largesig_r00,prps,1516,66,0.515806,10,0,10,0.02617994,1.50000,prps,0,7087
38553,38.553,1,4004,54004,lowband_largesig_r00,prps,1539,89,0.703293,-1,0,-1,-0.00261799,-0.15000,prps,0,7091
38573,38.573,1,4004,54004,lowband_largesig_r00,prps,1557,107,0.843138,-16,0,-16,-0.04188790,-2.40000,prps,0,7095
38593,38.593,1,4004,54004,lowband_largesig_r00,prps,1567,117,0.923756,-32,0,-32,-0.08377580,-4.80000,prps,0,7099
38613,38.613,1,4004,54004,lowband_largesig_r00,prps,1570,120,0.941205,-47,0,-47,-0.12304571,-7.05000,prps,0,7103
38633,38.633,1,4004,54004,lowband_largesig_r00,prps,1564,114,0.899630,-60,0,-60,-0.15707964,-9.00000,prps,0,7107
38653,38.653,1,4004,54004,lowband_largesig_r00,prps,1553,103,0.810494,-66,0,-66,-0.17278760,-9.90000,prps,0,7111
38673,38.673,1,4004,54004,lowband_largesig_r00,prps,1538,88,0.690727,-66,0,-66,-0.17278760,-9.90000,prps,0,7115
38693,38.693,1,4004,54004,lowband_largesig_r00,prps,1521,71,0.560058,-63,0,-63,-0.16493360,-9.45000,prps,0,7119
38713,38.713,1,4004,54004,lowband_largesig_r00,prps,1506,56,0.437975,-58,0,-58,-0.15184364,-8.70000,prps,0,7123
38733,38.733,1,4004,54004,lowband_largesig_r00,prps,1493,43,0.340782,-52,0,-52,-0.13613568,-7.80000,prps,0,7127
38753,38.753,1,4004,54004,lowband_largesig_r00,prps,1485,35,0.279213,-44,0,-44,-0.11519173,-6.60000,prps,0,7131
38773,38.773,1,4004,54004,lowband_largesig_r00,prps,1483,33,0.256994,-36,0,-36,-0.09424778,-5.40000,prps,0,7135
38793,38.793,1,4004,54004,lowband_largesig_r00,prps,1484,34,0.270550,-29,0,-29,-0.07592182,-4.35000,prps,0,7139
38813,38.813,1,4004,54004,lowband_largesig_r00,prps,1489,39,0.309907,-24,0,-24,-0.06283185,-3.60000,prps,0,7143
38833,38.833,1,4004,54004,lowband_largesig_r00,prps,1496,46,0.360599,-22,0,-22,-0.05759586,-3.30000,prps,0,7147
38853,38.853,1,4004,54004,lowband_largesig_r00,prps,1502,52,0.406284,-22,0,-22,-0.05759586,-3.30000,prps,0,7151
38873,38.873,1,4004,54004,lowband_largesig_r00,prps,1505,55,0.431590,-22,0,-22,-0.05759586,-3.30000,prps,0,7155
38893,38.893,1,4004,54004,lowband_largesig_r00,prps,1504,54,0.424744,-22,0,-22,-0.05759586,-3.30000,prps,0,7159
38913,38.913,1,4004,54004,lowband_largesig_r00,prps,1498,48,0.379540,-22,0,-22,-0.05759586,-3.30000,prps,0,7163
38933,38.933,1,4004,54004,lowband_largesig_r00,prps,1488,38,0.296327,-23,0,-23,-0.06021386,-3.45000,prps,0,7167
38953,38.953,1,4004,54004,lowband_largesig_r00,prps,1473,23,0.181875,-24,0,-24,-0.06283185,-3.60000,prps,0,7171
38973,38.973,1,4004,54004,lowband_largesig_r00,prps,1456,6,0.048149,-24,0,-24,-0.06283185,-3.60000,prps,0,7175
38993,38.993,1,4004,54004,lowband_largesig_r00,prps,1439,-11,-0.089768,-21,0,-21,-0.05497787,-3.15000,prps,0,7179
39013,39.013,1,4004,54004,lowband_largesig_r00,prps,1423,-27,-0.216257,-15,0,-15,-0.03926991,-2.25000,prps,0,7183
39033,39.033,1,4004,54004,lowband_largesig_r00,prps,1410,-40,-0.317789,-7,0,-7,-0.01832596,-1.05000,prps,0,7187
39053,39.053,1,4004,54004,lowband_largesig_r00,prps,1401,-49,-0.385155,3,0,3,0.00785398,0.45000,prps,0,7191
39073,39.073,1,4004,54004,lowband_largesig_r00,prps,1397,-53,-0.414923,13,0,13,0.03403392,1.95000,prps,0,7195
39093,39.093,1,4004,54004,lowband_largesig_r00,prps,1398,-52,-0.409887,22,0,22,0.05759586,3.30000,prps,0,7199
39113,39.113,1,4004,54004,lowband_largesig_r00,prps,1402,-48,-0.378442,25,0,25,0.06544985,3.75000,prps,0,7203
39133,39.133,1,4004,54004,lowband_largesig_r00,prps,1408,-42,-0.332994,25,0,25,0.06544985,3.75000,prps,0,7207
39153,39.153,1,4004,54004,lowband_largesig_r00,prps,1413,-37,-0.287712,25,0,25,0.06544985,3.75000,prps,0,7211
39173,39.173,1,4004,54004,lowband_largesig_r00,prps,1417,-33,-0.255981,25,0,25,0.06544985,3.75000,prps,0,7215
39193,39.193,1,4004,54004,lowband_largesig_r00,prps,1419,-31,-0.248019,24,0,24,0.06283185,3.60000,prps,0,7219
39213,39.213,1,4004,54004,lowband_largesig_r00,prps,1416,-34,-0.269048,22,0,22,0.05759586,3.30000,prps,0,7223
39233,39.233,1,4004,54004,lowband_largesig_r00,prps,1410,-40,-0.318322,21,0,21,0.05497787,3.15000,prps,0,7227
39253,39.253,1,4004,54004,lowband_largesig_r00,prps,1401,-49,-0.389179,20,0,20,0.05235988,3.00000,prps,0,7231
39273,39.273,1,4004,54004,lowband_largesig_r00,prps,1390,-60,-0.470085,20,0,20,0.05235988,3.00000,prps,0,7235
39293,39.293,1,4004,54004,lowband_largesig_r00,prps,1381,-69,-0.546498,23,0,23,0.06021386,3.45000,prps,0,7239
39313,39.313,1,4004,54004,lowband_largesig_r00,prps,1373,-77,-0.603219,26,0,26,0.06806784,3.90000,prps,0,7243
39333,39.333,1,4004,54004,lowband_largesig_r00,prps,1370,-80,-0.626845,30,0,30,0.07853982,4.50000,prps,0,7247
39353,39.353,1,4004,54004,lowband_largesig_r00,prps,1373,-77,-0.607915,35,0,35,0.09162979,5.25000,prps,0,7251
39373,39.373,1,4004,54004,lowband_largesig_r00,prps,1381,-69,-0.542405,38,0,38,0.09948376,5.70000,prps,0,7255
39393,39.393,1,4004,54004,lowband_largesig_r00,prps,1395,-55,-0.432353,41,0,41,0.10733775,6.15000,prps,0,7259
39413,39.413,1,4004,54004,lowband_largesig_r00,prps,1414,-36,-0.285518,40,0,40,0.10471976,6.00000,prps,0,7263
39433,39.433,1,4004,54004,lowband_largesig_r00,prps,1435,-15,-0.114192,38,0,38,0.09948376,5.70000,prps,0,7267
39453,39.453,1,4004,54004,lowband_largesig_r00,prps,1458,8,0.066649,31,0,31,0.08115781,4.65000,prps,0,7271
39473,39.473,1,4004,54004,lowband_largesig_r00,prps,1481,31,0.241491,22,0,22,0.05759586,3.30000,prps,0,7275
39493,39.493,1,4004,54004,lowband_largesig_r00,prps,1500,50,0.396396,10,0,10,0.02617994,1.50000,prps,0,7279
39513,39.513,1,4004,54004,lowband_largesig_r00,prps,1516,66,0.520721,0,0,0,0.00000000,0.00000,prps,0,7283
39533,39.533,1,4004,54004,lowband_largesig_r00,prps,1527,77,0.608196,-12,0,-12,-0.03141592,-1.80000,prps,0,7287
39553,39.553,1,4004,54004,lowband_largesig_r00,prps,1533,83,0.657229,-23,0,-23,-0.06021386,-3.45000,prps,0,7291
39573,39.573,1,4004,54004,lowband_largesig_r00,prps,1535,85,0.670436,-33,0,-33,-0.08639380,-4.95000,prps,0,7295
39593,39.593,1,4004,54004,lowband_largesig_r00,prps,1533,83,0.653557,-42,0,-42,-0.10995574,-6.30000,prps,0,7299
39613,39.613,1,4004,54004,lowband_largesig_r00,prps,1528,78,0.613978,-46,0,-46,-0.12042772,-6.90000,prps,0,7303
39650,39.650,1,4004,54004,lowband_largesig_r00,prps,1521,71,0.559178,-47,0,-47,-0.12304571,-7.05000,prps,0,7307
39670,39.670,1,4004,54004,lowband_largesig_r00,prps,1513,63,0.495393,-46,0,-46,-0.12042772,-6.90000,prps,0,7311
39690,39.690,1,4004,54004,lowband_largesig_r00,prps,1504,54,0.426732,-45,0,-45,-0.11780972,-6.75000,prps,0,7315
39710,39.710,1,4004,54004,lowband_largesig_r00,prps,1495,45,0.354887,-43,0,-43,-0.11257374,-6.45000,prps,0,7319
39730,39.730,1,4004,54004,lowband_largesig_r00,prps,1485,35,0.279467,-38,0,-38,-0.09948376,-5.70000,prps,0,7323
39750,39.750,1,4004,54004,lowband_largesig_r00,prps,1475,25,0.198833,-34,0,-34,-0.08901179,-5.10000,prps,0,7327
39770,39.770,1,4004,54004,lowband_largesig_r00,prps,1464,14,0.111245,-29,0,-29,-0.07592182,-4.35000,prps,0,7331
39790,39.790,1,4004,54004,lowband_largesig_r00,prps,1452,2,0.016060,-23,0,-23,-0.06021386,-3.45000,prps,0,7335
39810,39.810,1,4004,54004,lowband_largesig_r00,prps,1439,-11,-0.085297,-17,0,-17,-0.04450589,-2.55000,prps,0,7339
39830,39.830,1,4004,54004,lowband_largesig_r00,prps,1426,-24,-0.188798,-11,0,-11,-0.02879793,-1.65000,prps,0,7343
39850,39.850,1,4004,54004,lowband_largesig_r00,prps,1413,-37,-0.287858,-3,0,-3,-0.00785398,-0.45000,prps,0,7347
39870,39.870,1,4004,54004,lowband_largesig_r00,prps,1403,-47,-0.373981,5,0,5,0.01308997,0.75000,prps,0,7351
39890,39.890,1,4004,54004,lowband_largesig_r00,prps,1394,-56,-0.437910,13,0,13,0.03403392,1.95000,prps,0,7355
39910,39.910,1,4004,54004,lowband_largesig_r00,prps,1390,-60,-0.471082,20,0,20,0.05235988,3.00000,prps,0,7359
39930,39.930,1,4004,54004,lowband_largesig_r00,prps,1391,-59,-0.467133,25,0,25,0.06544985,3.75000,prps,0,7363
39950,39.950,1,4004,54004,lowband_largesig_r00,prps,1396,-54,-0.423172,28,0,28,0.07330382,4.20000,prps,0,7367
39970,39.970,1,4004,54004,lowband_largesig_r00,prps,1407,-43,-0.340592,28,0,28,0.07330382,4.20000,prps,0,7371
39990,39.990,1,4004,54004,lowband_largesig_r00,prps,1421,-29,-0.225244,28,0,28,0.07330382,4.20000,prps,0,7375
40010,40.010,1,4004,54004,lowband_largesig_r00,prps,1439,-11,-0.086933,26,0,26,0.06806784,3.90000,prps,0,7379
40030,40.030,1,4004,54004,lowband_largesig_r00,prps,1458,8,0.061710,23,0,23,0.06021386,3.45000,prps,0,7383
40050,40.050,1,4004,54004,lowband_largesig_r00,prps,1476,26,0.206792,16,0,16,0.04188790,2.40000,prps,0,7387
40070,40.070,1,4004,54004,lowband_largesig_r00,prps,1493,43,0.334925,8,0,8,0.02094395,1.20000,prps,0,7391
40090,40.090,1,4004,54004,lowband_largesig_r00,prps,1505,55,0.434903,0,0,0,0.00000000,0.00000,prps,0,7395
40110,40.110,1,4004,54004,lowband_largesig_r00,prps,1513,63,0.499036,-9,0,-9,-0.02356194,-1.35000,prps,0,7399
40130,40.130,1,4004,54004,lowband_largesig_r00,prps,1517,67,0.523930,-19,0,-19,-0.04974188,-2.85000,prps,0,7403
40150,40.150,1,4004,54004,lowband_largesig_r00,prps,1515,65,0.510625,-27,0,-27,-0.07068583,-4.05000,prps,0,7407
40170,40.170,1,4004,54004,lowband_largesig_r00,prps,1509,59,0.464086,-33,0,-33,-0.08639380,-4.95000,prps,0,7411
40190,40.190,1,4004,54004,lowband_largesig_r00,prps,1500,50,0.392182,-34,0,-34,-0.08901179,-5.10000,prps,0,7415
40210,40.210,1,4004,54004,lowband_largesig_r00,prps,1489,39,0.304325,-33,0,-33,-0.08639380,-4.95000,prps,0,7419
40230,40.230,1,4004,54004,lowband_largesig_r00,prps,1477,27,0.210054,-32,0,-32,-0.08377580,-4.80000,prps,0,7423
40250,40.250,1,4004,54004,lowband_largesig_r00,prps,1465,15,0.117760,-29,0,-29,-0.07592182,-4.35000,prps,0,7427
40270,40.270,1,4004,54004,lowband_largesig_r00,prps,1454,4,0.033793,-24,0,-24,-0.06283185,-3.60000,prps,0,7431
40290,40.290,1,4004,54004,lowband_largesig_r00,prps,1445,-5,-0.037964,-17,0,-17,-0.04450589,-2.55000,prps,0,7435
40310,40.310,1,4004,54004,lowband_largesig_r00,prps,1438,-12,-0.096020,-11,0,-11,-0.02879793,-1.65000,prps,0,7439
40330,40.330,1,4004,54004,lowband_largesig_r00,prps,1432,-18,-0.140774,-5,0,-5,-0.01308997,-0.75000,prps,0,7443
40350,40.350,1,4004,54004,lowband_largesig_r00,prps,1428,-22,-0.173747,0,0,0,0.00000000,0.00000,prps,0,7447
40370,40.370,1,4004,54004,lowband_largesig_r00,prps,1425,-25,-0.196751,6,0,6,0.01570796,0.90000,prps,0,7451
40390,40.390,1,4004,54004,lowband_largesig_r00,prps,1423,-27,-0.211175,10,0,10,0.02617994,1.50000,prps,0,7455
40410,40.410,1,4004,54004,lowband_largesig_r00,prps,1422,-28,-0.217570,12,0,12,0.03141592,1.80000,prps,0,7459
40430,40.430,1,4004,54004,lowband_largesig_r00,prps,1423,-27,-0.215590,13,0,13,0.03403392,1.95000,prps,0,7463
40450,40.450,1,4004,54004,lowband_largesig_r00,prps,1424,-26,-0.204323,14,0,14,0.03665191,2.10000,prps,0,7467
40470,40.470,1,4004,54004,lowband_largesig_r00,prps,1427,-23,-0.182882,15,0,15,0.03926991,2.25000,prps,0,7471
40490,40.490,1,4004,54004,lowband_largesig_r00,prps,1431,-19,-0.151121,15,0,15,0.03926991,2.25000,prps,0,7475
40510,40.510,1,4004,54004,lowband_largesig_r00,prps,1436,-14,-0.110274,15,0,15,0.03926991,2.25000,prps,0,7479
40530,40.530,1,4004,54004,lowband_largesig_r00,prps,1442,-8,-0.063325,15,0,15,0.03926991,2.25000,prps,0,7483
40550,40.550,1,4004,54004,lowband_largesig_r00,prps,1448,-2,-0.014985,15,0,15,0.03926991,2.25000,prps,0,7487
40570,40.570,1,4004,54004,lowband_largesig_r00,prps,1454,4,0.028792,14,0,14,0.03665191,2.10000,prps,0,7491
40590,40.590,1,4004,54004,lowband_largesig_r00,prps,1458,8,0.061695,12,0,12,0.03141592,1.80000,prps,0,7495
40610,40.610,1,4004,54004,lowband_largesig_r00,prps,1460,10,0.078217,8,0,8,0.02094395,1.20000,prps,0,7499
40630,40.630,1,4004,54004,lowband_largesig_r00,prps,1460,10,0.074859,4,0,4,0.01047198,0.60000,prps,0,7503
40650,40.650,1,4004,54004,lowband_largesig_r00,prps,1456,6,0.051143,2,0,2,0.00523599,0.30000,prps,0,7507
40670,40.670,1,4004,54004,lowband_largesig_r00,prps,1451,1,0.010192,2,0,2,0.00523599,0.30000,prps,0,7511
40690,40.690,1,4004,54004,lowband_largesig_r00,prps,1445,-5,-0.041300,2,0,2,0.00523599,0.30000,prps,0,7515
40710,40.710,1,4004,54004,lowband_largesig_r00,prps,1438,-12,-0.093766,2,0,2,0.00523599,0.30000,prps,0,7519
40730,40.730,1,4004,54004,lowband_largesig_r00,prps,1433,-17,-0.136093,2,0,2,0.00523599,0.30000,prps,0,7523
40750,40.750,1,4004,54004,lowband_largesig_r00,prps,1430,-20,-0.157392,3,0,3,0.00785398,0.45000,prps,0,7527
40770,40.770,1,4004,54004,lowband_largesig_r00,prps,1431,-19,-0.148932,6,0,6,0.01570796,0.90000,prps,0,7531
40790,40.790,1,4004,54004,lowband_largesig_r00,prps,1437,-13,-0.105919,8,0,8,0.02094395,1.20000,prps,0,7535
40810,40.810,1,4004,54004,lowband_largesig_r00,prps,1446,-4,-0.028777,9,0,9,0.02356194,1.35000,prps,0,7539
40830,40.830,1,4004,54004,lowband_largesig_r00,prps,1460,10,0.076337,9,0,9,0.02356194,1.35000,prps,0,7543
40850,40.850,1,4004,54004,lowband_largesig_r00,prps,1475,25,0.197934,8,0,8,0.02094395,1.20000,prps,0,7547
40870,40.870,1,4004,54004,lowband_largesig_r00,prps,1491,41,0.320520,5,0,5,0.01308997,0.75000,prps,0,7551
40890,40.890,1,4004,54004,lowband_largesig_r00,prps,1504,54,0.426696,-1,0,-1,-0.00261799,-0.15000,prps,0,7555
40910,40.910,1,4004,54004,lowband_largesig_r00,prps,1513,63,0.499736,-9,0,-9,-0.02356194,-1.35000,prps,0,7559
40930,40.930,1,4004,54004,lowband_largesig_r00,prps,1517,67,0.526251,-18,0,-18,-0.04712389,-2.70000,prps,0,7563
40950,40.950,1,4004,54004,lowband_largesig_r00,prps,1513,63,0.498507,-26,0,-26,-0.06806784,-3.90000,prps,0,7567
40970,40.970,1,4004,54004,lowband_largesig_r00,prps,1503,53,0.415997,-32,0,-32,-0.08377580,-4.80000,prps,0,7571
40990,40.990,1,4004,54004,lowband_largesig_r00,prps,1486,36,0.285984,-33,0,-33,-0.08639380,-4.95000,prps,0,7575
41010,41.010,1,4004,54004,lowband_largesig_r00,prps,1466,16,0.122866,-32,0,-32,-0.08377580,-4.80000,prps,0,7579
41030,41.030,1,4004,54004,lowband_largesig_r00,prps,1443,-7,-0.053583,-27,0,-27,-0.07068583,-4.05000,prps,0,7583
41050,41.050,1,4004,54004,lowband_largesig_r00,prps,1422,-28,-0.220867,-19,0,-19,-0.04974188,-2.85000,prps,0,7587
41070,41.070,1,4004,54004,lowband_largesig_r00,prps,1405,-45,-0.356930,-10,0,-10,-0.02617994,-1.50000,prps,0,7591
41090,41.090,1,4004,54004,lowband_largesig_r00,prps,1394,-56,-0.443357,2,0,2,0.00523599,0.30000,prps,0,7595
41110,41.110,1,4004,54004,lowband_largesig_r00,prps,1391,-59,-0.468111,14,0,14,0.03665191,2.10000,prps,0,7599
41130,41.130,1,4004,54004,lowband_largesig_r00,prps,1396,-54,-0.427377,25,0,25,0.06544985,3.75000,prps,0,7603
41150,41.150,1,4004,54004,lowband_largesig_r00,prps,1409,-41,-0.326214,29,0,29,0.07592182,4.35000,prps,0,7607
41170,41.170,1,4004,54004,lowband_largesig_r00,prps,1427,-23,-0.177894,29,0,29,0.07592182,4.35000,prps,0,7611
41190,41.190,1,4004,54004,lowband_largesig_r00,prps,1450,0,-0.002018,26,0,26,0.06806784,3.90000,prps,0,7615
41210,41.210,1,4004,54004,lowband_largesig_r00,prps,1473,23,0.178298,20,0,20,0.05235988,3.00000,prps,0,7619
41230,41.230,1,4004,54004,lowband_largesig_r00,prps,1493,43,0.339762,12,0,12,0.03141592,1.80000,prps,0,7623
41250,41.250,1,4004,54004,lowband_largesig_r00,prps,1509,59,0.462226,3,0,3,0.00785398,0.45000,prps,0,7627
41270,41.270,1,4004,54004,lowband_largesig_r00,prps,1518,68,0.531507,-7,0,-7,-0.01832596,-1.05000,prps,0,7631
41290,41.290,1,4004,54004,lowband_largesig_r00,prps,1519,69,0.541258,-18,0,-18,-0.04712389,-2.70000,prps,0,7635
41310,41.310,1,4004,54004,lowband_largesig_r00,prps,1513,63,0.493628,-29,0,-29,-0.07592182,-4.35000,prps,0,7639
41330,41.330,1,4004,54004,lowband_largesig_r00,prps,1501,51,0.398621,-35,0,-35,-0.09162979,-5.25000,prps,0,7643
41350,41.350,1,4004,54004,lowband_largesig_r00,prps,1485,35,0.272282,-37,0,-37,-0.09686577,-5.55000,prps,0,7647
41370,41.370,1,4004,54004,lowband_largesig_r00,prps,1467,17,0.134022,-34,0,-34,-0.08901179,-5.10000,prps,0,7651
41390,41.390,1,4004,54004,lowband_largesig_r00,prps,1450,0,0.003516,-28,0,-28,-0.07330382,-4.20000,prps,0,7655
41410,41.410,1,4004,54004,lowband_largesig_r00,prps,1437,-13,-0.102326,-19,0,-19,-0.04974188,-2.85000,prps,0,7659
41430,41.430,1,4004,54004,lowband_largesig_r00,prps,1428,-22,-0.171827,-11,0,-11,-0.02879793,-1.65000,prps,0,7663
41450,41.450,1,4004,54004,lowband_largesig_r00,prps,1425,-25,-0.200101,-2,0,-2,-0.00523599,-0.30000,prps,0,7667
41470,41.470,1,4004,54004,lowband_largesig_r00,prps,1426,-24,-0.189455,6,0,6,0.01570796,0.90000,prps,0,7671
41490,41.490,1,4004,54004,lowband_largesig_r00,prps,1431,-19,-0.148628,11,0,11,0.02879793,1.65000,prps,0,7675
41510,41.510,1,4004,54004,lowband_largesig_r00,prps,1438,-12,-0.091031,12,0,12,0.03141592,1.80000,prps,0,7679
41530,41.530,1,4004,54004,lowband_largesig_r00,prps,1446,-4,-0.032305,11,0,11,0.02879793,1.65000,prps,0,7683
41550,41.550,1,4004,54004,lowband_largesig_r00,prps,1452,2,0.012376,11,0,11,0.02879793,1.65000,prps,0,7687
41570,41.570,1,4004,54004,lowband_largesig_r00,prps,1454,4,0.030799,11,0,11,0.02879793,1.65000,prps,0,7691
41590,41.590,1,4004,54004,lowband_largesig_r00,prps,1452,2,0.015613,11,0,11,0.02879793,1.65000,prps,0,7695
41610,41.610,1,4004,54004,lowband_largesig_r00,prps,1446,-4,-0.034668,7,0,7,0.01832596,1.05000,prps,0,7699
41630,41.630,1,4004,54004,lowband_largesig_r00,prps,1435,-15,-0.115675,5,0,5,0.01308997,0.75000,prps,0,7703
41650,41.650,1,4004,54004,lowband_largesig_r00,prps,1422,-28,-0.218173,5,0,5,0.01308997,0.75000,prps,0,7707
41670,41.670,1,4004,54004,lowband_largesig_r00,prps,1408,-42,-0.329805,6,0,6,0.01570796,0.90000,prps,0,7711
41690,41.690,1,4004,54004,lowband_largesig_r00,prps,1394,-56,-0.437279,10,0,10,0.02617994,1.50000,prps,0,7715
41710,41.710,1,4004,54004,lowband_largesig_r00,prps,1383,-67,-0.528595,15,0,15,0.03926991,2.25000,prps,0,7719
41730,41.730,1,4004,54004,lowband_largesig_r00,prps,1374,-76,-0.594929,22,0,22,0.05759586,3.30000,prps,0,7723
41750,41.750,1,4004,54004,lowband_largesig_r00,prps,1370,-80,-0.631870,28,0,28,0.07330382,4.20000,prps,0,7727
41770,41.770,1,4004,54004,lowband_largesig_r00,prps,1369,-81,-0.639832,33,0,33,0.08639380,4.95000,prps,0,7731
41790,41.790,1,4004,54004,lowband_largesig_r00,prps,1371,-79,-0.623590,38,0,38,0.09948376,5.70000,prps,0,7735
41810,41.810,1,4004,54004,lowband_largesig_r00,prps,1375,-75,-0.591088,41,0,41,0.10733775,6.15000,prps,0,7739
41830,41.830,1,4004,54004,lowband_largesig_r00,prps,1380,-70,-0.551745,41,0,41,0.10733775,6.15000,prps,0,7743
41850,41.850,1,4004,54004,lowband_largesig_r00,prps,1385,-65,-0.514595,41,0,41,0.10733775,6.15000,prps,0,7747
41870,41.870,1,4004,54004,lowband_largesig_r00,prps,1388,-62,-0.486604,41,0,41,0.10733775,6.15000,prps,0,7751
41890,41.890,1,4004,54004,lowband_largesig_r00,prps,1390,-60,-0.471455,41,0,41,0.10733775,6.15000,prps,0,7755
41910,41.910,1,4004,54004,lowband_largesig_r00,prps,1390,-60,-0.469024,40,0,40,0.10471976,6.00000,prps,0,7759
41930,41.930,1,4004,54004,lowband_largesig_r00,prps,1390,-60,-0.475590,39,0,39,0.10210176,5.85000,prps,0,7763
41950,41.950,1,4004,54004,lowband_largesig_r00,prps,1388,-62,-0.484744,37,0,37,0.09686577,5.55000,prps,0,7767
41970,41.970,1,4004,54004,lowband_largesig_r00,prps,1388,-62,-0.488783,35,0,35,0.09162979,5.25000,prps,0,7771
41990,41.990,1,4004,54004,lowband_largesig_r00,prps,1389,-61,-0.480338,35,0,35,0.09162979,5.25000,prps,0,7775
42010,42.010,1,4004,54004,lowband_largesig_r00,prps,1392,-58,-0.453900,35,0,35,0.09162979,5.25000,prps,0,7779
42030,42.030,1,4004,54004,lowband_largesig_r00,prps,1398,-52,-0.406992,35,0,35,0.09162979,5.25000,prps,0,7783
42050,42.050,1,4004,54004,lowband_largesig_r00,prps,1407,-43,-0.340745,33,0,33,0.08639380,4.95000,prps,0,7787
42070,42.070,1,4004,54004,lowband_largesig_r00,prps,1417,-33,-0.259803,31,0,31,0.08115781,4.65000,prps,0,7791
42090,42.090,1,4004,54004,lowband_largesig_r00,prps,1428,-22,-0.171574,27,0,27,0.07068583,4.05000,prps,0,7795
42110,42.110,1,4004,54004,lowband_largesig_r00,prps,1439,-11,-0.084971,24,0,24,0.06283185,3.60000,prps,0,7799
42130,42.130,1,4004,54004,lowband_largesig_r00,prps,1449,-1,-0.008892,19,0,19,0.04974188,2.85000,prps,0,7803
42150,42.150,1,4004,54004,lowband_largesig_r00,prps,1456,6,0.049295,15,0,15,0.03926991,2.25000,prps,0,7807
42170,42.170,1,4004,54004,lowband_largesig_r00,prps,1461,11,0.084985,11,0,11,0.02879793,1.65000,prps,0,7811
42190,42.190,1,4004,54004,lowband_largesig_r00,prps,1462,12,0.097064,7,0,7,0.01832596,1.05000,prps,0,7815
42210,42.210,1,4004,54004,lowband_largesig_r00,prps,1461,11,0.088023,3,0,3,0.00785398,0.45000,prps,0,7819
42230,42.230,1,4004,54004,lowband_largesig_r00,prps,1458,8,0.063447,2,0,2,0.00523599,0.30000,prps,0,7823
42250,42.250,1,4004,54004,lowband_largesig_r00,prps,1454,4,0.030989,1,0,1,0.00261799,0.15000,prps,0,7827
42270,42.270,1,4004,54004,lowband_largesig_r00,prps,1450,0,-0.000969,1,0,1,0.00261799,0.15000,prps,0,7831
42290,42.290,1,4004,54004,lowband_largesig_r00,prps,1447,-3,-0.024725,1,0,1,0.00261799,0.15000,prps,0,7835
42310,42.310,1,4004,54004,lowband_largesig_r00,prps,1446,-4,-0.034469,1,0,1,0.00261799,0.15000,prps,0,7839
42330,42.330,1,4004,54004,lowband_largesig_r00,prps,1447,-3,-0.027099,1,0,1,0.00261799,0.15000,prps,0,7843
42350,42.350,1,4004,54004,lowband_largesig_r00,prps,1450,0,-0.002499,1,0,1,0.00261799,0.15000,prps,0,7847
42370,42.370,1,4004,54004,lowband_largesig_r00,prps,1455,5,0.036732,2,0,2,0.00523599,0.30000,prps,0,7851
42390,42.390,1,4004,54004,lowband_largesig_r00,prps,1461,11,0.086034,2,0,2,0.00523599,0.30000,prps,0,7855
42410,42.410,1,4004,54004,lowband_largesig_r00,prps,1468,18,0.139949,2,0,2,0.00523599,0.30000,prps,0,7859
42430,42.430,1,4004,54004,lowband_largesig_r00,prps,1475,25,0.193266,0,0,0,0.00000000,0.00000,prps,0,7863
42450,42.450,1,4004,54004,lowband_largesig_r00,prps,1481,31,0.242019,-2,0,-2,-0.00523599,-0.30000,prps,0,7867
42470,42.470,1,4004,54004,lowband_largesig_r00,prps,1486,36,0.284143,-5,0,-5,-0.01308997,-0.75000,prps,0,7871
42490,42.490,1,4004,54004,lowband_largesig_r00,prps,1491,41,0.319659,-9,0,-9,-0.02356194,-1.35000,prps,0,7875
42510,42.510,1,4004,54004,lowband_largesig_r00,prps,1494,44,0.350365,-12,0,-12,-0.03141592,-1.80000,prps,0,7879
42530,42.530,1,4004,54004,lowband_largesig_r00,prps,1498,48,0.379110,-16,0,-16,-0.04188790,-2.40000,prps,0,7883
42550,42.550,1,4004,54004,lowband_largesig_r00,prps,1502,52,0.408797,-19,0,-19,-0.04974188,-2.85000,prps,0,7887
42570,42.570,1,4004,54004,lowband_largesig_r00,prps,1506,56,0.441357,-22,0,-22,-0.05759586,-3.30000,prps,0,7891
42590,42.590,1,4004,54004,lowband_largesig_r00,prps,1511,61,0.476895,-24,0,-24,-0.06283185,-3.60000,prps,0,7895
42610,42.610,1,4004,54004,lowband_largesig_r00,prps,1515,65,0.513214,-25,0,-25,-0.06544985,-3.75000,prps,0,7899
42630,42.630,1,4004,54004,lowband_largesig_r00,prps,1519,69,0.545841,-27,0,-27,-0.07068583,-4.05000,prps,0,7903
42650,42.650,1,4004,54004,lowband_largesig_r00,prps,1522,72,0.568571,-30,0,-30,-0.07853982,-4.50000,prps,0,7907
42670,42.670,1,4004,54004,lowband_largesig_r00,prps,1523,73,0.574453,-32,0,-32,-0.08377580,-4.80000,prps,0,7911
42690,42.690,1,4004,54004,lowband_largesig_r00,prps,1521,71,0.557048,-35,0,-35,-0.09162979,-5.25000,prps,0,7915
42710,42.710,1,4004,54004,lowband_largesig_r00,prps,1515,65,0.511730,-37,0,-37,-0.09686577,-5.55000,prps,0,7919
42730,42.730,1,4004,54004,lowband_largesig_r00,prps,1505,55,0.436771,-38,0,-38,-0.09948376,-5.70000,prps,0,7923
42750,42.750,1,4004,54004,lowband_largesig_r00,prps,1492,42,0.334015,-38,0,-38,-0.09948376,-5.70000,prps,0,7927
42770,42.770,1,4004,54004,lowband_largesig_r00,prps,1477,27,0.208972,-36,0,-36,-0.09424778,-5.40000,prps,0,7931
42790,42.790,1,4004,54004,lowband_largesig_r00,prps,1459,9,0.070311,-32,0,-32,-0.08377580,-4.80000,prps,0,7935
42810,42.810,1,4004,54004,lowband_largesig_r00,prps,1441,-9,-0.071203,-25,0,-25,-0.06544985,-3.75000,prps,0,7939
42830,42.830,1,4004,54004,lowband_largesig_r00,prps,1424,-26,-0.204133,-16,0,-16,-0.04188790,-2.40000,prps,0,7943
42850,42.850,1,4004,54004,lowband_largesig_r00,prps,1410,-40,-0.317941,-6,0,-6,-0.01570796,-0.90000,prps,0,7947
42870,42.870,1,4004,54004,lowband_largesig_r00,prps,1399,-51,-0.404412,4,0,4,0.01047198,0.60000,prps,0,7951
42890,42.890,1,4004,54004,lowband_largesig_r00,prps,1392,-58,-0.458711,14,0,14,0.03665191,2.10000,prps,0,7955
42910,42.910,1,4004,54004,lowband_largesig_r00,prps,1389,-61,-0.479864,23,0,23,0.06021386,3.45000,prps,0,7959
42930,42.930,1,4004,54004,lowband_largesig_r00,prps,1390,-60,-0.470611,28,0,28,0.07330382,4.20000,prps,0,7963
42950,42.950,1,4004,54004,lowband_largesig_r00,prps,1395,-55,-0.436647,32,0,32,0.08377580,4.80000,prps,0,7967
42970,42.970,1,4004,54004,lowband_largesig_r00,prps,1401,-49,-0.385422,32,0,32,0.08377580,4.80000,prps,0,7971
42990,42.990,1,4004,54004,lowband_largesig_r00,prps,1409,-41,-0.324711,32,0,32,0.08377580,4.80000,prps,0,7975
43010,43.010,1,4004,54004,lowband_largesig_r00,prps,1417,-33,-0.261240,31,0,31,0.08115781,4.65000,prps,0,7979
43030,43.030,1,4004,54004,lowband_largesig_r00,prps,1425,-25,-0.199633,30,0,30,0.07853982,4.50000,prps,0,7983
43050,43.050,1,4004,54004,lowband_largesig_r00,prps,1432,-18,-0.141862,26,0,26,0.06806784,3.90000,prps,0,7987
43070,43.070,1,4004,54004,lowband_largesig_r00,prps,1439,-11,-0.087326,21,0,21,0.05497787,3.15000,prps,0,7991
43090,43.090,1,4004,54004,lowband_largesig_r00,prps,1446,-4,-0.033512,16,0,16,0.04188790,2.40000,prps,0,7995
43110,43.110,1,4004,54004,lowband_largesig_r00,prps,1453,3,0.022884,13,0,13,0.03403392,1.95000,prps,0,7999
61479,61.479,1,4004,54004,lowband_largesig_r00,prps,1461,11,0.084619,6,0,6,0.01570796,0.90000,prps,1,3
61499,61.499,1,4004,54004,lowband_largesig_r00,prps,1469,19,0.152643,5,0,5,0.01308997,0.75000,prps,1,7
61519,61.519,1,4004,54004,lowband_largesig_r00,prps,1479,29,0.225191,2,0,2,0.00523599,0.30000,prps,1,11
61539,61.539,1,4004,54004,lowband_largesig_r00,prps,1488,38,0.297449,-1,0,-1,-0.00261799,-0.15000,prps,1,15
61559,61.559,1,4004,54004,lowband_largesig_r00,prps,1496,46,0.361933,-5,0,-5,-0.01308997,-0.75000,prps,1,19
61579,61.579,1,4004,54004,lowband_largesig_r00,prps,1502,52,0.409550,-10,0,-10,-0.02617994,-1.50000,prps,1,23
61599,61.599,1,4004,54004,lowband_largesig_r00,prps,1505,55,0.431186,-16,0,-16,-0.04188790,-2.40000,prps,1,27
61619,61.619,1,4004,54004,lowband_largesig_r00,prps,1503,53,0.419575,-20,0,-20,-0.05235988,-3.00000,prps,1,31
61639,61.639,1,4004,54004,lowband_largesig_r00,prps,1497,47,0.371080,-24,0,-24,-0.06283185,-3.60000,prps,1,35
61659,61.659,1,4004,54004,lowband_largesig_r00,prps,1486,36,0.287056,-25,0,-25,-0.06544985,-3.75000,prps,1,39
61679,61.679,1,4004,54004,lowband_largesig_r00,prps,1472,22,0.174482,-25,0,-25,-0.06544985,-3.75000,prps,1,43
61699,61.699,1,4004,54004,lowband_largesig_r00,prps,1456,6,0.045677,-24,0,-24,-0.06283185,-3.60000,prps,1,47
61719,61.719,1,4004,54004,lowband_largesig_r00,prps,1439,-11,-0.082940,-20,0,-20,-0.05235988,-3.00000,prps,1,51
61739,61.739,1,4004,54004,lowband_largesig_r00,prps,1426,-24,-0.192910,-14,0,-14,-0.03665191,-2.10000,prps,1,55
61759,61.759,1,4004,54004,lowband_largesig_r00,prps,1416,-34,-0.266351,-6,0,-6,-0.01570796,-0.90000,prps,1,59
61779,61.779,1,4004,54004,lowband_largesig_r00,prps,1413,-37,-0.288707,3,0,3,0.00785398,0.45000,prps,1,63
61799,61.799,1,4004,54004,lowband_largesig_r00,prps,1418,-32,-0.251218,12,0,12,0.03141592,1.80000,prps,1,67
61819,61.819,1,4004,54004,lowband_largesig_r00,prps,1431,-19,-0.152658,16,0,16,0.04188790,2.40000,prps,1,71
61839,61.839,1,4004,54004,lowband_largesig_r00,prps,1450,0,-0.000044,17,0,17,0.04450589,2.55000,prps,1,75
61859,61.859,1,4004,54004,lowband_largesig_r00,prps,1474,24,0.191877,15,0,15,0.03926991,2.25000,prps,1,79
61879,61.879,1,4004,54004,lowband_largesig_r00,prps,1501,51,0.402326,11,0,11,0.02879793,1.65000,prps,1,83
61899,61.899,1,4004,54004,lowband_largesig_r00,prps,1527,77,0.607174,2,0,2,0.00523599,0.30000,prps,1,87
61919,61.919,1,4004,54004,lowband_largesig_r00,prps,1549,99,0.782222,-9,0,-9,-0.02356194,-1.35000,prps,1,91
61939,61.939,1,4004,54004,lowband_largesig_r00,prps,1565,115,0.906604,-24,0,-24,-0.06283185,-3.60000,prps,1,95
61959,61.959,1,4004,54004,lowband_largesig_r00,prps,1573,123,0.965787,-38,0,-38,-0.09948376,-5.70000,prps,1,99
61979,61.979,1,4004,54004,lowband_largesig_r00,prps,1571,121,0.953703,-52,0,-52,-0.13613568,-7.80000,prps,1,103
61999,61.999,1,4004,54004,lowband_largesig_r00,prps,1561,111,0.873677,-64,0,-64,-0.16755160,-9.60000,prps,1,107
62019,62.019,1,4004,54004,lowband_largesig_r00,prps,1544,94,0.737994,-69,0,-69,-0.18064158,-10.35000,prps,1,111
62039,62.039,1,4004,54004,lowband_largesig_r00,prps,1522,72,0.566154,-68,0,-68,-0.17802358,-10.20000,prps,1,115
62059,62.059,1,4004,54004,lowband_largesig_r00,prps,1499,49,0.382073,-61,0,-61,-0.15969762,-9.15000,prps,1,119
62079,62.079,1,4004,54004,lowband_largesig_r00,prps,1477,27,0.210660,-52,0,-52,-0.13613568,-7.80000,prps,1,123
62099,62.099,1,4004,54004,lowband_largesig_r00,prps,1459,9,0.074269,-42,0,-42,-0.10995574,-6.30000,prps,1,127
62119,62.119,1,4004,54004,lowband_largesig_r00,prps,1449,-1,-0.010410,-30,0,-30,-0.07853982,-4.50000,prps,1,131
62139,62.139,1,4004,54004,lowband_largesig_r00,prps,1446,-4,-0.034594,-19,0,-19,-0.04974188,-2.85000,prps,1,135
62159,62.159,1,4004,54004,lowband_largesig_r00,prps,1450,0,0.001574,-8,0,-8,-0.02094395,-1.20000,prps,1,139
62179,62.179,1,4004,54004,lowband_largesig_r00,prps,1461,11,0.089340,-1,0,-1,-0.00261799,-0.15000,prps,1,143
62199,62.199,1,4004,54004,lowband_largesig_r00,prps,1477,27,0.212914,0,0,0,0.00000000,0.00000,prps,1,147
62219,62.219,1,4004,54004,lowband_largesig_r00,prps,1495,45,0.352032,-1,0,-1,-0.00261799,-0.15000,prps,1,151
62239,62.239,1,4004,54004,lowband_largesig_r00,prps,1512,62,0.485087,-4,0,-4,-0.01047198,-0.60000,prps,1,155
62259,62.259,1,4004,54004,lowband_largesig_r00,prps,1525,75,0.592328,-11,0,-11,-0.02879793,-1.65000,prps,1,159
62279,62.279,1,4004,54004,lowband_largesig_r00,prps,1534,84,0.658636,-20,0,-20,-0.05235988,-3.00000,prps,1,163
62299,62.299,1,4004,54004,lowband_largesig_r00,prps,1536,86,0.675465,-29,0,-29,-0.07592182,-4.35000,prps,1,167
62319,62.319,1,4004,54004,lowband_largesig_r00,prps,1531,81,0.641684,-38,0,-38,-0.09948376,-5.70000,prps,1,171
62339,62.339,1,4004,54004,lowband_largesig_r00,prps,1522,72,0.563239,-43,0,-43,-0.11257374,-6.45000,prps,1,175
62359,62.359,1,4004,54004,lowband_largesig_r00,prps,1507,57,0.451755,-46,0,-46,-0.12042772,-6.90000,prps,1,179
62379,62.379,1,4004,54004,lowband_largesig_r00,prps,1491,41,0.322332,-45,0,-45,-0.11780972,-6.75000,prps,1,183
62399,62.399,1,4004,54004,lowband_largesig_r00,prps,1474,24,0.190959,-41,0,-41,-0.10733775,-6.15000,prps,1,187
62419,62.419,1,4004,54004,lowband_largesig_r00,prps,1459,9,0.071949,-34,0,-34,-0.08901179,-5.10000,prps,1,191
62439,62.439,1,4004,54004,lowband_largesig_r00,prps,1447,-3,-0.024163,-26,0,-26,-0.06806784,-3.90000,prps,1,195
62459,62.459,1,4004,54004,lowband_largesig_r00,prps,1438,-12,-0.091970,-17,0,-17,-0.04450589,-2.55000,prps,1,199
62479,62.479,1,4004,54004,lowband_largesig_r00,prps,1433,-17,-0.131595,-8,0,-8,-0.02094395,-1.20000,prps,1,203
62499,62.499,1,4004,54004,lowband_largesig_r00,prps,1431,-19,-0.148159,-1,0,-1,-0.00261799,-0.15000,prps,1,207
62519,62.519,1,4004,54004,lowband_largesig_r00,prps,1431,-19,-0.150444,5,0,5,0.01308997,0.75000,prps,1,211
62539,62.539,1,4004,54004,lowband_largesig_r00,prps,1431,-19,-0.149042,9,0,9,0.02356194,1.35000,prps,1,215
62559,62.559,1,4004,54004,lowband_largesig_r00,prps,1430,-20,-0.154330,10,0,10,0.02617994,1.50000,prps,1,219
62579,62.579,1,4004,54004,lowband_largesig_r00,prps,1428,-22,-0.174629,10,0,10,0.02617994,1.50000,prps,1,223
62599,62.599,1,4004,54004,lowband_largesig_r00,prps,1423,-27,-0.214853,11,0,11,0.02879793,1.65000,prps,1,227
62619,62.619,1,4004,54004,lowband_largesig_r00,prps,1415,-35,-0.275842,12,0,12,0.03141592,1.80000,prps,1,231
62639,62.639,1,4004,54004,lowband_largesig_r00,prps,1405,-45,-0.354459,14,0,14,0.03665191,2.10000,prps,1,235
62659,62.659,1,4004,54004,lowband_largesig_r00,prps,1394,-56,-0.444364,15,0,15,0.03926991,2.25000,prps,1,239
62679,62.679,1,4004,54004,lowband_largesig_r00,prps,1382,-68,-0.537292,19,0,19,0.04974188,2.85000,prps,1,243
62699,62.699,1,4004,54004,lowband_largesig_r00,prps,1371,-79,-0.624563,23,0,23,0.06021386,3.45000,prps,1,247
62719,62.719,1,4004,54004,lowband_largesig_r00,prps,1361,-89,-0.698533,28,0,28,0.07330382,4.20000,prps,1,251
62739,62.739,1,4004,54004,lowband_largesig_r00,prps,1354,-96,-0.753730,34,0,34,0.08901179,5.10000,prps,1,255
62759,62.759,1,4004,54004,lowband_largesig_r00,prps,1350,-100,-0.787480,40,0,40,0.10471976,6.00000,prps,1,259
62779,62.779,1,4004,54004,lowband_largesig_r00,prps,1348,-102,-0.799950,46,0,46,0.12042772,6.90000,prps,1,263
62799,62.799,1,4004,54004,lowband_largesig_r00,prps,1349,-101,-0.793653,51,0,51,0.13351768,7.65000,prps,1,267
62819,62.819,1,4004,54004,lowband_largesig_r00,prps,1352,-98,-0.772536,55,0,55,0.14398966,8.25000,prps,1,271
62839,62.839,1,4004,54004,lowband_largesig_r00,prps,1356,-94,-0.740892,56,0,56,0.14660765,8.40000,prps,1,275
62859,62.859,1,4004,54004,lowband_largesig_r00,prps,1361,-89,-0.702316,56,0,56,0.14660765,8.40000,prps,1,279
62879,62.879,1,4004,54004,lowband_largesig_r00,prps,1366,-84,-0.658938,56,0,56,0.14660765,8.40000,prps,1,283
62899,62.899,1,4004,54004,lowband_largesig_r00,prps,1372,-78,-0.611089,56,0,56,0.14660765,8.40000,prps,1,287
62919,62.919,1,4004,54004,lowband_largesig_r00,prps,1379,-71,-0.557456,56,0,56,0.14660765,8.40000,prps,1,291
62939,62.939,1,4004,54004,lowband_largesig_r00,prps,1387,-63,-0.495699,54,0,54,0.14137166,8.10000,prps,1,295
62959,62.959,1,4004,54004,lowband_largesig_r00,prps,1396,-54,-0.423376,51,0,51,0.13351768,7.65000,prps,1,299
62979,62.979,1,4004,54004,lowband_largesig_r00,prps,1407,-43,-0.338992,46,0,46,0.12042772,6.90000,prps,1,303
62999,62.999,1,4004,54004,lowband_largesig_r00,prps,1419,-31,-0.242923,41,0,41,0.10733775,6.15000,prps,1,307
63019,63.019,1,4004,54004,lowband_largesig_r00,prps,1432,-18,-0.138019,34,0,34,0.08901179,5.10000,prps,1,311
63039,63.039,1,4004,54004,lowband_largesig_r00,prps,1446,-4,-0.029733,27,0,27,0.07068583,4.05000,prps,1,315
63059,63.059,1,4004,54004,lowband_largesig_r00,prps,1459,9,0.074280,19,0,19,0.04974188,2.85000,prps,1,319
63079,63.079,1,4004,54004,lowband_largesig_r00,prps,1471,21,0.165051,12,0,12,0.03141592,1.80000,prps,1,323
63099,63.099,1,4004,54004,lowband_largesig_r00,prps,1480,30,0.233522,6,0,6,0.01570796,0.90000,prps,1,327
63119,63.119,1,4004,54004,lowband_largesig_r00,prps,1485,35,0.271899,1,0,1,0.00261799,0.15000,prps,1,331
63139,63.139,1,4004,54004,lowband_largesig_r00,prps,1485,35,0.274895,-4,0,-4,-0.01047198,-0.60000,prps,1,335
63159,63.159,1,4004,54004,lowband_largesig_r00,prps,1481,31,0.240622,-9,0,-9,-0.02356194,-1.35000,prps,1,339
63179,63.179,1,4004,54004,lowband_largesig_r00,prps,1472,22,0.170978,-13,0,-13,-0.03403392,-1.95000,prps,1,343
63199,63.199,1,4004,54004,lowband_largesig_r00,prps,1459,9,0.071443,-15,0,-15,-0.03926991,-2.25000,prps,1,347
63219,63.219,1,4004,54004,lowband_largesig_r00,prps,1444,-6,-0.049683,-14,0,-14,-0.03665191,-2.10000,prps,1,351
63239,63.239,1,4004,54004,lowband_largesig_r00,prps,1427,-23,-0.182472,-12,0,-12,-0.03141592,-1.80000,prps,1,355
63259,63.259,1,4004,54004,lowband_largesig_r00,prps,1410,-40,-0.316778,-5,0,-5,-0.01308997,-0.75000,prps,1,359
63279,63.279,1,4004,54004,lowband_largesig_r00,prps,1394,-56,-0.443626,3,0,3,0.00785398,0.45000,prps,1,363
63299,63.299,1,4004,54004,lowband_largesig_r00,prps,1379,-71,-0.556321,13,0,13,0.03403392,1.95000,prps,1,367
63319,63.319,1,4004,54004,lowband_largesig_r00,prps,1367,-83,-0.651107,22,0,22,0.05759586,3.30000,prps,1,371
63339,63.339,1,4004,54004,lowband_largesig_r00,prps,1358,-92,-0.727262,30,0,30,0.07853982,4.50000,prps,1,375
63359,63.359,1,4004,54004,lowband_largesig_r00,prps,1350,-100,-0.786627,37,0,37,0.09686577,5.55000,prps,1,379
63379,63.379,1,4004,54004,lowband_largesig_r00,prps,1344,-106,-0.832700,43,0,43,0.11257374,6.45000,prps,1,383
63399,63.399,1,4004,54004,lowband_largesig_r00,prps,1340,-110,-0.869456,50,0,50,0.13089970,7.50000,prps,1,387
63419,63.419,1,4004,54004,lowband_largesig_r00,prps,1336,-114,-0.900161,55,0,55,0.14398966,8.25000,prps,1,391
63439,63.439,1,4004,54004,lowband_largesig_r00,prps,1332,-118,-0.926408,59,0,59,0.15446164,8.85000,prps,1,395
63459,63.459,1,4004,54004,lowband_largesig_r00,prps,1330,-120,-0.947581,63,0,63,0.16493360,9.45000,prps,1,399
63479,63.479,1,4004,54004,lowband_largesig_r00,prps,1328,-122,-0.960842,65,0,65,0.17016960,9.75000,prps,1,403
63499,63.499,1,4004,54004,lowband_largesig_r00,prps,1328,-122,-0.961678,66,0,66,0.17278760,9.90000,prps,1,407
63519,63.519,1,4004,54004,lowband_largesig_r00,prps,1330,-120,-0.944883,69,0,69,0.18064158,10.35000,prps,1,411
63539,63.539,1,4004,54004,lowband_largesig_r00,prps,1335,-115,-0.905779,70,0,70,0.18325958,10.50000,prps,1,415
63559,63.559,1,4004,54004,lowband_largesig_r00,prps,1343,-107,-0.841456,70,0,70,0.18325958,10.50000,prps,1,419
63579,63.579,1,4004,54004,lowband_largesig_r00,prps,1355,-95,-0.751741,70,0,70,0.18325958,10.50000,prps,1,423
63599,63.599,1,4004,54004,lowband_largesig_r00,prps,1369,-81,-0.639708,69,0,69,0.18064158,10.35000,prps,1,427
63619,63.619,1,4004,54004,lowband_largesig_r00,prps,1385,-65,-0.511579,67,0,67,0.17540560,10.05000,prps,1,431
63639,63.639,1,4004,54004,lowband_largesig_r00,prps,1402,-48,-0.376020,60,0,60,0.15707964,9.00000,prps,1,435
63659,63.659,1,4004,54004,lowband_largesig_r00,prps,1419,-31,-0.242908,52,0,52,0.13613568,7.80000,prps,1,439
63679,63.679,1,4004,54004,lowband_largesig_r00,prps,1435,-15,-0.121798,42,0,42,0.10995574,6.30000,prps,1,443
63699,63.699,1,4004,54004,lowband_largesig_r00,prps,1447,-3,-0.020347,31,0,31,0.08115781,4.65000,prps,1,447
63719,63.719,1,4004,54004,lowband_largesig_r00,prps,1457,7,0.057010,20,0,20,0.05235988,3.00000,prps,1,451
63739,63.739,1,4004,54004,lowband_largesig_r00,prps,1464,14,0.109868,11,0,11,0.02879793,1.65000,prps,1,455
63759,63.759,1,4004,54004,lowband_largesig_r00,prps,1468,18,0.141982,4,0,4,0.01047198,0.60000,prps,1,459
63779,63.779,1,4004,54004,lowband_largesig_r00,prps,1470,20,0.160654,-1,0,-1,-0.00261799,-0.15000,prps,1,463
63799,63.799,1,4004,54004,lowband_largesig_r00,prps,1472,22,0.175473,-5,0,-5,-0.01308997,-0.75000,prps,1,467
63819,63.819,1,4004,54004,lowband_largesig_r00,prps,1475,25,0.196595,-8,0,-8,-0.02094395,-1.20000,prps,1,471
63839,63.839,1,4004,54004,lowband_largesig_r00,prps,1480,30,0.232868,-10,0,-10,-0.02617994,-1.50000,prps,1,475
63859,63.859,1,4004,54004,lowband_largesig_r00,prps,1487,37,0.290132,-10,0,-10,-0.02617994,-1.50000,prps,1,479
63879,63.879,1,4004,54004,lowband_largesig_r00,prps,1497,47,0.369998,-12,0,-12,-0.03141592,-1.80000,prps,1,483
63899,63.899,1,4004,54004,lowband_largesig_r00,prps,1510,60,0.469356,-15,0,-15,-0.03926991,-2.25000,prps,1,487
63919,63.919,1,4004,54004,lowband_largesig_r00,prps,1524,74,0.580713,-19,0,-19,-0.04974188,-2.85000,prps,1,491
63939,63.939,1,4004,54004,lowband_largesig_r00,prps,1538,88,0.693333,-24,0,-24,-0.06283185,-3.60000,prps,1,495
63959,63.959,1,4004,54004,lowband_largesig_r00,prps,1551,101,0.795002,-30,0,-30,-0.07853982,-4.50000,prps,1,499
63979,63.979,1,4004,54004,lowband_largesig_r00,prps,1561,111,0.874119,-38,0,-38,-0.09948376,-5.70000,prps,1,503
64011,64.011,1,4004,54004,lowband_largesig_r00,prps,1567,117,0.921754,-50,0,-50,-0.13089970,-7.50000,prps,1,507
64031,64.031,1,4004,54004,lowband_largesig_r00,prps,1569,119,0.933316,-56,0,-56,-0.14660765,-8.40000,prps,1,511
64051,64.051,1,4004,54004,lowband_largesig_r00,prps,1566,116,0.909500,-61,0,-61,-0.15969762,-9.15000,prps,1,515
64071,64.071,1,4004,54004,lowband_largesig_r00,prps,1559,109,0.856359,-64,0,-64,-0.16755160,-9.60000,prps,1,519
64091,64.091,1,4004,54004,lowband_largesig_r00,prps,1550,100,0.784424,-65,0,-65,-0.17016960,-9.75000,prps,1,523
64111,64.111,1,4004,54004,lowband_largesig_r00,prps,1540,90,0.707038,-63,0,-63,-0.16493360,-9.45000,prps,1,527
64131,64.131,1,4004,54004,lowband_largesig_r00,prps,1531,81,0.638142,-62,0,-62,-0.16231562,-9.30000,prps,1,531
64151,64.151,1,4004,54004,lowband_largesig_r00,prps,1525,75,0.589911,-58,0,-58,-0.15184364,-8.70000,prps,1,535
64171,64.171,1,4004,54004,lowband_largesig_r00,prps,1522,72,0.570628,-54,0,-54,-0.14137166,-8.10000,prps,1,539
64191,64.191,1,4004,54004,lowband_largesig_r00,prps,1524,74,0.583191,-50,0,-50,-0.13089970,-7.50000,prps,1,543
64211,64.211,1,4004,54004,lowband_largesig_r00,prps,1529,79,0.624516,-47,0,-47,-0.12304571,-7.05000,prps,1,547
64231,64.231,1,4004,54004,lowband_largesig_r00,prps,1537,87,0.685967,-45,0,-45,-0.11780972,-6.75000,prps,1,551
64251,64.251,1,4004,54004,lowband_largesig_r00,prps,1546,96,0.754766,-45,0,-45,-0.11780972,-6.75000,prps,1,555
64271,64.271,1,4004,54004,lowband_largesig_r00,prps,1554,104,0.816150,-45,0,-45,-0.11780972,-6.75000,prps,1,559
64291,64.291,1,4004,54004,lowband_largesig_r00,prps,1559,109,0.855939,-46,0,-46,-0.12042772,-6.90000,prps,1,563
64311,64.311,1,4004,54004,lowband_largesig_r00,prps,1560,110,0.863053,-50,0,-50,-0.13089970,-7.50000,prps,1,567
64331,64.331,1,4004,54004,lowband_largesig_r00,prps,1556,106,0.831568,-54,0,-54,-0.14137166,-8.10000,prps,1,571
64351,64.351,1,4004,54004,lowband_largesig_r00,prps,1547,97,0.761926,-57,0,-57,-0.14922565,-8.55000,prps,1,575
64371,64.371,1,4004,54004,lowband_largesig_r00,prps,1534,84,0.661074,-57,0,-57,-0.14922565,-8.55000,prps,1,579
64391,64.391,1,4004,54004,lowband_largesig_r00,prps,1519,69,0.541486,-56,0,-56,-0.14660765,-8.40000,prps,1,583
64411,64.411,1,4004,54004,lowband_largesig_r00,prps,1503,53,0.419200,-54,0,-54,-0.14137166,-8.10000,prps,1,587
64431,64.431,1,4004,54004,lowband_largesig_r00,prps,1490,40,0.311184,-48,0,-48,-0.12566370,-7.20000,prps,1,591
64451,64.451,1,4004,54004,lowband_largesig_r00,prps,1480,30,0.232455,-41,0,-41,-0.10733775,-6.15000,prps,1,595
64471,64.471,1,4004,54004,lowband_largesig_r00,prps,1475,25,0.193441,-33,0,-33,-0.08639380,-4.95000,prps,1,599
64491,64.491,1,4004,54004,lowband_largesig_r00,prps,1475,25,0.198022,-27,0,-27,-0.07068583,-4.05000,prps,1,603
64511,64.511,1,4004,54004,lowband_largesig_r00,prps,1481,31,0.242614,-21,0,-21,-0.05497787,-3.15000,prps,1,607
64531,64.531,1,4004,54004,lowband_largesig_r00,prps,1490,40,0.316451,-18,0,-18,-0.04712389,-2.70000,prps,1,611
64551,64.551,1,4004,54004,lowband_largesig_r00,prps,1501,51,0.403068,-18,0,-18,-0.04712389,-2.70000,prps,1,615
64571,64.571,1,4004,54004,lowband_largesig_r00,prps,1511,61,0.482757,-19,0,-19,-0.04974188,-2.85000,prps,1,619
64591,64.591,1,4004,54004,lowband_largesig_r00,prps,1518,68,0.535630,-22,0,-22,-0.05759586,-3.30000,prps,1,623
64611,64.611,1,4004,54004,lowband_largesig_r00,prps,1519,69,0.544791,-26,0,-26,-0.06806784,-3.90000,prps,1,627
64631,64.631,1,4004,54004,lowband_largesig_r00,prps,1513,63,0.499135,-30,0,-30,-0.07853982,-4.50000,prps,1,631
64651,64.651,1,4004,54004,lowband_largesig_r00,prps,1500,50,0.395309,-34,0,-34,-0.08901179,-5.10000,prps,1,635
64671,64.671,1,4004,54004,lowband_largesig_r00,prps,1480,30,0.238519,-35,0,-35,-0.09162979,-5.25000,prps,1,639
64691,64.691,1,4004,54004,lowband_largesig_r00,prps,1455,5,0.042060,-33,0,-33,-0.08639380,-4.95000,prps,1,643
64711,64.711,1,4004,54004,lowband_largesig_r00,prps,1428,-22,-0.174389,-26,0,-26,-0.06806784,-3.90000,prps,1,647
64731,64.731,1,4004,54004,lowband_largesig_r00,prps,1401,-49,-0.387424,-15,0,-15,-0.03926991,-2.25000,prps,1,651
64751,64.751,1,4004,54004,lowband_largesig_r00,prps,1377,-73,-0.573144,-2,0,-2,-0.00523599,-0.30000,prps,1,655
64771,64.771,1,4004,54004,lowband_largesig_r00,prps,1360,-90,-0.710448,14,0,14,0.03665191,2.10000,prps,1,659
64791,64.791,1,4004,54004,lowband_largesig_r00,prps,1350,-100,-0.783918,28,0,28,0.07330382,4.20000,prps,1,663
64811,64.811,1,4004,54004,lowband_largesig_r00,prps,1350,-100,-0.785857,41,0,41,0.10733775,6.15000,prps,1,667
64831,64.831,1,4004,54004,lowband_largesig_r00,prps,1359,-91,-0.717213,51,0,51,0.13351768,7.65000,prps,1,671
64851,64.851,1,4004,54004,lowband_largesig_r00,prps,1375,-75,-0.587283,58,0,58,0.15184364,8.70000,prps,1,675
64871,64.871,1,4004,54004,lowband_largesig_r00,prps,1398,-52,-0.412271,58,0,58,0.15184364,8.70000,prps,1,679
64891,64.891,1,4004,54004,lowband_largesig_r00,prps,1423,-27,-0.212969,54,0,54,0.14137166,8.10000,prps,1,683
64911,64.911,1,4004,54004,lowband_largesig_r00,prps,1448,-2,-0.011932,44,0,44,0.11519173,6.60000,prps,1,687
64931,64.931,1,4004,54004,lowband_largesig_r00,prps,1472,22,0.169430,30,0,30,0.07853982,4.50000,prps,1,691
64951,64.951,1,4004,54004,lowband_largesig_r00,prps,1490,40,0.313398,16,0,16,0.04188790,2.40000,prps,1,695
64971,64.971,1,4004,54004,lowband_largesig_r00,prps,1502,52,0.407805,2,0,2,0.00523599,0.30000,prps,1,699
64991,64.991,1,4004,54004,lowband_largesig_r00,prps,1507,57,0.446992,-11,0,-11,-0.02879793,-1.65000,prps,1,703
65011,65.011,1,4004,54004,lowband_largesig_r00,prps,1505,55,0.431798,-21,0,-21,-0.05497787,-3.15000,prps,1,707
65031,65.031,1,4004,54004,lowband_largesig_r00,prps,1497,47,0.368678,-27,0,-27,-0.07068583,-4.05000,prps,1,711
65051,65.051,1,4004,54004,lowband_largesig_r00,prps,1484,34,0.268174,-28,0,-28,-0.07330382,-4.20000,prps,1,715
65071,65.071,1,4004,54004,lowband_largesig_r00,prps,1468,18,0.143046,-27,0,-27,-0.07068583,-4.05000,prps,1,719
65091,65.091,1,4004,54004,lowband_largesig_r00,prps,1451,1,0.006385,-23,0,-23,-0.06021386,-3.45000,prps,1,723
65111,65.111,1,4004,54004,lowband_largesig_r00,prps,1433,-17,-0.129997,-18,0,-18,-0.04712389,-2.70000,prps,1,727
65131,65.131,1,4004,54004,lowband_largesig_r00,prps,1417,-33,-0.256682,-10,0,-10,-0.02617994,-1.50000,prps,1,731
65151,65.151,1,4004,54004,lowband_largesig_r00,prps,1403,-47,-0.367162,0,0,0,0.00000000,0.00000,prps,1,735
65171,65.171,1,4004,54004,lowband_largesig_r00,prps,1392,-58,-0.457781,10,0,10,0.02617994,1.50000,prps,1,739
65191,65.191,1,4004,54004,lowband_largesig_r00,prps,1383,-67,-0.527209,19,0,19,0.04974188,2.85000,prps,1,743
65211,65.211,1,4004,54004,lowband_largesig_r00,prps,1377,-73,-0.575658,26,0,26,0.06806784,3.90000,prps,1,747
65231,65.231,1,4004,54004,lowband_largesig_r00,prps,1373,-77,-0.604044,32,0,32,0.08377580,4.80000,prps,1,751
65251,65.251,1,4004,54004,lowband_largesig_r00,prps,1372,-78,-0.613313,36,0,36,0.09424778,5.40000,prps,1,755
65271,65.271,1,4004,54004,lowband_largesig_r00,prps,1373,-77,-0.604058,39,0,39,0.10210176,5.85000,prps,1,759
65291,65.291,1,4004,54004,lowband_largesig_r00,prps,1377,-73,-0.576505,40,0,40,0.10471976,6.00000,prps,1,763
65311,65.311,1,4004,54004,lowband_largesig_r00,prps,1383,-67,-0.530822,40,0,40,0.10471976,6.00000,prps,1,767
65331,65.331,1,4004,54004,lowband_largesig_r00,prps,1391,-59,-0.467646,40,0,40,0.10471976,6.00000,prps,1,771
65351,65.351,1,4004,54004,lowband_largesig_r00,prps,1401,-49,-0.388657,40,0,40,0.10471976,6.00000,prps,1,775
65371,65.371,1,4004,54004,lowband_largesig_r00,prps,1412,-38,-0.297030,38,0,38,0.09948376,5.70000,prps,1,779
65391,65.391,1,4004,54004,lowband_largesig_r00,prps,1425,-25,-0.197599,35,0,35,0.09162979,5.25000,prps,1,783
65411,65.411,1,4004,54004,lowband_largesig_r00,prps,1438,-12,-0.096650,29,0,29,0.07592182,4.35000,prps,1,787
65431,65.431,1,4004,54004,lowband_largesig_r00,prps,1450,0,-0.001337,23,0,23,0.06021386,3.45000,prps,1,791
65451,65.451,1,4004,54004,lowband_largesig_r00,prps,1460,10,0.081205,15,0,15,0.03926991,2.25000,prps,1,795
65471,65.471,1,4004,54004,lowband_largesig_r00,prps,1468,18,0.144904,9,0,9,0.02356194,1.35000,prps,1,799
65491,65.491,1,4004,54004,lowband_largesig_r00,prps,1474,24,0.185732,4,0,4,0.01047198,0.60000,prps,1,803
65511,65.511,1,4004,54004,lowband_largesig_r00,prps,1476,26,0.202450,0,0,0,0.00000000,0.00000,prps,1,807
65531,65.531,1,4004,54004,lowband_largesig_r00,prps,1475,25,0.196928,-4,0,-4,-0.01047198,-0.60000,prps,1,811
65551,65.551,1,4004,54004,lowband_largesig_r00,prps,1472,22,0.173962,-8,0,-8,-0.02094395,-1.20000,prps,1,815
65571,65.571,1,4004,54004,lowband_largesig_r00,prps,1468,18,0.140570,-10,0,-10,-0.02617994,-1.50000,prps,1,819
65591,65.591,1,4004,54004,lowband_largesig_r00,prps,1463,13,0.104889,-10,0,-10,-0.02617994,-1.50000,prps,1,823
65611,65.611,1,4004,54004,lowband_largesig_r00,prps,1460,10,0.074829,-10,0,-10,-0.02617994,-1.50000,prps,1,827
65631,65.631,1,4004,54004,lowband_largesig_r00,prps,1457,7,0.056731,-9,0,-9,-0.02356194,-1.35000,prps,1,831
65651,65.651,1,4004,54004,lowband_largesig_r00,prps,1457,7,0.054280,-9,0,-9,-0.02356194,-1.35000,prps,1,835
65671,65.671,1,4004,54004,lowband_largesig_r00,prps,1459,9,0.067851,-7,0,-7,-0.01832596,-1.05000,prps,1,839
65691,65.691,1,4004,54004,lowband_largesig_r00,prps,1462,12,0.094450,-6,0,-6,-0.01570796,-0.90000,prps,1,843
65711,65.711,1,4004,54004,lowband_largesig_r00,prps,1466,16,0.128266,-6,0,-6,-0.01570796,-0.90000,prps,1,847
65731,65.731,1,4004,54004,lowband_largesig_r00,prps,1471,21,0.161732,-6,0,-6,-0.01570796,-0.90000,prps,1,851
65751,65.751,1,4004,54004,lowband_largesig_r00,prps,1474,24,0.186950,-6,0,-6,-0.01570796,-0.90000,prps,1,855
65771,65.771,1,4004,54004,lowband_largesig_r00,prps,1475,25,0.197194,-6,0,-6,-0.01570796,-0.90000,prps,1,859
65791,65.791,1,4004,54004,lowband_largesig_r00,prps,1474,24,0.188237,-6,0,-6,-0.01570796,-0.90000,prps,1,863
65811,65.811,1,4004,54004,lowband_largesig_r00,prps,1470,20,0.159248,-7,0,-7,-0.01832596,-1.05000,prps,1,867
65831,65.831,1,4004,54004,lowband_largesig_r00,prps,1464,14,0.113087,-8,0,-8,-0.02094395,-1.20000,prps,1,871
65851,65.851,1,4004,54004,lowband_largesig_r00,prps,1457,7,0.055929,-9,0,-9,-0.02356194,-1.35000,prps,1,875
65871,65.871,1,4004,54004,lowband_largesig_r00,prps,1450,0,-0.003733,-8,0,-8,-0.02094395,-1.20000,prps,1,879
65891,65.891,1,4004,54004,lowband_largesig_r00,prps,1443,-7,-0.056540,-7,0,-7,-0.01832596,-1.05000,prps,1,883
65911,65.911,1,4004,54004,lowband_largesig_r00,prps,1438,-12,-0.093912,-5,0,-5,-0.01308997,-0.75000,prps,1,887
65931,65.931,1,4004,54004,lowband_largesig_r00,prps,1436,-14,-0.109606,-1,0,-1,-0.00261799,-0.15000,prps,1,891
65951,65.951,1,4004,54004,lowband_largesig_r00,prps,1437,-13,-0.100892,3,0,3,0.00785398,0.45000,prps,1,895
65971,65.971,1,4004,54004,lowband_largesig_r00,prps,1441,-9,-0.069143,6,0,6,0.01570796,0.90000,prps,1,899
65991,65.991,1,4004,54004,lowband_largesig_r00,prps,1447,-3,-0.019699,7,0,7,0.01832596,1.05000,prps,1,903
66011,66.011,1,4004,54004,lowband_largesig_r00,prps,1455,5,0.038956,7,0,7,0.01832596,1.05000,prps,1,907
66031,66.031,1,4004,54004,lowband_largesig_r00,prps,1462,12,0.096586,7,0,7,0.01832596,1.05000,prps,1,911
66051,66.051,1,4004,54004,lowband_largesig_r00,prps,1468,18,0.142915,7,0,7,0.01832596,1.05000,prps,1,915
66071,66.071,1,4004,54004,lowband_largesig_r00,prps,1472,22,0.169359,5,0,5,0.01308997,0.75000,prps,1,919
66091,66.091,1,4004,54004,lowband_largesig_r00,prps,1472,22,0.170461,1,0,1,0.00261799,0.15000,prps,1,923
66111,66.111,1,4004,54004,lowband_largesig_r00,prps,1468,18,0.144779,-2,0,-2,-0.00523599,-0.30000,prps,1,927
66131,66.131,1,4004,54004,lowband_largesig_r00,prps,1462,12,0.095060,-6,0,-6,-0.01570796,-0.90000,prps,1,931
66151,66.151,1,4004,54004,lowband_largesig_r00,prps,1454,4,0.027655,-8,0,-8,-0.02094395,-1.20000,prps,1,935
66171,66.171,1,4004,54004,lowband_largesig_r00,prps,1444,-6,-0.048699,-7,0,-7,-0.01832596,-1.05000,prps,1,939
66191,66.191,1,4004,54004,lowband_largesig_r00,prps,1434,-16,-0.124542,-6,0,-6,-0.01570796,-0.90000,prps,1,943
66211,66.211,1,4004,54004,lowband_largesig_r00,prps,1426,-24,-0.191458,-2,0,-2,-0.00523599,-0.30000,prps,1,947
66231,66.231,1,4004,54004,lowband_largesig_r00,prps,1419,-31,-0.243647,3,0,3,0.00785398,0.45000,prps,1,951
66251,66.251,1,4004,54004,lowband_largesig_r00,prps,1415,-35,-0.278993,9,0,9,0.02356194,1.35000,prps,1,955
66271,66.271,1,4004,54004,lowband_largesig_r00,prps,1412,-38,-0.299411,13,0,13,0.03403392,1.95000,prps,1,959
66291,66.291,1,4004,54004,lowband_largesig_r00,prps,1411,-39,-0.310414,17,0,17,0.04450589,2.55000,prps,1,963
66311,66.311,1,4004,54004,lowband_largesig_r00,prps,1409,-41,-0.319946,19,0,19,0.04974188,2.85000,prps,1,967
66331,66.331,1,4004,54004,lowband_largesig_r00,prps,1407,-43,-0.336699,20,0,20,0.05235988,3.00000,prps,1,971
66351,66.351,1,4004,54004,lowband_largesig_r00,prps,1403,-47,-0.368205,20,0,20,0.05235988,3.00000,prps,1,975
66371,66.371,1,4004,54004,lowband_largesig_r00,prps,1397,-53,-0.419074,22,0,22,0.05759586,3.30000,prps,1,979
66391,66.391,1,4004,54004,lowband_largesig_r00,prps,1388,-62,-0.489705,23,0,23,0.06021386,3.45000,prps,1,983
66411,66.411,1,4004,54004,lowband_largesig_r00,prps,1377,-73,-0.575743,24,0,24,0.06283185,3.60000,prps,1,987
66431,66.431,1,4004,54004,lowband_largesig_r00,prps,1365,-85,-0.668416,27,0,27,0.07068583,4.05000,prps,1,991
66451,66.451,1,4004,54004,lowband_largesig_r00,prps,1354,-96,-0.755723,32,0,32,0.08377580,4.80000,prps,1,995
66471,66.471,1,4004,54004,lowband_largesig_r00,prps,1345,-105,-0.824319,39,0,39,0.10210176,5.85000,prps,1,999
66491,66.491,1,4004,54004,lowband_largesig_r00,prps,1341,-109,-0.861769,45,0,45,0.11780972,6.75000,prps,1,1003
66511,66.511,1,4004,54004,lowband_largesig_r00,prps,1341,-109,-0.858799,52,0,52,0.13613568,7.80000,prps,1,1007
66531,66.531,1,4004,54004,lowband_largesig_r00,prps,1347,-103,-0.811137,57,0,57,0.14922565,8.55000,prps,1,1011
66551,66.551,1,4004,54004,lowband_largesig_r00,prps,1358,-92,-0.720616,60,0,60,0.15707964,9.00000,prps,1,1015
66571,66.571,1,4004,54004,lowband_largesig_r00,prps,1374,-76,-0.595292,60,0,60,0.15707964,9.00000,prps,1,1019
66591,66.591,1,4004,54004,lowband_largesig_r00,prps,1393,-57,-0.448540,59,0,59,0.15446164,8.85000,prps,1,1023
66611,66.611,1,4004,54004,lowband_largesig_r00,prps,1412,-38,-0.297225,55,0,55,0.14398966,8.25000,prps,1,1027
66631,66.631,1,4004,54004,lowband_largesig_r00,prps,1430,-20,-0.159222,46,0,46,0.12042772,6.90000,prps,1,1031
66651,66.651,1,4004,54004,lowband_largesig_r00,prps,1444,-6,-0.050691,35,0,35,0.09162979,5.25000,prps,1,1035
66671,66.671,1,4004,54004,lowband_largesig_r00,prps,1452,2,0.016465,23,0,23,0.06021386,3.45000,prps,1,1039
66691,66.691,1,4004,54004,lowband_largesig_r00,prps,1455,5,0.036524,13,0,13,0.03403392,1.95000,prps,1,1043
66711,66.711,1,4004,54004,lowband_largesig_r00,prps,1451,1,0.010918,6,0,6,0.01570796,0.90000,prps,1,1047
66731,66.731,1,4004,54004,lowband_largesig_r00,prps,1443,-7,-0.051914,2,0,2,0.00523599,0.30000,prps,1,1051
66751,66.751,1,4004,54004,lowband_largesig_r00,prps,1433,-17,-0.137792,2,0,2,0.00523599,0.30000,prps,1,1055
66771,66.771,1,4004,54004,lowband_largesig_r00,prps,1421,-29,-0.228995,4,0,4,0.01047198,0.60000,prps,1,1059
66791,66.791,1,4004,54004,lowband_largesig_r00,prps,1411,-39,-0.307037,7,0,7,0.01832596,1.05000,prps,1,1063
66811,66.811,1,4004,54004,lowband_largesig_r00,prps,1405,-45,-0.355586,11,0,11,0.02879793,1.65000,prps,1,1067
66831,66.831,1,4004,54004,lowband_largesig_r00,prps,1404,-46,-0.363041,16,0,16,0.04188790,2.40000,prps,1,1071
66851,66.851,1,4004,54004,lowband_largesig_r00,prps,1409,-41,-0.324354,20,0,20,0.05235988,3.00000,prps,1,1075
66871,66.871,1,4004,54004,lowband_largesig_r00,prps,1419,-31,-0.241798,22,0,22,0.05759586,3.30000,prps,1,1079
66891,66.891,1,4004,54004,lowband_largesig_r00,prps,1434,-16,-0.124563,22,0,22,0.05759586,3.30000,prps,1,1083
66911,66.911,1,4004,54004,lowband_largesig_r00,prps,1452,2,0.012767,21,0,21,0.05497787,3.15000,prps,1,1087
66931,66.931,1,4004,54004,lowband_largesig_r00,prps,1469,19,0.152578,17,0,17,0.04450589,2.55000,prps,1,1091
66951,66.951,1,4004,54004,lowband_largesig_r00,prps,1485,35,0.277071,10,0,10,0.02617994,1.50000,prps,1,1095
66971,66.971,1,4004,54004,lowband_largesig_r00,prps,1497,47,0.371093,3,0,3,0.00785398,0.45000,prps,1,1099
66991,66.991,1,4004,54004,lowband_largesig_r00,prps,1504,54,0.424512,-5,0,-5,-0.01308997,-0.75000,prps,1,1103
67011,67.011,1,4004,54004,lowband_largesig_r00,prps,1505,55,0.433736,-14,0,-14,-0.03665191,-2.10000,prps,1,1107
67031,67.031,1,4004,54004,lowband_largesig_r00,prps,1501,51,0.402155,-21,0,-21,-0.05497787,-3.15000,prps,1,1111
67051,67.051,1,4004,54004,lowband_largesig_r00,prps,1493,43,0.339425,-26,0,-26,-0.06806784,-3.90000,prps,1,1115
67071,67.071,1,4004,54004,lowband_largesig_r00,prps,1483,33,0.259753,-27,0,-27,-0.07068583,-4.05000,prps,1,1119
67091,67.091,1,4004,54004,lowband_largesig_r00,prps,1473,23,0.179450,-25,0,-25,-0.06544985,-3.75000,prps,1,1123
67111,67.111,1,4004,54004,lowband_largesig_r00,prps,1465,15,0.114193,-22,0,-22,-0.05759586,-3.30000,prps,1,1127
67131,67.131,1,4004,54004,lowband_largesig_r00,prps,1460,10,0.076436,-19,0,-19,-0.04974188,-2.85000,prps,1,1131
67151,67.151,1,4004,54004,lowband_largesig_r00,prps,1459,9,0.073399,-15,0,-15,-0.03926991,-2.25000,prps,1,1135
67171,67.171,1,4004,54004,lowband_largesig_r00,prps,1463,13,0.105962,-12,0,-12,-0.03141592,-1.80000,prps,1,1139
67191,67.191,1,4004,54004,lowband_largesig_r00,prps,1471,21,0.168630,-10,0,-10,-0.02617994,-1.50000,prps,1,1143
67211,67.211,1,4004,54004,lowband_largesig_r00,prps,1482,32,0.250557,-9,0,-9,-0.02356194,-1.35000,prps,1,1147
67231,67.231,1,4004,54004,lowband_largesig_r00,prps,1493,43,0.337446,-9,0,-9,-0.02356194,-1.35000,prps,1,1151
67251,67.251,1,4004,54004,lowband_largesig_r00,prps,1503,53,0.413995,-11,0,-11,-0.02879793,-1.65000,prps,1,1155
67271,67.271,1,4004,54004,lowband_largesig_r00,prps,1509,59,0.466484,-15,0,-15,-0.03926991,-2.25000,prps,1,1159
67291,67.291,1,4004,54004,lowband_largesig_r00,prps,1512,62,0.485066,-21,0,-21,-0.05497787,-3.15000,prps,1,1163
67311,67.311,1,4004,54004,lowband_largesig_r00,prps,1509,59,0.465408,-26,0,-26,-0.06806784,-3.90000,prps,1,1167
67331,67.331,1,4004,54004,lowband_largesig_r00,prps,1502,52,0.409420,-29,0,-29,-0.07592182,-4.35000,prps,1,1171
67351,67.351,1,4004,54004,lowband_largesig_r00,prps,1491,41,0.324974,-29,0,-29,-0.07592182,-4.35000,prps,1,1175
67371,67.371,1,4004,54004,lowband_largesig_r00,prps,1479,29,0.224684,-28,0,-28,-0.07330382,-4.20000,prps,1,1179
67391,67.391,1,4004,54004,lowband_largesig_r00,prps,1466,16,0.123961,-27,0,-27,-0.07068583,-4.05000,prps,1,1183
67411,67.411,1,4004,54004,lowband_largesig_r00,prps,1455,5,0.038671,-23,0,-23,-0.06021386,-3.45000,prps,1,1187
67431,67.431,1,4004,54004,lowband_largesig_r00,prps,1448,-2,-0.017216,-16,0,-16,-0.04188790,-2.40000,prps,1,1191
67451,67.451,1,4004,54004,lowband_largesig_r00,prps,1446,-4,-0.033641,-11,0,-11,-0.02879793,-1.65000,prps,1,1195
67471,67.471,1,4004,54004,lowband_largesig_r00,prps,1449,-1,-0.005813,-6,0,-6,-0.01570796,-0.90000,prps,1,1199
67491,67.491,1,4004,54004,lowband_largesig_r00,prps,1458,8,0.065244,-1,0,-1,-0.00261799,-0.15000,prps,1,1203
67511,67.511,1,4004,54004,lowband_largesig_r00,prps,1472,22,0.173019,2,0,2,0.00523599,0.30000,prps,1,1207
67531,67.531,1,4004,54004,lowband_largesig_r00,prps,1489,39,0.306589,2,0,2,0.00523599,0.30000,prps,1,1211
67551,67.551,1,4004,54004,lowband_largesig_r00,prps,1507,57,0.452247,-2,0,-2,-0.00523599,-0.30000,prps,1,1215
67571,67.571,1,4004,54004,lowband_largesig_r00,prps,1526,76,0.595392,-9,0,-9,-0.02356194,-1.35000,prps,1,1219
67591,67.591,1,4004,54004,lowband_largesig_r00,prps,1542,92,0.722369,-19,0,-19,-0.04974188,-2.85000,prps,1,1223
67611,67.611,1,4004,54004,lowband_largesig_r00,prps,1554,104,0.822001,-30,0,-30,-0.07853982,-4.50000,prps,1,1227
67631,67.631,1,4004,54004,lowband_largesig_r00,prps,1563,113,0.886608,-40,0,-40,-0.10471976,-6.00000,prps,1,1231
67651,67.651,1,4004,54004,lowband_largesig_r00,prps,1566,116,0.912426,-50,0,-50,-0.13089970,-7.50000,prps,1,1235
67671,67.671,1,4004,54004,lowband_largesig_r00,prps,1564,114,0.899454,-58,0,-58,-0.15184364,-8.70000,prps,1,1239
67691,67.691,1,4004,54004,lowband_largesig_r00,prps,1558,108,0.850829,-63,0,-63,-0.16493360,-9.45000,prps,1,1243
67711,67.711,1,4004,54004,lowband_largesig_r00,prps,1548,98,0.771920,-64,0,-64,-0.16755160,-9.60000,prps,1,1247
67731,67.731,1,4004,54004,lowband_largesig_r00,prps,1535,85,0.669343,-63,0,-63,-0.16493360,-9.45000,prps,1,1251
67751,67.751,1,4004,54004,lowband_largesig_r00,prps,1520,70,0.550085,-61,0,-61,-0.15969762,-9.15000,prps,1,1255
67771,67.771,1,4004,54004,lowband_largesig_r00,prps,1503,53,0.420876,-56,0,-56,-0.14660765,-8.40000,prps,1,1259
67791,67.791,1,4004,54004,lowband_largesig_r00,prps,1487,37,0.287858,-49,0,-49,-0.12828170,-7.35000,prps,1,1263
67811,67.811,1,4004,54004,lowband_largesig_r00,prps,1470,20,0.156540,-41,0,-41,-0.10733775,-6.15000,prps,1,1267
67831,67.831,1,4004,54004,lowband_largesig_r00,prps,1454,4,0.031954,-32,0,-32,-0.08377580,-4.80000,prps,1,1271
67851,67.851,1,4004,54004,lowband_largesig_r00,prps,1440,-10,-0.081140,-23,0,-23,-0.06021386,-3.45000,prps,1,1275
67871,67.871,1,4004,54004,lowband_largesig_r00,prps,1427,-23,-0.178115,-13,0,-13,-0.03403392,-1.95000,prps,1,1279
67891,67.891,1,4004,54004,lowband_largesig_r00,prps,1418,-32,-0.254523,-3,0,-3,-0.00785398,-0.45000,prps,1,1283
67911,67.911,1,4004,54004,lowband_largesig_r00,prps,1411,-39,-0.306393,6,0,6,0.01570796,0.90000,prps,1,1287
67931,67.931,1,4004,54004,lowband_largesig_r00,prps,1408,-42,-0.330737,13,0,13,0.03403392,1.95000,prps,1,1291
67951,67.951,1,4004,54004,lowband_largesig_r00,prps,1409,-41,-0.326192,19,0,19,0.04974188,2.85000,prps,1,1295
67971,67.971,1,4004,54004,lowband_largesig_r00,prps,1413,-37,-0.293649,22,0,22,0.05759586,3.30000,prps,1,1299
67991,67.991,1,4004,54004,lowband_largesig_r00,prps,1420,-30,-0.236695,23,0,23,0.06021386,3.45000,prps,1,1303
68011,68.011,1,4004,54004,lowband_largesig_r00,prps,1429,-21,-0.161705,22,0,22,0.05759586,3.30000,prps,1,1307
68031,68.031,1,4004,54004,lowband_largesig_r00,prps,1440,-10,-0.077499,20,0,20,0.05235988,3.00000,prps,1,1311
68051,68.051,1,4004,54004,lowband_largesig_r00,prps,1451,1,0.005488,18,0,18,0.04712389,2.70000,prps,1,1315
68071,68.071,1,4004,54004,lowband_largesig_r00,prps,1460,10,0.076439,14,0,14,0.03665191,2.10000,prps,1,1319
68091,68.091,1,4004,54004,lowband_largesig_r00,prps,1466,16,0.125632,10,0,10,0.02617994,1.50000,prps,1,1323
68111,68.111,1,4004,54004,lowband_largesig_r00,prps,1469,19,0.145948,5,0,5,0.01308997,0.75000,prps,1,1327
68131,68.131,1,4004,54004,lowband_largesig_r00,prps,1467,17,0.134133,2,0,2,0.00523599,0.30000,prps,1,1331
68151,68.151,1,4004,54004,lowband_largesig_r00,prps,1462,12,0.091592,-2,0,-2,-0.00523599,-0.30000,prps,1,1335
68171,68.171,1,4004,54004,lowband_largesig_r00,prps,1453,3,0.024519,-4,0,-4,-0.01047198,-0.60000,prps,1,1339
68191,68.191,1,4004,54004,lowband_largesig_r00,prps,1443,-7,-0.056704,-4,0,-4,-0.01047198,-0.60000,prps,1,1343
68211,68.211,1,4004,54004,lowband_largesig_r00,prps,1432,-18,-0.138817,-2,0,-2,-0.00523599,-0.30000,prps,1,1347
68231,68.231,1,4004,54004,lowband_largesig_r00,prps,1424,-26,-0.207512,2,0,2,0.00523599,0.30000,prps,1,1351
68251,68.251,1,4004,54004,lowband_largesig_r00,prps,1418,-32,-0.249544,6,0,6,0.01570796,0.90000,prps,1,1355
68271,68.271,1,4004,54004,lowband_largesig_r00,prps,1418,-32,-0.254785,10,0,10,0.02617994,1.50000,prps,1,1359
68291,68.291,1,4004,54004,lowband_largesig_r00,prps,1422,-28,-0.217898,13,0,13,0.03403392,1.95000,prps,1,1363
68311,68.311,1,4004,54004,lowband_largesig_r00,prps,1432,-18,-0.139343,15,0,15,0.03926991,2.25000,prps,1,1367
68331,68.331,1,4004,54004,lowband_largesig_r00,prps,1447,-3,-0.025537,15,0,15,0.03926991,2.25000,prps,1,1371
68351,68.351,1,4004,54004,lowband_largesig_r00,prps,1464,14,0.111885,15,0,15,0.03926991,2.25000,prps,1,1375
68371,68.371,1,4004,54004,lowband_largesig_r00,prps,1483,33,0.257610,10,0,10,0.02617994,1.50000,prps,1,1379
68391,68.391,1,4004,54004,lowband_largesig_r00,prps,1500,50,0.394763,4,0,4,0.01047198,0.60000,prps,1,1383
68411,68.411,1,4004,54004,lowband_largesig_r00,prps,1514,64,0.507262,-3,0,-3,-0.00785398,-0.45000,prps,1,1387
68431,68.431,1,4004,54004,lowband_largesig_r00,prps,1524,74,0.582058,-13,0,-13,-0.03403392,-1.95000,prps,1,1391
68451,68.451,1,4004,54004,lowband_largesig_r00,prps,1528,78,0.610893,-24,0,-24,-0.06283185,-3.60000,prps,1,1395
68471,68.471,1,4004,54004,lowband_largesig_r00,prps,1525,75,0.591309,-33,0,-33,-0.08639380,-4.95000,prps,1,1399
68491,68.491,1,4004,54004,lowband_largesig_r00,prps,1517,67,0.526752,-39,0,-39,-0.10210176,-5.85000,prps,1,1403
68511,68.511,1,4004,54004,lowband_largesig_r00,prps,1504,54,0.425779,-41,0,-41,-0.10733775,-6.15000,prps,1,1407
68531,68.531,1,4004,54004,lowband_largesig_r00,prps,1488,38,0.300503,-39,0,-39,-0.10210176,-5.85000,prps,1,1411
68551,68.551,1,4004,54004,lowband_largesig_r00,prps,1471,21,0.164570,-36,0,-36,-0.09424778,-5.40000,prps,1,1415
68571,68.571,1,4004,54004,lowband_largesig_r00,prps,1454,4,0.031003,-30,0,-30,-0.07853982,-4.50000,prps,1,1419
68591,68.591,1,4004,54004,lowband_largesig_r00,prps,1439,-11,-0.089712,-23,0,-23,-0.06021386,-3.45000,prps,1,1423
68611,68.611,1,4004,54004,lowband_largesig_r00,prps,1426,-24,-0.190971,-14,0,-14,-0.03665191,-2.10000,prps,1,1427
68631,68.631,1,4004,54004,lowband_largesig_r00,prps,1416,-34,-0.270634,-4,0,-4,-0.01047198,-0.60000,prps,1,1431
68651,68.651,1,4004,54004,lowband_largesig_r00,prps,1408,-42,-0.330741,5,0,5,0.01308997,0.75000,prps,1,1435
68671,68.671,1,4004,54004,lowband_largesig_r00,prps,1402,-48,-0.376472,14,0,14,0.03665191,2.10000,prps,1,1439
68691,68.691,1,4004,54004,lowband_largesig_r00,prps,1397,-53,-0.414540,21,0,21,0.05497787,3.15000,prps,1,1443
68711,68.711,1,4004,54004,lowband_largesig_r00,prps,1393,-57,-0.451363,24,0,24,0.06283185,3.60000,prps,1,1447
68731,68.731,1,4004,54004,lowband_largesig_r00,prps,1388,-62,-0.491358,27,0,27,0.07068583,4.05000,prps,1,1451
68751,68.751,1,4004,54004,lowband_largesig_r00,prps,1382,-68,-0.535689,29,0,29,0.07592182,4.35000,prps,1,1455
68771,68.771,1,4004,54004,lowband_largesig_r00,prps,1376,-74,-0.581736,30,0,30,0.07853982,4.50000,prps,1,1459
68791,68.791,1,4004,54004,lowband_largesig_r00,prps,1371,-79,-0.623386,32,0,32,0.08377580,4.80000,prps,1,1463
68811,68.811,1,4004,54004,lowband_largesig_r00,prps,1367,-83,-0.652120,34,0,34,0.08901179,5.10000,prps,1,1467
68831,68.831,1,4004,54004,lowband_largesig_r00,prps,1366,-84,-0.658700,37,0,37,0.09686577,5.55000,prps,1,1471
68851,68.851,1,4004,54004,lowband_largesig_r00,prps,1369,-81,-0.635148,39,0,39,0.10210176,5.85000,prps,1,1475
68871,68.871,1,4004,54004,lowband_largesig_r00,prps,1377,-73,-0.576664,41,0,41,0.10733775,6.15000,prps,1,1479
68891,68.891,1,4004,54004,lowband_largesig_r00,prps,1389,-61,-0.483086,42,0,42,0.10995574,6.30000,prps,1,1483
68911,68.911,1,4004,54004,lowband_largesig_r00,prps,1404,-46,-0.359615,41,0,41,0.10733775,6.15000,prps,1,1487
68931,68.931,1,4004,54004,lowband_largesig_r00,prps,1422,-28,-0.216625,39,0,39,0.10210176,5.85000,prps,1,1491
68951,68.951,1,4004,54004,lowband_largesig_r00,prps,1441,-9,-0.068530,34,0,34,0.08901179,5.10000,prps,1,1495
68971,68.971,1,4004,54004,lowband_largesig_r00,prps,1459,9,0.068116,26,0,26,0.06806784,3.90000,prps,1,1499
68991,68.991,1,4004,54004,lowband_largesig_r00,prps,1472,22,0.177014,16,0,16,0.04188790,2.40000,prps,1,1503
69011,69.011,1,4004,54004,lowband_largesig_r00,prps,1481,31,0.244608,6,0,6,0.01570796,0.90000,prps,1,1507
69031,69.031,1,4004,54004,lowband_largesig_r00,prps,1483,33,0.262245,-1,0,-1,-0.00261799,-0.15000,prps,1,1511
69051,69.051,1,4004,54004,lowband_largesig_r00,prps,1479,29,0.227640,-8,0,-8,-0.02094395,-1.20000,prps,1,1515
69071,69.071,1,4004,54004,lowband_largesig_r00,prps,1468,18,0.145365,-13,0,-13,-0.03403392,-1.95000,prps,1,1519
69091,69.091,1,4004,54004,lowband_largesig_r00,prps,1453,3,0.026278,-15,0,-15,-0.03926991,-2.25000,prps,1,1523
69111,69.111,1,4004,54004,lowband_largesig_r00,prps,1436,-14,-0.114067,-14,0,-14,-0.03665191,-2.10000,prps,1,1527
69131,69.131,1,4004,54004,lowband_largesig_r00,prps,1417,-33,-0.257757,-9,0,-9,-0.02356194,-1.35000,prps,1,1531
69151,69.151,1,4004,54004,lowband_largesig_r00,prps,1401,-49,-0.387256,-1,0,-1,-0.00261799,-0.15000,prps,1,1535
69171,69.171,1,4004,54004,lowband_largesig_r00,prps,1388,-62,-0.488071,10,0,10,0.02617994,1.50000,prps,1,1539
69191,69.191,1,4004,54004,lowband_largesig_r00,prps,1380,-70,-0.550932,19,0,19,0.04974188,2.85000,prps,1,1543
69211,69.211,1,4004,54004,lowband_largesig_r00,prps,1377,-73,-0.573111,27,0,27,0.07068583,4.05000,prps,1,1547
69231,69.231,1,4004,54004,lowband_largesig_r00,prps,1379,-71,-0.558658,33,0,33,0.08639380,4.95000,prps,1,1551
69251,69.251,1,4004,54004,lowband_largesig_r00,prps,1384,-66,-0.517529,37,0,37,0.09686577,5.55000,prps,1,1555
69271,69.271,1,4004,54004,lowband_largesig_r00,prps,1391,-59,-0.463725,38,0,38,0.09948376,5.70000,prps,1,1559
69291,69.291,1,4004,54004,lowband_largesig_r00,prps,1398,-52,-0.412781,38,0,38,0.09948376,5.70000,prps,1,1563
69311,69.311,1,4004,54004,lowband_largesig_r00,prps,1402,-48,-0.378996,37,0,37,0.09686577,5.55000,prps,1,1567
69331,69.331,1,4004,54004,lowband_largesig_r00,prps,1403,-47,-0.372888,36,0,36,0.09424778,5.40000,prps,1,1571
69351,69.351,1,4004,54004,lowband_largesig_r00,prps,1399,-51,-0.399294,33,0,33,0.08639380,4.95000,prps,1,1575
69371,69.371,1,4004,54004,lowband_largesig_r00,prps,1392,-58,-0.456422,31,0,31,0.08115781,4.65000,prps,1,1579
69391,69.391,1,4004,54004,lowband_largesig_r00,prps,1382,-68,-0.536039,29,0,29,0.07592182,4.35000,prps,1,1583
69411,69.411,1,4004,54004,lowband_largesig_r00,prps,1371,-79,-0.624737,30,0,30,0.07853982,4.50000,prps,1,1587
69431,69.431,1,4004,54004,lowband_largesig_r00,prps,1360,-90,-0.706095,33,0,33,0.08639380,4.95000,prps,1,1591
69451,69.451,1,4004,54004,lowband_largesig_r00,prps,1353,-97,-0.763358,38,0,38,0.09948376,5.70000,prps,1,1595
69471,69.471,1,4004,54004,lowband_largesig_r00,prps,1351,-99,-0.782205,42,0,42,0.10995574,6.30000,prps,1,1599
69491,69.491,1,4004,54004,lowband_largesig_r00,prps,1354,-96,-0.753151,48,0,48,0.12566370,7.20000,prps,1,1603
69511,69.511,1,4004,54004,lowband_largesig_r00,prps,1365,-85,-0.673184,53,0,53,0.13875367,7.95000,prps,1,1607
69531,69.531,1,4004,54004,lowband_largesig_r00,prps,1381,-69,-0.546386,55,0,55,0.14398966,8.25000,prps,1,1611
69551,69.551,1,4004,54004,lowband_largesig_r00,prps,1401,-49,-0.383432,55,0,55,0.14398966,8.25000,prps,1,1615
69571,69.571,1,4004,54004,lowband_largesig_r00,prps,1425,-25,-0.200060,50,0,50,0.13089970,7.50000,prps,1,1619
69591,69.591,1,4004,54004,lowband_largesig_r00,prps,1448,-2,-0.014775,41,0,41,0.10733775,6.15000,prps,1,1623
69611,69.611,1,4004,54004,lowband_largesig_r00,prps,1470,20,0.153857,29,0,29,0.07592182,4.35000,prps,1,1627
69631,69.631,1,4004,54004,lowband_largesig_r00,prps,1487,37,0.289877,15,0,15,0.03926991,2.25000,prps,1,1631
69651,69.651,1,4004,54004,lowband_largesig_r00,prps,1499,49,0.382155,3,0,3,0.00785398,0.45000,prps,1,1635
69671,69.671,1,4004,54004,lowband_largesig_r00,prps,1504,54,0.425819,-8,0,-8,-0.02094395,-1.20000,prps,1,1639
69691,69.691,1,4004,54004,lowband_largesig_r00,prps,1504,54,0.422716,-18,0,-18,-0.04712389,-2.70000,prps,1,1643
69711,69.711,1,4004,54004,lowband_largesig_r00,prps,1498,48,0.380838,-25,0,-25,-0.06544985,-3.75000,prps,1,1647
69731,69.731,1,4004,54004,lowband_largesig_r00,prps,1490,40,0.312865,-25,0,-25,-0.06544985,-3.75000,prps,1,1651
69751,69.751,1,4004,54004,lowband_largesig_r00,prps,1480,30,0.234086,-25,0,-25,-0.06544985,-3.75000,prps,1,1655
69771,69.771,1,4004,54004,lowband_largesig_r00,prps,1470,20,0.160038,-24,0,-24,-0.06283185,-3.60000,prps,1,1659
69791,69.791,1,4004,54004,lowband_largesig_r00,prps,1463,13,0.104269,-22,0,-22,-0.05759586,-3.30000,prps,1,1663
69811,69.811,1,4004,54004,lowband_largesig_r00,prps,1460,10,0.076545,-19,0,-19,-0.04974188,-2.85000,prps,1,1667
69831,69.831,1,4004,54004,lowband_largesig_r00,prps,1460,10,0.081769,-15,0,-15,-0.03926991,-2.25000,prps,1,1671
69851,69.851,1,4004,54004,lowband_largesig_r00,prps,1465,15,0.119721,-12,0,-12,-0.03141592,-1.80000,prps,1,1675
69871,69.871,1,4004,54004,lowband_largesig_r00,prps,1474,24,0.185613,-10,0,-10,-0.02617994,-1.50000,prps,1,1679
69891,69.891,1,4004,54004,lowband_largesig_r00,prps,1484,34,0.271285,-10,0,-10,-0.02617994,-1.50000,prps,1,1683
69911,69.911,1,4004,54004,lowband_largesig_r00,prps,1497,47,0.366810,-10,0,-10,-0.02617994,-1.50000,prps,1,1687
69931,69.931,1,4004,54004,lowband_largesig_r00,prps,1509,59,0.462198,-11,0,-11,-0.02879793,-1.65000,prps,1,1691
69951,69.951,1,4004,54004,lowband_largesig_r00,prps,1520,70,0.548907,-16,0,-16,-0.04188790,-2.40000,prps,1,1695
69971,69.971,1,4004,54004,lowband_largesig_r00,prps,1529,79,0.620921,-24,0,-24,-0.06283185,-3.60000,prps,1,1699
69991,69.991,1,4004,54004,lowband_largesig_r00,prps,1536,86,0.675263,-30,0,-30,-0.07853982,-4.50000,prps,1,1703
70011,70.011,1,4004,54004,lowband_largesig_r00,prps,1540,90,0.711894,-37,0,-37,-0.09686577,-5.55000,prps,1,1707
70031,70.031,1,4004,54004,lowband_largesig_r00,prps,1543,93,0.733105,-42,0,-42,-0.10995574,-6.30000,prps,1,1711
70051,70.051,1,4004,54004,lowband_largesig_r00,prps,1544,94,0.742549,-46,0,-46,-0.12042772,-6.90000,prps,1,1715
70071,70.071,1,4004,54004,lowband_largesig_r00,prps,1545,95,0.744156,-48,0,-48,-0.12566370,-7.20000,prps,1,1719
70091,70.091,1,4004,54004,lowband_largesig_r00,prps,1544,94,0.741139,-49,0,-49,-0.12828170,-7.35000,prps,1,1723
70111,70.111,1,4004,54004,lowband_largesig_r00,prps,1543,93,0.735292,-49,0,-49,-0.12828170,-7.35000,prps,1,1727
70131,70.131,1,4004,54004,lowband_largesig_r00,prps,1542,92,0.726694,-49,0,-49,-0.12828170,-7.35000,prps,1,1731
70151,70.151,1,4004,54004,lowband_largesig_r00,prps,1541,91,0.713840,-49,0,-49,-0.12828170,-7.35000,prps,1,1735
70171,70.171,1,4004,54004,lowband_largesig_r00,prps,1538,88,0.694146,-49,0,-49,-0.12828170,-7.35000,prps,1,1739
70191,70.191,1,4004,54004,lowband_largesig_r00,prps,1534,84,0.664676,-49,0,-49,-0.12828170,-7.35000,prps,1,1743
70211,70.211,1,4004,54004,lowband_largesig_r00,prps,1529,79,0.622930,-49,0,-49,-0.12828170,-7.35000,prps,1,1747
70231,70.231,1,4004,54004,lowband_largesig_r00,prps,1522,72,0.567507,-49,0,-49,-0.12828170,-7.35000,prps,1,1751
70251,70.251,1,4004,54004,lowband_largesig_r00,prps,1513,63,0.498496,-48,0,-48,-0.12566370,-7.20000,prps,1,1755
70271,70.271,1,4004,54004,lowband_largesig_r00,prps,1503,53,0.417526,-47,0,-47,-0.12304571,-7.05000,prps,1,1759
70291,70.291,1,4004,54004,lowband_largesig_r00,prps,1492,42,0.327478,-43,0,-43,-0.11257374,-6.45000,prps,1,1763
70311,70.311,1,4004,54004,lowband_largesig_r00,prps,1479,29,0.231923,-38,0,-38,-0.09948376,-5.70000,prps,1,1767
70331,70.331,1,4004,54004,lowband_largesig_r00,prps,1467,17,0.134448,-33,0,-33,-0.08639380,-4.95000,prps,1,1771
70351,70.351,1,4004,54004,lowband_largesig_r00,prps,1455,5,0.038021,-26,0,-26,-0.06806784,-3.90000,prps,1,1775
70371,70.371,1,4004,54004,lowband_largesig_r00,prps,1443,-7,-0.055445,-20,0,-20,-0.05235988,-3.00000,prps,1,1779
70391,70.391,1,4004,54004,lowband_largesig_r00,prps,1432,-18,-0.145211,-12,0,-12,-0.03141592,-1.80000,prps,1,1783
70411,70.411,1,4004,54004,lowband_largesig_r00,prps,1421,-29,-0.231476,-5,0,-5,-0.01308997,-0.75000,prps,1,1787
70431,70.431,1,4004,54004,lowband_largesig_r00,prps,1410,-40,-0.314834,3,0,3,0.00785398,0.45000,prps,1,1791
70451,70.451,1,4004,54004,lowband_largesig_r00,prps,1400,-50,-0.395533,11,0,11,0.02879793,1.65000,prps,1,1795
70471,70.471,1,4004,54004,lowband_largesig_r00,prps,1390,-60,-0.472722,17,0,17,0.04450589,2.55000,prps,1,1799
70491,70.491,1,4004,54004,lowband_largesig_r00,prps,1381,-69,-0.543874,22,0,22,0.05759586,3.30000,prps,1,1803
70511,70.511,1,4004,54004,lowband_largesig_r00,prps,1373,-77,-0.604563,27,0,27,0.07068583,4.05000,prps,1,1807
70531,70.531,1,4004,54004,lowband_largesig_r00,prps,1368,-82,-0.648709,31,0,31,0.08115781,4.65000,prps,1,1811
70551,70.551,1,4004,54004,lowband_largesig_r00,prps,1365,-85,-0.669300,36,0,36,0.09424778,5.40000,prps,1,1815
70571,70.571,1,4004,54004,lowband_largesig_r00,prps,1366,-84,-0.659538,40,0,40,0.10471976,6.00000,prps,1,1819
70591,70.591,1,4004,54004,lowband_largesig_r00,prps,1372,-78,-0.614205,43,0,43,0.11257374,6.45000,prps,1,1823
70611,70.611,1,4004,54004,lowband_largesig_r00,prps,1383,-67,-0.531032,44,0,44,0.11519173,6.60000,prps,1,1827
70631,70.631,1,4004,54004,lowband_largesig_r00,prps,1398,-52,-0.411779,44,0,44,0.11519173,6.60000,prps,1,1831
70651,70.651,1,4004,54004,lowband_largesig_r00,prps,1417,-33,-0.262801,43,0,43,0.11257374,6.45000,prps,1,1835
70671,70.671,1,4004,54004,lowband_largesig_r00,prps,1438,-12,-0.094914,38,0,38,0.09948376,5.70000,prps,1,1839
70691,70.691,1,4004,54004,lowband_largesig_r00,prps,1460,10,0.077496,29,0,29,0.07592182,4.35000,prps,1,1843
70711,70.711,1,4004,54004,lowband_largesig_r00,prps,1480,30,0.238062,19,0,19,0.04974188,2.85000,prps,1,1847
70731,70.731,1,4004,54004,lowband_largesig_r00,prps,1497,47,0.370503,8,0,8,0.02094395,1.20000,prps,1,1851
70751,70.751,1,4004,54004,lowband_largesig_r00,prps,1509,59,0.460905,-2,0,-2,-0.00523599,-0.30000,prps,1,1855
70771,70.771,1,4004,54004,lowband_largesig_r00,prps,1513,63,0.499827,-12,0,-12,-0.03141592,-1.80000,prps,1,1859
70791,70.791,1,4004,54004,lowband_largesig_r00,prps,1511,61,0.483904,-22,0,-22,-0.05759586,-3.30000,prps,1,1863
70811,70.811,1,4004,54004,lowband_largesig_r00,prps,1503,53,0.416638,-29,0,-29,-0.07592182,-4.35000,prps,1,1867
70831,70.831,1,4004,54004,lowband_largesig_r00,prps,1489,39,0.308221,-32,0,-32,-0.08377580,-4.80000,prps,1,1871
70851,70.851,1,4004,54004,lowband_largesig_r00,prps,1472,22,0.174352,-31,0,-31,-0.08115781,-4.65000,prps,1,1875
70871,70.871,1,4004,54004,lowband_largesig_r00,prps,1454,4,0.034192,-28,0,-28,-0.07330382,-4.20000,prps,1,1879
70891,70.891,1,4004,54004,lowband_largesig_r00,prps,1438,-12,-0.092253,-21,0,-21,-0.05497787,-3.15000,prps,1,1883
70911,70.911,1,4004,54004,lowband_largesig_r00,prps,1426,-24,-0.186954,-13,0,-13,-0.03403392,-1.95000,prps,1,1887
70931,70.931,1,4004,54004,lowband_largesig_r00,prps,1420,-30,-0.236432,-4,0,-4,-0.01047198,-0.60000,prps,1,1891
70951,70.951,1,4004,54004,lowband_largesig_r00,prps,1420,-30,-0.233704,6,0,6,0.01570796,0.90000,prps,1,1895
70971,70.971,1,4004,54004,lowband_largesig_r00,prps,1427,-23,-0.179279,11,0,11,0.02879793,1.65000,prps,1,1899
70991,70.991,1,4004,54004,lowband_largesig_r00,prps,1440,-10,-0.081049,12,0,12,0.03141592,1.80000,prps,1,1903
71011,71.011,1,4004,54004,lowband_largesig_r00,prps,1456,6,0.046917,13,0,13,0.03403392,1.95000,prps,1,1907
71031,71.031,1,4004,54004,lowband_largesig_r00,prps,1474,24,0.186487,12,0,12,0.03141592,1.80000,prps,1,1911
71051,71.051,1,4004,54004,lowband_largesig_r00,prps,1490,40,0.318159,7,0,7,0.01832596,1.05000,prps,1,1915
71071,71.071,1,4004,54004,lowband_largesig_r00,prps,1504,54,0.423912,0,0,0,0.00000000,0.00000,prps,1,1919
71091,71.091,1,4004,54004,lowband_largesig_r00,prps,1512,62,0.489760,-9,0,-9,-0.02356194,-1.35000,prps,1,1923
71111,71.111,1,4004,54004,lowband_largesig_r00,prps,1514,64,0.507631,-18,0,-18,-0.04712389,-2.70000,prps,1,1927
71131,71.131,1,4004,54004,lowband_largesig_r00,prps,1510,60,0.476270,-26,0,-26,-0.06806784,-3.90000,prps,1,1931
71151,71.151,1,4004,54004,lowband_largesig_r00,prps,1501,51,0.401075,-31,0,-31,-0.08115781,-4.65000,prps,1,1935
71171,71.171,1,4004,54004,lowband_largesig_r00,prps,1487,37,0.292893,-33,0,-33,-0.08639380,-4.95000,prps,1,1939
71191,71.191,1,4004,54004,lowband_largesig_r00,prps,1471,21,0.166037,-31,0,-31,-0.08115781,-4.65000,prps,1,1943
71211,71.211,1,4004,54004,lowband_largesig_r00,prps,1455,5,0.035851,-27,0,-27,-0.07068583,-4.05000,prps,1,1947
71231,71.231,1,4004,54004,lowband_largesig_r00,prps,1439,-11,-0.083747,-19,0,-19,-0.04974188,-2.85000,prps,1,1951
71251,71.251,1,4004,54004,lowband_largesig_r00,prps,1427,-23,-0.182327,-12,0,-12,-0.03141592,-1.80000,prps,1,1955
71271,71.271,1,4004,54004,lowband_largesig_r00,prps,1418,-32,-0.254300,-4,0,-4,-0.01047198,-0.60000,prps,1,1959
71291,71.291,1,4004,54004,lowband_largesig_r00,prps,1412,-38,-0.299335,5,0,5,0.01308997,0.75000,prps,1,1963
71311,71.311,1,4004,54004,lowband_largesig_r00,prps,1409,-41,-0.321833,13,0,13,0.03403392,1.95000,prps,1,1967
71331,71.331,1,4004,54004,lowband_largesig_r00,prps,1408,-42,-0.329564,19,0,19,0.04974188,2.85000,prps,1,1971
71351,71.351,1,4004,54004,lowband_largesig_r00,prps,1408,-42,-0.331773,23,0,23,0.06021386,3.45000,prps,1,1975
71371,71.371,1,4004,54004,lowband_largesig_r00,prps,1407,-43,-0.337099,24,0,24,0.06283185,3.60000,prps,1,1979
71391,71.391,1,4004,54004,lowband_largesig_r00,prps,1405,-45,-0.351718,25,0,25,0.06544985,3.75000,prps,1,1983
71411,71.411,1,4004,54004,lowband_largesig_r00,prps,1402,-48,-0.378043,25,0,25,0.06544985,3.75000,prps,1,1987
71431,71.431,1,4004,54004,lowband_largesig_r00,prps,1397,-53,-0.414230,25,0,25,0.06544985,3.75000,prps,1,1991
71451,71.451,1,4004,54004,lowband_largesig_r00,prps,1392,-58,-0.454582,26,0,26,0.06806784,3.90000,prps,1,1995
71471,71.471,1,4004,54004,lowband_largesig_r00,prps,1388,-62,-0.490748,26,0,26,0.06806784,3.90000,prps,1,1999
71491,71.491,1,4004,54004,lowband_largesig_r00,prps,1385,-65,-0.513521,27,0,27,0.07068583,4.05000,prps,1,2003
71511,71.511,1,4004,54004,lowband_largesig_r00,prps,1385,-65,-0.514871,28,0,28,0.07330382,4.20000,prps,1,2007
71531,71.531,1,4004,54004,lowband_largesig_r00,prps,1388,-62,-0.489823,30,0,30,0.07853982,4.50000,prps,1,2011
71551,71.551,1,4004,54004,lowband_largesig_r00,prps,1394,-56,-0.437831,32,0,32,0.08377580,4.80000,prps,1,2015
71571,71.571,1,4004,54004,lowband_largesig_r00,prps,1404,-46,-0.363347,32,0,32,0.08377580,4.80000,prps,1,2019
71591,71.591,1,4004,54004,lowband_largesig_r00,prps,1415,-35,-0.275465,31,0,31,0.08115781,4.65000,prps,1,2023
71611,71.611,1,4004,54004,lowband_largesig_r00,prps,1426,-24,-0.186652,30,0,30,0.07853982,4.50000,prps,1,2027
71631,71.631,1,4004,54004,lowband_largesig_r00,prps,1436,-14,-0.110774,26,0,26,0.06806784,3.90000,prps,1,2031
71651,71.651,1,4004,54004,lowband_largesig_r00,prps,1442,-8,-0.060743,20,0,20,0.05235988,3.00000,prps,1,2035
71671,71.671,1,4004,54004,lowband_largesig_r00,prps,1444,-6,-0.046172,15,0,15,0.03926991,2.25000,prps,1,2039
71691,71.691,1,4004,54004,lowband_largesig_r00,prps,1441,-9,-0.071479,11,0,11,0.02879793,1.65000,prps,1,2043
71711,71.711,1,4004,54004,lowband_largesig_r00,prps,1433,-17,-0.134764,10,0,10,0.02617994,1.50000,prps,1,2047
71731,71.731,1,4004,54004,lowband_largesig_r00,prps,1421,-29,-0.227687,10,0,10,0.02617994,1.50000,prps,1,2051
71751,71.751,1,4004,54004,lowband_largesig_r00,prps,1407,-43,-0.336417,11,0,11,0.02879793,1.65000,prps,1,2055
71771,71.771,1,4004,54004,lowband_largesig_r00,prps,1394,-56,-0.443501,13,0,13,0.03403392,1.95000,prps,1,2059
71791,71.791,1,4004,54004,lowband_largesig_r00,prps,1383,-67,-0.530401,18,0,18,0.04712389,2.70000,prps,1,2063
71811,71.811,1,4004,54004,lowband_largesig_r00,prps,1376,-74,-0.580281,23,0,23,0.06021386,3.45000,prps,1,2067
71831,71.831,1,4004,54004,lowband_largesig_r00,prps,1376,-74,-0.580608,28,0,28,0.07330382,4.20000,prps,1,2071
71851,71.851,1,4004,54004,lowband_largesig_r00,prps,1383,-67,-0.525148,33,0,33,0.08639380,4.95000,prps,1,2075
71871,71.871,1,4004,54004,lowband_largesig_r00,prps,1397,-53,-0.415028,36,0,36,0.09424778,5.40000,prps,1,2079
71891,71.891,1,4004,54004,lowband_largesig_r00,prps,1417,-33,-0.258700,36,0,36,0.09424778,5.40000,prps,1,2083
71911,71.911,1,4004,54004,lowband_largesig_r00,prps,1441,-9,-0.070790,34,0,34,0.08901179,5.10000,prps,1,2087
71931,71.931,1,4004,54004,lowband_largesig_r00,prps,1467,17,0.129958,27,0,27,0.07068583,4.05000,prps,1,2091
71951,71.951,1,4004,54004,lowband_largesig_r00,prps,1491,41,0.323349,16,0,16,0.04188790,2.40000,prps,1,2095
71971,71.971,1,4004,54004,lowband_largesig_r00,prps,1512,62,0.490571,5,0,5,0.01308997,0.75000,prps,1,2099
71991,71.991,1,4004,54004,lowband_largesig_r00,prps,1528,78,0.616778,-7,0,-7,-0.01832596,-1.05000,prps,1,2103
72011,72.011,1,4004,54004,lowband_largesig_r00,prps,1538,88,0.693004,-19,0,-19,-0.04974188,-2.85000,prps,1,2107
72031,72.031,1,4004,54004,lowband_largesig_r00,prps,1541,91,0.717161,-32,0,-32,-0.08377580,-4.80000,prps,1,2111
72051,72.051,1,4004,54004,lowband_largesig_r00,prps,1538,88,0.693967,-43,0,-43,-0.11257374,-6.45000,prps,1,2115
72071,72.071,1,4004,54004,lowband_largesig_r00,prps,1531,81,0.633872,-48,0,-48,-0.12566370,-7.20000,prps,1,2119
72091,72.091,1,4004,54004,lowband_largesig_r00,prps,1520,70,0.551177,-49,0,-49,-0.12828170,-7.35000,prps,1,2123
72111,72.111,1,4004,54004,lowband_largesig_r00,prps,1509,59,0.461677,-48,0,-48,-0.12566370,-7.20000,prps,1,2127
72131,72.131,1,4004,54004,lowband_largesig_r00,prps,1498,48,0.380210,-46,0,-46,-0.12042772,-6.90000,prps,1,2131
72151,72.151,1,4004,54004,lowband_largesig_r00,prps,1490,40,0.318519,-40,0,-40,-0.10471976,-6.00000,prps,1,2135
72171,72.171,1,4004,54004,lowband_largesig_r00,prps,1486,36,0.283717,-35,0,-35,-0.09162979,-5.25000,prps,1,2139
72191,72.191,1,4004,54004,lowband_largesig_r00,prps,1485,35,0.277589,-31,0,-31,-0.08115781,-4.65000,prps,1,2143
72211,72.211,1,4004,54004,lowband_largesig_r00,prps,1488,38,0.296779,-27,0,-27,-0.07068583,-4.05000,prps,1,2147
72231,72.231,1,4004,54004,lowband_largesig_r00,prps,1492,42,0.333768,-24,0,-24,-0.06283185,-3.60000,prps,1,2151
72251,72.251,1,4004,54004,lowband_largesig_r00,prps,1498,48,0.378444,-22,0,-22,-0.05759586,-3.30000,prps,1,2155
72271,72.271,1,4004,54004,lowband_largesig_r00,prps,1503,53,0.419963,-23,0,-23,-0.06021386,-3.45000,prps,1,2159
72291,72.291,1,4004,54004,lowband_largesig_r00,prps,1507,57,0.448564,-23,0,-23,-0.06021386,-3.45000,prps,1,2163
72311,72.311,1,4004,54004,lowband_largesig_r00,prps,1508,58,0.457062,-23,0,-23,-0.06021386,-3.45000,prps,1,2167
72331,72.331,1,4004,54004,lowband_largesig_r00,prps,1506,56,0.441782,-25,0,-25,-0.06544985,-3.75000,prps,1,2171
72351,72.351,1,4004,54004,lowband_largesig_r00,prps,1501,51,0.402834,-27,0,-27,-0.07068583,-4.05000,prps,1,2175
72371,72.371,1,4004,54004,lowband_largesig_r00,prps,1494,44,0.343737,-28,0,-28,-0.07330382,-4.20000,prps,1,2179
72391,72.391,1,4004,54004,lowband_largesig_r00,prps,1484,34,0.270523,-28,0,-28,-0.07330382,-4.20000,prps,1,2183
72411,72.411,1,4004,54004,lowband_largesig_r00,prps,1474,24,0.190515,-27,0,-27,-0.07068583,-4.05000,prps,1,2187
72431,72.431,1,4004,54004,lowband_largesig_r00,prps,1464,14,0.111041,-24,0,-24,-0.06283185,-3.60000,prps,1,2191
72451,72.451,1,4004,54004,lowband_largesig_r00,prps,1455,5,0.038309,-20,0,-20,-0.05235988,-3.00000,prps,1,2195
72471,72.471,1,4004,54004,lowband_largesig_r00,prps,1447,-3,-0.023364,-15,0,-15,-0.03926991,-2.25000,prps,1,2199
72491,72.491,1,4004,54004,lowband_largesig_r00,prps,1441,-9,-0.071878,-11,0,-11,-0.02879793,-1.65000,prps,1,2203
72511,72.511,1,4004,54004,lowband_largesig_r00,prps,1436,-14,-0.107208,-5,0,-5,-0.01308997,-0.75000,prps,1,2207
72531,72.531,1,4004,54004,lowband_largesig_r00,prps,1433,-17,-0.130895,0,0,0,0.00000000,0.00000,prps,1,2211
72551,72.551,1,4004,54004,lowband_largesig_r00,prps,1432,-18,-0.145308,4,0,4,0.01047198,0.60000,prps,1,2215
72571,72.571,1,4004,54004,lowband_largesig_r00,prps,1431,-19,-0.152879,7,0,7,0.01832596,1.05000,prps,1,2219
72591,72.591,1,4004,54004,lowband_largesig_r00,prps,1430,-20,-0.155468,9,0,9,0.02356194,1.35000,prps,1,2223
72611,72.611,1,4004,54004,lowband_largesig_r00,prps,1430,-20,-0.154005,10,0,10,0.02617994,1.50000,prps,1,2227
72631,72.631,1,4004,54004,lowband_largesig_r00,prps,1431,-19,-0.148468,10,0,10,0.02617994,1.50000,prps,1,2231
72651,72.651,1,4004,54004,lowband_largesig_r00,prps,1432,-18,-0.138175,11,0,11,0.02879793,1.65000,prps,1,2235
72671,72.671,1,4004,54004,lowband_largesig_r00,prps,1434,-16,-0.122299,11,0,11,0.02879793,1.65000,prps,1,2239
72691,72.691,1,4004,54004,lowband_largesig_r00,prps,1437,-13,-0.100458,11,0,11,0.02879793,1.65000,prps,1,2243
72711,72.711,1,4004,54004,lowband_largesig_r00,prps,1441,-9,-0.073220,11,0,11,0.02879793,1.65000,prps,1,2247
72731,72.731,1,4004,54004,lowband_largesig_r00,prps,1445,-5,-0.042375,11,0,11,0.02879793,1.65000,prps,1,2251
72751,72.751,1,4004,54004,lowband_largesig_r00,prps,1449,-1,-0.010867,11,0,11,0.02879793,1.65000,prps,1,2255
72771,72.771,1,4004,54004,lowband_largesig_r00,prps,1452,2,0.017598,10,0,10,0.02617994,1.50000,prps,1,2259
72791,72.791,1,4004,54004,lowband_largesig_r00,prps,1455,5,0.039247,9,0,9,0.02356194,1.35000,prps,1,2263
72811,72.811,1,4004,54004,lowband_largesig_r00,prps,1456,6,0.051070,7,0,7,0.01832596,1.05000,prps,1,2267
72831,72.831,1,4004,54004,lowband_largesig_r00,prps,1457,7,0.051615,4,0,4,0.01047198,0.60000,prps,1,2271
72851,72.851,1,4004,54004,lowband_largesig_r00,prps,1455,5,0.041559,3,0,3,0.00785398,0.45000,prps,1,2275
72871,72.871,1,4004,54004,lowband_largesig_r00,prps,1453,3,0.023897,3,0,3,0.00785398,0.45000,prps,1,2279
72891,72.891,1,4004,54004,lowband_largesig_r00,prps,1450,0,0.003649,3,0,3,0.00785398,0.45000,prps,1,2283
72911,72.911,1,4004,54004,lowband_largesig_r00,prps,1448,-2,-0.012897,3,0,3,0.00785398,0.45000,prps,1,2287
72931,72.931,1,4004,54004,lowband_largesig_r00,prps,1448,-2,-0.019319,3,0,3,0.00785398,0.45000,prps,1,2291
72951,72.951,1,4004,54004,lowband_largesig_r00,prps,1449,-1,-0.010382,3,0,3,0.00785398,0.45000,prps,1,2295
72971,72.971,1,4004,54004,lowband_largesig_r00,prps,1452,2,0.016701,3,0,3,0.00785398,0.45000,prps,1,2299
72991,72.991,1,4004,54004,lowband_largesig_r00,prps,1458,8,0.061322,3,0,3,0.00785398,0.45000,prps,1,2303
73011,73.011,1,4004,54004,lowband_largesig_r00,prps,1465,15,0.119050,2,0,2,0.00523599,0.30000,prps,1,2307
73031,73.031,1,4004,54004,lowband_largesig_r00,prps,1473,23,0.181875,2,0,2,0.00523599,0.30000,prps,1,2311
73051,73.051,1,4004,54004,lowband_largesig_r00,prps,1480,30,0.239131,0,0,0,0.00000000,0.00000,prps,1,2315
73071,73.071,1,4004,54004,lowband_largesig_r00,prps,1485,35,0.279005,-2,0,-2,-0.00523599,-0.30000,prps,1,2319
73091,73.091,1,4004,54004,lowband_largesig_r00,prps,1487,37,0.290415,-7,0,-7,-0.01832596,-1.05000,prps,1,2323
73111,73.111,1,4004,54004,lowband_largesig_r00,prps,1484,34,0.264950,-11,0,-11,-0.02879793,-1.65000,prps,1,2327
73131,73.131,1,4004,54004,lowband_largesig_r00,prps,1475,25,0.198544,-14,0,-14,-0.03665191,-2.10000,prps,1,2331
73151,73.151,1,4004,54004,lowband_largesig_r00,prps,1462,12,0.092581,-15,0,-15,-0.03926991,-2.25000,prps,1,2335
73171,73.171,1,4004,54004,lowband_largesig_r00,prps,1444,-6,-0.045810,-14,0,-14,-0.03665191,-2.10000,prps,1,2339
73191,73.191,1,4004,54004,lowband_largesig_r00,prps,1424,-26,-0.204359,-12,0,-12,-0.03141592,-1.80000,prps,1,2343
73211,73.211,1,4004,54004,lowband_largesig_r00,prps,1403,-47,-0.367122,-5,0,-5,-0.01308997,-0.75000,prps,1,2347
73231,73.231,1,4004,54004,lowband_largesig_r00,prps,1384,-66,-0.516614,5,0,5,0.01308997,0.75000,prps,1,2351
73251,73.251,1,4004,54004,lowband_largesig_r00,prps,1369,-81,-0.636279,16,0,16,0.04188790,2.40000,prps,1,2355
73271,73.271,1,4004,54004,lowband_largesig_r00,prps,1359,-91,-0.712933,27,0,27,0.07068583,4.05000,prps,1,2359
73291,73.291,1,4004,54004,lowband_largesig_r00,prps,1356,-94,-0.738756,36,0,36,0.09424778,5.40000,prps,1,2363
73311,73.311,1,4004,54004,lowband_largesig_r00,prps,1360,-90,-0.712524,44,0,44,0.11519173,6.60000,prps,1,2367
73331,73.331,1,4004,54004,lowband_largesig_r00,prps,1369,-81,-0.639828,50,0,50,0.13089970,7.50000,prps,1,2371
73351,73.351,1,4004,54004,lowband_largesig_r00,prps,1382,-68,-0.532248,53,0,53,0.13875367,7.95000,prps,1,2375
73371,73.371,1,4004,54004,lowband_largesig_r00,prps,1398,-52,-0.405581,52,0,52,0.13613568,7.80000,prps,1,2379
73391,73.391,1,4004,54004,lowband_largesig_r00,prps,1415,-35,-0.277388,47,0,47,0.12304571,7.05000,prps,1,2383
73411,73.411,1,4004,54004,lowband_largesig_r00,prps,1429,-21,-0.164265,40,0,40,0.10471976,6.00000,prps,1,2387
73431,73.431,1,4004,54004,lowband_largesig_r00,prps,1440,-10,-0.079262,31,0,31,0.08115781,4.65000,prps,1,2391
73451,73.451,1,4004,54004,lowband_largesig_r00,prps,1446,-4,-0.029882,21,0,21,0.05497787,3.15000,prps,1,2395
73471,73.471,1,4004,54004,lowband_largesig_r00,prps,1448,-2,-0.016998,13,0,13,0.03403392,1.95000,prps,1,2399
73491,73.491,1,4004,54004,lowband_largesig_r00,prps,1446,-4,-0.034859,8,0,8,0.02094395,1.20000,prps,1,2403
73511,73.511,1,4004,54004,lowband_largesig_r00,prps,1441,-9,-0.072209,5,0,5,0.01308997,0.75000,prps,1,2407
73531,73.531,1,4004,54004,lowband_largesig_r00,prps,1435,-15,-0.114322,5,0,5,0.01308997,0.75000,prps,1,2411
73551,73.551,1,4004,54004,lowband_largesig_r00,prps,1432,-18,-0.145637,6,0,6,0.01570796,0.90000,prps,1,2415
73571,73.571,1,4004,54004,lowband_largesig_r00,prps,1431,-19,-0.152548,8,0,8,0.02094395,1.20000,prps,1,2419
73591,73.591,1,4004,54004,lowband_largesig_r00,prps,1434,-16,-0.125887,9,0,9,0.02356194,1.35000,prps,1,2423
73611,73.611,1,4004,54004,lowband_largesig_r00,prps,1442,-8,-0.062686,10,0,10,0.02617994,1.50000,prps,1,2427
73631,73.631,1,4004,54004,lowband_largesig_r00,prps,1454,4,0.033075,10,0,10,0.02617994,1.50000,prps,1,2431
73651,73.651,1,4004,54004,lowband_largesig_r00,prps,1469,19,0.150882,9,0,9,0.02356194,1.35000,prps,1,2435
73671,73.671,1,4004,54004,lowband_largesig_r00,prps,1485,35,0.275181,6,0,6,0.01570796,0.90000,prps,1,2439
73691,73.691,1,4004,54004,lowband_largesig_r00,prps,1499,49,0.387732,1,0,1,0.00261799,0.15000,prps,1,2443
73711,73.711,1,4004,54004,lowband_largesig_r00,prps,1510,60,0.470430,-6,0,-6,-0.01570796,-0.90000,prps,1,2447
73731,73.731,1,4004,54004,lowband_largesig_r00,prps,1515,65,0.508149,-15,0,-15,-0.03926991,-2.25000,prps,1,2451
73751,73.751,1,4004,54004,lowband_largesig_r00,prps,1512,62,0.491135,-23,0,-23,-0.06021386,-3.45000,prps,1,2455
73771,73.771,1,4004,54004,lowband_largesig_r00,prps,1503,53,0.416582,-30,0,-30,-0.07853982,-4.50000,prps,1,2459
73791,73.791,1,4004,54004,lowband_largesig_r00,prps,1487,37,0.289134,-32,0,-32,-0.08377580,-4.80000,prps,1,2463
73811,73.811,1,4004,54004,lowband_largesig_r00,prps,1465,15,0.120257,-31,0,-31,-0.08115781,-4.65000,prps,1,2467
73831,73.831,1,4004,54004,lowband_largesig_r00,prps,1441,-9,-0.073419,-27,0,-27,-0.07068583,-4.05000,prps,1,2471
73851,73.851,1,4004,54004,lowband_largesig_r00,prps,1415,-35,-0.272484,-17,0,-17,-0.04450589,-2.55000,prps,1,2475
73871,73.871,1,4004,54004,lowband_largesig_r00,prps,1392,-58,-0.457480,-8,0,-8,-0.02094395,-1.20000,prps,1,2479
73891,73.891,1,4004,54004,lowband_largesig_r00,prps,1372,-78,-0.611532,6,0,6,0.01570796,0.90000,prps,1,2483
73911,73.911,1,4004,54004,lowband_largesig_r00,prps,1358,-92,-0.722461,20,0,20,0.05235988,3.00000,prps,1,2487
73931,73.931,1,4004,54004,lowband_largesig_r00,prps,1350,-100,-0.784076,32,0,32,0.08377580,4.80000,prps,1,2491
73951,73.951,1,4004,54004,lowband_largesig_r00,prps,1349,-101,-0.796458,43,0,43,0.11257374,6.45000,prps,1,2495
73971,73.971,1,4004,54004,lowband_largesig_r00,prps,1353,-97,-0.765262,52,0,52,0.13613568,7.80000,prps,1,2499
73991,73.991,1,4004,54004,lowband_largesig_r00,prps,1361,-89,-0.700200,57,0,57,0.14922565,8.55000,prps,1,2503
74011,74.011,1,4004,54004,lowband_largesig_r00,prps,1372,-78,-0.613006,56,0,56,0.14660765,8.40000,prps,1,2507
74031,74.031,1,4004,54004,lowband_largesig_r00,prps,1385,-65,-0.515272,55,0,55,0.14398966,8.25000,prps,1,2511
74051,74.051,1,4004,54004,lowband_largesig_r00,prps,1397,-53,-0.416543,52,0,52,0.13613568,7.80000,prps,1,2515
74071,74.071,1,4004,54004,lowband_largesig_r00,prps,1409,-41,-0.322989,47,0,47,0.12304571,7.05000,prps,1,2519
74091,74.091,1,4004,54004,lowband_largesig_r00,prps,1420,-30,-0.236879,41,0,41,0.10733775,6.15000,prps,1,2523
74111,74.111,1,4004,54004,lowband_largesig_r00,prps,1430,-20,-0.156890,33,0,33,0.08639380,4.95000,prps,1,2527
74131,74.131,1,4004,54004,lowband_largesig_r00,prps,1440,-10,-0.079178,25,0,25,0.06544985,3.75000,prps,1,2531
74151,74.151,1,4004,54004,lowband_largesig_r00,prps,1450,0,0.001059,18,0,18,0.04712389,2.70000,prps,1,2535
74171,74.171,1,4004,54004,lowband_largesig_r00,prps,1461,11,0.087833,13,0,13,0.03403392,1.95000,prps,1,2539
74191,74.191,1,4004,54004,lowband_largesig_r00,prps,1473,23,0.182809,8,0,8,0.02094395,1.20000,prps,1,2543
74211,74.211,1,4004,54004,lowband_largesig_r00,prps,1486,36,0.284250,3,0,3,0.00785398,0.45000,prps,1,2547
74231,74.231,1,4004,54004,lowband_largesig_r00,prps,1499,49,0.386702,-1,0,-1,-0.00261799,-0.15000,prps,1,2551
74251,74.251,1,4004,54004,lowband_largesig_r00,prps,1511,61,0.481496,-8,0,-8,-0.02094395,-1.20000,prps,1,2555
74271,74.271,1,4004,54004,lowband_largesig_r00,prps,1521,71,0.558002,-16,0,-16,-0.04188790,-2.40000,prps,1,2559
74291,74.291,1,4004,54004,lowband_largesig_r00,prps,1527,77,0.605426,-25,0,-25,-0.06544985,-3.75000,prps,1,2563
74311,74.311,1,4004,54004,lowband_largesig_r00,prps,1528,78,0.614834,-32,0,-32,-0.08377580,-4.80000,prps,1,2567
74331,74.331,1,4004,54004,lowband_largesig_r00,prps,1524,74,0.581031,-38,0,-38,-0.09948376,-5.70000,prps,1,2571
74351,74.351,1,4004,54004,lowband_largesig_r00,prps,1514,64,0.503946,-41,0,-41,-0.10733775,-6.15000,prps,1,2575
74371,74.371,1,4004,54004,lowband_largesig_r00,prps,1499,49,0.389250,-41,0,-41,-0.10733775,-6.15000,prps,1,2579
74391,74.391,1,4004,54004,lowband_largesig_r00,prps,1482,32,0.248064,-39,0,-39,-0.10210176,-5.85000,prps,1,2583
74411,74.411,1,4004,54004,lowband_largesig_r00,prps,1462,12,0.095765,-34,0,-34,-0.08901179,-5.10000,prps,1,2587
74431,74.431,1,4004,54004,lowband_largesig_r00,prps,1444,-6,-0.049956,-27,0,-27,-0.07068583,-4.05000,prps,1,2591
74451,74.451,1,4004,54004,lowband_largesig_r00,prps,1428,-22,-0.171477,-17,0,-17,-0.04450589,-2.55000,prps,1,2595
74471,74.471,1,4004,54004,lowband_largesig_r00,prps,1418,-32,-0.253708,-7,0,-7,-0.01832596,-1.05000,prps,1,2599
74491,74.491,1,4004,54004,lowband_largesig_r00,prps,1414,-36,-0.286243,3,0,3,0.00785398,0.45000,prps,1,2603
74511,74.511,1,4004,54004,lowband_largesig_r00,prps,1416,-34,-0.264870,12,0,12,0.03141592,1.80000,prps,1,2607
74531,74.531,1,4004,54004,lowband_largesig_r00,prps,1426,-24,-0.192184,17,0,17,0.04450589,2.55000,prps,1,2611
74551,74.551,1,4004,54004,lowband_largesig_r00,prps,1440,-10,-0.077233,19,0,19,0.04974188,2.85000,prps,1,2615
74571,74.571,1,4004,54004,lowband_largesig_r00,prps,1458,8,0.065763,18,0,18,0.04712389,2.70000,prps,1,2619
74591,74.591,1,4004,54004,lowband_largesig_r00,prps,1478,28,0.219398,15,0,15,0.03926991,2.25000,prps,1,2623
74611,74.611,1,4004,54004,lowband_largesig_r00,prps,1496,46,0.365463,7,0,7,0.01832596,1.05000,prps,1,2627
74631,74.631,1,4004,54004,lowband_largesig_r00,prps,1512,62,0.487367,-1,0,-1,-0.00261799,-0.15000,prps,1,2631
74651,74.651,1,4004,54004,lowband_largesig_r00,prps,1523,73,0.572226,-12,0,-12,-0.03141592,-1.80000,prps,1,2635
74671,74.671,1,4004,54004,lowband_largesig_r00,prps,1528,78,0.612330,-22,0,-22,-0.05759586,-3.30000,prps,1,2639
74691,74.691,1,4004,54004,lowband_largesig_r00,prps,1527,77,0.605803,-31,0,-31,-0.08115781,-4.65000,prps,1,2643
74711,74.711,1,4004,54004,lowband_largesig_r00,prps,1521,71,0.556410,-38,0,-38,-0.09948376,-5.70000,prps,1,2647
74731,74.731,1,4004,54004,lowband_largesig_r00,prps,1510,60,0.472592,-40,0,-40,-0.10471976,-6.00000,prps,1,2651
74751,74.751,1,4004,54004,lowband_largesig_r00,prps,1496,46,0.365938,-40,0,-40,-0.10471976,-6.00000,prps,1,2655
74771,74.771,1,4004,54004,lowband_largesig_r00,prps,1482,32,0.249368,-38,0,-38,-0.09948376,-5.70000,prps,1,2659
74791,74.791,1,4004,54004,lowband_largesig_r00,prps,1467,17,0.135331,-35,0,-35,-0.09162979,-5.25000,prps,1,2663
74811,74.811,1,4004,54004,lowband_largesig_r00,prps,1454,4,0.034286,-28,0,-28,-0.07330382,-4.20000,prps,1,2667
74831,74.831,1,4004,54004,lowband_largesig_r00,prps,1444,-6,-0.046325,-19,0,-19,-0.04974188,-2.85000,prps,1,2671
74851,74.851,1,4004,54004,lowband_largesig_r00,prps,1437,-13,-0.102520,-11,0,-11,-0.02879793,-1.65000,prps,1,2675
74871,74.871,1,4004,54004,lowband_largesig_r00,prps,1433,-17,-0.133639,-3,0,-3,-0.00785398,-0.45000,prps,1,2679
74891,74.891,1,4004,54004,lowband_largesig_r00,prps,1432,-18,-0.141739,3,0,3,0.00785398,0.45000,prps,1,2683
74911,74.911,1,4004,54004,lowband_largesig_r00,prps,1433,-17,-0.130702,7,0,7,0.01832596,1.05000,prps,1,2687
74931,74.931,1,4004,54004,lowband_largesig_r00,prps,1437,-13,-0.105253,8,0,8,0.02094395,1.20000,prps,1,2691
74951,74.951,1,4004,54004,lowband_largesig_r00,prps,1441,-9,-0.070105,8,0,8,0.02094395,1.20000,prps,1,2695
74971,74.971,1,4004,54004,lowband_largesig_r00,prps,1446,-4,-0.029358,8,0,8,0.02094395,1.20000,prps,1,2699
74991,74.991,1,4004,54004,lowband_largesig_r00,prps,1452,2,0.013768,8,0,8,0.02094395,1.20000,prps,1,2703
75011,75.011,1,4004,54004,lowband_largesig_r00,prps,1457,7,0.056877,7,0,7,0.01832596,1.05000,prps,1,2707
75031,75.031,1,4004,54004,lowband_largesig_r00,prps,1462,12,0.098109,7,0,7,0.01832596,1.05000,prps,1,2711
75051,75.051,1,4004,54004,lowband_largesig_r00,prps,1467,17,0.135754,6,0,6,0.01570796,0.90000,prps,1,2715
75071,75.071,1,4004,54004,lowband_largesig_r00,prps,1471,21,0.167917,3,0,3,0.00785398,0.45000,prps,1,2719
75091,75.091,1,4004,54004,lowband_largesig_r00,prps,1474,24,0.192365,0,0,0,0.00000000,0.00000,prps,1,2723
75111,75.111,1,4004,54004,lowband_largesig_r00,prps,1476,26,0.206641,-2,0,-2,-0.00523599,-0.30000,prps,1,2727
75131,75.131,1,4004,54004,lowband_largesig_r00,prps,1476,26,0.208435,-6,0,-6,-0.01570796,-0.90000,prps,1,2731
75151,75.151,1,4004,54004,lowband_largesig_r00,prps,1475,25,0.196157,-10,0,-10,-0.02617994,-1.50000,prps,1,2735
75171,75.171,1,4004,54004,lowband_largesig_r00,prps,1472,22,0.169566,-12,0,-12,-0.03141592,-1.80000,prps,1,2739
75191,75.191,1,4004,54004,lowband_largesig_r00,prps,1467,17,0.130303,-12,0,-12,-0.03141592,-1.80000,prps,1,2743
75211,75.211,1,4004,54004,lowband_largesig_r00,prps,1460,10,0.082155,-12,0,-12,-0.03141592,-1.80000,prps,1,2747
75231,75.231,1,4004,54004,lowband_largesig_r00,prps,1454,4,0.030926,-11,0,-11,-0.02879793,-1.65000,prps,1,2751
75251,75.251,1,4004,54004,lowband_largesig_r00,prps,1448,-2,-0.016124,-10,0,-10,-0.02617994,-1.50000,prps,1,2755
75271,75.271,1,4004,54004,lowband_largesig_r00,prps,1443,-7,-0.051239,-8,0,-8,-0.02094395,-1.20000,prps,1,2759
75291,75.291,1,4004,54004,lowband_largesig_r00,prps,1441,-9,-0.067404,-5,0,-5,-0.01308997,-0.75000,prps,1,2763
75311,75.311,1,4004,54004,lowband_largesig_r00,prps,1442,-8,-0.059636,-2,0,-2,-0.00523599,-0.30000,prps,1,2767
75331,75.331,1,4004,54004,lowband_largesig_r00,prps,1447,-3,-0.026111,2,0,2,0.00523599,0.30000,prps,1,2771
75351,75.351,1,4004,54004,lowband_largesig_r00,prps,1454,4,0.031119,4,0,4,0.01047198,0.60000,prps,1,2775
75371,75.371,1,4004,54004,lowband_largesig_r00,prps,1463,13,0.105994,4,0,4,0.01047198,0.60000,prps,1,2779
75391,75.391,1,4004,54004,lowband_largesig_r00,prps,1474,24,0.188990,4,0,4,0.01047198,0.60000,prps,1,2783
75411,75.411,1,4004,54004,lowband_largesig_r00,prps,1484,34,0.268297,1,0,1,0.00261799,0.15000,prps,1,2787
75431,75.431,1,4004,54004,lowband_largesig_r00,prps,1492,42,0.331509,-3,0,-3,-0.00785398,-0.45000,prps,1,2791
75451,75.451,1,4004,54004,lowband_largesig_r00,prps,1497,47,0.367542,-9,0,-9,-0.02356194,-1.35000,prps,1,2795
75471,75.471,1,4004,54004,lowband_largesig_r00,prps,1497,47,0.368502,-14,0,-14,-0.03665191,-2.10000,prps,1,2799
75491,75.491,1,4004,54004,lowband_largesig_r00,prps,1492,42,0.331159,-19,0,-19,-0.04974188,-2.85000,prps,1,2803
75511,75.511,1,4004,54004,lowband_largesig_r00,prps,1483,33,0.257754,-23,0,-23,-0.06021386,-3.45000,prps,1,2807
75531,75.531,1,4004,54004,lowband_largesig_r00,prps,1470,20,0.155973,-24,0,-24,-0.06283185,-3.60000,prps,1,2811
75551,75.551,1,4004,54004,lowband_largesig_r00,prps,1455,5,0.038038,-22,0,-22,-0.05759586,-3.30000,prps,1,2815
75571,75.571,1,4004,54004,lowband_largesig_r00,prps,1440,-10,-0.080989,-18,0,-18,-0.04712389,-2.70000,prps,1,2819
75591,75.591,1,4004,54004,lowband_largesig_r00,prps,1426,-24,-0.185420,-12,0,-12,-0.03141592,-1.80000,prps,1,2823
75611,75.611,1,4004,54004,lowband_largesig_r00,prps,1417,-33,-0.261358,-4,0,-4,-0.01047198,-0.60000,prps,1,2827
75631,75.631,1,4004,54004,lowband_largesig_r00,prps,1412,-38,-0.298900,5,0,5,0.01308997,0.75000,prps,1,2831
75651,75.651,1,4004,54004,lowband_largesig_r00,prps,1413,-37,-0.293770,13,0,13,0.03403392,1.95000,prps,1,2835
75671,75.671,1,4004,54004,lowband_largesig_r00,prps,1418,-32,-0.248082,18,0,18,0.04712389,2.70000,prps,1,2839
75691,75.691,1,4004,54004,lowband_largesig_r00,prps,1428,-22,-0.170096,20,0,20,0.05235988,3.00000,prps,1,2843
75711,75.711,1,4004,54004,lowband_largesig_r00,prps,1441,-9,-0.072956,20,0,20,0.05235988,3.00000,prps,1,2847
75731,75.731,1,4004,54004,lowband_largesig_r00,prps,1453,3,0.027380,19,0,19,0.04974188,2.85000,prps,1,2851
75751,75.751,1,4004,54004,lowband_largesig_r00,prps,1465,15,0.114720,14,0,14,0.03665191,2.10000,prps,1,2855
75771,75.771,1,4004,54004,lowband_largesig_r00,prps,1472,22,0.175291,8,0,8,0.02094395,1.20000,prps,1,2859
75791,75.791,1,4004,54004,lowband_largesig_r00,prps,1475,25,0.200038,3,0,3,0.00785398,0.45000,prps,1,2863
75811,75.811,1,4004,54004,lowband_largesig_r00,prps,1474,24,0.186178,-1,0,-1,-0.00261799,-0.15000,prps,1,2867
75831,75.831,1,4004,54004,lowband_largesig_r00,prps,1467,17,0.137735,-6,0,-6,-0.01570796,-0.90000,prps,1,2871
75851,75.851,1,4004,54004,lowband_largesig_r00,prps,1458,8,0.064944,-9,0,-9,-0.02356194,-1.35000,prps,1,2875
75871,75.871,1,4004,54004,lowband_largesig_r00,prps,1448,-2,-0.017383,-9,0,-9,-0.02356194,-1.35000,prps,1,2879
75891,75.891,1,4004,54004,lowband_largesig_r00,prps,1438,-12,-0.092289,-8,0,-8,-0.02094395,-1.20000,prps,1,2883
75911,75.911,1,4004,54004,lowband_largesig_r00,prps,1432,-18,-0.143508,-4,0,-4,-0.01047198,-0.60000,prps,1,2887
75931,75.931,1,4004,54004,lowband_largesig_r00,prps,1430,-20,-0.158238,2,0,2,0.00523599,0.30000,prps,1,2891
75951,75.951,1,4004,54004,lowband_largesig_r00,prps,1434,-16,-0.129396,6,0,6,0.01570796,0.90000,prps,1,2895
75971,75.971,1,4004,54004,lowband_largesig_r00,prps,1443,-7,-0.056982,9,0,9,0.02356194,1.35000,prps,1,2899
75991,75.991,1,4004,54004,lowband_largesig_r00,prps,1457,7,0.051695,10,0,10,0.02617994,1.50000,prps,1,2903
76011,76.011,1,4004,54004,lowband_largesig_r00,prps,1473,23,0.182963,9,0,9,0.02356194,1.35000,prps,1,2907
76031,76.031,1,4004,54004,lowband_largesig_r00,prps,1490,40,0.318776,5,0,5,0.01308997,0.75000,prps,1,2911
76051,76.051,1,4004,54004,lowband_largesig_r00,prps,1506,56,0.439414,0,0,0,0.00000000,0.00000,prps,1,2915
76071,76.071,1,4004,54004,lowband_largesig_r00,prps,1517,67,0.526478,-9,0,-9,-0.02356194,-1.35000,prps,1,2919
76091,76.091,1,4004,54004,lowband_largesig_r00,prps,1522,72,0.565693,-18,0,-18,-0.04712389,-2.70000,prps,1,2923
76111,76.111,1,4004,54004,lowband_largesig_r00,prps,1520,70,0.549064,-27,0,-27,-0.07068583,-4.05000,prps,1,2927
76131,76.131,1,4004,54004,lowband_largesig_r00,prps,1510,60,0.476052,-34,0,-34,-0.08901179,-5.10000,prps,1,2931
76151,76.151,1,4004,54004,lowband_largesig_r00,prps,1495,45,0.353581,-38,0,-38,-0.09948376,-5.70000,prps,1,2935
76171,76.171,1,4004,54004,lowband_largesig_r00,prps,1475,25,0.194896,-38,0,-38,-0.09948376,-5.70000,prps,1,2939
76203,76.203,1,4004,54004,lowband_largesig_r00,prps,1452,2,0.017465,-28,0,-28,-0.07330382,-4.20000,prps,1,2943
76223,76.223,1,4004,54004,lowband_largesig_r00,prps,1430,-20,-0.159723,-20,0,-20,-0.05235988,-3.00000,prps,1,2947
76243,76.243,1,4004,54004,lowband_largesig_r00,prps,1409,-41,-0.319022,-11,0,-11,-0.02879793,-1.65000,prps,1,2951
76263,76.263,1,4004,54004,lowband_largesig_r00,prps,1393,-57,-0.446680,-1,0,-1,-0.00261799,-0.15000,prps,1,2955
76283,76.283,1,4004,54004,lowband_largesig_r00,prps,1382,-68,-0.534690,11,0,11,0.02879793,1.65000,prps,1,2959
76303,76.303,1,4004,54004,lowband_largesig_r00,prps,1376,-74,-0.581651,21,0,21,0.05497787,3.15000,prps,1,2963
76323,76.323,1,4004,54004,lowband_largesig_r00,prps,1375,-75,-0.592528,30,0,30,0.07853982,4.50000,prps,1,2967
76343,76.343,1,4004,54004,lowband_largesig_r00,prps,1377,-73,-0.577394,36,0,36,0.09424778,5.40000,prps,1,2971
76363,76.363,1,4004,54004,lowband_largesig_r00,prps,1380,-70,-0.549392,38,0,38,0.09948376,5.70000,prps,1,2975
76383,76.383,1,4004,54004,lowband_largesig_r00,prps,1384,-66,-0.522283,39,0,39,0.10210176,5.85000,prps,1,2979
76403,76.403,1,4004,54004,lowband_largesig_r00,prps,1385,-65,-0.508003,39,0,39,0.10210176,5.85000,prps,1,2983
76423,76.423,1,4004,54004,lowband_largesig_r00,prps,1385,-65,-0.514650,39,0,39,0.10210176,5.85000,prps,1,2987
76443,76.443,1,4004,54004,lowband_largesig_r00,prps,1381,-69,-0.545214,39,0,39,0.10210176,5.85000,prps,1,2991
76463,76.463,1,4004,54004,lowband_largesig_r00,prps,1374,-76,-0.597248,39,0,39,0.10210176,5.85000,prps,1,2995
76483,76.483,1,4004,54004,lowband_largesig_r00,prps,1366,-84,-0.663508,39,0,39,0.10210176,5.85000,prps,1,2999
76503,76.503,1,4004,54004,lowband_largesig_r00,prps,1357,-93,-0.733405,39,0,39,0.10210176,5.85000,prps,1,3003
76523,76.523,1,4004,54004,lowband_largesig_r00,prps,1349,-101,-0.794998,41,0,41,0.10733775,6.15000,prps,1,3007
76543,76.543,1,4004,54004,lowband_largesig_r00,prps,1344,-106,-0.837172,44,0,44,0.11519173,6.60000,prps,1,3011
76563,76.563,1,4004,54004,lowband_largesig_r00,prps,1342,-108,-0.851587,49,0,49,0.12828170,7.35000,prps,1,3015
76583,76.583,1,4004,54004,lowband_largesig_r00,prps,1344,-106,-0.834104,54,0,54,0.14137166,8.10000,prps,1,3019
76603,76.603,1,4004,54004,lowband_largesig_r00,prps,1350,-100,-0.785412,57,0,57,0.14922565,8.55000,prps,1,3023
76623,76.623,1,4004,54004,lowband_largesig_r00,prps,1360,-90,-0.710804,58,0,58,0.15184364,8.70000,prps,1,3027
76643,76.643,1,4004,54004,lowband_largesig_r00,prps,1371,-79,-0.619147,58,0,58,0.15184364,8.70000,prps,1,3031
76663,76.663,1,4004,54004,lowband_largesig_r00,prps,1384,-66,-0.521266,57,0,57,0.14922565,8.55000,prps,1,3035
76683,76.683,1,4004,54004,lowband_largesig_r00,prps,1396,-54,-0.428033,54,0,54,0.14137166,8.10000,prps,1,3039
76703,76.703,1,4004,54004,lowband_largesig_r00,prps,1406,-44,-0.348523,49,0,49,0.12828170,7.35000,prps,1,3043
76723,76.723,1,4004,54004,lowband_largesig_r00,prps,1413,-37,-0.288559,42,0,42,0.10995574,6.30000,prps,1,3047
76743,76.743,1,4004,54004,lowband_largesig_r00,prps,1418,-32,-0.249891,36,0,36,0.09424778,5.40000,prps,1,3051
76763,76.763,1,4004,54004,lowband_largesig_r00,prps,1421,-29,-0.230145,29,0,29,0.07592182,4.35000,prps,1,3055
76783,76.783,1,4004,54004,lowband_largesig_r00,prps,1422,-28,-0.223519,23,0,23,0.06021386,3.45000,prps,1,3059
76803,76.803,1,4004,54004,lowband_largesig_r00,prps,1422,-28,-0.222084,19,0,19,0.04974188,2.85000,prps,1,3063
76823,76.823,1,4004,54004,lowband_largesig_r00,prps,1422,-28,-0.217440,18,0,18,0.04712389,2.70000,prps,1,3067
76843,76.843,1,4004,54004,lowband_largesig_r00,prps,1424,-26,-0.202389,17,0,17,0.04450589,2.55000,prps,1,3071
76863,76.863,1,4004,54004,lowband_largesig_r00,prps,1428,-22,-0.172350,17,0,17,0.04450589,2.55000,prps,1,3075
76883,76.883,1,4004,54004,lowband_largesig_r00,prps,1434,-16,-0.126223,17,0,17,0.04450589,2.55000,prps,1,3079
76903,76.903,1,4004,54004,lowband_largesig_r00,prps,1442,-8,-0.066575,17,0,17,0.04450589,2.55000,prps,1,3083
76923,76.923,1,4004,54004,lowband_largesig_r00,prps,1450,0,0.000890,17,0,17,0.04450589,2.55000,prps,1,3087
76943,76.943,1,4004,54004,lowband_largesig_r00,prps,1459,9,0.068465,15,0,15,0.03926991,2.25000,prps,1,3091
76963,76.963,1,4004,54004,lowband_largesig_r00,prps,1466,16,0.127964,10,0,10,0.02617994,1.50000,prps,1,3095
76983,76.983,1,4004,54004,lowband_largesig_r00,prps,1472,22,0.172347,6,0,6,0.01570796,0.90000,prps,1,3099
77003,77.003,1,4004,54004,lowband_largesig_r00,prps,1475,25,0.197140,3,0,3,0.00785398,0.45000,prps,1,3103
77023,77.023,1,4004,54004,lowband_largesig_r00,prps,1476,26,0.201395,-1,0,-1,-0.00261799,-0.15000,prps,1,3107
77043,77.043,1,4004,54004,lowband_largesig_r00,prps,1474,24,0.187996,-5,0,-5,-0.01308997,-0.75000,prps,1,3111
77063,77.063,1,4004,54004,lowband_largesig_r00,prps,1471,21,0.163276,-9,0,-9,-0.02356194,-1.35000,prps,1,3115
77083,77.083,1,4004,54004,lowband_largesig_r00,prps,1467,17,0.135979,-11,0,-11,-0.02879793,-1.65000,prps,1,3119
77103,77.103,1,4004,54004,lowband_largesig_r00,prps,1465,15,0.115777,-11,0,-11,-0.02879793,-1.65000,prps,1,3123
77123,77.123,1,4004,54004,lowband_largesig_r00,prps,1464,14,0.111591,-11,0,-11,-0.02879793,-1.65000,prps,1,3127
77143,77.143,1,4004,54004,lowband_largesig_r00,prps,1467,17,0.130012,-10,0,-10,-0.02617994,-1.50000,prps,1,3131
77163,77.163,1,4004,54004,lowband_largesig_r00,prps,1472,22,0.174097,-10,0,-10,-0.02617994,-1.50000,prps,1,3135
77183,77.183,1,4004,54004,lowband_largesig_r00,prps,1481,31,0.242753,-10,0,-10,-0.02617994,-1.50000,prps,1,3139
77203,77.203,1,4004,54004,lowband_largesig_r00,prps,1492,42,0.330807,-10,0,-10,-0.02617994,-1.50000,prps,1,3143
77223,77.223,1,4004,54004,lowband_largesig_r00,prps,1505,55,0.429741,-12,0,-12,-0.03141592,-1.80000,prps,1,3147
77243,77.243,1,4004,54004,lowband_largesig_r00,prps,1517,67,0.528972,-16,0,-16,-0.04188790,-2.40000,prps,1,3151
77263,77.263,1,4004,54004,lowband_largesig_r00,prps,1528,78,0.617442,-21,0,-21,-0.05497787,-3.15000,prps,1,3155
77283,77.283,1,4004,54004,lowband_largesig_r00,prps,1537,87,0.685260,-27,0,-27,-0.07068583,-4.05000,prps,1,3159
77303,77.303,1,4004,54004,lowband_largesig_r00,prps,1542,92,0.725116,-33,0,-33,-0.08639380,-4.95000,prps,1,3163
77323,77.323,1,4004,54004,lowband_largesig_r00,prps,1543,93,0.733254,-40,0,-40,-0.10471976,-6.00000,prps,1,3167
77343,77.343,1,4004,54004,lowband_largesig_r00,prps,1540,90,0.709863,-45,0,-45,-0.11780972,-6.75000,prps,1,3171
77363,77.363,1,4004,54004,lowband_largesig_r00,prps,1534,84,0.658854,-48,0,-48,-0.12566370,-7.20000,prps,1,3175
77383,77.383,1,4004,54004,lowband_largesig_r00,prps,1525,75,0.587093,-48,0,-48,-0.12566370,-7.20000,prps,1,3179
77403,77.403,1,4004,54004,lowband_largesig_r00,prps,1514,64,0.503268,-48,0,-48,-0.12566370,-7.20000,prps,1,3183
77423,77.423,1,4004,54004,lowband_largesig_r00,prps,1503,53,0.416590,-46,0,-46,-0.12042772,-6.90000,prps,1,3187
77443,77.443,1,4004,54004,lowband_largesig_r00,prps,1493,43,0.335565,-44,0,-44,-0.11519173,-6.60000,prps,1,3191
77463,77.463,1,4004,54004,lowband_largesig_r00,prps,1484,34,0.267039,-39,0,-39,-0.10210176,-5.85000,prps,1,3195
77483,77.483,1,4004,54004,lowband_largesig_r00,prps,1477,27,0.215632,-34,0,-34,-0.08901179,-5.10000,prps,1,3199
77503,77.503,1,4004,54004,lowband_largesig_r00,prps,1473,23,0.183622,-29,0,-29,-0.07592182,-4.35000,prps,1,3203
77523,77.523,1,4004,54004,lowband_largesig_r00,prps,1472,22,0.171222,-24,0,-24,-0.06283185,-3.60000,prps,1,3207
77543,77.543,1,4004,54004,lowband_largesig_r00,prps,1472,22,0.177127,-19,0,-19,-0.04974188,-2.85000,prps,1,3211
77563,77.563,1,4004,54004,lowband_largesig_r00,prps,1475,25,0.199166,-17,0,-17,-0.04450589,-2.55000,prps,1,3215
77583,77.583,1,4004,54004,lowband_largesig_r00,prps,1480,30,0.234887,-16,0,-16,-0.04188790,-2.40000,prps,1,3219
77603,77.603,1,4004,54004,lowband_largesig_r00,prps,1486,36,0.281921,-16,0,-16,-0.04188790,-2.40000,prps,1,3223
77623,77.623,1,4004,54004,lowband_largesig_r00,prps,1493,43,0.338065,-16,0,-16,-0.04188790,-2.40000,prps,1,3227
77643,77.643,1,4004,54004,lowband_largesig_r00,prps,1501,51,0.401060,-17,0,-17,-0.04450589,-2.55000,prps,1,3231
77663,77.663,1,4004,54004,lowband_largesig_r00,prps,1509,59,0.468168,-18,0,-18,-0.04712389,-2.70000,prps,1,3235
77683,77.683,1,4004,54004,lowband_largesig_r00,prps,1518,68,0.535684,-22,0,-22,-0.05759586,-3.30000,prps,1,3239
77703,77.703,1,4004,54004,lowband_largesig_r00,prps,1526,76,0.598561,-26,0,-26,-0.06806784,-3.90000,prps,1,3243
77723,77.723,1,4004,54004,lowband_largesig_r00,prps,1533,83,0.650324,-30,0,-30,-0.07853982,-4.50000,prps,1,3247
77743,77.743,1,4004,54004,lowband_largesig_r00,prps,1537,87,0.683374,-34,0,-34,-0.08901179,-5.10000,prps,1,3251
77763,77.763,1,4004,54004,lowband_largesig_r00,prps,1538,88,0.689741,-39,0,-39,-0.10210176,-5.85000,prps,1,3255
77783,77.783,1,4004,54004,lowband_largesig_r00,prps,1534,84,0.662203,-43,0,-43,-0.11257374,-6.45000,prps,1,3259
77803,77.803,1,4004,54004,lowband_largesig_r00,prps,1526,76,0.595631,-45,0,-45,-0.11780972,-6.75000,prps,1,3263
77823,77.823,1,4004,54004,lowband_largesig_r00,prps,1512,62,0.488307,-45,0,-45,-0.11780972,-6.75000,prps,1,3267
77843,77.843,1,4004,54004,lowband_largesig_r00,prps,1494,44,0.342973,-44,0,-44,-0.11519173,-6.60000,prps,1,3271
77863,77.863,1,4004,54004,lowband_largesig_r00,prps,1471,21,0.167350,-42,0,-42,-0.10995574,-6.30000,prps,1,3275
77883,77.883,1,4004,54004,lowband_largesig_r00,prps,1447,-3,-0.026061,-36,0,-36,-0.09424778,-5.40000,prps,1,3279
77903,77.903,1,4004,54004,lowband_largesig_r00,prps,1422,-28,-0.220957,-27,0,-27,-0.07068583,-4.05000,prps,1,3283
77923,77.923,1,4004,54004,lowband_largesig_r00,prps,1399,-51,-0.398935,-14,0,-14,-0.03665191,-2.10000,prps,1,3287
77943,77.943,1,4004,54004,lowband_largesig_r00,prps,1381,-69,-0.541741,0,0,0,0.00000000,0.00000,prps,1,3291
77963,77.963,1,4004,54004,lowband_largesig_r00,prps,1370,-80,-0.633736,15,0,15,0.03926991,2.25000,prps,1,3295
77983,77.983,1,4004,54004,lowband_largesig_r00,prps,1366,-84,-0.664234,27,0,27,0.07068583,4.05000,prps,1,3299
78003,78.003,1,4004,54004,lowband_largesig_r00,prps,1370,-80,-0.629314,38,0,38,0.09948376,5.70000,prps,1,3303
78023,78.023,1,4004,54004,lowband_largesig_r00,prps,1382,-68,-0.532799,44,0,44,0.11519173,6.60000,prps,1,3307
78043,78.043,1,4004,54004,lowband_largesig_r00,prps,1401,-49,-0.386183,46,0,46,0.12042772,6.90000,prps,1,3311
78063,78.063,1,4004,54004,lowband_largesig_r00,prps,1424,-26,-0.207463,44,0,44,0.11519173,6.60000,prps,1,3315
78083,78.083,1,4004,54004,lowband_largesig_r00,prps,1448,-2,-0.018988,38,0,38,0.09948376,5.70000,prps,1,3319
78103,78.103,1,4004,54004,lowband_largesig_r00,prps,1470,20,0.155376,27,0,27,0.07068583,4.05000,prps,1,3323
78123,78.123,1,4004,54004,lowband_largesig_r00,prps,1487,37,0.293394,16,0,16,0.04188790,2.40000,prps,1,3327
78143,78.143,1,4004,54004,lowband_largesig_r00,prps,1498,48,0.377421,4,0,4,0.01047198,0.60000,prps,1,3331
78163,78.163,1,4004,54004,lowband_largesig_r00,prps,1500,50,0.396757,-7,0,-7,-0.01832596,-1.05000,prps,1,3335
78183,78.183,1,4004,54004,lowband_largesig_r00,prps,1494,44,0.349008,-16,0,-16,-0.04188790,-2.40000,prps,1,3339
78203,78.203,1,4004,54004,lowband_largesig_r00,prps,1481,31,0.240262,-22,0,-22,-0.05759586,-3.30000,prps,1,3343
78223,78.223,1,4004,54004,lowband_largesig_r00,prps,1461,11,0.084023,-24,0,-24,-0.06283185,-3.60000,prps,1,3347
78243,78.243,1,4004,54004,lowband_largesig_r00,prps,1437,-13,-0.100913,-22,0,-22,-0.05759586,-3.30000,prps,1,3351
78263,78.263,1,4004,54004,lowband_largesig_r00,prps,1413,-37,-0.293320,-16,0,-16,-0.04188790,-2.40000,prps,1,3355
78283,78.283,1,4004,54004,lowband_largesig_r00,prps,1390,-60,-0.472695,-7,0,-7,-0.01832596,-1.05000,prps,1,3359
78303,78.303,1,4004,54004,lowband_largesig_r00,prps,1371,-79,-0.622201,6,0,6,0.01570796,0.90000,prps,1,3363
78323,78.323,1,4004,54004,lowband_largesig_r00,prps,1357,-93,-0.730938,20,0,20,0.05235988,3.00000,prps,1,3367
78343,78.343,1,4004,54004,lowband_largesig_r00,prps,1349,-101,-0.795208,32,0,32,0.08377580,4.80000,prps,1,3371
78363,78.363,1,4004,54004,lowband_largesig_r00,prps,1346,-104,-0.818576,43,0,43,0.11257374,6.45000,prps,1,3375
78383,78.383,1,4004,54004,lowband_largesig_r00,prps,1347,-103,-0.810739,52,0,52,0.13613568,7.80000,prps,1,3379
78403,78.403,1,4004,54004,lowband_largesig_r00,prps,1350,-100,-0.785426,56,0,56,0.14660765,8.40000,prps,1,3383
78423,78.423,1,4004,54004,lowband_largesig_r00,prps,1354,-96,-0.757675,57,0,57,0.14922565,8.55000,prps,1,3387
78443,78.443,1,4004,54004,lowband_largesig_r00,prps,1356,-94,-0.740972,57,0,57,0.14922565,8.55000,prps,1,3391
78463,78.463,1,4004,54004,lowband_largesig_r00,prps,1355,-95,-0.744711,57,0,57,0.14922565,8.55000,prps,1,3395
78483,78.483,1,4004,54004,lowband_largesig_r00,prps,1352,-98,-0.772417,57,0,57,0.14922565,8.55000,prps,1,3399
78503,78.503,1,4004,54004,lowband_largesig_r00,prps,1346,-104,-0.821027,57,0,57,0.14922565,8.55000,prps,1,3403
78523,78.523,1,4004,54004,lowband_largesig_r00,prps,1338,-112,-0.881320,58,0,58,0.15184364,8.70000,prps,1,3407
78543,78.543,1,4004,54004,lowband_largesig_r00,prps,1331,-119,-0.939442,60,0,60,0.15707964,9.00000,prps,1,3411
78563,78.563,1,4004,54004,lowband_largesig_r00,prps,1326,-124,-0.979250,63,0,63,0.16493360,9.45000,prps,1,3415
78583,78.583,1,4004,54004,lowband_largesig_r00,prps,1325,-125,-0.985072,65,0,65,0.17016960,9.75000,prps,1,3419
78603,78.603,1,4004,54004,lowband_largesig_r00,prps,1330,-120,-0.944436,67,0,67,0.17540560,10.05000,prps,1,3423
78623,78.623,1,4004,54004,lowband_largesig_r00,prps,1342,-108,-0.850290,69,0,69,0.18064158,10.35000,prps,1,3427
78643,78.643,1,4004,54004,lowband_largesig_r00,prps,1361,-89,-0.702369,69,0,69,0.18064158,10.35000,prps,1,3431
78663,78.663,1,4004,54004,lowband_largesig_r00,prps,1386,-64,-0.507465,67,0,67,0.17540560,10.05000,prps,1,3435
78683,78.683,1,4004,54004,lowband_largesig_r00,prps,1415,-35,-0.278587,62,0,62,0.16231562,9.30000,prps,1,3439
78703,78.703,1,4004,54004,lowband_largesig_r00,prps,1446,-4,-0.033139,53,0,53,0.13875367,7.95000,prps,1,3443
78723,78.723,1,4004,54004,lowband_largesig_r00,prps,1477,27,0.209569,40,0,40,0.10471976,6.00000,prps,1,3447
78743,78.743,1,4004,54004,lowband_largesig_r00,prps,1505,55,0.431056,23,0,23,0.06021386,3.45000,prps,1,3451
78763,78.763,1,4004,54004,lowband_largesig_r00,prps,1528,78,0.616225,5,0,5,0.01308997,0.75000,prps,1,3455
78783,78.783,1,4004,54004,lowband_largesig_r00,prps,1546,96,0.755313,-12,0,-12,-0.03141592,-1.80000,prps,1,3459
78803,78.803,1,4004,54004,lowband_largesig_r00,prps,1557,107,0.844950,-28,0,-28,-0.07330382,-4.20000,prps,1,3463
78823,78.823,1,4004,54004,lowband_largesig_r00,prps,1563,113,0.888176,-44,0,-44,-0.11519173,-6.60000,prps,1,3467
78843,78.843,1,4004,54004,lowband_largesig_r00,prps,1563,113,0.893469,-55,0,-55,-0.14398966,-8.25000,prps,1,3471
78863,78.863,1,4004,54004,lowband_largesig_r00,prps,1561,111,0.872952,-62,0,-62,-0.16231562,-9.30000,prps,1,3475
78883,78.883,1,4004,54004,lowband_largesig_r00,prps,1557,107,0.840138,-65,0,-65,-0.17016960,-9.75000,prps,1,3479
78903,78.903,1,4004,54004,lowband_largesig_r00,prps,1553,103,0.807584,-64,0,-64,-0.16755160,-9.60000,prps,1,3483
78923,78.923,1,4004,54004,lowband_largesig_r00,prps,1550,100,0.784864,-63,0,-63,-0.16493360,-9.45000,prps,1,3487
78943,78.943,1,4004,54004,lowband_largesig_r00,prps,1549,99,0.777176,-62,0,-62,-0.16231562,-9.30000,prps,1,3491
78963,78.963,1,4004,54004,lowband_largesig_r00,prps,1550,100,0.784802,-61,0,-61,-0.15969762,-9.15000,prps,1,3495
78983,78.983,1,4004,54004,lowband_largesig_r00,prps,1552,102,0.803459,-59,0,-59,-0.15446164,-8.85000,prps,1,3499
79003,79.003,1,4004,54004,lowband_largesig_r00,prps,1555,105,0.825454,-59,0,-59,-0.15446164,-8.85000,prps,1,3503
79023,79.023,1,4004,54004,lowband_largesig_r00,prps,1557,107,0.841383,-59,0,-59,-0.15446164,-8.85000,prps,1,3507
79043,79.043,1,4004,54004,lowband_largesig_r00,prps,1557,107,0.842075,-59,0,-59,-0.15446164,-8.85000,prps,1,3511
79063,79.063,1,4004,54004,lowband_largesig_r00,prps,1554,104,0.820404,-59,0,-59,-0.15446164,-8.85000,prps,1,3515
79083,79.083,1,4004,54004,lowband_largesig_r00,prps,1548,98,0.772660,-59,0,-59,-0.15446164,-8.85000,prps,1,3519
79103,79.103,1,4004,54004,lowband_largesig_r00,prps,1539,89,0.699255,-59,0,-59,-0.15446164,-8.85000,prps,1,3523
79123,79.123,1,4004,54004,lowband_largesig_r00,prps,1527,77,0.604654,-57,0,-57,-0.14922565,-8.55000,prps,1,3527
79143,79.143,1,4004,54004,lowband_largesig_r00,prps,1513,63,0.496575,-54,0,-54,-0.14137166,-8.10000,prps,1,3531
79163,79.163,1,4004,54004,lowband_largesig_r00,prps,1499,49,0.384628,-50,0,-50,-0.13089970,-7.50000,prps,1,3535
79183,79.183,1,4004,54004,lowband_largesig_r00,prps,1485,35,0.278661,-45,0,-45,-0.11780972,-6.75000,prps,1,3539
79203,79.203,1,4004,54004,lowband_largesig_r00,prps,1474,24,0.187116,-39,0,-39,-0.10210176,-5.85000,prps,1,3543
79223,79.223,1,4004,54004,lowband_largesig_r00,prps,1465,15,0.115691,-32,0,-32,-0.08377580,-4.80000,prps,1,3547
79243,79.243,1,4004,54004,lowband_largesig_r00,prps,1458,8,0.066556,-24,0,-24,-0.06283185,-3.60000,prps,1,3551
79263,79.263,1,4004,54004,lowband_largesig_r00,prps,1455,5,0.038213,-17,0,-17,-0.04450589,-2.55000,prps,1,3555
79283,79.283,1,4004,54004,lowband_largesig_r00,prps,1453,3,0.026040,-12,0,-12,-0.03141592,-1.80000,prps,1,3559
79303,79.303,1,4004,54004,lowband_largesig_r00,prps,1453,3,0.023360,-7,0,-7,-0.01832596,-1.05000,prps,1,3563
79323,79.323,1,4004,54004,lowband_largesig_r00,prps,1453,3,0.022838,-5,0,-5,-0.01308997,-0.75000,prps,1,3567
79343,79.343,1,4004,54004,lowband_largesig_r00,prps,1452,2,0.017930,-4,0,-4,-0.01047198,-0.60000,prps,1,3571
79363,79.363,1,4004,54004,lowband_largesig_r00,prps,1451,1,0.004105,-2,0,-2,-0.00523599,-0.30000,prps,1,3575
79383,79.383,1,4004,54004,lowband_largesig_r00,prps,1447,-3,-0.020382,-1,0,-1,-0.00261799,-0.15000,prps,1,3579
79403,79.403,1,4004,54004,lowband_largesig_r00,prps,1443,-7,-0.054287,-1,0,-1,-0.00261799,-0.15000,prps,1,3583
79423,79.423,1,4004,54004,lowband_largesig_r00,prps,1438,-12,-0.093788,1,0,1,0.00261799,0.15000,prps,1,3587
79443,79.443,1,4004,54004,lowband_largesig_r00,prps,1433,-17,-0.133394,3,0,3,0.00785398,0.45000,prps,1,3591
79463,79.463,1,4004,54004,lowband_largesig_r00,prps,1429,-21,-0.167174,5,0,5,0.01308997,0.75000,prps,1,3595
79483,79.483,1,4004,54004,lowband_largesig_r00,prps,1426,-24,-0.190061,6,0,6,0.01570796,0.90000,prps,1,3599
79503,79.503,1,4004,54004,lowband_largesig_r00,prps,1425,-25,-0.198970,8,0,8,0.02094395,1.20000,prps,1,3603
79523,79.523,1,4004,54004,lowband_largesig_r00,prps,1425,-25,-0.193512,10,0,10,0.02617994,1.50000,prps,1,3607
79543,79.543,1,4004,54004,lowband_largesig_r00,prps,1428,-22,-0.176178,12,0,12,0.03141592,1.80000,prps,1,3611
79563,79.563,1,4004,54004,lowband_largesig_r00,prps,1431,-19,-0.151929,13,0,13,0.03403392,1.95000,prps,1,3615
79583,79.583,1,4004,54004,lowband_largesig_r00,prps,1434,-16,-0.127310,13,0,13,0.03403392,1.95000,prps,1,3619
79603,79.603,1,4004,54004,lowband_largesig_r00,prps,1436,-14,-0.109222,13,0,13,0.03403392,1.95000,prps,1,3623
79623,79.623,1,4004,54004,lowband_largesig_r00,prps,1437,-13,-0.103602,13,0,13,0.03403392,1.95000,prps,1,3627
79643,79.643,1,4004,54004,lowband_largesig_r00,prps,1435,-15,-0.114261,13,0,13,0.03403392,1.95000,prps,1,3631
79663,79.663,1,4004,54004,lowband_largesig_r00,prps,1432,-18,-0.142102,13,0,13,0.03403392,1.95000,prps,1,3635
79683,79.683,1,4004,54004,lowband_largesig_r00,prps,1427,-23,-0.184854,13,0,13,0.03403392,1.95000,prps,1,3639
79703,79.703,1,4004,54004,lowband_largesig_r00,prps,1420,-30,-0.237401,13,0,13,0.03403392,1.95000,prps,1,3643
79723,79.723,1,4004,54004,lowband_largesig_r00,prps,1413,-37,-0.292612,14,0,14,0.03665191,2.10000,prps,1,3647
79743,79.743,1,4004,54004,lowband_largesig_r00,prps,1406,-44,-0.342558,15,0,15,0.03926991,2.25000,prps,1,3651
79763,79.763,1,4004,54004,lowband_largesig_r00,prps,1402,-48,-0.379857,17,0,17,0.04450589,2.55000,prps,1,3655
79783,79.783,1,4004,54004,lowband_largesig_r00,prps,1399,-51,-0.398931,19,0,19,0.04974188,2.85000,prps,1,3659
79803,79.803,1,4004,54004,lowband_largesig_r00,prps,1400,-50,-0.396931,21,0,21,0.05497787,3.15000,prps,1,3663
79823,79.823,1,4004,54004,lowband_largesig_r00,prps,1402,-48,-0.374164,22,0,22,0.05759586,3.30000,prps,1,3667
79843,79.843,1,4004,54004,lowband_largesig_r00,prps,1408,-42,-0.333967,23,0,23,0.06021386,3.45000,prps,1,3671
79863,79.863,1,4004,54004,lowband_largesig_r00,prps,1414,-36,-0.282047,23,0,23,0.06021386,3.45000,prps,1,3675
79883,79.883,1,4004,54004,lowband_largesig_r00,prps,1421,-29,-0.225425,23,0,23,0.06021386,3.45000,prps,1,3679
79903,79.903,1,4004,54004,lowband_largesig_r00,prps,1428,-22,-0.171198,23,0,23,0.06021386,3.45000,prps,1,3683
79923,79.923,1,4004,54004,lowband_largesig_r00,prps,1434,-16,-0.125331,22,0,22,0.05759586,3.30000,prps,1,3687
79943,79.943,1,4004,54004,lowband_largesig_r00,prps,1438,-12,-0.091738,20,0,20,0.05235988,3.00000,prps,1,3691
79963,79.963,1,4004,54004,lowband_largesig_r00,prps,1441,-9,-0.071788,17,0,17,0.04450589,2.55000,prps,1,3695
79983,79.983,1,4004,54004,lowband_largesig_r00,prps,1442,-8,-0.064338,14,0,14,0.03665191,2.10000,prps,1,3699
80003,80.003,1,4004,54004,lowband_largesig_r00,prps,1442,-8,-0.066251,11,0,11,0.02879793,1.65000,prps,1,3703
80023,80.023,1,4004,54004,lowband_largesig_r00,prps,1441,-9,-0.073307,9,0,9,0.02356194,1.35000,prps,1,3707
80043,80.043,1,4004,54004,lowband_largesig_r00,prps,1440,-10,-0.081274,8,0,8,0.02094395,1.20000,prps,1,3711
80063,80.063,1,4004,54004,lowband_largesig_r00,prps,1439,-11,-0.086943,8,0,8,0.02094395,1.20000,prps,1,3715
80083,80.083,1,4004,54004,lowband_largesig_r00,prps,1439,-11,-0.088887,8,0,8,0.02094395,1.20000,prps,1,3719
80103,80.103,1,4004,54004,lowband_largesig_r00,prps,1439,-11,-0.087791,9,0,9,0.02356194,1.35000,prps,1,3723
80123,80.123,1,4004,54004,lowband_largesig_r00,prps,1439,-11,-0.086262,9,0,9,0.02356194,1.35000,prps,1,3727
80143,80.143,1,4004,54004,lowband_largesig_r00,prps,1439,-11,-0.088167,9,0,9,0.02356194,1.35000,prps,1,3731
80163,80.163,1,4004,54004,lowband_largesig_r00,prps,1438,-12,-0.097616,9,0,9,0.02356194,1.35000,prps,1,3735
80183,80.183,1,4004,54004,lowband_largesig_r00,prps,1435,-15,-0.117810,9,0,9,0.02356194,1.35000,prps,1,3739
80203,80.203,1,4004,54004,lowband_largesig_r00,prps,1431,-19,-0.149995,9,0,9,0.02356194,1.35000,prps,1,3743
80223,80.223,1,4004,54004,lowband_largesig_r00,prps,1426,-24,-0.192768,9,0,9,0.02356194,1.35000,prps,1,3747
80243,80.243,1,4004,54004,lowband_largesig_r00,prps,1419,-31,-0.241910,10,0,10,0.02617994,1.50000,prps,1,3751
80263,80.263,1,4004,54004,lowband_largesig_r00,prps,1413,-37,-0.290825,11,0,11,0.02879793,1.65000,prps,1,3755
80283,80.283,1,4004,54004,lowband_largesig_r00,prps,1408,-42,-0.331554,13,0,13,0.03403392,1.95000,prps,1,3759
80303,80.303,1,4004,54004,lowband_largesig_r00,prps,1405,-45,-0.356203,15,0,15,0.03926991,2.25000,prps,1,3763
80323,80.323,1,4004,54004,lowband_largesig_r00,prps,1404,-46,-0.358532,18,0,18,0.04712389,2.70000,prps,1,3767
80343,80.343,1,4004,54004,lowband_largesig_r00,prps,1407,-43,-0.335414,20,0,20,0.05235988,3.00000,prps,1,3771
80363,80.363,1,4004,54004,lowband_largesig_r00,prps,1413,-37,-0.287852,21,0,21,0.05497787,3.15000,prps,1,3775
80383,80.383,1,4004,54004,lowband_largesig_r00,prps,1422,-28,-0.221326,21,0,21,0.05497787,3.15000,prps,1,3779
80403,80.403,1,4004,54004,lowband_largesig_r00,prps,1432,-18,-0.145346,21,0,21,0.05497787,3.15000,prps,1,3783
80423,80.423,1,4004,54004,lowband_largesig_r00,prps,1441,-9,-0.072204,20,0,20,0.05235988,3.00000,prps,1,3787
80443,80.443,1,4004,54004,lowband_largesig_r00,prps,1448,-2,-0.015115,18,0,18,0.04712389,2.70000,prps,1,3791
80463,80.463,1,4004,54004,lowband_largesig_r00,prps,1452,2,0.014007,15,0,15,0.03926991,2.25000,prps,1,3795
80483,80.483,1,4004,54004,lowband_largesig_r00,prps,1451,1,0.006735,11,0,11,0.02879793,1.65000,prps,1,3799
80503,80.503,1,4004,54004,lowband_largesig_r00,prps,1445,-5,-0.040086,8,0,8,0.02094395,1.20000,prps,1,3803
80523,80.523,1,4004,54004,lowband_largesig_r00,prps,1434,-16,-0.123305,7,0,7,0.01832596,1.05000,prps,1,3807
80543,80.543,1,4004,54004,lowband_largesig_r00,prps,1420,-30,-0.233419,7,0,7,0.01832596,1.05000,prps,1,3811
80563,80.563,1,4004,54004,lowband_largesig_r00,prps,1405,-45,-0.355579,8,0,8,0.02094395,1.20000,prps,1,3815
80583,80.583,1,4004,54004,lowband_largesig_r00,prps,1390,-60,-0.471562,11,0,11,0.02879793,1.65000,prps,1,3819
80603,80.603,1,4004,54004,lowband_largesig_r00,prps,1379,-71,-0.562431,17,0,17,0.04450589,2.55000,prps,1,3823
80623,80.623,1,4004,54004,lowband_largesig_r00,prps,1372,-78,-0.611493,23,0,23,0.06021386,3.45000,prps,1,3827
80643,80.643,1,4004,54004,lowband_largesig_r00,prps,1373,-77,-0.607082,28,0,28,0.07330382,4.20000,prps,1,3831
80663,80.663,1,4004,54004,lowband_largesig_r00,prps,1381,-69,-0.544709,34,0,34,0.08901179,5.10000,prps,1,3835
80683,80.683,1,4004,54004,lowband_largesig_r00,prps,1396,-54,-0.428211,37,0,37,0.09686577,5.55000,prps,1,3839
80703,80.703,1,4004,54004,lowband_largesig_r00,prps,1416,-34,-0.269656,38,0,38,0.09948376,5.70000,prps,1,3843
80723,80.723,1,4004,54004,lowband_largesig_r00,prps,1439,-11,-0.087981,36,0,36,0.09424778,5.40000,prps,1,3847
80743,80.743,1,4004,54004,lowband_largesig_r00,prps,1462,12,0.093477,29,0,29,0.07592182,4.35000,prps,1,3851
80763,80.763,1,4004,54004,lowband_largesig_r00,prps,1482,32,0.250210,19,0,19,0.04974188,2.85000,prps,1,3855
80783,80.783,1,4004,54004,lowband_largesig_r00,prps,1496,46,0.360059,7,0,7,0.01832596,1.05000,prps,1,3859
80803,80.803,1,4004,54004,lowband_largesig_r00,prps,1502,52,0.406479,-2,0,-2,-0.00523599,-0.30000,prps,1,3863
80823,80.823,1,4004,54004,lowband_largesig_r00,prps,1498,48,0.381064,-12,0,-12,-0.03141592,-1.80000,prps,1,3867
80843,80.843,1,4004,54004,lowband_largesig_r00,prps,1486,36,0.284928,-20,0,-20,-0.05235988,-3.00000,prps,1,3871
80863,80.863,1,4004,54004,lowband_largesig_r00,prps,1466,16,0.128726,-24,0,-24,-0.06283185,-3.60000,prps,1,3875
80883,80.883,1,4004,54004,lowband_largesig_r00,prps,1441,-9,-0.068695,-23,0,-23,-0.06021386,-3.45000,prps,1,3879
80903,80.903,1,4004,54004,lowband_largesig_r00,prps,1414,-36,-0.282824,-17,0,-17,-0.04450589,-2.55000,prps,1,3883
80923,80.923,1,4004,54004,lowband_largesig_r00,prps,1388,-62,-0.486799,-8,0,-8,-0.02094395,-1.20000,prps,1,3887
80943,80.943,1,4004,54004,lowband_largesig_r00,prps,1367,-83,-0.655035,5,0,5,0.01308997,0.75000,prps,1,3891
80963,80.963,1,4004,54004,lowband_largesig_r00,prps,1353,-97,-0.766589,20,0,20,0.05235988,3.00000,prps,1,3895
80983,80.983,1,4004,54004,lowband_largesig_r00,prps,1347,-103,-0.807814,33,0,33,0.08639380,4.95000,prps,1,3899
81003,81.003,1,4004,54004,lowband_largesig_r00,prps,1352,-98,-0.773892,44,0,44,0.11519173,6.60000,prps,1,3903
81023,81.023,1,4004,54004,lowband_largesig_r00,prps,1365,-85,-0.669083,54,0,54,0.14137166,8.10000,prps,1,3907
81043,81.043,1,4004,54004,lowband_largesig_r00,prps,1386,-64,-0.505681,55,0,55,0.14398966,8.25000,prps,1,3911
81063,81.063,1,4004,54004,lowband_largesig_r00,prps,1412,-38,-0.301892,54,0,54,0.14137166,8.10000,prps,1,3915
81083,81.083,1,4004,54004,lowband_largesig_r00,prps,1440,-10,-0.079011,47,0,47,0.12304571,7.05000,prps,1,3919
81103,81.103,1,4004,54004,lowband_largesig_r00,prps,1468,18,0.141660,37,0,37,0.09686577,5.55000,prps,1,3923
81123,81.123,1,4004,54004,lowband_largesig_r00,prps,1493,43,0.341646,23,0,23,0.06021386,3.45000,prps,1,3927
81143,81.143,1,4004,54004,lowband_largesig_r00,prps,1514,64,0.507492,8,0,8,0.02094395,1.20000,prps,1,3931
81163,81.163,1,4004,54004,lowband_largesig_r00,prps,1530,80,0.631994,-6,0,-6,-0.01570796,-0.90000,prps,1,3935
81183,81.183,1,4004,54004,lowband_largesig_r00,prps,1541,91,0.714362,-20,0,-20,-0.05235988,-3.00000,prps,1,3939
81203,81.203,1,4004,54004,lowband_largesig_r00,prps,1546,96,0.759366,-33,0,-33,-0.08639380,-4.95000,prps,1,3943
81223,81.223,1,4004,54004,lowband_largesig_r00,prps,1549,99,0.775673,-45,0,-45,-0.11780972,-6.75000,prps,1,3947
81243,81.243,1,4004,54004,lowband_largesig_r00,prps,1548,98,0.773738,-51,0,-51,-0.13351768,-7.65000,prps,1,3951
81263,81.263,1,4004,54004,lowband_largesig_r00,prps,1547,97,0.763620,-54,0,-54,-0.14137166,-8.10000,prps,1,3955
81283,81.283,1,4004,54004,lowband_largesig_r00,prps,1546,96,0.753133,-55,0,-55,-0.14398966,-8.25000,prps,1,3959
81303,81.303,1,4004,54004,lowband_largesig_r00,prps,1545,95,0.746615,-55,0,-55,-0.14398966,-8.25000,prps,1,3963
81323,81.323,1,4004,54004,lowband_largesig_r00,prps,1545,95,0.744498,-55,0,-55,-0.14398966,-8.25000,prps,1,3967
81343,81.343,1,4004,54004,lowband_largesig_r00,prps,1544,94,0.743709,-55,0,-55,-0.14398966,-8.25000,prps,1,3971
81363,81.363,1,4004,54004,lowband_largesig_r00,prps,1544,94,0.738761,-55,0,-55,-0.14398966,-8.25000,prps,1,3975
81383,81.383,1,4004,54004,lowband_largesig_r00,prps,1542,92,0.723300,-55,0,-55,-0.14398966,-8.25000,prps,1,3979
81403,81.403,1,4004,54004,lowband_largesig_r00,prps,1538,88,0.691775,-55,0,-55,-0.14398966,-8.25000,prps,1,3983
81423,81.423,1,4004,54004,lowband_largesig_r00,prps,1531,81,0.640913,-54,0,-54,-0.14137166,-8.10000,prps,1,3987
81443,81.443,1,4004,54004,lowband_largesig_r00,prps,1522,72,0.570699,-53,0,-53,-0.13875367,-7.95000,prps,1,3991
81463,81.463,1,4004,54004,lowband_largesig_r00,prps,1512,62,0.484703,-51,0,-51,-0.13351768,-7.65000,prps,1,3995
81483,81.483,1,4004,54004,lowband_largesig_r00,prps,1499,49,0.389687,-48,0,-48,-0.12566370,-7.20000,prps,1,3999
81503,81.503,1,4004,54004,lowband_largesig_r00,prps,1487,37,0.294568,-43,0,-43,-0.11257374,-6.45000,prps,1,4003
81523,81.523,1,4004,54004,lowband_largesig_r00,prps,1477,27,0.208958,-38,0,-38,-0.09948376,-5.70000,prps,1,4007
81543,81.543,1,4004,54004,lowband_largesig_r00,prps,1468,18,0.141543,-31,0,-31,-0.08115781,-4.65000,prps,1,4011
81563,81.563,1,4004,54004,lowband_largesig_r00,prps,1463,13,0.098596,-25,0,-25,-0.06544985,-3.75000,prps,1,4015
81583,81.583,1,4004,54004,lowband_largesig_r00,prps,1461,11,0.082916,-19,0,-19,-0.04974188,-2.85000,prps,1,4019
81603,81.603,1,4004,54004,lowband_largesig_r00,prps,1462,12,0.093362,-14,0,-14,-0.03665191,-2.10000,prps,1,4023
81623,81.623,1,4004,54004,lowband_largesig_r00,prps,1466,16,0.125066,-11,0,-11,-0.02879793,-1.65000,prps,1,4027
81643,81.643,1,4004,54004,lowband_largesig_r00,prps,1472,22,0.170284,-10,0,-10,-0.02617994,-1.50000,prps,1,4031
81663,81.663,1,4004,54004,lowband_largesig_r00,prps,1478,28,0.219708,-10,0,-10,-0.02617994,-1.50000,prps,1,4035
81683,81.683,1,4004,54004,lowband_largesig_r00,prps,1484,34,0.264018,-10,0,-10,-0.02617994,-1.50000,prps,1,4039
81703,81.703,1,4004,54004,lowband_largesig_r00,prps,1488,38,0.295375,-10,0,-10,-0.02617994,-1.50000,prps,1,4043
81723,81.723,1,4004,54004,lowband_largesig_r00,prps,1489,39,0.308607,-10,0,-10,-0.02617994,-1.50000,prps,1,4047
81743,81.743,1,4004,54004,lowband_largesig_r00,prps,1488,38,0.301887,-13,0,-13,-0.03403392,-1.95000,prps,1,4051
81763,81.763,1,4004,54004,lowband_largesig_r00,prps,1485,35,0.276797,-16,0,-16,-0.04188790,-2.40000,prps,1,4055
81783,81.783,1,4004,54004,lowband_largesig_r00,prps,1480,30,0.237805,-18,0,-18,-0.04712389,-2.70000,prps,1,4059
81803,81.803,1,4004,54004,lowband_largesig_r00,prps,1474,24,0.191258,-18,0,-18,-0.04712389,-2.70000,prps,1,4063
81823,81.823,1,4004,54004,lowband_largesig_r00,prps,1468,18,0.144119,-18,0,-18,-0.04712389,-2.70000,prps,1,4067
81843,81.843,1,4004,54004,lowband_largesig_r00,prps,1463,13,0.102672,-18,0,-18,-0.04712389,-2.70000,prps,1,4071
81863,81.863,1,4004,54004,lowband_largesig_r00,prps,1459,9,0.071458,-17,0,-17,-0.04450589,-2.55000,prps,1,4075
81883,81.883,1,4004,54004,lowband_largesig_r00,prps,1457,7,0.052616,-14,0,-14,-0.03665191,-2.10000,prps,1,4079
81903,81.903,1,4004,54004,lowband_largesig_r00,prps,1456,6,0.045744,-12,0,-12,-0.03141592,-1.80000,prps,1,4083
81923,81.923,1,4004,54004,lowband_largesig_r00,prps,1456,6,0.048284,-9,0,-9,-0.02356194,-1.35000,prps,1,4087
81943,81.943,1,4004,54004,lowband_largesig_r00,prps,1457,7,0.056322,-8,0,-8,-0.02094395,-1.20000,prps,1,4091
81963,81.963,1,4004,54004,lowband_largesig_r00,prps,1458,8,0.065629,-7,0,-7,-0.01832596,-1.05000,prps,1,4095
81983,81.983,1,4004,54004,lowband_largesig_r00,prps,1459,9,0.072719,-6,0,-6,-0.01570796,-0.90000,prps,1,4099
82003,82.003,1,4004,54004,lowband_largesig_r00,prps,1460,10,0.075698,-5,0,-5,-0.01308997,-0.75000,prps,1,4103
82023,82.023,1,4004,54004,lowband_largesig_r00,prps,1459,9,0.074726,-5,0,-5,-0.01308997,-0.75000,prps,1,4107
82043,82.043,1,4004,54004,lowband_largesig_r00,prps,1459,9,0.071996,-5,0,-5,-0.01308997,-0.75000,prps,1,4111
82063,82.063,1,4004,54004,lowband_largesig_r00,prps,1459,9,0.071226,-5,0,-5,-0.01308997,-0.75000,prps,1,4115
82083,82.083,1,4004,54004,lowband_largesig_r00,prps,1460,10,0.076770,-5,0,-5,-0.01308997,-0.75000,prps,1,4119
82103,82.103,1,4004,54004,lowband_largesig_r00,prps,1462,12,0.092519,-5,0,-5,-0.01308997,-0.75000,prps,1,4123
82123,82.123,1,4004,54004,lowband_largesig_r00,prps,1465,15,0.120828,-5,0,-5,-0.01308997,-0.75000,prps,1,4127
82143,82.143,1,4004,54004,lowband_largesig_r00,prps,1471,21,0.161688,-5,0,-5,-0.01308997,-0.75000,prps,1,4131
82163,82.163,1,4004,54004,lowband_largesig_r00,prps,1477,27,0.212330,-5,0,-5,-0.01308997,-0.75000,prps,1,4135
82183,82.183,1,4004,54004,lowband_largesig_r00,prps,1484,34,0.267358,-7,0,-7,-0.01832596,-1.05000,prps,1,4139
82203,82.203,1,4004,54004,lowband_largesig_r00,prps,1491,41,0.319419,-11,0,-11,-0.02879793,-1.65000,prps,1,4143
82223,82.223,1,4004,54004,lowband_largesig_r00,prps,1496,46,0.360306,-14,0,-14,-0.03665191,-2.10000,prps,1,4147
82243,82.243,1,4004,54004,lowband_largesig_r00,prps,1499,49,0.382296,-17,0,-17,-0.04450589,-2.55000,prps,1,4151
82263,82.263,1,4004,54004,lowband_largesig_r00,prps,1498,48,0.379494,-21,0,-21,-0.05497787,-3.15000,prps,1,4155
82283,82.283,1,4004,54004,lowband_largesig_r00,prps,1494,44,0.348920,-24,0,-24,-0.06283185,-3.60000,prps,1,4159
82303,82.303,1,4004,54004,lowband_largesig_r00,prps,1487,37,0.291143,-25,0,-25,-0.06544985,-3.75000,prps,1,4163
82323,82.323,1,4004,54004,lowband_largesig_r00,prps,1477,27,0.210324,-24,0,-24,-0.06283185,-3.60000,prps,1,4167
82343,82.343,1,4004,54004,lowband_largesig_r00,prps,1464,14,0.113647,-23,0,-23,-0.06021386,-3.45000,prps,1,4171
82363,82.363,1,4004,54004,lowband_largesig_r00,prps,1451,1,0.010232,-21,0,-21,-0.05497787,-3.15000,prps,1,4175
82383,82.383,1,4004,54004,lowband_largesig_r00,prps,1439,-11,-0.090288,-17,0,-17,-0.04450589,-2.55000,prps,1,4179
82403,82.403,1,4004,54004,lowband_largesig_r00,prps,1427,-23,-0.179273,-11,0,-11,-0.02879793,-1.65000,prps,1,4183
82423,82.423,1,4004,54004,lowband_largesig_r00,prps,1418,-32,-0.250392,-4,0,-4,-0.01047198,-0.60000,prps,1,4187
82443,82.443,1,4004,54004,lowband_largesig_r00,prps,1412,-38,-0.300512,4,0,4,0.01047198,0.60000,prps,1,4191
82463,82.463,1,4004,54004,lowband_largesig_r00,prps,1408,-42,-0.330004,11,0,11,0.02879793,1.65000,prps,1,4195
82483,82.483,1,4004,54004,lowband_largesig_r00,prps,1407,-43,-0.342398,17,0,17,0.04450589,2.55000,prps,1,4199
82503,82.503,1,4004,54004,lowband_largesig_r00,prps,1406,-44,-0.343472,21,0,21,0.05497787,3.15000,prps,1,4203
82523,82.523,1,4004,54004,lowband_largesig_r00,prps,1407,-43,-0.339931,22,0,22,0.05759586,3.30000,prps,1,4207
82543,82.543,1,4004,54004,lowband_largesig_r00,prps,1407,-43,-0.337945,22,0,22,0.05759586,3.30000,prps,1,4211
82563,82.563,1,4004,54004,lowband_largesig_r00,prps,1407,-43,-0.341817,22,0,22,0.05759586,3.30000,prps,1,4215
82583,82.583,1,4004,54004,lowband_largesig_r00,prps,1405,-45,-0.353053,22,0,22,0.05759586,3.30000,prps,1,4219
82603,82.603,1,4004,54004,lowband_largesig_r00,prps,1403,-47,-0.370021,22,0,22,0.05759586,3.30000,prps,1,4223
82623,82.623,1,4004,54004,lowband_largesig_r00,prps,1401,-49,-0.388274,22,0,22,0.05759586,3.30000,prps,1,4227
82643,82.643,1,4004,54004,lowband_largesig_r00,prps,1399,-51,-0.401503,22,0,22,0.05759586,3.30000,prps,1,4231
82663,82.663,1,4004,54004,lowband_largesig_r00,prps,1399,-51,-0.402936,23,0,23,0.06021386,3.45000,prps,1,4235
82683,82.683,1,4004,54004,lowband_largesig_r00,prps,1401,-49,-0.386935,23,0,23,0.06021386,3.45000,prps,1,4239
82703,82.703,1,4004,54004,lowband_largesig_r00,prps,1405,-45,-0.350468,23,0,23,0.06021386,3.45000,prps,1,4243
82723,82.723,1,4004,54004,lowband_largesig_r00,prps,1413,-37,-0.294164,24,0,24,0.06283185,3.60000,prps,1,4247
82743,82.743,1,4004,54004,lowband_largesig_r00,prps,1422,-28,-0.222722,24,0,24,0.06283185,3.60000,prps,1,4251
82763,82.763,1,4004,54004,lowband_largesig_r00,prps,1432,-18,-0.144551,23,0,23,0.06021386,3.45000,prps,1,4255
82783,82.783,1,4004,54004,lowband_largesig_r00,prps,1441,-9,-0.070656,21,0,21,0.05497787,3.15000,prps,1,4259
82803,82.803,1,4004,54004,lowband_largesig_r00,prps,1448,-2,-0.012944,18,0,18,0.04712389,2.70000,prps,1,4263
82823,82.823,1,4004,54004,lowband_largesig_r00,prps,1452,2,0.017781,14,0,14,0.03665191,2.10000,prps,1,4267
82843,82.843,1,4004,54004,lowband_largesig_r00,prps,1452,2,0.013785,10,0,10,0.02617994,1.50000,prps,1,4271
82863,82.863,1,4004,54004,lowband_largesig_r00,prps,1446,-4,-0.028034,8,0,8,0.02094395,1.20000,prps,1,4275
82883,82.883,1,4004,54004,lowband_largesig_r00,prps,1437,-13,-0.105277,6,0,6,0.01570796,0.90000,prps,1,4279
82903,82.903,1,4004,54004,lowband_largesig_r00,prps,1423,-27,-0.210080,7,0,7,0.01832596,1.05000,prps,1,4283
82923,82.923,1,4004,54004,lowband_largesig_r00,prps,1408,-42,-0.330078,7,0,7,0.01832596,1.05000,prps,1,4287
82943,82.943,1,4004,54004,lowband_largesig_r00,prps,1393,-57,-0.450183,10,0,10,0.02617994,1.50000,prps,1,4291
82963,82.963,1,4004,54004,lowband_largesig_r00,prps,1380,-70,-0.554905,15,0,15,0.03926991,2.25000,prps,1,4295
82983,82.983,1,4004,54004,lowband_largesig_r00,prps,1370,-80,-0.630839,22,0,22,0.05759586,3.30000,prps,1,4299
83003,83.003,1,4004,54004,lowband_largesig_r00,prps,1365,-85,-0.668898,28,0,28,0.07330382,4.20000,prps,1,4303
83023,83.023,1,4004,54004,lowband_largesig_r00,prps,1365,-85,-0.665899,35,0,35,0.09162979,5.25000,prps,1,4307
83043,83.043,1,4004,54004,lowband_largesig_r00,prps,1371,-79,-0.625215,40,0,40,0.10471976,6.00000,prps,1,4311
83063,83.063,1,4004,54004,lowband_largesig_r00,prps,1379,-71,-0.556335,43,0,43,0.11257374,6.45000,prps,1,4315
83083,83.083,1,4004,54004,lowband_largesig_r00,prps,1390,-60,-0.473390,43,0,43,0.11257374,6.45000,prps,1,4319
83103,83.103,1,4004,54004,lowband_largesig_r00,prps,1400,-50,-0.392842,43,0,43,0.11257374,6.45000,prps,1,4323
83123,83.123,1,4004,54004,lowband_largesig_r00,prps,1408,-42,-0.330712,42,0,42,0.10995574,6.30000,prps,1,4327
83143,83.143,1,4004,54004,lowband_largesig_r00,prps,1412,-38,-0.299793,38,0,38,0.09948376,5.70000,prps,1,4331
83163,83.163,1,4004,54004,lowband_largesig_r00,prps,1411,-39,-0.307323,32,0,32,0.08377580,4.80000,prps,1,4335
83183,83.183,1,4004,54004,lowband_largesig_r00,prps,1405,-45,-0.353513,27,0,27,0.07068583,4.05000,prps,1,4339
83203,83.203,1,4004,54004,lowband_largesig_r00,prps,1395,-55,-0.431213,23,0,23,0.06021386,3.45000,prps,1,4343
83223,83.223,1,4004,54004,lowband_largesig_r00,prps,1383,-67,-0.526788,23,0,23,0.06021386,3.45000,prps,1,4347
83243,83.243,1,4004,54004,lowband_largesig_r00,prps,1371,-79,-0.622111,24,0,24,0.06283185,3.60000,prps,1,4351
83263,83.263,1,4004,54004,lowband_largesig_r00,prps,1361,-89,-0.697367,28,0,28,0.07330382,4.20000,prps,1,4355
83283,83.283,1,4004,54004,lowband_largesig_r00,prps,1357,-93,-0.734232,34,0,34,0.08901179,5.10000,prps,1,4359
83303,83.303,1,4004,54004,lowband_largesig_r00,prps,1359,-91,-0.718922,41,0,41,0.10733775,6.15000,prps,1,4363
83323,83.323,1,4004,54004,lowband_largesig_r00,prps,1368,-82,-0.644630,45,0,45,0.11780972,6.75000,prps,1,4367
83343,83.343,1,4004,54004,lowband_largesig_r00,prps,1385,-65,-0.512923,48,0,48,0.12566370,7.20000,prps,1,4371
83363,83.363,1,4004,54004,lowband_largesig_r00,prps,1408,-42,-0.333890,48,0,48,0.12566370,7.20000,prps,1,4375
83383,83.383,1,4004,54004,lowband_largesig_r00,prps,1434,-16,-0.124976,45,0,45,0.11780972,6.75000,prps,1,4379
83403,83.403,1,4004,54004,lowband_largesig_r00,prps,1462,12,0.091330,37,0,37,0.09686577,5.55000,prps,1,4383
83423,83.423,1,4004,54004,lowband_largesig_r00,prps,1487,37,0.290597,24,0,24,0.06283185,3.60000,prps,1,4387
83443,83.443,1,4004,54004,lowband_largesig_r00,prps,1507,57,0.449885,10,0,10,0.02617994,1.50000,prps,1,4391
83463,83.463,1,4004,54004,lowband_largesig_r00,prps,1520,70,0.550979,-3,0,-3,-0.00785398,-0.45000,prps,1,4395
83483,83.483,1,4004,54004,lowband_largesig_r00,prps,1524,74,0.582939,-16,0,-16,-0.04188790,-2.40000,prps,1,4399
83503,83.503,1,4004,54004,lowband_largesig_r00,prps,1519,69,0.543589,-28,0,-28,-0.07330382,-4.20000,prps,1,4403
83523,83.523,1,4004,54004,lowband_largesig_r00,prps,1506,56,0.439728,-37,0,-37,-0.09686577,-5.55000,prps,1,4407
83543,83.543,1,4004,54004,lowband_largesig_r00,prps,1486,36,0.286064,-41,0,-41,-0.10733775,-6.15000,prps,1,4411
83563,83.563,1,4004,54004,lowband_largesig_r00,prps,1463,13,0.103052,-38,0,-38,-0.09948376,-5.70000,prps,1,4415
83583,83.583,1,4004,54004,lowband_largesig_r00,prps,1439,-11,-0.086022,-31,0,-31,-0.08115781,-4.65000,prps,1,4419
83603,83.603,1,4004,54004,lowband_largesig_r00,prps,1417,-33,-0.258231,-21,0,-21,-0.05497787,-3.15000,prps,1,4423
83623,83.623,1,4004,54004,lowband_largesig_r00,prps,1400,-50,-0.394022,-8,0,-8,-0.02094395,-1.20000,prps,1,4427
83643,83.643,1,4004,54004,lowband_largesig_r00,prps,1389,-61,-0.479591,5,0,5,0.01308997,0.75000,prps,1,4431
83663,83.663,1,4004,54004,lowband_largesig_r00,prps,1385,-65,-0.508314,18,0,18,0.04712389,2.70000,prps,1,4435
83683,83.683,1,4004,54004,lowband_largesig_r00,prps,1389,-61,-0.481069,27,0,27,0.07068583,4.05000,prps,1,4439
83703,83.703,1,4004,54004,lowband_largesig_r00,prps,1399,-51,-0.405470,34,0,34,0.08901179,5.10000,prps,1,4443
83723,83.723,1,4004,54004,lowband_largesig_r00,prps,1413,-37,-0.294205,36,0,36,0.09424778,5.40000,prps,1,4447
83743,83.743,1,4004,54004,lowband_largesig_r00,prps,1429,-21,-0.162790,34,0,34,0.08901179,5.10000,prps,1,4451
83763,83.763,1,4004,54004,lowband_largesig_r00,prps,1447,-3,-0.027130,28,0,28,0.07330382,4.20000,prps,1,4455
83783,83.783,1,4004,54004,lowband_largesig_r00,prps,1463,13,0.098727,20,0,20,0.05235988,3.00000,prps,1,4459
83803,83.803,1,4004,54004,lowband_largesig_r00,prps,1476,26,0.204300,12,0,12,0.03141592,1.80000,prps,1,4463
83823,83.823,1,4004,54004,lowband_largesig_r00,prps,1486,36,0.283650,5,0,5,0.01308997,0.75000,prps,1,4467
83843,83.843,1,4004,54004,lowband_largesig_r00,prps,1493,43,0.335517,-1,0,-1,-0.00261799,-0.15000,prps,1,4471
83863,83.863,1,4004,54004,lowband_largesig_r00,prps,1496,46,0.362714,-8,0,-8,-0.02094395,-1.20000,prps,1,4475
83883,83.883,1,4004,54004,lowband_largesig_r00,prps,1497,47,0.370941,-14,0,-14,-0.03665191,-2.10000,prps,1,4479
83903,83.903,1,4004,54004,lowband_largesig_r00,prps,1497,47,0.367299,-20,0,-20,-0.05235988,-3.00000,prps,1,4483
83923,83.923,1,4004,54004,lowband_largesig_r00,prps,1496,46,0.358803,-24,0,-24,-0.06283185,-3.60000,prps,1,4487
83943,83.943,1,4004,54004,lowband_largesig_r00,prps,1495,45,0.351153,-25,0,-25,-0.06544985,-3.75000,prps,1,4491
83963,83.963,1,4004,54004,lowband_largesig_r00,prps,1494,44,0.347961,-25,0,-25,-0.06544985,-3.75000,prps,1,4495
83983,83.983,1,4004,54004,lowband_largesig_r00,prps,1495,45,0.350521,-25,0,-25,-0.06544985,-3.75000,prps,1,4499
84003,84.003,1,4004,54004,lowband_largesig_r00,prps,1495,45,0.358100,-25,0,-25,-0.06544985,-3.75000,prps,1,4503
84023,84.023,1,4004,54004,lowband_largesig_r00,prps,1497,47,0.368618,-25,0,-25,-0.06544985,-3.75000,prps,1,4507
84043,84.043,1,4004,54004,lowband_largesig_r00,prps,1498,48,0.379527,-25,0,-25,-0.06544985,-3.75000,prps,1,4511
84063,84.063,1,4004,54004,lowband_largesig_r00,prps,1499,49,0.388664,-25,0,-25,-0.06544985,-3.75000,prps,1,4515
84083,84.083,1,4004,54004,lowband_largesig_r00,prps,1500,50,0.394884,-25,0,-25,-0.06544985,-3.75000,prps,1,4519
84103,84.103,1,4004,54004,lowband_largesig_r00,prps,1501,51,0.398326,-25,0,-25,-0.06544985,-3.75000,prps,1,4523
84123,84.123,1,4004,54004,lowband_largesig_r00,prps,1501,51,0.400272,-25,0,-25,-0.06544985,-3.75000,prps,1,4527
84143,84.143,1,4004,54004,lowband_largesig_r00,prps,1501,51,0.402628,-25,0,-25,-0.06544985,-3.75000,prps,1,4531
84163,84.163,1,4004,54004,lowband_largesig_r00,prps,1502,52,0.407172,-25,0,-25,-0.06544985,-3.75000,prps,1,4535
84183,84.183,1,4004,54004,lowband_largesig_r00,prps,1503,53,0.414751,-25,0,-25,-0.06544985,-3.75000,prps,1,4539
84203,84.203,1,4004,54004,lowband_largesig_r00,prps,1504,54,0.424616,-26,0,-26,-0.06806784,-3.90000,prps,1,4543
84223,84.223,1,4004,54004,lowband_largesig_r00,prps,1505,55,0.434097,-26,0,-26,-0.06806784,-3.90000,prps,1,4547
84243,84.243,1,4004,54004,lowband_largesig_r00,prps,1506,56,0.438698,-26,0,-26,-0.06806784,-3.90000,prps,1,4551
84263,84.263,1,4004,54004,lowband_largesig_r00,prps,1505,55,0.432665,-27,0,-27,-0.07068583,-4.05000,prps,1,4555
84283,84.283,1,4004,54004,lowband_largesig_r00,prps,1502,52,0.409921,-27,0,-27,-0.07068583,-4.05000,prps,1,4559
84303,84.303,1,4004,54004,lowband_largesig_r00,prps,1496,46,0.365238,-27,0,-27,-0.07068583,-4.05000,prps,1,4563
84323,84.323,1,4004,54004,lowband_largesig_r00,prps,1488,38,0.295411,-26,0,-26,-0.06806784,-3.90000,prps,1,4567
84343,84.343,1,4004,54004,lowband_largesig_r00,prps,1475,25,0.200214,-26,0,-26,-0.06806784,-3.90000,prps,1,4571
84363,84.363,1,4004,54004,lowband_largesig_r00,prps,1461,11,0.082930,-25,0,-25,-0.06544985,-3.75000,prps,1,4575
84383,84.383,1,4004,54004,lowband_largesig_r00,prps,1444,-6,-0.049666,-21,0,-21,-0.05497787,-3.15000,prps,1,4579
84403,84.403,1,4004,54004,lowband_largesig_r00,prps,1426,-24,-0.187914,-15,0,-15,-0.03926991,-2.25000,prps,1,4583
84423,84.423,1,4004,54004,lowband_largesig_r00,prps,1409,-41,-0.320382,-7,0,-7,-0.01832596,-1.05000,prps,1,4587
84443,84.443,1,4004,54004,lowband_largesig_r00,prps,1395,-55,-0.435338,3,0,3,0.00785398,0.45000,prps,1,4591
84463,84.463,1,4004,54004,lowband_largesig_r00,prps,1384,-66,-0.522321,12,0,12,0.03141592,1.80000,prps,1,4595
84483,84.483,1,4004,54004,lowband_largesig_r00,prps,1377,-73,-0.573562,22,0,22,0.05759586,3.30000,prps,1,4599
84503,84.503,1,4004,54004,lowband_largesig_r00,prps,1376,-74,-0.585016,28,0,28,0.07330382,4.20000,prps,1,4603
84523,84.523,1,4004,54004,lowband_largesig_r00,prps,1379,-71,-0.556833,34,0,34,0.08901179,5.10000,prps,1,4607
84543,84.543,1,4004,54004,lowband_largesig_r00,prps,1387,-63,-0.493172,37,0,37,0.09686577,5.55000,prps,1,4611
84563,84.563,1,4004,54004,lowband_largesig_r00,prps,1399,-51,-0.401430,38,0,38,0.09948376,5.70000,prps,1,4615
84583,84.583,1,4004,54004,lowband_largesig_r00,prps,1413,-37,-0.290990,37,0,37,0.09686577,5.55000,prps,1,4619
84603,84.603,1,4004,54004,lowband_largesig_r00,prps,1428,-22,-0.171737,35,0,35,0.09162979,5.25000,prps,1,4623
84623,84.623,1,4004,54004,lowband_largesig_r00,prps,1443,-7,-0.052603,29,0,29,0.07592182,4.35000,prps,1,4627
84643,84.643,1,4004,54004,lowband_largesig_r00,prps,1458,8,0.059612,22,0,22,0.05759586,3.30000,prps,1,4631
84663,84.663,1,4004,54004,lowband_largesig_r00,prps,1470,20,0.160940,14,0,14,0.03665191,2.10000,prps,1,4635
84683,84.683,1,4004,54004,lowband_largesig_r00,prps,1482,32,0.250348,7,0,7,0.01832596,1.05000,prps,1,4639
84703,84.703,1,4004,54004,lowband_largesig_r00,prps,1492,42,0.329263,1,0,1,0.00261799,0.15000,prps,1,4643
84723,84.723,1,4004,54004,lowband_largesig_r00,prps,1501,51,0.400620,-5,0,-5,-0.01308997,-0.75000,prps,1,4647
84743,84.743,1,4004,54004,lowband_largesig_r00,prps,1509,59,0.467661,-12,0,-12,-0.03141592,-1.80000,prps,1,4651
84763,84.763,1,4004,54004,lowband_largesig_r00,prps,1518,68,0.532713,-20,0,-20,-0.05235988,-3.00000,prps,1,4655
84783,84.783,1,4004,54004,lowband_largesig_r00,prps,1526,76,0.596228,-26,0,-26,-0.06806784,-3.90000,prps,1,4659
84803,84.803,1,4004,54004,lowband_largesig_r00,prps,1533,83,0.656284,-30,0,-30,-0.07853982,-4.50000,prps,1,4663
84823,84.823,1,4004,54004,lowband_largesig_r00,prps,1540,90,0.708663,-35,0,-35,-0.09162979,-5.25000,prps,1,4667
84843,84.843,1,4004,54004,lowband_largesig_r00,prps,1545,95,0.747523,-40,0,-40,-0.10471976,-6.00000,prps,1,4671
84863,84.863,1,4004,54004,lowband_largesig_r00,prps,1547,97,0.766542,-43,0,-43,-0.11257374,-6.45000,prps,1,4675
84883,84.883,1,4004,54004,lowband_largesig_r00,prps,1547,97,0.760319,-46,0,-46,-0.12042772,-6.90000,prps,1,4679
84903,84.903,1,4004,54004,lowband_largesig_r00,prps,1542,92,0.725764,-49,0,-49,-0.12828170,-7.35000,prps,1,4683
84923,84.923,1,4004,54004,lowband_largesig_r00,prps,1534,84,0.663184,-51,0,-51,-0.13351768,-7.65000,prps,1,4687
84943,84.943,1,4004,54004,lowband_largesig_r00,prps,1523,73,0.576834,-51,0,-51,-0.13351768,-7.65000,prps,1,4691
84963,84.963,1,4004,54004,lowband_largesig_r00,prps,1510,60,0.474772,-50,0,-50,-0.13089970,-7.50000,prps,1,4695
84983,84.983,1,4004,54004,lowband_largesig_r00,prps,1497,47,0.367990,-47,0,-47,-0.12304571,-7.05000,prps,1,4699
85003,85.003,1,4004,54004,lowband_largesig_r00,prps,1484,34,0.268946,-42,0,-42,-0.10995574,-6.30000,prps,1,4703
85023,85.023,1,4004,54004,lowband_largesig_r00,prps,1474,24,0.189697,-36,0,-36,-0.09424778,-5.40000,prps,1,4707
85043,85.043,1,4004,54004,lowband_largesig_r00,prps,1468,18,0.139965,-30,0,-30,-0.07853982,-4.50000,prps,1,4711
85063,85.063,1,4004,54004,lowband_largesig_r00,prps,1466,16,0.125456,-24,0,-24,-0.06283185,-3.60000,prps,1,4715
85083,85.083,1,4004,54004,lowband_largesig_r00,prps,1469,19,0.146752,-18,0,-18,-0.04712389,-2.70000,prps,1,4719
85103,85.103,1,4004,54004,lowband_largesig_r00,prps,1475,25,0.198986,-14,0,-14,-0.03665191,-2.10000,prps,1,4723
85123,85.123,1,4004,54004,lowband_largesig_r00,prps,1485,35,0.272396,-13,0,-13,-0.03403392,-1.95000,prps,1,4727
85143,85.143,1,4004,54004,lowband_largesig_r00,prps,1495,45,0.353688,-13,0,-13,-0.03403392,-1.95000,prps,1,4731
85163,85.163,1,4004,54004,lowband_largesig_r00,prps,1504,54,0.428025,-14,0,-14,-0.03665191,-2.10000,prps,1,4735
85183,85.183,1,4004,54004,lowband_largesig_r00,prps,1511,61,0.481301,-17,0,-17,-0.04450589,-2.55000,prps,1,4739
85203,85.203,1,4004,54004,lowband_largesig_r00,prps,1514,64,0.502341,-23,0,-23,-0.06021386,-3.45000,prps,1,4743
85223,85.223,1,4004,54004,lowband_largesig_r00,prps,1512,62,0.484651,-27,0,-27,-0.07068583,-4.05000,prps,1,4747
85243,85.243,1,4004,54004,lowband_largesig_r00,prps,1504,54,0.427415,-30,0,-30,-0.07853982,-4.50000,prps,1,4751
85263,85.263,1,4004,54004,lowband_largesig_r00,prps,1493,43,0.335566,-32,0,-32,-0.08377580,-4.80000,prps,1,4755
85283,85.283,1,4004,54004,lowband_largesig_r00,prps,1478,28,0.218902,-32,0,-32,-0.08377580,-4.80000,prps,1,4759
85303,85.303,1,4004,54004,lowband_largesig_r00,prps,1461,11,0.090406,-29,0,-29,-0.07592182,-4.35000,prps,1,4763
85323,85.323,1,4004,54004,lowband_largesig_r00,prps,1445,-5,-0.035968,-23,0,-23,-0.06021386,-3.45000,prps,1,4767
85343,85.343,1,4004,54004,lowband_largesig_r00,prps,1431,-19,-0.147647,-15,0,-15,-0.03926991,-2.25000,prps,1,4771
85363,85.363,1,4004,54004,lowband_largesig_r00,prps,1420,-30,-0.235523,-8,0,-8,-0.02094395,-1.20000,prps,1,4775
85383,85.383,1,4004,54004,lowband_largesig_r00,prps,1412,-38,-0.295412,1,0,1,0.00261799,0.15000,prps,1,4779
85403,85.403,1,4004,54004,lowband_largesig_r00,prps,1408,-42,-0.328620,9,0,9,0.02356194,1.35000,prps,1,4783
85423,85.423,1,4004,54004,lowband_largesig_r00,prps,1407,-43,-0.341507,16,0,16,0.04188790,2.40000,prps,1,4787
85443,85.443,1,4004,54004,lowband_largesig_r00,prps,1406,-44,-0.344123,21,0,21,0.05497787,3.15000,prps,1,4791
85463,85.463,1,4004,54004,lowband_largesig_r00,prps,1406,-44,-0.348150,22,0,22,0.05759586,3.30000,prps,1,4795
85483,85.483,1,4004,54004,lowband_largesig_r00,prps,1404,-46,-0.364495,22,0,22,0.05759586,3.30000,prps,1,4799
85503,85.503,1,4004,54004,lowband_largesig_r00,prps,1399,-51,-0.400985,22,0,22,0.05759586,3.30000,prps,1,4803
85523,85.523,1,4004,54004,lowband_largesig_r00,prps,1392,-58,-0.460560,23,0,23,0.06021386,3.45000,prps,1,4807
85543,85.543,1,4004,54004,lowband_largesig_r00,prps,1381,-69,-0.540321,25,0,25,0.06544985,3.75000,prps,1,4811
85563,85.563,1,4004,54004,lowband_largesig_r00,prps,1370,-80,-0.631611,27,0,27,0.07068583,4.05000,prps,1,4815
85583,85.583,1,4004,54004,lowband_largesig_r00,prps,1358,-92,-0.721177,30,0,30,0.07853982,4.50000,prps,1,4819
85603,85.603,1,4004,54004,lowband_largesig_r00,prps,1349,-101,-0.793214,36,0,36,0.09424778,5.40000,prps,1,4823
85623,85.623,1,4004,54004,lowband_largesig_r00,prps,1344,-106,-0.831998,41,0,41,0.10733775,6.15000,prps,1,4827
85643,85.643,1,4004,54004,lowband_largesig_r00,prps,1345,-105,-0.824654,48,0,48,0.12566370,7.20000,prps,1,4831
85663,85.663,1,4004,54004,lowband_largesig_r00,prps,1353,-97,-0.763598,54,0,54,0.14137166,8.10000,prps,1,4835
85683,85.683,1,4004,54004,lowband_largesig_r00,prps,1368,-82,-0.648234,57,0,57,0.14922565,8.55000,prps,1,4839
85703,85.703,1,4004,54004,lowband_largesig_r00,prps,1388,-62,-0.485594,57,0,57,0.14922565,8.55000,prps,1,4843
85723,85.723,1,4004,54004,lowband_largesig_r00,prps,1413,-37,-0.289774,55,0,55,0.14398966,8.25000,prps,1,4847
85743,85.743,1,4004,54004,lowband_largesig_r00,prps,1440,-10,-0.080247,48,0,48,0.12566370,7.20000,prps,1,4851
85763,85.763,1,4004,54004,lowband_largesig_r00,prps,1465,15,0.120741,37,0,37,0.09686577,5.55000,prps,1,4855
85783,85.783,1,4004,54004,lowband_largesig_r00,prps,1487,37,0.291251,22,0,22,0.05759586,3.30000,prps,1,4859
85803,85.803,1,4004,54004,lowband_largesig_r00,prps,1502,52,0.412775,7,0,7,0.01832596,1.05000,prps,1,4863
85823,85.823,1,4004,54004,lowband_largesig_r00,prps,1510,60,0.472871,-6,0,-6,-0.01570796,-0.90000,prps,1,4867
85843,85.843,1,4004,54004,lowband_largesig_r00,prps,1509,59,0.466932,-18,0,-18,-0.04712389,-2.70000,prps,1,4871
85863,85.863,1,4004,54004,lowband_largesig_r00,prps,1501,51,0.398788,-28,0,-28,-0.07330382,-4.20000,prps,1,4875
85883,85.883,1,4004,54004,lowband_largesig_r00,prps,1486,36,0.280053,-31,0,-31,-0.08115781,-4.65000,prps,1,4879
85903,85.903,1,4004,54004,lowband_largesig_r00,prps,1466,16,0.128337,-29,0,-29,-0.07592182,-4.35000,prps,1,4883
85923,85.923,1,4004,54004,lowband_largesig_r00,prps,1446,-4,-0.035405,-26,0,-26,-0.06806784,-3.90000,prps,1,4887
85943,85.943,1,4004,54004,lowband_largesig_r00,prps,1426,-24,-0.189965,-18,0,-18,-0.04712389,-2.70000,prps,1,4891
85963,85.963,1,4004,54004,lowband_largesig_r00,prps,1410,-40,-0.316925,-10,0,-10,-0.02617994,-1.50000,prps,1,4895
85983,85.983,1,4004,54004,lowband_largesig_r00,prps,1399,-51,-0.403194,1,0,1,0.00261799,0.15000,prps,1,4899
86003,86.003,1,4004,54004,lowband_largesig_r00,prps,1394,-56,-0.442658,12,0,12,0.03141592,1.80000,prps,1,4903
86023,86.023,1,4004,54004,lowband_largesig_r00,prps,1395,-55,-0.436713,22,0,22,0.05759586,3.30000,prps,1,4907
86043,86.043,1,4004,54004,lowband_largesig_r00,prps,1400,-50,-0.393640,26,0,26,0.06806784,3.90000,prps,1,4911
86063,86.063,1,4004,54004,lowband_largesig_r00,prps,1408,-42,-0.326950,27,0,27,0.07068583,4.05000,prps,1,4915
86083,86.083,1,4004,54004,lowband_largesig_r00,prps,1418,-32,-0.253008,27,0,27,0.07068583,4.05000,prps,1,4919
86103,86.103,1,4004,54004,lowband_largesig_r00,prps,1426,-24,-0.188321,25,0,25,0.06544985,3.75000,prps,1,4923
86123,86.123,1,4004,54004,lowband_largesig_r00,prps,1431,-19,-0.146938,23,0,23,0.06021386,3.45000,prps,1,4927
86143,86.143,1,4004,54004,lowband_largesig_r00,prps,1432,-18,-0.138357,20,0,20,0.05235988,3.00000,prps,1,4931
86163,86.163,1,4004,54004,lowband_largesig_r00,prps,1429,-21,-0.166249,17,0,17,0.04450589,2.55000,prps,1,4935
86183,86.183,1,4004,54004,lowband_largesig_r00,prps,1421,-29,-0.228147,16,0,16,0.04188790,2.40000,prps,1,4939
86203,86.203,1,4004,54004,lowband_largesig_r00,prps,1410,-40,-0.316104,14,0,14,0.03665191,2.10000,prps,1,4943
86223,86.223,1,4004,54004,lowband_largesig_r00,prps,1397,-53,-0.418168,15,0,15,0.03926991,2.25000,prps,1,4947
86243,86.243,1,4004,54004,lowband_largesig_r00,prps,1384,-66,-0.520382,17,0,17,0.04450589,2.55000,prps,1,4951
86263,86.263,1,4004,54004,lowband_largesig_r00,prps,1373,-77,-0.608960,22,0,22,0.05759586,3.30000,prps,1,4955
86283,86.283,1,4004,54004,lowband_largesig_r00,prps,1365,-85,-0.672304,27,0,27,0.07068583,4.05000,prps,1,4959
86303,86.303,1,4004,54004,lowband_largesig_r00,prps,1361,-89,-0.702533,33,0,33,0.08639380,4.95000,prps,1,4963
86323,86.323,1,4004,54004,lowband_largesig_r00,prps,1362,-88,-0.696337,38,0,38,0.09948376,5.70000,prps,1,4967
86343,86.343,1,4004,54004,lowband_largesig_r00,prps,1367,-83,-0.655071,43,0,43,0.11257374,6.45000,prps,1,4971
86363,86.363,1,4004,54004,lowband_largesig_r00,prps,1376,-74,-0.584150,46,0,46,0.12042772,6.90000,prps,1,4975
86383,86.383,1,4004,54004,lowband_largesig_r00,prps,1388,-62,-0.491898,46,0,46,0.12042772,6.90000,prps,1,4979
86403,86.403,1,4004,54004,lowband_largesig_r00,prps,1401,-49,-0.388110,46,0,46,0.12042772,6.90000,prps,1,4983
86423,86.423,1,4004,54004,lowband_largesig_r00,prps,1414,-36,-0.282579,44,0,44,0.11519173,6.60000,prps,1,4987
86443,86.443,1,4004,54004,lowband_largesig_r00,prps,1427,-23,-0.183844,38,0,38,0.09948376,5.70000,prps,1,4991
86463,86.463,1,4004,54004,lowband_largesig_r00,prps,1438,-12,-0.098331,31,0,31,0.08115781,4.65000,prps,1,4995
86483,86.483,1,4004,54004,lowband_largesig_r00,prps,1446,-4,-0.029976,23,0,23,0.06021386,3.45000,prps,1,4999
86503,86.503,1,4004,54004,lowband_largesig_r00,prps,1452,2,0.019681,16,0,16,0.04188790,2.40000,prps,1,5003
86523,86.523,1,4004,54004,lowband_largesig_r00,prps,1456,6,0.051029,9,0,9,0.02356194,1.35000,prps,1,5007
86543,86.543,1,4004,54004,lowband_largesig_r00,prps,1458,8,0.065725,5,0,5,0.01308997,0.75000,prps,1,5011
86563,86.563,1,4004,54004,lowband_largesig_r00,prps,1458,8,0.065997,3,0,3,0.00785398,0.45000,prps,1,5015
86583,86.583,1,4004,54004,lowband_largesig_r00,prps,1457,7,0.054104,2,0,2,0.00523599,0.30000,prps,1,5019
86603,86.603,1,4004,54004,lowband_largesig_r00,prps,1454,4,0.032042,2,0,2,0.00523599,0.30000,prps,1,5023
86623,86.623,1,4004,54004,lowband_largesig_r00,prps,1450,0,0.001549,2,0,2,0.00523599,0.30000,prps,1,5027
86643,86.643,1,4004,54004,lowband_largesig_r00,prps,1445,-5,-0.035638,2,0,2,0.00523599,0.30000,prps,1,5031
86663,86.663,1,4004,54004,lowband_largesig_r00,prps,1440,-10,-0.077383,3,0,3,0.00785398,0.45000,prps,1,5035
86683,86.683,1,4004,54004,lowband_largesig_r00,prps,1435,-15,-0.120768,4,0,4,0.01047198,0.60000,prps,1,5039
86703,86.703,1,4004,54004,lowband_largesig_r00,prps,1429,-21,-0.161858,5,0,5,0.01308997,0.75000,prps,1,5043
86723,86.723,1,4004,54004,lowband_largesig_r00,prps,1425,-25,-0.195762,6,0,6,0.01570796,0.90000,prps,1,5047
86743,86.743,1,4004,54004,lowband_largesig_r00,prps,1422,-28,-0.217028,8,0,8,0.02094395,1.20000,prps,1,5051
86763,86.763,1,4004,54004,lowband_largesig_r00,prps,1422,-28,-0.220361,10,0,10,0.02617994,1.50000,prps,1,5055
86783,86.783,1,4004,54004,lowband_largesig_r00,prps,1424,-26,-0.201550,12,0,12,0.03141592,1.80000,prps,1,5059
86803,86.803,1,4004,54004,lowband_largesig_r00,prps,1430,-20,-0.158438,12,0,12,0.03141592,1.80000,prps,1,5063
86823,86.823,1,4004,54004,lowband_largesig_r00,prps,1438,-12,-0.091736,13,0,13,0.03403392,1.95000,prps,1,5067
86843,86.843,1,4004,54004,lowband_largesig_r00,prps,1449,-1,-0.005476,13,0,13,0.03403392,1.95000,prps,1,5071
86863,86.863,1,4004,54004,lowband_largesig_r00,prps,1462,12,0.093037,11,0,11,0.02879793,1.65000,prps,1,5075
86883,86.883,1,4004,54004,lowband_largesig_r00,prps,1475,25,0.193838,8,0,8,0.02094395,1.20000,prps,1,5079
86903,86.903,1,4004,54004,lowband_largesig_r00,prps,1486,36,0.285454,4,0,4,0.01047198,0.60000,prps,1,5083
86923,86.923,1,4004,54004,lowband_largesig_r00,prps,1495,45,0.356429,0,0,0,0.00000000,0.00000,prps,1,5087
86943,86.943,1,4004,54004,lowband_largesig_r00,prps,1500,50,0.397031,-7,0,-7,-0.01832596,-1.05000,prps,1,5091
86963,86.963,1,4004,54004,lowband_largesig_r00,prps,1501,51,0.400830,-14,0,-14,-0.03665191,-2.10000,prps,1,5095
86983,86.983,1,4004,54004,lowband_largesig_r00,prps,1496,46,0.365904,-20,0,-20,-0.05235988,-3.00000,prps,1,5099
87003,87.003,1,4004,54004,lowband_largesig_r00,prps,1488,38,0.295430,-24,0,-24,-0.06283185,-3.60000,prps,1,5103
87023,87.023,1,4004,54004,lowband_largesig_r00,prps,1475,25,0.197527,-26,0,-26,-0.06806784,-3.90000,prps,1,5107
87043,87.043,1,4004,54004,lowband_largesig_r00,prps,1461,11,0.084338,-24,0,-24,-0.06283185,-3.60000,prps,1,5111
87063,87.063,1,4004,54004,lowband_largesig_r00,prps,1446,-4,-0.029531,-20,0,-20,-0.05235988,-3.00000,prps,1,5115
87083,87.083,1,4004,54004,lowband_largesig_r00,prps,1434,-16,-0.129006,-15,0,-15,-0.03926991,-2.25000,prps,1,5119
87103,87.103,1,4004,54004,lowband_largesig_r00,prps,1425,-25,-0.200647,-8,0,-8,-0.02094395,-1.20000,prps,1,5123
87123,87.123,1,4004,54004,lowband_largesig_r00,prps,1420,-30,-0.234545,-1,0,-1,-0.00261799,-0.15000,prps,1,5127
87143,87.143,1,4004,54004,lowband_largesig_r00,prps,1421,-29,-0.225701,7,0,7,0.01832596,1.05000,prps,1,5131
87163,87.163,1,4004,54004,lowband_largesig_r00,prps,1428,-22,-0.174662,12,0,12,0.03141592,1.80000,prps,1,5135
87183,87.183,1,4004,54004,lowband_largesig_r00,prps,1439,-11,-0.087324,15,0,15,0.03926991,2.25000,prps,1,5139
87203,87.203,1,4004,54004,lowband_largesig_r00,prps,1453,3,0.026082,16,0,16,0.04188790,2.40000,prps,1,5143
87223,87.223,1,4004,54004,lowband_largesig_r00,prps,1469,19,0.152624,14,0,14,0.03665191,2.10000,prps,1,5147
87243,87.243,1,4004,54004,lowband_largesig_r00,prps,1485,35,0.278673,9,0,9,0.02356194,1.35000,prps,1,5151
87263,87.263,1,4004,54004,lowband_largesig_r00,prps,1500,50,0.391922,3,0,3,0.00785398,0.45000,prps,1,5155
87283,87.283,1,4004,54004,lowband_largesig_r00,prps,1511,61,0.483090,-5,0,-5,-0.01308997,-0.75000,prps,1,5159
87303,87.303,1,4004,54004,lowband_largesig_r00,prps,1519,69,0.547036,-14,0,-14,-0.03665191,-2.10000,prps,1,5163
87323,87.323,1,4004,54004,lowband_largesig_r00,prps,1524,74,0.583117,-24,0,-24,-0.06283185,-3.60000,prps,1,5167
87343,87.343,1,4004,54004,lowband_largesig_r00,prps,1526,76,0.594741,-31,0,-31,-0.08115781,-4.65000,prps,1,5171
87363,87.363,1,4004,54004,lowband_largesig_r00,prps,1525,75,0.588235,-38,0,-38,-0.09948376,-5.70000,prps,1,5175
87383,87.383,1,4004,54004,lowband_largesig_r00,prps,1523,73,0.571256,-41,0,-41,-0.10733775,-6.15000,prps,1,5179
87403,87.403,1,4004,54004,lowband_largesig_r00,prps,1520,70,0.551054,-42,0,-42,-0.10995574,-6.30000,prps,1,5183
87423,87.423,1,4004,54004,lowband_largesig_r00,prps,1518,68,0.532922,-41,0,-41,-0.10733775,-6.15000,prps,1,5187
87443,87.443,1,4004,54004,lowband_largesig_r00,prps,1516,66,0.519123,-41,0,-41,-0.10733775,-6.15000,prps,1,5191
87463,87.463,1,4004,54004,lowband_largesig_r00,prps,1515,65,0.508516,-41,0,-41,-0.10733775,-6.15000,prps,1,5195
87483,87.483,1,4004,54004,lowband_largesig_r00,prps,1513,63,0.496934,-40,0,-40,-0.10471976,-6.00000,prps,1,5199
87503,87.503,1,4004,54004,lowband_largesig_r00,prps,1511,61,0.478263,-39,0,-39,-0.10210176,-5.85000,prps,1,5203
87523,87.523,1,4004,54004,lowband_largesig_r00,prps,1507,57,0.445993,-38,0,-38,-0.09948376,-5.70000,prps,1,5207
87543,87.543,1,4004,54004,lowband_largesig_r00,prps,1500,50,0.394962,-37,0,-37,-0.09686577,-5.55000,prps,1,5211
87563,87.563,1,4004,54004,lowband_largesig_r00,prps,1491,41,0.322936,-36,0,-36,-0.09424778,-5.40000,prps,1,5215
87583,87.583,1,4004,54004,lowband_largesig_r00,prps,1479,29,0.231692,-33,0,-33,-0.08639380,-4.95000,prps,1,5219
87603,87.603,1,4004,54004,lowband_largesig_r00,prps,1466,16,0.127381,-30,0,-30,-0.07853982,-4.50000,prps,1,5223
87623,87.623,1,4004,54004,lowband_largesig_r00,prps,1453,3,0.020035,-25,0,-25,-0.06544985,-3.75000,prps,1,5227
87643,87.643,1,4004,54004,lowband_largesig_r00,prps,1440,-10,-0.077720,-18,0,-18,-0.04712389,-2.70000,prps,1,5231
87663,87.663,1,4004,54004,lowband_largesig_r00,prps,1431,-19,-0.152577,-11,0,-11,-0.02879793,-1.65000,prps,1,5235
87683,87.683,1,4004,54004,lowband_largesig_r00,prps,1426,-24,-0.192750,-5,0,-5,-0.01308997,-0.75000,prps,1,5239
87703,87.703,1,4004,54004,lowband_largesig_r00,prps,1426,-24,-0.190101,3,0,3,0.00785398,0.45000,prps,1,5243
87723,87.723,1,4004,54004,lowband_largesig_r00,prps,1432,-18,-0.141800,8,0,8,0.02094395,1.20000,prps,1,5247
87743,87.743,1,4004,54004,lowband_largesig_r00,prps,1443,-7,-0.051208,11,0,11,0.02879793,1.65000,prps,1,5251
87763,87.763,1,4004,54004,lowband_largesig_r00,prps,1459,9,0.072225,11,0,11,0.02879793,1.65000,prps,1,5255
87783,87.783,1,4004,54004,lowband_largesig_r00,prps,1477,27,0.214062,10,0,10,0.02617994,1.50000,prps,1,5259
87803,87.803,1,4004,54004,lowband_largesig_r00,prps,1495,45,0.356842,5,0,5,0.01308997,0.75000,prps,1,5263
87823,87.823,1,4004,54004,lowband_largesig_r00,prps,1511,61,0.482613,-1,0,-1,-0.00261799,-0.15000,prps,1,5267
87843,87.843,1,4004,54004,lowband_largesig_r00,prps,1523,73,0.575640,-10,0,-10,-0.02617994,-1.50000,prps,1,5271
87863,87.863,1,4004,54004,lowband_largesig_r00,prps,1529,79,0.624823,-20,0,-20,-0.05235988,-3.00000,prps,1,5275
87883,87.883,1,4004,54004,lowband_largesig_r00,prps,1529,79,0.625448,-29,0,-29,-0.07592182,-4.35000,prps,1,5279
87903,87.903,1,4004,54004,lowband_largesig_r00,prps,1524,74,0.579950,-38,0,-38,-0.09948376,-5.70000,prps,1,5283
87923,87.923,1,4004,54004,lowband_largesig_r00,prps,1513,63,0.497547,-42,0,-42,-0.10995574,-6.30000,prps,1,5287
87943,87.943,1,4004,54004,lowband_largesig_r00,prps,1500,50,0.392795,-44,0,-44,-0.11519173,-6.60000,prps,1,5291
87963,87.963,1,4004,54004,lowband_largesig_r00,prps,1486,36,0.283266,-42,0,-42,-0.10995574,-6.30000,prps,1,5295
87983,87.983,1,4004,54004,lowband_largesig_r00,prps,1474,24,0.186742,-38,0,-38,-0.09948376,-5.70000,prps,1,5299
88003,88.003,1,4004,54004,lowband_largesig_r00,prps,1465,15,0.118357,-31,0,-31,-0.08115781,-4.65000,prps,1,5303
88023,88.023,1,4004,54004,lowband_largesig_r00,prps,1461,11,0.088157,-25,0,-25,-0.06544985,-3.75000,prps,1,5307
88043,88.043,1,4004,54004,lowband_largesig_r00,prps,1463,13,0.099483,-17,0,-17,-0.04450589,-2.55000,prps,1,5311
88063,88.063,1,4004,54004,lowband_largesig_r00,prps,1469,19,0.148436,-12,0,-12,-0.03141592,-1.80000,prps,1,5315
88083,88.083,1,4004,54004,lowband_largesig_r00,prps,1479,29,0.224519,-8,0,-8,-0.02094395,-1.20000,prps,1,5319
88103,88.103,1,4004,54004,lowband_largesig_r00,prps,1490,40,0.312332,-7,0,-7,-0.01832596,-1.05000,prps,1,5323
88123,88.123,1,4004,54004,lowband_largesig_r00,prps,1500,50,0.394075,-10,0,-10,-0.02617994,-1.50000,prps,1,5327
88143,88.143,1,4004,54004,lowband_largesig_r00,prps,1507,57,0.452406,-14,0,-14,-0.03665191,-2.10000,prps,1,5331
88163,88.163,1,4004,54004,lowband_largesig_r00,prps,1510,60,0.473230,-20,0,-20,-0.05235988,-3.00000,prps,1,5335
88183,88.183,1,4004,54004,lowband_largesig_r00,prps,1507,57,0.447932,-24,0,-24,-0.06283185,-3.60000,prps,1,5339
88203,88.203,1,4004,54004,lowband_largesig_r00,prps,1498,48,0.374716,-27,0,-27,-0.07068583,-4.05000,prps,1,5343
88223,88.223,1,4004,54004,lowband_largesig_r00,prps,1483,33,0.258833,-28,0,-28,-0.07330382,-4.20000,prps,1,5347
88243,88.243,1,4004,54004,lowband_largesig_r00,prps,1464,14,0.111679,-27,0,-27,-0.07068583,-4.05000,prps,1,5351
88263,88.263,1,4004,54004,lowband_largesig_r00,prps,1444,-6,-0.051073,-23,0,-23,-0.06021386,-3.45000,prps,1,5355
88283,88.283,1,4004,54004,lowband_largesig_r00,prps,1423,-27,-0.211994,-16,0,-16,-0.04188790,-2.40000,prps,1,5359
88303,88.303,1,4004,54004,lowband_largesig_r00,prps,1405,-45,-0.354637,-8,0,-8,-0.02094395,-1.20000,prps,1,5363
88323,88.323,1,4004,54004,lowband_largesig_r00,prps,1391,-59,-0.466056,3,0,3,0.00785398,0.45000,prps,1,5367
88343,88.343,1,4004,54004,lowband_largesig_r00,prps,1382,-68,-0.538683,14,0,14,0.03665191,2.10000,prps,1,5371
88363,88.363,1,4004,54004,lowband_largesig_r00,prps,1377,-73,-0.571279,24,0,24,0.06283185,3.60000,prps,1,5375
88400,88.400,1,4004,54004,lowband_largesig_r00,prps,1378,-72,-0.568824,36,0,36,0.09424778,5.40000,prps,1,5379
88420,88.420,1,4004,54004,lowband_largesig_r00,prps,1381,-69,-0.541376,38,0,38,0.09948376,5.70000,prps,1,5383
88440,88.440,1,4004,54004,lowband_largesig_r00,prps,1386,-64,-0.502138,38,0,38,0.09948376,5.70000,prps,1,5387
88460,88.460,1,4004,54004,lowband_largesig_r00,prps,1391,-59,-0.465050,38,0,38,0.09948376,5.70000,prps,1,5391
88480,88.480,1,4004,54004,lowband_largesig_r00,prps,1394,-56,-0.442334,38,0,38,0.09948376,5.70000,prps,1,5395
88500,88.500,1,4004,54004,lowband_largesig_r00,prps,1394,-56,-0.442392,38,0,38,0.09948376,5.70000,prps,1,5399
88520,88.520,1,4004,54004,lowband_largesig_r00,prps,1391,-59,-0.468413,37,0,37,0.09686577,5.55000,prps,1,5403
88540,88.540,1,4004,54004,lowband_largesig_r00,prps,1384,-66,-0.517884,36,0,36,0.09424778,5.40000,prps,1,5407
88560,88.560,1,4004,54004,lowband_largesig_r00,prps,1376,-74,-0.583088,36,0,36,0.09424778,5.40000,prps,1,5411
88580,88.580,1,4004,54004,lowband_largesig_r00,prps,1367,-83,-0.652461,36,0,36,0.09424778,5.40000,prps,1,5415
88600,88.600,1,4004,54004,lowband_largesig_r00,prps,1360,-90,-0.712581,37,0,37,0.09686577,5.55000,prps,1,5419
88620,88.620,1,4004,54004,lowband_largesig_r00,prps,1355,-95,-0.750430,40,0,40,0.10471976,6.00000,prps,1,5423
88640,88.640,1,4004,54004,lowband_largesig_r00,prps,1354,-96,-0.755566,43,0,43,0.11257374,6.45000,prps,1,5427
88660,88.660,1,4004,54004,lowband_largesig_r00,prps,1358,-92,-0.721839,47,0,47,0.12304571,7.05000,prps,1,5431
88680,88.680,1,4004,54004,lowband_largesig_r00,prps,1368,-82,-0.648402,50,0,50,0.13089970,7.50000,prps,1,5435
88700,88.700,1,4004,54004,lowband_largesig_r00,prps,1381,-69,-0.539870,51,0,51,0.13351768,7.65000,prps,1,5439
88720,88.720,1,4004,54004,lowband_largesig_r00,prps,1398,-52,-0.405634,51,0,51,0.13351768,7.65000,prps,1,5443
88740,88.740,1,4004,54004,lowband_largesig_r00,prps,1417,-33,-0.258473,48,0,48,0.12566370,7.20000,prps,1,5447
88760,88.760,1,4004,54004,lowband_largesig_r00,prps,1436,-14,-0.112721,41,0,41,0.10733775,6.15000,prps,1,5451
88780,88.780,1,4004,54004,lowband_largesig_r00,prps,1452,2,0.017719,31,0,31,0.08115781,4.65000,prps,1,5455
88800,88.800,1,4004,54004,lowband_largesig_r00,prps,1465,15,0.121183,20,0,20,0.05235988,3.00000,prps,1,5459
88820,88.820,1,4004,54004,lowband_largesig_r00,prps,1474,24,0.189620,9,0,9,0.02356194,1.35000,prps,1,5463
88840,88.840,1,4004,54004,lowband_largesig_r00,prps,1478,28,0.219363,0,0,0,0.00000000,0.00000,prps,1,5467
88860,88.860,1,4004,54004,lowband_largesig_r00,prps,1477,27,0.211211,-7,0,-7,-0.01832596,-1.05000,prps,1,5471
88880,88.880,1,4004,54004,lowband_largesig_r00,prps,1472,22,0.169913,-11,0,-11,-0.02879793,-1.65000,prps,1,5475
88900,88.900,1,4004,54004,lowband_largesig_r00,prps,1463,13,0.103162,-13,0,-13,-0.03403392,-1.95000,prps,1,5479
88920,88.920,1,4004,54004,lowband_largesig_r00,prps,1453,3,0.020347,-12,0,-12,-0.03141592,-1.80000,prps,1,5483
88940,88.940,1,4004,54004,lowband_largesig_r00,prps,1441,-9,-0.068724,-10,0,-10,-0.02617994,-1.50000,prps,1,5487
88960,88.960,1,4004,54004,lowband_largesig_r00,prps,1430,-20,-0.154922,-7,0,-7,-0.01832596,-1.05000,prps,1,5491
88980,88.980,1,4004,54004,lowband_largesig_r00,prps,1421,-29,-0.230567,-2,0,-2,-0.00523599,-0.30000,prps,1,5495
89000,89.000,1,4004,54004,lowband_largesig_r00,prps,1413,-37,-0.289803,5,0,5,0.01308997,0.75000,prps,1,5499
89020,89.020,1,4004,54004,lowband_largesig_r00,prps,1408,-42,-0.328616,11,0,11,0.02879793,1.65000,prps,1,5503
89040,89.040,1,4004,54004,lowband_largesig_r00,prps,1406,-44,-0.344580,16,0,16,0.04188790,2.40000,prps,1,5507
89060,89.060,1,4004,54004,lowband_largesig_r00,prps,1407,-43,-0.336473,20,0,20,0.05235988,3.00000,prps,1,5511
89080,89.080,1,4004,54004,lowband_largesig_r00,prps,1411,-39,-0.303924,21,0,21,0.05497787,3.15000,prps,1,5515
89100,89.100,1,4004,54004,lowband_largesig_r00,prps,1419,-31,-0.247204,21,0,21,0.05497787,3.15000,prps,1,5519
89120,89.120,1,4004,54004,lowband_largesig_r00,prps,1429,-21,-0.167237,21,0,21,0.05497787,3.15000,prps,1,5523
89140,89.140,1,4004,54004,lowband_largesig_r00,prps,1442,-8,-0.065818,20,0,20,0.05235988,3.00000,prps,1,5527
89160,89.160,1,4004,54004,lowband_largesig_r00,prps,1457,7,0.054023,18,0,18,0.04712389,2.70000,prps,1,5531
89180,89.180,1,4004,54004,lowband_largesig_r00,prps,1474,24,0.187648,13,0,13,0.03403392,1.95000,prps,1,5535
89200,89.200,1,4004,54004,lowband_largesig_r00,prps,1492,42,0.328582,7,0,7,0.01832596,1.05000,prps,1,5539
89220,89.220,1,4004,54004,lowband_largesig_r00,prps,1510,60,0.468554,1,0,1,0.00261799,0.15000,prps,1,5543
89240,89.240,1,4004,54004,lowband_largesig_r00,prps,1526,76,0.597912,-9,0,-9,-0.02356194,-1.35000,prps,1,5547
89260,89.260,1,4004,54004,lowband_largesig_r00,prps,1540,90,0.706421,-20,0,-20,-0.05235988,-3.00000,prps,1,5551
89280,89.280,1,4004,54004,lowband_largesig_r00,prps,1550,100,0.784373,-31,0,-31,-0.08115781,-4.65000,prps,1,5555
89300,89.300,1,4004,54004,lowband_largesig_r00,prps,1555,105,0.823865,-42,0,-42,-0.10995574,-6.30000,prps,1,5559
89320,89.320,1,4004,54004,lowband_largesig_r00,prps,1554,104,0.820030,-50,0,-50,-0.13089970,-7.50000,prps,1,5563
89340,89.340,1,4004,54004,lowband_largesig_r00,prps,1548,98,0.771989,-56,0,-56,-0.14660765,-8.40000,prps,1,5567
89360,89.360,1,4004,54004,lowband_largesig_r00,prps,1537,87,0.683331,-59,0,-59,-0.15446164,-8.85000,prps,1,5571
89380,89.380,1,4004,54004,lowband_largesig_r00,prps,1521,71,0.561967,-59,0,-59,-0.15446164,-8.85000,prps,1,5575
89400,89.400,1,4004,54004,lowband_largesig_r00,prps,1503,53,0.419324,-55,0,-55,-0.14398966,-8.25000,prps,1,5579
89420,89.420,1,4004,54004,lowband_largesig_r00,prps,1484,34,0.268953,-49,0,-49,-0.12828170,-7.35000,prps,1,5583
89440,89.440,1,4004,54004,lowband_largesig_r00,prps,1466,16,0.124722,-41,0,-41,-0.10733775,-6.15000,prps,1,5587
89460,89.460,1,4004,54004,lowband_largesig_r00,prps,1450,0,-0.001123,-31,0,-31,-0.08115781,-4.65000,prps,1,5591
89480,89.480,1,4004,54004,lowband_largesig_r00,prps,1437,-13,-0.099728,-21,0,-21,-0.05497787,-3.15000,prps,1,5595
89500,89.500,1,4004,54004,lowband_largesig_r00,prps,1429,-21,-0.166931,-10,0,-10,-0.02617994,-1.50000,prps,1,5599
89520,89.520,1,4004,54004,lowband_largesig_r00,prps,1424,-26,-0.203854,-1,0,-1,-0.00261799,-0.15000,prps,1,5603
89540,89.540,1,4004,54004,lowband_largesig_r00,prps,1422,-28,-0.216667,7,0,7,0.01832596,1.05000,prps,1,5607
89560,89.560,1,4004,54004,lowband_largesig_r00,prps,1423,-27,-0.215514,13,0,13,0.03403392,1.95000,prps,1,5611
89580,89.580,1,4004,54004,lowband_largesig_r00,prps,1423,-27,-0.212771,14,0,14,0.03665191,2.10000,prps,1,5615
89600,89.600,1,4004,54004,lowband_largesig_r00,prps,1422,-28,-0.220886,15,0,15,0.03926991,2.25000,prps,1,5619
89620,89.620,1,4004,54004,lowband_largesig_r00,prps,1418,-32,-0.250161,15,0,15,0.03926991,2.25000,prps,1,5623
89640,89.640,1,4004,54004,lowband_largesig_r00,prps,1411,-39,-0.306837,15,0,15,0.03926991,2.25000,prps,1,5627
89660,89.660,1,4004,54004,lowband_largesig_r00,prps,1400,-50,-0.391815,17,0,17,0.04450589,2.55000,prps,1,5631
89680,89.680,1,4004,54004,lowband_largesig_r00,prps,1386,-64,-0.500238,20,0,20,0.05235988,3.00000,prps,1,5635
89700,89.700,1,4004,54004,lowband_largesig_r00,prps,1371,-79,-0.622040,23,0,23,0.06021386,3.45000,prps,1,5639
89720,89.720,1,4004,54004,lowband_largesig_r00,prps,1356,-94,-0.743368,26,0,26,0.06806784,3.90000,prps,1,5643
89740,89.740,1,4004,54004,lowband_largesig_r00,prps,1342,-108,-0.848684,33,0,33,0.08639380,4.95000,prps,1,5647
89760,89.760,1,4004,54004,lowband_largesig_r00,prps,1333,-117,-0.923205,41,0,41,0.10733775,6.15000,prps,1,5651
89780,89.780,1,4004,54004,lowband_largesig_r00,prps,1329,-121,-0.955274,51,0,51,0.13351768,7.65000,prps,1,5655
89800,89.800,1,4004,54004,lowband_largesig_r00,prps,1331,-119,-0.938287,59,0,59,0.15446164,8.85000,prps,1,5659
89820,89.820,1,4004,54004,lowband_largesig_r00,prps,1339,-111,-0.871844,65,0,65,0.17016960,9.75000,prps,1,5663
89840,89.840,1,4004,54004,lowband_largesig_r00,prps,1353,-97,-0.761928,66,0,66,0.17278760,9.90000,prps,1,5667
89860,89.860,1,4004,54004,lowband_largesig_r00,prps,1371,-79,-0.620091,66,0,66,0.17278760,9.90000,prps,1,5671
89880,89.880,1,4004,54004,lowband_largesig_r00,prps,1391,-59,-0.461750,63,0,63,0.16493360,9.45000,prps,1,5675
89900,89.900,1,4004,54004,lowband_largesig_r00,prps,1411,-39,-0.303908,57,0,57,0.14922565,8.55000,prps,1,5679
89920,89.920,1,4004,54004,lowband_largesig_r00,prps,1429,-21,-0.162634,48,0,48,0.12566370,7.20000,prps,1,5683
89940,89.940,1,4004,54004,lowband_largesig_r00,prps,1444,-6,-0.050748,37,0,37,0.09686577,5.55000,prps,1,5687
89960,89.960,1,4004,54004,lowband_largesig_r00,prps,1453,3,0.023930,24,0,24,0.06283185,3.60000,prps,1,5691
89980,89.980,1,4004,54004,lowband_largesig_r00,prps,1458,8,0.059493,13,0,13,0.03403392,1.95000,prps,1,5695
90000,90.000,1,4004,54004,lowband_largesig_r00,prps,1458,8,0.059872,5,0,5,0.01308997,0.75000,prps,1,5699
90020,90.020,1,4004,54004,lowband_largesig_r00,prps,1454,4,0.033830,1,0,1,0.00261799,0.15000,prps,1,5703
90040,90.040,1,4004,54004,lowband_largesig_r00,prps,1449,-1,-0.006797,0,0,0,0.00000000,0.00000,prps,1,5707
90060,90.060,1,4004,54004,lowband_largesig_r00,prps,1444,-6,-0.049287,0,0,0,0.00000000,0.00000,prps,1,5711
90080,90.080,1,4004,54004,lowband_largesig_r00,prps,1440,-10,-0.082246,1,0,1,0.00261799,0.15000,prps,1,5715
90100,90.100,1,4004,54004,lowband_largesig_r00,prps,1438,-12,-0.097480,2,0,2,0.00523599,0.30000,prps,1,5719
90120,90.120,1,4004,54004,lowband_largesig_r00,prps,1438,-12,-0.091191,4,0,4,0.01047198,0.60000,prps,1,5723
90140,90.140,1,4004,54004,lowband_largesig_r00,prps,1442,-8,-0.064307,5,0,5,0.01308997,0.75000,prps,1,5727
90160,90.160,1,4004,54004,lowband_largesig_r00,prps,1447,-3,-0.021905,6,0,6,0.01570796,0.90000,prps,1,5731
90180,90.180,1,4004,54004,lowband_largesig_r00,prps,1454,4,0.028139,6,0,6,0.01570796,0.90000,prps,1,5735
90200,90.200,1,4004,54004,lowband_largesig_r00,prps,1460,10,0.077011,6,0,6,0.01570796,0.90000,prps,1,5739
90220,90.220,1,4004,54004,lowband_largesig_r00,prps,1465,15,0.116965,6,0,6,0.01570796,0.90000,prps,1,5743
90240,90.240,1,4004,54004,lowband_largesig_r00,prps,1468,18,0.143094,5,0,5,0.01308997,0.75000,prps,1,5747
90260,90.260,1,4004,54004,lowband_largesig_r00,prps,1470,20,0.154513,4,0,4,0.01047198,0.60000,prps,1,5751
90280,90.280,1,4004,54004,lowband_largesig_r00,prps,1470,20,0.154727,1,0,1,0.00261799,0.15000,prps,1,5755
90300,90.300,1,4004,54004,lowband_largesig_r00,prps,1469,19,0.151080,-2,0,-2,-0.00523599,-0.30000,prps,1,5759
90320,90.320,1,4004,54004,lowband_largesig_r00,prps,1469,19,0.153389,-5,0,-5,-0.01308997,-0.75000,prps,1,5763
90340,90.340,1,4004,54004,lowband_largesig_r00,prps,1472,22,0.171977,-7,0,-7,-0.01832596,-1.05000,prps,1,5767
90360,90.360,1,4004,54004,lowband_largesig_r00,prps,1477,27,0.215474,-7,0,-7,-0.01832596,-1.05000,prps,1,5771
90380,90.380,1,4004,54004,lowband_largesig_r00,prps,1487,37,0.288779,-9,0,-9,-0.02356194,-1.35000,prps,1,5775
90400,90.400,1,4004,54004,lowband_largesig_r00,prps,1500,50,0.391580,-12,0,-12,-0.03141592,-1.80000,prps,1,5779
90420,90.420,1,4004,54004,lowband_largesig_r00,prps,1516,66,0.517733,-15,0,-15,-0.03926991,-2.25000,prps,1,5783
90440,90.440,1,4004,54004,lowband_largesig_r00,prps,1533,83,0.655648,-20,0,-20,-0.05235988,-3.00000,prps,1,5787
90460,90.460,1,4004,54004,lowband_largesig_r00,prps,1550,100,0.789678,-26,0,-26,-0.06806784,-3.90000,prps,1,5791
90480,90.480,1,4004,54004,lowband_largesig_r00,prps,1565,115,0.902309,-34,0,-34,-0.08901179,-5.10000,prps,1,5795
90500,90.500,1,4004,54004,lowband_largesig_r00,prps,1574,124,0.976823,-44,0,-44,-0.11519173,-6.60000,prps,1,5799
90520,90.520,1,4004,54004,lowband_largesig_r00,prps,1577,127,1.000000,-54,0,-54,-0.14137166,-8.10000,prps,1,5803
90540,90.540,1,4004,54004,lowband_largesig_r00,prps,1572,122,0.964411,-62,0,-62,-0.16231562,-9.30000,prps,1,5807
90560,90.560,1,4004,54004,lowband_largesig_r00,prps,1560,110,0.869918,-65,0,-65,-0.17016960,-9.75000,prps,1,5811
90580,90.580,1,4004,54004,lowband_largesig_r00,prps,1542,92,0.724101,-64,0,-64,-0.16755160,-9.60000,prps,1,5815
90600,90.600,1,4004,54004,lowband_largesig_r00,prps,1519,69,0.541525,-62,0,-62,-0.16231562,-9.30000,prps,1,5819
90620,90.620,1,4004,54004,lowband_largesig_r00,prps,1493,43,0.341925,-58,0,-58,-0.15184364,-8.70000,prps,1,5823
90640,90.640,1,4004,54004,lowband_largesig_r00,prps,1469,19,0.147584,-50,0,-50,-0.13089970,-7.50000,prps,1,5827
90660,90.660,1,4004,54004,lowband_largesig_r00,prps,1447,-3,-0.019714,-39,0,-39,-0.10210176,-5.85000,prps,1,5831
90680,90.680,1,4004,54004,lowband_largesig_r00,prps,1432,-18,-0.141674,-26,0,-26,-0.06806784,-3.90000,prps,1,5835
90700,90.700,1,4004,54004,lowband_largesig_r00,prps,1424,-26,-0.205977,-12,0,-12,-0.03141592,-1.80000,prps,1,5839
90720,90.720,1,4004,54004,lowband_largesig_r00,prps,1424,-26,-0.207882,1,0,1,0.00261799,0.15000,prps,1,5843
90740,90.740,1,4004,54004,lowband_largesig_r00,prps,1431,-19,-0.150714,11,0,11,0.02879793,1.65000,prps,1,5847
90760,90.760,1,4004,54004,lowband_largesig_r00,prps,1444,-6,-0.045175,13,0,13,0.03403392,1.95000,prps,1,5851
90780,90.780,1,4004,54004,lowband_largesig_r00,prps,1462,12,0.092394,12,0,12,0.03141592,1.80000,prps,1,5855
90800,90.800,1,4004,54004,lowband_largesig_r00,prps,1481,31,0.242500,9,0,9,0.02356194,1.35000,prps,1,5859
90820,90.820,1,4004,54004,lowband_largesig_r00,prps,1499,49,0.385348,3,0,3,0.00785398,0.45000,prps,1,5863
90840,90.840,1,4004,54004,lowband_largesig_r00,prps,1514,64,0.503596,-3,0,-3,-0.00785398,-0.45000,prps,1,5867
90860,90.860,1,4004,54004,lowband_largesig_r00,prps,1524,74,0.584610,-13,0,-13,-0.03403392,-1.95000,prps,1,5871
90880,90.880,1,4004,54004,lowband_largesig_r00,prps,1529,79,0.621878,-24,0,-24,-0.06283185,-3.60000,prps,1,5875
90900,90.900,1,4004,54004,lowband_largesig_r00,prps,1528,78,0.615437,-33,0,-33,-0.08639380,-4.95000,prps,1,5879
90920,90.920,1,4004,54004,lowband_largesig_r00,prps,1523,73,0.571264,-40,0,-40,-0.10471976,-6.00000,prps,1,5883
90940,90.940,1,4004,54004,lowband_largesig_r00,prps,1513,63,0.499821,-42,0,-42,-0.10995574,-6.30000,prps,1,5887
90960,90.960,1,4004,54004,lowband_largesig_r00,prps,1503,53,0.414008,-42,0,-42,-0.10995574,-6.30000,prps,1,5891
90980,90.980,1,4004,54004,lowband_largesig_r00,prps,1492,42,0.326904,-40,0,-40,-0.10471976,-6.00000,prps,1,5895
91000,91.000,1,4004,54004,lowband_largesig_r00,prps,1482,32,0.249671,-37,0,-37,-0.09686577,-5.55000,prps,1,5899
91020,91.020,1,4004,54004,lowband_largesig_r00,prps,1474,24,0.189944,-32,0,-32,-0.08377580,-4.80000,prps,1,5903
91040,91.040,1,4004,54004,lowband_largesig_r00,prps,1469,19,0.150945,-27,0,-27,-0.07068583,-4.05000,prps,1,5907
91060,91.060,1,4004,54004,lowband_largesig_r00,prps,1467,17,0.131405,-21,0,-21,-0.05497787,-3.15000,prps,1,5911
91080,91.080,1,4004,54004,lowband_largesig_r00,prps,1466,16,0.126254,-16,0,-16,-0.04188790,-2.40000,prps,1,5915
91100,91.100,1,4004,54004,lowband_largesig_r00,prps,1466,16,0.127902,-13,0,-13,-0.03403392,-1.95000,prps,1,5919
91120,91.120,1,4004,54004,lowband_largesig_r00,prps,1466,16,0.127842,-13,0,-13,-0.03403392,-1.95000,prps,1,5923
91140,91.140,1,4004,54004,lowband_largesig_r00,prps,1465,15,0.118275,-12,0,-12,-0.03141592,-1.80000,prps,1,5927
91160,91.160,1,4004,54004,lowband_largesig_r00,prps,1462,12,0.093474,-11,0,-11,-0.02879793,-1.65000,prps,1,5931
91180,91.180,1,4004,54004,lowband_largesig_r00,prps,1456,6,0.050662,-10,0,-10,-0.02617994,-1.50000,prps,1,5935
91200,91.200,1,4004,54004,lowband_largesig_r00,prps,1449,-1,-0.009709,-8,0,-8,-0.02094395,-1.20000,prps,1,5939
91220,91.220,1,4004,54004,lowband_largesig_r00,prps,1439,-11,-0.084282,-7,0,-7,-0.01832596,-1.05000,prps,1,5943
91240,91.240,1,4004,54004,lowband_largesig_r00,prps,1429,-21,-0.167614,-4,0,-4,-0.01047198,-0.60000,prps,1,5947
91260,91.260,1,4004,54004,lowband_largesig_r00,prps,1418,-32,-0.253298,1,0,1,0.00261799,0.15000,prps,1,5951
91280,91.280,1,4004,54004,lowband_largesig_r00,prps,1407,-43,-0.335152,6,0,6,0.01570796,0.90000,prps,1,5955
91300,91.300,1,4004,54004,lowband_largesig_r00,prps,1398,-52,-0.408249,12,0,12,0.03141592,1.80000,prps,1,5959
91320,91.320,1,4004,54004,lowband_largesig_r00,prps,1390,-60,-0.469611,17,0,17,0.04450589,2.55000,prps,1,5963
91340,91.340,1,4004,54004,lowband_largesig_r00,prps,1384,-66,-0.518441,22,0,22,0.05759586,3.30000,prps,1,5967
91360,91.360,1,4004,54004,lowband_largesig_r00,prps,1379,-71,-0.555916,26,0,26,0.06806784,3.90000,prps,1,5971
91380,91.380,1,4004,54004,lowband_largesig_r00,prps,1376,-74,-0.584590,29,0,29,0.07592182,4.35000,prps,1,5975
91400,91.400,1,4004,54004,lowband_largesig_r00,prps,1373,-77,-0.607592,33,0,33,0.08639380,4.95000,prps,1,5979
91420,91.420,1,4004,54004,lowband_largesig_r00,prps,1370,-80,-0.627775,35,0,35,0.09162979,5.25000,prps,1,5983
91440,91.440,1,4004,54004,lowband_largesig_r00,prps,1368,-82,-0.647023,37,0,37,0.09686577,5.55000,prps,1,5987
91460,91.460,1,4004,54004,lowband_largesig_r00,prps,1365,-85,-0.665851,39,0,39,0.10210176,5.85000,prps,1,5991
91480,91.480,1,4004,54004,lowband_largesig_r00,prps,1363,-87,-0.683363,42,0,42,0.10995574,6.30000,prps,1,5995
91500,91.500,1,4004,54004,lowband_largesig_r00,prps,1361,-89,-0.697570,44,0,44,0.11519173,6.60000,prps,1,5999
91520,91.520,1,4004,54004,lowband_largesig_r00,prps,1360,-90,-0.705968,46,0,46,0.12042772,6.90000,prps,1,6003
91540,91.540,1,4004,54004,lowband_largesig_r00,prps,1360,-90,-0.706234,47,0,47,0.12304571,7.05000,prps,1,6007
91560,91.560,1,4004,54004,lowband_largesig_r00,prps,1361,-89,-0.696870,48,0,48,0.12566370,7.20000,prps,1,6011
91580,91.580,1,4004,54004,lowband_largesig_r00,prps,1364,-86,-0.677632,50,0,50,0.13089970,7.50000,prps,1,6015
91600,91.600,1,4004,54004,lowband_largesig_r00,prps,1367,-83,-0.649637,50,0,50,0.13089970,7.50000,prps,1,6019
91620,91.620,1,4004,54004,lowband_largesig_r00,prps,1372,-78,-0.615110,50,0,50,0.13089970,7.50000,prps,1,6023
91640,91.640,1,4004,54004,lowband_largesig_r00,prps,1377,-73,-0.576815,50,0,50,0.13089970,7.50000,prps,1,6027
91660,91.660,1,4004,54004,lowband_largesig_r00,prps,1382,-68,-0.537297,50,0,50,0.13089970,7.50000,prps,1,6031
91680,91.680,1,4004,54004,lowband_largesig_r00,prps,1387,-63,-0.498107,50,0,50,0.13089970,7.50000,prps,1,6035
91700,91.700,1,4004,54004,lowband_largesig_r00,prps,1392,-58,-0.459198,48,0,48,0.12566370,7.20000,prps,1,6039
91720,91.720,1,4004,54004,lowband_largesig_r00,prps,1397,-53,-0.418671,45,0,45,0.11780972,6.75000,prps,1,6043
91740,91.740,1,4004,54004,lowband_largesig_r00,prps,1403,-47,-0.372958,40,0,40,0.10471976,6.00000,prps,1,6047
91760,91.760,1,4004,54004,lowband_largesig_r00,prps,1410,-40,-0.317467,36,0,36,0.09424778,5.40000,prps,1,6051
91780,91.780,1,4004,54004,lowband_largesig_r00,prps,1419,-31,-0.247607,32,0,32,0.08377580,4.80000,prps,1,6055
91800,91.800,1,4004,54004,lowband_largesig_r00,prps,1430,-20,-0.160016,28,0,28,0.07330382,4.20000,prps,1,6059
91820,91.820,1,4004,54004,lowband_largesig_r00,prps,1443,-7,-0.053752,24,0,24,0.06283185,3.60000,prps,1,6063
91840,91.840,1,4004,54004,lowband_largesig_r00,prps,1459,9,0.068784,19,0,19,0.04974188,2.85000,prps,1,6067
91860,91.860,1,4004,54004,lowband_largesig_r00,prps,1476,26,0.201450,13,0,13,0.03403392,1.95000,prps,1,6071
91880,91.880,1,4004,54004,lowband_largesig_r00,prps,1492,42,0.334600,7,0,7,0.01832596,1.05000,prps,1,6075
91900,91.900,1,4004,54004,lowband_largesig_r00,prps,1508,58,0.456022,0,0,0,0.00000000,0.00000,prps,1,6079
91920,91.920,1,4004,54004,lowband_largesig_r00,prps,1520,70,0.552474,-10,0,-10,-0.02617994,-1.50000,prps,1,6083
91940,91.940,1,4004,54004,lowband_largesig_r00,prps,1528,78,0.611608,-19,0,-19,-0.04974188,-2.85000,prps,1,6087
91960,91.960,1,4004,54004,lowband_largesig_r00,prps,1529,79,0.623999,-28,0,-28,-0.07330382,-4.20000,prps,1,6091
91980,91.980,1,4004,54004,lowband_largesig_r00,prps,1524,74,0.584920,-36,0,-36,-0.09424778,-5.40000,prps,1,6095
92000,92.000,1,4004,54004,lowband_largesig_r00,prps,1513,63,0.495557,-41,0,-41,-0.10733775,-6.15000,prps,1,6099
92020,92.020,1,4004,54004,lowband_largesig_r00,prps,1496,46,0.363406,-41,0,-41,-0.10733775,-6.15000,prps,1,6103
92040,92.040,1,4004,54004,lowband_largesig_r00,prps,1476,26,0.201726,-39,0,-39,-0.10210176,-5.85000,prps,1,6107
92060,92.060,1,4004,54004,lowband_largesig_r00,prps,1454,4,0.028070,-33,0,-33,-0.08639380,-4.95000,prps,1,6111
92080,92.080,1,4004,54004,lowband_largesig_r00,prps,1432,-18,-0.137921,-25,0,-25,-0.06544985,-3.75000,prps,1,6115
92100,92.100,1,4004,54004,lowband_largesig_r00,prps,1415,-35,-0.277155,-13,0,-13,-0.03403392,-1.95000,prps,1,6119
92120,92.120,1,4004,54004,lowband_largesig_r00,prps,1403,-47,-0.373759,-2,0,-2,-0.00523599,-0.30000,prps,1,6123
92140,92.140,1,4004,54004,lowband_largesig_r00,prps,1397,-53,-0.417372,10,0,10,0.02617994,1.50000,prps,1,6127
92160,92.160,1,4004,54004,lowband_largesig_r00,prps,1399,-51,-0.404678,20,0,20,0.05235988,3.00000,prps,1,6131
92180,92.180,1,4004,54004,lowband_largesig_r00,prps,1407,-43,-0.339918,22,0,22,0.05759586,3.30000,prps,1,6135
92200,92.200,1,4004,54004,lowband_largesig_r00,prps,1420,-30,-0.234290,22,0,22,0.05759586,3.30000,prps,1,6139
92220,92.220,1,4004,54004,lowband_largesig_r00,prps,1437,-13,-0.104297,22,0,22,0.05759586,3.30000,prps,1,6143
92240,92.240,1,4004,54004,lowband_largesig_r00,prps,1454,4,0.030718,20,0,20,0.05235988,3.00000,prps,1,6147
92260,92.260,1,4004,54004,lowband_largesig_r00,prps,1469,19,0.151462,16,0,16,0.04188790,2.40000,prps,1,6151
92280,92.280,1,4004,54004,lowband_largesig_r00,prps,1481,31,0.241564,9,0,9,0.02356194,1.35000,prps,1,6155
92300,92.300,1,4004,54004,lowband_largesig_r00,prps,1487,37,0.289989,2,0,2,0.00523599,0.30000,prps,1,6159
92320,92.320,1,4004,54004,lowband_largesig_r00,prps,1487,37,0.292600,-4,0,-4,-0.01047198,-0.60000,prps,1,6163
92340,92.340,1,4004,54004,lowband_largesig_r00,prps,1482,32,0.252639,-10,0,-10,-0.02617994,-1.50000,prps,1,6167
92360,92.360,1,4004,54004,lowband_largesig_r00,prps,1473,23,0.180054,-15,0,-15,-0.03926991,-2.25000,prps,1,6171
92380,92.380,1,4004,54004,lowband_largesig_r00,prps,1461,11,0.089795,-18,0,-18,-0.04712389,-2.70000,prps,1,6175
92400,92.400,1,4004,54004,lowband_largesig_r00,prps,1450,0,-0.000644,-17,0,-17,-0.04450589,-2.55000,prps,1,6179
92420,92.420,1,4004,54004,lowband_largesig_r00,prps,1441,-9,-0.074017,-14,0,-14,-0.03665191,-2.10000,prps,1,6183
92440,92.440,1,4004,54004,lowband_largesig_r00,prps,1435,-15,-0.116019,-8,0,-8,-0.02094395,-1.20000,prps,1,6187
92460,92.460,1,4004,54004,lowband_largesig_r00,prps,1435,-15,-0.117431,-1,0,-1,-0.00261799,-0.15000,prps,1,6191
92480,92.480,1,4004,54004,lowband_largesig_r00,prps,1440,-10,-0.075384,4,0,4,0.01047198,0.60000,prps,1,6195
92500,92.500,1,4004,54004,lowband_largesig_r00,prps,1451,1,0.006422,7,0,7,0.01832596,1.05000,prps,1,6199
92520,92.520,1,4004,54004,lowband_largesig_r00,prps,1465,15,0.118577,7,0,7,0.01832596,1.05000,prps,1,6203
92540,92.540,1,4004,54004,lowband_largesig_r00,prps,1481,31,0.247708,5,0,5,0.01308997,0.75000,prps,1,6207
92560,92.560,1,4004,54004,lowband_largesig_r00,prps,1498,48,0.378788,1,0,1,0.00261799,0.15000,prps,1,6211
92580,92.580,1,4004,54004,lowband_largesig_r00,prps,1513,63,0.497623,-5,0,-5,-0.01308997,-0.75000,prps,1,6215
92600,92.600,1,4004,54004,lowband_largesig_r00,prps,1525,75,0.593070,-14,0,-14,-0.03665191,-2.10000,prps,1,6219
92620,92.620,1,4004,54004,lowband_largesig_r00,prps,1534,84,0.658617,-24,0,-24,-0.06283185,-3.60000,prps,1,6223
92640,92.640,1,4004,54004,lowband_largesig_r00,prps,1538,88,0.693093,-32,0,-32,-0.08377580,-4.80000,prps,1,6227
92660,92.660,1,4004,54004,lowband_largesig_r00,prps,1539,89,0.700384,-41,0,-41,-0.10733775,-6.15000,prps,1,6231
92680,92.680,1,4004,54004,lowband_largesig_r00,prps,1537,87,0.688270,-45,0,-45,-0.11780972,-6.75000,prps,1,6235
92700,92.700,1,4004,54004,lowband_largesig_r00,prps,1535,85,0.666593,-47,0,-47,-0.12304571,-7.05000,prps,1,6239
92720,92.720,1,4004,54004,lowband_largesig_r00,prps,1532,82,0.645127,-47,0,-47,-0.12304571,-7.05000,prps,1,6243
92740,92.740,1,4004,54004,lowband_largesig_r00,prps,1530,80,0.631537,-47,0,-47,-0.12304571,-7.05000,prps,1,6247
92760,92.760,1,4004,54004,lowband_largesig_r00,prps,1530,80,0.629809,-47,0,-47,-0.12304571,-7.05000,prps,1,6251
92780,92.780,1,4004,54004,lowband_largesig_r00,prps,1531,81,0.639434,-47,0,-47,-0.12304571,-7.05000,prps,1,6255
92800,92.800,1,4004,54004,lowband_largesig_r00,prps,1533,83,0.655498,-46,0,-46,-0.12042772,-6.90000,prps,1,6259
92820,92.820,1,4004,54004,lowband_largesig_r00,prps,1535,85,0.669653,-46,0,-46,-0.12042772,-6.90000,prps,1,6263
92840,92.840,1,4004,54004,lowband_largesig_r00,prps,1535,85,0.671792,-46,0,-46,-0.12042772,-6.90000,prps,1,6267
92860,92.860,1,4004,54004,lowband_largesig_r00,prps,1533,83,0.652118,-46,0,-46,-0.12042772,-6.90000,prps,1,6271
92880,92.880,1,4004,54004,lowband_largesig_r00,prps,1527,77,0.603222,-46,0,-46,-0.12042772,-6.90000,prps,1,6275
92900,92.900,1,4004,54004,lowband_largesig_r00,prps,1516,66,0.521793,-46,0,-46,-0.12042772,-6.90000,prps,1,6279
92920,92.920,1,4004,54004,lowband_largesig_r00,prps,1502,52,0.409620,-45,0,-45,-0.11780972,-6.75000,prps,1,6283
92940,92.940,1,4004,54004,lowband_largesig_r00,prps,1485,35,0.273706,-42,0,-42,-0.10995574,-6.30000,prps,1,6287
92960,92.960,1,4004,54004,lowband_largesig_r00,prps,1466,16,0.125433,-37,0,-37,-0.09686577,-5.55000,prps,1,6291
92980,92.980,1,4004,54004,lowband_largesig_r00,prps,1447,-3,-0.021074,-30,0,-30,-0.07853982,-4.50000,prps,1,6295
93000,93.000,1,4004,54004,lowband_largesig_r00,prps,1431,-19,-0.151138,-21,0,-21,-0.05497787,-3.15000,prps,1,6299
93020,93.020,1,4004,54004,lowband_largesig_r00,prps,1418,-32,-0.251887,-10,0,-10,-0.02617994,-1.50000,prps,1,6303
93040,93.040,1,4004,54004,lowband_largesig_r00,prps,1410,-40,-0.314378,1,0,1,0.00261799,0.15000,prps,1,6307
93060,93.060,1,4004,54004,lowband_largesig_r00,prps,1407,-43,-0.335128,11,0,11,0.02879793,1.65000,prps,1,6311
93080,93.080,1,4004,54004,lowband_largesig_r00,prps,1410,-40,-0.316758,19,0,19,0.04974188,2.85000,prps,1,6315
93100,93.100,1,4004,54004,lowband_largesig_r00,prps,1416,-34,-0.267663,21,0,21,0.05497787,3.15000,prps,1,6319
93120,93.120,1,4004,54004,lowband_largesig_r00,prps,1425,-25,-0.200719,21,0,21,0.05497787,3.15000,prps,1,6323
93140,93.140,1,4004,54004,lowband_largesig_r00,prps,1433,-17,-0.131256,20,0,20,0.05235988,3.00000,prps,1,6327
93160,93.160,1,4004,54004,lowband_largesig_r00,prps,1441,-9,-0.074619,18,0,18,0.04712389,2.70000,prps,1,6331
93180,93.180,1,4004,54004,lowband_largesig_r00,prps,1444,-6,-0.043726,16,0,16,0.04188790,2.40000,prps,1,6335
93200,93.200,1,4004,54004,lowband_largesig_r00,prps,1444,-6,-0.047017,12,0,12,0.03141592,1.80000,prps,1,6339
93220,93.220,1,4004,54004,lowband_largesig_r00,prps,1439,-11,-0.087143,10,0,10,0.02617994,1.50000,prps,1,6343
93240,93.240,1,4004,54004,lowband_largesig_r00,prps,1430,-20,-0.160587,8,0,8,0.02094395,1.20000,prps,1,6347
93260,93.260,1,4004,54004,lowband_largesig_r00,prps,1417,-33,-0.258299,8,0,8,0.02094395,1.20000,prps,1,6351
93280,93.280,1,4004,54004,lowband_largesig_r00,prps,1403,-47,-0.367210,10,0,10,0.02617994,1.50000,prps,1,6355
93300,93.300,1,4004,54004,lowband_largesig_r00,prps,1390,-60,-0.472385,14,0,14,0.03665191,2.10000,prps,1,6359
93320,93.320,1,4004,54004,lowband_largesig_r00,prps,1379,-71,-0.559451,19,0,19,0.04974188,2.85000,prps,1,6363
93340,93.340,1,4004,54004,lowband_largesig_r00,prps,1372,-78,-0.616902,24,0,24,0.06283185,3.60000,prps,1,6367
93360,93.360,1,4004,54004,lowband_largesig_r00,prps,1369,-81,-0.637916,30,0,30,0.07853982,4.50000,prps,1,6371
93380,93.380,1,4004,54004,lowband_largesig_r00,prps,1371,-79,-0.621402,35,0,35,0.09162979,5.25000,prps,1,6375
93400,93.400,1,4004,54004,lowband_largesig_r00,prps,1377,-73,-0.572109,39,0,39,0.10210176,5.85000,prps,1,6379
93420,93.420,1,4004,54004,lowband_largesig_r00,prps,1387,-63,-0.499831,40,0,40,0.10471976,6.00000,prps,1,6383
93440,93.440,1,4004,54004,lowband_largesig_r00,prps,1397,-53,-0.417828,40,0,40,0.10471976,6.00000,prps,1,6387
93460,93.460,1,4004,54004,lowband_largesig_r00,prps,1407,-43,-0.340754,38,0,38,0.09948376,5.70000,prps,1,6391
93480,93.480,1,4004,54004,lowband_largesig_r00,prps,1414,-36,-0.282420,35,0,35,0.09162979,5.25000,prps,1,6395
93500,93.500,1,4004,54004,lowband_largesig_r00,prps,1418,-32,-0.253766,30,0,30,0.07853982,4.50000,prps,1,6399
93520,93.520,1,4004,54004,lowband_largesig_r00,prps,1417,-33,-0.261316,26,0,26,0.06806784,3.90000,prps,1,6403
93540,93.540,1,4004,54004,lowband_largesig_r00,prps,1411,-39,-0.306367,22,0,22,0.05759586,3.30000,prps,1,6407
93560,93.560,1,4004,54004,lowband_largesig_r00,prps,1401,-49,-0.384959,20,0,20,0.05235988,3.00000,prps,1,6411
93580,93.580,1,4004,54004,lowband_largesig_r00,prps,1388,-62,-0.488617,21,0,21,0.05497787,3.15000,prps,1,6415
93600,93.600,1,4004,54004,lowband_largesig_r00,prps,1373,-77,-0.605672,23,0,23,0.06021386,3.45000,prps,1,6419
93620,93.620,1,4004,54004,lowband_largesig_r00,prps,1358,-92,-0.722929,27,0,27,0.07068583,4.05000,prps,1,6423
93640,93.640,1,4004,54004,lowband_largesig_r00,prps,1345,-105,-0.827402,34,0,34,0.08901179,5.10000,prps,1,6427
93660,93.660,1,4004,54004,lowband_largesig_r00,prps,1335,-115,-0.907842,41,0,41,0.10733775,6.15000,prps,1,6431
93680,93.680,1,4004,54004,lowband_largesig_r00,prps,1329,-121,-0.955858,50,0,50,0.13089970,7.50000,prps,1,6435
93700,93.700,1,4004,54004,lowband_largesig_r00,prps,1327,-123,-0.966504,58,0,58,0.15184364,8.70000,prps,1,6439
93720,93.720,1,4004,54004,lowband_largesig_r00,prps,1331,-119,-0.938336,65,0,65,0.17016960,9.75000,prps,1,6443
93740,93.740,1,4004,54004,lowband_largesig_r00,prps,1339,-111,-0.872998,67,0,67,0.17540560,10.05000,prps,1,6447
93760,93.760,1,4004,54004,lowband_largesig_r00,prps,1352,-98,-0.774504,67,0,67,0.17540560,10.05000,prps,1,6451
93780,93.780,1,4004,54004,lowband_largesig_r00,prps,1368,-82,-0.648409,67,0,67,0.17540560,10.05000,prps,1,6455
93800,93.800,1,4004,54004,lowband_largesig_r00,prps,1386,-64,-0.501022,66,0,66,0.17278760,9.90000,prps,1,6459
93820,93.820,1,4004,54004,lowband_largesig_r00,prps,1407,-43,-0.338837,60,0,60,0.15707964,9.00000,prps,1,6463
93840,93.840,1,4004,54004,lowband_largesig_r00,prps,1429,-21,-0.168217,51,0,51,0.13351768,7.65000,prps,1,6467
93860,93.860,1,4004,54004,lowband_largesig_r00,prps,1451,1,0.004656,40,0,40,0.10471976,6.00000,prps,1,6471
93880,93.880,1,4004,54004,lowband_largesig_r00,prps,1472,22,0.173644,25,0,25,0.06544985,3.75000,prps,1,6475
93900,93.900,1,4004,54004,lowband_largesig_r00,prps,1492,42,0.332472,12,0,12,0.03141592,1.80000,prps,1,6479
93920,93.920,1,4004,54004,lowband_largesig_r00,prps,1510,60,0.474618,0,0,0,0.00000000,0.00000,prps,1,6483
93940,93.940,1,4004,54004,lowband_largesig_r00,prps,1525,75,0.593412,-11,0,-11,-0.02879793,-1.65000,prps,1,6487
93960,93.960,1,4004,54004,lowband_largesig_r00,prps,1537,87,0.682398,-22,0,-22,-0.05759586,-3.30000,prps,1,6491
93980,93.980,1,4004,54004,lowband_largesig_r00,prps,1543,93,0.735967,-32,0,-32,-0.08377580,-4.80000,prps,1,6495
94000,94.000,1,4004,54004,lowband_largesig_r00,prps,1545,95,0.750150,-42,0,-42,-0.10995574,-6.30000,prps,1,6499
94020,94.020,1,4004,54004,lowband_largesig_r00,prps,1542,92,0.723465,-48,0,-48,-0.12566370,-7.20000,prps,1,6503
94040,94.040,1,4004,54004,lowband_largesig_r00,prps,1534,84,0.657591,-50,0,-50,-0.13089970,-7.50000,prps,1,6507
94060,94.060,1,4004,54004,lowband_largesig_r00,prps,1521,71,0.557733,-50,0,-50,-0.13089970,-7.50000,prps,1,6511
94080,94.080,1,4004,54004,lowband_largesig_r00,prps,1505,55,0.432502,-49,0,-49,-0.12828170,-7.35000,prps,1,6515
94100,94.100,1,4004,54004,lowband_largesig_r00,prps,1487,37,0.293277,-47,0,-47,-0.12304571,-7.05000,prps,1,6519
94120,94.120,1,4004,54004,lowband_largesig_r00,prps,1469,19,0.153062,-40,0,-40,-0.10471976,-6.00000,prps,1,6523
94140,94.140,1,4004,54004,lowband_largesig_r00,prps,1453,3,0.024982,-32,0,-32,-0.08377580,-4.80000,prps,1,6527
94160,94.160,1,4004,54004,lowband_largesig_r00,prps,1440,-10,-0.079372,-23,0,-23,-0.06021386,-3.45000,prps,1,6531
94180,94.180,1,4004,54004,lowband_largesig_r00,prps,1431,-19,-0.151492,-13,0,-13,-0.03403392,-1.95000,prps,1,6535
94200,94.200,1,4004,54004,lowband_largesig_r00,prps,1426,-24,-0.187119,-3,0,-3,-0.00785398,-0.45000,prps,1,6539
94220,94.220,1,4004,54004,lowband_largesig_r00,prps,1426,-24,-0.186827,5,0,5,0.01308997,0.75000,prps,1,6543
94240,94.240,1,4004,54004,lowband_largesig_r00,prps,1430,-20,-0.155874,11,0,11,0.02879793,1.65000,prps,1,6547
94260,94.260,1,4004,54004,lowband_largesig_r00,prps,1437,-13,-0.103326,11,0,11,0.02879793,1.65000,prps,1,6551
94280,94.280,1,4004,54004,lowband_largesig_r00,prps,1445,-5,-0.040569,11,0,11,0.02879793,1.65000,prps,1,6555
94300,94.300,1,4004,54004,lowband_largesig_r00,prps,1453,3,0.020575,11,0,11,0.02879793,1.65000,prps,1,6559
94320,94.320,1,4004,54004,lowband_largesig_r00,prps,1459,9,0.069810,9,0,9,0.02356194,1.35000,prps,1,6563
94340,94.340,1,4004,54004,lowband_largesig_r00,prps,1463,13,0.100078,7,0,7,0.01832596,1.05000,prps,1,6567
94360,94.360,1,4004,54004,lowband_largesig_r00,prps,1464,14,0.108717,4,0,4,0.01047198,0.60000,prps,1,6571
94380,94.380,1,4004,54004,lowband_largesig_r00,prps,1462,12,0.097856,2,0,2,0.00523599,0.30000,prps,1,6575
94400,94.400,1,4004,54004,lowband_largesig_r00,prps,1459,9,0.073949,0,0,0,0.00000000,0.00000,prps,1,6579
94420,94.420,1,4004,54004,lowband_largesig_r00,prps,1456,6,0.046516,-1,0,-1,-0.00261799,-0.15000,prps,1,6583
94440,94.440,1,4004,54004,lowband_largesig_r00,prps,1453,3,0.026288,-1,0,-1,-0.00261799,-0.15000,prps,1,6587
94460,94.460,1,4004,54004,lowband_largesig_r00,prps,1453,3,0.023072,-1,0,-1,-0.00261799,-0.15000,prps,1,6591
94480,94.480,1,4004,54004,lowband_largesig_r00,prps,1456,6,0.043706,-1,0,-1,-0.00261799,-0.15000,prps,1,6595
94500,94.500,1,4004,54004,lowband_largesig_r00,prps,1461,11,0.090476,-1,0,-1,-0.00261799,-0.15000,prps,1,6599
94520,94.520,1,4004,54004,lowband_largesig_r00,prps,1470,20,0.160304,-1,0,-1,-0.00261799,-0.15000,prps,1,6603
94540,94.540,1,4004,54004,lowband_largesig_r00,prps,1481,31,0.244871,-2,0,-2,-0.00523599,-0.30000,prps,1,6607
94560,94.560,1,4004,54004,lowband_largesig_r00,prps,1492,42,0.331708,-4,0,-4,-0.01047198,-0.60000,prps,1,6611
94580,94.580,1,4004,54004,lowband_largesig_r00,prps,1502,52,0.406101,-9,0,-9,-0.02356194,-1.35000,prps,1,6615
94600,94.600,1,4004,54004,lowband_largesig_r00,prps,1508,58,0.453510,-14,0,-14,-0.03665191,-2.10000,prps,1,6619
94620,94.620,1,4004,54004,lowband_largesig_r00,prps,1509,59,0.462120,-19,0,-19,-0.04974188,-2.85000,prps,1,6623
94640,94.640,1,4004,54004,lowband_largesig_r00,prps,1504,54,0.425076,-24,0,-24,-0.06283185,-3.60000,prps,1,6627
94660,94.660,1,4004,54004,lowband_largesig_r00,prps,1493,43,0.342021,-27,0,-27,-0.07068583,-4.05000,prps,1,6631
94680,94.680,1,4004,54004,lowband_largesig_r00,prps,1478,28,0.219644,-27,0,-27,-0.07068583,-4.05000,prps,1,6635
94700,94.700,1,4004,54004,lowband_largesig_r00,prps,1459,9,0.071105,-25,0,-25,-0.06544985,-3.75000,prps,1,6639
94720,94.720,1,4004,54004,lowband_largesig_r00,prps,1439,-11,-0.085611,-21,0,-21,-0.05497787,-3.15000,prps,1,6643
94740,94.740,1,4004,54004,lowband_largesig_r00,prps,1421,-29,-0.230168,-14,0,-14,-0.03665191,-2.10000,prps,1,6647
94760,94.760,1,4004,54004,lowband_largesig_r00,prps,1406,-44,-0.342830,-5,0,-5,-0.01308997,-0.75000,prps,1,6651
94780,94.780,1,4004,54004,lowband_largesig_r00,prps,1398,-52,-0.407400,6,0,6,0.01570796,0.90000,prps,1,6655
94800,94.800,1,4004,54004,lowband_largesig_r00,prps,1397,-53,-0.413698,16,0,16,0.04188790,2.40000,prps,1,6659
94820,94.820,1,4004,54004,lowband_largesig_r00,prps,1404,-46,-0.359176,23,0,23,0.06021386,3.45000,prps,1,6663
94840,94.840,1,4004,54004,lowband_largesig_r00,prps,1418,-32,-0.249389,24,0,24,0.06283185,3.60000,prps,1,6667
94860,94.860,1,4004,54004,lowband_largesig_r00,prps,1438,-12,-0.097255,24,0,24,0.06283185,3.60000,prps,1,6671
94880,94.880,1,4004,54004,lowband_largesig_r00,prps,1460,10,0.078806,22,0,22,0.05759586,3.30000,prps,1,6675
94900,94.900,1,4004,54004,lowband_largesig_r00,prps,1483,33,0.257544,16,0,16,0.04188790,2.40000,prps,1,6679
94920,94.920,1,4004,54004,lowband_largesig_r00,prps,1503,53,0.417966,7,0,7,0.01832596,1.05000,prps,1,6683
94940,94.940,1,4004,54004,lowband_largesig_r00,prps,1519,69,0.542340,-2,0,-2,-0.00523599,-0.30000,prps,1,6687
94960,94.960,1,4004,54004,lowband_largesig_r00,prps,1529,79,0.618650,-14,0,-14,-0.03665191,-2.10000,prps,1,6691
94980,94.980,1,4004,54004,lowband_largesig_r00,prps,1532,82,0.642136,-26,0,-26,-0.06806784,-3.90000,prps,1,6695
95000,95.000,1,4004,54004,lowband_largesig_r00,prps,1528,78,0.615683,-36,0,-36,-0.09424778,-5.40000,prps,1,6699
95020,95.020,1,4004,54004,lowband_largesig_r00,prps,1520,70,0.549039,-42,0,-42,-0.10995574,-6.30000,prps,1,6703
95040,95.040,1,4004,54004,lowband_largesig_r00,prps,1508,58,0.457002,-43,0,-43,-0.11257374,-6.45000,prps,1,6707
95060,95.060,1,4004,54004,lowband_largesig_r00,prps,1495,45,0.356897,-42,0,-42,-0.10995574,-6.30000,prps,1,6711
95080,95.080,1,4004,54004,lowband_largesig_r00,prps,1484,34,0.265779,-40,0,-40,-0.10471976,-6.00000,prps,1,6715
95100,95.100,1,4004,54004,lowband_largesig_r00,prps,1475,25,0.197795,-35,0,-35,-0.09162979,-5.25000,prps,1,6719
95120,95.120,1,4004,54004,lowband_largesig_r00,prps,1471,21,0.162151,-28,0,-28,-0.07330382,-4.20000,prps,1,6723
95140,95.140,1,4004,54004,lowband_largesig_r00,prps,1471,21,0.161976,-23,0,-23,-0.06021386,-3.45000,prps,1,6727
95160,95.160,1,4004,54004,lowband_largesig_r00,prps,1475,25,0.194221,-17,0,-17,-0.04450589,-2.55000,prps,1,6731
95180,95.180,1,4004,54004,lowband_largesig_r00,prps,1482,32,0.250592,-15,0,-15,-0.03926991,-2.25000,prps,1,6735
95200,95.200,1,4004,54004,lowband_largesig_r00,prps,1491,41,0.319284,-15,0,-15,-0.03926991,-2.25000,prps,1,6739
95220,95.220,1,4004,54004,lowband_largesig_r00,prps,1499,49,0.387211,-16,0,-16,-0.04188790,-2.40000,prps,1,6743
95240,95.240,1,4004,54004,lowband_largesig_r00,prps,1506,56,0.442306,-18,0,-18,-0.04712389,-2.70000,prps,1,6747
95260,95.260,1,4004,54004,lowband_largesig_r00,prps,1510,60,0.475521,-22,0,-22,-0.05759586,-3.30000,prps,1,6751
95280,95.280,1,4004,54004,lowband_largesig_r00,prps,1511,61,0.482162,-25,0,-25,-0.06544985,-3.75000,prps,1,6755
95300,95.300,1,4004,54004,lowband_largesig_r00,prps,1509,59,0.462387,-28,0,-28,-0.07330382,-4.20000,prps,1,6759
95320,95.320,1,4004,54004,lowband_largesig_r00,prps,1503,53,0.420788,-30,0,-30,-0.07853982,-4.50000,prps,1,6763
95340,95.340,1,4004,54004,lowband_largesig_r00,prps,1496,46,0.365200,-30,0,-30,-0.07853982,-4.50000,prps,1,6767
95360,95.360,1,4004,54004,lowband_largesig_r00,prps,1489,39,0.304963,-30,0,-30,-0.07853982,-4.50000,prps,1,6771
95380,95.380,1,4004,54004,lowband_largesig_r00,prps,1482,32,0.248995,-29,0,-29,-0.07592182,-4.35000,prps,1,6775
95400,95.400,1,4004,54004,lowband_largesig_r00,prps,1476,26,0.204032,-27,0,-27,-0.07068583,-4.05000,prps,1,6779
95420,95.420,1,4004,54004,lowband_largesig_r00,prps,1472,22,0.173359,-24,0,-24,-0.06283185,-3.60000,prps,1,6783
95440,95.440,1,4004,54004,lowband_largesig_r00,prps,1470,20,0.156275,-20,0,-20,-0.05235988,-3.00000,prps,1,6787
95460,95.460,1,4004,54004,lowband_largesig_r00,prps,1469,19,0.148354,-17,0,-17,-0.04450589,-2.55000,prps,1,6791
95480,95.480,1,4004,54004,lowband_largesig_r00,prps,1468,18,0.142464,-16,0,-16,-0.04188790,-2.40000,prps,1,6795
95500,95.500,1,4004,54004,lowband_largesig_r00,prps,1467,17,0.130334,-15,0,-15,-0.03926991,-2.25000,prps,1,6799
95520,95.520,1,4004,54004,lowband_largesig_r00,prps,1463,13,0.104357,-14,0,-14,-0.03665191,-2.10000,prps,1,6803
95540,95.540,1,4004,54004,lowband_largesig_r00,prps,1458,8,0.059311,-12,0,-12,-0.03141592,-1.80000,prps,1,6807
95560,95.560,1,4004,54004,lowband_largesig_r00,prps,1449,-1,-0.006365,-10,0,-10,-0.02617994,-1.50000,prps,1,6811
95580,95.580,1,4004,54004,lowband_largesig_r00,prps,1439,-11,-0.089960,-8,0,-8,-0.02094395,-1.20000,prps,1,6815
95600,95.600,1,4004,54004,lowband_largesig_r00,prps,1427,-23,-0.184678,-5,0,-5,-0.01308997,-0.75000,prps,1,6819
95620,95.620,1,4004,54004,lowband_largesig_r00,prps,1414,-36,-0.280615,0,0,0,0.00000000,0.00000,prps,1,6823
95640,95.640,1,4004,54004,lowband_largesig_r00,prps,1403,-47,-0.366348,7,0,7,0.01832596,1.05000,prps,1,6827
95660,95.660,1,4004,54004,lowband_largesig_r00,prps,1395,-55,-0.430876,13,0,13,0.03403392,1.95000,prps,1,6831
95680,95.680,1,4004,54004,lowband_largesig_r00,prps,1391,-59,-0.465556,20,0,20,0.05235988,3.00000,prps,1,6835
95700,95.700,1,4004,54004,lowband_largesig_r00,prps,1391,-59,-0.465716,23,0,23,0.06021386,3.45000,prps,1,6839
95720,95.720,1,4004,54004,lowband_largesig_r00,prps,1395,-55,-0.431634,26,0,26,0.06806784,3.90000,prps,1,6843
95740,95.740,1,4004,54004,lowband_largesig_r00,prps,1403,-47,-0.368719,27,0,27,0.07068583,4.05000,prps,1,6847
95760,95.760,1,4004,54004,lowband_largesig_r00,prps,1414,-36,-0.286847,27,0,27,0.07068583,4.05000,prps,1,6851
95780,95.780,1,4004,54004,lowband_largesig_r00,prps,1425,-25,-0.198952,27,0,27,0.07068583,4.05000,prps,1,6855
95800,95.800,1,4004,54004,lowband_largesig_r00,prps,1435,-15,-0.119104,25,0,25,0.06544985,3.75000,prps,1,6859
95820,95.820,1,4004,54004,lowband_largesig_r00,prps,1442,-8,-0.060383,21,0,21,0.05497787,3.15000,prps,1,6863
95840,95.840,1,4004,54004,lowband_largesig_r00,prps,1446,-4,-0.032902,16,0,16,0.04188790,2.40000,prps,1,6867
95860,95.860,1,4004,54004,lowband_largesig_r00,prps,1445,-5,-0.042291,12,0,12,0.03141592,1.80000,prps,1,6871
95880,95.880,1,4004,54004,lowband_largesig_r00,prps,1439,-11,-0.088883,10,0,10,0.02617994,1.50000,prps,1,6875
95900,95.900,1,4004,54004,lowband_largesig_r00,prps,1429,-21,-0.167716,9,0,9,0.02356194,1.35000,prps,1,6879
95920,95.920,1,4004,54004,lowband_largesig_r00,prps,1416,-34,-0.269337,9,0,9,0.02356194,1.35000,prps,1,6883
95940,95.940,1,4004,54004,lowband_largesig_r00,prps,1402,-48,-0.381254,10,0,10,0.02617994,1.50000,prps,1,6887
95960,95.960,1,4004,54004,lowband_largesig_r00,prps,1388,-62,-0.489793,14,0,14,0.03665191,2.10000,prps,1,6891
95980,95.980,1,4004,54004,lowband_largesig_r00,prps,1376,-74,-0.582040,20,0,20,0.05235988,3.00000,prps,1,6895
96000,96.000,1,4004,54004,lowband_largesig_r00,prps,1368,-82,-0.647582,25,0,25,0.06544985,3.75000,prps,1,6899
96020,96.020,1,4004,54004,lowband_largesig_r00,prps,1364,-86,-0.679768,31,0,31,0.08115781,4.65000,prps,1,6903
96040,96.040,1,4004,54004,lowband_largesig_r00,prps,1364,-86,-0.676331,37,0,37,0.09686577,5.55000,prps,1,6907
96060,96.060,1,4004,54004,lowband_largesig_r00,prps,1369,-81,-0.639330,41,0,41,0.10733775,6.15000,prps,1,6911
96080,96.080,1,4004,54004,lowband_largesig_r00,prps,1377,-73,-0.574449,45,0,45,0.11780972,6.75000,prps,1,6915
96100,96.100,1,4004,54004,lowband_largesig_r00,prps,1388,-62,-0.489856,46,0,46,0.12042772,6.90000,prps,1,6919
96120,96.120,1,4004,54004,lowband_largesig_r00,prps,1400,-50,-0.394814,45,0,45,0.11780972,6.75000,prps,1,6923
96140,96.140,1,4004,54004,lowband_largesig_r00,prps,1412,-38,-0.298326,43,0,43,0.11257374,6.45000,prps,1,6927
96160,96.160,1,4004,54004,lowband_largesig_r00,prps,1424,-26,-0.208009,36,0,36,0.09424778,5.40000,prps,1,6931
96180,96.180,1,4004,54004,lowband_largesig_r00,prps,1434,-16,-0.129377,29,0,29,0.07592182,4.35000,prps,1,6935
96200,96.200,1,4004,54004,lowband_largesig_r00,prps,1442,-8,-0.065588,23,0,23,0.06021386,3.45000,prps,1,6939
96220,96.220,1,4004,54004,lowband_largesig_r00,prps,1448,-2,-0.017637,16,0,16,0.04188790,2.40000,prps,1,6943
96240,96.240,1,4004,54004,lowband_largesig_r00,prps,1452,2,0.015121,11,0,11,0.02879793,1.65000,prps,1,6947
96260,96.260,1,4004,54004,lowband_largesig_r00,prps,1454,4,0.034277,8,0,8,0.02094395,1.20000,prps,1,6951
96280,96.280,1,4004,54004,lowband_largesig_r00,prps,1455,5,0.041687,5,0,5,0.01308997,0.75000,prps,1,6955
96300,96.300,1,4004,54004,lowband_largesig_r00,prps,1455,5,0.038963,4,0,4,0.01047198,0.60000,prps,1,6959
96320,96.320,1,4004,54004,lowband_largesig_r00,prps,1453,3,0.027241,4,0,4,0.01047198,0.60000,prps,1,6963
96340,96.340,1,4004,54004,lowband_largesig_r00,prps,1451,1,0.007246,3,0,3,0.00785398,0.45000,prps,1,6967
96360,96.360,1,4004,54004,lowband_largesig_r00,prps,1447,-3,-0.020377,4,0,4,0.01047198,0.60000,prps,1,6971
96380,96.380,1,4004,54004,lowband_largesig_r00,prps,1443,-7,-0.054612,4,0,4,0.01047198,0.60000,prps,1,6975
96400,96.400,1,4004,54004,lowband_largesig_r00,prps,1438,-12,-0.093624,4,0,4,0.01047198,0.60000,prps,1,6979
96420,96.420,1,4004,54004,lowband_largesig_r00,prps,1433,-17,-0.134495,4,0,4,0.01047198,0.60000,prps,1,6983
96440,96.440,1,4004,54004,lowband_largesig_r00,prps,1428,-22,-0.173253,5,0,5,0.01308997,0.75000,prps,1,6987
96460,96.460,1,4004,54004,lowband_largesig_r00,prps,1424,-26,-0.205243,7,0,7,0.01832596,1.05000,prps,1,6991
96480,96.480,1,4004,54004,lowband_largesig_r00,prps,1421,-29,-0.225828,9,0,9,0.02356194,1.35000,prps,1,6995
96500,96.500,1,4004,54004,lowband_largesig_r00,prps,1421,-29,-0.231283,11,0,11,0.02879793,1.65000,prps,1,6999
96520,96.520,1,4004,54004,lowband_largesig_r00,prps,1422,-28,-0.219727,12,0,12,0.03141592,1.80000,prps,1,7003
96540,96.540,1,4004,54004,lowband_largesig_r00,prps,1426,-24,-0.191873,13,0,13,0.03403392,1.95000,prps,1,7007
96560,96.560,1,4004,54004,lowband_largesig_r00,prps,1431,-19,-0.151406,14,0,14,0.03665191,2.10000,prps,1,7011
96580,96.580,1,4004,54004,lowband_largesig_r00,prps,1437,-13,-0.104837,14,0,14,0.03665191,2.10000,prps,1,7015
96600,96.600,1,4004,54004,lowband_largesig_r00,prps,1442,-8,-0.060794,14,0,14,0.03665191,2.10000,prps,1,7019
96620,96.620,1,4004,54004,lowband_largesig_r00,prps,1446,-4,-0.028797,14,0,14,0.03665191,2.10000,prps,1,7023
96640,96.640,1,4004,54004,lowband_largesig_r00,prps,1448,-2,-0.017673,14,0,14,0.03665191,2.10000,prps,1,7027
96660,96.660,1,4004,54004,lowband_largesig_r00,prps,1446,-4,-0.033877,12,0,12,0.03141592,1.80000,prps,1,7031
96680,96.680,1,4004,54004,lowband_largesig_r00,prps,1440,-10,-0.080003,9,0,9,0.02356194,1.35000,prps,1,7035
96700,96.700,1,4004,54004,lowband_largesig_r00,prps,1430,-20,-0.153773,8,0,8,0.02094395,1.20000,prps,1,7039
96720,96.720,1,4004,54004,lowband_largesig_r00,prps,1419,-31,-0.247740,8,0,8,0.02094395,1.20000,prps,1,7043
96740,96.740,1,4004,54004,lowband_largesig_r00,prps,1406,-44,-0.349832,10,0,10,0.02617994,1.50000,prps,1,7047
96760,96.760,1,4004,54004,lowband_largesig_r00,prps,1394,-56,-0.444712,14,0,14,0.03665191,2.10000,prps,1,7051
96780,96.780,1,4004,54004,lowband_largesig_r00,prps,1384,-66,-0.515813,19,0,19,0.04974188,2.85000,prps,1,7055
96800,96.800,1,4004,54004,lowband_largesig_r00,prps,1380,-70,-0.547751,24,0,24,0.06283185,3.60000,prps,1,7059
96820,96.820,1,4004,54004,lowband_largesig_r00,prps,1383,-67,-0.528764,28,0,28,0.07330382,4.20000,prps,1,7063
96840,96.840,1,4004,54004,lowband_largesig_r00,prps,1392,-58,-0.452762,31,0,31,0.08115781,4.65000,prps,1,7067
96860,96.860,1,4004,54004,lowband_largesig_r00,prps,1409,-41,-0.320665,33,0,33,0.08639380,4.95000,prps,1,7071
96880,96.880,1,4004,54004,lowband_largesig_r00,prps,1432,-18,-0.140736,32,0,32,0.08377580,4.80000,prps,1,7075
96900,96.900,1,4004,54004,lowband_largesig_r00,prps,1459,9,0.072163,28,0,28,0.07330382,4.20000,prps,1,7079
96920,96.920,1,4004,54004,lowband_largesig_r00,prps,1488,38,0.298334,20,0,20,0.05235988,3.00000,prps,1,7083
96940,96.940,1,4004,54004,lowband_largesig_r00,prps,1516,66,0.515806,8,0,8,0.02094395,1.20000,prps,1,7087
96960,96.960,1,4004,54004,lowband_largesig_r00,prps,1539,89,0.703293,-4,0,-4,-0.01047198,-0.60000,prps,1,7091
96980,96.980,1,4004,54004,lowband_largesig_r00,prps,1557,107,0.843138,-18,0,-18,-0.04712389,-2.70000,prps,1,7095
97000,97.000,1,4004,54004,lowband_largesig_r00,prps,1567,117,0.923756,-33,0,-33,-0.08639380,-4.95000,prps,1,7099
97020,97.020,1,4004,54004,lowband_largesig_r00,prps,1570,120,0.941205,-48,0,-48,-0.12566370,-7.20000,prps,1,7103
97040,97.040,1,4004,54004,lowband_largesig_r00,prps,1564,114,0.899630,-61,0,-61,-0.15969762,-9.15000,prps,1,7107
97060,97.060,1,4004,54004,lowband_largesig_r00,prps,1553,103,0.810494,-64,0,-64,-0.16755160,-9.60000,prps,1,7111
97080,97.080,1,4004,54004,lowband_largesig_r00,prps,1538,88,0.690727,-64,0,-64,-0.16755160,-9.60000,prps,1,7115
97100,97.100,1,4004,54004,lowband_largesig_r00,prps,1521,71,0.560058,-61,0,-61,-0.15969762,-9.15000,prps,1,7119
97120,97.120,1,4004,54004,lowband_largesig_r00,prps,1506,56,0.437975,-57,0,-57,-0.14922565,-8.55000,prps,1,7123
97140,97.140,1,4004,54004,lowband_largesig_r00,prps,1493,43,0.340782,-50,0,-50,-0.13089970,-7.50000,prps,1,7127
97160,97.160,1,4004,54004,lowband_largesig_r00,prps,1485,35,0.279213,-42,0,-42,-0.10995574,-6.30000,prps,1,7131
97180,97.180,1,4004,54004,lowband_largesig_r00,prps,1483,33,0.256994,-34,0,-34,-0.08901179,-5.10000,prps,1,7135
97200,97.200,1,4004,54004,lowband_largesig_r00,prps,1484,34,0.270550,-28,0,-28,-0.07330382,-4.20000,prps,1,7139
97220,97.220,1,4004,54004,lowband_largesig_r00,prps,1489,39,0.309907,-23,0,-23,-0.06021386,-3.45000,prps,1,7143
97240,97.240,1,4004,54004,lowband_largesig_r00,prps,1496,46,0.360599,-20,0,-20,-0.05235988,-3.00000,prps,1,7147
97260,97.260,1,4004,54004,lowband_largesig_r00,prps,1502,52,0.406284,-21,0,-21,-0.05497787,-3.15000,prps,1,7151
97280,97.280,1,4004,54004,lowband_largesig_r00,prps,1505,55,0.431590,-23,0,-23,-0.06021386,-3.45000,prps,1,7155
97300,97.300,1,4004,54004,lowband_largesig_r00,prps,1504,54,0.424744,-24,0,-24,-0.06283185,-3.60000,prps,1,7159
97320,97.320,1,4004,54004,lowband_largesig_r00,prps,1498,48,0.379540,-25,0,-25,-0.06544985,-3.75000,prps,1,7163
97340,97.340,1,4004,54004,lowband_largesig_r00,prps,1488,38,0.296327,-26,0,-26,-0.06806784,-3.90000,prps,1,7167
97360,97.360,1,4004,54004,lowband_largesig_r00,prps,1473,23,0.181875,-26,0,-26,-0.06806784,-3.90000,prps,1,7171
97380,97.380,1,4004,54004,lowband_largesig_r00,prps,1456,6,0.048149,-24,0,-24,-0.06283185,-3.60000,prps,1,7175
97400,97.400,1,4004,54004,lowband_largesig_r00,prps,1439,-11,-0.089768,-19,0,-19,-0.04974188,-2.85000,prps,1,7179
97420,97.420,1,4004,54004,lowband_largesig_r00,prps,1423,-27,-0.216257,-13,0,-13,-0.03403392,-1.95000,prps,1,7183
97440,97.440,1,4004,54004,lowband_largesig_r00,prps,1410,-40,-0.317789,-5,0,-5,-0.01308997,-0.75000,prps,1,7187
97460,97.460,1,4004,54004,lowband_largesig_r00,prps,1401,-49,-0.385155,6,0,6,0.01570796,0.90000,prps,1,7191
97480,97.480,1,4004,54004,lowband_largesig_r00,prps,1397,-53,-0.414923,15,0,15,0.03926991,2.25000,prps,1,7195
97500,97.500,1,4004,54004,lowband_largesig_r00,prps,1398,-52,-0.409887,23,0,23,0.06021386,3.45000,prps,1,7199
97520,97.520,1,4004,54004,lowband_largesig_r00,prps,1402,-48,-0.378442,26,0,26,0.06806784,3.90000,prps,1,7203
97540,97.540,1,4004,54004,lowband_largesig_r00,prps,1408,-42,-0.332994,27,0,27,0.07068583,4.05000,prps,1,7207
97560,97.560,1,4004,54004,lowband_largesig_r00,prps,1413,-37,-0.287712,27,0,27,0.07068583,4.05000,prps,1,7211
97580,97.580,1,4004,54004,lowband_largesig_r00,prps,1417,-33,-0.255981,26,0,26,0.06806784,3.90000,prps,1,7215
97600,97.600,1,4004,54004,lowband_largesig_r00,prps,1419,-31,-0.248019,24,0,24,0.06283185,3.60000,prps,1,7219
97620,97.620,1,4004,54004,lowband_largesig_r00,prps,1416,-34,-0.269048,22,0,22,0.05759586,3.30000,prps,1,7223
97640,97.640,1,4004,54004,lowband_largesig_r00,prps,1410,-40,-0.318322,20,0,20,0.05235988,3.00000,prps,1,7227
97660,97.660,1,4004,54004,lowband_largesig_r00,prps,1401,-49,-0.389179,19,0,19,0.04974188,2.85000,prps,1,7231
97680,97.680,1,4004,54004,lowband_largesig_r00,prps,1390,-60,-0.470085,20,0,20,0.05235988,3.00000,prps,1,7235
97700,97.700,1,4004,54004,lowband_largesig_r00,prps,1381,-69,-0.546498,22,0,22,0.05759586,3.30000,prps,1,7239
97720,97.720,1,4004,54004,lowband_largesig_r00,prps,1373,-77,-0.603219,25,0,25,0.06544985,3.75000,prps,1,7243
97740,97.740,1,4004,54004,lowband_largesig_r00,prps,1370,-80,-0.626845,30,0,30,0.07853982,4.50000,prps,1,7247
97760,97.760,1,4004,54004,lowband_largesig_r00,prps,1373,-77,-0.607915,34,0,34,0.08901179,5.10000,prps,1,7251
97780,97.780,1,4004,54004,lowband_largesig_r00,prps,1381,-69,-0.542405,38,0,38,0.09948376,5.70000,prps,1,7255
97800,97.800,1,4004,54004,lowband_largesig_r00,prps,1395,-55,-0.432353,40,0,40,0.10471976,6.00000,prps,1,7259
97820,97.820,1,4004,54004,lowband_largesig_r00,prps,1414,-36,-0.285518,40,0,40,0.10471976,6.00000,prps,1,7263
97840,97.840,1,4004,54004,lowband_largesig_r00,prps,1435,-15,-0.114192,36,0,36,0.09424778,5.40000,prps,1,7267
97860,97.860,1,4004,54004,lowband_largesig_r00,prps,1458,8,0.066649,29,0,29,0.07592182,4.35000,prps,1,7271
97880,97.880,1,4004,54004,lowband_largesig_r00,prps,1481,31,0.241491,19,0,19,0.04974188,2.85000,prps,1,7275
97900,97.900,1,4004,54004,lowband_largesig_r00,prps,1500,50,0.396396,8,0,8,0.02094395,1.20000,prps,1,7279
97920,97.920,1,4004,54004,lowband_largesig_r00,prps,1516,66,0.520721,-2,0,-2,-0.00523599,-0.30000,prps,1,7283
97940,97.940,1,4004,54004,lowband_largesig_r00,prps,1527,77,0.608196,-13,0,-13,-0.03403392,-1.95000,prps,1,7287
97960,97.960,1,4004,54004,lowband_largesig_r00,prps,1533,83,0.657229,-25,0,-25,-0.06544985,-3.75000,prps,1,7291
97980,97.980,1,4004,54004,lowband_largesig_r00,prps,1535,85,0.670436,-35,0,-35,-0.09162979,-5.25000,prps,1,7295
98000,98.000,1,4004,54004,lowband_largesig_r00,prps,1533,83,0.653557,-43,0,-43,-0.11257374,-6.45000,prps,1,7299
98020,98.020,1,4004,54004,lowband_largesig_r00,prps,1528,78,0.613978,-46,0,-46,-0.12042772,-6.90000,prps,1,7303
98040,98.040,1,4004,54004,lowband_largesig_r00,prps,1521,71,0.559178,-47,0,-47,-0.12304571,-7.05000,prps,1,7307
98060,98.060,1,4004,54004,lowband_largesig_r00,prps,1513,63,0.495393,-46,0,-46,-0.12042772,-6.90000,prps,1,7311
98080,98.080,1,4004,54004,lowband_largesig_r00,prps,1504,54,0.426732,-44,0,-44,-0.11519173,-6.60000,prps,1,7315
98100,98.100,1,4004,54004,lowband_largesig_r00,prps,1495,45,0.354887,-41,0,-41,-0.10733775,-6.15000,prps,1,7319
98120,98.120,1,4004,54004,lowband_largesig_r00,prps,1485,35,0.279467,-37,0,-37,-0.09686577,-5.55000,prps,1,7323
98140,98.140,1,4004,54004,lowband_largesig_r00,prps,1475,25,0.198833,-33,0,-33,-0.08639380,-4.95000,prps,1,7327
98160,98.160,1,4004,54004,lowband_largesig_r00,prps,1464,14,0.111245,-28,0,-28,-0.07330382,-4.20000,prps,1,7331
98180,98.180,1,4004,54004,lowband_largesig_r00,prps,1452,2,0.016060,-22,0,-22,-0.05759586,-3.30000,prps,1,7335
98200,98.200,1,4004,54004,lowband_largesig_r00,prps,1439,-11,-0.085297,-15,0,-15,-0.03926991,-2.25000,prps,1,7339
98220,98.220,1,4004,54004,lowband_largesig_r00,prps,1426,-24,-0.188798,-9,0,-9,-0.02356194,-1.35000,prps,1,7343
98240,98.240,1,4004,54004,lowband_largesig_r00,prps,1413,-37,-0.287858,-2,0,-2,-0.00523599,-0.30000,prps,1,7347
98260,98.260,1,4004,54004,lowband_largesig_r00,prps,1403,-47,-0.373981,6,0,6,0.01570796,0.90000,prps,1,7351
98280,98.280,1,4004,54004,lowband_largesig_r00,prps,1394,-56,-0.437910,13,0,13,0.03403392,1.95000,prps,1,7355
98300,98.300,1,4004,54004,lowband_largesig_r00,prps,1390,-60,-0.471082,20,0,20,0.05235988,3.00000,prps,1,7359
98320,98.320,1,4004,54004,lowband_largesig_r00,prps,1391,-59,-0.467133,25,0,25,0.06544985,3.75000,prps,1,7363
98340,98.340,1,4004,54004,lowband_largesig_r00,prps,1396,-54,-0.423172,26,0,26,0.06806784,3.90000,prps,1,7367
98360,98.360,1,4004,54004,lowband_largesig_r00,prps,1407,-43,-0.340592,27,0,27,0.07068583,4.05000,prps,1,7371
98380,98.380,1,4004,54004,lowband_largesig_r00,prps,1421,-29,-0.225244,27,0,27,0.07068583,4.05000,prps,1,7375
98400,98.400,1,4004,54004,lowband_largesig_r00,prps,1439,-11,-0.086933,25,0,25,0.06544985,3.75000,prps,1,7379
98420,98.420,1,4004,54004,lowband_largesig_r00,prps,1458,8,0.061710,21,0,21,0.05497787,3.15000,prps,1,7383
98440,98.440,1,4004,54004,lowband_largesig_r00,prps,1476,26,0.206792,14,0,14,0.03665191,2.10000,prps,1,7387
98460,98.460,1,4004,54004,lowband_largesig_r00,prps,1493,43,0.334925,7,0,7,0.01832596,1.05000,prps,1,7391
98480,98.480,1,4004,54004,lowband_largesig_r00,prps,1505,55,0.434903,0,0,0,0.00000000,0.00000,prps,1,7395
98500,98.500,1,4004,54004,lowband_largesig_r00,prps,1513,63,0.499036,-10,0,-10,-0.02617994,-1.50000,prps,1,7399
98520,98.520,1,4004,54004,lowband_largesig_r00,prps,1517,67,0.523930,-19,0,-19,-0.04974188,-2.85000,prps,1,7403
98540,98.540,1,4004,54004,lowband_largesig_r00,prps,1515,65,0.510625,-27,0,-27,-0.07068583,-4.05000,prps,1,7407
98560,98.560,1,4004,54004,lowband_largesig_r00,prps,1509,59,0.464086,-32,0,-32,-0.08377580,-4.80000,prps,1,7411
98580,98.580,1,4004,54004,lowband_largesig_r00,prps,1500,50,0.392182,-34,0,-34,-0.08901179,-5.10000,prps,1,7415
98600,98.600,1,4004,54004,lowband_largesig_r00,prps,1489,39,0.304325,-34,0,-34,-0.08901179,-5.10000,prps,1,7419
98620,98.620,1,4004,54004,lowband_largesig_r00,prps,1477,27,0.210054,-32,0,-32,-0.08377580,-4.80000,prps,1,7423
98640,98.640,1,4004,54004,lowband_largesig_r00,prps,1465,15,0.117760,-28,0,-28,-0.07330382,-4.20000,prps,1,7427
98660,98.660,1,4004,54004,lowband_largesig_r00,prps,1454,4,0.033793,-23,0,-23,-0.06021386,-3.45000,prps,1,7431
98680,98.680,1,4004,54004,lowband_largesig_r00,prps,1445,-5,-0.037964,-16,0,-16,-0.04188790,-2.40000,prps,1,7435
98700,98.700,1,4004,54004,lowband_largesig_r00,prps,1438,-12,-0.096020,-10,0,-10,-0.02617994,-1.50000,prps,1,7439
98720,98.720,1,4004,54004,lowband_largesig_r00,prps,1432,-18,-0.140774,-5,0,-5,-0.01308997,-0.75000,prps,1,7443
98740,98.740,1,4004,54004,lowband_largesig_r00,prps,1428,-22,-0.173747,2,0,2,0.00523599,0.30000,prps,1,7447
98760,98.760,1,4004,54004,lowband_largesig_r00,prps,1425,-25,-0.196751,7,0,7,0.01832596,1.05000,prps,1,7451
98780,98.780,1,4004,54004,lowband_largesig_r00,prps,1423,-27,-0.211175,10,0,10,0.02617994,1.50000,prps,1,7455
98800,98.800,1,4004,54004,lowband_largesig_r00,prps,1422,-28,-0.217570,13,0,13,0.03403392,1.95000,prps,1,7459
98820,98.820,1,4004,54004,lowband_largesig_r00,prps,1423,-27,-0.215590,13,0,13,0.03403392,1.95000,prps,1,7463
98840,98.840,1,4004,54004,lowband_largesig_r00,prps,1424,-26,-0.204323,14,0,14,0.03665191,2.10000,prps,1,7467
98860,98.860,1,4004,54004,lowband_largesig_r00,prps,1427,-23,-0.182882,14,0,14,0.03665191,2.10000,prps,1,7471
98880,98.880,1,4004,54004,lowband_largesig_r00,prps,1431,-19,-0.151121,14,0,14,0.03665191,2.10000,prps,1,7475
98900,98.900,1,4004,54004,lowband_largesig_r00,prps,1436,-14,-0.110274,14,0,14,0.03665191,2.10000,prps,1,7479
98920,98.920,1,4004,54004,lowband_largesig_r00,prps,1442,-8,-0.063325,13,0,13,0.03403392,1.95000,prps,1,7483
98940,98.940,1,4004,54004,lowband_largesig_r00,prps,1448,-2,-0.014985,13,0,13,0.03403392,1.95000,prps,1,7487
98960,98.960,1,4004,54004,lowband_largesig_r00,prps,1454,4,0.028792,12,0,12,0.03141592,1.80000,prps,1,7491
98980,98.980,1,4004,54004,lowband_largesig_r00,prps,1458,8,0.061695,10,0,10,0.02617994,1.50000,prps,1,7495
99000,99.000,1,4004,54004,lowband_largesig_r00,prps,1460,10,0.078217,7,0,7,0.01832596,1.05000,prps,1,7499
99020,99.020,1,4004,54004,lowband_largesig_r00,prps,1460,10,0.074859,4,0,4,0.01047198,0.60000,prps,1,7503
99040,99.040,1,4004,54004,lowband_largesig_r00,prps,1456,6,0.051143,3,0,3,0.00785398,0.45000,prps,1,7507
99060,99.060,1,4004,54004,lowband_largesig_r00,prps,1451,1,0.010192,2,0,2,0.00523599,0.30000,prps,1,7511
99080,99.080,1,4004,54004,lowband_largesig_r00,prps,1445,-5,-0.041300,2,0,2,0.00523599,0.30000,prps,1,7515
99100,99.100,1,4004,54004,lowband_largesig_r00,prps,1438,-12,-0.093766,2,0,2,0.00523599,0.30000,prps,1,7519
99120,99.120,1,4004,54004,lowband_largesig_r00,prps,1433,-17,-0.136093,3,0,3,0.00785398,0.45000,prps,1,7523
99140,99.140,1,4004,54004,lowband_largesig_r00,prps,1430,-20,-0.157392,4,0,4,0.01047198,0.60000,prps,1,7527
99160,99.160,1,4004,54004,lowband_largesig_r00,prps,1431,-19,-0.148932,7,0,7,0.01832596,1.05000,prps,1,7531
99180,99.180,1,4004,54004,lowband_largesig_r00,prps,1437,-13,-0.105919,9,0,9,0.02356194,1.35000,prps,1,7535
99200,99.200,1,4004,54004,lowband_largesig_r00,prps,1446,-4,-0.028777,9,0,9,0.02356194,1.35000,prps,1,7539
99220,99.220,1,4004,54004,lowband_largesig_r00,prps,1460,10,0.076337,9,0,9,0.02356194,1.35000,prps,1,7543
99240,99.240,1,4004,54004,lowband_largesig_r00,prps,1475,25,0.197934,7,0,7,0.01832596,1.05000,prps,1,7547
99260,99.260,1,4004,54004,lowband_largesig_r00,prps,1491,41,0.320520,4,0,4,0.01047198,0.60000,prps,1,7551
99280,99.280,1,4004,54004,lowband_largesig_r00,prps,1504,54,0.426696,-1,0,-1,-0.00261799,-0.15000,prps,1,7555
99300,99.300,1,4004,54004,lowband_largesig_r00,prps,1513,63,0.499736,-10,0,-10,-0.02617994,-1.50000,prps,1,7559
99320,99.320,1,4004,54004,lowband_largesig_r00,prps,1517,67,0.526251,-18,0,-18,-0.04712389,-2.70000,prps,1,7563
99340,99.340,1,4004,54004,lowband_largesig_r00,prps,1513,63,0.498507,-26,0,-26,-0.06806784,-3.90000,prps,1,7567
99360,99.360,1,4004,54004,lowband_largesig_r00,prps,1503,53,0.415997,-32,0,-32,-0.08377580,-4.80000,prps,1,7571
99380,99.380,1,4004,54004,lowband_largesig_r00,prps,1486,36,0.285984,-34,0,-34,-0.08901179,-5.10000,prps,1,7575
99400,99.400,1,4004,54004,lowband_largesig_r00,prps,1466,16,0.122866,-33,0,-33,-0.08639380,-4.95000,prps,1,7579
99420,99.420,1,4004,54004,lowband_largesig_r00,prps,1443,-7,-0.053583,-29,0,-29,-0.07592182,-4.35000,prps,1,7583
99440,99.440,1,4004,54004,lowband_largesig_r00,prps,1422,-28,-0.220867,-19,0,-19,-0.04974188,-2.85000,prps,1,7587
99460,99.460,1,4004,54004,lowband_largesig_r00,prps,1405,-45,-0.356930,-9,0,-9,-0.02356194,-1.35000,prps,1,7591
99480,99.480,1,4004,54004,lowband_largesig_r00,prps,1394,-56,-0.443357,4,0,4,0.01047198,0.60000,prps,1,7595
99500,99.500,1,4004,54004,lowband_largesig_r00,prps,1391,-59,-0.468111,16,0,16,0.04188790,2.40000,prps,1,7599
99520,99.520,1,4004,54004,lowband_largesig_r00,prps,1396,-54,-0.427377,25,0,25,0.06544985,3.75000,prps,1,7603
99540,99.540,1,4004,54004,lowband_largesig_r00,prps,1409,-41,-0.326214,27,0,27,0.07068583,4.05000,prps,1,7607
99560,99.560,1,4004,54004,lowband_largesig_r00,prps,1427,-23,-0.177894,27,0,27,0.07068583,4.05000,prps,1,7611
99580,99.580,1,4004,54004,lowband_largesig_r00,prps,1450,0,-0.002018,25,0,25,0.06544985,3.75000,prps,1,7615
99600,99.600,1,4004,54004,lowband_largesig_r00,prps,1473,23,0.178298,19,0,19,0.04974188,2.85000,prps,1,7619
99620,99.620,1,4004,54004,lowband_largesig_r00,prps,1493,43,0.339762,11,0,11,0.02879793,1.65000,prps,1,7623
99640,99.640,1,4004,54004,lowband_largesig_r00,prps,1509,59,0.462226,2,0,2,0.00523599,0.30000,prps,1,7627
99660,99.660,1,4004,54004,lowband_largesig_r00,prps,1518,68,0.531507,-9,0,-9,-0.02356194,-1.35000,prps,1,7631
99680,99.680,1,4004,54004,lowband_largesig_r00,prps,1519,69,0.541258,-20,0,-20,-0.05235988,-3.00000,prps,1,7635
99700,99.700,1,4004,54004,lowband_largesig_r00,prps,1513,63,0.493628,-29,0,-29,-0.07592182,-4.35000,prps,1,7639
99720,99.720,1,4004,54004,lowband_largesig_r00,prps,1501,51,0.398621,-34,0,-34,-0.08901179,-5.10000,prps,1,7643
99740,99.740,1,4004,54004,lowband_largesig_r00,prps,1485,35,0.272282,-36,0,-36,-0.09424778,-5.40000,prps,1,7647
99760,99.760,1,4004,54004,lowband_largesig_r00,prps,1467,17,0.134022,-33,0,-33,-0.08639380,-4.95000,prps,1,7651
99780,99.780,1,4004,54004,lowband_largesig_r00,prps,1450,0,0.003516,-28,0,-28,-0.07330382,-4.20000,prps,1,7655
99800,99.800,1,4004,54004,lowband_largesig_r00,prps,1437,-13,-0.102326,-19,0,-19,-0.04974188,-2.85000,prps,1,7659
99820,99.820,1,4004,54004,lowband_largesig_r00,prps,1428,-22,-0.171827,-10,0,-10,-0.02617994,-1.50000,prps,1,7663
99840,99.840,1,4004,54004,lowband_largesig_r00,prps,1425,-25,-0.200101,-2,0,-2,-0.00523599,-0.30000,prps,1,7667
99860,99.860,1,4004,54004,lowband_largesig_r00,prps,1426,-24,-0.189455,6,0,6,0.01570796,0.90000,prps,1,7671
99880,99.880,1,4004,54004,lowband_largesig_r00,prps,1431,-19,-0.148628,11,0,11,0.02879793,1.65000,prps,1,7675
99900,99.900,1,4004,54004,lowband_largesig_r00,prps,1438,-12,-0.091031,12,0,12,0.03141592,1.80000,prps,1,7679
99920,99.920,1,4004,54004,lowband_largesig_r00,prps,1446,-4,-0.032305,12,0,12,0.03141592,1.80000,prps,1,7683
99940,99.940,1,4004,54004,lowband_largesig_r00,prps,1452,2,0.012376,11,0,11,0.02879793,1.65000,prps,1,7687
99960,99.960,1,4004,54004,lowband_largesig_r00,prps,1454,4,0.030799,9,0,9,0.02356194,1.35000,prps,1,7691
99980,99.980,1,4004,54004,lowband_largesig_r00,prps,1452,2,0.015613,7,0,7,0.01832596,1.05000,prps,1,7695
100000,100.000,1,4004,54004,lowband_largesig_r00,prps,1446,-4,-0.034668,5,0,5,0.01308997,0.75000,prps,1,7699
100020,100.020,1,4004,54004,lowband_largesig_r00,prps,1435,-15,-0.115675,4,0,4,0.01047198,0.60000,prps,1,7703
100040,100.040,1,4004,54004,lowband_largesig_r00,prps,1422,-28,-0.218173,5,0,5,0.01308997,0.75000,prps,1,7707
100060,100.060,1,4004,54004,lowband_largesig_r00,prps,1408,-42,-0.329805,8,0,8,0.02094395,1.20000,prps,1,7711
100080,100.080,1,4004,54004,lowband_largesig_r00,prps,1394,-56,-0.437279,12,0,12,0.03141592,1.80000,prps,1,7715
100100,100.100,1,4004,54004,lowband_largesig_r00,prps,1383,-67,-0.528595,16,0,16,0.04188790,2.40000,prps,1,7719
100120,100.120,1,4004,54004,lowband_largesig_r00,prps,1374,-76,-0.594929,23,0,23,0.06021386,3.45000,prps,1,7723
100140,100.140,1,4004,54004,lowband_largesig_r00,prps,1370,-80,-0.631870,28,0,28,0.07330382,4.20000,prps,1,7727
100160,100.160,1,4004,54004,lowband_largesig_r00,prps,1369,-81,-0.639832,33,0,33,0.08639380,4.95000,prps,1,7731
100180,100.180,1,4004,54004,lowband_largesig_r00,prps,1371,-79,-0.623590,38,0,38,0.09948376,5.70000,prps,1,7735
100200,100.200,1,4004,54004,lowband_largesig_r00,prps,1375,-75,-0.591088,41,0,41,0.10733775,6.15000,prps,1,7739
100220,100.220,1,4004,54004,lowband_largesig_r00,prps,1380,-70,-0.551745,42,0,42,0.10995574,6.30000,prps,1,7743
100240,100.240,1,4004,54004,lowband_largesig_r00,prps,1385,-65,-0.514595,42,0,42,0.10995574,6.30000,prps,1,7747
100260,100.260,1,4004,54004,lowband_largesig_r00,prps,1388,-62,-0.486604,42,0,42,0.10995574,6.30000,prps,1,7751
100280,100.280,1,4004,54004,lowband_largesig_r00,prps,1390,-60,-0.471455,42,0,42,0.10995574,6.30000,prps,1,7755
100300,100.300,1,4004,54004,lowband_largesig_r00,prps,1390,-60,-0.469024,41,0,41,0.10733775,6.15000,prps,1,7759
100320,100.320,1,4004,54004,lowband_largesig_r00,prps,1390,-60,-0.475590,40,0,40,0.10471976,6.00000,prps,1,7763
100340,100.340,1,4004,54004,lowband_largesig_r00,prps,1388,-62,-0.484744,38,0,38,0.09948376,5.70000,prps,1,7767
100360,100.360,1,4004,54004,lowband_largesig_r00,prps,1388,-62,-0.488783,36,0,36,0.09424778,5.40000,prps,1,7771
100380,100.380,1,4004,54004,lowband_largesig_r00,prps,1389,-61,-0.480338,36,0,36,0.09424778,5.40000,prps,1,7775
100400,100.400,1,4004,54004,lowband_largesig_r00,prps,1392,-58,-0.453900,36,0,36,0.09424778,5.40000,prps,1,7779
100420,100.420,1,4004,54004,lowband_largesig_r00,prps,1398,-52,-0.406992,36,0,36,0.09424778,5.40000,prps,1,7783
100440,100.440,1,4004,54004,lowband_largesig_r00,prps,1407,-43,-0.340745,34,0,34,0.08901179,5.10000,prps,1,7787
100460,100.460,1,4004,54004,lowband_largesig_r00,prps,1417,-33,-0.259803,31,0,31,0.08115781,4.65000,prps,1,7791
100480,100.480,1,4004,54004,lowband_largesig_r00,prps,1428,-22,-0.171574,28,0,28,0.07330382,4.20000,prps,1,7795
100500,100.500,1,4004,54004,lowband_largesig_r00,prps,1439,-11,-0.084971,24,0,24,0.06283185,3.60000,prps,1,7799
100520,100.520,1,4004,54004,lowband_largesig_r00,prps,1449,-1,-0.008892,19,0,19,0.04974188,2.85000,prps,1,7803
100540,100.540,1,4004,54004,lowband_largesig_r00,prps,1456,6,0.049295,14,0,14,0.03665191,2.10000,prps,1,7807
100572,100.572,1,4004,54004,lowband_largesig_r00,prps,1461,11,0.084985,7,0,7,0.01832596,1.05000,prps,1,7811
100591,100.591,1,4004,54004,lowband_largesig_r00,prps,1462,12,0.097064,4,0,4,0.01047198,0.60000,prps,1,7815
100611,100.611,1,4004,54004,lowband_largesig_r00,prps,1461,11,0.088023,2,0,2,0.00523599,0.30000,prps,1,7819
100631,100.631,1,4004,54004,lowband_largesig_r00,prps,1458,8,0.063447,0,0,0,0.00000000,0.00000,prps,1,7823
100651,100.651,1,4004,54004,lowband_largesig_r00,prps,1454,4,0.030989,-1,0,-1,-0.00261799,-0.15000,prps,1,7827
100671,100.671,1,4004,54004,lowband_largesig_r00,prps,1450,0,-0.000969,0,0,0,0.00000000,0.00000,prps,1,7831
100691,100.691,1,4004,54004,lowband_largesig_r00,prps,1447,-3,-0.024725,0,0,0,0.00000000,0.00000,prps,1,7835
100711,100.711,1,4004,54004,lowband_largesig_r00,prps,1446,-4,-0.034469,1,0,1,0.00261799,0.15000,prps,1,7839
100731,100.731,1,4004,54004,lowband_largesig_r00,prps,1447,-3,-0.027099,2,0,2,0.00523599,0.30000,prps,1,7843
100751,100.751,1,4004,54004,lowband_largesig_r00,prps,1450,0,-0.002499,2,0,2,0.00523599,0.30000,prps,1,7847
100771,100.771,1,4004,54004,lowband_largesig_r00,prps,1455,5,0.036732,3,0,3,0.00785398,0.45000,prps,1,7851
100791,100.791,1,4004,54004,lowband_largesig_r00,prps,1461,11,0.086034,3,0,3,0.00785398,0.45000,prps,1,7855
100811,100.811,1,4004,54004,lowband_largesig_r00,prps,1468,18,0.139949,3,0,3,0.00785398,0.45000,prps,1,7859
100831,100.831,1,4004,54004,lowband_largesig_r00,prps,1475,25,0.193266,1,0,1,0.00261799,0.15000,prps,1,7863
100851,100.851,1,4004,54004,lowband_largesig_r00,prps,1481,31,0.242019,-1,0,-1,-0.00261799,-0.15000,prps,1,7867
100871,100.871,1,4004,54004,lowband_largesig_r00,prps,1486,36,0.284143,-4,0,-4,-0.01047198,-0.60000,prps,1,7871
100891,100.891,1,4004,54004,lowband_largesig_r00,prps,1491,41,0.319659,-9,0,-9,-0.02356194,-1.35000,prps,1,7875
100911,100.911,1,4004,54004,lowband_largesig_r00,prps,1494,44,0.350365,-13,0,-13,-0.03403392,-1.95000,prps,1,7879
100931,100.931,1,4004,54004,lowband_largesig_r00,prps,1498,48,0.379110,-16,0,-16,-0.04188790,-2.40000,prps,1,7883
100951,100.951,1,4004,54004,lowband_largesig_r00,prps,1502,52,0.408797,-20,0,-20,-0.05235988,-3.00000,prps,1,7887
100971,100.971,1,4004,54004,lowband_largesig_r00,prps,1506,56,0.441357,-22,0,-22,-0.05759586,-3.30000,prps,1,7891
100991,100.991,1,4004,54004,lowband_largesig_r00,prps,1511,61,0.476895,-24,0,-24,-0.06283185,-3.60000,prps,1,7895
101011,101.011,1,4004,54004,lowband_largesig_r00,prps,1515,65,0.513214,-25,0,-25,-0.06544985,-3.75000,prps,1,7899
101031,101.031,1,4004,54004,lowband_largesig_r00,prps,1519,69,0.545841,-27,0,-27,-0.07068583,-4.05000,prps,1,7903
101051,101.051,1,4004,54004,lowband_largesig_r00,prps,1522,72,0.568571,-30,0,-30,-0.07853982,-4.50000,prps,1,7907
101071,101.071,1,4004,54004,lowband_largesig_r00,prps,1523,73,0.574453,-33,0,-33,-0.08639380,-4.95000,prps,1,7911
101091,101.091,1,4004,54004,lowband_largesig_r00,prps,1521,71,0.557048,-35,0,-35,-0.09162979,-5.25000,prps,1,7915
101111,101.111,1,4004,54004,lowband_largesig_r00,prps,1515,65,0.511730,-38,0,-38,-0.09948376,-5.70000,prps,1,7919
101131,101.131,1,4004,54004,lowband_largesig_r00,prps,1505,55,0.436771,-38,0,-38,-0.09948376,-5.70000,prps,1,7923
101151,101.151,1,4004,54004,lowband_largesig_r00,prps,1492,42,0.334015,-38,0,-38,-0.09948376,-5.70000,prps,1,7927
101171,101.171,1,4004,54004,lowband_largesig_r00,prps,1477,27,0.208972,-36,0,-36,-0.09424778,-5.40000,prps,1,7931
101191,101.191,1,4004,54004,lowband_largesig_r00,prps,1459,9,0.070311,-31,0,-31,-0.08115781,-4.65000,prps,1,7935
101211,101.211,1,4004,54004,lowband_largesig_r00,prps,1441,-9,-0.071203,-24,0,-24,-0.06283185,-3.60000,prps,1,7939
101231,101.231,1,4004,54004,lowband_largesig_r00,prps,1424,-26,-0.204133,-14,0,-14,-0.03665191,-2.10000,prps,1,7943
101251,101.251,1,4004,54004,lowband_largesig_r00,prps,1410,-40,-0.317941,-5,0,-5,-0.01308997,-0.75000,prps,1,7947
101271,101.271,1,4004,54004,lowband_largesig_r00,prps,1399,-51,-0.404412,6,0,6,0.01570796,0.90000,prps,1,7951
101291,101.291,1,4004,54004,lowband_largesig_r00,prps,1392,-58,-0.458711,15,0,15,0.03926991,2.25000,prps,1,7955
101311,101.311,1,4004,54004,lowband_largesig_r00,prps,1389,-61,-0.479864,23,0,23,0.06021386,3.45000,prps,1,7959
101331,101.331,1,4004,54004,lowband_largesig_r00,prps,1390,-60,-0.470611,28,0,28,0.07330382,4.20000,prps,1,7963
101351,101.351,1,4004,54004,lowband_largesig_r00,prps,1395,-55,-0.436647,31,0,31,0.08115781,4.65000,prps,1,7967
101371,101.371,1,4004,54004,lowband_largesig_r00,prps,1401,-49,-0.385422,31,0,31,0.08115781,4.65000,prps,1,7971
101391,101.391,1,4004,54004,lowband_largesig_r00,prps,1409,-41,-0.324711,31,0,31,0.08115781,4.65000,prps,1,7975
101411,101.411,1,4004,54004,lowband_largesig_r00,prps,1417,-33,-0.261240,31,0,31,0.08115781,4.65000,prps,1,7979
101431,101.431,1,4004,54004,lowband_largesig_r00,prps,1425,-25,-0.199633,30,0,30,0.07853982,4.50000,prps,1,7983
101451,101.451,1,4004,54004,lowband_largesig_r00,prps,1432,-18,-0.141862,27,0,27,0.07068583,4.05000,prps,1,7987
101471,101.471,1,4004,54004,lowband_largesig_r00,prps,1439,-11,-0.087326,21,0,21,0.05497787,3.15000,prps,1,7991
101491,101.491,1,4004,54004,lowband_largesig_r00,prps,1446,-4,-0.033512,16,0,16,0.04188790,2.40000,prps,1,7995
101511,101.511,1,4004,54004,lowband_largesig_r00,prps,1453,3,0.022884,12,0,12,0.03141592,1.80000,prps,1,7999
119946,119.946,1,4004,54004,lowband_largesig_r00,prps,1461,11,0.084619,5,0,5,0.01308997,0.75000,prps,2,3
119966,119.966,1,4004,54004,lowband_largesig_r00,prps,1469,19,0.152643,4,0,4,0.01047198,0.60000,prps,2,7
119986,119.986,1,4004,54004,lowband_largesig_r00,prps,1479,29,0.225191,1,0,1,0.00261799,0.15000,prps,2,11
120006,120.006,1,4004,54004,lowband_largesig_r00,prps,1488,38,0.297449,-2,0,-2,-0.00523599,-0.30000,prps,2,15
120026,120.026,1,4004,54004,lowband_largesig_r00,prps,1496,46,0.361933,-7,0,-7,-0.01832596,-1.05000,prps,2,19
120046,120.046,1,4004,54004,lowband_largesig_r00,prps,1502,52,0.409550,-12,0,-12,-0.03141592,-1.80000,prps,2,23
120066,120.066,1,4004,54004,lowband_largesig_r00,prps,1505,55,0.431186,-17,0,-17,-0.04450589,-2.55000,prps,2,27
120086,120.086,1,4004,54004,lowband_largesig_r00,prps,1503,53,0.419575,-22,0,-22,-0.05759586,-3.30000,prps,2,31
120106,120.106,1,4004,54004,lowband_largesig_r00,prps,1497,47,0.371080,-24,0,-24,-0.06283185,-3.60000,prps,2,35
120126,120.126,1,4004,54004,lowband_largesig_r00,prps,1486,36,0.287056,-25,0,-25,-0.06544985,-3.75000,prps,2,39
120146,120.146,1,4004,54004,lowband_largesig_r00,prps,1472,22,0.174482,-25,0,-25,-0.06544985,-3.75000,prps,2,43
120166,120.166,1,4004,54004,lowband_largesig_r00,prps,1456,6,0.045677,-23,0,-23,-0.06021386,-3.45000,prps,2,47
120186,120.186,1,4004,54004,lowband_largesig_r00,prps,1439,-11,-0.082940,-18,0,-18,-0.04712389,-2.70000,prps,2,51
120206,120.206,1,4004,54004,lowband_largesig_r00,prps,1426,-24,-0.192910,-12,0,-12,-0.03141592,-1.80000,prps,2,55
120226,120.226,1,4004,54004,lowband_largesig_r00,prps,1416,-34,-0.266351,-4,0,-4,-0.01047198,-0.60000,prps,2,59
120246,120.246,1,4004,54004,lowband_largesig_r00,prps,1413,-37,-0.288707,5,0,5,0.01308997,0.75000,prps,2,63
120266,120.266,1,4004,54004,lowband_largesig_r00,prps,1418,-32,-0.251218,12,0,12,0.03141592,1.80000,prps,2,67
120286,120.286,1,4004,54004,lowband_largesig_r00,prps,1431,-19,-0.152658,15,0,15,0.03926991,2.25000,prps,2,71
120306,120.306,1,4004,54004,lowband_largesig_r00,prps,1450,0,-0.000044,16,0,16,0.04188790,2.40000,prps,2,75
120326,120.326,1,4004,54004,lowband_largesig_r00,prps,1474,24,0.191877,15,0,15,0.03926991,2.25000,prps,2,79
120346,120.346,1,4004,54004,lowband_largesig_r00,prps,1501,51,0.402326,10,0,10,0.02617994,1.50000,prps,2,83
120366,120.366,1,4004,54004,lowband_largesig_r00,prps,1527,77,0.607174,1,0,1,0.00261799,0.15000,prps,2,87
120386,120.386,1,4004,54004,lowband_largesig_r00,prps,1549,99,0.782222,-11,0,-11,-0.02879793,-1.65000,prps,2,91
120406,120.406,1,4004,54004,lowband_largesig_r00,prps,1565,115,0.906604,-25,0,-25,-0.06544985,-3.75000,prps,2,95
120426,120.426,1,4004,54004,lowband_largesig_r00,prps,1573,123,0.965787,-41,0,-41,-0.10733775,-6.15000,prps,2,99
120446,120.446,1,4004,54004,lowband_largesig_r00,prps,1571,121,0.953703,-55,0,-55,-0.14398966,-8.25000,prps,2,103
120466,120.466,1,4004,54004,lowband_largesig_r00,prps,1561,111,0.873677,-65,0,-65,-0.17016960,-9.75000,prps,2,107
120486,120.486,1,4004,54004,lowband_largesig_r00,prps,1544,94,0.737994,-66,0,-66,-0.17278760,-9.90000,prps,2,111
120506,120.506,1,4004,54004,lowband_largesig_r00,prps,1522,72,0.566154,-64,0,-64,-0.16755160,-9.60000,prps,2,115
120526,120.526,1,4004,54004,lowband_largesig_r00,prps,1499,49,0.382073,-58,0,-58,-0.15184364,-8.70000,prps,2,119
120546,120.546,1,4004,54004,lowband_largesig_r00,prps,1477,27,0.210660,-50,0,-50,-0.13089970,-7.50000,prps,2,123
120566,120.566,1,4004,54004,lowband_largesig_r00,prps,1459,9,0.074269,-40,0,-40,-0.10471976,-6.00000,prps,2,127
120586,120.586,1,4004,54004,lowband_largesig_r00,prps,1449,-1,-0.010410,-29,0,-29,-0.07592182,-4.35000,prps,2,131
120606,120.606,1,4004,54004,lowband_largesig_r00,prps,1446,-4,-0.034594,-17,0,-17,-0.04450589,-2.55000,prps,2,135
120626,120.626,1,4004,54004,lowband_largesig_r00,prps,1450,0,0.001574,-7,0,-7,-0.01832596,-1.05000,prps,2,139
120646,120.646,1,4004,54004,lowband_largesig_r00,prps,1461,11,0.089340,-1,0,-1,-0.00261799,-0.15000,prps,2,143
120666,120.666,1,4004,54004,lowband_largesig_r00,prps,1477,27,0.212914,1,0,1,0.00261799,0.15000,prps,2,147
120686,120.686,1,4004,54004,lowband_largesig_r00,prps,1495,45,0.352032,-1,0,-1,-0.00261799,-0.15000,prps,2,151
120706,120.706,1,4004,54004,lowband_largesig_r00,prps,1512,62,0.485087,-6,0,-6,-0.01570796,-0.90000,prps,2,155
120726,120.726,1,4004,54004,lowband_largesig_r00,prps,1525,75,0.592328,-14,0,-14,-0.03665191,-2.10000,prps,2,159
120746,120.746,1,4004,54004,lowband_largesig_r00,prps,1534,84,0.658636,-24,0,-24,-0.06283185,-3.60000,prps,2,163
120766,120.766,1,4004,54004,lowband_largesig_r00,prps,1536,86,0.675465,-33,0,-33,-0.08639380,-4.95000,prps,2,167
120786,120.786,1,4004,54004,lowband_largesig_r00,prps,1531,81,0.641684,-40,0,-40,-0.10471976,-6.00000,prps,2,171
120806,120.806,1,4004,54004,lowband_largesig_r00,prps,1522,72,0.563239,-44,0,-44,-0.11519173,-6.60000,prps,2,175
120826,120.826,1,4004,54004,lowband_largesig_r00,prps,1507,57,0.451755,-45,0,-45,-0.11780972,-6.75000,prps,2,179
120846,120.846,1,4004,54004,lowband_largesig_r00,prps,1491,41,0.322332,-43,0,-43,-0.11257374,-6.45000,prps,2,183
120866,120.866,1,4004,54004,lowband_largesig_r00,prps,1474,24,0.190959,-39,0,-39,-0.10210176,-5.85000,prps,2,187
120886,120.886,1,4004,54004,lowband_largesig_r00,prps,1459,9,0.071949,-33,0,-33,-0.08639380,-4.95000,prps,2,191
120906,120.906,1,4004,54004,lowband_largesig_r00,prps,1447,-3,-0.024163,-25,0,-25,-0.06544985,-3.75000,prps,2,195
120926,120.926,1,4004,54004,lowband_largesig_r00,prps,1438,-12,-0.091970,-15,0,-15,-0.03926991,-2.25000,prps,2,199
120946,120.946,1,4004,54004,lowband_largesig_r00,prps,1433,-17,-0.131595,-6,0,-6,-0.01570796,-0.90000,prps,2,203
120966,120.966,1,4004,54004,lowband_largesig_r00,prps,1431,-19,-0.148159,1,0,1,0.00261799,0.15000,prps,2,207
120986,120.986,1,4004,54004,lowband_largesig_r00,prps,1431,-19,-0.150444,6,0,6,0.01570796,0.90000,prps,2,211
121006,121.006,1,4004,54004,lowband_largesig_r00,prps,1431,-19,-0.149042,9,0,9,0.02356194,1.35000,prps,2,215
121026,121.026,1,4004,54004,lowband_largesig_r00,prps,1430,-20,-0.154330,9,0,9,0.02356194,1.35000,prps,2,219
121046,121.046,1,4004,54004,lowband_largesig_r00,prps,1428,-22,-0.174629,10,0,10,0.02617994,1.50000,prps,2,223
121066,121.066,1,4004,54004,lowband_largesig_r00,prps,1423,-27,-0.214853,10,0,10,0.02617994,1.50000,prps,2,227
121086,121.086,1,4004,54004,lowband_largesig_r00,prps,1415,-35,-0.275842,12,0,12,0.03141592,1.80000,prps,2,231
121106,121.106,1,4004,54004,lowband_largesig_r00,prps,1405,-45,-0.354459,15,0,15,0.03926991,2.25000,prps,2,235
121126,121.126,1,4004,54004,lowband_largesig_r00,prps,1394,-56,-0.444364,17,0,17,0.04450589,2.55000,prps,2,239
121146,121.146,1,4004,54004,lowband_largesig_r00,prps,1382,-68,-0.537292,20,0,20,0.05235988,3.00000,prps,2,243
121166,121.166,1,4004,54004,lowband_largesig_r00,prps,1371,-79,-0.624563,24,0,24,0.06283185,3.60000,prps,2,247
121186,121.186,1,4004,54004,lowband_largesig_r00,prps,1361,-89,-0.698533,29,0,29,0.07592182,4.35000,prps,2,251
121206,121.206,1,4004,54004,lowband_largesig_r00,prps,1354,-96,-0.753730,35,0,35,0.09162979,5.25000,prps,2,255
121226,121.226,1,4004,54004,lowband_largesig_r00,prps,1350,-100,-0.787480,41,0,41,0.10733775,6.15000,prps,2,259
121246,121.246,1,4004,54004,lowband_largesig_r00,prps,1348,-102,-0.799950,47,0,47,0.12304571,7.05000,prps,2,263
121266,121.266,1,4004,54004,lowband_largesig_r00,prps,1349,-101,-0.793653,52,0,52,0.13613568,7.80000,prps,2,267
121286,121.286,1,4004,54004,lowband_largesig_r00,prps,1352,-98,-0.772536,54,0,54,0.14137166,8.10000,prps,2,271
121306,121.306,1,4004,54004,lowband_largesig_r00,prps,1356,-94,-0.740892,55,0,55,0.14398966,8.25000,prps,2,275
121326,121.326,1,4004,54004,lowband_largesig_r00,prps,1361,-89,-0.702316,55,0,55,0.14398966,8.25000,prps,2,279
121346,121.346,1,4004,54004,lowband_largesig_r00,prps,1366,-84,-0.658938,55,0,55,0.14398966,8.25000,prps,2,283
121366,121.366,1,4004,54004,lowband_largesig_r00,prps,1372,-78,-0.611089,55,0,55,0.14398966,8.25000,prps,2,287
121386,121.386,1,4004,54004,lowband_largesig_r00,prps,1379,-71,-0.557456,55,0,55,0.14398966,8.25000,prps,2,291
121406,121.406,1,4004,54004,lowband_largesig_r00,prps,1387,-63,-0.495699,54,0,54,0.14137166,8.10000,prps,2,295
121426,121.426,1,4004,54004,lowband_largesig_r00,prps,1396,-54,-0.423376,50,0,50,0.13089970,7.50000,prps,2,299
121446,121.446,1,4004,54004,lowband_largesig_r00,prps,1407,-43,-0.338992,45,0,45,0.11780972,6.75000,prps,2,303
121466,121.466,1,4004,54004,lowband_largesig_r00,prps,1419,-31,-0.242923,40,0,40,0.10471976,6.00000,prps,2,307
121486,121.486,1,4004,54004,lowband_largesig_r00,prps,1432,-18,-0.138019,33,0,33,0.08639380,4.95000,prps,2,311
121506,121.506,1,4004,54004,lowband_largesig_r00,prps,1446,-4,-0.029733,26,0,26,0.06806784,3.90000,prps,2,315
121526,121.526,1,4004,54004,lowband_largesig_r00,prps,1459,9,0.074280,18,0,18,0.04712389,2.70000,prps,2,319
121546,121.546,1,4004,54004,lowband_largesig_r00,prps,1471,21,0.165051,11,0,11,0.02879793,1.65000,prps,2,323
121566,121.566,1,4004,54004,lowband_largesig_r00,prps,1480,30,0.233522,6,0,6,0.01570796,0.90000,prps,2,327
121586,121.586,1,4004,54004,lowband_largesig_r00,prps,1485,35,0.271899,0,0,0,0.00000000,0.00000,prps,2,331
121606,121.606,1,4004,54004,lowband_largesig_r00,prps,1485,35,0.274895,-5,0,-5,-0.01308997,-0.75000,prps,2,335
121626,121.626,1,4004,54004,lowband_largesig_r00,prps,1481,31,0.240622,-10,0,-10,-0.02617994,-1.50000,prps,2,339
121646,121.646,1,4004,54004,lowband_largesig_r00,prps,1472,22,0.170978,-13,0,-13,-0.03403392,-1.95000,prps,2,343
121666,121.666,1,4004,54004,lowband_largesig_r00,prps,1459,9,0.071443,-14,0,-14,-0.03665191,-2.10000,prps,2,347
121686,121.686,1,4004,54004,lowband_largesig_r00,prps,1444,-6,-0.049683,-13,0,-13,-0.03403392,-1.95000,prps,2,351
121706,121.706,1,4004,54004,lowband_largesig_r00,prps,1427,-23,-0.182472,-11,0,-11,-0.02879793,-1.65000,prps,2,355
121726,121.726,1,4004,54004,lowband_largesig_r00,prps,1410,-40,-0.316778,-4,0,-4,-0.01047198,-0.60000,prps,2,359
121746,121.746,1,4004,54004,lowband_largesig_r00,prps,1394,-56,-0.443626,5,0,5,0.01308997,0.75000,prps,2,363
121766,121.766,1,4004,54004,lowband_largesig_r00,prps,1379,-71,-0.556321,15,0,15,0.03926991,2.25000,prps,2,367
121786,121.786,1,4004,54004,lowband_largesig_r00,prps,1367,-83,-0.651107,23,0,23,0.06021386,3.45000,prps,2,371
121806,121.806,1,4004,54004,lowband_largesig_r00,prps,1358,-92,-0.727262,31,0,31,0.08115781,4.65000,prps,2,375
121826,121.826,1,4004,54004,lowband_largesig_r00,prps,1350,-100,-0.786627,38,0,38,0.09948376,5.70000,prps,2,379
121846,121.846,1,4004,54004,lowband_largesig_r00,prps,1344,-106,-0.832700,44,0,44,0.11519173,6.60000,prps,2,383
121866,121.866,1,4004,54004,lowband_largesig_r00,prps,1340,-110,-0.869456,50,0,50,0.13089970,7.50000,prps,2,387
121886,121.886,1,4004,54004,lowband_largesig_r00,prps,1336,-114,-0.900161,55,0,55,0.14398966,8.25000,prps,2,391
121906,121.906,1,4004,54004,lowband_largesig_r00,prps,1332,-118,-0.926408,60,0,60,0.15707964,9.00000,prps,2,395
121926,121.926,1,4004,54004,lowband_largesig_r00,prps,1330,-120,-0.947581,63,0,63,0.16493360,9.45000,prps,2,399
121946,121.946,1,4004,54004,lowband_largesig_r00,prps,1328,-122,-0.960842,65,0,65,0.17016960,9.75000,prps,2,403
121966,121.966,1,4004,54004,lowband_largesig_r00,prps,1328,-122,-0.961678,67,0,67,0.17540560,10.05000,prps,2,407
121986,121.986,1,4004,54004,lowband_largesig_r00,prps,1330,-120,-0.944883,69,0,69,0.18064158,10.35000,prps,2,411
122006,122.006,1,4004,54004,lowband_largesig_r00,prps,1335,-115,-0.905779,69,0,69,0.18064158,10.35000,prps,2,415
122026,122.026,1,4004,54004,lowband_largesig_r00,prps,1343,-107,-0.841456,70,0,70,0.18325958,10.50000,prps,2,419
122046,122.046,1,4004,54004,lowband_largesig_r00,prps,1355,-95,-0.751741,69,0,69,0.18064158,10.35000,prps,2,423
122066,122.066,1,4004,54004,lowband_largesig_r00,prps,1369,-81,-0.639708,68,0,68,0.17802358,10.20000,prps,2,427
122086,122.086,1,4004,54004,lowband_largesig_r00,prps,1385,-65,-0.511579,64,0,64,0.16755160,9.60000,prps,2,431
122106,122.106,1,4004,54004,lowband_largesig_r00,prps,1402,-48,-0.376020,58,0,58,0.15184364,8.70000,prps,2,435
122126,122.126,1,4004,54004,lowband_largesig_r00,prps,1419,-31,-0.242908,50,0,50,0.13089970,7.50000,prps,2,439
122146,122.146,1,4004,54004,lowband_largesig_r00,prps,1435,-15,-0.121798,40,0,40,0.10471976,6.00000,prps,2,443
122166,122.166,1,4004,54004,lowband_largesig_r00,prps,1447,-3,-0.020347,29,0,29,0.07592182,4.35000,prps,2,447
122186,122.186,1,4004,54004,lowband_largesig_r00,prps,1457,7,0.057010,18,0,18,0.04712389,2.70000,prps,2,451
122206,122.206,1,4004,54004,lowband_largesig_r00,prps,1464,14,0.109868,10,0,10,0.02617994,1.50000,prps,2,455
122226,122.226,1,4004,54004,lowband_largesig_r00,prps,1468,18,0.141982,4,0,4,0.01047198,0.60000,prps,2,459
122246,122.246,1,4004,54004,lowband_largesig_r00,prps,1470,20,0.160654,-1,0,-1,-0.00261799,-0.15000,prps,2,463
122266,122.266,1,4004,54004,lowband_largesig_r00,prps,1472,22,0.175473,-4,0,-4,-0.01047198,-0.60000,prps,2,467
122286,122.286,1,4004,54004,lowband_largesig_r00,prps,1475,25,0.196595,-7,0,-7,-0.01832596,-1.05000,prps,2,471
122306,122.306,1,4004,54004,lowband_largesig_r00,prps,1480,30,0.232868,-9,0,-9,-0.02356194,-1.35000,prps,2,475
122326,122.326,1,4004,54004,lowband_largesig_r00,prps,1487,37,0.290132,-10,0,-10,-0.02617994,-1.50000,prps,2,479
122346,122.346,1,4004,54004,lowband_largesig_r00,prps,1497,47,0.369998,-13,0,-13,-0.03403392,-1.95000,prps,2,483
122366,122.366,1,4004,54004,lowband_largesig_r00,prps,1510,60,0.469356,-17,0,-17,-0.04450589,-2.55000,prps,2,487
122386,122.386,1,4004,54004,lowband_largesig_r00,prps,1524,74,0.580713,-21,0,-21,-0.05497787,-3.15000,prps,2,491
122406,122.406,1,4004,54004,lowband_largesig_r00,prps,1538,88,0.693333,-26,0,-26,-0.06806784,-3.90000,prps,2,495
122426,122.426,1,4004,54004,lowband_largesig_r00,prps,1551,101,0.795002,-32,0,-32,-0.08377580,-4.80000,prps,2,499
122446,122.446,1,4004,54004,lowband_largesig_r00,prps,1561,111,0.874119,-40,0,-40,-0.10471976,-6.00000,prps,2,503
122466,122.466,1,4004,54004,lowband_largesig_r00,prps,1567,117,0.921754,-47,0,-47,-0.12304571,-7.05000,prps,2,507
122486,122.486,1,4004,54004,lowband_largesig_r00,prps,1569,119,0.933316,-53,0,-53,-0.13875367,-7.95000,prps,2,511
122506,122.506,1,4004,54004,lowband_largesig_r00,prps,1566,116,0.909500,-59,0,-59,-0.15446164,-8.85000,prps,2,515
122526,122.526,1,4004,54004,lowband_largesig_r00,prps,1559,109,0.856359,-63,0,-63,-0.16493360,-9.45000,prps,2,519
122546,122.546,1,4004,54004,lowband_largesig_r00,prps,1550,100,0.784424,-64,0,-64,-0.16755160,-9.60000,prps,2,523
122566,122.566,1,4004,54004,lowband_largesig_r00,prps,1540,90,0.707038,-63,0,-63,-0.16493360,-9.45000,prps,2,527
122586,122.586,1,4004,54004,lowband_largesig_r00,prps,1531,81,0.638142,-61,0,-61,-0.15969762,-9.15000,prps,2,531
122606,122.606,1,4004,54004,lowband_largesig_r00,prps,1525,75,0.589911,-58,0,-58,-0.15184364,-8.70000,prps,2,535
122626,122.626,1,4004,54004,lowband_largesig_r00,prps,1522,72,0.570628,-53,0,-53,-0.13875367,-7.95000,prps,2,539
122646,122.646,1,4004,54004,lowband_largesig_r00,prps,1524,74,0.583191,-49,0,-49,-0.12828170,-7.35000,prps,2,543
122666,122.666,1,4004,54004,lowband_largesig_r00,prps,1529,79,0.624516,-45,0,-45,-0.11780972,-6.75000,prps,2,547
122686,122.686,1,4004,54004,lowband_largesig_r00,prps,1537,87,0.685967,-44,0,-44,-0.11519173,-6.60000,prps,2,551
122706,122.706,1,4004,54004,lowband_largesig_r00,prps,1546,96,0.754766,-44,0,-44,-0.11519173,-6.60000,prps,2,555
122726,122.726,1,4004,54004,lowband_largesig_r00,prps,1554,104,0.816150,-45,0,-45,-0.11780972,-6.75000,prps,2,559
122746,122.746,1,4004,54004,lowband_largesig_r00,prps,1559,109,0.855939,-48,0,-48,-0.12566370,-7.20000,prps,2,563
122766,122.766,1,4004,54004,lowband_largesig_r00,prps,1560,110,0.863053,-51,0,-51,-0.13351768,-7.65000,prps,2,567
122786,122.786,1,4004,54004,lowband_largesig_r00,prps,1556,106,0.831568,-55,0,-55,-0.14398966,-8.25000,prps,2,571
122806,122.806,1,4004,54004,lowband_largesig_r00,prps,1547,97,0.761926,-59,0,-59,-0.15446164,-8.85000,prps,2,575
122826,122.826,1,4004,54004,lowband_largesig_r00,prps,1534,84,0.661074,-60,0,-60,-0.15707964,-9.00000,prps,2,579
122846,122.846,1,4004,54004,lowband_largesig_r00,prps,1519,69,0.541486,-59,0,-59,-0.15446164,-8.85000,prps,2,583
122866,122.866,1,4004,54004,lowband_largesig_r00,prps,1503,53,0.419200,-55,0,-55,-0.14398966,-8.25000,prps,2,587
122886,122.886,1,4004,54004,lowband_largesig_r00,prps,1490,40,0.311184,-47,0,-47,-0.12304571,-7.05000,prps,2,591
122906,122.906,1,4004,54004,lowband_largesig_r00,prps,1480,30,0.232455,-40,0,-40,-0.10471976,-6.00000,prps,2,595
122926,122.926,1,4004,54004,lowband_largesig_r00,prps,1475,25,0.193441,-32,0,-32,-0.08377580,-4.80000,prps,2,599
122946,122.946,1,4004,54004,lowband_largesig_r00,prps,1475,25,0.198022,-26,0,-26,-0.06806784,-3.90000,prps,2,603
122966,122.966,1,4004,54004,lowband_largesig_r00,prps,1481,31,0.242614,-20,0,-20,-0.05235988,-3.00000,prps,2,607
122986,122.986,1,4004,54004,lowband_largesig_r00,prps,1490,40,0.316451,-20,0,-20,-0.05235988,-3.00000,prps,2,611
123006,123.006,1,4004,54004,lowband_largesig_r00,prps,1501,51,0.403068,-20,0,-20,-0.05235988,-3.00000,prps,2,615
123026,123.026,1,4004,54004,lowband_largesig_r00,prps,1511,61,0.482757,-20,0,-20,-0.05235988,-3.00000,prps,2,619
123046,123.046,1,4004,54004,lowband_largesig_r00,prps,1518,68,0.535630,-22,0,-22,-0.05759586,-3.30000,prps,2,623
123066,123.066,1,4004,54004,lowband_largesig_r00,prps,1519,69,0.544791,-25,0,-25,-0.06544985,-3.75000,prps,2,627
123086,123.086,1,4004,54004,lowband_largesig_r00,prps,1513,63,0.499135,-30,0,-30,-0.07853982,-4.50000,prps,2,631
123106,123.106,1,4004,54004,lowband_largesig_r00,prps,1500,50,0.395309,-33,0,-33,-0.08639380,-4.95000,prps,2,635
123126,123.126,1,4004,54004,lowband_largesig_r00,prps,1480,30,0.238519,-34,0,-34,-0.08901179,-5.10000,prps,2,639
123146,123.146,1,4004,54004,lowband_largesig_r00,prps,1455,5,0.042060,-31,0,-31,-0.08115781,-4.65000,prps,2,643
123166,123.166,1,4004,54004,lowband_largesig_r00,prps,1428,-22,-0.174389,-25,0,-25,-0.06544985,-3.75000,prps,2,647
123186,123.186,1,4004,54004,lowband_largesig_r00,prps,1401,-49,-0.387424,-15,0,-15,-0.03926991,-2.25000,prps,2,651
123206,123.206,1,4004,54004,lowband_largesig_r00,prps,1377,-73,-0.573144,-1,0,-1,-0.00261799,-0.15000,prps,2,655
123226,123.226,1,4004,54004,lowband_largesig_r00,prps,1360,-90,-0.710448,14,0,14,0.03665191,2.10000,prps,2,659
123246,123.246,1,4004,54004,lowband_largesig_r00,prps,1350,-100,-0.783918,29,0,29,0.07592182,4.35000,prps,2,663
123266,123.266,1,4004,54004,lowband_largesig_r00,prps,1350,-100,-0.785857,42,0,42,0.10995574,6.30000,prps,2,667
123286,123.286,1,4004,54004,lowband_largesig_r00,prps,1359,-91,-0.717213,52,0,52,0.13613568,7.80000,prps,2,671
123306,123.306,1,4004,54004,lowband_largesig_r00,prps,1375,-75,-0.587283,54,0,54,0.14137166,8.10000,prps,2,675
123326,123.326,1,4004,54004,lowband_largesig_r00,prps,1398,-52,-0.412271,54,0,54,0.14137166,8.10000,prps,2,679
123346,123.346,1,4004,54004,lowband_largesig_r00,prps,1423,-27,-0.212969,50,0,50,0.13089970,7.50000,prps,2,683
123366,123.366,1,4004,54004,lowband_largesig_r00,prps,1448,-2,-0.011932,42,0,42,0.10995574,6.30000,prps,2,687
123386,123.386,1,4004,54004,lowband_largesig_r00,prps,1472,22,0.169430,30,0,30,0.07853982,4.50000,prps,2,691
123406,123.406,1,4004,54004,lowband_largesig_r00,prps,1490,40,0.313398,15,0,15,0.03926991,2.25000,prps,2,695
123426,123.426,1,4004,54004,lowband_largesig_r00,prps,1502,52,0.407805,1,0,1,0.00261799,0.15000,prps,2,699
123446,123.446,1,4004,54004,lowband_largesig_r00,prps,1507,57,0.446992,-11,0,-11,-0.02879793,-1.65000,prps,2,703
123466,123.466,1,4004,54004,lowband_largesig_r00,prps,1505,55,0.431798,-22,0,-22,-0.05759586,-3.30000,prps,2,707
123486,123.486,1,4004,54004,lowband_largesig_r00,prps,1497,47,0.368678,-29,0,-29,-0.07592182,-4.35000,prps,2,711
123506,123.506,1,4004,54004,lowband_largesig_r00,prps,1484,34,0.268174,-31,0,-31,-0.08115781,-4.65000,prps,2,715
123526,123.526,1,4004,54004,lowband_largesig_r00,prps,1468,18,0.143046,-29,0,-29,-0.07592182,-4.35000,prps,2,719
123546,123.546,1,4004,54004,lowband_largesig_r00,prps,1451,1,0.006385,-24,0,-24,-0.06283185,-3.60000,prps,2,723
123566,123.566,1,4004,54004,lowband_largesig_r00,prps,1433,-17,-0.129997,-17,0,-17,-0.04450589,-2.55000,prps,2,727
123586,123.586,1,4004,54004,lowband_largesig_r00,prps,1417,-33,-0.256682,-10,0,-10,-0.02617994,-1.50000,prps,2,731
123606,123.606,1,4004,54004,lowband_largesig_r00,prps,1403,-47,-0.367162,0,0,0,0.00000000,0.00000,prps,2,735
123626,123.626,1,4004,54004,lowband_largesig_r00,prps,1392,-58,-0.457781,11,0,11,0.02879793,1.65000,prps,2,739
123646,123.646,1,4004,54004,lowband_largesig_r00,prps,1383,-67,-0.527209,19,0,19,0.04974188,2.85000,prps,2,743
123666,123.666,1,4004,54004,lowband_largesig_r00,prps,1377,-73,-0.575658,26,0,26,0.06806784,3.90000,prps,2,747
123686,123.686,1,4004,54004,lowband_largesig_r00,prps,1373,-77,-0.604044,32,0,32,0.08377580,4.80000,prps,2,751
123706,123.706,1,4004,54004,lowband_largesig_r00,prps,1372,-78,-0.613313,36,0,36,0.09424778,5.40000,prps,2,755
123726,123.726,1,4004,54004,lowband_largesig_r00,prps,1373,-77,-0.604058,39,0,39,0.10210176,5.85000,prps,2,759
123746,123.746,1,4004,54004,lowband_largesig_r00,prps,1377,-73,-0.576505,40,0,40,0.10471976,6.00000,prps,2,763
123766,123.766,1,4004,54004,lowband_largesig_r00,prps,1383,-67,-0.530822,40,0,40,0.10471976,6.00000,prps,2,767
123786,123.786,1,4004,54004,lowband_largesig_r00,prps,1391,-59,-0.467646,40,0,40,0.10471976,6.00000,prps,2,771
123806,123.806,1,4004,54004,lowband_largesig_r00,prps,1401,-49,-0.388657,40,0,40,0.10471976,6.00000,prps,2,775
123826,123.826,1,4004,54004,lowband_largesig_r00,prps,1412,-38,-0.297030,39,0,39,0.10210176,5.85000,prps,2,779
123846,123.846,1,4004,54004,lowband_largesig_r00,prps,1425,-25,-0.197599,36,0,36,0.09424778,5.40000,prps,2,783
123866,123.866,1,4004,54004,lowband_largesig_r00,prps,1438,-12,-0.096650,30,0,30,0.07853982,4.50000,prps,2,787
123886,123.886,1,4004,54004,lowband_largesig_r00,prps,1450,0,-0.001337,23,0,23,0.06021386,3.45000,prps,2,791
123906,123.906,1,4004,54004,lowband_largesig_r00,prps,1460,10,0.081205,16,0,16,0.04188790,2.40000,prps,2,795
123926,123.926,1,4004,54004,lowband_largesig_r00,prps,1468,18,0.144904,10,0,10,0.02617994,1.50000,prps,2,799
123946,123.946,1,4004,54004,lowband_largesig_r00,prps,1474,24,0.185732,5,0,5,0.01308997,0.75000,prps,2,803
123966,123.966,1,4004,54004,lowband_largesig_r00,prps,1476,26,0.202450,0,0,0,0.00000000,0.00000,prps,2,807
123986,123.986,1,4004,54004,lowband_largesig_r00,prps,1475,25,0.196928,-3,0,-3,-0.00785398,-0.45000,prps,2,811
124006,124.006,1,4004,54004,lowband_largesig_r00,prps,1472,22,0.173962,-7,0,-7,-0.01832596,-1.05000,prps,2,815
124026,124.026,1,4004,54004,lowband_largesig_r00,prps,1468,18,0.140570,-10,0,-10,-0.02617994,-1.50000,prps,2,819
124046,124.046,1,4004,54004,lowband_largesig_r00,prps,1463,13,0.104889,-10,0,-10,-0.02617994,-1.50000,prps,2,823
124066,124.066,1,4004,54004,lowband_largesig_r00,prps,1460,10,0.074829,-10,0,-10,-0.02617994,-1.50000,prps,2,827
124086,124.086,1,4004,54004,lowband_largesig_r00,prps,1457,7,0.056731,-10,0,-10,-0.02617994,-1.50000,prps,2,831
124106,124.106,1,4004,54004,lowband_largesig_r00,prps,1457,7,0.054280,-9,0,-9,-0.02356194,-1.35000,prps,2,835
124126,124.126,1,4004,54004,lowband_largesig_r00,prps,1459,9,0.067851,-8,0,-8,-0.02094395,-1.20000,prps,2,839
124146,124.146,1,4004,54004,lowband_largesig_r00,prps,1462,12,0.094450,-7,0,-7,-0.01832596,-1.05000,prps,2,843
124166,124.166,1,4004,54004,lowband_largesig_r00,prps,1466,16,0.128266,-6,0,-6,-0.01570796,-0.90000,prps,2,847
124186,124.186,1,4004,54004,lowband_largesig_r00,prps,1471,21,0.161732,-6,0,-6,-0.01570796,-0.90000,prps,2,851
124206,124.206,1,4004,54004,lowband_largesig_r00,prps,1474,24,0.186950,-6,0,-6,-0.01570796,-0.90000,prps,2,855
124226,124.226,1,4004,54004,lowband_largesig_r00,prps,1475,25,0.197194,-6,0,-6,-0.01570796,-0.90000,prps,2,859
124246,124.246,1,4004,54004,lowband_largesig_r00,prps,1474,24,0.188237,-7,0,-7,-0.01832596,-1.05000,prps,2,863
124266,124.266,1,4004,54004,lowband_largesig_r00,prps,1470,20,0.159248,-8,0,-8,-0.02094395,-1.20000,prps,2,867
124286,124.286,1,4004,54004,lowband_largesig_r00,prps,1464,14,0.113087,-9,0,-9,-0.02356194,-1.35000,prps,2,871
124306,124.306,1,4004,54004,lowband_largesig_r00,prps,1457,7,0.055929,-9,0,-9,-0.02356194,-1.35000,prps,2,875
124326,124.326,1,4004,54004,lowband_largesig_r00,prps,1450,0,-0.003733,-8,0,-8,-0.02094395,-1.20000,prps,2,879
124346,124.346,1,4004,54004,lowband_largesig_r00,prps,1443,-7,-0.056540,-7,0,-7,-0.01832596,-1.05000,prps,2,883
124366,124.366,1,4004,54004,lowband_largesig_r00,prps,1438,-12,-0.093912,-5,0,-5,-0.01308997,-0.75000,prps,2,887
124386,124.386,1,4004,54004,lowband_largesig_r00,prps,1436,-14,-0.109606,-1,0,-1,-0.00261799,-0.15000,prps,2,891
124406,124.406,1,4004,54004,lowband_largesig_r00,prps,1437,-13,-0.100892,2,0,2,0.00523599,0.30000,prps,2,895
124426,124.426,1,4004,54004,lowband_largesig_r00,prps,1441,-9,-0.069143,5,0,5,0.01308997,0.75000,prps,2,899
124446,124.446,1,4004,54004,lowband_largesig_r00,prps,1447,-3,-0.019699,7,0,7,0.01832596,1.05000,prps,2,903
124466,124.466,1,4004,54004,lowband_largesig_r00,prps,1455,5,0.038956,6,0,6,0.01570796,0.90000,prps,2,907
124486,124.486,1,4004,54004,lowband_largesig_r00,prps,1462,12,0.096586,6,0,6,0.01570796,0.90000,prps,2,911
124506,124.506,1,4004,54004,lowband_largesig_r00,prps,1468,18,0.142915,6,0,6,0.01570796,0.90000,prps,2,915
124526,124.526,1,4004,54004,lowband_largesig_r00,prps,1472,22,0.169359,4,0,4,0.01047198,0.60000,prps,2,919
124546,124.546,1,4004,54004,lowband_largesig_r00,prps,1472,22,0.170461,1,0,1,0.00261799,0.15000,prps,2,923
124566,124.566,1,4004,54004,lowband_largesig_r00,prps,1468,18,0.144779,-2,0,-2,-0.00523599,-0.30000,prps,2,927
124586,124.586,1,4004,54004,lowband_largesig_r00,prps,1462,12,0.095060,-5,0,-5,-0.01308997,-0.75000,prps,2,931
124606,124.606,1,4004,54004,lowband_largesig_r00,prps,1454,4,0.027655,-6,0,-6,-0.01570796,-0.90000,prps,2,935
124626,124.626,1,4004,54004,lowband_largesig_r00,prps,1444,-6,-0.048699,-5,0,-5,-0.01308997,-0.75000,prps,2,939
124646,124.646,1,4004,54004,lowband_largesig_r00,prps,1434,-16,-0.124542,-4,0,-4,-0.01047198,-0.60000,prps,2,943
124666,124.666,1,4004,54004,lowband_largesig_r00,prps,1426,-24,-0.191458,-1,0,-1,-0.00261799,-0.15000,prps,2,947
124686,124.686,1,4004,54004,lowband_largesig_r00,prps,1419,-31,-0.243647,4,0,4,0.01047198,0.60000,prps,2,951
124706,124.706,1,4004,54004,lowband_largesig_r00,prps,1415,-35,-0.278993,9,0,9,0.02356194,1.35000,prps,2,955
124726,124.726,1,4004,54004,lowband_largesig_r00,prps,1412,-38,-0.299411,13,0,13,0.03403392,1.95000,prps,2,959
124746,124.746,1,4004,54004,lowband_largesig_r00,prps,1411,-39,-0.310414,16,0,16,0.04188790,2.40000,prps,2,963
124766,124.766,1,4004,54004,lowband_largesig_r00,prps,1409,-41,-0.319946,18,0,18,0.04712389,2.70000,prps,2,967
124786,124.786,1,4004,54004,lowband_largesig_r00,prps,1407,-43,-0.336699,20,0,20,0.05235988,3.00000,prps,2,971
124806,124.806,1,4004,54004,lowband_largesig_r00,prps,1403,-47,-0.368205,21,0,21,0.05497787,3.15000,prps,2,975
124826,124.826,1,4004,54004,lowband_largesig_r00,prps,1397,-53,-0.419074,22,0,22,0.05759586,3.30000,prps,2,979
124846,124.846,1,4004,54004,lowband_largesig_r00,prps,1388,-62,-0.489705,24,0,24,0.06283185,3.60000,prps,2,983
124878,124.878,1,4004,54004,lowband_largesig_r00,prps,1377,-73,-0.575743,27,0,27,0.07068583,4.05000,prps,2,987
124898,124.898,1,4004,54004,lowband_largesig_r00,prps,1365,-85,-0.668416,28,0,28,0.07330382,4.20000,prps,2,991
124918,124.918,1,4004,54004,lowband_largesig_r00,prps,1354,-96,-0.755723,32,0,32,0.08377580,4.80000,prps,2,995
124938,124.938,1,4004,54004,lowband_largesig_r00,prps,1345,-105,-0.824319,38,0,38,0.09948376,5.70000,prps,2,999
124958,124.958,1,4004,54004,lowband_largesig_r00,prps,1341,-109,-0.861769,44,0,44,0.11519173,6.60000,prps,2,1003
124978,124.978,1,4004,54004,lowband_largesig_r00,prps,1341,-109,-0.858799,51,0,51,0.13351768,7.65000,prps,2,1007
124998,124.998,1,4004,54004,lowband_largesig_r00,prps,1347,-103,-0.811137,56,0,56,0.14660765,8.40000,prps,2,1011
125018,125.018,1,4004,54004,lowband_largesig_r00,prps,1358,-92,-0.720616,61,0,61,0.15969762,9.15000,prps,2,1015
125038,125.038,1,4004,54004,lowband_largesig_r00,prps,1374,-76,-0.595292,63,0,63,0.16493360,9.45000,prps,2,1019
125058,125.058,1,4004,54004,lowband_largesig_r00,prps,1393,-57,-0.448540,62,0,62,0.16231562,9.30000,prps,2,1023
125078,125.078,1,4004,54004,lowband_largesig_r00,prps,1412,-38,-0.297225,56,0,56,0.14660765,8.40000,prps,2,1027
125098,125.098,1,4004,54004,lowband_largesig_r00,prps,1430,-20,-0.159222,47,0,47,0.12304571,7.05000,prps,2,1031
125118,125.118,1,4004,54004,lowband_largesig_r00,prps,1444,-6,-0.050691,37,0,37,0.09686577,5.55000,prps,2,1035
125138,125.138,1,4004,54004,lowband_largesig_r00,prps,1452,2,0.016465,24,0,24,0.06283185,3.60000,prps,2,1039
125158,125.158,1,4004,54004,lowband_largesig_r00,prps,1455,5,0.036524,14,0,14,0.03665191,2.10000,prps,2,1043
125178,125.178,1,4004,54004,lowband_largesig_r00,prps,1451,1,0.010918,7,0,7,0.01832596,1.05000,prps,2,1047
125198,125.198,1,4004,54004,lowband_largesig_r00,prps,1443,-7,-0.051914,4,0,4,0.01047198,0.60000,prps,2,1051
125218,125.218,1,4004,54004,lowband_largesig_r00,prps,1433,-17,-0.137792,4,0,4,0.01047198,0.60000,prps,2,1055
125238,125.238,1,4004,54004,lowband_largesig_r00,prps,1421,-29,-0.228995,5,0,5,0.01308997,0.75000,prps,2,1059
125258,125.258,1,4004,54004,lowband_largesig_r00,prps,1411,-39,-0.307037,7,0,7,0.01832596,1.05000,prps,2,1063
125278,125.278,1,4004,54004,lowband_largesig_r00,prps,1405,-45,-0.355586,11,0,11,0.02879793,1.65000,prps,2,1067
125298,125.298,1,4004,54004,lowband_largesig_r00,prps,1404,-46,-0.363041,16,0,16,0.04188790,2.40000,prps,2,1071
125318,125.318,1,4004,54004,lowband_largesig_r00,prps,1409,-41,-0.324354,20,0,20,0.05235988,3.00000,prps,2,1075
125338,125.338,1,4004,54004,lowband_largesig_r00,prps,1419,-31,-0.241798,22,0,22,0.05759586,3.30000,prps,2,1079
125358,125.358,1,4004,54004,lowband_largesig_r00,prps,1434,-16,-0.124563,22,0,22,0.05759586,3.30000,prps,2,1083
125378,125.378,1,4004,54004,lowband_largesig_r00,prps,1452,2,0.012767,20,0,20,0.05235988,3.00000,prps,2,1087
125398,125.398,1,4004,54004,lowband_largesig_r00,prps,1469,19,0.152578,16,0,16,0.04188790,2.40000,prps,2,1091
125418,125.418,1,4004,54004,lowband_largesig_r00,prps,1485,35,0.277071,11,0,11,0.02879793,1.65000,prps,2,1095
125438,125.438,1,4004,54004,lowband_largesig_r00,prps,1497,47,0.371093,4,0,4,0.01047198,0.60000,prps,2,1099
125458,125.458,1,4004,54004,lowband_largesig_r00,prps,1504,54,0.424512,-4,0,-4,-0.01047198,-0.60000,prps,2,1103
125478,125.478,1,4004,54004,lowband_largesig_r00,prps,1505,55,0.433736,-13,0,-13,-0.03403392,-1.95000,prps,2,1107
125498,125.498,1,4004,54004,lowband_largesig_r00,prps,1501,51,0.402155,-20,0,-20,-0.05235988,-3.00000,prps,2,1111
125518,125.518,1,4004,54004,lowband_largesig_r00,prps,1493,43,0.339425,-25,0,-25,-0.06544985,-3.75000,prps,2,1115
125538,125.538,1,4004,54004,lowband_largesig_r00,prps,1483,33,0.259753,-25,0,-25,-0.06544985,-3.75000,prps,2,1119
125558,125.558,1,4004,54004,lowband_largesig_r00,prps,1473,23,0.179450,-24,0,-24,-0.06283185,-3.60000,prps,2,1123
125578,125.578,1,4004,54004,lowband_largesig_r00,prps,1465,15,0.114193,-23,0,-23,-0.06021386,-3.45000,prps,2,1127
125598,125.598,1,4004,54004,lowband_largesig_r00,prps,1460,10,0.076436,-20,0,-20,-0.05235988,-3.00000,prps,2,1131
125618,125.618,1,4004,54004,lowband_largesig_r00,prps,1459,9,0.073399,-16,0,-16,-0.04188790,-2.40000,prps,2,1135
125638,125.638,1,4004,54004,lowband_largesig_r00,prps,1463,13,0.105962,-13,0,-13,-0.03403392,-1.95000,prps,2,1139
125658,125.658,1,4004,54004,lowband_largesig_r00,prps,1471,21,0.168630,-10,0,-10,-0.02617994,-1.50000,prps,2,1143
125678,125.678,1,4004,54004,lowband_largesig_r00,prps,1482,32,0.250557,-9,0,-9,-0.02356194,-1.35000,prps,2,1147
125698,125.698,1,4004,54004,lowband_largesig_r00,prps,1493,43,0.337446,-9,0,-9,-0.02356194,-1.35000,prps,2,1151
125718,125.718,1,4004,54004,lowband_largesig_r00,prps,1503,53,0.413995,-11,0,-11,-0.02879793,-1.65000,prps,2,1155
125738,125.738,1,4004,54004,lowband_largesig_r00,prps,1509,59,0.466484,-15,0,-15,-0.03926991,-2.25000,prps,2,1159
125758,125.758,1,4004,54004,lowband_largesig_r00,prps,1512,62,0.485066,-20,0,-20,-0.05235988,-3.00000,prps,2,1163
125778,125.778,1,4004,54004,lowband_largesig_r00,prps,1509,59,0.465408,-25,0,-25,-0.06544985,-3.75000,prps,2,1167
125798,125.798,1,4004,54004,lowband_largesig_r00,prps,1502,52,0.409420,-28,0,-28,-0.07330382,-4.20000,prps,2,1171
125818,125.818,1,4004,54004,lowband_largesig_r00,prps,1491,41,0.324974,-29,0,-29,-0.07592182,-4.35000,prps,2,1175
125838,125.838,1,4004,54004,lowband_largesig_r00,prps,1479,29,0.224684,-29,0,-29,-0.07592182,-4.35000,prps,2,1179
125858,125.858,1,4004,54004,lowband_largesig_r00,prps,1466,16,0.123961,-26,0,-26,-0.06806784,-3.90000,prps,2,1183
125878,125.878,1,4004,54004,lowband_largesig_r00,prps,1455,5,0.038671,-21,0,-21,-0.05497787,-3.15000,prps,2,1187
125898,125.898,1,4004,54004,lowband_largesig_r00,prps,1448,-2,-0.017216,-16,0,-16,-0.04188790,-2.40000,prps,2,1191
125918,125.918,1,4004,54004,lowband_largesig_r00,prps,1446,-4,-0.033641,-11,0,-11,-0.02879793,-1.65000,prps,2,1195
125938,125.938,1,4004,54004,lowband_largesig_r00,prps,1449,-1,-0.005813,-6,0,-6,-0.01570796,-0.90000,prps,2,1199
125958,125.958,1,4004,54004,lowband_largesig_r00,prps,1458,8,0.065244,-1,0,-1,-0.00261799,-0.15000,prps,2,1203
125978,125.978,1,4004,54004,lowband_largesig_r00,prps,1472,22,0.173019,1,0,1,0.00261799,0.15000,prps,2,1207
125998,125.998,1,4004,54004,lowband_largesig_r00,prps,1489,39,0.306589,1,0,1,0.00261799,0.15000,prps,2,1211
126018,126.018,1,4004,54004,lowband_largesig_r00,prps,1507,57,0.452247,-1,0,-1,-0.00261799,-0.15000,prps,2,1215
126038,126.038,1,4004,54004,lowband_largesig_r00,prps,1526,76,0.595392,-9,0,-9,-0.02356194,-1.35000,prps,2,1219
126058,126.058,1,4004,54004,lowband_largesig_r00,prps,1542,92,0.722369,-18,0,-18,-0.04712389,-2.70000,prps,2,1223
126078,126.078,1,4004,54004,lowband_largesig_r00,prps,1554,104,0.822001,-29,0,-29,-0.07592182,-4.35000,prps,2,1227
126098,126.098,1,4004,54004,lowband_largesig_r00,prps,1563,113,0.886608,-40,0,-40,-0.10471976,-6.00000,prps,2,1231
126118,126.118,1,4004,54004,lowband_largesig_r00,prps,1566,116,0.912426,-49,0,-49,-0.12828170,-7.35000,prps,2,1235
126138,126.138,1,4004,54004,lowband_largesig_r00,prps,1564,114,0.899454,-58,0,-58,-0.15184364,-8.70000,prps,2,1239
126158,126.158,1,4004,54004,lowband_largesig_r00,prps,1558,108,0.850829,-63,0,-63,-0.16493360,-9.45000,prps,2,1243
126178,126.178,1,4004,54004,lowband_largesig_r00,prps,1548,98,0.771920,-64,0,-64,-0.16755160,-9.60000,prps,2,1247
126198,126.198,1,4004,54004,lowband_largesig_r00,prps,1535,85,0.669343,-63,0,-63,-0.16493360,-9.45000,prps,2,1251
126218,126.218,1,4004,54004,lowband_largesig_r00,prps,1520,70,0.550085,-61,0,-61,-0.15969762,-9.15000,prps,2,1255
126238,126.238,1,4004,54004,lowband_largesig_r00,prps,1503,53,0.420876,-55,0,-55,-0.14398966,-8.25000,prps,2,1259
126258,126.258,1,4004,54004,lowband_largesig_r00,prps,1487,37,0.287858,-49,0,-49,-0.12828170,-7.35000,prps,2,1263
126278,126.278,1,4004,54004,lowband_largesig_r00,prps,1470,20,0.156540,-41,0,-41,-0.10733775,-6.15000,prps,2,1267
126298,126.298,1,4004,54004,lowband_largesig_r00,prps,1454,4,0.031954,-33,0,-33,-0.08639380,-4.95000,prps,2,1271
126318,126.318,1,4004,54004,lowband_largesig_r00,prps,1440,-10,-0.081140,-24,0,-24,-0.06283185,-3.60000,prps,2,1275
126338,126.338,1,4004,54004,lowband_largesig_r00,prps,1427,-23,-0.178115,-13,0,-13,-0.03403392,-1.95000,prps,2,1279
126358,126.358,1,4004,54004,lowband_largesig_r00,prps,1418,-32,-0.254523,-4,0,-4,-0.01047198,-0.60000,prps,2,1283
126378,126.378,1,4004,54004,lowband_largesig_r00,prps,1411,-39,-0.306393,5,0,5,0.01308997,0.75000,prps,2,1287
126398,126.398,1,4004,54004,lowband_largesig_r00,prps,1408,-42,-0.330737,13,0,13,0.03403392,1.95000,prps,2,1291
126418,126.418,1,4004,54004,lowband_largesig_r00,prps,1409,-41,-0.326192,19,0,19,0.04974188,2.85000,prps,2,1295
126438,126.438,1,4004,54004,lowband_largesig_r00,prps,1413,-37,-0.293649,20,0,20,0.05235988,3.00000,prps,2,1299
126458,126.458,1,4004,54004,lowband_largesig_r00,prps,1420,-30,-0.236695,20,0,20,0.05235988,3.00000,prps,2,1303
126478,126.478,1,4004,54004,lowband_largesig_r00,prps,1429,-21,-0.161705,20,0,20,0.05235988,3.00000,prps,2,1307
126498,126.498,1,4004,54004,lowband_largesig_r00,prps,1440,-10,-0.077499,20,0,20,0.05235988,3.00000,prps,2,1311
126518,126.518,1,4004,54004,lowband_largesig_r00,prps,1451,1,0.005488,17,0,17,0.04450589,2.55000,prps,2,1315
126538,126.538,1,4004,54004,lowband_largesig_r00,prps,1460,10,0.076439,14,0,14,0.03665191,2.10000,prps,2,1319
126558,126.558,1,4004,54004,lowband_largesig_r00,prps,1466,16,0.125632,9,0,9,0.02356194,1.35000,prps,2,1323
126578,126.578,1,4004,54004,lowband_largesig_r00,prps,1469,19,0.145948,5,0,5,0.01308997,0.75000,prps,2,1327
126598,126.598,1,4004,54004,lowband_largesig_r00,prps,1467,17,0.134133,2,0,2,0.00523599,0.30000,prps,2,1331
126618,126.618,1,4004,54004,lowband_largesig_r00,prps,1462,12,0.091592,-1,0,-1,-0.00261799,-0.15000,prps,2,1335
126638,126.638,1,4004,54004,lowband_largesig_r00,prps,1453,3,0.024519,-3,0,-3,-0.00785398,-0.45000,prps,2,1339
126658,126.658,1,4004,54004,lowband_largesig_r00,prps,1443,-7,-0.056704,-4,0,-4,-0.01047198,-0.60000,prps,2,1343
126678,126.678,1,4004,54004,lowband_largesig_r00,prps,1432,-18,-0.138817,-2,0,-2,-0.00523599,-0.30000,prps,2,1347
126698,126.698,1,4004,54004,lowband_largesig_r00,prps,1424,-26,-0.207512,1,0,1,0.00261799,0.15000,prps,2,1351
126718,126.718,1,4004,54004,lowband_largesig_r00,prps,1418,-32,-0.249544,5,0,5,0.01308997,0.75000,prps,2,1355
126738,126.738,1,4004,54004,lowband_largesig_r00,prps,1418,-32,-0.254785,9,0,9,0.02356194,1.35000,prps,2,1359
126758,126.758,1,4004,54004,lowband_largesig_r00,prps,1422,-28,-0.217898,13,0,13,0.03403392,1.95000,prps,2,1363
126778,126.778,1,4004,54004,lowband_largesig_r00,prps,1432,-18,-0.139343,16,0,16,0.04188790,2.40000,prps,2,1367
126798,126.798,1,4004,54004,lowband_largesig_r00,prps,1447,-3,-0.025537,16,0,16,0.04188790,2.40000,prps,2,1371
126818,126.818,1,4004,54004,lowband_largesig_r00,prps,1464,14,0.111885,15,0,15,0.03926991,2.25000,prps,2,1375
126838,126.838,1,4004,54004,lowband_largesig_r00,prps,1483,33,0.257610,11,0,11,0.02879793,1.65000,prps,2,1379
126858,126.858,1,4004,54004,lowband_largesig_r00,prps,1500,50,0.394763,4,0,4,0.01047198,0.60000,prps,2,1383
126878,126.878,1,4004,54004,lowband_largesig_r00,prps,1514,64,0.507262,-3,0,-3,-0.00785398,-0.45000,prps,2,1387
126898,126.898,1,4004,54004,lowband_largesig_r00,prps,1524,74,0.582058,-13,0,-13,-0.03403392,-1.95000,prps,2,1391
126918,126.918,1,4004,54004,lowband_largesig_r00,prps,1528,78,0.610893,-23,0,-23,-0.06021386,-3.45000,prps,2,1395
126938,126.938,1,4004,54004,lowband_largesig_r00,prps,1525,75,0.591309,-33,0,-33,-0.08639380,-4.95000,prps,2,1399
126958,126.958,1,4004,54004,lowband_largesig_r00,prps,1517,67,0.526752,-40,0,-40,-0.10471976,-6.00000,prps,2,1403
126978,126.978,1,4004,54004,lowband_largesig_r00,prps,1504,54,0.425779,-43,0,-43,-0.11257374,-6.45000,prps,2,1407
126998,126.998,1,4004,54004,lowband_largesig_r00,prps,1488,38,0.300503,-42,0,-42,-0.10995574,-6.30000,prps,2,1411
127018,127.018,1,4004,54004,lowband_largesig_r00,prps,1471,21,0.164570,-37,0,-37,-0.09686577,-5.55000,prps,2,1415
127038,127.038,1,4004,54004,lowband_largesig_r00,prps,1454,4,0.031003,-31,0,-31,-0.08115781,-4.65000,prps,2,1419
127058,127.058,1,4004,54004,lowband_largesig_r00,prps,1439,-11,-0.089712,-23,0,-23,-0.06021386,-3.45000,prps,2,1423
127078,127.078,1,4004,54004,lowband_largesig_r00,prps,1426,-24,-0.190971,-13,0,-13,-0.03403392,-1.95000,prps,2,1427
127098,127.098,1,4004,54004,lowband_largesig_r00,prps,1416,-34,-0.270634,-4,0,-4,-0.01047198,-0.60000,prps,2,1431
127118,127.118,1,4004,54004,lowband_largesig_r00,prps,1408,-42,-0.330741,5,0,5,0.01308997,0.75000,prps,2,1435
127138,127.138,1,4004,54004,lowband_largesig_r00,prps,1402,-48,-0.376472,14,0,14,0.03665191,2.10000,prps,2,1439
127158,127.158,1,4004,54004,lowband_largesig_r00,prps,1397,-53,-0.414540,20,0,20,0.05235988,3.00000,prps,2,1443
127178,127.178,1,4004,54004,lowband_largesig_r00,prps,1393,-57,-0.451363,24,0,24,0.06283185,3.60000,prps,2,1447
127198,127.198,1,4004,54004,lowband_largesig_r00,prps,1388,-62,-0.491358,26,0,26,0.06806784,3.90000,prps,2,1451
127218,127.218,1,4004,54004,lowband_largesig_r00,prps,1382,-68,-0.535689,28,0,28,0.07330382,4.20000,prps,2,1455
127238,127.238,1,4004,54004,lowband_largesig_r00,prps,1376,-74,-0.581736,29,0,29,0.07592182,4.35000,prps,2,1459
127258,127.258,1,4004,54004,lowband_largesig_r00,prps,1371,-79,-0.623386,31,0,31,0.08115781,4.65000,prps,2,1463
127278,127.278,1,4004,54004,lowband_largesig_r00,prps,1367,-83,-0.652120,34,0,34,0.08901179,5.10000,prps,2,1467
127298,127.298,1,4004,54004,lowband_largesig_r00,prps,1366,-84,-0.658700,37,0,37,0.09686577,5.55000,prps,2,1471
127318,127.318,1,4004,54004,lowband_largesig_r00,prps,1369,-81,-0.635148,39,0,39,0.10210176,5.85000,prps,2,1475
127338,127.338,1,4004,54004,lowband_largesig_r00,prps,1377,-73,-0.576664,41,0,41,0.10733775,6.15000,prps,2,1479
127358,127.358,1,4004,54004,lowband_largesig_r00,prps,1389,-61,-0.483086,42,0,42,0.10995574,6.30000,prps,2,1483
127378,127.378,1,4004,54004,lowband_largesig_r00,prps,1404,-46,-0.359615,41,0,41,0.10733775,6.15000,prps,2,1487
127398,127.398,1,4004,54004,lowband_largesig_r00,prps,1422,-28,-0.216625,41,0,41,0.10733775,6.15000,prps,2,1491
127418,127.418,1,4004,54004,lowband_largesig_r00,prps,1441,-9,-0.068530,37,0,37,0.09686577,5.55000,prps,2,1495
127438,127.438,1,4004,54004,lowband_largesig_r00,prps,1459,9,0.068116,28,0,28,0.07330382,4.20000,prps,2,1499
127458,127.458,1,4004,54004,lowband_largesig_r00,prps,1472,22,0.177014,18,0,18,0.04712389,2.70000,prps,2,1503
127478,127.478,1,4004,54004,lowband_largesig_r00,prps,1481,31,0.244608,8,0,8,0.02094395,1.20000,prps,2,1507
127498,127.498,1,4004,54004,lowband_largesig_r00,prps,1483,33,0.262245,-1,0,-1,-0.00261799,-0.15000,prps,2,1511
127518,127.518,1,4004,54004,lowband_largesig_r00,prps,1479,29,0.227640,-8,0,-8,-0.02094395,-1.20000,prps,2,1515
127538,127.538,1,4004,54004,lowband_largesig_r00,prps,1468,18,0.145365,-13,0,-13,-0.03403392,-1.95000,prps,2,1519
127558,127.558,1,4004,54004,lowband_largesig_r00,prps,1453,3,0.026278,-15,0,-15,-0.03926991,-2.25000,prps,2,1523
127578,127.578,1,4004,54004,lowband_largesig_r00,prps,1436,-14,-0.114067,-13,0,-13,-0.03403392,-1.95000,prps,2,1527
127598,127.598,1,4004,54004,lowband_largesig_r00,prps,1417,-33,-0.257757,-9,0,-9,-0.02356194,-1.35000,prps,2,1531
127618,127.618,1,4004,54004,lowband_largesig_r00,prps,1401,-49,-0.387256,-1,0,-1,-0.00261799,-0.15000,prps,2,1535
127638,127.638,1,4004,54004,lowband_largesig_r00,prps,1388,-62,-0.488071,9,0,9,0.02356194,1.35000,prps,2,1539
127658,127.658,1,4004,54004,lowband_largesig_r00,prps,1380,-70,-0.550932,18,0,18,0.04712389,2.70000,prps,2,1543
127678,127.678,1,4004,54004,lowband_largesig_r00,prps,1377,-73,-0.573111,25,0,25,0.06544985,3.75000,prps,2,1547
127698,127.698,1,4004,54004,lowband_largesig_r00,prps,1379,-71,-0.558658,31,0,31,0.08115781,4.65000,prps,2,1551
127718,127.718,1,4004,54004,lowband_largesig_r00,prps,1384,-66,-0.517529,35,0,35,0.09162979,5.25000,prps,2,1555
127738,127.738,1,4004,54004,lowband_largesig_r00,prps,1391,-59,-0.463725,37,0,37,0.09686577,5.55000,prps,2,1559
127758,127.758,1,4004,54004,lowband_largesig_r00,prps,1398,-52,-0.412781,37,0,37,0.09686577,5.55000,prps,2,1563
127778,127.778,1,4004,54004,lowband_largesig_r00,prps,1402,-48,-0.378996,36,0,36,0.09424778,5.40000,prps,2,1567
127798,127.798,1,4004,54004,lowband_largesig_r00,prps,1403,-47,-0.372888,35,0,35,0.09162979,5.25000,prps,2,1571
127818,127.818,1,4004,54004,lowband_largesig_r00,prps,1399,-51,-0.399294,33,0,33,0.08639380,4.95000,prps,2,1575
127838,127.838,1,4004,54004,lowband_largesig_r00,prps,1392,-58,-0.456422,31,0,31,0.08115781,4.65000,prps,2,1579
127858,127.858,1,4004,54004,lowband_largesig_r00,prps,1382,-68,-0.536039,31,0,31,0.08115781,4.65000,prps,2,1583
127878,127.878,1,4004,54004,lowband_largesig_r00,prps,1371,-79,-0.624737,31,0,31,0.08115781,4.65000,prps,2,1587
127898,127.898,1,4004,54004,lowband_largesig_r00,prps,1360,-90,-0.706095,33,0,33,0.08639380,4.95000,prps,2,1591
127918,127.918,1,4004,54004,lowband_largesig_r00,prps,1353,-97,-0.763358,37,0,37,0.09686577,5.55000,prps,2,1595
127938,127.938,1,4004,54004,lowband_largesig_r00,prps,1351,-99,-0.782205,41,0,41,0.10733775,6.15000,prps,2,1599
127958,127.958,1,4004,54004,lowband_largesig_r00,prps,1354,-96,-0.753151,46,0,46,0.12042772,6.90000,prps,2,1603
127978,127.978,1,4004,54004,lowband_largesig_r00,prps,1365,-85,-0.673184,51,0,51,0.13351768,7.65000,prps,2,1607
127998,127.998,1,4004,54004,lowband_largesig_r00,prps,1381,-69,-0.546386,53,0,53,0.13875367,7.95000,prps,2,1611
128018,128.018,1,4004,54004,lowband_largesig_r00,prps,1401,-49,-0.383432,52,0,52,0.13613568,7.80000,prps,2,1615
128038,128.038,1,4004,54004,lowband_largesig_r00,prps,1425,-25,-0.200060,49,0,49,0.12828170,7.35000,prps,2,1619
128058,128.058,1,4004,54004,lowband_largesig_r00,prps,1448,-2,-0.014775,41,0,41,0.10733775,6.15000,prps,2,1623
128078,128.078,1,4004,54004,lowband_largesig_r00,prps,1470,20,0.153857,29,0,29,0.07592182,4.35000,prps,2,1627
128098,128.098,1,4004,54004,lowband_largesig_r00,prps,1487,37,0.289877,16,0,16,0.04188790,2.40000,prps,2,1631
128118,128.118,1,4004,54004,lowband_largesig_r00,prps,1499,49,0.382155,4,0,4,0.01047198,0.60000,prps,2,1635
128138,128.138,1,4004,54004,lowband_largesig_r00,prps,1504,54,0.425819,-8,0,-8,-0.02094395,-1.20000,prps,2,1639
128158,128.158,1,4004,54004,lowband_largesig_r00,prps,1504,54,0.422716,-17,0,-17,-0.04450589,-2.55000,prps,2,1643
128178,128.178,1,4004,54004,lowband_largesig_r00,prps,1498,48,0.380838,-26,0,-26,-0.06806784,-3.90000,prps,2,1647
128198,128.198,1,4004,54004,lowband_largesig_r00,prps,1490,40,0.312865,-29,0,-29,-0.07592182,-4.35000,prps,2,1651
128218,128.218,1,4004,54004,lowband_largesig_r00,prps,1480,30,0.234086,-29,0,-29,-0.07592182,-4.35000,prps,2,1655
128238,128.238,1,4004,54004,lowband_largesig_r00,prps,1470,20,0.160038,-27,0,-27,-0.07068583,-4.05000,prps,2,1659
128258,128.258,1,4004,54004,lowband_largesig_r00,prps,1463,13,0.104269,-23,0,-23,-0.06021386,-3.45000,prps,2,1663
128278,128.278,1,4004,54004,lowband_largesig_r00,prps,1460,10,0.076545,-18,0,-18,-0.04712389,-2.70000,prps,2,1667
128298,128.298,1,4004,54004,lowband_largesig_r00,prps,1460,10,0.081769,-14,0,-14,-0.03665191,-2.10000,prps,2,1671
128318,128.318,1,4004,54004,lowband_largesig_r00,prps,1465,15,0.119721,-12,0,-12,-0.03141592,-1.80000,prps,2,1675
128338,128.338,1,4004,54004,lowband_largesig_r00,prps,1474,24,0.185613,-9,0,-9,-0.02356194,-1.35000,prps,2,1679
128358,128.358,1,4004,54004,lowband_largesig_r00,prps,1484,34,0.271285,-9,0,-9,-0.02356194,-1.35000,prps,2,1683
128378,128.378,1,4004,54004,lowband_largesig_r00,prps,1497,47,0.366810,-9,0,-9,-0.02356194,-1.35000,prps,2,1687
128398,128.398,1,4004,54004,lowband_largesig_r00,prps,1509,59,0.462198,-11,0,-11,-0.02879793,-1.65000,prps,2,1691
128418,128.418,1,4004,54004,lowband_largesig_r00,prps,1520,70,0.548907,-16,0,-16,-0.04188790,-2.40000,prps,2,1695
128438,128.438,1,4004,54004,lowband_largesig_r00,prps,1529,79,0.620921,-23,0,-23,-0.06021386,-3.45000,prps,2,1699
128458,128.458,1,4004,54004,lowband_largesig_r00,prps,1536,86,0.675263,-29,0,-29,-0.07592182,-4.35000,prps,2,1703
128478,128.478,1,4004,54004,lowband_largesig_r00,prps,1540,90,0.711894,-36,0,-36,-0.09424778,-5.40000,prps,2,1707
128498,128.498,1,4004,54004,lowband_largesig_r00,prps,1543,93,0.733105,-42,0,-42,-0.10995574,-6.30000,prps,2,1711
128518,128.518,1,4004,54004,lowband_largesig_r00,prps,1544,94,0.742549,-46,0,-46,-0.12042772,-6.90000,prps,2,1715
128538,128.538,1,4004,54004,lowband_largesig_r00,prps,1545,95,0.744156,-48,0,-48,-0.12566370,-7.20000,prps,2,1719
128558,128.558,1,4004,54004,lowband_largesig_r00,prps,1544,94,0.741139,-50,0,-50,-0.13089970,-7.50000,prps,2,1723
128578,128.578,1,4004,54004,lowband_largesig_r00,prps,1543,93,0.735292,-50,0,-50,-0.13089970,-7.50000,prps,2,1727
128598,128.598,1,4004,54004,lowband_largesig_r00,prps,1542,92,0.726694,-50,0,-50,-0.13089970,-7.50000,prps,2,1731
128618,128.618,1,4004,54004,lowband_largesig_r00,prps,1541,91,0.713840,-50,0,-50,-0.13089970,-7.50000,prps,2,1735
128638,128.638,1,4004,54004,lowband_largesig_r00,prps,1538,88,0.694146,-50,0,-50,-0.13089970,-7.50000,prps,2,1739
128658,128.658,1,4004,54004,lowband_largesig_r00,prps,1534,84,0.664676,-50,0,-50,-0.13089970,-7.50000,prps,2,1743
128678,128.678,1,4004,54004,lowband_largesig_r00,prps,1529,79,0.622930,-50,0,-50,-0.13089970,-7.50000,prps,2,1747
128698,128.698,1,4004,54004,lowband_largesig_r00,prps,1522,72,0.567507,-50,0,-50,-0.13089970,-7.50000,prps,2,1751
128718,128.718,1,4004,54004,lowband_largesig_r00,prps,1513,63,0.498496,-48,0,-48,-0.12566370,-7.20000,prps,2,1755
128738,128.738,1,4004,54004,lowband_largesig_r00,prps,1503,53,0.417526,-46,0,-46,-0.12042772,-6.90000,prps,2,1759
128758,128.758,1,4004,54004,lowband_largesig_r00,prps,1492,42,0.327478,-43,0,-43,-0.11257374,-6.45000,prps,2,1763
128778,128.778,1,4004,54004,lowband_largesig_r00,prps,1479,29,0.231923,-39,0,-39,-0.10210176,-5.85000,prps,2,1767
128798,128.798,1,4004,54004,lowband_largesig_r00,prps,1467,17,0.134448,-33,0,-33,-0.08639380,-4.95000,prps,2,1771
128818,128.818,1,4004,54004,lowband_largesig_r00,prps,1455,5,0.038021,-27,0,-27,-0.07068583,-4.05000,prps,2,1775
128838,128.838,1,4004,54004,lowband_largesig_r00,prps,1443,-7,-0.055445,-19,0,-19,-0.04974188,-2.85000,prps,2,1779
128858,128.858,1,4004,54004,lowband_largesig_r00,prps,1432,-18,-0.145211,-12,0,-12,-0.03141592,-1.80000,prps,2,1783
128878,128.878,1,4004,54004,lowband_largesig_r00,prps,1421,-29,-0.231476,-5,0,-5,-0.01308997,-0.75000,prps,2,1787
128898,128.898,1,4004,54004,lowband_largesig_r00,prps,1410,-40,-0.314834,2,0,2,0.00523599,0.30000,prps,2,1791
128918,128.918,1,4004,54004,lowband_largesig_r00,prps,1400,-50,-0.395533,9,0,9,0.02356194,1.35000,prps,2,1795
128938,128.938,1,4004,54004,lowband_largesig_r00,prps,1390,-60,-0.472722,16,0,16,0.04188790,2.40000,prps,2,1799
128958,128.958,1,4004,54004,lowband_largesig_r00,prps,1381,-69,-0.543874,21,0,21,0.05497787,3.15000,prps,2,1803
128978,128.978,1,4004,54004,lowband_largesig_r00,prps,1373,-77,-0.604563,25,0,25,0.06544985,3.75000,prps,2,1807
128998,128.998,1,4004,54004,lowband_largesig_r00,prps,1368,-82,-0.648709,30,0,30,0.07853982,4.50000,prps,2,1811
129018,129.018,1,4004,54004,lowband_largesig_r00,prps,1365,-85,-0.669300,35,0,35,0.09162979,5.25000,prps,2,1815
129038,129.038,1,4004,54004,lowband_largesig_r00,prps,1366,-84,-0.659538,39,0,39,0.10210176,5.85000,prps,2,1819
129058,129.058,1,4004,54004,lowband_largesig_r00,prps,1372,-78,-0.614205,41,0,41,0.10733775,6.15000,prps,2,1823
129078,129.078,1,4004,54004,lowband_largesig_r00,prps,1383,-67,-0.531032,43,0,43,0.11257374,6.45000,prps,2,1827
129098,129.098,1,4004,54004,lowband_largesig_r00,prps,1398,-52,-0.411779,43,0,43,0.11257374,6.45000,prps,2,1831
129118,129.118,1,4004,54004,lowband_largesig_r00,prps,1417,-33,-0.262801,42,0,42,0.10995574,6.30000,prps,2,1835
129138,129.138,1,4004,54004,lowband_largesig_r00,prps,1438,-12,-0.094914,38,0,38,0.09948376,5.70000,prps,2,1839
129158,129.158,1,4004,54004,lowband_largesig_r00,prps,1460,10,0.077496,30,0,30,0.07853982,4.50000,prps,2,1843
129178,129.178,1,4004,54004,lowband_largesig_r00,prps,1480,30,0.238062,20,0,20,0.05235988,3.00000,prps,2,1847
129198,129.198,1,4004,54004,lowband_largesig_r00,prps,1497,47,0.370503,8,0,8,0.02094395,1.20000,prps,2,1851
129218,129.218,1,4004,54004,lowband_largesig_r00,prps,1509,59,0.460905,-2,0,-2,-0.00523599,-0.30000,prps,2,1855
129238,129.238,1,4004,54004,lowband_largesig_r00,prps,1513,63,0.499827,-13,0,-13,-0.03403392,-1.95000,prps,2,1859
129258,129.258,1,4004,54004,lowband_largesig_r00,prps,1511,61,0.483904,-22,0,-22,-0.05759586,-3.30000,prps,2,1863
129278,129.278,1,4004,54004,lowband_largesig_r00,prps,1503,53,0.416638,-29,0,-29,-0.07592182,-4.35000,prps,2,1867
129298,129.298,1,4004,54004,lowband_largesig_r00,prps,1489,39,0.308221,-32,0,-32,-0.08377580,-4.80000,prps,2,1871
129318,129.318,1,4004,54004,lowband_largesig_r00,prps,1472,22,0.174352,-31,0,-31,-0.08115781,-4.65000,prps,2,1875
129338,129.338,1,4004,54004,lowband_largesig_r00,prps,1454,4,0.034192,-28,0,-28,-0.07330382,-4.20000,prps,2,1879
129358,129.358,1,4004,54004,lowband_largesig_r00,prps,1438,-12,-0.092253,-21,0,-21,-0.05497787,-3.15000,prps,2,1883
129378,129.378,1,4004,54004,lowband_largesig_r00,prps,1426,-24,-0.186954,-13,0,-13,-0.03403392,-1.95000,prps,2,1887
129398,129.398,1,4004,54004,lowband_largesig_r00,prps,1420,-30,-0.236432,-4,0,-4,-0.01047198,-0.60000,prps,2,1891
129418,129.418,1,4004,54004,lowband_largesig_r00,prps,1420,-30,-0.233704,5,0,5,0.01308997,0.75000,prps,2,1895
129438,129.438,1,4004,54004,lowband_largesig_r00,prps,1427,-23,-0.179279,12,0,12,0.03141592,1.80000,prps,2,1899
129458,129.458,1,4004,54004,lowband_largesig_r00,prps,1440,-10,-0.081049,15,0,15,0.03926991,2.25000,prps,2,1903
129478,129.478,1,4004,54004,lowband_largesig_r00,prps,1456,6,0.046917,16,0,16,0.04188790,2.40000,prps,2,1907
129498,129.498,1,4004,54004,lowband_largesig_r00,prps,1474,24,0.186487,14,0,14,0.03665191,2.10000,prps,2,1911
129518,129.518,1,4004,54004,lowband_largesig_r00,prps,1490,40,0.318159,8,0,8,0.02094395,1.20000,prps,2,1915
129538,129.538,1,4004,54004,lowband_largesig_r00,prps,1504,54,0.423912,2,0,2,0.00523599,0.30000,prps,2,1919
129558,129.558,1,4004,54004,lowband_largesig_r00,prps,1512,62,0.489760,-7,0,-7,-0.01832596,-1.05000,prps,2,1923
129578,129.578,1,4004,54004,lowband_largesig_r00,prps,1514,64,0.507631,-16,0,-16,-0.04188790,-2.40000,prps,2,1927
129598,129.598,1,4004,54004,lowband_largesig_r00,prps,1510,60,0.476270,-25,0,-25,-0.06544985,-3.75000,prps,2,1931
129618,129.618,1,4004,54004,lowband_largesig_r00,prps,1501,51,0.401075,-30,0,-30,-0.07853982,-4.50000,prps,2,1935
129638,129.638,1,4004,54004,lowband_largesig_r00,prps,1487,37,0.292893,-32,0,-32,-0.08377580,-4.80000,prps,2,1939
129658,129.658,1,4004,54004,lowband_largesig_r00,prps,1471,21,0.166037,-31,0,-31,-0.08115781,-4.65000,prps,2,1943
129678,129.678,1,4004,54004,lowband_largesig_r00,prps,1455,5,0.035851,-28,0,-28,-0.07330382,-4.20000,prps,2,1947
129698,129.698,1,4004,54004,lowband_largesig_r00,prps,1439,-11,-0.083747,-21,0,-21,-0.05497787,-3.15000,prps,2,1951
129718,129.718,1,4004,54004,lowband_largesig_r00,prps,1427,-23,-0.182327,-13,0,-13,-0.03403392,-1.95000,prps,2,1955
129738,129.738,1,4004,54004,lowband_largesig_r00,prps,1418,-32,-0.254300,-5,0,-5,-0.01308997,-0.75000,prps,2,1959
129758,129.758,1,4004,54004,lowband_largesig_r00,prps,1412,-38,-0.299335,4,0,4,0.01047198,0.60000,prps,2,1963
129778,129.778,1,4004,54004,lowband_largesig_r00,prps,1409,-41,-0.321833,12,0,12,0.03141592,1.80000,prps,2,1967
129798,129.798,1,4004,54004,lowband_largesig_r00,prps,1408,-42,-0.329564,18,0,18,0.04712389,2.70000,prps,2,1971
129818,129.818,1,4004,54004,lowband_largesig_r00,prps,1408,-42,-0.331773,20,0,20,0.05235988,3.00000,prps,2,1975
129838,129.838,1,4004,54004,lowband_largesig_r00,prps,1407,-43,-0.337099,21,0,21,0.05497787,3.15000,prps,2,1979
129858,129.858,1,4004,54004,lowband_largesig_r00,prps,1405,-45,-0.351718,21,0,21,0.05497787,3.15000,prps,2,1983
129878,129.878,1,4004,54004,lowband_largesig_r00,prps,1402,-48,-0.378043,21,0,21,0.05497787,3.15000,prps,2,1987
129898,129.898,1,4004,54004,lowband_largesig_r00,prps,1397,-53,-0.414230,21,0,21,0.05497787,3.15000,prps,2,1991
129918,129.918,1,4004,54004,lowband_largesig_r00,prps,1392,-58,-0.454582,23,0,23,0.06021386,3.45000,prps,2,1995
129938,129.938,1,4004,54004,lowband_largesig_r00,prps,1388,-62,-0.490748,25,0,25,0.06544985,3.75000,prps,2,1999
129958,129.958,1,4004,54004,lowband_largesig_r00,prps,1385,-65,-0.513521,26,0,26,0.06806784,3.90000,prps,2,2003
129978,129.978,1,4004,54004,lowband_largesig_r00,prps,1385,-65,-0.514871,28,0,28,0.07330382,4.20000,prps,2,2007
129998,129.998,1,4004,54004,lowband_largesig_r00,prps,1388,-62,-0.489823,29,0,29,0.07592182,4.35000,prps,2,2011
130018,130.018,1,4004,54004,lowband_largesig_r00,prps,1394,-56,-0.437831,31,0,31,0.08115781,4.65000,prps,2,2015
130038,130.038,1,4004,54004,lowband_largesig_r00,prps,1404,-46,-0.363347,32,0,32,0.08377580,4.80000,prps,2,2019
130058,130.058,1,4004,54004,lowband_largesig_r00,prps,1415,-35,-0.275465,32,0,32,0.08377580,4.80000,prps,2,2023
130078,130.078,1,4004,54004,lowband_largesig_r00,prps,1426,-24,-0.186652,31,0,31,0.08115781,4.65000,prps,2,2027
130098,130.098,1,4004,54004,lowband_largesig_r00,prps,1436,-14,-0.110774,28,0,28,0.07330382,4.20000,prps,2,2031
130118,130.118,1,4004,54004,lowband_largesig_r00,prps,1442,-8,-0.060743,22,0,22,0.05759586,3.30000,prps,2,2035
130138,130.138,1,4004,54004,lowband_largesig_r00,prps,1444,-6,-0.046172,16,0,16,0.04188790,2.40000,prps,2,2039
130158,130.158,1,4004,54004,lowband_largesig_r00,prps,1441,-9,-0.071479,12,0,12,0.03141592,1.80000,prps,2,2043
130178,130.178,1,4004,54004,lowband_largesig_r00,prps,1433,-17,-0.134764,10,0,10,0.02617994,1.50000,prps,2,2047
130198,130.198,1,4004,54004,lowband_largesig_r00,prps,1421,-29,-0.227687,10,0,10,0.02617994,1.50000,prps,2,2051
130218,130.218,1,4004,54004,lowband_largesig_r00,prps,1407,-43,-0.336417,10,0,10,0.02617994,1.50000,prps,2,2055
130238,130.238,1,4004,54004,lowband_largesig_r00,prps,1394,-56,-0.443501,12,0,12,0.03141592,1.80000,prps,2,2059
130258,130.258,1,4004,54004,lowband_largesig_r00,prps,1383,-67,-0.530401,16,0,16,0.04188790,2.40000,prps,2,2063
130278,130.278,1,4004,54004,lowband_largesig_r00,prps,1376,-74,-0.580281,22,0,22,0.05759586,3.30000,prps,2,2067
130298,130.298,1,4004,54004,lowband_largesig_r00,prps,1376,-74,-0.580608,27,0,27,0.07068583,4.05000,prps,2,2071
130318,130.318,1,4004,54004,lowband_largesig_r00,prps,1383,-67,-0.525148,32,0,32,0.08377580,4.80000,prps,2,2075
130338,130.338,1,4004,54004,lowband_largesig_r00,prps,1397,-53,-0.415028,36,0,36,0.09424778,5.40000,prps,2,2079
130358,130.358,1,4004,54004,lowband_largesig_r00,prps,1417,-33,-0.258700,38,0,38,0.09948376,5.70000,prps,2,2083
130378,130.378,1,4004,54004,lowband_largesig_r00,prps,1441,-9,-0.070790,37,0,37,0.09686577,5.55000,prps,2,2087
130398,130.398,1,4004,54004,lowband_largesig_r00,prps,1467,17,0.129958,29,0,29,0.07592182,4.35000,prps,2,2091
130418,130.418,1,4004,54004,lowband_largesig_r00,prps,1491,41,0.323349,18,0,18,0.04712389,2.70000,prps,2,2095
130438,130.438,1,4004,54004,lowband_largesig_r00,prps,1512,62,0.490571,7,0,7,0.01832596,1.05000,prps,2,2099
130458,130.458,1,4004,54004,lowband_largesig_r00,prps,1528,78,0.616778,-4,0,-4,-0.01047198,-0.60000,prps,2,2103
130478,130.478,1,4004,54004,lowband_largesig_r00,prps,1538,88,0.693004,-17,0,-17,-0.04450589,-2.55000,prps,2,2107
130498,130.498,1,4004,54004,lowband_largesig_r00,prps,1541,91,0.717161,-31,0,-31,-0.08115781,-4.65000,prps,2,2111
130518,130.518,1,4004,54004,lowband_largesig_r00,prps,1538,88,0.693967,-42,0,-42,-0.10995574,-6.30000,prps,2,2115
130538,130.538,1,4004,54004,lowband_largesig_r00,prps,1531,81,0.633872,-46,0,-46,-0.12042772,-6.90000,prps,2,2119
130558,130.558,1,4004,54004,lowband_largesig_r00,prps,1520,70,0.551177,-47,0,-47,-0.12304571,-7.05000,prps,2,2123
130578,130.578,1,4004,54004,lowband_largesig_r00,prps,1509,59,0.461677,-47,0,-47,-0.12304571,-7.05000,prps,2,2127
130598,130.598,1,4004,54004,lowband_largesig_r00,prps,1498,48,0.380210,-45,0,-45,-0.11780972,-6.75000,prps,2,2131
130618,130.618,1,4004,54004,lowband_largesig_r00,prps,1490,40,0.318519,-41,0,-41,-0.10733775,-6.15000,prps,2,2135
130638,130.638,1,4004,54004,lowband_largesig_r00,prps,1486,36,0.283717,-36,0,-36,-0.09424778,-5.40000,prps,2,2139
130658,130.658,1,4004,54004,lowband_largesig_r00,prps,1485,35,0.277589,-31,0,-31,-0.08115781,-4.65000,prps,2,2143
130678,130.678,1,4004,54004,lowband_largesig_r00,prps,1488,38,0.296779,-28,0,-28,-0.07330382,-4.20000,prps,2,2147
130698,130.698,1,4004,54004,lowband_largesig_r00,prps,1492,42,0.333768,-24,0,-24,-0.06283185,-3.60000,prps,2,2151
130718,130.718,1,4004,54004,lowband_largesig_r00,prps,1498,48,0.378444,-23,0,-23,-0.06021386,-3.45000,prps,2,2155
130738,130.738,1,4004,54004,lowband_largesig_r00,prps,1503,53,0.419963,-23,0,-23,-0.06021386,-3.45000,prps,2,2159
130758,130.758,1,4004,54004,lowband_largesig_r00,prps,1507,57,0.448564,-23,0,-23,-0.06021386,-3.45000,prps,2,2163
130778,130.778,1,4004,54004,lowband_largesig_r00,prps,1508,58,0.457062,-23,0,-23,-0.06021386,-3.45000,prps,2,2167
130798,130.798,1,4004,54004,lowband_largesig_r00,prps,1506,56,0.441782,-24,0,-24,-0.06283185,-3.60000,prps,2,2171
130818,130.818,1,4004,54004,lowband_largesig_r00,prps,1501,51,0.402834,-26,0,-26,-0.06806784,-3.90000,prps,2,2175
130838,130.838,1,4004,54004,lowband_largesig_r00,prps,1494,44,0.343737,-27,0,-27,-0.07068583,-4.05000,prps,2,2179
130858,130.858,1,4004,54004,lowband_largesig_r00,prps,1484,34,0.270523,-27,0,-27,-0.07068583,-4.05000,prps,2,2183
130878,130.878,1,4004,54004,lowband_largesig_r00,prps,1474,24,0.190515,-27,0,-27,-0.07068583,-4.05000,prps,2,2187
130898,130.898,1,4004,54004,lowband_largesig_r00,prps,1464,14,0.111041,-26,0,-26,-0.06806784,-3.90000,prps,2,2191
130918,130.918,1,4004,54004,lowband_largesig_r00,prps,1455,5,0.038309,-22,0,-22,-0.05759586,-3.30000,prps,2,2195
130938,130.938,1,4004,54004,lowband_largesig_r00,prps,1447,-3,-0.023364,-16,0,-16,-0.04188790,-2.40000,prps,2,2199
130958,130.958,1,4004,54004,lowband_largesig_r00,prps,1441,-9,-0.071878,-11,0,-11,-0.02879793,-1.65000,prps,2,2203
130978,130.978,1,4004,54004,lowband_largesig_r00,prps,1436,-14,-0.107208,-6,0,-6,-0.01570796,-0.90000,prps,2,2207
130998,130.998,1,4004,54004,lowband_largesig_r00,prps,1433,-17,-0.130895,0,0,0,0.00000000,0.00000,prps,2,2211
131018,131.018,1,4004,54004,lowband_largesig_r00,prps,1432,-18,-0.145308,4,0,4,0.01047198,0.60000,prps,2,2215
131038,131.038,1,4004,54004,lowband_largesig_r00,prps,1431,-19,-0.152879,8,0,8,0.02094395,1.20000,prps,2,2219
131058,131.058,1,4004,54004,lowband_largesig_r00,prps,1430,-20,-0.155468,10,0,10,0.02617994,1.50000,prps,2,2223
131078,131.078,1,4004,54004,lowband_largesig_r00,prps,1430,-20,-0.154005,10,0,10,0.02617994,1.50000,prps,2,2227
131098,131.098,1,4004,54004,lowband_largesig_r00,prps,1431,-19,-0.148468,10,0,10,0.02617994,1.50000,prps,2,2231
131118,131.118,1,4004,54004,lowband_largesig_r00,prps,1432,-18,-0.138175,10,0,10,0.02617994,1.50000,prps,2,2235
131138,131.138,1,4004,54004,lowband_largesig_r00,prps,1434,-16,-0.122299,10,0,10,0.02617994,1.50000,prps,2,2239
131158,131.158,1,4004,54004,lowband_largesig_r00,prps,1437,-13,-0.100458,10,0,10,0.02617994,1.50000,prps,2,2243
131178,131.178,1,4004,54004,lowband_largesig_r00,prps,1441,-9,-0.073220,10,0,10,0.02617994,1.50000,prps,2,2247
131198,131.198,1,4004,54004,lowband_largesig_r00,prps,1445,-5,-0.042375,10,0,10,0.02617994,1.50000,prps,2,2251
131218,131.218,1,4004,54004,lowband_largesig_r00,prps,1449,-1,-0.010867,10,0,10,0.02617994,1.50000,prps,2,2255
131238,131.238,1,4004,54004,lowband_largesig_r00,prps,1452,2,0.017598,10,0,10,0.02617994,1.50000,prps,2,2259
131258,131.258,1,4004,54004,lowband_largesig_r00,prps,1455,5,0.039247,9,0,9,0.02356194,1.35000,prps,2,2263
131278,131.278,1,4004,54004,lowband_largesig_r00,prps,1456,6,0.051070,8,0,8,0.02094395,1.20000,prps,2,2267
131298,131.298,1,4004,54004,lowband_largesig_r00,prps,1457,7,0.051615,6,0,6,0.01570796,0.90000,prps,2,2271
131318,131.318,1,4004,54004,lowband_largesig_r00,prps,1455,5,0.041559,4,0,4,0.01047198,0.60000,prps,2,2275
131338,131.338,1,4004,54004,lowband_largesig_r00,prps,1453,3,0.023897,2,0,2,0.00523599,0.30000,prps,2,2279
131358,131.358,1,4004,54004,lowband_largesig_r00,prps,1450,0,0.003649,2,0,2,0.00523599,0.30000,prps,2,2283
131378,131.378,1,4004,54004,lowband_largesig_r00,prps,1448,-2,-0.012897,3,0,3,0.00785398,0.45000,prps,2,2287
131398,131.398,1,4004,54004,lowband_largesig_r00,prps,1448,-2,-0.019319,3,0,3,0.00785398,0.45000,prps,2,2291
131418,131.418,1,4004,54004,lowband_largesig_r00,prps,1449,-1,-0.010382,3,0,3,0.00785398,0.45000,prps,2,2295
131438,131.438,1,4004,54004,lowband_largesig_r00,prps,1452,2,0.016701,3,0,3,0.00785398,0.45000,prps,2,2299
131458,131.458,1,4004,54004,lowband_largesig_r00,prps,1458,8,0.061322,3,0,3,0.00785398,0.45000,prps,2,2303
131478,131.478,1,4004,54004,lowband_largesig_r00,prps,1465,15,0.119050,3,0,3,0.00785398,0.45000,prps,2,2307
131498,131.498,1,4004,54004,lowband_largesig_r00,prps,1473,23,0.181875,1,0,1,0.00261799,0.15000,prps,2,2311
131518,131.518,1,4004,54004,lowband_largesig_r00,prps,1480,30,0.239131,-1,0,-1,-0.00261799,-0.15000,prps,2,2315
131538,131.538,1,4004,54004,lowband_largesig_r00,prps,1485,35,0.279005,-4,0,-4,-0.01047198,-0.60000,prps,2,2319
131558,131.558,1,4004,54004,lowband_largesig_r00,prps,1487,37,0.290415,-8,0,-8,-0.02094395,-1.20000,prps,2,2323
131578,131.578,1,4004,54004,lowband_largesig_r00,prps,1484,34,0.264950,-12,0,-12,-0.03141592,-1.80000,prps,2,2327
131598,131.598,1,4004,54004,lowband_largesig_r00,prps,1475,25,0.198544,-15,0,-15,-0.03926991,-2.25000,prps,2,2331
131618,131.618,1,4004,54004,lowband_largesig_r00,prps,1462,12,0.092581,-17,0,-17,-0.04450589,-2.55000,prps,2,2335
131638,131.638,1,4004,54004,lowband_largesig_r00,prps,1444,-6,-0.045810,-16,0,-16,-0.04188790,-2.40000,prps,2,2339
131658,131.658,1,4004,54004,lowband_largesig_r00,prps,1424,-26,-0.204359,-13,0,-13,-0.03403392,-1.95000,prps,2,2343
131678,131.678,1,4004,54004,lowband_largesig_r00,prps,1403,-47,-0.367122,-7,0,-7,-0.01832596,-1.05000,prps,2,2347
131698,131.698,1,4004,54004,lowband_largesig_r00,prps,1384,-66,-0.516614,3,0,3,0.00785398,0.45000,prps,2,2351
131718,131.718,1,4004,54004,lowband_largesig_r00,prps,1369,-81,-0.636279,15,0,15,0.03926991,2.25000,prps,2,2355
131738,131.738,1,4004,54004,lowband_largesig_r00,prps,1359,-91,-0.712933,25,0,25,0.06544985,3.75000,prps,2,2359
131758,131.758,1,4004,54004,lowband_largesig_r00,prps,1356,-94,-0.738756,35,0,35,0.09162979,5.25000,prps,2,2363
131778,131.778,1,4004,54004,lowband_largesig_r00,prps,1360,-90,-0.712524,43,0,43,0.11257374,6.45000,prps,2,2367
131798,131.798,1,4004,54004,lowband_largesig_r00,prps,1369,-81,-0.639828,48,0,48,0.12566370,7.20000,prps,2,2371
131818,131.818,1,4004,54004,lowband_largesig_r00,prps,1382,-68,-0.532248,50,0,50,0.13089970,7.50000,prps,2,2375
131838,131.838,1,4004,54004,lowband_largesig_r00,prps,1398,-52,-0.405581,49,0,49,0.12828170,7.35000,prps,2,2379
131858,131.858,1,4004,54004,lowband_largesig_r00,prps,1415,-35,-0.277388,47,0,47,0.12304571,7.05000,prps,2,2383
131878,131.878,1,4004,54004,lowband_largesig_r00,prps,1429,-21,-0.164265,41,0,41,0.10733775,6.15000,prps,2,2387
131898,131.898,1,4004,54004,lowband_largesig_r00,prps,1440,-10,-0.079262,32,0,32,0.08377580,4.80000,prps,2,2391
131918,131.918,1,4004,54004,lowband_largesig_r00,prps,1446,-4,-0.029882,23,0,23,0.06021386,3.45000,prps,2,2395
131938,131.938,1,4004,54004,lowband_largesig_r00,prps,1448,-2,-0.016998,15,0,15,0.03926991,2.25000,prps,2,2399
131958,131.958,1,4004,54004,lowband_largesig_r00,prps,1446,-4,-0.034859,10,0,10,0.02617994,1.50000,prps,2,2403
131978,131.978,1,4004,54004,lowband_largesig_r00,prps,1441,-9,-0.072209,8,0,8,0.02094395,1.20000,prps,2,2407
131998,131.998,1,4004,54004,lowband_largesig_r00,prps,1435,-15,-0.114322,8,0,8,0.02094395,1.20000,prps,2,2411
132018,132.018,1,4004,54004,lowband_largesig_r00,prps,1432,-18,-0.145637,8,0,8,0.02094395,1.20000,prps,2,2415
132038,132.038,1,4004,54004,lowband_largesig_r00,prps,1431,-19,-0.152548,9,0,9,0.02356194,1.35000,prps,2,2419
132058,132.058,1,4004,54004,lowband_largesig_r00,prps,1434,-16,-0.125887,10,0,10,0.02617994,1.50000,prps,2,2423
132078,132.078,1,4004,54004,lowband_largesig_r00,prps,1442,-8,-0.062686,11,0,11,0.02879793,1.65000,prps,2,2427
132098,132.098,1,4004,54004,lowband_largesig_r00,prps,1454,4,0.033075,11,0,11,0.02879793,1.65000,prps,2,2431
132118,132.118,1,4004,54004,lowband_largesig_r00,prps,1469,19,0.150882,10,0,10,0.02617994,1.50000,prps,2,2435
132138,132.138,1,4004,54004,lowband_largesig_r00,prps,1485,35,0.275181,6,0,6,0.01570796,0.90000,prps,2,2439
132158,132.158,1,4004,54004,lowband_largesig_r00,prps,1499,49,0.387732,1,0,1,0.00261799,0.15000,prps,2,2443
132178,132.178,1,4004,54004,lowband_largesig_r00,prps,1510,60,0.470430,-6,0,-6,-0.01570796,-0.90000,prps,2,2447
132198,132.198,1,4004,54004,lowband_largesig_r00,prps,1515,65,0.508149,-15,0,-15,-0.03926991,-2.25000,prps,2,2451
132218,132.218,1,4004,54004,lowband_largesig_r00,prps,1512,62,0.491135,-23,0,-23,-0.06021386,-3.45000,prps,2,2455
132238,132.238,1,4004,54004,lowband_largesig_r00,prps,1503,53,0.416582,-30,0,-30,-0.07853982,-4.50000,prps,2,2459
132258,132.258,1,4004,54004,lowband_largesig_r00,prps,1487,37,0.289134,-34,0,-34,-0.08901179,-5.10000,prps,2,2463
132278,132.278,1,4004,54004,lowband_largesig_r00,prps,1465,15,0.120257,-33,0,-33,-0.08639380,-4.95000,prps,2,2467
132298,132.298,1,4004,54004,lowband_largesig_r00,prps,1441,-9,-0.073419,-29,0,-29,-0.07592182,-4.35000,prps,2,2471
132318,132.318,1,4004,54004,lowband_largesig_r00,prps,1415,-35,-0.272484,-19,0,-19,-0.04974188,-2.85000,prps,2,2475
132338,132.338,1,4004,54004,lowband_largesig_r00,prps,1392,-58,-0.457480,-8,0,-8,-0.02094395,-1.20000,prps,2,2479
132358,132.358,1,4004,54004,lowband_largesig_r00,prps,1372,-78,-0.611532,6,0,6,0.01570796,0.90000,prps,2,2483
132378,132.378,1,4004,54004,lowband_largesig_r00,prps,1358,-92,-0.722461,20,0,20,0.05235988,3.00000,prps,2,2487
132398,132.398,1,4004,54004,lowband_largesig_r00,prps,1350,-100,-0.784076,32,0,32,0.08377580,4.80000,prps,2,2491
132418,132.418,1,4004,54004,lowband_largesig_r00,prps,1349,-101,-0.796458,43,0,43,0.11257374,6.45000,prps,2,2495
132438,132.438,1,4004,54004,lowband_largesig_r00,prps,1353,-97,-0.765262,52,0,52,0.13613568,7.80000,prps,2,2499
132458,132.458,1,4004,54004,lowband_largesig_r00,prps,1361,-89,-0.700200,55,0,55,0.14398966,8.25000,prps,2,2503
132478,132.478,1,4004,54004,lowband_largesig_r00,prps,1372,-78,-0.613006,55,0,55,0.14398966,8.25000,prps,2,2507
132498,132.498,1,4004,54004,lowband_largesig_r00,prps,1385,-65,-0.515272,54,0,54,0.14137166,8.10000,prps,2,2511
132518,132.518,1,4004,54004,lowband_largesig_r00,prps,1397,-53,-0.416543,52,0,52,0.13613568,7.80000,prps,2,2515
132538,132.538,1,4004,54004,lowband_largesig_r00,prps,1409,-41,-0.322989,48,0,48,0.12566370,7.20000,prps,2,2519
132558,132.558,1,4004,54004,lowband_largesig_r00,prps,1420,-30,-0.236879,41,0,41,0.10733775,6.15000,prps,2,2523
132578,132.578,1,4004,54004,lowband_largesig_r00,prps,1430,-20,-0.156890,33,0,33,0.08639380,4.95000,prps,2,2527
132598,132.598,1,4004,54004,lowband_largesig_r00,prps,1440,-10,-0.079178,26,0,26,0.06806784,3.90000,prps,2,2531
132618,132.618,1,4004,54004,lowband_largesig_r00,prps,1450,0,0.001059,18,0,18,0.04712389,2.70000,prps,2,2535
132638,132.638,1,4004,54004,lowband_largesig_r00,prps,1461,11,0.087833,12,0,12,0.03141592,1.80000,prps,2,2539
132658,132.658,1,4004,54004,lowband_largesig_r00,prps,1473,23,0.182809,8,0,8,0.02094395,1.20000,prps,2,2543
132678,132.678,1,4004,54004,lowband_largesig_r00,prps,1486,36,0.284250,4,0,4,0.01047198,0.60000,prps,2,2547
132698,132.698,1,4004,54004,lowband_largesig_r00,prps,1499,49,0.386702,-1,0,-1,-0.00261799,-0.15000,prps,2,2551
132718,132.718,1,4004,54004,lowband_largesig_r00,prps,1511,61,0.481496,-8,0,-8,-0.02094395,-1.20000,prps,2,2555
132738,132.738,1,4004,54004,lowband_largesig_r00,prps,1521,71,0.558002,-16,0,-16,-0.04188790,-2.40000,prps,2,2559
132758,132.758,1,4004,54004,lowband_largesig_r00,prps,1527,77,0.605426,-24,0,-24,-0.06283185,-3.60000,prps,2,2563
132778,132.778,1,4004,54004,lowband_largesig_r00,prps,1528,78,0.614834,-31,0,-31,-0.08115781,-4.65000,prps,2,2567
132798,132.798,1,4004,54004,lowband_largesig_r00,prps,1524,74,0.581031,-37,0,-37,-0.09686577,-5.55000,prps,2,2571
132818,132.818,1,4004,54004,lowband_largesig_r00,prps,1514,64,0.503946,-41,0,-41,-0.10733775,-6.15000,prps,2,2575
132838,132.838,1,4004,54004,lowband_largesig_r00,prps,1499,49,0.389250,-41,0,-41,-0.10733775,-6.15000,prps,2,2579
132858,132.858,1,4004,54004,lowband_largesig_r00,prps,1482,32,0.248064,-40,0,-40,-0.10471976,-6.00000,prps,2,2583
132878,132.878,1,4004,54004,lowband_largesig_r00,prps,1462,12,0.095765,-35,0,-35,-0.09162979,-5.25000,prps,2,2587
132898,132.898,1,4004,54004,lowband_largesig_r00,prps,1444,-6,-0.049956,-29,0,-29,-0.07592182,-4.35000,prps,2,2591
132918,132.918,1,4004,54004,lowband_largesig_r00,prps,1428,-22,-0.171477,-19,0,-19,-0.04974188,-2.85000,prps,2,2595
132938,132.938,1,4004,54004,lowband_largesig_r00,prps,1418,-32,-0.253708,-8,0,-8,-0.02094395,-1.20000,prps,2,2599
132958,132.958,1,4004,54004,lowband_largesig_r00,prps,1414,-36,-0.286243,2,0,2,0.00523599,0.30000,prps,2,2603
132978,132.978,1,4004,54004,lowband_largesig_r00,prps,1416,-34,-0.264870,11,0,11,0.02879793,1.65000,prps,2,2607
132998,132.998,1,4004,54004,lowband_largesig_r00,prps,1426,-24,-0.192184,15,0,15,0.03926991,2.25000,prps,2,2611
133018,133.018,1,4004,54004,lowband_largesig_r00,prps,1440,-10,-0.077233,16,0,16,0.04188790,2.40000,prps,2,2615
133038,133.038,1,4004,54004,lowband_largesig_r00,prps,1458,8,0.065763,16,0,16,0.04188790,2.40000,prps,2,2619
133058,133.058,1,4004,54004,lowband_largesig_r00,prps,1478,28,0.219398,13,0,13,0.03403392,1.95000,prps,2,2623
133078,133.078,1,4004,54004,lowband_largesig_r00,prps,1496,46,0.365463,7,0,7,0.01832596,1.05000,prps,2,2627
133098,133.098,1,4004,54004,lowband_largesig_r00,prps,1512,62,0.487367,0,0,0,0.00000000,0.00000,prps,2,2631
133118,133.118,1,4004,54004,lowband_largesig_r00,prps,1523,73,0.572226,-10,0,-10,-0.02617994,-1.50000,prps,2,2635
133138,133.138,1,4004,54004,lowband_largesig_r00,prps,1528,78,0.612330,-20,0,-20,-0.05235988,-3.00000,prps,2,2639
133158,133.158,1,4004,54004,lowband_largesig_r00,prps,1527,77,0.605803,-30,0,-30,-0.07853982,-4.50000,prps,2,2643
133178,133.178,1,4004,54004,lowband_largesig_r00,prps,1521,71,0.556410,-38,0,-38,-0.09948376,-5.70000,prps,2,2647
133198,133.198,1,4004,54004,lowband_largesig_r00,prps,1510,60,0.472592,-41,0,-41,-0.10733775,-6.15000,prps,2,2651
133218,133.218,1,4004,54004,lowband_largesig_r00,prps,1496,46,0.365938,-41,0,-41,-0.10733775,-6.15000,prps,2,2655
133238,133.238,1,4004,54004,lowband_largesig_r00,prps,1482,32,0.249368,-39,0,-39,-0.10210176,-5.85000,prps,2,2659
133258,133.258,1,4004,54004,lowband_largesig_r00,prps,1467,17,0.135331,-34,0,-34,-0.08901179,-5.10000,prps,2,2663
133278,133.278,1,4004,54004,lowband_largesig_r00,prps,1454,4,0.034286,-28,0,-28,-0.07330382,-4.20000,prps,2,2667
133298,133.298,1,4004,54004,lowband_largesig_r00,prps,1444,-6,-0.046325,-20,0,-20,-0.05235988,-3.00000,prps,2,2671
133318,133.318,1,4004,54004,lowband_largesig_r00,prps,1437,-13,-0.102520,-13,0,-13,-0.03403392,-1.95000,prps,2,2675
133338,133.338,1,4004,54004,lowband_largesig_r00,prps,1433,-17,-0.133639,-5,0,-5,-0.01308997,-0.75000,prps,2,2679
133358,133.358,1,4004,54004,lowband_largesig_r00,prps,1432,-18,-0.141739,1,0,1,0.00261799,0.15000,prps,2,2683
133378,133.378,1,4004,54004,lowband_largesig_r00,prps,1433,-17,-0.130702,6,0,6,0.01570796,0.90000,prps,2,2687
133398,133.398,1,4004,54004,lowband_largesig_r00,prps,1437,-13,-0.105253,9,0,9,0.02356194,1.35000,prps,2,2691
133418,133.418,1,4004,54004,lowband_largesig_r00,prps,1441,-9,-0.070105,10,0,10,0.02617994,1.50000,prps,2,2695
133438,133.438,1,4004,54004,lowband_largesig_r00,prps,1446,-4,-0.029358,10,0,10,0.02617994,1.50000,prps,2,2699
133458,133.458,1,4004,54004,lowband_largesig_r00,prps,1452,2,0.013768,10,0,10,0.02617994,1.50000,prps,2,2703
133478,133.478,1,4004,54004,lowband_largesig_r00,prps,1457,7,0.056877,10,0,10,0.02617994,1.50000,prps,2,2707
133498,133.498,1,4004,54004,lowband_largesig_r00,prps,1462,12,0.098109,9,0,9,0.02356194,1.35000,prps,2,2711
133518,133.518,1,4004,54004,lowband_largesig_r00,prps,1467,17,0.135754,7,0,7,0.01832596,1.05000,prps,2,2715
133538,133.538,1,4004,54004,lowband_largesig_r00,prps,1471,21,0.167917,4,0,4,0.01047198,0.60000,prps,2,2719
133558,133.558,1,4004,54004,lowband_largesig_r00,prps,1474,24,0.192365,0,0,0,0.00000000,0.00000,prps,2,2723
133578,133.578,1,4004,54004,lowband_largesig_r00,prps,1476,26,0.206641,-2,0,-2,-0.00523599,-0.30000,prps,2,2727
133598,133.598,1,4004,54004,lowband_largesig_r00,prps,1476,26,0.208435,-6,0,-6,-0.01570796,-0.90000,prps,2,2731
133618,133.618,1,4004,54004,lowband_largesig_r00,prps,1475,25,0.196157,-9,0,-9,-0.02356194,-1.35000,prps,2,2735
133638,133.638,1,4004,54004,lowband_largesig_r00,prps,1472,22,0.169566,-11,0,-11,-0.02879793,-1.65000,prps,2,2739
133658,133.658,1,4004,54004,lowband_largesig_r00,prps,1467,17,0.130303,-11,0,-11,-0.02879793,-1.65000,prps,2,2743
133678,133.678,1,4004,54004,lowband_largesig_r00,prps,1460,10,0.082155,-11,0,-11,-0.02879793,-1.65000,prps,2,2747
133698,133.698,1,4004,54004,lowband_largesig_r00,prps,1454,4,0.030926,-11,0,-11,-0.02879793,-1.65000,prps,2,2751
133718,133.718,1,4004,54004,lowband_largesig_r00,prps,1448,-2,-0.016124,-10,0,-10,-0.02617994,-1.50000,prps,2,2755
133738,133.738,1,4004,54004,lowband_largesig_r00,prps,1443,-7,-0.051239,-9,0,-9,-0.02356194,-1.35000,prps,2,2759
133758,133.758,1,4004,54004,lowband_largesig_r00,prps,1441,-9,-0.067404,-6,0,-6,-0.01570796,-0.90000,prps,2,2763
133778,133.778,1,4004,54004,lowband_largesig_r00,prps,1442,-8,-0.059636,-2,0,-2,-0.00523599,-0.30000,prps,2,2767
133798,133.798,1,4004,54004,lowband_largesig_r00,prps,1447,-3,-0.026111,1,0,1,0.00261799,0.15000,prps,2,2771
133818,133.818,1,4004,54004,lowband_largesig_r00,prps,1454,4,0.031119,4,0,4,0.01047198,0.60000,prps,2,2775
133838,133.838,1,4004,54004,lowband_largesig_r00,prps,1463,13,0.105994,4,0,4,0.01047198,0.60000,prps,2,2779
133858,133.858,1,4004,54004,lowband_largesig_r00,prps,1474,24,0.188990,4,0,4,0.01047198,0.60000,prps,2,2783
133878,133.878,1,4004,54004,lowband_largesig_r00,prps,1484,34,0.268297,3,0,3,0.00785398,0.45000,prps,2,2787
133898,133.898,1,4004,54004,lowband_largesig_r00,prps,1492,42,0.331509,-2,0,-2,-0.00523599,-0.30000,prps,2,2791
133918,133.918,1,4004,54004,lowband_largesig_r00,prps,1497,47,0.367542,-8,0,-8,-0.02094395,-1.20000,prps,2,2795
133938,133.938,1,4004,54004,lowband_largesig_r00,prps,1497,47,0.368502,-14,0,-14,-0.03665191,-2.10000,prps,2,2799
133958,133.958,1,4004,54004,lowband_largesig_r00,prps,1492,42,0.331159,-19,0,-19,-0.04974188,-2.85000,prps,2,2803
133978,133.978,1,4004,54004,lowband_largesig_r00,prps,1483,33,0.257754,-22,0,-22,-0.05759586,-3.30000,prps,2,2807
133998,133.998,1,4004,54004,lowband_largesig_r00,prps,1470,20,0.155973,-22,0,-22,-0.05759586,-3.30000,prps,2,2811
134018,134.018,1,4004,54004,lowband_largesig_r00,prps,1455,5,0.038038,-21,0,-21,-0.05497787,-3.15000,prps,2,2815
134038,134.038,1,4004,54004,lowband_largesig_r00,prps,1440,-10,-0.080989,-18,0,-18,-0.04712389,-2.70000,prps,2,2819
134058,134.058,1,4004,54004,lowband_largesig_r00,prps,1426,-24,-0.185420,-12,0,-12,-0.03141592,-1.80000,prps,2,2823
134078,134.078,1,4004,54004,lowband_largesig_r00,prps,1417,-33,-0.261358,-5,0,-5,-0.01308997,-0.75000,prps,2,2827
134098,134.098,1,4004,54004,lowband_largesig_r00,prps,1412,-38,-0.298900,5,0,5,0.01308997,0.75000,prps,2,2831
134118,134.118,1,4004,54004,lowband_largesig_r00,prps,1413,-37,-0.293770,12,0,12,0.03141592,1.80000,prps,2,2835
134138,134.138,1,4004,54004,lowband_largesig_r00,prps,1418,-32,-0.248082,18,0,18,0.04712389,2.70000,prps,2,2839
134158,134.158,1,4004,54004,lowband_largesig_r00,prps,1428,-22,-0.170096,20,0,20,0.05235988,3.00000,prps,2,2843
134178,134.178,1,4004,54004,lowband_largesig_r00,prps,1441,-9,-0.072956,19,0,19,0.04974188,2.85000,prps,2,2847
134198,134.198,1,4004,54004,lowband_largesig_r00,prps,1453,3,0.027380,18,0,18,0.04712389,2.70000,prps,2,2851
134218,134.218,1,4004,54004,lowband_largesig_r00,prps,1465,15,0.114720,13,0,13,0.03403392,1.95000,prps,2,2855
134238,134.238,1,4004,54004,lowband_largesig_r00,prps,1472,22,0.175291,8,0,8,0.02094395,1.20000,prps,2,2859
134258,134.258,1,4004,54004,lowband_largesig_r00,prps,1475,25,0.200038,3,0,3,0.00785398,0.45000,prps,2,2863
134278,134.278,1,4004,54004,lowband_largesig_r00,prps,1474,24,0.186178,-1,0,-1,-0.00261799,-0.15000,prps,2,2867
134298,134.298,1,4004,54004,lowband_largesig_r00,prps,1467,17,0.137735,-6,0,-6,-0.01570796,-0.90000,prps,2,2871
134318,134.318,1,4004,54004,lowband_largesig_r00,prps,1458,8,0.064944,-9,0,-9,-0.02356194,-1.35000,prps,2,2875
134338,134.338,1,4004,54004,lowband_largesig_r00,prps,1448,-2,-0.017383,-9,0,-9,-0.02356194,-1.35000,prps,2,2879
134358,134.358,1,4004,54004,lowband_largesig_r00,prps,1438,-12,-0.092289,-7,0,-7,-0.01832596,-1.05000,prps,2,2883
134378,134.378,1,4004,54004,lowband_largesig_r00,prps,1432,-18,-0.143508,-4,0,-4,-0.01047198,-0.60000,prps,2,2887
134398,134.398,1,4004,54004,lowband_largesig_r00,prps,1430,-20,-0.158238,1,0,1,0.00261799,0.15000,prps,2,2891
134418,134.418,1,4004,54004,lowband_largesig_r00,prps,1434,-16,-0.129396,6,0,6,0.01570796,0.90000,prps,2,2895
134438,134.438,1,4004,54004,lowband_largesig_r00,prps,1443,-7,-0.056982,9,0,9,0.02356194,1.35000,prps,2,2899
134458,134.458,1,4004,54004,lowband_largesig_r00,prps,1457,7,0.051695,9,0,9,0.02356194,1.35000,prps,2,2903
134478,134.478,1,4004,54004,lowband_largesig_r00,prps,1473,23,0.182963,8,0,8,0.02094395,1.20000,prps,2,2907
134498,134.498,1,4004,54004,lowband_largesig_r00,prps,1490,40,0.318776,5,0,5,0.01308997,0.75000,prps,2,2911
134518,134.518,1,4004,54004,lowband_largesig_r00,prps,1506,56,0.439414,0,0,0,0.00000000,0.00000,prps,2,2915
134538,134.538,1,4004,54004,lowband_largesig_r00,prps,1517,67,0.526478,-9,0,-9,-0.02356194,-1.35000,prps,2,2919
134558,134.558,1,4004,54004,lowband_largesig_r00,prps,1522,72,0.565693,-18,0,-18,-0.04712389,-2.70000,prps,2,2923
134578,134.578,1,4004,54004,lowband_largesig_r00,prps,1520,70,0.549064,-27,0,-27,-0.07068583,-4.05000,prps,2,2927
134598,134.598,1,4004,54004,lowband_largesig_r00,prps,1510,60,0.476052,-34,0,-34,-0.08901179,-5.10000,prps,2,2931
134618,134.618,1,4004,54004,lowband_largesig_r00,prps,1495,45,0.353581,-38,0,-38,-0.09948376,-5.70000,prps,2,2935
134638,134.638,1,4004,54004,lowband_largesig_r00,prps,1475,25,0.194896,-38,0,-38,-0.09948376,-5.70000,prps,2,2939
134658,134.658,1,4004,54004,lowband_largesig_r00,prps,1452,2,0.017465,-33,0,-33,-0.08639380,-4.95000,prps,2,2943
134678,134.678,1,4004,54004,lowband_largesig_r00,prps,1430,-20,-0.159723,-24,0,-24,-0.06283185,-3.60000,prps,2,2947
134698,134.698,1,4004,54004,lowband_largesig_r00,prps,1409,-41,-0.319022,-14,0,-14,-0.03665191,-2.10000,prps,2,2951
134718,134.718,1,4004,54004,lowband_largesig_r00,prps,1393,-57,-0.446680,-3,0,-3,-0.00785398,-0.45000,prps,2,2955
134738,134.738,1,4004,54004,lowband_largesig_r00,prps,1382,-68,-0.534690,10,0,10,0.02617994,1.50000,prps,2,2959
134758,134.758,1,4004,54004,lowband_largesig_r00,prps,1376,-74,-0.581651,22,0,22,0.05759586,3.30000,prps,2,2963
134778,134.778,1,4004,54004,lowband_largesig_r00,prps,1375,-75,-0.592528,31,0,31,0.08115781,4.65000,prps,2,2967
134798,134.798,1,4004,54004,lowband_largesig_r00,prps,1377,-73,-0.577394,38,0,38,0.09948376,5.70000,prps,2,2971
134818,134.818,1,4004,54004,lowband_largesig_r00,prps,1380,-70,-0.549392,40,0,40,0.10471976,6.00000,prps,2,2975
134838,134.838,1,4004,54004,lowband_largesig_r00,prps,1384,-66,-0.522283,40,0,40,0.10471976,6.00000,prps,2,2979
134858,134.858,1,4004,54004,lowband_largesig_r00,prps,1385,-65,-0.508003,40,0,40,0.10471976,6.00000,prps,2,2983
134878,134.878,1,4004,54004,lowband_largesig_r00,prps,1385,-65,-0.514650,40,0,40,0.10471976,6.00000,prps,2,2987
134898,134.898,1,4004,54004,lowband_largesig_r00,prps,1381,-69,-0.545214,40,0,40,0.10471976,6.00000,prps,2,2991
134918,134.918,1,4004,54004,lowband_largesig_r00,prps,1374,-76,-0.597248,40,0,40,0.10471976,6.00000,prps,2,2995
134938,134.938,1,4004,54004,lowband_largesig_r00,prps,1366,-84,-0.663508,41,0,41,0.10733775,6.15000,prps,2,2999
134958,134.958,1,4004,54004,lowband_largesig_r00,prps,1357,-93,-0.733405,41,0,41,0.10733775,6.15000,prps,2,3003
134978,134.978,1,4004,54004,lowband_largesig_r00,prps,1349,-101,-0.794998,43,0,43,0.11257374,6.45000,prps,2,3007
134998,134.998,1,4004,54004,lowband_largesig_r00,prps,1344,-106,-0.837172,46,0,46,0.12042772,6.90000,prps,2,3011
135018,135.018,1,4004,54004,lowband_largesig_r00,prps,1342,-108,-0.851587,51,0,51,0.13351768,7.65000,prps,2,3015
135038,135.038,1,4004,54004,lowband_largesig_r00,prps,1344,-106,-0.834104,55,0,55,0.14398966,8.25000,prps,2,3019
135058,135.058,1,4004,54004,lowband_largesig_r00,prps,1350,-100,-0.785412,58,0,58,0.15184364,8.70000,prps,2,3023
135078,135.078,1,4004,54004,lowband_largesig_r00,prps,1360,-90,-0.710804,60,0,60,0.15707964,9.00000,prps,2,3027
135098,135.098,1,4004,54004,lowband_largesig_r00,prps,1371,-79,-0.619147,60,0,60,0.15707964,9.00000,prps,2,3031
135118,135.118,1,4004,54004,lowband_largesig_r00,prps,1384,-66,-0.521266,59,0,59,0.15446164,8.85000,prps,2,3035
135138,135.138,1,4004,54004,lowband_largesig_r00,prps,1396,-54,-0.428033,55,0,55,0.14398966,8.25000,prps,2,3039
135158,135.158,1,4004,54004,lowband_largesig_r00,prps,1406,-44,-0.348523,49,0,49,0.12828170,7.35000,prps,2,3043
135178,135.178,1,4004,54004,lowband_largesig_r00,prps,1413,-37,-0.288559,42,0,42,0.10995574,6.30000,prps,2,3047
135198,135.198,1,4004,54004,lowband_largesig_r00,prps,1418,-32,-0.249891,35,0,35,0.09162979,5.25000,prps,2,3051
135218,135.218,1,4004,54004,lowband_largesig_r00,prps,1421,-29,-0.230145,28,0,28,0.07330382,4.20000,prps,2,3055
135238,135.238,1,4004,54004,lowband_largesig_r00,prps,1422,-28,-0.223519,23,0,23,0.06021386,3.45000,prps,2,3059
135258,135.258,1,4004,54004,lowband_largesig_r00,prps,1422,-28,-0.222084,19,0,19,0.04974188,2.85000,prps,2,3063
135278,135.278,1,4004,54004,lowband_largesig_r00,prps,1422,-28,-0.217440,18,0,18,0.04712389,2.70000,prps,2,3067
135298,135.298,1,4004,54004,lowband_largesig_r00,prps,1424,-26,-0.202389,18,0,18,0.04712389,2.70000,prps,2,3071
135318,135.318,1,4004,54004,lowband_largesig_r00,prps,1428,-22,-0.172350,18,0,18,0.04712389,2.70000,prps,2,3075
135338,135.338,1,4004,54004,lowband_largesig_r00,prps,1434,-16,-0.126223,18,0,18,0.04712389,2.70000,prps,2,3079
135358,135.358,1,4004,54004,lowband_largesig_r00,prps,1442,-8,-0.066575,17,0,17,0.04450589,2.55000,prps,2,3083
135378,135.378,1,4004,54004,lowband_largesig_r00,prps,1450,0,0.000890,14,0,14,0.03665191,2.10000,prps,2,3087
135398,135.398,1,4004,54004,lowband_largesig_r00,prps,1459,9,0.068465,11,0,11,0.02879793,1.65000,prps,2,3091
135418,135.418,1,4004,54004,lowband_largesig_r00,prps,1466,16,0.127964,9,0,9,0.02356194,1.35000,prps,2,3095
135438,135.438,1,4004,54004,lowband_largesig_r00,prps,1472,22,0.172347,6,0,6,0.01570796,0.90000,prps,2,3099
135458,135.458,1,4004,54004,lowband_largesig_r00,prps,1475,25,0.197140,3,0,3,0.00785398,0.45000,prps,2,3103
135478,135.478,1,4004,54004,lowband_largesig_r00,prps,1476,26,0.201395,-1,0,-1,-0.00261799,-0.15000,prps,2,3107
135498,135.498,1,4004,54004,lowband_largesig_r00,prps,1474,24,0.187996,-5,0,-5,-0.01308997,-0.75000,prps,2,3111
135518,135.518,1,4004,54004,lowband_largesig_r00,prps,1471,21,0.163276,-8,0,-8,-0.02094395,-1.20000,prps,2,3115
135538,135.538,1,4004,54004,lowband_largesig_r00,prps,1467,17,0.135979,-9,0,-9,-0.02356194,-1.35000,prps,2,3119
135558,135.558,1,4004,54004,lowband_largesig_r00,prps,1465,15,0.115777,-10,0,-10,-0.02617994,-1.50000,prps,2,3123
135578,135.578,1,4004,54004,lowband_largesig_r00,prps,1464,14,0.111591,-10,0,-10,-0.02617994,-1.50000,prps,2,3127
135598,135.598,1,4004,54004,lowband_largesig_r00,prps,1467,17,0.130012,-10,0,-10,-0.02617994,-1.50000,prps,2,3131
135618,135.618,1,4004,54004,lowband_largesig_r00,prps,1472,22,0.174097,-10,0,-10,-0.02617994,-1.50000,prps,2,3135
135638,135.638,1,4004,54004,lowband_largesig_r00,prps,1481,31,0.242753,-10,0,-10,-0.02617994,-1.50000,prps,2,3139
135658,135.658,1,4004,54004,lowband_largesig_r00,prps,1492,42,0.330807,-10,0,-10,-0.02617994,-1.50000,prps,2,3143
135678,135.678,1,4004,54004,lowband_largesig_r00,prps,1505,55,0.429741,-12,0,-12,-0.03141592,-1.80000,prps,2,3147
135698,135.698,1,4004,54004,lowband_largesig_r00,prps,1517,67,0.528972,-16,0,-16,-0.04188790,-2.40000,prps,2,3151
135718,135.718,1,4004,54004,lowband_largesig_r00,prps,1528,78,0.617442,-21,0,-21,-0.05497787,-3.15000,prps,2,3155
135738,135.738,1,4004,54004,lowband_largesig_r00,prps,1537,87,0.685260,-27,0,-27,-0.07068583,-4.05000,prps,2,3159
135758,135.758,1,4004,54004,lowband_largesig_r00,prps,1542,92,0.725116,-34,0,-34,-0.08901179,-5.10000,prps,2,3163
135778,135.778,1,4004,54004,lowband_largesig_r00,prps,1543,93,0.733254,-41,0,-41,-0.10733775,-6.15000,prps,2,3167
135798,135.798,1,4004,54004,lowband_largesig_r00,prps,1540,90,0.709863,-46,0,-46,-0.12042772,-6.90000,prps,2,3171
135818,135.818,1,4004,54004,lowband_largesig_r00,prps,1534,84,0.658854,-48,0,-48,-0.12566370,-7.20000,prps,2,3175
135838,135.838,1,4004,54004,lowband_largesig_r00,prps,1525,75,0.587093,-48,0,-48,-0.12566370,-7.20000,prps,2,3179
135858,135.858,1,4004,54004,lowband_largesig_r00,prps,1514,64,0.503268,-48,0,-48,-0.12566370,-7.20000,prps,2,3183
135878,135.878,1,4004,54004,lowband_largesig_r00,prps,1503,53,0.416590,-47,0,-47,-0.12304571,-7.05000,prps,2,3187
135898,135.898,1,4004,54004,lowband_largesig_r00,prps,1493,43,0.335565,-44,0,-44,-0.11519173,-6.60000,prps,2,3191
135918,135.918,1,4004,54004,lowband_largesig_r00,prps,1484,34,0.267039,-39,0,-39,-0.10210176,-5.85000,prps,2,3195
135938,135.938,1,4004,54004,lowband_largesig_r00,prps,1477,27,0.215632,-34,0,-34,-0.08901179,-5.10000,prps,2,3199
135958,135.958,1,4004,54004,lowband_largesig_r00,prps,1473,23,0.183622,-28,0,-28,-0.07330382,-4.20000,prps,2,3203
135978,135.978,1,4004,54004,lowband_largesig_r00,prps,1472,22,0.171222,-23,0,-23,-0.06021386,-3.45000,prps,2,3207
135998,135.998,1,4004,54004,lowband_largesig_r00,prps,1472,22,0.177127,-18,0,-18,-0.04712389,-2.70000,prps,2,3211
136018,136.018,1,4004,54004,lowband_largesig_r00,prps,1475,25,0.199166,-16,0,-16,-0.04188790,-2.40000,prps,2,3215
136038,136.038,1,4004,54004,lowband_largesig_r00,prps,1480,30,0.234887,-15,0,-15,-0.03926991,-2.25000,prps,2,3219
136058,136.058,1,4004,54004,lowband_largesig_r00,prps,1486,36,0.281921,-15,0,-15,-0.03926991,-2.25000,prps,2,3223
136078,136.078,1,4004,54004,lowband_largesig_r00,prps,1493,43,0.338065,-15,0,-15,-0.03926991,-2.25000,prps,2,3227
136098,136.098,1,4004,54004,lowband_largesig_r00,prps,1501,51,0.401060,-16,0,-16,-0.04188790,-2.40000,prps,2,3231
136118,136.118,1,4004,54004,lowband_largesig_r00,prps,1509,59,0.468168,-17,0,-17,-0.04450589,-2.55000,prps,2,3235
136138,136.138,1,4004,54004,lowband_largesig_r00,prps,1518,68,0.535684,-21,0,-21,-0.05497787,-3.15000,prps,2,3239
136158,136.158,1,4004,54004,lowband_largesig_r00,prps,1526,76,0.598561,-26,0,-26,-0.06806784,-3.90000,prps,2,3243
136178,136.178,1,4004,54004,lowband_largesig_r00,prps,1533,83,0.650324,-30,0,-30,-0.07853982,-4.50000,prps,2,3247
136198,136.198,1,4004,54004,lowband_largesig_r00,prps,1537,87,0.683374,-35,0,-35,-0.09162979,-5.25000,prps,2,3251
136218,136.218,1,4004,54004,lowband_largesig_r00,prps,1538,88,0.689741,-39,0,-39,-0.10210176,-5.85000,prps,2,3255
136238,136.238,1,4004,54004,lowband_largesig_r00,prps,1534,84,0.662203,-44,0,-44,-0.11519173,-6.60000,prps,2,3259
136258,136.258,1,4004,54004,lowband_largesig_r00,prps,1526,76,0.595631,-45,0,-45,-0.11780972,-6.75000,prps,2,3263
136278,136.278,1,4004,54004,lowband_largesig_r00,prps,1512,62,0.488307,-45,0,-45,-0.11780972,-6.75000,prps,2,3267
136298,136.298,1,4004,54004,lowband_largesig_r00,prps,1494,44,0.342973,-44,0,-44,-0.11519173,-6.60000,prps,2,3271
136318,136.318,1,4004,54004,lowband_largesig_r00,prps,1471,21,0.167350,-41,0,-41,-0.10733775,-6.15000,prps,2,3275
136338,136.338,1,4004,54004,lowband_largesig_r00,prps,1447,-3,-0.026061,-34,0,-34,-0.08901179,-5.10000,prps,2,3279
136358,136.358,1,4004,54004,lowband_largesig_r00,prps,1422,-28,-0.220957,-25,0,-25,-0.06544985,-3.75000,prps,2,3283
136378,136.378,1,4004,54004,lowband_largesig_r00,prps,1399,-51,-0.398935,-13,0,-13,-0.03403392,-1.95000,prps,2,3287
136398,136.398,1,4004,54004,lowband_largesig_r00,prps,1381,-69,-0.541741,1,0,1,0.00261799,0.15000,prps,2,3291
136418,136.418,1,4004,54004,lowband_largesig_r00,prps,1370,-80,-0.633736,15,0,15,0.03926991,2.25000,prps,2,3295
136438,136.438,1,4004,54004,lowband_largesig_r00,prps,1366,-84,-0.664234,27,0,27,0.07068583,4.05000,prps,2,3299
136458,136.458,1,4004,54004,lowband_largesig_r00,prps,1370,-80,-0.629314,38,0,38,0.09948376,5.70000,prps,2,3303
136478,136.478,1,4004,54004,lowband_largesig_r00,prps,1382,-68,-0.532799,41,0,41,0.10733775,6.15000,prps,2,3307
136498,136.498,1,4004,54004,lowband_largesig_r00,prps,1401,-49,-0.386183,42,0,42,0.10995574,6.30000,prps,2,3311
136518,136.518,1,4004,54004,lowband_largesig_r00,prps,1424,-26,-0.207463,41,0,41,0.10733775,6.15000,prps,2,3315
136538,136.538,1,4004,54004,lowband_largesig_r00,prps,1448,-2,-0.018988,36,0,36,0.09424778,5.40000,prps,2,3319
136558,136.558,1,4004,54004,lowband_largesig_r00,prps,1470,20,0.155376,27,0,27,0.07068583,4.05000,prps,2,3323
136578,136.578,1,4004,54004,lowband_largesig_r00,prps,1487,37,0.293394,16,0,16,0.04188790,2.40000,prps,2,3327
136598,136.598,1,4004,54004,lowband_largesig_r00,prps,1498,48,0.377421,5,0,5,0.01308997,0.75000,prps,2,3331
136618,136.618,1,4004,54004,lowband_largesig_r00,prps,1500,50,0.396757,-6,0,-6,-0.01570796,-0.90000,prps,2,3335
136638,136.638,1,4004,54004,lowband_largesig_r00,prps,1494,44,0.349008,-16,0,-16,-0.04188790,-2.40000,prps,2,3339
136658,136.658,1,4004,54004,lowband_largesig_r00,prps,1481,31,0.240262,-23,0,-23,-0.06021386,-3.45000,prps,2,3343
136678,136.678,1,4004,54004,lowband_largesig_r00,prps,1461,11,0.084023,-26,0,-26,-0.06806784,-3.90000,prps,2,3347
136698,136.698,1,4004,54004,lowband_largesig_r00,prps,1437,-13,-0.100913,-23,0,-23,-0.06021386,-3.45000,prps,2,3351
136718,136.718,1,4004,54004,lowband_largesig_r00,prps,1413,-37,-0.293320,-15,0,-15,-0.03926991,-2.25000,prps,2,3355
136738,136.738,1,4004,54004,lowband_largesig_r00,prps,1390,-60,-0.472695,-6,0,-6,-0.01570796,-0.90000,prps,2,3359
136758,136.758,1,4004,54004,lowband_largesig_r00,prps,1371,-79,-0.622201,7,0,7,0.01832596,1.05000,prps,2,3363
136778,136.778,1,4004,54004,lowband_largesig_r00,prps,1357,-93,-0.730938,21,0,21,0.05497787,3.15000,prps,2,3367
136798,136.798,1,4004,54004,lowband_largesig_r00,prps,1349,-101,-0.795208,33,0,33,0.08639380,4.95000,prps,2,3371
136818,136.818,1,4004,54004,lowband_largesig_r00,prps,1346,-104,-0.818576,43,0,43,0.11257374,6.45000,prps,2,3375
136838,136.838,1,4004,54004,lowband_largesig_r00,prps,1347,-103,-0.810739,53,0,53,0.13875367,7.95000,prps,2,3379
136858,136.858,1,4004,54004,lowband_largesig_r00,prps,1350,-100,-0.785426,56,0,56,0.14660765,8.40000,prps,2,3383
136878,136.878,1,4004,54004,lowband_largesig_r00,prps,1354,-96,-0.757675,58,0,58,0.15184364,8.70000,prps,2,3387
136898,136.898,1,4004,54004,lowband_largesig_r00,prps,1356,-94,-0.740972,58,0,58,0.15184364,8.70000,prps,2,3391
136918,136.918,1,4004,54004,lowband_largesig_r00,prps,1355,-95,-0.744711,58,0,58,0.15184364,8.70000,prps,2,3395
136938,136.938,1,4004,54004,lowband_largesig_r00,prps,1352,-98,-0.772417,58,0,58,0.15184364,8.70000,prps,2,3399
136958,136.958,1,4004,54004,lowband_largesig_r00,prps,1346,-104,-0.821027,58,0,58,0.15184364,8.70000,prps,2,3403
136978,136.978,1,4004,54004,lowband_largesig_r00,prps,1338,-112,-0.881320,58,0,58,0.15184364,8.70000,prps,2,3407
136998,136.998,1,4004,54004,lowband_largesig_r00,prps,1331,-119,-0.939442,60,0,60,0.15707964,9.00000,prps,2,3411
137018,137.018,1,4004,54004,lowband_largesig_r00,prps,1326,-124,-0.979250,62,0,62,0.16231562,9.30000,prps,2,3415
137038,137.038,1,4004,54004,lowband_largesig_r00,prps,1325,-125,-0.985072,65,0,65,0.17016960,9.75000,prps,2,3419
137075,137.075,1,4004,54004,lowband_largesig_r00,prps,1330,-120,-0.944436,69,0,69,0.18064158,10.35000,prps,2,3423
137095,137.095,1,4004,54004,lowband_largesig_r00,prps,1342,-108,-0.850290,70,0,70,0.18325958,10.50000,prps,2,3427
137115,137.115,1,4004,54004,lowband_largesig_r00,prps,1361,-89,-0.702369,70,0,70,0.18325958,10.50000,prps,2,3431
137135,137.135,1,4004,54004,lowband_largesig_r00,prps,1386,-64,-0.507465,69,0,69,0.18064158,10.35000,prps,2,3435
137155,137.155,1,4004,54004,lowband_largesig_r00,prps,1415,-35,-0.278587,62,0,62,0.16231562,9.30000,prps,2,3439
137175,137.175,1,4004,54004,lowband_largesig_r00,prps,1446,-4,-0.033139,52,0,52,0.13613568,7.80000,prps,2,3443
137195,137.195,1,4004,54004,lowband_largesig_r00,prps,1477,27,0.209569,39,0,39,0.10210176,5.85000,prps,2,3447
137215,137.215,1,4004,54004,lowband_largesig_r00,prps,1505,55,0.431056,22,0,22,0.05759586,3.30000,prps,2,3451
137235,137.235,1,4004,54004,lowband_largesig_r00,prps,1528,78,0.616225,4,0,4,0.01047198,0.60000,prps,2,3455
137255,137.255,1,4004,54004,lowband_largesig_r00,prps,1546,96,0.755313,-13,0,-13,-0.03403392,-1.95000,prps,2,3459
137275,137.275,1,4004,54004,lowband_largesig_r00,prps,1557,107,0.844950,-29,0,-29,-0.07592182,-4.35000,prps,2,3463
137295,137.295,1,4004,54004,lowband_largesig_r00,prps,1563,113,0.888176,-45,0,-45,-0.11780972,-6.75000,prps,2,3467
137315,137.315,1,4004,54004,lowband_largesig_r00,prps,1563,113,0.893469,-56,0,-56,-0.14660765,-8.40000,prps,2,3471
137335,137.335,1,4004,54004,lowband_largesig_r00,prps,1561,111,0.872952,-61,0,-61,-0.15969762,-9.15000,prps,2,3475
137355,137.355,1,4004,54004,lowband_largesig_r00,prps,1557,107,0.840138,-64,0,-64,-0.16755160,-9.60000,prps,2,3479
137375,137.375,1,4004,54004,lowband_largesig_r00,prps,1553,103,0.807584,-64,0,-64,-0.16755160,-9.60000,prps,2,3483
137395,137.395,1,4004,54004,lowband_largesig_r00,prps,1550,100,0.784864,-63,0,-63,-0.16493360,-9.45000,prps,2,3487
137415,137.415,1,4004,54004,lowband_largesig_r00,prps,1549,99,0.777176,-62,0,-62,-0.16231562,-9.30000,prps,2,3491
137435,137.435,1,4004,54004,lowband_largesig_r00,prps,1550,100,0.784802,-61,0,-61,-0.15969762,-9.15000,prps,2,3495
137455,137.455,1,4004,54004,lowband_largesig_r00,prps,1552,102,0.803459,-61,0,-61,-0.15969762,-9.15000,prps,2,3499
137475,137.475,1,4004,54004,lowband_largesig_r00,prps,1555,105,0.825454,-60,0,-60,-0.15707964,-9.00000,prps,2,3503
137495,137.495,1,4004,54004,lowband_largesig_r00,prps,1557,107,0.841383,-59,0,-59,-0.15446164,-8.85000,prps,2,3507
137515,137.515,1,4004,54004,lowband_largesig_r00,prps,1557,107,0.842075,-59,0,-59,-0.15446164,-8.85000,prps,2,3511
137535,137.535,1,4004,54004,lowband_largesig_r00,prps,1554,104,0.820404,-59,0,-59,-0.15446164,-8.85000,prps,2,3515
137555,137.555,1,4004,54004,lowband_largesig_r00,prps,1548,98,0.772660,-59,0,-59,-0.15446164,-8.85000,prps,2,3519
137575,137.575,1,4004,54004,lowband_largesig_r00,prps,1539,89,0.699255,-59,0,-59,-0.15446164,-8.85000,prps,2,3523
137595,137.595,1,4004,54004,lowband_largesig_r00,prps,1527,77,0.604654,-59,0,-59,-0.15446164,-8.85000,prps,2,3527
137615,137.615,1,4004,54004,lowband_largesig_r00,prps,1513,63,0.496575,-56,0,-56,-0.14660765,-8.40000,prps,2,3531
137635,137.635,1,4004,54004,lowband_largesig_r00,prps,1499,49,0.384628,-51,0,-51,-0.13351768,-7.65000,prps,2,3535
137655,137.655,1,4004,54004,lowband_largesig_r00,prps,1485,35,0.278661,-45,0,-45,-0.11780972,-6.75000,prps,2,3539
137675,137.675,1,4004,54004,lowband_largesig_r00,prps,1474,24,0.187116,-38,0,-38,-0.09948376,-5.70000,prps,2,3543
137695,137.695,1,4004,54004,lowband_largesig_r00,prps,1465,15,0.115691,-31,0,-31,-0.08115781,-4.65000,prps,2,3547
137715,137.715,1,4004,54004,lowband_largesig_r00,prps,1458,8,0.066556,-23,0,-23,-0.06021386,-3.45000,prps,2,3551
137735,137.735,1,4004,54004,lowband_largesig_r00,prps,1455,5,0.038213,-16,0,-16,-0.04188790,-2.40000,prps,2,3555
137755,137.755,1,4004,54004,lowband_largesig_r00,prps,1453,3,0.026040,-10,0,-10,-0.02617994,-1.50000,prps,2,3559
137775,137.775,1,4004,54004,lowband_largesig_r00,prps,1453,3,0.023360,-6,0,-6,-0.01570796,-0.90000,prps,2,3563
137795,137.795,1,4004,54004,lowband_largesig_r00,prps,1453,3,0.022838,-3,0,-3,-0.00785398,-0.45000,prps,2,3567
137815,137.815,1,4004,54004,lowband_largesig_r00,prps,1452,2,0.017930,-2,0,-2,-0.00523599,-0.30000,prps,2,3571
137835,137.835,1,4004,54004,lowband_largesig_r00,prps,1451,1,0.004105,-1,0,-1,-0.00261799,-0.15000,prps,2,3575
137855,137.855,1,4004,54004,lowband_largesig_r00,prps,1447,-3,-0.020382,-1,0,-1,-0.00261799,-0.15000,prps,2,3579
137875,137.875,1,4004,54004,lowband_largesig_r00,prps,1443,-7,-0.054287,0,0,0,0.00000000,0.00000,prps,2,3583
137895,137.895,1,4004,54004,lowband_largesig_r00,prps,1438,-12,-0.093788,2,0,2,0.00523599,0.30000,prps,2,3587
137915,137.915,1,4004,54004,lowband_largesig_r00,prps,1433,-17,-0.133394,3,0,3,0.00785398,0.45000,prps,2,3591
137935,137.935,1,4004,54004,lowband_largesig_r00,prps,1429,-21,-0.167174,5,0,5,0.01308997,0.75000,prps,2,3595
137955,137.955,1,4004,54004,lowband_largesig_r00,prps,1426,-24,-0.190061,6,0,6,0.01570796,0.90000,prps,2,3599
137975,137.975,1,4004,54004,lowband_largesig_r00,prps,1425,-25,-0.198970,8,0,8,0.02094395,1.20000,prps,2,3603
137995,137.995,1,4004,54004,lowband_largesig_r00,prps,1425,-25,-0.193512,9,0,9,0.02356194,1.35000,prps,2,3607
138015,138.015,1,4004,54004,lowband_largesig_r00,prps,1428,-22,-0.176178,11,0,11,0.02879793,1.65000,prps,2,3611
138035,138.035,1,4004,54004,lowband_largesig_r00,prps,1431,-19,-0.151929,11,0,11,0.02879793,1.65000,prps,2,3615
138055,138.055,1,4004,54004,lowband_largesig_r00,prps,1434,-16,-0.127310,12,0,12,0.03141592,1.80000,prps,2,3619
138075,138.075,1,4004,54004,lowband_largesig_r00,prps,1436,-14,-0.109222,12,0,12,0.03141592,1.80000,prps,2,3623
138095,138.095,1,4004,54004,lowband_largesig_r00,prps,1437,-13,-0.103602,12,0,12,0.03141592,1.80000,prps,2,3627
138115,138.115,1,4004,54004,lowband_largesig_r00,prps,1435,-15,-0.114261,12,0,12,0.03141592,1.80000,prps,2,3631
138135,138.135,1,4004,54004,lowband_largesig_r00,prps,1432,-18,-0.142102,12,0,12,0.03141592,1.80000,prps,2,3635
138155,138.155,1,4004,54004,lowband_largesig_r00,prps,1427,-23,-0.184854,12,0,12,0.03141592,1.80000,prps,2,3639
138175,138.175,1,4004,54004,lowband_largesig_r00,prps,1420,-30,-0.237401,12,0,12,0.03141592,1.80000,prps,2,3643
138195,138.195,1,4004,54004,lowband_largesig_r00,prps,1413,-37,-0.292612,13,0,13,0.03403392,1.95000,prps,2,3647
138215,138.215,1,4004,54004,lowband_largesig_r00,prps,1406,-44,-0.342558,15,0,15,0.03926991,2.25000,prps,2,3651
138235,138.235,1,4004,54004,lowband_largesig_r00,prps,1402,-48,-0.379857,16,0,16,0.04188790,2.40000,prps,2,3655
138255,138.255,1,4004,54004,lowband_largesig_r00,prps,1399,-51,-0.398931,19,0,19,0.04974188,2.85000,prps,2,3659
138275,138.275,1,4004,54004,lowband_largesig_r00,prps,1400,-50,-0.396931,21,0,21,0.05497787,3.15000,prps,2,3663
138295,138.295,1,4004,54004,lowband_largesig_r00,prps,1402,-48,-0.374164,22,0,22,0.05759586,3.30000,prps,2,3667
138315,138.315,1,4004,54004,lowband_largesig_r00,prps,1408,-42,-0.333967,23,0,23,0.06021386,3.45000,prps,2,3671
138335,138.335,1,4004,54004,lowband_largesig_r00,prps,1414,-36,-0.282047,23,0,23,0.06021386,3.45000,prps,2,3675
138355,138.355,1,4004,54004,lowband_largesig_r00,prps,1421,-29,-0.225425,23,0,23,0.06021386,3.45000,prps,2,3679
138375,138.375,1,4004,54004,lowband_largesig_r00,prps,1428,-22,-0.171198,23,0,23,0.06021386,3.45000,prps,2,3683
138395,138.395,1,4004,54004,lowband_largesig_r00,prps,1434,-16,-0.125331,22,0,22,0.05759586,3.30000,prps,2,3687
138415,138.415,1,4004,54004,lowband_largesig_r00,prps,1438,-12,-0.091738,19,0,19,0.04974188,2.85000,prps,2,3691
138435,138.435,1,4004,54004,lowband_largesig_r00,prps,1441,-9,-0.071788,16,0,16,0.04188790,2.40000,prps,2,3695
138455,138.455,1,4004,54004,lowband_largesig_r00,prps,1442,-8,-0.064338,13,0,13,0.03403392,1.95000,prps,2,3699
138475,138.475,1,4004,54004,lowband_largesig_r00,prps,1442,-8,-0.066251,11,0,11,0.02879793,1.65000,prps,2,3703
138495,138.495,1,4004,54004,lowband_largesig_r00,prps,1441,-9,-0.073307,10,0,10,0.02617994,1.50000,prps,2,3707
138515,138.515,1,4004,54004,lowband_largesig_r00,prps,1440,-10,-0.081274,10,0,10,0.02617994,1.50000,prps,2,3711
138535,138.535,1,4004,54004,lowband_largesig_r00,prps,1439,-11,-0.086943,10,0,10,0.02617994,1.50000,prps,2,3715
138555,138.555,1,4004,54004,lowband_largesig_r00,prps,1439,-11,-0.088887,10,0,10,0.02617994,1.50000,prps,2,3719
138575,138.575,1,4004,54004,lowband_largesig_r00,prps,1439,-11,-0.087791,10,0,10,0.02617994,1.50000,prps,2,3723
138595,138.595,1,4004,54004,lowband_largesig_r00,prps,1439,-11,-0.086262,10,0,10,0.02617994,1.50000,prps,2,3727
138615,138.615,1,4004,54004,lowband_largesig_r00,prps,1439,-11,-0.088167,10,0,10,0.02617994,1.50000,prps,2,3731
138635,138.635,1,4004,54004,lowband_largesig_r00,prps,1438,-12,-0.097616,10,0,10,0.02617994,1.50000,prps,2,3735
138655,138.655,1,4004,54004,lowband_largesig_r00,prps,1435,-15,-0.117810,10,0,10,0.02617994,1.50000,prps,2,3739
138675,138.675,1,4004,54004,lowband_largesig_r00,prps,1431,-19,-0.149995,10,0,10,0.02617994,1.50000,prps,2,3743
138695,138.695,1,4004,54004,lowband_largesig_r00,prps,1426,-24,-0.192768,10,0,10,0.02617994,1.50000,prps,2,3747
138715,138.715,1,4004,54004,lowband_largesig_r00,prps,1419,-31,-0.241910,10,0,10,0.02617994,1.50000,prps,2,3751
138735,138.735,1,4004,54004,lowband_largesig_r00,prps,1413,-37,-0.290825,11,0,11,0.02879793,1.65000,prps,2,3755
138755,138.755,1,4004,54004,lowband_largesig_r00,prps,1408,-42,-0.331554,13,0,13,0.03403392,1.95000,prps,2,3759
138775,138.775,1,4004,54004,lowband_largesig_r00,prps,1405,-45,-0.356203,16,0,16,0.04188790,2.40000,prps,2,3763
138795,138.795,1,4004,54004,lowband_largesig_r00,prps,1404,-46,-0.358532,19,0,19,0.04974188,2.85000,prps,2,3767
138815,138.815,1,4004,54004,lowband_largesig_r00,prps,1407,-43,-0.335414,21,0,21,0.05497787,3.15000,prps,2,3771
138835,138.835,1,4004,54004,lowband_largesig_r00,prps,1413,-37,-0.287852,22,0,22,0.05759586,3.30000,prps,2,3775
138855,138.855,1,4004,54004,lowband_largesig_r00,prps,1422,-28,-0.221326,22,0,22,0.05759586,3.30000,prps,2,3779
138875,138.875,1,4004,54004,lowband_largesig_r00,prps,1432,-18,-0.145346,21,0,21,0.05497787,3.15000,prps,2,3783
138895,138.895,1,4004,54004,lowband_largesig_r00,prps,1441,-9,-0.072204,20,0,20,0.05235988,3.00000,prps,2,3787
138915,138.915,1,4004,54004,lowband_largesig_r00,prps,1448,-2,-0.015115,17,0,17,0.04450589,2.55000,prps,2,3791
138935,138.935,1,4004,54004,lowband_largesig_r00,prps,1452,2,0.014007,13,0,13,0.03403392,1.95000,prps,2,3795
138955,138.955,1,4004,54004,lowband_largesig_r00,prps,1451,1,0.006735,10,0,10,0.02617994,1.50000,prps,2,3799
138975,138.975,1,4004,54004,lowband_largesig_r00,prps,1445,-5,-0.040086,8,0,8,0.02094395,1.20000,prps,2,3803
138995,138.995,1,4004,54004,lowband_largesig_r00,prps,1434,-16,-0.123305,6,0,6,0.01570796,0.90000,prps,2,3807
139015,139.015,1,4004,54004,lowband_largesig_r00,prps,1420,-30,-0.233419,7,0,7,0.01832596,1.05000,prps,2,3811
139035,139.035,1,4004,54004,lowband_largesig_r00,prps,1405,-45,-0.355579,8,0,8,0.02094395,1.20000,prps,2,3815
139055,139.055,1,4004,54004,lowband_largesig_r00,prps,1390,-60,-0.471562,12,0,12,0.03141592,1.80000,prps,2,3819
139075,139.075,1,4004,54004,lowband_largesig_r00,prps,1379,-71,-0.562431,19,0,19,0.04974188,2.85000,prps,2,3823
139095,139.095,1,4004,54004,lowband_largesig_r00,prps,1372,-78,-0.611493,24,0,24,0.06283185,3.60000,prps,2,3827
139115,139.115,1,4004,54004,lowband_largesig_r00,prps,1373,-77,-0.607082,30,0,30,0.07853982,4.50000,prps,2,3831
139135,139.135,1,4004,54004,lowband_largesig_r00,prps,1381,-69,-0.544709,35,0,35,0.09162979,5.25000,prps,2,3835
139155,139.155,1,4004,54004,lowband_largesig_r00,prps,1396,-54,-0.428211,38,0,38,0.09948376,5.70000,prps,2,3839
139175,139.175,1,4004,54004,lowband_largesig_r00,prps,1416,-34,-0.269656,38,0,38,0.09948376,5.70000,prps,2,3843
139195,139.195,1,4004,54004,lowband_largesig_r00,prps,1439,-11,-0.087981,37,0,37,0.09686577,5.55000,prps,2,3847
139215,139.215,1,4004,54004,lowband_largesig_r00,prps,1462,12,0.093477,29,0,29,0.07592182,4.35000,prps,2,3851
139235,139.235,1,4004,54004,lowband_largesig_r00,prps,1482,32,0.250210,19,0,19,0.04974188,2.85000,prps,2,3855
139255,139.255,1,4004,54004,lowband_largesig_r00,prps,1496,46,0.360059,7,0,7,0.01832596,1.05000,prps,2,3859
139275,139.275,1,4004,54004,lowband_largesig_r00,prps,1502,52,0.406479,-3,0,-3,-0.00785398,-0.45000,prps,2,3863
139295,139.295,1,4004,54004,lowband_largesig_r00,prps,1498,48,0.381064,-13,0,-13,-0.03403392,-1.95000,prps,2,3867
139315,139.315,1,4004,54004,lowband_largesig_r00,prps,1486,36,0.284928,-21,0,-21,-0.05497787,-3.15000,prps,2,3871
139335,139.335,1,4004,54004,lowband_largesig_r00,prps,1466,16,0.128726,-25,0,-25,-0.06544985,-3.75000,prps,2,3875
139355,139.355,1,4004,54004,lowband_largesig_r00,prps,1441,-9,-0.068695,-24,0,-24,-0.06283185,-3.60000,prps,2,3879
139375,139.375,1,4004,54004,lowband_largesig_r00,prps,1414,-36,-0.282824,-17,0,-17,-0.04450589,-2.55000,prps,2,3883
139395,139.395,1,4004,54004,lowband_largesig_r00,prps,1388,-62,-0.486799,-7,0,-7,-0.01832596,-1.05000,prps,2,3887
139415,139.415,1,4004,54004,lowband_largesig_r00,prps,1367,-83,-0.655035,7,0,7,0.01832596,1.05000,prps,2,3891
139435,139.435,1,4004,54004,lowband_largesig_r00,prps,1353,-97,-0.766589,21,0,21,0.05497787,3.15000,prps,2,3895
139455,139.455,1,4004,54004,lowband_largesig_r00,prps,1347,-103,-0.807814,34,0,34,0.08901179,5.10000,prps,2,3899
139475,139.475,1,4004,54004,lowband_largesig_r00,prps,1352,-98,-0.773892,46,0,46,0.12042772,6.90000,prps,2,3903
139495,139.495,1,4004,54004,lowband_largesig_r00,prps,1365,-85,-0.669083,54,0,54,0.14137166,8.10000,prps,2,3907
139515,139.515,1,4004,54004,lowband_largesig_r00,prps,1386,-64,-0.505681,55,0,55,0.14398966,8.25000,prps,2,3911
139535,139.535,1,4004,54004,lowband_largesig_r00,prps,1412,-38,-0.301892,54,0,54,0.14137166,8.10000,prps,2,3915
139555,139.555,1,4004,54004,lowband_largesig_r00,prps,1440,-10,-0.079011,48,0,48,0.12566370,7.20000,prps,2,3919
139575,139.575,1,4004,54004,lowband_largesig_r00,prps,1468,18,0.141660,37,0,37,0.09686577,5.55000,prps,2,3923
139595,139.595,1,4004,54004,lowband_largesig_r00,prps,1493,43,0.341646,22,0,22,0.05759586,3.30000,prps,2,3927
139615,139.615,1,4004,54004,lowband_largesig_r00,prps,1514,64,0.507492,6,0,6,0.01570796,0.90000,prps,2,3931
139635,139.635,1,4004,54004,lowband_largesig_r00,prps,1530,80,0.631994,-9,0,-9,-0.02356194,-1.35000,prps,2,3935
139655,139.655,1,4004,54004,lowband_largesig_r00,prps,1541,91,0.714362,-24,0,-24,-0.06283185,-3.60000,prps,2,3939
139675,139.675,1,4004,54004,lowband_largesig_r00,prps,1546,96,0.759366,-36,0,-36,-0.09424778,-5.40000,prps,2,3943
139695,139.695,1,4004,54004,lowband_largesig_r00,prps,1549,99,0.775673,-47,0,-47,-0.12304571,-7.05000,prps,2,3947
139715,139.715,1,4004,54004,lowband_largesig_r00,prps,1548,98,0.773738,-52,0,-52,-0.13613568,-7.80000,prps,2,3951
139735,139.735,1,4004,54004,lowband_largesig_r00,prps,1547,97,0.763620,-56,0,-56,-0.14660765,-8.40000,prps,2,3955
139755,139.755,1,4004,54004,lowband_largesig_r00,prps,1546,96,0.753133,-57,0,-57,-0.14922565,-8.55000,prps,2,3959
139775,139.775,1,4004,54004,lowband_largesig_r00,prps,1545,95,0.746615,-58,0,-58,-0.15184364,-8.70000,prps,2,3963
139795,139.795,1,4004,54004,lowband_largesig_r00,prps,1545,95,0.744498,-57,0,-57,-0.14922565,-8.55000,prps,2,3967
139815,139.815,1,4004,54004,lowband_largesig_r00,prps,1544,94,0.743709,-56,0,-56,-0.14660765,-8.40000,prps,2,3971
139835,139.835,1,4004,54004,lowband_largesig_r00,prps,1544,94,0.738761,-56,0,-56,-0.14660765,-8.40000,prps,2,3975
139855,139.855,1,4004,54004,lowband_largesig_r00,prps,1542,92,0.723300,-56,0,-56,-0.14660765,-8.40000,prps,2,3979
139875,139.875,1,4004,54004,lowband_largesig_r00,prps,1538,88,0.691775,-56,0,-56,-0.14660765,-8.40000,prps,2,3983
139895,139.895,1,4004,54004,lowband_largesig_r00,prps,1531,81,0.640913,-55,0,-55,-0.14398966,-8.25000,prps,2,3987
139915,139.915,1,4004,54004,lowband_largesig_r00,prps,1522,72,0.570699,-52,0,-52,-0.13613568,-7.80000,prps,2,3991
139935,139.935,1,4004,54004,lowband_largesig_r00,prps,1512,62,0.484703,-49,0,-49,-0.12828170,-7.35000,prps,2,3995
139955,139.955,1,4004,54004,lowband_largesig_r00,prps,1499,49,0.389687,-46,0,-46,-0.12042772,-6.90000,prps,2,3999
139975,139.975,1,4004,54004,lowband_largesig_r00,prps,1487,37,0.294568,-42,0,-42,-0.10995574,-6.30000,prps,2,4003
139995,139.995,1,4004,54004,lowband_largesig_r00,prps,1477,27,0.208958,-37,0,-37,-0.09686577,-5.55000,prps,2,4007
140015,140.015,1,4004,54004,lowband_largesig_r00,prps,1468,18,0.141543,-31,0,-31,-0.08115781,-4.65000,prps,2,4011
140035,140.035,1,4004,54004,lowband_largesig_r00,prps,1463,13,0.098596,-24,0,-24,-0.06283185,-3.60000,prps,2,4015
140055,140.055,1,4004,54004,lowband_largesig_r00,prps,1461,11,0.082916,-18,0,-18,-0.04712389,-2.70000,prps,2,4019
140075,140.075,1,4004,54004,lowband_largesig_r00,prps,1462,12,0.093362,-13,0,-13,-0.03403392,-1.95000,prps,2,4023
140095,140.095,1,4004,54004,lowband_largesig_r00,prps,1466,16,0.125066,-10,0,-10,-0.02617994,-1.50000,prps,2,4027
140115,140.115,1,4004,54004,lowband_largesig_r00,prps,1472,22,0.170284,-8,0,-8,-0.02094395,-1.20000,prps,2,4031
140135,140.135,1,4004,54004,lowband_largesig_r00,prps,1478,28,0.219708,-8,0,-8,-0.02094395,-1.20000,prps,2,4035
140155,140.155,1,4004,54004,lowband_largesig_r00,prps,1484,34,0.264018,-8,0,-8,-0.02094395,-1.20000,prps,2,4039
140175,140.175,1,4004,54004,lowband_largesig_r00,prps,1488,38,0.295375,-8,0,-8,-0.02094395,-1.20000,prps,2,4043
140195,140.195,1,4004,54004,lowband_largesig_r00,prps,1489,39,0.308607,-10,0,-10,-0.02617994,-1.50000,prps,2,4047
140215,140.215,1,4004,54004,lowband_largesig_r00,prps,1488,38,0.301887,-13,0,-13,-0.03403392,-1.95000,prps,2,4051
140235,140.235,1,4004,54004,lowband_largesig_r00,prps,1485,35,0.276797,-18,0,-18,-0.04712389,-2.70000,prps,2,4055
140255,140.255,1,4004,54004,lowband_largesig_r00,prps,1480,30,0.237805,-20,0,-20,-0.05235988,-3.00000,prps,2,4059
140275,140.275,1,4004,54004,lowband_largesig_r00,prps,1474,24,0.191258,-21,0,-21,-0.05497787,-3.15000,prps,2,4063
140295,140.295,1,4004,54004,lowband_largesig_r00,prps,1468,18,0.144119,-20,0,-20,-0.05235988,-3.00000,prps,2,4067
140315,140.315,1,4004,54004,lowband_largesig_r00,prps,1463,13,0.102672,-19,0,-19,-0.04974188,-2.85000,prps,2,4071
140335,140.335,1,4004,54004,lowband_largesig_r00,prps,1459,9,0.071458,-17,0,-17,-0.04450589,-2.55000,prps,2,4075
140355,140.355,1,4004,54004,lowband_largesig_r00,prps,1457,7,0.052616,-14,0,-14,-0.03665191,-2.10000,prps,2,4079
140375,140.375,1,4004,54004,lowband_largesig_r00,prps,1456,6,0.045744,-12,0,-12,-0.03141592,-1.80000,prps,2,4083
140395,140.395,1,4004,54004,lowband_largesig_r00,prps,1456,6,0.048284,-9,0,-9,-0.02356194,-1.35000,prps,2,4087
140415,140.415,1,4004,54004,lowband_largesig_r00,prps,1457,7,0.056322,-8,0,-8,-0.02094395,-1.20000,prps,2,4091
140435,140.435,1,4004,54004,lowband_largesig_r00,prps,1458,8,0.065629,-7,0,-7,-0.01832596,-1.05000,prps,2,4095
140455,140.455,1,4004,54004,lowband_largesig_r00,prps,1459,9,0.072719,-6,0,-6,-0.01570796,-0.90000,prps,2,4099
140475,140.475,1,4004,54004,lowband_largesig_r00,prps,1460,10,0.075698,-5,0,-5,-0.01308997,-0.75000,prps,2,4103
140495,140.495,1,4004,54004,lowband_largesig_r00,prps,1459,9,0.074726,-4,0,-4,-0.01047198,-0.60000,prps,2,4107
140515,140.515,1,4004,54004,lowband_largesig_r00,prps,1459,9,0.071996,-4,0,-4,-0.01047198,-0.60000,prps,2,4111
140535,140.535,1,4004,54004,lowband_largesig_r00,prps,1459,9,0.071226,-4,0,-4,-0.01047198,-0.60000,prps,2,4115
140555,140.555,1,4004,54004,lowband_largesig_r00,prps,1460,10,0.076770,-4,0,-4,-0.01047198,-0.60000,prps,2,4119
140575,140.575,1,4004,54004,lowband_largesig_r00,prps,1462,12,0.092519,-4,0,-4,-0.01047198,-0.60000,prps,2,4123
140595,140.595,1,4004,54004,lowband_largesig_r00,prps,1465,15,0.120828,-4,0,-4,-0.01047198,-0.60000,prps,2,4127
140615,140.615,1,4004,54004,lowband_largesig_r00,prps,1471,21,0.161688,-4,0,-4,-0.01047198,-0.60000,prps,2,4131
140635,140.635,1,4004,54004,lowband_largesig_r00,prps,1477,27,0.212330,-4,0,-4,-0.01047198,-0.60000,prps,2,4135
140655,140.655,1,4004,54004,lowband_largesig_r00,prps,1484,34,0.267358,-6,0,-6,-0.01570796,-0.90000,prps,2,4139
140675,140.675,1,4004,54004,lowband_largesig_r00,prps,1491,41,0.319419,-9,0,-9,-0.02356194,-1.35000,prps,2,4143
140695,140.695,1,4004,54004,lowband_largesig_r00,prps,1496,46,0.360306,-12,0,-12,-0.03141592,-1.80000,prps,2,4147
140715,140.715,1,4004,54004,lowband_largesig_r00,prps,1499,49,0.382296,-16,0,-16,-0.04188790,-2.40000,prps,2,4151
140735,140.735,1,4004,54004,lowband_largesig_r00,prps,1498,48,0.379494,-20,0,-20,-0.05235988,-3.00000,prps,2,4155
140755,140.755,1,4004,54004,lowband_largesig_r00,prps,1494,44,0.348920,-23,0,-23,-0.06021386,-3.45000,prps,2,4159
140775,140.775,1,4004,54004,lowband_largesig_r00,prps,1487,37,0.291143,-24,0,-24,-0.06283185,-3.60000,prps,2,4163
140795,140.795,1,4004,54004,lowband_largesig_r00,prps,1477,27,0.210324,-24,0,-24,-0.06283185,-3.60000,prps,2,4167
140815,140.815,1,4004,54004,lowband_largesig_r00,prps,1464,14,0.113647,-23,0,-23,-0.06021386,-3.45000,prps,2,4171
140835,140.835,1,4004,54004,lowband_largesig_r00,prps,1451,1,0.010232,-20,0,-20,-0.05235988,-3.00000,prps,2,4175
140855,140.855,1,4004,54004,lowband_largesig_r00,prps,1439,-11,-0.090288,-15,0,-15,-0.03926991,-2.25000,prps,2,4179
140875,140.875,1,4004,54004,lowband_largesig_r00,prps,1427,-23,-0.179273,-9,0,-9,-0.02356194,-1.35000,prps,2,4183
140895,140.895,1,4004,54004,lowband_largesig_r00,prps,1418,-32,-0.250392,-2,0,-2,-0.00523599,-0.30000,prps,2,4187
140915,140.915,1,4004,54004,lowband_largesig_r00,prps,1412,-38,-0.300512,5,0,5,0.01308997,0.75000,prps,2,4191
140935,140.935,1,4004,54004,lowband_largesig_r00,prps,1408,-42,-0.330004,12,0,12,0.03141592,1.80000,prps,2,4195
140955,140.955,1,4004,54004,lowband_largesig_r00,prps,1407,-43,-0.342398,17,0,17,0.04450589,2.55000,prps,2,4199
140975,140.975,1,4004,54004,lowband_largesig_r00,prps,1406,-44,-0.343472,21,0,21,0.05497787,3.15000,prps,2,4203
140995,140.995,1,4004,54004,lowband_largesig_r00,prps,1407,-43,-0.339931,21,0,21,0.05497787,3.15000,prps,2,4207
141015,141.015,1,4004,54004,lowband_largesig_r00,prps,1407,-43,-0.337945,22,0,22,0.05759586,3.30000,prps,2,4211
141035,141.035,1,4004,54004,lowband_largesig_r00,prps,1407,-43,-0.341817,22,0,22,0.05759586,3.30000,prps,2,4215
141055,141.055,1,4004,54004,lowband_largesig_r00,prps,1405,-45,-0.353053,22,0,22,0.05759586,3.30000,prps,2,4219
141075,141.075,1,4004,54004,lowband_largesig_r00,prps,1403,-47,-0.370021,22,0,22,0.05759586,3.30000,prps,2,4223
141095,141.095,1,4004,54004,lowband_largesig_r00,prps,1401,-49,-0.388274,22,0,22,0.05759586,3.30000,prps,2,4227
141115,141.115,1,4004,54004,lowband_largesig_r00,prps,1399,-51,-0.401503,22,0,22,0.05759586,3.30000,prps,2,4231
141135,141.135,1,4004,54004,lowband_largesig_r00,prps,1399,-51,-0.402936,23,0,23,0.06021386,3.45000,prps,2,4235
141155,141.155,1,4004,54004,lowband_largesig_r00,prps,1401,-49,-0.386935,24,0,24,0.06283185,3.60000,prps,2,4239
141175,141.175,1,4004,54004,lowband_largesig_r00,prps,1405,-45,-0.350468,24,0,24,0.06283185,3.60000,prps,2,4243
141195,141.195,1,4004,54004,lowband_largesig_r00,prps,1413,-37,-0.294164,25,0,25,0.06544985,3.75000,prps,2,4247
141215,141.215,1,4004,54004,lowband_largesig_r00,prps,1422,-28,-0.222722,24,0,24,0.06283185,3.60000,prps,2,4251
141235,141.235,1,4004,54004,lowband_largesig_r00,prps,1432,-18,-0.144551,24,0,24,0.06283185,3.60000,prps,2,4255
141255,141.255,1,4004,54004,lowband_largesig_r00,prps,1441,-9,-0.070656,21,0,21,0.05497787,3.15000,prps,2,4259
141275,141.275,1,4004,54004,lowband_largesig_r00,prps,1448,-2,-0.012944,17,0,17,0.04450589,2.55000,prps,2,4263
141295,141.295,1,4004,54004,lowband_largesig_r00,prps,1452,2,0.017781,13,0,13,0.03403392,1.95000,prps,2,4267
141315,141.315,1,4004,54004,lowband_largesig_r00,prps,1452,2,0.013785,10,0,10,0.02617994,1.50000,prps,2,4271
141335,141.335,1,4004,54004,lowband_largesig_r00,prps,1446,-4,-0.028034,7,0,7,0.01832596,1.05000,prps,2,4275
141355,141.355,1,4004,54004,lowband_largesig_r00,prps,1437,-13,-0.105277,6,0,6,0.01570796,0.90000,prps,2,4279
141375,141.375,1,4004,54004,lowband_largesig_r00,prps,1423,-27,-0.210080,6,0,6,0.01570796,0.90000,prps,2,4283
141395,141.395,1,4004,54004,lowband_largesig_r00,prps,1408,-42,-0.330078,7,0,7,0.01832596,1.05000,prps,2,4287
141415,141.415,1,4004,54004,lowband_largesig_r00,prps,1393,-57,-0.450183,11,0,11,0.02879793,1.65000,prps,2,4291
141435,141.435,1,4004,54004,lowband_largesig_r00,prps,1380,-70,-0.554905,17,0,17,0.04450589,2.55000,prps,2,4295
141455,141.455,1,4004,54004,lowband_largesig_r00,prps,1370,-80,-0.630839,23,0,23,0.06021386,3.45000,prps,2,4299
141475,141.475,1,4004,54004,lowband_largesig_r00,prps,1365,-85,-0.668898,29,0,29,0.07592182,4.35000,prps,2,4303
141495,141.495,1,4004,54004,lowband_largesig_r00,prps,1365,-85,-0.665899,35,0,35,0.09162979,5.25000,prps,2,4307
141515,141.515,1,4004,54004,lowband_largesig_r00,prps,1371,-79,-0.625215,40,0,40,0.10471976,6.00000,prps,2,4311
141535,141.535,1,4004,54004,lowband_largesig_r00,prps,1379,-71,-0.556335,42,0,42,0.10995574,6.30000,prps,2,4315
141555,141.555,1,4004,54004,lowband_largesig_r00,prps,1390,-60,-0.473390,43,0,43,0.11257374,6.45000,prps,2,4319
141575,141.575,1,4004,54004,lowband_largesig_r00,prps,1400,-50,-0.392842,42,0,42,0.10995574,6.30000,prps,2,4323
141595,141.595,1,4004,54004,lowband_largesig_r00,prps,1408,-42,-0.330712,40,0,40,0.10471976,6.00000,prps,2,4327
141615,141.615,1,4004,54004,lowband_largesig_r00,prps,1412,-38,-0.299793,36,0,36,0.09424778,5.40000,prps,2,4331
141635,141.635,1,4004,54004,lowband_largesig_r00,prps,1411,-39,-0.307323,31,0,31,0.08115781,4.65000,prps,2,4335
141655,141.655,1,4004,54004,lowband_largesig_r00,prps,1405,-45,-0.353513,27,0,27,0.07068583,4.05000,prps,2,4339
141675,141.675,1,4004,54004,lowband_largesig_r00,prps,1395,-55,-0.431213,24,0,24,0.06283185,3.60000,prps,2,4343
141695,141.695,1,4004,54004,lowband_largesig_r00,prps,1383,-67,-0.526788,24,0,24,0.06283185,3.60000,prps,2,4347
141715,141.715,1,4004,54004,lowband_largesig_r00,prps,1371,-79,-0.622111,26,0,26,0.06806784,3.90000,prps,2,4351
141735,141.735,1,4004,54004,lowband_largesig_r00,prps,1361,-89,-0.697367,30,0,30,0.07853982,4.50000,prps,2,4355
141755,141.755,1,4004,54004,lowband_largesig_r00,prps,1357,-93,-0.734232,36,0,36,0.09424778,5.40000,prps,2,4359
141775,141.775,1,4004,54004,lowband_largesig_r00,prps,1359,-91,-0.718922,42,0,42,0.10995574,6.30000,prps,2,4363
141795,141.795,1,4004,54004,lowband_largesig_r00,prps,1368,-82,-0.644630,47,0,47,0.12304571,7.05000,prps,2,4367
141815,141.815,1,4004,54004,lowband_largesig_r00,prps,1385,-65,-0.512923,49,0,49,0.12828170,7.35000,prps,2,4371
141835,141.835,1,4004,54004,lowband_largesig_r00,prps,1408,-42,-0.333890,48,0,48,0.12566370,7.20000,prps,2,4375
141855,141.855,1,4004,54004,lowband_largesig_r00,prps,1434,-16,-0.124976,44,0,44,0.11519173,6.60000,prps,2,4379
141875,141.875,1,4004,54004,lowband_largesig_r00,prps,1462,12,0.091330,36,0,36,0.09424778,5.40000,prps,2,4383
141895,141.895,1,4004,54004,lowband_largesig_r00,prps,1487,37,0.290597,23,0,23,0.06021386,3.45000,prps,2,4387
141915,141.915,1,4004,54004,lowband_largesig_r00,prps,1507,57,0.449885,8,0,8,0.02094395,1.20000,prps,2,4391
141935,141.935,1,4004,54004,lowband_largesig_r00,prps,1520,70,0.550979,-5,0,-5,-0.01308997,-0.75000,prps,2,4395
141955,141.955,1,4004,54004,lowband_largesig_r00,prps,1524,74,0.582939,-18,0,-18,-0.04712389,-2.70000,prps,2,4399
141975,141.975,1,4004,54004,lowband_largesig_r00,prps,1519,69,0.543589,-30,0,-30,-0.07853982,-4.50000,prps,2,4403
141995,141.995,1,4004,54004,lowband_largesig_r00,prps,1506,56,0.439728,-37,0,-37,-0.09686577,-5.55000,prps,2,4407
142015,142.015,1,4004,54004,lowband_largesig_r00,prps,1486,36,0.286064,-37,0,-37,-0.09686577,-5.55000,prps,2,4411
142035,142.035,1,4004,54004,lowband_largesig_r00,prps,1463,13,0.103052,-35,0,-35,-0.09162979,-5.25000,prps,2,4415
142055,142.055,1,4004,54004,lowband_largesig_r00,prps,1439,-11,-0.086022,-29,0,-29,-0.07592182,-4.35000,prps,2,4419
142075,142.075,1,4004,54004,lowband_largesig_r00,prps,1417,-33,-0.258231,-19,0,-19,-0.04974188,-2.85000,prps,2,4423
142095,142.095,1,4004,54004,lowband_largesig_r00,prps,1400,-50,-0.394022,-7,0,-7,-0.01832596,-1.05000,prps,2,4427
142115,142.115,1,4004,54004,lowband_largesig_r00,prps,1389,-61,-0.479591,6,0,6,0.01570796,0.90000,prps,2,4431
142135,142.135,1,4004,54004,lowband_largesig_r00,prps,1385,-65,-0.508314,19,0,19,0.04974188,2.85000,prps,2,4435
142155,142.155,1,4004,54004,lowband_largesig_r00,prps,1389,-61,-0.481069,28,0,28,0.07330382,4.20000,prps,2,4439
142175,142.175,1,4004,54004,lowband_largesig_r00,prps,1399,-51,-0.405470,32,0,32,0.08377580,4.80000,prps,2,4443
142195,142.195,1,4004,54004,lowband_largesig_r00,prps,1413,-37,-0.294205,33,0,33,0.08639380,4.95000,prps,2,4447
142215,142.215,1,4004,54004,lowband_largesig_r00,prps,1429,-21,-0.162790,31,0,31,0.08115781,4.65000,prps,2,4451
142235,142.235,1,4004,54004,lowband_largesig_r00,prps,1447,-3,-0.027130,27,0,27,0.07068583,4.05000,prps,2,4455
142255,142.255,1,4004,54004,lowband_largesig_r00,prps,1463,13,0.098727,20,0,20,0.05235988,3.00000,prps,2,4459
142275,142.275,1,4004,54004,lowband_largesig_r00,prps,1476,26,0.204300,12,0,12,0.03141592,1.80000,prps,2,4463
142295,142.295,1,4004,54004,lowband_largesig_r00,prps,1486,36,0.283650,5,0,5,0.01308997,0.75000,prps,2,4467
142315,142.315,1,4004,54004,lowband_largesig_r00,prps,1493,43,0.335517,-2,0,-2,-0.00523599,-0.30000,prps,2,4471
142335,142.335,1,4004,54004,lowband_largesig_r00,prps,1496,46,0.362714,-9,0,-9,-0.02356194,-1.35000,prps,2,4475
142355,142.355,1,4004,54004,lowband_largesig_r00,prps,1497,47,0.370941,-15,0,-15,-0.03926991,-2.25000,prps,2,4479
142375,142.375,1,4004,54004,lowband_largesig_r00,prps,1497,47,0.367299,-20,0,-20,-0.05235988,-3.00000,prps,2,4483
142395,142.395,1,4004,54004,lowband_largesig_r00,prps,1496,46,0.358803,-23,0,-23,-0.06021386,-3.45000,prps,2,4487
142415,142.415,1,4004,54004,lowband_largesig_r00,prps,1495,45,0.351153,-23,0,-23,-0.06021386,-3.45000,prps,2,4491
142435,142.435,1,4004,54004,lowband_largesig_r00,prps,1494,44,0.347961,-24,0,-24,-0.06283185,-3.60000,prps,2,4495
142455,142.455,1,4004,54004,lowband_largesig_r00,prps,1495,45,0.350521,-24,0,-24,-0.06283185,-3.60000,prps,2,4499
142475,142.475,1,4004,54004,lowband_largesig_r00,prps,1495,45,0.358100,-24,0,-24,-0.06283185,-3.60000,prps,2,4503
142495,142.495,1,4004,54004,lowband_largesig_r00,prps,1497,47,0.368618,-24,0,-24,-0.06283185,-3.60000,prps,2,4507
142515,142.515,1,4004,54004,lowband_largesig_r00,prps,1498,48,0.379527,-24,0,-24,-0.06283185,-3.60000,prps,2,4511
142535,142.535,1,4004,54004,lowband_largesig_r00,prps,1499,49,0.388664,-24,0,-24,-0.06283185,-3.60000,prps,2,4515
142555,142.555,1,4004,54004,lowband_largesig_r00,prps,1500,50,0.394884,-24,0,-24,-0.06283185,-3.60000,prps,2,4519
142575,142.575,1,4004,54004,lowband_largesig_r00,prps,1501,51,0.398326,-24,0,-24,-0.06283185,-3.60000,prps,2,4523
142595,142.595,1,4004,54004,lowband_largesig_r00,prps,1501,51,0.400272,-24,0,-24,-0.06283185,-3.60000,prps,2,4527
142615,142.615,1,4004,54004,lowband_largesig_r00,prps,1501,51,0.402628,-24,0,-24,-0.06283185,-3.60000,prps,2,4531
142635,142.635,1,4004,54004,lowband_largesig_r00,prps,1502,52,0.407172,-24,0,-24,-0.06283185,-3.60000,prps,2,4535
142655,142.655,1,4004,54004,lowband_largesig_r00,prps,1503,53,0.414751,-24,0,-24,-0.06283185,-3.60000,prps,2,4539
142675,142.675,1,4004,54004,lowband_largesig_r00,prps,1504,54,0.424616,-24,0,-24,-0.06283185,-3.60000,prps,2,4543
142695,142.695,1,4004,54004,lowband_largesig_r00,prps,1505,55,0.434097,-24,0,-24,-0.06283185,-3.60000,prps,2,4547
142715,142.715,1,4004,54004,lowband_largesig_r00,prps,1506,56,0.438698,-26,0,-26,-0.06806784,-3.90000,prps,2,4551
142735,142.735,1,4004,54004,lowband_largesig_r00,prps,1505,55,0.432665,-28,0,-28,-0.07330382,-4.20000,prps,2,4555
142755,142.755,1,4004,54004,lowband_largesig_r00,prps,1502,52,0.409921,-29,0,-29,-0.07592182,-4.35000,prps,2,4559
142775,142.775,1,4004,54004,lowband_largesig_r00,prps,1496,46,0.365238,-29,0,-29,-0.07592182,-4.35000,prps,2,4563
142795,142.795,1,4004,54004,lowband_largesig_r00,prps,1488,38,0.295411,-28,0,-28,-0.07330382,-4.20000,prps,2,4567
142815,142.815,1,4004,54004,lowband_largesig_r00,prps,1475,25,0.200214,-27,0,-27,-0.07068583,-4.05000,prps,2,4571
142835,142.835,1,4004,54004,lowband_largesig_r00,prps,1461,11,0.082930,-25,0,-25,-0.06544985,-3.75000,prps,2,4575
142855,142.855,1,4004,54004,lowband_largesig_r00,prps,1444,-6,-0.049666,-21,0,-21,-0.05497787,-3.15000,prps,2,4579
142875,142.875,1,4004,54004,lowband_largesig_r00,prps,1426,-24,-0.187914,-15,0,-15,-0.03926991,-2.25000,prps,2,4583
142895,142.895,1,4004,54004,lowband_largesig_r00,prps,1409,-41,-0.320382,-7,0,-7,-0.01832596,-1.05000,prps,2,4587
142915,142.915,1,4004,54004,lowband_largesig_r00,prps,1395,-55,-0.435338,4,0,4,0.01047198,0.60000,prps,2,4591
142935,142.935,1,4004,54004,lowband_largesig_r00,prps,1384,-66,-0.522321,14,0,14,0.03665191,2.10000,prps,2,4595
142955,142.955,1,4004,54004,lowband_largesig_r00,prps,1377,-73,-0.573562,23,0,23,0.06021386,3.45000,prps,2,4599
142975,142.975,1,4004,54004,lowband_largesig_r00,prps,1376,-74,-0.585016,30,0,30,0.07853982,4.50000,prps,2,4603
142995,142.995,1,4004,54004,lowband_largesig_r00,prps,1379,-71,-0.556833,36,0,36,0.09424778,5.40000,prps,2,4607
143015,143.015,1,4004,54004,lowband_largesig_r00,prps,1387,-63,-0.493172,39,0,39,0.10210176,5.85000,prps,2,4611
143035,143.035,1,4004,54004,lowband_largesig_r00,prps,1399,-51,-0.401430,39,0,39,0.10210176,5.85000,prps,2,4615
143055,143.055,1,4004,54004,lowband_largesig_r00,prps,1413,-37,-0.290990,38,0,38,0.09948376,5.70000,prps,2,4619
143075,143.075,1,4004,54004,lowband_largesig_r00,prps,1428,-22,-0.171737,35,0,35,0.09162979,5.25000,prps,2,4623
143095,143.095,1,4004,54004,lowband_largesig_r00,prps,1443,-7,-0.052603,29,0,29,0.07592182,4.35000,prps,2,4627
143115,143.115,1,4004,54004,lowband_largesig_r00,prps,1458,8,0.059612,21,0,21,0.05497787,3.15000,prps,2,4631
143135,143.135,1,4004,54004,lowband_largesig_r00,prps,1470,20,0.160940,13,0,13,0.03403392,1.95000,prps,2,4635
143155,143.155,1,4004,54004,lowband_largesig_r00,prps,1482,32,0.250348,6,0,6,0.01570796,0.90000,prps,2,4639
143175,143.175,1,4004,54004,lowband_largesig_r00,prps,1492,42,0.329263,0,0,0,0.00000000,0.00000,prps,2,4643
143195,143.195,1,4004,54004,lowband_largesig_r00,prps,1501,51,0.400620,-7,0,-7,-0.01832596,-1.05000,prps,2,4647
143215,143.215,1,4004,54004,lowband_largesig_r00,prps,1509,59,0.467661,-13,0,-13,-0.03403392,-1.95000,prps,2,4651
143235,143.235,1,4004,54004,lowband_largesig_r00,prps,1518,68,0.532713,-20,0,-20,-0.05235988,-3.00000,prps,2,4655
143255,143.255,1,4004,54004,lowband_largesig_r00,prps,1526,76,0.596228,-26,0,-26,-0.06806784,-3.90000,prps,2,4659
143275,143.275,1,4004,54004,lowband_largesig_r00,prps,1533,83,0.656284,-32,0,-32,-0.08377580,-4.80000,prps,2,4663
143295,143.295,1,4004,54004,lowband_largesig_r00,prps,1540,90,0.708663,-37,0,-37,-0.09686577,-5.55000,prps,2,4667
143315,143.315,1,4004,54004,lowband_largesig_r00,prps,1545,95,0.747523,-41,0,-41,-0.10733775,-6.15000,prps,2,4671
143335,143.335,1,4004,54004,lowband_largesig_r00,prps,1547,97,0.766542,-45,0,-45,-0.11780972,-6.75000,prps,2,4675
143355,143.355,1,4004,54004,lowband_largesig_r00,prps,1547,97,0.760319,-47,0,-47,-0.12304571,-7.05000,prps,2,4679
143375,143.375,1,4004,54004,lowband_largesig_r00,prps,1542,92,0.725764,-50,0,-50,-0.13089970,-7.50000,prps,2,4683
143395,143.395,1,4004,54004,lowband_largesig_r00,prps,1534,84,0.663184,-52,0,-52,-0.13613568,-7.80000,prps,2,4687
143415,143.415,1,4004,54004,lowband_largesig_r00,prps,1523,73,0.576834,-52,0,-52,-0.13613568,-7.80000,prps,2,4691
143435,143.435,1,4004,54004,lowband_largesig_r00,prps,1510,60,0.474772,-50,0,-50,-0.13089970,-7.50000,prps,2,4695
143455,143.455,1,4004,54004,lowband_largesig_r00,prps,1497,47,0.367990,-48,0,-48,-0.12566370,-7.20000,prps,2,4699
143475,143.475,1,4004,54004,lowband_largesig_r00,prps,1484,34,0.268946,-42,0,-42,-0.10995574,-6.30000,prps,2,4703
143495,143.495,1,4004,54004,lowband_largesig_r00,prps,1474,24,0.189697,-36,0,-36,-0.09424778,-5.40000,prps,2,4707
143515,143.515,1,4004,54004,lowband_largesig_r00,prps,1468,18,0.139965,-29,0,-29,-0.07592182,-4.35000,prps,2,4711
143535,143.535,1,4004,54004,lowband_largesig_r00,prps,1466,16,0.125456,-23,0,-23,-0.06021386,-3.45000,prps,2,4715
143555,143.555,1,4004,54004,lowband_largesig_r00,prps,1469,19,0.146752,-17,0,-17,-0.04450589,-2.55000,prps,2,4719
143575,143.575,1,4004,54004,lowband_largesig_r00,prps,1475,25,0.198986,-14,0,-14,-0.03665191,-2.10000,prps,2,4723
143595,143.595,1,4004,54004,lowband_largesig_r00,prps,1485,35,0.272396,-12,0,-12,-0.03141592,-1.80000,prps,2,4727
143615,143.615,1,4004,54004,lowband_largesig_r00,prps,1495,45,0.353688,-13,0,-13,-0.03403392,-1.95000,prps,2,4731
143635,143.635,1,4004,54004,lowband_largesig_r00,prps,1504,54,0.428025,-14,0,-14,-0.03665191,-2.10000,prps,2,4735
143655,143.655,1,4004,54004,lowband_largesig_r00,prps,1511,61,0.481301,-18,0,-18,-0.04712389,-2.70000,prps,2,4739
143675,143.675,1,4004,54004,lowband_largesig_r00,prps,1514,64,0.502341,-23,0,-23,-0.06021386,-3.45000,prps,2,4743
143695,143.695,1,4004,54004,lowband_largesig_r00,prps,1512,62,0.484651,-27,0,-27,-0.07068583,-4.05000,prps,2,4747
143715,143.715,1,4004,54004,lowband_largesig_r00,prps,1504,54,0.427415,-30,0,-30,-0.07853982,-4.50000,prps,2,4751
143735,143.735,1,4004,54004,lowband_largesig_r00,prps,1493,43,0.335566,-31,0,-31,-0.08115781,-4.65000,prps,2,4755
143755,143.755,1,4004,54004,lowband_largesig_r00,prps,1478,28,0.218902,-31,0,-31,-0.08115781,-4.65000,prps,2,4759
143775,143.775,1,4004,54004,lowband_largesig_r00,prps,1461,11,0.090406,-30,0,-30,-0.07853982,-4.50000,prps,2,4763
143795,143.795,1,4004,54004,lowband_largesig_r00,prps,1445,-5,-0.035968,-24,0,-24,-0.06283185,-3.60000,prps,2,4767
143815,143.815,1,4004,54004,lowband_largesig_r00,prps,1431,-19,-0.147647,-15,0,-15,-0.03926991,-2.25000,prps,2,4771
143835,143.835,1,4004,54004,lowband_largesig_r00,prps,1420,-30,-0.235523,-8,0,-8,-0.02094395,-1.20000,prps,2,4775
143855,143.855,1,4004,54004,lowband_largesig_r00,prps,1412,-38,-0.295412,1,0,1,0.00261799,0.15000,prps,2,4779
143875,143.875,1,4004,54004,lowband_largesig_r00,prps,1408,-42,-0.328620,10,0,10,0.02617994,1.50000,prps,2,4783
143895,143.895,1,4004,54004,lowband_largesig_r00,prps,1407,-43,-0.341507,17,0,17,0.04450589,2.55000,prps,2,4787
143915,143.915,1,4004,54004,lowband_largesig_r00,prps,1406,-44,-0.344123,22,0,22,0.05759586,3.30000,prps,2,4791
143935,143.935,1,4004,54004,lowband_largesig_r00,prps,1406,-44,-0.348150,23,0,23,0.06021386,3.45000,prps,2,4795
143955,143.955,1,4004,54004,lowband_largesig_r00,prps,1404,-46,-0.364495,23,0,23,0.06021386,3.45000,prps,2,4799
143975,143.975,1,4004,54004,lowband_largesig_r00,prps,1399,-51,-0.400985,23,0,23,0.06021386,3.45000,prps,2,4803
143995,143.995,1,4004,54004,lowband_largesig_r00,prps,1392,-58,-0.460560,23,0,23,0.06021386,3.45000,prps,2,4807
144015,144.015,1,4004,54004,lowband_largesig_r00,prps,1381,-69,-0.540321,24,0,24,0.06283185,3.60000,prps,2,4811
144035,144.035,1,4004,54004,lowband_largesig_r00,prps,1370,-80,-0.631611,27,0,27,0.07068583,4.05000,prps,2,4815
144055,144.055,1,4004,54004,lowband_largesig_r00,prps,1358,-92,-0.721177,31,0,31,0.08115781,4.65000,prps,2,4819
144075,144.075,1,4004,54004,lowband_largesig_r00,prps,1349,-101,-0.793214,37,0,37,0.09686577,5.55000,prps,2,4823
144095,144.095,1,4004,54004,lowband_largesig_r00,prps,1344,-106,-0.831998,42,0,42,0.10995574,6.30000,prps,2,4827
144115,144.115,1,4004,54004,lowband_largesig_r00,prps,1345,-105,-0.824654,48,0,48,0.12566370,7.20000,prps,2,4831
144135,144.135,1,4004,54004,lowband_largesig_r00,prps,1353,-97,-0.763598,54,0,54,0.14137166,8.10000,prps,2,4835
144155,144.155,1,4004,54004,lowband_largesig_r00,prps,1368,-82,-0.648234,56,0,56,0.14660765,8.40000,prps,2,4839
144175,144.175,1,4004,54004,lowband_largesig_r00,prps,1388,-62,-0.485594,56,0,56,0.14660765,8.40000,prps,2,4843
144195,144.195,1,4004,54004,lowband_largesig_r00,prps,1413,-37,-0.289774,54,0,54,0.14137166,8.10000,prps,2,4847
144215,144.215,1,4004,54004,lowband_largesig_r00,prps,1440,-10,-0.080247,46,0,46,0.12042772,6.90000,prps,2,4851
144235,144.235,1,4004,54004,lowband_largesig_r00,prps,1465,15,0.120741,36,0,36,0.09424778,5.40000,prps,2,4855
144255,144.255,1,4004,54004,lowband_largesig_r00,prps,1487,37,0.291251,21,0,21,0.05497787,3.15000,prps,2,4859
144275,144.275,1,4004,54004,lowband_largesig_r00,prps,1502,52,0.412775,6,0,6,0.01570796,0.90000,prps,2,4863
144295,144.295,1,4004,54004,lowband_largesig_r00,prps,1510,60,0.472871,-7,0,-7,-0.01832596,-1.05000,prps,2,4867
144315,144.315,1,4004,54004,lowband_largesig_r00,prps,1509,59,0.466932,-19,0,-19,-0.04974188,-2.85000,prps,2,4871
144335,144.335,1,4004,54004,lowband_largesig_r00,prps,1501,51,0.398788,-29,0,-29,-0.07592182,-4.35000,prps,2,4875
144355,144.355,1,4004,54004,lowband_largesig_r00,prps,1486,36,0.280053,-32,0,-32,-0.08377580,-4.80000,prps,2,4879
144375,144.375,1,4004,54004,lowband_largesig_r00,prps,1466,16,0.128337,-31,0,-31,-0.08115781,-4.65000,prps,2,4883
144395,144.395,1,4004,54004,lowband_largesig_r00,prps,1446,-4,-0.035405,-26,0,-26,-0.06806784,-3.90000,prps,2,4887
144415,144.415,1,4004,54004,lowband_largesig_r00,prps,1426,-24,-0.189965,-17,0,-17,-0.04450589,-2.55000,prps,2,4891
144435,144.435,1,4004,54004,lowband_largesig_r00,prps,1410,-40,-0.316925,-8,0,-8,-0.02094395,-1.20000,prps,2,4895
144455,144.455,1,4004,54004,lowband_largesig_r00,prps,1399,-51,-0.403194,3,0,3,0.00785398,0.45000,prps,2,4899
144475,144.475,1,4004,54004,lowband_largesig_r00,prps,1394,-56,-0.442658,14,0,14,0.03665191,2.10000,prps,2,4903
144495,144.495,1,4004,54004,lowband_largesig_r00,prps,1395,-55,-0.436713,23,0,23,0.06021386,3.45000,prps,2,4907
144515,144.515,1,4004,54004,lowband_largesig_r00,prps,1400,-50,-0.393640,27,0,27,0.07068583,4.05000,prps,2,4911
144535,144.535,1,4004,54004,lowband_largesig_r00,prps,1408,-42,-0.326950,29,0,29,0.07592182,4.35000,prps,2,4915
144555,144.555,1,4004,54004,lowband_largesig_r00,prps,1418,-32,-0.253008,28,0,28,0.07330382,4.20000,prps,2,4919
144575,144.575,1,4004,54004,lowband_largesig_r00,prps,1426,-24,-0.188321,25,0,25,0.06544985,3.75000,prps,2,4923
144595,144.595,1,4004,54004,lowband_largesig_r00,prps,1431,-19,-0.146938,22,0,22,0.05759586,3.30000,prps,2,4927
144615,144.615,1,4004,54004,lowband_largesig_r00,prps,1432,-18,-0.138357,19,0,19,0.04974188,2.85000,prps,2,4931
144635,144.635,1,4004,54004,lowband_largesig_r00,prps,1429,-21,-0.166249,18,0,18,0.04712389,2.70000,prps,2,4935
144655,144.655,1,4004,54004,lowband_largesig_r00,prps,1421,-29,-0.228147,17,0,17,0.04450589,2.55000,prps,2,4939
144675,144.675,1,4004,54004,lowband_largesig_r00,prps,1410,-40,-0.316104,17,0,17,0.04450589,2.55000,prps,2,4943
144695,144.695,1,4004,54004,lowband_largesig_r00,prps,1397,-53,-0.418168,18,0,18,0.04712389,2.70000,prps,2,4947
144715,144.715,1,4004,54004,lowband_largesig_r00,prps,1384,-66,-0.520382,19,0,19,0.04974188,2.85000,prps,2,4951
144735,144.735,1,4004,54004,lowband_largesig_r00,prps,1373,-77,-0.608960,23,0,23,0.06021386,3.45000,prps,2,4955
144755,144.755,1,4004,54004,lowband_largesig_r00,prps,1365,-85,-0.672304,27,0,27,0.07068583,4.05000,prps,2,4959
144775,144.775,1,4004,54004,lowband_largesig_r00,prps,1361,-89,-0.702533,33,0,33,0.08639380,4.95000,prps,2,4963
144795,144.795,1,4004,54004,lowband_largesig_r00,prps,1362,-88,-0.696337,39,0,39,0.10210176,5.85000,prps,2,4967
144815,144.815,1,4004,54004,lowband_largesig_r00,prps,1367,-83,-0.655071,43,0,43,0.11257374,6.45000,prps,2,4971
144835,144.835,1,4004,54004,lowband_largesig_r00,prps,1376,-74,-0.584150,46,0,46,0.12042772,6.90000,prps,2,4975
144855,144.855,1,4004,54004,lowband_largesig_r00,prps,1388,-62,-0.491898,46,0,46,0.12042772,6.90000,prps,2,4979
144875,144.875,1,4004,54004,lowband_largesig_r00,prps,1401,-49,-0.388110,46,0,46,0.12042772,6.90000,prps,2,4983
144895,144.895,1,4004,54004,lowband_largesig_r00,prps,1414,-36,-0.282579,44,0,44,0.11519173,6.60000,prps,2,4987
144915,144.915,1,4004,54004,lowband_largesig_r00,prps,1427,-23,-0.183844,38,0,38,0.09948376,5.70000,prps,2,4991
144935,144.935,1,4004,54004,lowband_largesig_r00,prps,1438,-12,-0.098331,30,0,30,0.07853982,4.50000,prps,2,4995
144955,144.955,1,4004,54004,lowband_largesig_r00,prps,1446,-4,-0.029976,22,0,22,0.05759586,3.30000,prps,2,4999
144975,144.975,1,4004,54004,lowband_largesig_r00,prps,1452,2,0.019681,15,0,15,0.03926991,2.25000,prps,2,5003
144995,144.995,1,4004,54004,lowband_largesig_r00,prps,1456,6,0.051029,10,0,10,0.02617994,1.50000,prps,2,5007
145015,145.015,1,4004,54004,lowband_largesig_r00,prps,1458,8,0.065725,6,0,6,0.01570796,0.90000,prps,2,5011
145035,145.035,1,4004,54004,lowband_largesig_r00,prps,1458,8,0.065997,3,0,3,0.00785398,0.45000,prps,2,5015
145055,145.055,1,4004,54004,lowband_largesig_r00,prps,1457,7,0.054104,2,0,2,0.00523599,0.30000,prps,2,5019
145075,145.075,1,4004,54004,lowband_largesig_r00,prps,1454,4,0.032042,2,0,2,0.00523599,0.30000,prps,2,5023
145095,145.095,1,4004,54004,lowband_largesig_r00,prps,1450,0,0.001549,2,0,2,0.00523599,0.30000,prps,2,5027
145115,145.115,1,4004,54004,lowband_largesig_r00,prps,1445,-5,-0.035638,2,0,2,0.00523599,0.30000,prps,2,5031
145135,145.135,1,4004,54004,lowband_largesig_r00,prps,1440,-10,-0.077383,3,0,3,0.00785398,0.45000,prps,2,5035
145155,145.155,1,4004,54004,lowband_largesig_r00,prps,1435,-15,-0.120768,3,0,3,0.00785398,0.45000,prps,2,5039
145175,145.175,1,4004,54004,lowband_largesig_r00,prps,1429,-21,-0.161858,3,0,3,0.00785398,0.45000,prps,2,5043
145195,145.195,1,4004,54004,lowband_largesig_r00,prps,1425,-25,-0.195762,6,0,6,0.01570796,0.90000,prps,2,5047
145215,145.215,1,4004,54004,lowband_largesig_r00,prps,1422,-28,-0.217028,8,0,8,0.02094395,1.20000,prps,2,5051
145235,145.235,1,4004,54004,lowband_largesig_r00,prps,1422,-28,-0.220361,10,0,10,0.02617994,1.50000,prps,2,5055
145255,145.255,1,4004,54004,lowband_largesig_r00,prps,1424,-26,-0.201550,12,0,12,0.03141592,1.80000,prps,2,5059
145275,145.275,1,4004,54004,lowband_largesig_r00,prps,1430,-20,-0.158438,13,0,13,0.03403392,1.95000,prps,2,5063
145295,145.295,1,4004,54004,lowband_largesig_r00,prps,1438,-12,-0.091736,13,0,13,0.03403392,1.95000,prps,2,5067
145315,145.315,1,4004,54004,lowband_largesig_r00,prps,1449,-1,-0.005476,13,0,13,0.03403392,1.95000,prps,2,5071
145335,145.335,1,4004,54004,lowband_largesig_r00,prps,1462,12,0.093037,13,0,13,0.03403392,1.95000,prps,2,5075
145355,145.355,1,4004,54004,lowband_largesig_r00,prps,1475,25,0.193838,11,0,11,0.02879793,1.65000,prps,2,5079
145375,145.375,1,4004,54004,lowband_largesig_r00,prps,1486,36,0.285454,6,0,6,0.01570796,0.90000,prps,2,5083
145395,145.395,1,4004,54004,lowband_largesig_r00,prps,1495,45,0.356429,0,0,0,0.00000000,0.00000,prps,2,5087
145415,145.415,1,4004,54004,lowband_largesig_r00,prps,1500,50,0.397031,-7,0,-7,-0.01832596,-1.05000,prps,2,5091
145435,145.435,1,4004,54004,lowband_largesig_r00,prps,1501,51,0.400830,-14,0,-14,-0.03665191,-2.10000,prps,2,5095
145455,145.455,1,4004,54004,lowband_largesig_r00,prps,1496,46,0.365904,-20,0,-20,-0.05235988,-3.00000,prps,2,5099
145475,145.475,1,4004,54004,lowband_largesig_r00,prps,1488,38,0.295430,-25,0,-25,-0.06544985,-3.75000,prps,2,5103
145495,145.495,1,4004,54004,lowband_largesig_r00,prps,1475,25,0.197527,-25,0,-25,-0.06544985,-3.75000,prps,2,5107
145515,145.515,1,4004,54004,lowband_largesig_r00,prps,1461,11,0.084338,-23,0,-23,-0.06021386,-3.45000,prps,2,5111
145535,145.535,1,4004,54004,lowband_largesig_r00,prps,1446,-4,-0.029531,-18,0,-18,-0.04712389,-2.70000,prps,2,5115
145555,145.555,1,4004,54004,lowband_largesig_r00,prps,1434,-16,-0.129006,-13,0,-13,-0.03403392,-1.95000,prps,2,5119
145575,145.575,1,4004,54004,lowband_largesig_r00,prps,1425,-25,-0.200647,-7,0,-7,-0.01832596,-1.05000,prps,2,5123
145595,145.595,1,4004,54004,lowband_largesig_r00,prps,1420,-30,-0.234545,1,0,1,0.00261799,0.15000,prps,2,5127
145615,145.615,1,4004,54004,lowband_largesig_r00,prps,1421,-29,-0.225701,7,0,7,0.01832596,1.05000,prps,2,5131
145635,145.635,1,4004,54004,lowband_largesig_r00,prps,1428,-22,-0.174662,11,0,11,0.02879793,1.65000,prps,2,5135
145655,145.655,1,4004,54004,lowband_largesig_r00,prps,1439,-11,-0.087324,13,0,13,0.03403392,1.95000,prps,2,5139
145675,145.675,1,4004,54004,lowband_largesig_r00,prps,1453,3,0.026082,13,0,13,0.03403392,1.95000,prps,2,5143
145695,145.695,1,4004,54004,lowband_largesig_r00,prps,1469,19,0.152624,11,0,11,0.02879793,1.65000,prps,2,5147
145715,145.715,1,4004,54004,lowband_largesig_r00,prps,1485,35,0.278673,7,0,7,0.01832596,1.05000,prps,2,5151
145735,145.735,1,4004,54004,lowband_largesig_r00,prps,1500,50,0.391922,1,0,1,0.00261799,0.15000,prps,2,5155
145755,145.755,1,4004,54004,lowband_largesig_r00,prps,1511,61,0.483090,-6,0,-6,-0.01570796,-0.90000,prps,2,5159
145775,145.775,1,4004,54004,lowband_largesig_r00,prps,1519,69,0.547036,-15,0,-15,-0.03926991,-2.25000,prps,2,5163
145795,145.795,1,4004,54004,lowband_largesig_r00,prps,1524,74,0.583117,-25,0,-25,-0.06544985,-3.75000,prps,2,5167
145815,145.815,1,4004,54004,lowband_largesig_r00,prps,1526,76,0.594741,-32,0,-32,-0.08377580,-4.80000,prps,2,5171
145835,145.835,1,4004,54004,lowband_largesig_r00,prps,1525,75,0.588235,-37,0,-37,-0.09686577,-5.55000,prps,2,5175
145855,145.855,1,4004,54004,lowband_largesig_r00,prps,1523,73,0.571256,-41,0,-41,-0.10733775,-6.15000,prps,2,5179
145875,145.875,1,4004,54004,lowband_largesig_r00,prps,1520,70,0.551054,-42,0,-42,-0.10995574,-6.30000,prps,2,5183
145895,145.895,1,4004,54004,lowband_largesig_r00,prps,1518,68,0.532922,-41,0,-41,-0.10733775,-6.15000,prps,2,5187
145915,145.915,1,4004,54004,lowband_largesig_r00,prps,1516,66,0.519123,-41,0,-41,-0.10733775,-6.15000,prps,2,5191
145935,145.935,1,4004,54004,lowband_largesig_r00,prps,1515,65,0.508516,-41,0,-41,-0.10733775,-6.15000,prps,2,5195
145955,145.955,1,4004,54004,lowband_largesig_r00,prps,1513,63,0.496934,-39,0,-39,-0.10210176,-5.85000,prps,2,5199
145975,145.975,1,4004,54004,lowband_largesig_r00,prps,1511,61,0.478263,-39,0,-39,-0.10210176,-5.85000,prps,2,5203
145995,145.995,1,4004,54004,lowband_largesig_r00,prps,1507,57,0.445993,-37,0,-37,-0.09686577,-5.55000,prps,2,5207
146015,146.015,1,4004,54004,lowband_largesig_r00,prps,1500,50,0.394962,-37,0,-37,-0.09686577,-5.55000,prps,2,5211
146035,146.035,1,4004,54004,lowband_largesig_r00,prps,1491,41,0.322936,-34,0,-34,-0.08901179,-5.10000,prps,2,5215
146055,146.055,1,4004,54004,lowband_largesig_r00,prps,1479,29,0.231692,-31,0,-31,-0.08115781,-4.65000,prps,2,5219
146075,146.075,1,4004,54004,lowband_largesig_r00,prps,1466,16,0.127381,-28,0,-28,-0.07330382,-4.20000,prps,2,5223
146095,146.095,1,4004,54004,lowband_largesig_r00,prps,1453,3,0.020035,-23,0,-23,-0.06021386,-3.45000,prps,2,5227
146115,146.115,1,4004,54004,lowband_largesig_r00,prps,1440,-10,-0.077720,-17,0,-17,-0.04450589,-2.55000,prps,2,5231
146135,146.135,1,4004,54004,lowband_largesig_r00,prps,1431,-19,-0.152577,-10,0,-10,-0.02617994,-1.50000,prps,2,5235
146155,146.155,1,4004,54004,lowband_largesig_r00,prps,1426,-24,-0.192750,-3,0,-3,-0.00785398,-0.45000,prps,2,5239
146175,146.175,1,4004,54004,lowband_largesig_r00,prps,1426,-24,-0.190101,4,0,4,0.01047198,0.60000,prps,2,5243
146195,146.195,1,4004,54004,lowband_largesig_r00,prps,1432,-18,-0.141800,9,0,9,0.02356194,1.35000,prps,2,5247
146215,146.215,1,4004,54004,lowband_largesig_r00,prps,1443,-7,-0.051208,11,0,11,0.02879793,1.65000,prps,2,5251
146235,146.235,1,4004,54004,lowband_largesig_r00,prps,1459,9,0.072225,11,0,11,0.02879793,1.65000,prps,2,5255
146255,146.255,1,4004,54004,lowband_largesig_r00,prps,1477,27,0.214062,10,0,10,0.02617994,1.50000,prps,2,5259
146275,146.275,1,4004,54004,lowband_largesig_r00,prps,1495,45,0.356842,5,0,5,0.01308997,0.75000,prps,2,5263
146295,146.295,1,4004,54004,lowband_largesig_r00,prps,1511,61,0.482613,-2,0,-2,-0.00523599,-0.30000,prps,2,5267
146315,146.315,1,4004,54004,lowband_largesig_r00,prps,1523,73,0.575640,-11,0,-11,-0.02879793,-1.65000,prps,2,5271
146335,146.335,1,4004,54004,lowband_largesig_r00,prps,1529,79,0.624823,-22,0,-22,-0.05759586,-3.30000,prps,2,5275
146355,146.355,1,4004,54004,lowband_largesig_r00,prps,1529,79,0.625448,-32,0,-32,-0.08377580,-4.80000,prps,2,5279
146375,146.375,1,4004,54004,lowband_largesig_r00,prps,1524,74,0.579950,-40,0,-40,-0.10471976,-6.00000,prps,2,5283
146395,146.395,1,4004,54004,lowband_largesig_r00,prps,1513,63,0.497547,-44,0,-44,-0.11519173,-6.60000,prps,2,5287
146415,146.415,1,4004,54004,lowband_largesig_r00,prps,1500,50,0.392795,-44,0,-44,-0.11519173,-6.60000,prps,2,5291
146435,146.435,1,4004,54004,lowband_largesig_r00,prps,1486,36,0.283266,-40,0,-40,-0.10471976,-6.00000,prps,2,5295
146455,146.455,1,4004,54004,lowband_largesig_r00,prps,1474,24,0.186742,-35,0,-35,-0.09162979,-5.25000,prps,2,5299
146475,146.475,1,4004,54004,lowband_largesig_r00,prps,1465,15,0.118357,-29,0,-29,-0.07592182,-4.35000,prps,2,5303
146495,146.495,1,4004,54004,lowband_largesig_r00,prps,1461,11,0.088157,-22,0,-22,-0.05759586,-3.30000,prps,2,5307
146515,146.515,1,4004,54004,lowband_largesig_r00,prps,1463,13,0.099483,-16,0,-16,-0.04188790,-2.40000,prps,2,5311
146535,146.535,1,4004,54004,lowband_largesig_r00,prps,1469,19,0.148436,-12,0,-12,-0.03141592,-1.80000,prps,2,5315
146555,146.555,1,4004,54004,lowband_largesig_r00,prps,1479,29,0.224519,-10,0,-10,-0.02617994,-1.50000,prps,2,5319
146575,146.575,1,4004,54004,lowband_largesig_r00,prps,1490,40,0.312332,-10,0,-10,-0.02617994,-1.50000,prps,2,5323
146595,146.595,1,4004,54004,lowband_largesig_r00,prps,1500,50,0.394075,-10,0,-10,-0.02617994,-1.50000,prps,2,5327
146615,146.615,1,4004,54004,lowband_largesig_r00,prps,1507,57,0.452406,-13,0,-13,-0.03403392,-1.95000,prps,2,5331
146635,146.635,1,4004,54004,lowband_largesig_r00,prps,1510,60,0.473230,-18,0,-18,-0.04712389,-2.70000,prps,2,5335
146655,146.655,1,4004,54004,lowband_largesig_r00,prps,1507,57,0.447932,-24,0,-24,-0.06283185,-3.60000,prps,2,5339
146675,146.675,1,4004,54004,lowband_largesig_r00,prps,1498,48,0.374716,-27,0,-27,-0.07068583,-4.05000,prps,2,5343
146695,146.695,1,4004,54004,lowband_largesig_r00,prps,1483,33,0.258833,-28,0,-28,-0.07330382,-4.20000,prps,2,5347
146715,146.715,1,4004,54004,lowband_largesig_r00,prps,1464,14,0.111679,-27,0,-27,-0.07068583,-4.05000,prps,2,5351
146735,146.735,1,4004,54004,lowband_largesig_r00,prps,1444,-6,-0.051073,-23,0,-23,-0.06021386,-3.45000,prps,2,5355
146755,146.755,1,4004,54004,lowband_largesig_r00,prps,1423,-27,-0.211994,-16,0,-16,-0.04188790,-2.40000,prps,2,5359
146775,146.775,1,4004,54004,lowband_largesig_r00,prps,1405,-45,-0.354637,-7,0,-7,-0.01832596,-1.05000,prps,2,5363
146795,146.795,1,4004,54004,lowband_largesig_r00,prps,1391,-59,-0.466056,4,0,4,0.01047198,0.60000,prps,2,5367
146815,146.815,1,4004,54004,lowband_largesig_r00,prps,1382,-68,-0.538683,15,0,15,0.03926991,2.25000,prps,2,5371
146835,146.835,1,4004,54004,lowband_largesig_r00,prps,1377,-73,-0.571279,25,0,25,0.06544985,3.75000,prps,2,5375
146855,146.855,1,4004,54004,lowband_largesig_r00,prps,1378,-72,-0.568824,32,0,32,0.08377580,4.80000,prps,2,5379
146875,146.875,1,4004,54004,lowband_largesig_r00,prps,1381,-69,-0.541376,36,0,36,0.09424778,5.40000,prps,2,5383
146895,146.895,1,4004,54004,lowband_largesig_r00,prps,1386,-64,-0.502138,38,0,38,0.09948376,5.70000,prps,2,5387
146915,146.915,1,4004,54004,lowband_largesig_r00,prps,1391,-59,-0.465050,38,0,38,0.09948376,5.70000,prps,2,5391
146935,146.935,1,4004,54004,lowband_largesig_r00,prps,1394,-56,-0.442334,38,0,38,0.09948376,5.70000,prps,2,5395
146955,146.955,1,4004,54004,lowband_largesig_r00,prps,1394,-56,-0.442392,37,0,37,0.09686577,5.55000,prps,2,5399
146975,146.975,1,4004,54004,lowband_largesig_r00,prps,1391,-59,-0.468413,36,0,36,0.09424778,5.40000,prps,2,5403
146995,146.995,1,4004,54004,lowband_largesig_r00,prps,1384,-66,-0.517884,35,0,35,0.09162979,5.25000,prps,2,5407
147015,147.015,1,4004,54004,lowband_largesig_r00,prps,1376,-74,-0.583088,34,0,34,0.08901179,5.10000,prps,2,5411
147035,147.035,1,4004,54004,lowband_largesig_r00,prps,1367,-83,-0.652461,35,0,35,0.09162979,5.25000,prps,2,5415
147055,147.055,1,4004,54004,lowband_largesig_r00,prps,1360,-90,-0.712581,37,0,37,0.09686577,5.55000,prps,2,5419
147075,147.075,1,4004,54004,lowband_largesig_r00,prps,1355,-95,-0.750430,40,0,40,0.10471976,6.00000,prps,2,5423
147095,147.095,1,4004,54004,lowband_largesig_r00,prps,1354,-96,-0.755566,43,0,43,0.11257374,6.45000,prps,2,5427
147115,147.115,1,4004,54004,lowband_largesig_r00,prps,1358,-92,-0.721839,46,0,46,0.12042772,6.90000,prps,2,5431
147135,147.135,1,4004,54004,lowband_largesig_r00,prps,1368,-82,-0.648402,50,0,50,0.13089970,7.50000,prps,2,5435
147155,147.155,1,4004,54004,lowband_largesig_r00,prps,1381,-69,-0.539870,52,0,52,0.13613568,7.80000,prps,2,5439
147175,147.175,1,4004,54004,lowband_largesig_r00,prps,1398,-52,-0.405634,51,0,51,0.13351768,7.65000,prps,2,5443
147195,147.195,1,4004,54004,lowband_largesig_r00,prps,1417,-33,-0.258473,48,0,48,0.12566370,7.20000,prps,2,5447
147215,147.215,1,4004,54004,lowband_largesig_r00,prps,1436,-14,-0.112721,41,0,41,0.10733775,6.15000,prps,2,5451
147235,147.235,1,4004,54004,lowband_largesig_r00,prps,1452,2,0.017719,31,0,31,0.08115781,4.65000,prps,2,5455
147255,147.255,1,4004,54004,lowband_largesig_r00,prps,1465,15,0.121183,20,0,20,0.05235988,3.00000,prps,2,5459
147275,147.275,1,4004,54004,lowband_largesig_r00,prps,1474,24,0.189620,9,0,9,0.02356194,1.35000,prps,2,5463
147295,147.295,1,4004,54004,lowband_largesig_r00,prps,1478,28,0.219363,1,0,1,0.00261799,0.15000,prps,2,5467
147315,147.315,1,4004,54004,lowband_largesig_r00,prps,1477,27,0.211211,-5,0,-5,-0.01308997,-0.75000,prps,2,5471
147335,147.335,1,4004,54004,lowband_largesig_r00,prps,1472,22,0.169913,-10,0,-10,-0.02617994,-1.50000,prps,2,5475
147355,147.355,1,4004,54004,lowband_largesig_r00,prps,1463,13,0.103162,-12,0,-12,-0.03141592,-1.80000,prps,2,5479
147375,147.375,1,4004,54004,lowband_largesig_r00,prps,1453,3,0.020347,-12,0,-12,-0.03141592,-1.80000,prps,2,5483
147395,147.395,1,4004,54004,lowband_largesig_r00,prps,1441,-9,-0.068724,-9,0,-9,-0.02356194,-1.35000,prps,2,5487
147415,147.415,1,4004,54004,lowband_largesig_r00,prps,1430,-20,-0.154922,-6,0,-6,-0.01570796,-0.90000,prps,2,5491
147435,147.435,1,4004,54004,lowband_largesig_r00,prps,1421,-29,-0.230567,0,0,0,0.00000000,0.00000,prps,2,5495
147455,147.455,1,4004,54004,lowband_largesig_r00,prps,1413,-37,-0.289803,6,0,6,0.01570796,0.90000,prps,2,5499
147475,147.475,1,4004,54004,lowband_largesig_r00,prps,1408,-42,-0.328616,11,0,11,0.02879793,1.65000,prps,2,5503
147495,147.495,1,4004,54004,lowband_largesig_r00,prps,1406,-44,-0.344580,16,0,16,0.04188790,2.40000,prps,2,5507
147515,147.515,1,4004,54004,lowband_largesig_r00,prps,1407,-43,-0.336473,19,0,19,0.04974188,2.85000,prps,2,5511
147535,147.535,1,4004,54004,lowband_largesig_r00,prps,1411,-39,-0.303924,22,0,22,0.05759586,3.30000,prps,2,5515
147555,147.555,1,4004,54004,lowband_largesig_r00,prps,1419,-31,-0.247204,22,0,22,0.05759586,3.30000,prps,2,5519
147575,147.575,1,4004,54004,lowband_largesig_r00,prps,1429,-21,-0.167237,22,0,22,0.05759586,3.30000,prps,2,5523
147595,147.595,1,4004,54004,lowband_largesig_r00,prps,1442,-8,-0.065818,20,0,20,0.05235988,3.00000,prps,2,5527
147615,147.615,1,4004,54004,lowband_largesig_r00,prps,1457,7,0.054023,17,0,17,0.04450589,2.55000,prps,2,5531
147635,147.635,1,4004,54004,lowband_largesig_r00,prps,1474,24,0.187648,13,0,13,0.03403392,1.95000,prps,2,5535
147655,147.655,1,4004,54004,lowband_largesig_r00,prps,1492,42,0.328582,8,0,8,0.02094395,1.20000,prps,2,5539
147675,147.675,1,4004,54004,lowband_largesig_r00,prps,1510,60,0.468554,1,0,1,0.00261799,0.15000,prps,2,5543
147695,147.695,1,4004,54004,lowband_largesig_r00,prps,1526,76,0.597912,-9,0,-9,-0.02356194,-1.35000,prps,2,5547
147715,147.715,1,4004,54004,lowband_largesig_r00,prps,1540,90,0.706421,-19,0,-19,-0.04974188,-2.85000,prps,2,5551
147735,147.735,1,4004,54004,lowband_largesig_r00,prps,1550,100,0.784373,-31,0,-31,-0.08115781,-4.65000,prps,2,5555
147755,147.755,1,4004,54004,lowband_largesig_r00,prps,1555,105,0.823865,-42,0,-42,-0.10995574,-6.30000,prps,2,5559
147775,147.775,1,4004,54004,lowband_largesig_r00,prps,1554,104,0.820030,-50,0,-50,-0.13089970,-7.50000,prps,2,5563
147795,147.795,1,4004,54004,lowband_largesig_r00,prps,1548,98,0.771989,-55,0,-55,-0.14398966,-8.25000,prps,2,5567
147815,147.815,1,4004,54004,lowband_largesig_r00,prps,1537,87,0.683331,-57,0,-57,-0.14922565,-8.55000,prps,2,5571
147835,147.835,1,4004,54004,lowband_largesig_r00,prps,1521,71,0.561967,-56,0,-56,-0.14660765,-8.40000,prps,2,5575
147855,147.855,1,4004,54004,lowband_largesig_r00,prps,1503,53,0.419324,-53,0,-53,-0.13875367,-7.95000,prps,2,5579
147875,147.875,1,4004,54004,lowband_largesig_r00,prps,1484,34,0.268953,-47,0,-47,-0.12304571,-7.05000,prps,2,5583
147895,147.895,1,4004,54004,lowband_largesig_r00,prps,1466,16,0.124722,-40,0,-40,-0.10471976,-6.00000,prps,2,5587
147915,147.915,1,4004,54004,lowband_largesig_r00,prps,1450,0,-0.001123,-31,0,-31,-0.08115781,-4.65000,prps,2,5591
147935,147.935,1,4004,54004,lowband_largesig_r00,prps,1437,-13,-0.099728,-21,0,-21,-0.05497787,-3.15000,prps,2,5595
147955,147.955,1,4004,54004,lowband_largesig_r00,prps,1429,-21,-0.166931,-10,0,-10,-0.02617994,-1.50000,prps,2,5599
147975,147.975,1,4004,54004,lowband_largesig_r00,prps,1424,-26,-0.203854,-1,0,-1,-0.00261799,-0.15000,prps,2,5603
147995,147.995,1,4004,54004,lowband_largesig_r00,prps,1422,-28,-0.216667,7,0,7,0.01832596,1.05000,prps,2,5607
148015,148.015,1,4004,54004,lowband_largesig_r00,prps,1423,-27,-0.215514,11,0,11,0.02879793,1.65000,prps,2,5611
148035,148.035,1,4004,54004,lowband_largesig_r00,prps,1423,-27,-0.212771,14,0,14,0.03665191,2.10000,prps,2,5615
148055,148.055,1,4004,54004,lowband_largesig_r00,prps,1422,-28,-0.220886,15,0,15,0.03926991,2.25000,prps,2,5619
148075,148.075,1,4004,54004,lowband_largesig_r00,prps,1418,-32,-0.250161,15,0,15,0.03926991,2.25000,prps,2,5623
148095,148.095,1,4004,54004,lowband_largesig_r00,prps,1411,-39,-0.306837,15,0,15,0.03926991,2.25000,prps,2,5627
148115,148.115,1,4004,54004,lowband_largesig_r00,prps,1400,-50,-0.391815,18,0,18,0.04712389,2.70000,prps,2,5631
148135,148.135,1,4004,54004,lowband_largesig_r00,prps,1386,-64,-0.500238,21,0,21,0.05497787,3.15000,prps,2,5635
148155,148.155,1,4004,54004,lowband_largesig_r00,prps,1371,-79,-0.622040,22,0,22,0.05759586,3.30000,prps,2,5639
148175,148.175,1,4004,54004,lowband_largesig_r00,prps,1356,-94,-0.743368,26,0,26,0.06806784,3.90000,prps,2,5643
148195,148.195,1,4004,54004,lowband_largesig_r00,prps,1342,-108,-0.848684,33,0,33,0.08639380,4.95000,prps,2,5647
148215,148.215,1,4004,54004,lowband_largesig_r00,prps,1333,-117,-0.923205,42,0,42,0.10995574,6.30000,prps,2,5651
148235,148.235,1,4004,54004,lowband_largesig_r00,prps,1329,-121,-0.955274,51,0,51,0.13351768,7.65000,prps,2,5655
148255,148.255,1,4004,54004,lowband_largesig_r00,prps,1331,-119,-0.938287,59,0,59,0.15446164,8.85000,prps,2,5659
148275,148.275,1,4004,54004,lowband_largesig_r00,prps,1339,-111,-0.871844,65,0,65,0.17016960,9.75000,prps,2,5663
148295,148.295,1,4004,54004,lowband_largesig_r00,prps,1353,-97,-0.761928,66,0,66,0.17278760,9.90000,prps,2,5667
148315,148.315,1,4004,54004,lowband_largesig_r00,prps,1371,-79,-0.620091,66,0,66,0.17278760,9.90000,prps,2,5671
148335,148.335,1,4004,54004,lowband_largesig_r00,prps,1391,-59,-0.461750,63,0,63,0.16493360,9.45000,prps,2,5675
148355,148.355,1,4004,54004,lowband_largesig_r00,prps,1411,-39,-0.303908,57,0,57,0.14922565,8.55000,prps,2,5679
148375,148.375,1,4004,54004,lowband_largesig_r00,prps,1429,-21,-0.162634,48,0,48,0.12566370,7.20000,prps,2,5683
148395,148.395,1,4004,54004,lowband_largesig_r00,prps,1444,-6,-0.050748,37,0,37,0.09686577,5.55000,prps,2,5687
148415,148.415,1,4004,54004,lowband_largesig_r00,prps,1453,3,0.023930,24,0,24,0.06283185,3.60000,prps,2,5691
148435,148.435,1,4004,54004,lowband_largesig_r00,prps,1458,8,0.059493,13,0,13,0.03403392,1.95000,prps,2,5695
148455,148.455,1,4004,54004,lowband_largesig_r00,prps,1458,8,0.059872,5,0,5,0.01308997,0.75000,prps,2,5699
148475,148.475,1,4004,54004,lowband_largesig_r00,prps,1454,4,0.033830,3,0,3,0.00785398,0.45000,prps,2,5703
148495,148.495,1,4004,54004,lowband_largesig_r00,prps,1449,-1,-0.006797,2,0,2,0.00523599,0.30000,prps,2,5707
148515,148.515,1,4004,54004,lowband_largesig_r00,prps,1444,-6,-0.049287,2,0,2,0.00523599,0.30000,prps,2,5711
148535,148.535,1,4004,54004,lowband_largesig_r00,prps,1440,-10,-0.082246,3,0,3,0.00785398,0.45000,prps,2,5715
148555,148.555,1,4004,54004,lowband_largesig_r00,prps,1438,-12,-0.097480,3,0,3,0.00785398,0.45000,prps,2,5719
148575,148.575,1,4004,54004,lowband_largesig_r00,prps,1438,-12,-0.091191,4,0,4,0.01047198,0.60000,prps,2,5723
148595,148.595,1,4004,54004,lowband_largesig_r00,prps,1442,-8,-0.064307,6,0,6,0.01570796,0.90000,prps,2,5727
148615,148.615,1,4004,54004,lowband_largesig_r00,prps,1447,-3,-0.021905,6,0,6,0.01570796,0.90000,prps,2,5731
148635,148.635,1,4004,54004,lowband_largesig_r00,prps,1454,4,0.028139,6,0,6,0.01570796,0.90000,prps,2,5735
148655,148.655,1,4004,54004,lowband_largesig_r00,prps,1460,10,0.077011,6,0,6,0.01570796,0.90000,prps,2,5739
148675,148.675,1,4004,54004,lowband_largesig_r00,prps,1465,15,0.116965,6,0,6,0.01570796,0.90000,prps,2,5743
148695,148.695,1,4004,54004,lowband_largesig_r00,prps,1468,18,0.143094,4,0,4,0.01047198,0.60000,prps,2,5747
148715,148.715,1,4004,54004,lowband_largesig_r00,prps,1470,20,0.154513,2,0,2,0.00523599,0.30000,prps,2,5751
148735,148.735,1,4004,54004,lowband_largesig_r00,prps,1470,20,0.154727,-1,0,-1,-0.00261799,-0.15000,prps,2,5755
148755,148.755,1,4004,54004,lowband_largesig_r00,prps,1469,19,0.151080,-4,0,-4,-0.01047198,-0.60000,prps,2,5759
148775,148.775,1,4004,54004,lowband_largesig_r00,prps,1469,19,0.153389,-6,0,-6,-0.01570796,-0.90000,prps,2,5763
148795,148.795,1,4004,54004,lowband_largesig_r00,prps,1472,22,0.171977,-6,0,-6,-0.01570796,-0.90000,prps,2,5767
148815,148.815,1,4004,54004,lowband_largesig_r00,prps,1477,27,0.215474,-6,0,-6,-0.01570796,-0.90000,prps,2,5771
148835,148.835,1,4004,54004,lowband_largesig_r00,prps,1487,37,0.288779,-8,0,-8,-0.02094395,-1.20000,prps,2,5775
148855,148.855,1,4004,54004,lowband_largesig_r00,prps,1500,50,0.391580,-11,0,-11,-0.02879793,-1.65000,prps,2,5779
148875,148.875,1,4004,54004,lowband_largesig_r00,prps,1516,66,0.517733,-15,0,-15,-0.03926991,-2.25000,prps,2,5783
148895,148.895,1,4004,54004,lowband_largesig_r00,prps,1533,83,0.655648,-20,0,-20,-0.05235988,-3.00000,prps,2,5787
148915,148.915,1,4004,54004,lowband_largesig_r00,prps,1550,100,0.789678,-27,0,-27,-0.07068583,-4.05000,prps,2,5791
148935,148.935,1,4004,54004,lowband_largesig_r00,prps,1565,115,0.902309,-35,0,-35,-0.09162979,-5.25000,prps,2,5795
148955,148.955,1,4004,54004,lowband_largesig_r00,prps,1574,124,0.976823,-45,0,-45,-0.11780972,-6.75000,prps,2,5799
148975,148.975,1,4004,54004,lowband_largesig_r00,prps,1577,127,1.000000,-54,0,-54,-0.14137166,-8.10000,prps,2,5803
148995,148.995,1,4004,54004,lowband_largesig_r00,prps,1572,122,0.964411,-63,0,-63,-0.16493360,-9.45000,prps,2,5807
149015,149.015,1,4004,54004,lowband_largesig_r00,prps,1560,110,0.869918,-66,0,-66,-0.17278760,-9.90000,prps,2,5811
149035,149.035,1,4004,54004,lowband_largesig_r00,prps,1542,92,0.724101,-66,0,-66,-0.17278760,-9.90000,prps,2,5815
149055,149.055,1,4004,54004,lowband_largesig_r00,prps,1519,69,0.541525,-64,0,-64,-0.16755160,-9.60000,prps,2,5819
149075,149.075,1,4004,54004,lowband_largesig_r00,prps,1493,43,0.341925,-59,0,-59,-0.15446164,-8.85000,prps,2,5823
149095,149.095,1,4004,54004,lowband_largesig_r00,prps,1469,19,0.147584,-50,0,-50,-0.13089970,-7.50000,prps,2,5827
149115,149.115,1,4004,54004,lowband_largesig_r00,prps,1447,-3,-0.019714,-38,0,-38,-0.09948376,-5.70000,prps,2,5831
149135,149.135,1,4004,54004,lowband_largesig_r00,prps,1432,-18,-0.141674,-26,0,-26,-0.06806784,-3.90000,prps,2,5835
149155,149.155,1,4004,54004,lowband_largesig_r00,prps,1424,-26,-0.205977,-12,0,-12,-0.03141592,-1.80000,prps,2,5839
149175,149.175,1,4004,54004,lowband_largesig_r00,prps,1424,-26,-0.207882,0,0,0,0.00000000,0.00000,prps,2,5843
149195,149.195,1,4004,54004,lowband_largesig_r00,prps,1431,-19,-0.150714,10,0,10,0.02617994,1.50000,prps,2,5847
149215,149.215,1,4004,54004,lowband_largesig_r00,prps,1444,-6,-0.045175,14,0,14,0.03665191,2.10000,prps,2,5851
149247,149.247,1,4004,54004,lowband_largesig_r00,prps,1462,12,0.092394,12,0,12,0.03141592,1.80000,prps,2,5855
149266,149.266,1,4004,54004,lowband_largesig_r00,prps,1481,31,0.242500,7,0,7,0.01832596,1.05000,prps,2,5859
149286,149.286,1,4004,54004,lowband_largesig_r00,prps,1499,49,0.385348,3,0,3,0.00785398,0.45000,prps,2,5863
149306,149.306,1,4004,54004,lowband_largesig_r00,prps,1514,64,0.503596,-4,0,-4,-0.01047198,-0.60000,prps,2,5867
149326,149.326,1,4004,54004,lowband_largesig_r00,prps,1524,74,0.584610,-14,0,-14,-0.03665191,-2.10000,prps,2,5871
149346,149.346,1,4004,54004,lowband_largesig_r00,prps,1529,79,0.621878,-25,0,-25,-0.06544985,-3.75000,prps,2,5875
149366,149.366,1,4004,54004,lowband_largesig_r00,prps,1528,78,0.615437,-34,0,-34,-0.08901179,-5.10000,prps,2,5879
149386,149.386,1,4004,54004,lowband_largesig_r00,prps,1523,73,0.571264,-40,0,-40,-0.10471976,-6.00000,prps,2,5883
149406,149.406,1,4004,54004,lowband_largesig_r00,prps,1513,63,0.499821,-42,0,-42,-0.10995574,-6.30000,prps,2,5887
149426,149.426,1,4004,54004,lowband_largesig_r00,prps,1503,53,0.414008,-41,0,-41,-0.10733775,-6.15000,prps,2,5891
149446,149.446,1,4004,54004,lowband_largesig_r00,prps,1492,42,0.326904,-40,0,-40,-0.10471976,-6.00000,prps,2,5895
149466,149.466,1,4004,54004,lowband_largesig_r00,prps,1482,32,0.249671,-37,0,-37,-0.09686577,-5.55000,prps,2,5899
149486,149.486,1,4004,54004,lowband_largesig_r00,prps,1474,24,0.189944,-31,0,-31,-0.08115781,-4.65000,prps,2,5903
149506,149.506,1,4004,54004,lowband_largesig_r00,prps,1469,19,0.150945,-26,0,-26,-0.06806784,-3.90000,prps,2,5907
149526,149.526,1,4004,54004,lowband_largesig_r00,prps,1467,17,0.131405,-21,0,-21,-0.05497787,-3.15000,prps,2,5911
149546,149.546,1,4004,54004,lowband_largesig_r00,prps,1466,16,0.126254,-16,0,-16,-0.04188790,-2.40000,prps,2,5915
149566,149.566,1,4004,54004,lowband_largesig_r00,prps,1466,16,0.127902,-14,0,-14,-0.03665191,-2.10000,prps,2,5919
149586,149.586,1,4004,54004,lowband_largesig_r00,prps,1466,16,0.127842,-13,0,-13,-0.03403392,-1.95000,prps,2,5923
149606,149.606,1,4004,54004,lowband_largesig_r00,prps,1465,15,0.118275,-12,0,-12,-0.03141592,-1.80000,prps,2,5927
149626,149.626,1,4004,54004,lowband_largesig_r00,prps,1462,12,0.093474,-10,0,-10,-0.02617994,-1.50000,prps,2,5931
149646,149.646,1,4004,54004,lowband_largesig_r00,prps,1456,6,0.050662,-10,0,-10,-0.02617994,-1.50000,prps,2,5935
149666,149.666,1,4004,54004,lowband_largesig_r00,prps,1449,-1,-0.009709,-9,0,-9,-0.02356194,-1.35000,prps,2,5939
149686,149.686,1,4004,54004,lowband_largesig_r00,prps,1439,-11,-0.084282,-6,0,-6,-0.01570796,-0.90000,prps,2,5943
149706,149.706,1,4004,54004,lowband_largesig_r00,prps,1429,-21,-0.167614,-2,0,-2,-0.00523599,-0.30000,prps,2,5947
149726,149.726,1,4004,54004,lowband_largesig_r00,prps,1418,-32,-0.253298,2,0,2,0.00523599,0.30000,prps,2,5951
149746,149.746,1,4004,54004,lowband_largesig_r00,prps,1407,-43,-0.335152,7,0,7,0.01832596,1.05000,prps,2,5955
149766,149.766,1,4004,54004,lowband_largesig_r00,prps,1398,-52,-0.408249,13,0,13,0.03403392,1.95000,prps,2,5959
149786,149.786,1,4004,54004,lowband_largesig_r00,prps,1390,-60,-0.469611,18,0,18,0.04712389,2.70000,prps,2,5963
149806,149.806,1,4004,54004,lowband_largesig_r00,prps,1384,-66,-0.518441,22,0,22,0.05759586,3.30000,prps,2,5967
149826,149.826,1,4004,54004,lowband_largesig_r00,prps,1379,-71,-0.555916,26,0,26,0.06806784,3.90000,prps,2,5971
149846,149.846,1,4004,54004,lowband_largesig_r00,prps,1376,-74,-0.584590,29,0,29,0.07592182,4.35000,prps,2,5975
149866,149.866,1,4004,54004,lowband_largesig_r00,prps,1373,-77,-0.607592,33,0,33,0.08639380,4.95000,prps,2,5979
149886,149.886,1,4004,54004,lowband_largesig_r00,prps,1370,-80,-0.627775,35,0,35,0.09162979,5.25000,prps,2,5983
149906,149.906,1,4004,54004,lowband_largesig_r00,prps,1368,-82,-0.647023,38,0,38,0.09948376,5.70000,prps,2,5987
149926,149.926,1,4004,54004,lowband_largesig_r00,prps,1365,-85,-0.665851,41,0,41,0.10733775,6.15000,prps,2,5991
149946,149.946,1,4004,54004,lowband_largesig_r00,prps,1363,-87,-0.683363,42,0,42,0.10995574,6.30000,prps,2,5995
149966,149.966,1,4004,54004,lowband_largesig_r00,prps,1361,-89,-0.697570,44,0,44,0.11519173,6.60000,prps,2,5999
149986,149.986,1,4004,54004,lowband_largesig_r00,prps,1360,-90,-0.705968,46,0,46,0.12042772,6.90000,prps,2,6003
150006,150.006,1,4004,54004,lowband_largesig_r00,prps,1360,-90,-0.706234,47,0,47,0.12304571,7.05000,prps,2,6007
150026,150.026,1,4004,54004,lowband_largesig_r00,prps,1361,-89,-0.696870,48,0,48,0.12566370,7.20000,prps,2,6011
150046,150.046,1,4004,54004,lowband_largesig_r00,prps,1364,-86,-0.677632,49,0,49,0.12828170,7.35000,prps,2,6015
150066,150.066,1,4004,54004,lowband_largesig_r00,prps,1367,-83,-0.649637,50,0,50,0.13089970,7.50000,prps,2,6019
150086,150.086,1,4004,54004,lowband_largesig_r00,prps,1372,-78,-0.615110,50,0,50,0.13089970,7.50000,prps,2,6023
150106,150.106,1,4004,54004,lowband_largesig_r00,prps,1377,-73,-0.576815,50,0,50,0.13089970,7.50000,prps,2,6027
150126,150.126,1,4004,54004,lowband_largesig_r00,prps,1382,-68,-0.537297,49,0,49,0.12828170,7.35000,prps,2,6031
150146,150.146,1,4004,54004,lowband_largesig_r00,prps,1387,-63,-0.498107,47,0,47,0.12304571,7.05000,prps,2,6035
150166,150.166,1,4004,54004,lowband_largesig_r00,prps,1392,-58,-0.459198,45,0,45,0.11780972,6.75000,prps,2,6039
150186,150.186,1,4004,54004,lowband_largesig_r00,prps,1397,-53,-0.418671,42,0,42,0.10995574,6.30000,prps,2,6043
150206,150.206,1,4004,54004,lowband_largesig_r00,prps,1403,-47,-0.372958,38,0,38,0.09948376,5.70000,prps,2,6047
150226,150.226,1,4004,54004,lowband_largesig_r00,prps,1410,-40,-0.317467,35,0,35,0.09162979,5.25000,prps,2,6051
150246,150.246,1,4004,54004,lowband_largesig_r00,prps,1419,-31,-0.247607,32,0,32,0.08377580,4.80000,prps,2,6055
150266,150.266,1,4004,54004,lowband_largesig_r00,prps,1430,-20,-0.160016,28,0,28,0.07330382,4.20000,prps,2,6059
150286,150.286,1,4004,54004,lowband_largesig_r00,prps,1443,-7,-0.053752,23,0,23,0.06021386,3.45000,prps,2,6063
150306,150.306,1,4004,54004,lowband_largesig_r00,prps,1459,9,0.068784,17,0,17,0.04450589,2.55000,prps,2,6067
150326,150.326,1,4004,54004,lowband_largesig_r00,prps,1476,26,0.201450,12,0,12,0.03141592,1.80000,prps,2,6071
150346,150.346,1,4004,54004,lowband_largesig_r00,prps,1492,42,0.334600,6,0,6,0.01570796,0.90000,prps,2,6075
150366,150.366,1,4004,54004,lowband_largesig_r00,prps,1508,58,0.456022,-1,0,-1,-0.00261799,-0.15000,prps,2,6079
150386,150.386,1,4004,54004,lowband_largesig_r00,prps,1520,70,0.552474,-10,0,-10,-0.02617994,-1.50000,prps,2,6083
150406,150.406,1,4004,54004,lowband_largesig_r00,prps,1528,78,0.611608,-20,0,-20,-0.05235988,-3.00000,prps,2,6087
150426,150.426,1,4004,54004,lowband_largesig_r00,prps,1529,79,0.623999,-29,0,-29,-0.07592182,-4.35000,prps,2,6091
150446,150.446,1,4004,54004,lowband_largesig_r00,prps,1524,74,0.584920,-37,0,-37,-0.09686577,-5.55000,prps,2,6095
150466,150.466,1,4004,54004,lowband_largesig_r00,prps,1513,63,0.495557,-41,0,-41,-0.10733775,-6.15000,prps,2,6099
150486,150.486,1,4004,54004,lowband_largesig_r00,prps,1496,46,0.363406,-42,0,-42,-0.10995574,-6.30000,prps,2,6103
150506,150.506,1,4004,54004,lowband_largesig_r00,prps,1476,26,0.201726,-40,0,-40,-0.10471976,-6.00000,prps,2,6107
150526,150.526,1,4004,54004,lowband_largesig_r00,prps,1454,4,0.028070,-34,0,-34,-0.08901179,-5.10000,prps,2,6111
150546,150.546,1,4004,54004,lowband_largesig_r00,prps,1432,-18,-0.137921,-25,0,-25,-0.06544985,-3.75000,prps,2,6115
150566,150.566,1,4004,54004,lowband_largesig_r00,prps,1415,-35,-0.277155,-13,0,-13,-0.03403392,-1.95000,prps,2,6119
150586,150.586,1,4004,54004,lowband_largesig_r00,prps,1403,-47,-0.373759,-1,0,-1,-0.00261799,-0.15000,prps,2,6123
150606,150.606,1,4004,54004,lowband_largesig_r00,prps,1397,-53,-0.417372,11,0,11,0.02879793,1.65000,prps,2,6127
150626,150.626,1,4004,54004,lowband_largesig_r00,prps,1399,-51,-0.404678,21,0,21,0.05497787,3.15000,prps,2,6131
150646,150.646,1,4004,54004,lowband_largesig_r00,prps,1407,-43,-0.339918,26,0,26,0.06806784,3.90000,prps,2,6135
150666,150.666,1,4004,54004,lowband_largesig_r00,prps,1420,-30,-0.234290,26,0,26,0.06806784,3.90000,prps,2,6139
150686,150.686,1,4004,54004,lowband_largesig_r00,prps,1437,-13,-0.104297,25,0,25,0.06544985,3.75000,prps,2,6143
150706,150.706,1,4004,54004,lowband_largesig_r00,prps,1454,4,0.030718,21,0,21,0.05497787,3.15000,prps,2,6147
150726,150.726,1,4004,54004,lowband_largesig_r00,prps,1469,19,0.151462,15,0,15,0.03926991,2.25000,prps,2,6151
150746,150.746,1,4004,54004,lowband_largesig_r00,prps,1481,31,0.241564,8,0,8,0.02094395,1.20000,prps,2,6155
150766,150.766,1,4004,54004,lowband_largesig_r00,prps,1487,37,0.289989,2,0,2,0.00523599,0.30000,prps,2,6159
150786,150.786,1,4004,54004,lowband_largesig_r00,prps,1487,37,0.292600,-4,0,-4,-0.01047198,-0.60000,prps,2,6163
150806,150.806,1,4004,54004,lowband_largesig_r00,prps,1482,32,0.252639,-11,0,-11,-0.02879793,-1.65000,prps,2,6167
150826,150.826,1,4004,54004,lowband_largesig_r00,prps,1473,23,0.180054,-15,0,-15,-0.03926991,-2.25000,prps,2,6171
150846,150.846,1,4004,54004,lowband_largesig_r00,prps,1461,11,0.089795,-16,0,-16,-0.04188790,-2.40000,prps,2,6175
150866,150.866,1,4004,54004,lowband_largesig_r00,prps,1450,0,-0.000644,-15,0,-15,-0.03926991,-2.25000,prps,2,6179
150886,150.886,1,4004,54004,lowband_largesig_r00,prps,1441,-9,-0.074017,-12,0,-12,-0.03141592,-1.80000,prps,2,6183
150906,150.906,1,4004,54004,lowband_largesig_r00,prps,1435,-15,-0.116019,-7,0,-7,-0.01832596,-1.05000,prps,2,6187
150926,150.926,1,4004,54004,lowband_largesig_r00,prps,1435,-15,-0.117431,-1,0,-1,-0.00261799,-0.15000,prps,2,6191
150946,150.946,1,4004,54004,lowband_largesig_r00,prps,1440,-10,-0.075384,4,0,4,0.01047198,0.60000,prps,2,6195
150966,150.966,1,4004,54004,lowband_largesig_r00,prps,1451,1,0.006422,7,0,7,0.01832596,1.05000,prps,2,6199
150986,150.986,1,4004,54004,lowband_largesig_r00,prps,1465,15,0.118577,6,0,6,0.01570796,0.90000,prps,2,6203
151006,151.006,1,4004,54004,lowband_largesig_r00,prps,1481,31,0.247708,5,0,5,0.01308997,0.75000,prps,2,6207
151026,151.026,1,4004,54004,lowband_largesig_r00,prps,1498,48,0.378788,2,0,2,0.00523599,0.30000,prps,2,6211
151046,151.046,1,4004,54004,lowband_largesig_r00,prps,1513,63,0.497623,-5,0,-5,-0.01308997,-0.75000,prps,2,6215
151066,151.066,1,4004,54004,lowband_largesig_r00,prps,1525,75,0.593070,-14,0,-14,-0.03665191,-2.10000,prps,2,6219
151086,151.086,1,4004,54004,lowband_largesig_r00,prps,1534,84,0.658617,-24,0,-24,-0.06283185,-3.60000,prps,2,6223
151106,151.106,1,4004,54004,lowband_largesig_r00,prps,1538,88,0.693093,-33,0,-33,-0.08639380,-4.95000,prps,2,6227
151126,151.126,1,4004,54004,lowband_largesig_r00,prps,1539,89,0.700384,-41,0,-41,-0.10733775,-6.15000,prps,2,6231
151146,151.146,1,4004,54004,lowband_largesig_r00,prps,1537,87,0.688270,-46,0,-46,-0.12042772,-6.90000,prps,2,6235
151166,151.166,1,4004,54004,lowband_largesig_r00,prps,1535,85,0.666593,-47,0,-47,-0.12304571,-7.05000,prps,2,6239
151186,151.186,1,4004,54004,lowband_largesig_r00,prps,1532,82,0.645127,-47,0,-47,-0.12304571,-7.05000,prps,2,6243
151206,151.206,1,4004,54004,lowband_largesig_r00,prps,1530,80,0.631537,-47,0,-47,-0.12304571,-7.05000,prps,2,6247
151226,151.226,1,4004,54004,lowband_largesig_r00,prps,1530,80,0.629809,-47,0,-47,-0.12304571,-7.05000,prps,2,6251
151246,151.246,1,4004,54004,lowband_largesig_r00,prps,1531,81,0.639434,-47,0,-47,-0.12304571,-7.05000,prps,2,6255
151266,151.266,1,4004,54004,lowband_largesig_r00,prps,1533,83,0.655498,-47,0,-47,-0.12304571,-7.05000,prps,2,6259
151286,151.286,1,4004,54004,lowband_largesig_r00,prps,1535,85,0.669653,-47,0,-47,-0.12304571,-7.05000,prps,2,6263
151306,151.306,1,4004,54004,lowband_largesig_r00,prps,1535,85,0.671792,-47,0,-47,-0.12304571,-7.05000,prps,2,6267
151326,151.326,1,4004,54004,lowband_largesig_r00,prps,1533,83,0.652118,-47,0,-47,-0.12304571,-7.05000,prps,2,6271
151346,151.346,1,4004,54004,lowband_largesig_r00,prps,1527,77,0.603222,-47,0,-47,-0.12304571,-7.05000,prps,2,6275
151366,151.366,1,4004,54004,lowband_largesig_r00,prps,1516,66,0.521793,-47,0,-47,-0.12304571,-7.05000,prps,2,6279
151386,151.386,1,4004,54004,lowband_largesig_r00,prps,1502,52,0.409620,-45,0,-45,-0.11780972,-6.75000,prps,2,6283
151406,151.406,1,4004,54004,lowband_largesig_r00,prps,1485,35,0.273706,-41,0,-41,-0.10733775,-6.15000,prps,2,6287
151426,151.426,1,4004,54004,lowband_largesig_r00,prps,1466,16,0.125433,-36,0,-36,-0.09424778,-5.40000,prps,2,6291
151446,151.446,1,4004,54004,lowband_largesig_r00,prps,1447,-3,-0.021074,-29,0,-29,-0.07592182,-4.35000,prps,2,6295
151466,151.466,1,4004,54004,lowband_largesig_r00,prps,1431,-19,-0.151138,-19,0,-19,-0.04974188,-2.85000,prps,2,6299
151486,151.486,1,4004,54004,lowband_largesig_r00,prps,1418,-32,-0.251887,-9,0,-9,-0.02356194,-1.35000,prps,2,6303
151506,151.506,1,4004,54004,lowband_largesig_r00,prps,1410,-40,-0.314378,2,0,2,0.00523599,0.30000,prps,2,6307
151526,151.526,1,4004,54004,lowband_largesig_r00,prps,1407,-43,-0.335128,12,0,12,0.03141592,1.80000,prps,2,6311
151546,151.546,1,4004,54004,lowband_largesig_r00,prps,1410,-40,-0.316758,19,0,19,0.04974188,2.85000,prps,2,6315
151566,151.566,1,4004,54004,lowband_largesig_r00,prps,1416,-34,-0.267663,22,0,22,0.05759586,3.30000,prps,2,6319
151586,151.586,1,4004,54004,lowband_largesig_r00,prps,1425,-25,-0.200719,22,0,22,0.05759586,3.30000,prps,2,6323
151606,151.606,1,4004,54004,lowband_largesig_r00,prps,1433,-17,-0.131256,20,0,20,0.05235988,3.00000,prps,2,6327
151626,151.626,1,4004,54004,lowband_largesig_r00,prps,1441,-9,-0.074619,17,0,17,0.04450589,2.55000,prps,2,6331
151646,151.646,1,4004,54004,lowband_largesig_r00,prps,1444,-6,-0.043726,14,0,14,0.03665191,2.10000,prps,2,6335
151666,151.666,1,4004,54004,lowband_largesig_r00,prps,1444,-6,-0.047017,11,0,11,0.02879793,1.65000,prps,2,6339
151686,151.686,1,4004,54004,lowband_largesig_r00,prps,1439,-11,-0.087143,9,0,9,0.02356194,1.35000,prps,2,6343
151706,151.706,1,4004,54004,lowband_largesig_r00,prps,1430,-20,-0.160587,8,0,8,0.02094395,1.20000,prps,2,6347
151726,151.726,1,4004,54004,lowband_largesig_r00,prps,1417,-33,-0.258299,9,0,9,0.02356194,1.35000,prps,2,6351
151746,151.746,1,4004,54004,lowband_largesig_r00,prps,1403,-47,-0.367210,10,0,10,0.02617994,1.50000,prps,2,6355
151766,151.766,1,4004,54004,lowband_largesig_r00,prps,1390,-60,-0.472385,13,0,13,0.03403392,1.95000,prps,2,6359
151786,151.786,1,4004,54004,lowband_largesig_r00,prps,1379,-71,-0.559451,20,0,20,0.05235988,3.00000,prps,2,6363
151806,151.806,1,4004,54004,lowband_largesig_r00,prps,1372,-78,-0.616902,25,0,25,0.06544985,3.75000,prps,2,6367
151826,151.826,1,4004,54004,lowband_largesig_r00,prps,1369,-81,-0.637916,30,0,30,0.07853982,4.50000,prps,2,6371
151846,151.846,1,4004,54004,lowband_largesig_r00,prps,1371,-79,-0.621402,35,0,35,0.09162979,5.25000,prps,2,6375
151866,151.866,1,4004,54004,lowband_largesig_r00,prps,1377,-73,-0.572109,39,0,39,0.10210176,5.85000,prps,2,6379
151886,151.886,1,4004,54004,lowband_largesig_r00,prps,1387,-63,-0.499831,41,0,41,0.10733775,6.15000,prps,2,6383
151906,151.906,1,4004,54004,lowband_largesig_r00,prps,1397,-53,-0.417828,41,0,41,0.10733775,6.15000,prps,2,6387
151926,151.926,1,4004,54004,lowband_largesig_r00,prps,1407,-43,-0.340754,39,0,39,0.10210176,5.85000,prps,2,6391
151946,151.946,1,4004,54004,lowband_largesig_r00,prps,1414,-36,-0.282420,36,0,36,0.09424778,5.40000,prps,2,6395
151966,151.966,1,4004,54004,lowband_largesig_r00,prps,1418,-32,-0.253766,31,0,31,0.08115781,4.65000,prps,2,6399
151986,151.986,1,4004,54004,lowband_largesig_r00,prps,1417,-33,-0.261316,26,0,26,0.06806784,3.90000,prps,2,6403
152006,152.006,1,4004,54004,lowband_largesig_r00,prps,1411,-39,-0.306367,23,0,23,0.06021386,3.45000,prps,2,6407
152026,152.026,1,4004,54004,lowband_largesig_r00,prps,1401,-49,-0.384959,20,0,20,0.05235988,3.00000,prps,2,6411
152046,152.046,1,4004,54004,lowband_largesig_r00,prps,1388,-62,-0.488617,20,0,20,0.05235988,3.00000,prps,2,6415
152066,152.066,1,4004,54004,lowband_largesig_r00,prps,1373,-77,-0.605672,22,0,22,0.05759586,3.30000,prps,2,6419
152086,152.086,1,4004,54004,lowband_largesig_r00,prps,1358,-92,-0.722929,27,0,27,0.07068583,4.05000,prps,2,6423
152106,152.106,1,4004,54004,lowband_largesig_r00,prps,1345,-105,-0.827402,34,0,34,0.08901179,5.10000,prps,2,6427
152126,152.126,1,4004,54004,lowband_largesig_r00,prps,1335,-115,-0.907842,42,0,42,0.10995574,6.30000,prps,2,6431
152146,152.146,1,4004,54004,lowband_largesig_r00,prps,1329,-121,-0.955858,50,0,50,0.13089970,7.50000,prps,2,6435
152166,152.166,1,4004,54004,lowband_largesig_r00,prps,1327,-123,-0.966504,58,0,58,0.15184364,8.70000,prps,2,6439
152186,152.186,1,4004,54004,lowband_largesig_r00,prps,1331,-119,-0.938336,64,0,64,0.16755160,9.60000,prps,2,6443
152206,152.206,1,4004,54004,lowband_largesig_r00,prps,1339,-111,-0.872998,67,0,67,0.17540560,10.05000,prps,2,6447
152226,152.226,1,4004,54004,lowband_largesig_r00,prps,1352,-98,-0.774504,67,0,67,0.17540560,10.05000,prps,2,6451
152246,152.246,1,4004,54004,lowband_largesig_r00,prps,1368,-82,-0.648409,66,0,66,0.17278760,9.90000,prps,2,6455
152266,152.266,1,4004,54004,lowband_largesig_r00,prps,1386,-64,-0.501022,63,0,63,0.16493360,9.45000,prps,2,6459
152286,152.286,1,4004,54004,lowband_largesig_r00,prps,1407,-43,-0.338837,57,0,57,0.14922565,8.55000,prps,2,6463
152306,152.306,1,4004,54004,lowband_largesig_r00,prps,1429,-21,-0.168217,49,0,49,0.12828170,7.35000,prps,2,6467
152326,152.326,1,4004,54004,lowband_largesig_r00,prps,1451,1,0.004656,38,0,38,0.09948376,5.70000,prps,2,6471
152346,152.346,1,4004,54004,lowband_largesig_r00,prps,1472,22,0.173644,24,0,24,0.06283185,3.60000,prps,2,6475
152366,152.366,1,4004,54004,lowband_largesig_r00,prps,1492,42,0.332472,11,0,11,0.02879793,1.65000,prps,2,6479
152386,152.386,1,4004,54004,lowband_largesig_r00,prps,1510,60,0.474618,-1,0,-1,-0.00261799,-0.15000,prps,2,6483
152406,152.406,1,4004,54004,lowband_largesig_r00,prps,1525,75,0.593412,-13,0,-13,-0.03403392,-1.95000,prps,2,6487
152426,152.426,1,4004,54004,lowband_largesig_r00,prps,1537,87,0.682398,-24,0,-24,-0.06283185,-3.60000,prps,2,6491
152446,152.446,1,4004,54004,lowband_largesig_r00,prps,1543,93,0.735967,-33,0,-33,-0.08639380,-4.95000,prps,2,6495
152466,152.466,1,4004,54004,lowband_largesig_r00,prps,1545,95,0.750150,-43,0,-43,-0.11257374,-6.45000,prps,2,6499
152486,152.486,1,4004,54004,lowband_largesig_r00,prps,1542,92,0.723465,-47,0,-47,-0.12304571,-7.05000,prps,2,6503
152506,152.506,1,4004,54004,lowband_largesig_r00,prps,1534,84,0.657591,-49,0,-49,-0.12828170,-7.35000,prps,2,6507
152526,152.526,1,4004,54004,lowband_largesig_r00,prps,1521,71,0.557733,-49,0,-49,-0.12828170,-7.35000,prps,2,6511
152546,152.546,1,4004,54004,lowband_largesig_r00,prps,1505,55,0.432502,-48,0,-48,-0.12566370,-7.20000,prps,2,6515
152566,152.566,1,4004,54004,lowband_largesig_r00,prps,1487,37,0.293277,-44,0,-44,-0.11519173,-6.60000,prps,2,6519
152586,152.586,1,4004,54004,lowband_largesig_r00,prps,1469,19,0.153062,-38,0,-38,-0.09948376,-5.70000,prps,2,6523
152606,152.606,1,4004,54004,lowband_largesig_r00,prps,1453,3,0.024982,-30,0,-30,-0.07853982,-4.50000,prps,2,6527
152626,152.626,1,4004,54004,lowband_largesig_r00,prps,1440,-10,-0.079372,-21,0,-21,-0.05497787,-3.15000,prps,2,6531
152646,152.646,1,4004,54004,lowband_largesig_r00,prps,1431,-19,-0.151492,-11,0,-11,-0.02879793,-1.65000,prps,2,6535
152666,152.666,1,4004,54004,lowband_largesig_r00,prps,1426,-24,-0.187119,-2,0,-2,-0.00523599,-0.30000,prps,2,6539
152686,152.686,1,4004,54004,lowband_largesig_r00,prps,1426,-24,-0.186827,6,0,6,0.01570796,0.90000,prps,2,6543
152706,152.706,1,4004,54004,lowband_largesig_r00,prps,1430,-20,-0.155874,11,0,11,0.02879793,1.65000,prps,2,6547
152726,152.726,1,4004,54004,lowband_largesig_r00,prps,1437,-13,-0.103326,11,0,11,0.02879793,1.65000,prps,2,6551
152746,152.746,1,4004,54004,lowband_largesig_r00,prps,1445,-5,-0.040569,11,0,11,0.02879793,1.65000,prps,2,6555
152766,152.766,1,4004,54004,lowband_largesig_r00,prps,1453,3,0.020575,11,0,11,0.02879793,1.65000,prps,2,6559
152786,152.786,1,4004,54004,lowband_largesig_r00,prps,1459,9,0.069810,11,0,11,0.02879793,1.65000,prps,2,6563
152806,152.806,1,4004,54004,lowband_largesig_r00,prps,1463,13,0.100078,8,0,8,0.02094395,1.20000,prps,2,6567
152826,152.826,1,4004,54004,lowband_largesig_r00,prps,1464,14,0.108717,5,0,5,0.01308997,0.75000,prps,2,6571
152846,152.846,1,4004,54004,lowband_largesig_r00,prps,1462,12,0.097856,2,0,2,0.00523599,0.30000,prps,2,6575
152866,152.866,1,4004,54004,lowband_largesig_r00,prps,1459,9,0.073949,0,0,0,0.00000000,0.00000,prps,2,6579
152886,152.886,1,4004,54004,lowband_largesig_r00,prps,1456,6,0.046516,-1,0,-1,-0.00261799,-0.15000,prps,2,6583
152906,152.906,1,4004,54004,lowband_largesig_r00,prps,1453,3,0.026288,-1,0,-1,-0.00261799,-0.15000,prps,2,6587
152926,152.926,1,4004,54004,lowband_largesig_r00,prps,1453,3,0.023072,-1,0,-1,-0.00261799,-0.15000,prps,2,6591
152946,152.946,1,4004,54004,lowband_largesig_r00,prps,1456,6,0.043706,-1,0,-1,-0.00261799,-0.15000,prps,2,6595
152966,152.966,1,4004,54004,lowband_largesig_r00,prps,1461,11,0.090476,0,0,0,0.00000000,0.00000,prps,2,6599
152986,152.986,1,4004,54004,lowband_largesig_r00,prps,1470,20,0.160304,0,0,0,0.00000000,0.00000,prps,2,6603
153006,153.006,1,4004,54004,lowband_largesig_r00,prps,1481,31,0.244871,0,0,0,0.00000000,0.00000,prps,2,6607
153026,153.026,1,4004,54004,lowband_largesig_r00,prps,1492,42,0.331708,-1,0,-1,-0.00261799,-0.15000,prps,2,6611
153046,153.046,1,4004,54004,lowband_largesig_r00,prps,1502,52,0.406101,-6,0,-6,-0.01570796,-0.90000,prps,2,6615
153066,153.066,1,4004,54004,lowband_largesig_r00,prps,1508,58,0.453510,-13,0,-13,-0.03403392,-1.95000,prps,2,6619
153086,153.086,1,4004,54004,lowband_largesig_r00,prps,1509,59,0.462120,-20,0,-20,-0.05235988,-3.00000,prps,2,6623
153106,153.106,1,4004,54004,lowband_largesig_r00,prps,1504,54,0.425076,-25,0,-25,-0.06544985,-3.75000,prps,2,6627
153126,153.126,1,4004,54004,lowband_largesig_r00,prps,1493,43,0.342021,-28,0,-28,-0.07330382,-4.20000,prps,2,6631
153146,153.146,1,4004,54004,lowband_largesig_r00,prps,1478,28,0.219644,-28,0,-28,-0.07330382,-4.20000,prps,2,6635
153166,153.166,1,4004,54004,lowband_largesig_r00,prps,1459,9,0.071105,-27,0,-27,-0.07068583,-4.05000,prps,2,6639
153186,153.186,1,4004,54004,lowband_largesig_r00,prps,1439,-11,-0.085611,-21,0,-21,-0.05497787,-3.15000,prps,2,6643
153206,153.206,1,4004,54004,lowband_largesig_r00,prps,1421,-29,-0.230168,-14,0,-14,-0.03665191,-2.10000,prps,2,6647
153226,153.226,1,4004,54004,lowband_largesig_r00,prps,1406,-44,-0.342830,-5,0,-5,-0.01308997,-0.75000,prps,2,6651
153246,153.246,1,4004,54004,lowband_largesig_r00,prps,1398,-52,-0.407400,6,0,6,0.01570796,0.90000,prps,2,6655
153266,153.266,1,4004,54004,lowband_largesig_r00,prps,1397,-53,-0.413698,17,0,17,0.04450589,2.55000,prps,2,6659
153286,153.286,1,4004,54004,lowband_largesig_r00,prps,1404,-46,-0.359176,23,0,23,0.06021386,3.45000,prps,2,6663
153306,153.306,1,4004,54004,lowband_largesig_r00,prps,1418,-32,-0.249389,24,0,24,0.06283185,3.60000,prps,2,6667
153326,153.326,1,4004,54004,lowband_largesig_r00,prps,1438,-12,-0.097255,23,0,23,0.06021386,3.45000,prps,2,6671
153346,153.346,1,4004,54004,lowband_largesig_r00,prps,1460,10,0.078806,21,0,21,0.05497787,3.15000,prps,2,6675
153366,153.366,1,4004,54004,lowband_largesig_r00,prps,1483,33,0.257544,14,0,14,0.03665191,2.10000,prps,2,6679
153386,153.386,1,4004,54004,lowband_largesig_r00,prps,1503,53,0.417966,7,0,7,0.01832596,1.05000,prps,2,6683
153406,153.406,1,4004,54004,lowband_largesig_r00,prps,1519,69,0.542340,-3,0,-3,-0.00785398,-0.45000,prps,2,6687
153426,153.426,1,4004,54004,lowband_largesig_r00,prps,1529,79,0.618650,-15,0,-15,-0.03926991,-2.25000,prps,2,6691
153446,153.446,1,4004,54004,lowband_largesig_r00,prps,1532,82,0.642136,-27,0,-27,-0.07068583,-4.05000,prps,2,6695
153466,153.466,1,4004,54004,lowband_largesig_r00,prps,1528,78,0.615683,-38,0,-38,-0.09948376,-5.70000,prps,2,6699
153486,153.486,1,4004,54004,lowband_largesig_r00,prps,1520,70,0.549039,-45,0,-45,-0.11780972,-6.75000,prps,2,6703
153506,153.506,1,4004,54004,lowband_largesig_r00,prps,1508,58,0.457002,-46,0,-46,-0.12042772,-6.90000,prps,2,6707
153526,153.526,1,4004,54004,lowband_largesig_r00,prps,1495,45,0.356897,-44,0,-44,-0.11519173,-6.60000,prps,2,6711
153546,153.546,1,4004,54004,lowband_largesig_r00,prps,1484,34,0.265779,-38,0,-38,-0.09948376,-5.70000,prps,2,6715
153566,153.566,1,4004,54004,lowband_largesig_r00,prps,1475,25,0.197795,-32,0,-32,-0.08377580,-4.80000,prps,2,6719
153586,153.586,1,4004,54004,lowband_largesig_r00,prps,1471,21,0.162151,-27,0,-27,-0.07068583,-4.05000,prps,2,6723
153606,153.606,1,4004,54004,lowband_largesig_r00,prps,1471,21,0.161976,-21,0,-21,-0.05497787,-3.15000,prps,2,6727
153626,153.626,1,4004,54004,lowband_largesig_r00,prps,1475,25,0.194221,-17,0,-17,-0.04450589,-2.55000,prps,2,6731
153646,153.646,1,4004,54004,lowband_largesig_r00,prps,1482,32,0.250592,-16,0,-16,-0.04188790,-2.40000,prps,2,6735
153666,153.666,1,4004,54004,lowband_largesig_r00,prps,1491,41,0.319284,-15,0,-15,-0.03926991,-2.25000,prps,2,6739
153686,153.686,1,4004,54004,lowband_largesig_r00,prps,1499,49,0.387211,-16,0,-16,-0.04188790,-2.40000,prps,2,6743
153706,153.706,1,4004,54004,lowband_largesig_r00,prps,1506,56,0.442306,-17,0,-17,-0.04450589,-2.55000,prps,2,6747
153726,153.726,1,4004,54004,lowband_largesig_r00,prps,1510,60,0.475521,-21,0,-21,-0.05497787,-3.15000,prps,2,6751
153746,153.746,1,4004,54004,lowband_largesig_r00,prps,1511,61,0.482162,-25,0,-25,-0.06544985,-3.75000,prps,2,6755
153766,153.766,1,4004,54004,lowband_largesig_r00,prps,1509,59,0.462387,-28,0,-28,-0.07330382,-4.20000,prps,2,6759
153786,153.786,1,4004,54004,lowband_largesig_r00,prps,1503,53,0.420788,-30,0,-30,-0.07853982,-4.50000,prps,2,6763
153806,153.806,1,4004,54004,lowband_largesig_r00,prps,1496,46,0.365200,-30,0,-30,-0.07853982,-4.50000,prps,2,6767
153826,153.826,1,4004,54004,lowband_largesig_r00,prps,1489,39,0.304963,-30,0,-30,-0.07853982,-4.50000,prps,2,6771
153846,153.846,1,4004,54004,lowband_largesig_r00,prps,1482,32,0.248995,-29,0,-29,-0.07592182,-4.35000,prps,2,6775
153866,153.866,1,4004,54004,lowband_largesig_r00,prps,1476,26,0.204032,-27,0,-27,-0.07068583,-4.05000,prps,2,6779
153886,153.886,1,4004,54004,lowband_largesig_r00,prps,1472,22,0.173359,-23,0,-23,-0.06021386,-3.45000,prps,2,6783
153906,153.906,1,4004,54004,lowband_largesig_r00,prps,1470,20,0.156275,-19,0,-19,-0.04974188,-2.85000,prps,2,6787
153926,153.926,1,4004,54004,lowband_largesig_r00,prps,1469,19,0.148354,-17,0,-17,-0.04450589,-2.55000,prps,2,6791
153946,153.946,1,4004,54004,lowband_largesig_r00,prps,1468,18,0.142464,-16,0,-16,-0.04188790,-2.40000,prps,2,6795
153966,153.966,1,4004,54004,lowband_largesig_r00,prps,1467,17,0.130334,-15,0,-15,-0.03926991,-2.25000,prps,2,6799
153986,153.986,1,4004,54004,lowband_largesig_r00,prps,1463,13,0.104357,-14,0,-14,-0.03665191,-2.10000,prps,2,6803
154006,154.006,1,4004,54004,lowband_largesig_r00,prps,1458,8,0.059311,-11,0,-11,-0.02879793,-1.65000,prps,2,6807
154026,154.026,1,4004,54004,lowband_largesig_r00,prps,1449,-1,-0.006365,-9,0,-9,-0.02356194,-1.35000,prps,2,6811
154046,154.046,1,4004,54004,lowband_largesig_r00,prps,1439,-11,-0.089960,-7,0,-7,-0.01832596,-1.05000,prps,2,6815
154066,154.066,1,4004,54004,lowband_largesig_r00,prps,1427,-23,-0.184678,-4,0,-4,-0.01047198,-0.60000,prps,2,6819
154086,154.086,1,4004,54004,lowband_largesig_r00,prps,1414,-36,-0.280615,1,0,1,0.00261799,0.15000,prps,2,6823
154106,154.106,1,4004,54004,lowband_largesig_r00,prps,1403,-47,-0.366348,8,0,8,0.02094395,1.20000,prps,2,6827
154126,154.126,1,4004,54004,lowband_largesig_r00,prps,1395,-55,-0.430876,13,0,13,0.03403392,1.95000,prps,2,6831
154146,154.146,1,4004,54004,lowband_largesig_r00,prps,1391,-59,-0.465556,20,0,20,0.05235988,3.00000,prps,2,6835
154166,154.166,1,4004,54004,lowband_largesig_r00,prps,1391,-59,-0.465716,24,0,24,0.06283185,3.60000,prps,2,6839
154186,154.186,1,4004,54004,lowband_largesig_r00,prps,1395,-55,-0.431634,26,0,26,0.06806784,3.90000,prps,2,6843
154206,154.206,1,4004,54004,lowband_largesig_r00,prps,1403,-47,-0.368719,27,0,27,0.07068583,4.05000,prps,2,6847
154226,154.226,1,4004,54004,lowband_largesig_r00,prps,1414,-36,-0.286847,27,0,27,0.07068583,4.05000,prps,2,6851
154246,154.246,1,4004,54004,lowband_largesig_r00,prps,1425,-25,-0.198952,27,0,27,0.07068583,4.05000,prps,2,6855
154266,154.266,1,4004,54004,lowband_largesig_r00,prps,1435,-15,-0.119104,26,0,26,0.06806784,3.90000,prps,2,6859
154286,154.286,1,4004,54004,lowband_largesig_r00,prps,1442,-8,-0.060383,22,0,22,0.05759586,3.30000,prps,2,6863
154306,154.306,1,4004,54004,lowband_largesig_r00,prps,1446,-4,-0.032902,16,0,16,0.04188790,2.40000,prps,2,6867
154326,154.326,1,4004,54004,lowband_largesig_r00,prps,1445,-5,-0.042291,12,0,12,0.03141592,1.80000,prps,2,6871
154346,154.346,1,4004,54004,lowband_largesig_r00,prps,1439,-11,-0.088883,9,0,9,0.02356194,1.35000,prps,2,6875
154366,154.366,1,4004,54004,lowband_largesig_r00,prps,1429,-21,-0.167716,9,0,9,0.02356194,1.35000,prps,2,6879
154386,154.386,1,4004,54004,lowband_largesig_r00,prps,1416,-34,-0.269337,9,0,9,0.02356194,1.35000,prps,2,6883
154406,154.406,1,4004,54004,lowband_largesig_r00,prps,1402,-48,-0.381254,11,0,11,0.02879793,1.65000,prps,2,6887
154426,154.426,1,4004,54004,lowband_largesig_r00,prps,1388,-62,-0.489793,14,0,14,0.03665191,2.10000,prps,2,6891
154446,154.446,1,4004,54004,lowband_largesig_r00,prps,1376,-74,-0.582040,20,0,20,0.05235988,3.00000,prps,2,6895
154466,154.466,1,4004,54004,lowband_largesig_r00,prps,1368,-82,-0.647582,26,0,26,0.06806784,3.90000,prps,2,6899
154486,154.486,1,4004,54004,lowband_largesig_r00,prps,1364,-86,-0.679768,31,0,31,0.08115781,4.65000,prps,2,6903
154506,154.506,1,4004,54004,lowband_largesig_r00,prps,1364,-86,-0.676331,37,0,37,0.09686577,5.55000,prps,2,6907
154526,154.526,1,4004,54004,lowband_largesig_r00,prps,1369,-81,-0.639330,42,0,42,0.10995574,6.30000,prps,2,6911
154546,154.546,1,4004,54004,lowband_largesig_r00,prps,1377,-73,-0.574449,44,0,44,0.11519173,6.60000,prps,2,6915
154566,154.566,1,4004,54004,lowband_largesig_r00,prps,1388,-62,-0.489856,45,0,45,0.11780972,6.75000,prps,2,6919
154586,154.586,1,4004,54004,lowband_largesig_r00,prps,1400,-50,-0.394814,44,0,44,0.11519173,6.60000,prps,2,6923
154606,154.606,1,4004,54004,lowband_largesig_r00,prps,1412,-38,-0.298326,43,0,43,0.11257374,6.45000,prps,2,6927
154626,154.626,1,4004,54004,lowband_largesig_r00,prps,1424,-26,-0.208009,37,0,37,0.09686577,5.55000,prps,2,6931
154646,154.646,1,4004,54004,lowband_largesig_r00,prps,1434,-16,-0.129377,30,0,30,0.07853982,4.50000,prps,2,6935
154666,154.666,1,4004,54004,lowband_largesig_r00,prps,1442,-8,-0.065588,23,0,23,0.06021386,3.45000,prps,2,6939
154686,154.686,1,4004,54004,lowband_largesig_r00,prps,1448,-2,-0.017637,16,0,16,0.04188790,2.40000,prps,2,6943
154706,154.706,1,4004,54004,lowband_largesig_r00,prps,1452,2,0.015121,10,0,10,0.02617994,1.50000,prps,2,6947
154726,154.726,1,4004,54004,lowband_largesig_r00,prps,1454,4,0.034277,7,0,7,0.01832596,1.05000,prps,2,6951
154746,154.746,1,4004,54004,lowband_largesig_r00,prps,1455,5,0.041687,4,0,4,0.01047198,0.60000,prps,2,6955
154766,154.766,1,4004,54004,lowband_largesig_r00,prps,1455,5,0.038963,3,0,3,0.00785398,0.45000,prps,2,6959
154786,154.786,1,4004,54004,lowband_largesig_r00,prps,1453,3,0.027241,2,0,2,0.00523599,0.30000,prps,2,6963
154806,154.806,1,4004,54004,lowband_largesig_r00,prps,1451,1,0.007246,2,0,2,0.00523599,0.30000,prps,2,6967
154826,154.826,1,4004,54004,lowband_largesig_r00,prps,1447,-3,-0.020377,2,0,2,0.00523599,0.30000,prps,2,6971
154846,154.846,1,4004,54004,lowband_largesig_r00,prps,1443,-7,-0.054612,2,0,2,0.00523599,0.30000,prps,2,6975
154866,154.866,1,4004,54004,lowband_largesig_r00,prps,1438,-12,-0.093624,3,0,3,0.00785398,0.45000,prps,2,6979
154886,154.886,1,4004,54004,lowband_largesig_r00,prps,1433,-17,-0.134495,4,0,4,0.01047198,0.60000,prps,2,6983
154906,154.906,1,4004,54004,lowband_largesig_r00,prps,1428,-22,-0.173253,6,0,6,0.01570796,0.90000,prps,2,6987
154926,154.926,1,4004,54004,lowband_largesig_r00,prps,1424,-26,-0.205243,7,0,7,0.01832596,1.05000,prps,2,6991
154946,154.946,1,4004,54004,lowband_largesig_r00,prps,1421,-29,-0.225828,9,0,9,0.02356194,1.35000,prps,2,6995
154966,154.966,1,4004,54004,lowband_largesig_r00,prps,1421,-29,-0.231283,12,0,12,0.03141592,1.80000,prps,2,6999
154986,154.986,1,4004,54004,lowband_largesig_r00,prps,1422,-28,-0.219727,13,0,13,0.03403392,1.95000,prps,2,7003
155006,155.006,1,4004,54004,lowband_largesig_r00,prps,1426,-24,-0.191873,14,0,14,0.03665191,2.10000,prps,2,7007
155026,155.026,1,4004,54004,lowband_largesig_r00,prps,1431,-19,-0.151406,15,0,15,0.03926991,2.25000,prps,2,7011
155046,155.046,1,4004,54004,lowband_largesig_r00,prps,1437,-13,-0.104837,14,0,14,0.03665191,2.10000,prps,2,7015
155066,155.066,1,4004,54004,lowband_largesig_r00,prps,1442,-8,-0.060794,14,0,14,0.03665191,2.10000,prps,2,7019
155086,155.086,1,4004,54004,lowband_largesig_r00,prps,1446,-4,-0.028797,14,0,14,0.03665191,2.10000,prps,2,7023
155106,155.106,1,4004,54004,lowband_largesig_r00,prps,1448,-2,-0.017673,14,0,14,0.03665191,2.10000,prps,2,7027
155126,155.126,1,4004,54004,lowband_largesig_r00,prps,1446,-4,-0.033877,12,0,12,0.03141592,1.80000,prps,2,7031
155146,155.146,1,4004,54004,lowband_largesig_r00,prps,1440,-10,-0.080003,9,0,9,0.02356194,1.35000,prps,2,7035
155166,155.166,1,4004,54004,lowband_largesig_r00,prps,1430,-20,-0.153773,8,0,8,0.02094395,1.20000,prps,2,7039
155186,155.186,1,4004,54004,lowband_largesig_r00,prps,1419,-31,-0.247740,8,0,8,0.02094395,1.20000,prps,2,7043
155206,155.206,1,4004,54004,lowband_largesig_r00,prps,1406,-44,-0.349832,10,0,10,0.02617994,1.50000,prps,2,7047
155226,155.226,1,4004,54004,lowband_largesig_r00,prps,1394,-56,-0.444712,13,0,13,0.03403392,1.95000,prps,2,7051
155246,155.246,1,4004,54004,lowband_largesig_r00,prps,1384,-66,-0.515813,18,0,18,0.04712389,2.70000,prps,2,7055
155266,155.266,1,4004,54004,lowband_largesig_r00,prps,1380,-70,-0.547751,24,0,24,0.06283185,3.60000,prps,2,7059
155286,155.286,1,4004,54004,lowband_largesig_r00,prps,1383,-67,-0.528764,28,0,28,0.07330382,4.20000,prps,2,7063
155306,155.306,1,4004,54004,lowband_largesig_r00,prps,1392,-58,-0.452762,31,0,31,0.08115781,4.65000,prps,2,7067
155326,155.326,1,4004,54004,lowband_largesig_r00,prps,1409,-41,-0.320665,33,0,33,0.08639380,4.95000,prps,2,7071
155346,155.346,1,4004,54004,lowband_largesig_r00,prps,1432,-18,-0.140736,33,0,33,0.08639380,4.95000,prps,2,7075
155366,155.366,1,4004,54004,lowband_largesig_r00,prps,1459,9,0.072163,29,0,29,0.07592182,4.35000,prps,2,7079
155386,155.386,1,4004,54004,lowband_largesig_r00,prps,1488,38,0.298334,20,0,20,0.05235988,3.00000,prps,2,7083
155406,155.406,1,4004,54004,lowband_largesig_r00,prps,1516,66,0.515806,8,0,8,0.02094395,1.20000,prps,2,7087
155426,155.426,1,4004,54004,lowband_largesig_r00,prps,1539,89,0.703293,-4,0,-4,-0.01047198,-0.60000,prps,2,7091
155446,155.446,1,4004,54004,lowband_largesig_r00,prps,1557,107,0.843138,-19,0,-19,-0.04974188,-2.85000,prps,2,7095
155466,155.466,1,4004,54004,lowband_largesig_r00,prps,1567,117,0.923756,-34,0,-34,-0.08901179,-5.10000,prps,2,7099
155486,155.486,1,4004,54004,lowband_largesig_r00,prps,1570,120,0.941205,-49,0,-49,-0.12828170,-7.35000,prps,2,7103
155506,155.506,1,4004,54004,lowband_largesig_r00,prps,1564,114,0.899630,-62,0,-62,-0.16231562,-9.30000,prps,2,7107
155526,155.526,1,4004,54004,lowband_largesig_r00,prps,1553,103,0.810494,-66,0,-66,-0.17278760,-9.90000,prps,2,7111
155546,155.546,1,4004,54004,lowband_largesig_r00,prps,1538,88,0.690727,-64,0,-64,-0.16755160,-9.60000,prps,2,7115
155566,155.566,1,4004,54004,lowband_largesig_r00,prps,1521,71,0.560058,-61,0,-61,-0.15969762,-9.15000,prps,2,7119
155586,155.586,1,4004,54004,lowband_largesig_r00,prps,1506,56,0.437975,-56,0,-56,-0.14660765,-8.40000,prps,2,7123
155606,155.606,1,4004,54004,lowband_largesig_r00,prps,1493,43,0.340782,-49,0,-49,-0.12828170,-7.35000,prps,2,7127
155626,155.626,1,4004,54004,lowband_largesig_r00,prps,1485,35,0.279213,-42,0,-42,-0.10995574,-6.30000,prps,2,7131
155646,155.646,1,4004,54004,lowband_largesig_r00,prps,1483,33,0.256994,-34,0,-34,-0.08901179,-5.10000,prps,2,7135
155666,155.666,1,4004,54004,lowband_largesig_r00,prps,1484,34,0.270550,-28,0,-28,-0.07330382,-4.20000,prps,2,7139
155686,155.686,1,4004,54004,lowband_largesig_r00,prps,1489,39,0.309907,-24,0,-24,-0.06283185,-3.60000,prps,2,7143
155706,155.706,1,4004,54004,lowband_largesig_r00,prps,1496,46,0.360599,-21,0,-21,-0.05497787,-3.15000,prps,2,7147
155726,155.726,1,4004,54004,lowband_largesig_r00,prps,1502,52,0.406284,-21,0,-21,-0.05497787,-3.15000,prps,2,7151
155746,155.746,1,4004,54004,lowband_largesig_r00,prps,1505,55,0.431590,-22,0,-22,-0.05759586,-3.30000,prps,2,7155
155766,155.766,1,4004,54004,lowband_largesig_r00,prps,1504,54,0.424744,-22,0,-22,-0.05759586,-3.30000,prps,2,7159
155786,155.786,1,4004,54004,lowband_largesig_r00,prps,1498,48,0.379540,-24,0,-24,-0.06283185,-3.60000,prps,2,7163
155806,155.806,1,4004,54004,lowband_largesig_r00,prps,1488,38,0.296327,-25,0,-25,-0.06544985,-3.75000,prps,2,7167
155826,155.826,1,4004,54004,lowband_largesig_r00,prps,1473,23,0.181875,-25,0,-25,-0.06544985,-3.75000,prps,2,7171
155846,155.846,1,4004,54004,lowband_largesig_r00,prps,1456,6,0.048149,-24,0,-24,-0.06283185,-3.60000,prps,2,7175
155866,155.866,1,4004,54004,lowband_largesig_r00,prps,1439,-11,-0.089768,-19,0,-19,-0.04974188,-2.85000,prps,2,7179
155886,155.886,1,4004,54004,lowband_largesig_r00,prps,1423,-27,-0.216257,-12,0,-12,-0.03141592,-1.80000,prps,2,7183
155906,155.906,1,4004,54004,lowband_largesig_r00,prps,1410,-40,-0.317789,-3,0,-3,-0.00785398,-0.45000,prps,2,7187
155926,155.926,1,4004,54004,lowband_largesig_r00,prps,1401,-49,-0.385155,7,0,7,0.01832596,1.05000,prps,2,7191
155946,155.946,1,4004,54004,lowband_largesig_r00,prps,1397,-53,-0.414923,16,0,16,0.04188790,2.40000,prps,2,7195
155966,155.966,1,4004,54004,lowband_largesig_r00,prps,1398,-52,-0.409887,23,0,23,0.06021386,3.45000,prps,2,7199
155986,155.986,1,4004,54004,lowband_largesig_r00,prps,1402,-48,-0.378442,26,0,26,0.06806784,3.90000,prps,2,7203
156006,156.006,1,4004,54004,lowband_largesig_r00,prps,1408,-42,-0.332994,26,0,26,0.06806784,3.90000,prps,2,7207
156026,156.026,1,4004,54004,lowband_largesig_r00,prps,1413,-37,-0.287712,25,0,25,0.06544985,3.75000,prps,2,7211
156046,156.046,1,4004,54004,lowband_largesig_r00,prps,1417,-33,-0.255981,25,0,25,0.06544985,3.75000,prps,2,7215
156066,156.066,1,4004,54004,lowband_largesig_r00,prps,1419,-31,-0.248019,24,0,24,0.06283185,3.60000,prps,2,7219
156086,156.086,1,4004,54004,lowband_largesig_r00,prps,1416,-34,-0.269048,22,0,22,0.05759586,3.30000,prps,2,7223
156106,156.106,1,4004,54004,lowband_largesig_r00,prps,1410,-40,-0.318322,20,0,20,0.05235988,3.00000,prps,2,7227
156126,156.126,1,4004,54004,lowband_largesig_r00,prps,1401,-49,-0.389179,20,0,20,0.05235988,3.00000,prps,2,7231
156146,156.146,1,4004,54004,lowband_largesig_r00,prps,1390,-60,-0.470085,21,0,21,0.05497787,3.15000,prps,2,7235
156166,156.166,1,4004,54004,lowband_largesig_r00,prps,1381,-69,-0.546498,23,0,23,0.06021386,3.45000,prps,2,7239
156186,156.186,1,4004,54004,lowband_largesig_r00,prps,1373,-77,-0.603219,26,0,26,0.06806784,3.90000,prps,2,7243
156206,156.206,1,4004,54004,lowband_largesig_r00,prps,1370,-80,-0.626845,31,0,31,0.08115781,4.65000,prps,2,7247
156226,156.226,1,4004,54004,lowband_largesig_r00,prps,1373,-77,-0.607915,35,0,35,0.09162979,5.25000,prps,2,7251
156246,156.246,1,4004,54004,lowband_largesig_r00,prps,1381,-69,-0.542405,39,0,39,0.10210176,5.85000,prps,2,7255
156266,156.266,1,4004,54004,lowband_largesig_r00,prps,1395,-55,-0.432353,39,0,39,0.10210176,5.85000,prps,2,7259
156286,156.286,1,4004,54004,lowband_largesig_r00,prps,1414,-36,-0.285518,39,0,39,0.10210176,5.85000,prps,2,7263
156306,156.306,1,4004,54004,lowband_largesig_r00,prps,1435,-15,-0.114192,36,0,36,0.09424778,5.40000,prps,2,7267
156326,156.326,1,4004,54004,lowband_largesig_r00,prps,1458,8,0.066649,29,0,29,0.07592182,4.35000,prps,2,7271
156346,156.346,1,4004,54004,lowband_largesig_r00,prps,1481,31,0.241491,20,0,20,0.05235988,3.00000,prps,2,7275
156366,156.366,1,4004,54004,lowband_largesig_r00,prps,1500,50,0.396396,9,0,9,0.02356194,1.35000,prps,2,7279
156386,156.386,1,4004,54004,lowband_largesig_r00,prps,1516,66,0.520721,-1,0,-1,-0.00261799,-0.15000,prps,2,7283
156406,156.406,1,4004,54004,lowband_largesig_r00,prps,1527,77,0.608196,-13,0,-13,-0.03403392,-1.95000,prps,2,7287
156426,156.426,1,4004,54004,lowband_largesig_r00,prps,1533,83,0.657229,-24,0,-24,-0.06283185,-3.60000,prps,2,7291
156446,156.446,1,4004,54004,lowband_largesig_r00,prps,1535,85,0.670436,-34,0,-34,-0.08901179,-5.10000,prps,2,7295
156466,156.466,1,4004,54004,lowband_largesig_r00,prps,1533,83,0.653557,-42,0,-42,-0.10995574,-6.30000,prps,2,7299
156486,156.486,1,4004,54004,lowband_largesig_r00,prps,1528,78,0.613978,-45,0,-45,-0.11780972,-6.75000,prps,2,7303
156506,156.506,1,4004,54004,lowband_largesig_r00,prps,1521,71,0.559178,-45,0,-45,-0.11780972,-6.75000,prps,2,7307
156526,156.526,1,4004,54004,lowband_largesig_r00,prps,1513,63,0.495393,-45,0,-45,-0.11780972,-6.75000,prps,2,7311
156546,156.546,1,4004,54004,lowband_largesig_r00,prps,1504,54,0.426732,-44,0,-44,-0.11519173,-6.60000,prps,2,7315
156566,156.566,1,4004,54004,lowband_largesig_r00,prps,1495,45,0.354887,-42,0,-42,-0.10995574,-6.30000,prps,2,7319
156586,156.586,1,4004,54004,lowband_largesig_r00,prps,1485,35,0.279467,-38,0,-38,-0.09948376,-5.70000,prps,2,7323
156606,156.606,1,4004,54004,lowband_largesig_r00,prps,1475,25,0.198833,-33,0,-33,-0.08639380,-4.95000,prps,2,7327
156626,156.626,1,4004,54004,lowband_largesig_r00,prps,1464,14,0.111245,-28,0,-28,-0.07330382,-4.20000,prps,2,7331
156646,156.646,1,4004,54004,lowband_largesig_r00,prps,1452,2,0.016060,-22,0,-22,-0.05759586,-3.30000,prps,2,7335
156666,156.666,1,4004,54004,lowband_largesig_r00,prps,1439,-11,-0.085297,-16,0,-16,-0.04188790,-2.40000,prps,2,7339
156686,156.686,1,4004,54004,lowband_largesig_r00,prps,1426,-24,-0.188798,-10,0,-10,-0.02617994,-1.50000,prps,2,7343
156706,156.706,1,4004,54004,lowband_largesig_r00,prps,1413,-37,-0.287858,-2,0,-2,-0.00523599,-0.30000,prps,2,7347
156726,156.726,1,4004,54004,lowband_largesig_r00,prps,1403,-47,-0.373981,6,0,6,0.01570796,0.90000,prps,2,7351
156746,156.746,1,4004,54004,lowband_largesig_r00,prps,1394,-56,-0.437910,14,0,14,0.03665191,2.10000,prps,2,7355
156766,156.766,1,4004,54004,lowband_largesig_r00,prps,1390,-60,-0.471082,21,0,21,0.05497787,3.15000,prps,2,7359
156786,156.786,1,4004,54004,lowband_largesig_r00,prps,1391,-59,-0.467133,25,0,25,0.06544985,3.75000,prps,2,7363
156806,156.806,1,4004,54004,lowband_largesig_r00,prps,1396,-54,-0.423172,28,0,28,0.07330382,4.20000,prps,2,7367
156826,156.826,1,4004,54004,lowband_largesig_r00,prps,1407,-43,-0.340592,29,0,29,0.07592182,4.35000,prps,2,7371
156846,156.846,1,4004,54004,lowband_largesig_r00,prps,1421,-29,-0.225244,29,0,29,0.07592182,4.35000,prps,2,7375
156866,156.866,1,4004,54004,lowband_largesig_r00,prps,1439,-11,-0.086933,27,0,27,0.07068583,4.05000,prps,2,7379
156886,156.886,1,4004,54004,lowband_largesig_r00,prps,1458,8,0.061710,22,0,22,0.05759586,3.30000,prps,2,7383
156906,156.906,1,4004,54004,lowband_largesig_r00,prps,1476,26,0.206792,15,0,15,0.03926991,2.25000,prps,2,7387
156926,156.926,1,4004,54004,lowband_largesig_r00,prps,1493,43,0.334925,8,0,8,0.02094395,1.20000,prps,2,7391
156946,156.946,1,4004,54004,lowband_largesig_r00,prps,1505,55,0.434903,1,0,1,0.00261799,0.15000,prps,2,7395
156966,156.966,1,4004,54004,lowband_largesig_r00,prps,1513,63,0.499036,-9,0,-9,-0.02356194,-1.35000,prps,2,7399
156986,156.986,1,4004,54004,lowband_largesig_r00,prps,1517,67,0.523930,-18,0,-18,-0.04712389,-2.70000,prps,2,7403
157006,157.006,1,4004,54004,lowband_largesig_r00,prps,1515,65,0.510625,-27,0,-27,-0.07068583,-4.05000,prps,2,7407
157026,157.026,1,4004,54004,lowband_largesig_r00,prps,1509,59,0.464086,-33,0,-33,-0.08639380,-4.95000,prps,2,7411
157046,157.046,1,4004,54004,lowband_largesig_r00,prps,1500,50,0.392182,-35,0,-35,-0.09162979,-5.25000,prps,2,7415
157066,157.066,1,4004,54004,lowband_largesig_r00,prps,1489,39,0.304325,-34,0,-34,-0.08901179,-5.10000,prps,2,7419
157086,157.086,1,4004,54004,lowband_largesig_r00,prps,1477,27,0.210054,-33,0,-33,-0.08639380,-4.95000,prps,2,7423
157106,157.106,1,4004,54004,lowband_largesig_r00,prps,1465,15,0.117760,-30,0,-30,-0.07853982,-4.50000,prps,2,7427
157126,157.126,1,4004,54004,lowband_largesig_r00,prps,1454,4,0.033793,-24,0,-24,-0.06283185,-3.60000,prps,2,7431
157146,157.146,1,4004,54004,lowband_largesig_r00,prps,1445,-5,-0.037964,-17,0,-17,-0.04450589,-2.55000,prps,2,7435
157166,157.166,1,4004,54004,lowband_largesig_r00,prps,1438,-12,-0.096020,-11,0,-11,-0.02879793,-1.65000,prps,2,7439
157186,157.186,1,4004,54004,lowband_largesig_r00,prps,1432,-18,-0.140774,-5,0,-5,-0.01308997,-0.75000,prps,2,7443
157206,157.206,1,4004,54004,lowband_largesig_r00,prps,1428,-22,-0.173747,1,0,1,0.00261799,0.15000,prps,2,7447
157226,157.226,1,4004,54004,lowband_largesig_r00,prps,1425,-25,-0.196751,6,0,6,0.01570796,0.90000,prps,2,7451
157246,157.246,1,4004,54004,lowband_largesig_r00,prps,1423,-27,-0.211175,10,0,10,0.02617994,1.50000,prps,2,7455
157266,157.266,1,4004,54004,lowband_largesig_r00,prps,1422,-28,-0.217570,12,0,12,0.03141592,1.80000,prps,2,7459
157286,157.286,1,4004,54004,lowband_largesig_r00,prps,1423,-27,-0.215590,13,0,13,0.03403392,1.95000,prps,2,7463
157306,157.306,1,4004,54004,lowband_largesig_r00,prps,1424,-26,-0.204323,13,0,13,0.03403392,1.95000,prps,2,7467
157326,157.326,1,4004,54004,lowband_largesig_r00,prps,1427,-23,-0.182882,14,0,14,0.03665191,2.10000,prps,2,7471
157346,157.346,1,4004,54004,lowband_largesig_r00,prps,1431,-19,-0.151121,14,0,14,0.03665191,2.10000,prps,2,7475
157366,157.366,1,4004,54004,lowband_largesig_r00,prps,1436,-14,-0.110274,14,0,14,0.03665191,2.10000,prps,2,7479
157386,157.386,1,4004,54004,lowband_largesig_r00,prps,1442,-8,-0.063325,14,0,14,0.03665191,2.10000,prps,2,7483
157406,157.406,1,4004,54004,lowband_largesig_r00,prps,1448,-2,-0.014985,14,0,14,0.03665191,2.10000,prps,2,7487
157426,157.426,1,4004,54004,lowband_largesig_r00,prps,1454,4,0.028792,13,0,13,0.03403392,1.95000,prps,2,7491
157446,157.446,1,4004,54004,lowband_largesig_r00,prps,1458,8,0.061695,11,0,11,0.02879793,1.65000,prps,2,7495
157466,157.466,1,4004,54004,lowband_largesig_r00,prps,1460,10,0.078217,7,0,7,0.01832596,1.05000,prps,2,7499
157486,157.486,1,4004,54004,lowband_largesig_r00,prps,1460,10,0.074859,5,0,5,0.01308997,0.75000,prps,2,7503
157506,157.506,1,4004,54004,lowband_largesig_r00,prps,1456,6,0.051143,3,0,3,0.00785398,0.45000,prps,2,7507
157526,157.526,1,4004,54004,lowband_largesig_r00,prps,1451,1,0.010192,1,0,1,0.00261799,0.15000,prps,2,7511
157546,157.546,1,4004,54004,lowband_largesig_r00,prps,1445,-5,-0.041300,1,0,1,0.00261799,0.15000,prps,2,7515
157566,157.566,1,4004,54004,lowband_largesig_r00,prps,1438,-12,-0.093766,1,0,1,0.00261799,0.15000,prps,2,7519
157586,157.586,1,4004,54004,lowband_largesig_r00,prps,1433,-17,-0.136093,1,0,1,0.00261799,0.15000,prps,2,7523
157606,157.606,1,4004,54004,lowband_largesig_r00,prps,1430,-20,-0.157392,2,0,2,0.00523599,0.30000,prps,2,7527
157626,157.626,1,4004,54004,lowband_largesig_r00,prps,1431,-19,-0.148932,5,0,5,0.01308997,0.75000,prps,2,7531
157646,157.646,1,4004,54004,lowband_largesig_r00,prps,1437,-13,-0.105919,8,0,8,0.02094395,1.20000,prps,2,7535
157666,157.666,1,4004,54004,lowband_largesig_r00,prps,1446,-4,-0.028777,10,0,10,0.02617994,1.50000,prps,2,7539
157686,157.686,1,4004,54004,lowband_largesig_r00,prps,1460,10,0.076337,10,0,10,0.02617994,1.50000,prps,2,7543
157706,157.706,1,4004,54004,lowband_largesig_r00,prps,1475,25,0.197934,9,0,9,0.02356194,1.35000,prps,2,7547
157726,157.726,1,4004,54004,lowband_largesig_r00,prps,1491,41,0.320520,5,0,5,0.01308997,0.75000,prps,2,7551
157746,157.746,1,4004,54004,lowband_largesig_r00,prps,1504,54,0.426696,0,0,0,0.00000000,0.00000,prps,2,7555
157766,157.766,1,4004,54004,lowband_largesig_r00,prps,1513,63,0.499736,-8,0,-8,-0.02094395,-1.20000,prps,2,7559
157786,157.786,1,4004,54004,lowband_largesig_r00,prps,1517,67,0.526251,-17,0,-17,-0.04450589,-2.55000,prps,2,7563
157806,157.806,1,4004,54004,lowband_largesig_r00,prps,1513,63,0.498507,-26,0,-26,-0.06806784,-3.90000,prps,2,7567
157826,157.826,1,4004,54004,lowband_largesig_r00,prps,1503,53,0.415997,-32,0,-32,-0.08377580,-4.80000,prps,2,7571
157846,157.846,1,4004,54004,lowband_largesig_r00,prps,1486,36,0.285984,-35,0,-35,-0.09162979,-5.25000,prps,2,7575
157866,157.866,1,4004,54004,lowband_largesig_r00,prps,1466,16,0.122866,-33,0,-33,-0.08639380,-4.95000,prps,2,7579
157886,157.886,1,4004,54004,lowband_largesig_r00,prps,1443,-7,-0.053583,-28,0,-28,-0.07330382,-4.20000,prps,2,7583
157906,157.906,1,4004,54004,lowband_largesig_r00,prps,1422,-28,-0.220867,-19,0,-19,-0.04974188,-2.85000,prps,2,7587
157926,157.926,1,4004,54004,lowband_largesig_r00,prps,1405,-45,-0.356930,-9,0,-9,-0.02356194,-1.35000,prps,2,7591
157946,157.946,1,4004,54004,lowband_largesig_r00,prps,1394,-56,-0.443357,3,0,3,0.00785398,0.45000,prps,2,7595
157966,157.966,1,4004,54004,lowband_largesig_r00,prps,1391,-59,-0.468111,15,0,15,0.03926991,2.25000,prps,2,7599
157986,157.986,1,4004,54004,lowband_largesig_r00,prps,1396,-54,-0.427377,25,0,25,0.06544985,3.75000,prps,2,7603
158006,158.006,1,4004,54004,lowband_largesig_r00,prps,1409,-41,-0.326214,29,0,29,0.07592182,4.35000,prps,2,7607
158026,158.026,1,4004,54004,lowband_largesig_r00,prps,1427,-23,-0.177894,30,0,30,0.07853982,4.50000,prps,2,7611
158046,158.046,1,4004,54004,lowband_largesig_r00,prps,1450,0,-0.002018,27,0,27,0.07068583,4.05000,prps,2,7615
158066,158.066,1,4004,54004,lowband_largesig_r00,prps,1473,23,0.178298,21,0,21,0.05497787,3.15000,prps,2,7619
158086,158.086,1,4004,54004,lowband_largesig_r00,prps,1493,43,0.339762,12,0,12,0.03141592,1.80000,prps,2,7623
158106,158.106,1,4004,54004,lowband_largesig_r00,prps,1509,59,0.462226,4,0,4,0.01047198,0.60000,prps,2,7627
158126,158.126,1,4004,54004,lowband_largesig_r00,prps,1518,68,0.531507,-6,0,-6,-0.01570796,-0.90000,prps,2,7631
158146,158.146,1,4004,54004,lowband_largesig_r00,prps,1519,69,0.541258,-17,0,-17,-0.04450589,-2.55000,prps,2,7635
158166,158.166,1,4004,54004,lowband_largesig_r00,prps,1513,63,0.493628,-27,0,-27,-0.07068583,-4.05000,prps,2,7639
158186,158.186,1,4004,54004,lowband_largesig_r00,prps,1501,51,0.398621,-34,0,-34,-0.08901179,-5.10000,prps,2,7643
158206,158.206,1,4004,54004,lowband_largesig_r00,prps,1485,35,0.272282,-36,0,-36,-0.09424778,-5.40000,prps,2,7647
158226,158.226,1,4004,54004,lowband_largesig_r00,prps,1467,17,0.134022,-33,0,-33,-0.08639380,-4.95000,prps,2,7651
158246,158.246,1,4004,54004,lowband_largesig_r00,prps,1450,0,0.003516,-28,0,-28,-0.07330382,-4.20000,prps,2,7655
158266,158.266,1,4004,54004,lowband_largesig_r00,prps,1437,-13,-0.102326,-19,0,-19,-0.04974188,-2.85000,prps,2,7659
158286,158.286,1,4004,54004,lowband_largesig_r00,prps,1428,-22,-0.171827,-11,0,-11,-0.02879793,-1.65000,prps,2,7663
158306,158.306,1,4004,54004,lowband_largesig_r00,prps,1425,-25,-0.200101,-3,0,-3,-0.00785398,-0.45000,prps,2,7667
158326,158.326,1,4004,54004,lowband_largesig_r00,prps,1426,-24,-0.189455,5,0,5,0.01308997,0.75000,prps,2,7671
158346,158.346,1,4004,54004,lowband_largesig_r00,prps,1431,-19,-0.148628,10,0,10,0.02617994,1.50000,prps,2,7675
158366,158.366,1,4004,54004,lowband_largesig_r00,prps,1438,-12,-0.091031,11,0,11,0.02879793,1.65000,prps,2,7679
158386,158.386,1,4004,54004,lowband_largesig_r00,prps,1446,-4,-0.032305,11,0,11,0.02879793,1.65000,prps,2,7683
158406,158.406,1,4004,54004,lowband_largesig_r00,prps,1452,2,0.012376,11,0,11,0.02879793,1.65000,prps,2,7687
158426,158.426,1,4004,54004,lowband_largesig_r00,prps,1454,4,0.030799,11,0,11,0.02879793,1.65000,prps,2,7691
158446,158.446,1,4004,54004,lowband_largesig_r00,prps,1452,2,0.015613,10,0,10,0.02617994,1.50000,prps,2,7695
158466,158.466,1,4004,54004,lowband_largesig_r00,prps,1446,-4,-0.034668,8,0,8,0.02094395,1.20000,prps,2,7699
158486,158.486,1,4004,54004,lowband_largesig_r00,prps,1435,-15,-0.115675,6,0,6,0.01570796,0.90000,prps,2,7703
158506,158.506,1,4004,54004,lowband_largesig_r00,prps,1422,-28,-0.218173,6,0,6,0.01570796,0.90000,prps,2,7707
158526,158.526,1,4004,54004,lowband_largesig_r00,prps,1408,-42,-0.329805,7,0,7,0.01832596,1.05000,prps,2,7711
158546,158.546,1,4004,54004,lowband_largesig_r00,prps,1394,-56,-0.437279,10,0,10,0.02617994,1.50000,prps,2,7715
158566,158.566,1,4004,54004,lowband_largesig_r00,prps,1383,-67,-0.528595,15,0,15,0.03926991,2.25000,prps,2,7719
158586,158.586,1,4004,54004,lowband_largesig_r00,prps,1374,-76,-0.594929,21,0,21,0.05497787,3.15000,prps,2,7723
158606,158.606,1,4004,54004,lowband_largesig_r00,prps,1370,-80,-0.631870,26,0,26,0.06806784,3.90000,prps,2,7727
158626,158.626,1,4004,54004,lowband_largesig_r00,prps,1369,-81,-0.639832,31,0,31,0.08115781,4.65000,prps,2,7731
158646,158.646,1,4004,54004,lowband_largesig_r00,prps,1371,-79,-0.623590,36,0,36,0.09424778,5.40000,prps,2,7735
158666,158.666,1,4004,54004,lowband_largesig_r00,prps,1375,-75,-0.591088,39,0,39,0.10210176,5.85000,prps,2,7739
158686,158.686,1,4004,54004,lowband_largesig_r00,prps,1380,-70,-0.551745,41,0,41,0.10733775,6.15000,prps,2,7743
158706,158.706,1,4004,54004,lowband_largesig_r00,prps,1385,-65,-0.514595,41,0,41,0.10733775,6.15000,prps,2,7747
158726,158.726,1,4004,54004,lowband_largesig_r00,prps,1388,-62,-0.486604,41,0,41,0.10733775,6.15000,prps,2,7751
158746,158.746,1,4004,54004,lowband_largesig_r00,prps,1390,-60,-0.471455,40,0,40,0.10471976,6.00000,prps,2,7755
158766,158.766,1,4004,54004,lowband_largesig_r00,prps,1390,-60,-0.469024,40,0,40,0.10471976,6.00000,prps,2,7759
158786,158.786,1,4004,54004,lowband_largesig_r00,prps,1390,-60,-0.475590,39,0,39,0.10210176,5.85000,prps,2,7763
158806,158.806,1,4004,54004,lowband_largesig_r00,prps,1388,-62,-0.484744,37,0,37,0.09686577,5.55000,prps,2,7767
158826,158.826,1,4004,54004,lowband_largesig_r00,prps,1388,-62,-0.488783,35,0,35,0.09162979,5.25000,prps,2,7771
158846,158.846,1,4004,54004,lowband_largesig_r00,prps,1389,-61,-0.480338,35,0,35,0.09162979,5.25000,prps,2,7775
158866,158.866,1,4004,54004,lowband_largesig_r00,prps,1392,-58,-0.453900,35,0,35,0.09162979,5.25000,prps,2,7779
158886,158.886,1,4004,54004,lowband_largesig_r00,prps,1398,-52,-0.406992,35,0,35,0.09162979,5.25000,prps,2,7783
158906,158.906,1,4004,54004,lowband_largesig_r00,prps,1407,-43,-0.340745,35,0,35,0.09162979,5.25000,prps,2,7787
158926,158.926,1,4004,54004,lowband_largesig_r00,prps,1417,-33,-0.259803,32,0,32,0.08377580,4.80000,prps,2,7791
158946,158.946,1,4004,54004,lowband_largesig_r00,prps,1428,-22,-0.171574,28,0,28,0.07330382,4.20000,prps,2,7795
158966,158.966,1,4004,54004,lowband_largesig_r00,prps,1439,-11,-0.084971,25,0,25,0.06544985,3.75000,prps,2,7799
158986,158.986,1,4004,54004,lowband_largesig_r00,prps,1449,-1,-0.008892,20,0,20,0.05235988,3.00000,prps,2,7803
159006,159.006,1,4004,54004,lowband_largesig_r00,prps,1456,6,0.049295,15,0,15,0.03926991,2.25000,prps,2,7807
159026,159.026,1,4004,54004,lowband_largesig_r00,prps,1461,11,0.084985,11,0,11,0.02879793,1.65000,prps,2,7811
159046,159.046,1,4004,54004,lowband_largesig_r00,prps,1462,12,0.097064,7,0,7,0.01832596,1.05000,prps,2,7815
159066,159.066,1,4004,54004,lowband_largesig_r00,prps,1461,11,0.088023,4,0,4,0.01047198,0.60000,prps,2,7819
159086,159.086,1,4004,54004,lowband_largesig_r00,prps,1458,8,0.063447,2,0,2,0.00523599,0.30000,prps,2,7823
159106,159.106,1,4004,54004,lowband_largesig_r00,prps,1454,4,0.030989,0,0,0,0.00000000,0.00000,prps,2,7827
159126,159.126,1,4004,54004,lowband_largesig_r00,prps,1450,0,-0.000969,0,0,0,0.00000000,0.00000,prps,2,7831
159146,159.146,1,4004,54004,lowband_largesig_r00,prps,1447,-3,-0.024725,1,0,1,0.00261799,0.15000,prps,2,7835
159166,159.166,1,4004,54004,lowband_largesig_r00,prps,1446,-4,-0.034469,1,0,1,0.00261799,0.15000,prps,2,7839
159186,159.186,1,4004,54004,lowband_largesig_r00,prps,1447,-3,-0.027099,2,0,2,0.00523599,0.30000,prps,2,7843
159206,159.206,1,4004,54004,lowband_largesig_r00,prps,1450,0,-0.002499,3,0,3,0.00785398,0.45000,prps,2,7847
159226,159.226,1,4004,54004,lowband_largesig_r00,prps,1455,5,0.036732,3,0,3,0.00785398,0.45000,prps,2,7851
159246,159.246,1,4004,54004,lowband_largesig_r00,prps,1461,11,0.086034,4,0,4,0.01047198,0.60000,prps,2,7855
159266,159.266,1,4004,54004,lowband_largesig_r00,prps,1468,18,0.139949,3,0,3,0.00785398,0.45000,prps,2,7859
159286,159.286,1,4004,54004,lowband_largesig_r00,prps,1475,25,0.193266,2,0,2,0.00523599,0.30000,prps,2,7863
159306,159.306,1,4004,54004,lowband_largesig_r00,prps,1481,31,0.242019,-1,0,-1,-0.00261799,-0.15000,prps,2,7867
159326,159.326,1,4004,54004,lowband_largesig_r00,prps,1486,36,0.284143,-4,0,-4,-0.01047198,-0.60000,prps,2,7871
159346,159.346,1,4004,54004,lowband_largesig_r00,prps,1491,41,0.319659,-8,0,-8,-0.02094395,-1.20000,prps,2,7875
159366,159.366,1,4004,54004,lowband_largesig_r00,prps,1494,44,0.350365,-12,0,-12,-0.03141592,-1.80000,prps,2,7879
159386,159.386,1,4004,54004,lowband_largesig_r00,prps,1498,48,0.379110,-16,0,-16,-0.04188790,-2.40000,prps,2,7883
159406,159.406,1,4004,54004,lowband_largesig_r00,prps,1502,52,0.408797,-19,0,-19,-0.04974188,-2.85000,prps,2,7887
159426,159.426,1,4004,54004,lowband_largesig_r00,prps,1506,56,0.441357,-22,0,-22,-0.05759586,-3.30000,prps,2,7891
159446,159.446,1,4004,54004,lowband_largesig_r00,prps,1511,61,0.476895,-24,0,-24,-0.06283185,-3.60000,prps,2,7895
159466,159.466,1,4004,54004,lowband_largesig_r00,prps,1515,65,0.513214,-25,0,-25,-0.06544985,-3.75000,prps,2,7899
159486,159.486,1,4004,54004,lowband_largesig_r00,prps,1519,69,0.545841,-27,0,-27,-0.07068583,-4.05000,prps,2,7903
159506,159.506,1,4004,54004,lowband_largesig_r00,prps,1522,72,0.568571,-30,0,-30,-0.07853982,-4.50000,prps,2,7907
159526,159.526,1,4004,54004,lowband_largesig_r00,prps,1523,73,0.574453,-33,0,-33,-0.08639380,-4.95000,prps,2,7911
159546,159.546,1,4004,54004,lowband_largesig_r00,prps,1521,71,0.557048,-35,0,-35,-0.09162979,-5.25000,prps,2,7915
159566,159.566,1,4004,54004,lowband_largesig_r00,prps,1515,65,0.511730,-38,0,-38,-0.09948376,-5.70000,prps,2,7919
159586,159.586,1,4004,54004,lowband_largesig_r00,prps,1505,55,0.436771,-39,0,-39,-0.10210176,-5.85000,prps,2,7923
159606,159.606,1,4004,54004,lowband_largesig_r00,prps,1492,42,0.334015,-38,0,-38,-0.09948376,-5.70000,prps,2,7927
159626,159.626,1,4004,54004,lowband_largesig_r00,prps,1477,27,0.208972,-36,0,-36,-0.09424778,-5.40000,prps,2,7931
159646,159.646,1,4004,54004,lowband_largesig_r00,prps,1459,9,0.070311,-33,0,-33,-0.08639380,-4.95000,prps,2,7935
159666,159.666,1,4004,54004,lowband_largesig_r00,prps,1441,-9,-0.071203,-25,0,-25,-0.06544985,-3.75000,prps,2,7939
159686,159.686,1,4004,54004,lowband_largesig_r00,prps,1424,-26,-0.204133,-16,0,-16,-0.04188790,-2.40000,prps,2,7943
159706,159.706,1,4004,54004,lowband_largesig_r00,prps,1410,-40,-0.317941,-7,0,-7,-0.01832596,-1.05000,prps,2,7947
159726,159.726,1,4004,54004,lowband_largesig_r00,prps,1399,-51,-0.404412,3,0,3,0.00785398,0.45000,prps,2,7951
159746,159.746,1,4004,54004,lowband_largesig_r00,prps,1392,-58,-0.458711,13,0,13,0.03403392,1.95000,prps,2,7955
159766,159.766,1,4004,54004,lowband_largesig_r00,prps,1389,-61,-0.479864,22,0,22,0.05759586,3.30000,prps,2,7959
159786,159.786,1,4004,54004,lowband_largesig_r00,prps,1390,-60,-0.470611,27,0,27,0.07068583,4.05000,prps,2,7963
159806,159.806,1,4004,54004,lowband_largesig_r00,prps,1395,-55,-0.436647,31,0,31,0.08115781,4.65000,prps,2,7967
159826,159.826,1,4004,54004,lowband_largesig_r00,prps,1401,-49,-0.385422,31,0,31,0.08115781,4.65000,prps,2,7971
159846,159.846,1,4004,54004,lowband_largesig_r00,prps,1409,-41,-0.324711,31,0,31,0.08115781,4.65000,prps,2,7975
159866,159.866,1,4004,54004,lowband_largesig_r00,prps,1417,-33,-0.261240,31,0,31,0.08115781,4.65000,prps,2,7979
159886,159.886,1,4004,54004,lowband_largesig_r00,prps,1425,-25,-0.199633,30,0,30,0.07853982,4.50000,prps,2,7983
159906,159.906,1,4004,54004,lowband_largesig_r00,prps,1432,-18,-0.141862,28,0,28,0.07330382,4.20000,prps,2,7987
159926,159.926,1,4004,54004,lowband_largesig_r00,prps,1439,-11,-0.087326,22,0,22,0.05759586,3.30000,prps,2,7991
159946,159.946,1,4004,54004,lowband_largesig_r00,prps,1446,-4,-0.033512,17,0,17,0.04450589,2.55000,prps,2,7995
159966,159.966,1,4004,54004,lowband_largesig_r00,prps,1453,3,0.022884,13,0,13,0.03403392,1.95000,prps,2,7999
178679,178.679,1,4004,54004,lowband_largesig_r00,prps,1461,11,0.084619,5,0,5,0.01308997,0.75000,prps,3,3
178699,178.699,1,4004,54004,lowband_largesig_r00,prps,1469,19,0.152643,3,0,3,0.00785398,0.45000,prps,3,7
178719,178.719,1,4004,54004,lowband_largesig_r00,prps,1479,29,0.225191,0,0,0,0.00000000,0.00000,prps,3,11
178739,178.739,1,4004,54004,lowband_largesig_r00,prps,1488,38,0.297449,-2,0,-2,-0.00523599,-0.30000,prps,3,15
178759,178.759,1,4004,54004,lowband_largesig_r00,prps,1496,46,0.361933,-7,0,-7,-0.01832596,-1.05000,prps,3,19
178779,178.779,1,4004,54004,lowband_largesig_r00,prps,1502,52,0.409550,-11,0,-11,-0.02879793,-1.65000,prps,3,23
178799,178.799,1,4004,54004,lowband_largesig_r00,prps,1505,55,0.431186,-16,0,-16,-0.04188790,-2.40000,prps,3,27
178819,178.819,1,4004,54004,lowband_largesig_r00,prps,1503,53,0.419575,-20,0,-20,-0.05235988,-3.00000,prps,3,31
178839,178.839,1,4004,54004,lowband_largesig_r00,prps,1497,47,0.371080,-23,0,-23,-0.06021386,-3.45000,prps,3,35
178859,178.859,1,4004,54004,lowband_largesig_r00,prps,1486,36,0.287056,-25,0,-25,-0.06544985,-3.75000,prps,3,39
178879,178.879,1,4004,54004,lowband_largesig_r00,prps,1472,22,0.174482,-25,0,-25,-0.06544985,-3.75000,prps,3,43
178899,178.899,1,4004,54004,lowband_largesig_r00,prps,1456,6,0.045677,-23,0,-23,-0.06021386,-3.45000,prps,3,47
178919,178.919,1,4004,54004,lowband_largesig_r00,prps,1439,-11,-0.082940,-19,0,-19,-0.04974188,-2.85000,prps,3,51
178939,178.939,1,4004,54004,lowband_largesig_r00,prps,1426,-24,-0.192910,-13,0,-13,-0.03403392,-1.95000,prps,3,55
178959,178.959,1,4004,54004,lowband_largesig_r00,prps,1416,-34,-0.266351,-5,0,-5,-0.01308997,-0.75000,prps,3,59
178979,178.979,1,4004,54004,lowband_largesig_r00,prps,1413,-37,-0.288707,5,0,5,0.01308997,0.75000,prps,3,63
178999,178.999,1,4004,54004,lowband_largesig_r00,prps,1418,-32,-0.251218,12,0,12,0.03141592,1.80000,prps,3,67
179019,179.019,1,4004,54004,lowband_largesig_r00,prps,1431,-19,-0.152658,15,0,15,0.03926991,2.25000,prps,3,71
179039,179.039,1,4004,54004,lowband_largesig_r00,prps,1450,0,-0.000044,16,0,16,0.04188790,2.40000,prps,3,75
179059,179.059,1,4004,54004,lowband_largesig_r00,prps,1474,24,0.191877,14,0,14,0.03665191,2.10000,prps,3,79
179079,179.079,1,4004,54004,lowband_largesig_r00,prps,1501,51,0.402326,9,0,9,0.02356194,1.35000,prps,3,83
179099,179.099,1,4004,54004,lowband_largesig_r00,prps,1527,77,0.607174,1,0,1,0.00261799,0.15000,prps,3,87
179119,179.119,1,4004,54004,lowband_largesig_r00,prps,1549,99,0.782222,-10,0,-10,-0.02617994,-1.50000,prps,3,91
179139,179.139,1,4004,54004,lowband_largesig_r00,prps,1565,115,0.906604,-25,0,-25,-0.06544985,-3.75000,prps,3,95
179159,179.159,1,4004,54004,lowband_largesig_r00,prps,1573,123,0.965787,-40,0,-40,-0.10471976,-6.00000,prps,3,99
179179,179.179,1,4004,54004,lowband_largesig_r00,prps,1571,121,0.953703,-53,0,-53,-0.13875367,-7.95000,prps,3,103
179199,179.199,1,4004,54004,lowband_largesig_r00,prps,1561,111,0.873677,-65,0,-65,-0.17016960,-9.75000,prps,3,107
179219,179.219,1,4004,54004,lowband_largesig_r00,prps,1544,94,0.737994,-70,0,-70,-0.18325958,-10.50000,prps,3,111
179239,179.239,1,4004,54004,lowband_largesig_r00,prps,1522,72,0.566154,-68,0,-68,-0.17802358,-10.20000,prps,3,115
179259,179.259,1,4004,54004,lowband_largesig_r00,prps,1499,49,0.382073,-60,0,-60,-0.15707964,-9.00000,prps,3,119
179279,179.279,1,4004,54004,lowband_largesig_r00,prps,1477,27,0.210660,-50,0,-50,-0.13089970,-7.50000,prps,3,123
179299,179.299,1,4004,54004,lowband_largesig_r00,prps,1459,9,0.074269,-40,0,-40,-0.10471976,-6.00000,prps,3,127
179319,179.319,1,4004,54004,lowband_largesig_r00,prps,1449,-1,-0.010410,-29,0,-29,-0.07592182,-4.35000,prps,3,131
179339,179.339,1,4004,54004,lowband_largesig_r00,prps,1446,-4,-0.034594,-18,0,-18,-0.04712389,-2.70000,prps,3,135
179359,179.359,1,4004,54004,lowband_largesig_r00,prps,1450,0,0.001574,-8,0,-8,-0.02094395,-1.20000,prps,3,139
179379,179.379,1,4004,54004,lowband_largesig_r00,prps,1461,11,0.089340,-1,0,-1,-0.00261799,-0.15000,prps,3,143
179399,179.399,1,4004,54004,lowband_largesig_r00,prps,1477,27,0.212914,1,0,1,0.00261799,0.15000,prps,3,147
179419,179.419,1,4004,54004,lowband_largesig_r00,prps,1495,45,0.352032,0,0,0,0.00000000,0.00000,prps,3,151
179439,179.439,1,4004,54004,lowband_largesig_r00,prps,1512,62,0.485087,-4,0,-4,-0.01047198,-0.60000,prps,3,155
179459,179.459,1,4004,54004,lowband_largesig_r00,prps,1525,75,0.592328,-12,0,-12,-0.03141592,-1.80000,prps,3,159
179479,179.479,1,4004,54004,lowband_largesig_r00,prps,1534,84,0.658636,-21,0,-21,-0.05497787,-3.15000,prps,3,163
179499,179.499,1,4004,54004,lowband_largesig_r00,prps,1536,86,0.675465,-31,0,-31,-0.08115781,-4.65000,prps,3,167
179519,179.519,1,4004,54004,lowband_largesig_r00,prps,1531,81,0.641684,-39,0,-39,-0.10210176,-5.85000,prps,3,171
179539,179.539,1,4004,54004,lowband_largesig_r00,prps,1522,72,0.563239,-44,0,-44,-0.11519173,-6.60000,prps,3,175
179559,179.559,1,4004,54004,lowband_largesig_r00,prps,1507,57,0.451755,-46,0,-46,-0.12042772,-6.90000,prps,3,179
179579,179.579,1,4004,54004,lowband_largesig_r00,prps,1491,41,0.322332,-44,0,-44,-0.11519173,-6.60000,prps,3,183
179599,179.599,1,4004,54004,lowband_largesig_r00,prps,1474,24,0.190959,-40,0,-40,-0.10471976,-6.00000,prps,3,187
179619,179.619,1,4004,54004,lowband_largesig_r00,prps,1459,9,0.071949,-33,0,-33,-0.08639380,-4.95000,prps,3,191
179639,179.639,1,4004,54004,lowband_largesig_r00,prps,1447,-3,-0.024163,-25,0,-25,-0.06544985,-3.75000,prps,3,195
179659,179.659,1,4004,54004,lowband_largesig_r00,prps,1438,-12,-0.091970,-15,0,-15,-0.03926991,-2.25000,prps,3,199
179679,179.679,1,4004,54004,lowband_largesig_r00,prps,1433,-17,-0.131595,-6,0,-6,-0.01570796,-0.90000,prps,3,203
179699,179.699,1,4004,54004,lowband_largesig_r00,prps,1431,-19,-0.148159,1,0,1,0.00261799,0.15000,prps,3,207
179719,179.719,1,4004,54004,lowband_largesig_r00,prps,1431,-19,-0.150444,7,0,7,0.01832596,1.05000,prps,3,211
179739,179.739,1,4004,54004,lowband_largesig_r00,prps,1431,-19,-0.149042,9,0,9,0.02356194,1.35000,prps,3,215
179759,179.759,1,4004,54004,lowband_largesig_r00,prps,1430,-20,-0.154330,10,0,10,0.02617994,1.50000,prps,3,219
179779,179.779,1,4004,54004,lowband_largesig_r00,prps,1428,-22,-0.174629,11,0,11,0.02879793,1.65000,prps,3,223
179799,179.799,1,4004,54004,lowband_largesig_r00,prps,1423,-27,-0.214853,12,0,12,0.03141592,1.80000,prps,3,227
179819,179.819,1,4004,54004,lowband_largesig_r00,prps,1415,-35,-0.275842,12,0,12,0.03141592,1.80000,prps,3,231
179839,179.839,1,4004,54004,lowband_largesig_r00,prps,1405,-45,-0.354459,13,0,13,0.03403392,1.95000,prps,3,235
179859,179.859,1,4004,54004,lowband_largesig_r00,prps,1394,-56,-0.444364,15,0,15,0.03926991,2.25000,prps,3,239
179879,179.879,1,4004,54004,lowband_largesig_r00,prps,1382,-68,-0.537292,19,0,19,0.04974188,2.85000,prps,3,243
179899,179.899,1,4004,54004,lowband_largesig_r00,prps,1371,-79,-0.624563,24,0,24,0.06283185,3.60000,prps,3,247
179919,179.919,1,4004,54004,lowband_largesig_r00,prps,1361,-89,-0.698533,28,0,28,0.07330382,4.20000,prps,3,251
179939,179.939,1,4004,54004,lowband_largesig_r00,prps,1354,-96,-0.753730,35,0,35,0.09162979,5.25000,prps,3,255
179959,179.959,1,4004,54004,lowband_largesig_r00,prps,1350,-100,-0.787480,40,0,40,0.10471976,6.00000,prps,3,259
179979,179.979,1,4004,54004,lowband_largesig_r00,prps,1348,-102,-0.799950,46,0,46,0.12042772,6.90000,prps,3,263
179999,179.999,1,4004,54004,lowband_largesig_r00,prps,1349,-101,-0.793653,51,0,51,0.13351768,7.65000,prps,3,267
180019,180.019,1,4004,54004,lowband_largesig_r00,prps,1352,-98,-0.772536,54,0,54,0.14137166,8.10000,prps,3,271
180039,180.039,1,4004,54004,lowband_largesig_r00,prps,1356,-94,-0.740892,56,0,56,0.14660765,8.40000,prps,3,275
180059,180.059,1,4004,54004,lowband_largesig_r00,prps,1361,-89,-0.702316,56,0,56,0.14660765,8.40000,prps,3,279
180079,180.079,1,4004,54004,lowband_largesig_r00,prps,1366,-84,-0.658938,56,0,56,0.14660765,8.40000,prps,3,283
180099,180.099,1,4004,54004,lowband_largesig_r00,prps,1372,-78,-0.611089,56,0,56,0.14660765,8.40000,prps,3,287
180119,180.119,1,4004,54004,lowband_largesig_r00,prps,1379,-71,-0.557456,55,0,55,0.14398966,8.25000,prps,3,291
180139,180.139,1,4004,54004,lowband_largesig_r00,prps,1387,-63,-0.495699,53,0,53,0.13875367,7.95000,prps,3,295
180159,180.159,1,4004,54004,lowband_largesig_r00,prps,1396,-54,-0.423376,50,0,50,0.13089970,7.50000,prps,3,299
180179,180.179,1,4004,54004,lowband_largesig_r00,prps,1407,-43,-0.338992,45,0,45,0.11780972,6.75000,prps,3,303
180199,180.199,1,4004,54004,lowband_largesig_r00,prps,1419,-31,-0.242923,40,0,40,0.10471976,6.00000,prps,3,307
180219,180.219,1,4004,54004,lowband_largesig_r00,prps,1432,-18,-0.138019,33,0,33,0.08639380,4.95000,prps,3,311
180239,180.239,1,4004,54004,lowband_largesig_r00,prps,1446,-4,-0.029733,26,0,26,0.06806784,3.90000,prps,3,315
180259,180.259,1,4004,54004,lowband_largesig_r00,prps,1459,9,0.074280,18,0,18,0.04712389,2.70000,prps,3,319
180279,180.279,1,4004,54004,lowband_largesig_r00,prps,1471,21,0.165051,11,0,11,0.02879793,1.65000,prps,3,323
180299,180.299,1,4004,54004,lowband_largesig_r00,prps,1480,30,0.233522,5,0,5,0.01308997,0.75000,prps,3,327
180319,180.319,1,4004,54004,lowband_largesig_r00,prps,1485,35,0.271899,0,0,0,0.00000000,0.00000,prps,3,331
180339,180.339,1,4004,54004,lowband_largesig_r00,prps,1485,35,0.274895,-5,0,-5,-0.01308997,-0.75000,prps,3,335
180359,180.359,1,4004,54004,lowband_largesig_r00,prps,1481,31,0.240622,-10,0,-10,-0.02617994,-1.50000,prps,3,339
180379,180.379,1,4004,54004,lowband_largesig_r00,prps,1472,22,0.170978,-14,0,-14,-0.03665191,-2.10000,prps,3,343
180399,180.399,1,4004,54004,lowband_largesig_r00,prps,1459,9,0.071443,-16,0,-16,-0.04188790,-2.40000,prps,3,347
180419,180.419,1,4004,54004,lowband_largesig_r00,prps,1444,-6,-0.049683,-15,0,-15,-0.03926991,-2.25000,prps,3,351
180439,180.439,1,4004,54004,lowband_largesig_r00,prps,1427,-23,-0.182472,-12,0,-12,-0.03141592,-1.80000,prps,3,355
180459,180.459,1,4004,54004,lowband_largesig_r00,prps,1410,-40,-0.316778,-5,0,-5,-0.01308997,-0.75000,prps,3,359
180479,180.479,1,4004,54004,lowband_largesig_r00,prps,1394,-56,-0.443626,3,0,3,0.00785398,0.45000,prps,3,363
180499,180.499,1,4004,54004,lowband_largesig_r00,prps,1379,-71,-0.556321,14,0,14,0.03665191,2.10000,prps,3,367
180519,180.519,1,4004,54004,lowband_largesig_r00,prps,1367,-83,-0.651107,23,0,23,0.06021386,3.45000,prps,3,371
180539,180.539,1,4004,54004,lowband_largesig_r00,prps,1358,-92,-0.727262,31,0,31,0.08115781,4.65000,prps,3,375
180559,180.559,1,4004,54004,lowband_largesig_r00,prps,1350,-100,-0.786627,38,0,38,0.09948376,5.70000,prps,3,379
180579,180.579,1,4004,54004,lowband_largesig_r00,prps,1344,-106,-0.832700,44,0,44,0.11519173,6.60000,prps,3,383
180599,180.599,1,4004,54004,lowband_largesig_r00,prps,1340,-110,-0.869456,51,0,51,0.13351768,7.65000,prps,3,387
180619,180.619,1,4004,54004,lowband_largesig_r00,prps,1336,-114,-0.900161,56,0,56,0.14660765,8.40000,prps,3,391
180639,180.639,1,4004,54004,lowband_largesig_r00,prps,1332,-118,-0.926408,60,0,60,0.15707964,9.00000,prps,3,395
180659,180.659,1,4004,54004,lowband_largesig_r00,prps,1330,-120,-0.947581,63,0,63,0.16493360,9.45000,prps,3,399
180679,180.679,1,4004,54004,lowband_largesig_r00,prps,1328,-122,-0.960842,65,0,65,0.17016960,9.75000,prps,3,403
180699,180.699,1,4004,54004,lowband_largesig_r00,prps,1328,-122,-0.961678,67,0,67,0.17540560,10.05000,prps,3,407
180719,180.719,1,4004,54004,lowband_largesig_r00,prps,1330,-120,-0.944883,69,0,69,0.18064158,10.35000,prps,3,411
180739,180.739,1,4004,54004,lowband_largesig_r00,prps,1335,-115,-0.905779,69,0,69,0.18064158,10.35000,prps,3,415
180759,180.759,1,4004,54004,lowband_largesig_r00,prps,1343,-107,-0.841456,69,0,69,0.18064158,10.35000,prps,3,419
180779,180.779,1,4004,54004,lowband_largesig_r00,prps,1355,-95,-0.751741,69,0,69,0.18064158,10.35000,prps,3,423
180799,180.799,1,4004,54004,lowband_largesig_r00,prps,1369,-81,-0.639708,68,0,68,0.17802358,10.20000,prps,3,427
180819,180.819,1,4004,54004,lowband_largesig_r00,prps,1385,-65,-0.511579,66,0,66,0.17278760,9.90000,prps,3,431
180839,180.839,1,4004,54004,lowband_largesig_r00,prps,1402,-48,-0.376020,59,0,59,0.15446164,8.85000,prps,3,435
180859,180.859,1,4004,54004,lowband_largesig_r00,prps,1419,-31,-0.242908,51,0,51,0.13351768,7.65000,prps,3,439
180879,180.879,1,4004,54004,lowband_largesig_r00,prps,1435,-15,-0.121798,41,0,41,0.10733775,6.15000,prps,3,443
180899,180.899,1,4004,54004,lowband_largesig_r00,prps,1447,-3,-0.020347,30,0,30,0.07853982,4.50000,prps,3,447
180919,180.919,1,4004,54004,lowband_largesig_r00,prps,1457,7,0.057010,19,0,19,0.04974188,2.85000,prps,3,451
180939,180.939,1,4004,54004,lowband_largesig_r00,prps,1464,14,0.109868,10,0,10,0.02617994,1.50000,prps,3,455
180959,180.959,1,4004,54004,lowband_largesig_r00,prps,1468,18,0.141982,3,0,3,0.00785398,0.45000,prps,3,459
180979,180.979,1,4004,54004,lowband_largesig_r00,prps,1470,20,0.160654,-1,0,-1,-0.00261799,-0.15000,prps,3,463
180999,180.999,1,4004,54004,lowband_largesig_r00,prps,1472,22,0.175473,-4,0,-4,-0.01047198,-0.60000,prps,3,467
181019,181.019,1,4004,54004,lowband_largesig_r00,prps,1475,25,0.196595,-6,0,-6,-0.01570796,-0.90000,prps,3,471
181039,181.039,1,4004,54004,lowband_largesig_r00,prps,1480,30,0.232868,-9,0,-9,-0.02356194,-1.35000,prps,3,475
181059,181.059,1,4004,54004,lowband_largesig_r00,prps,1487,37,0.290132,-11,0,-11,-0.02879793,-1.65000,prps,3,479
181079,181.079,1,4004,54004,lowband_largesig_r00,prps,1497,47,0.369998,-12,0,-12,-0.03141592,-1.80000,prps,3,483
181099,181.099,1,4004,54004,lowband_largesig_r00,prps,1510,60,0.469356,-15,0,-15,-0.03926991,-2.25000,prps,3,487
181119,181.119,1,4004,54004,lowband_largesig_r00,prps,1524,74,0.580713,-19,0,-19,-0.04974188,-2.85000,prps,3,491
181139,181.139,1,4004,54004,lowband_largesig_r00,prps,1538,88,0.693333,-24,0,-24,-0.06283185,-3.60000,prps,3,495
181159,181.159,1,4004,54004,lowband_largesig_r00,prps,1551,101,0.795002,-30,0,-30,-0.07853982,-4.50000,prps,3,499
181179,181.179,1,4004,54004,lowband_largesig_r00,prps,1561,111,0.874119,-38,0,-38,-0.09948376,-5.70000,prps,3,503
181199,181.199,1,4004,54004,lowband_largesig_r00,prps,1567,117,0.921754,-46,0,-46,-0.12042772,-6.90000,prps,3,507
181219,181.219,1,4004,54004,lowband_largesig_r00,prps,1569,119,0.933316,-53,0,-53,-0.13875367,-7.95000,prps,3,511
181239,181.239,1,4004,54004,lowband_largesig_r00,prps,1566,116,0.909500,-59,0,-59,-0.15446164,-8.85000,prps,3,515
181259,181.259,1,4004,54004,lowband_largesig_r00,prps,1559,109,0.856359,-63,0,-63,-0.16493360,-9.45000,prps,3,519
181279,181.279,1,4004,54004,lowband_largesig_r00,prps,1550,100,0.784424,-63,0,-63,-0.16493360,-9.45000,prps,3,523
181299,181.299,1,4004,54004,lowband_largesig_r00,prps,1540,90,0.707038,-63,0,-63,-0.16493360,-9.45000,prps,3,527
181319,181.319,1,4004,54004,lowband_largesig_r00,prps,1531,81,0.638142,-62,0,-62,-0.16231562,-9.30000,prps,3,531
181339,181.339,1,4004,54004,lowband_largesig_r00,prps,1525,75,0.589911,-57,0,-57,-0.14922565,-8.55000,prps,3,535
181359,181.359,1,4004,54004,lowband_largesig_r00,prps,1522,72,0.570628,-53,0,-53,-0.13875367,-7.95000,prps,3,539
181379,181.379,1,4004,54004,lowband_largesig_r00,prps,1524,74,0.583191,-49,0,-49,-0.12828170,-7.35000,prps,3,543
181399,181.399,1,4004,54004,lowband_largesig_r00,prps,1529,79,0.624516,-46,0,-46,-0.12042772,-6.90000,prps,3,547
181419,181.419,1,4004,54004,lowband_largesig_r00,prps,1537,87,0.685967,-45,0,-45,-0.11780972,-6.75000,prps,3,551
181439,181.439,1,4004,54004,lowband_largesig_r00,prps,1546,96,0.754766,-45,0,-45,-0.11780972,-6.75000,prps,3,555
181459,181.459,1,4004,54004,lowband_largesig_r00,prps,1554,104,0.816150,-45,0,-45,-0.11780972,-6.75000,prps,3,559
181479,181.479,1,4004,54004,lowband_largesig_r00,prps,1559,109,0.855939,-47,0,-47,-0.12304571,-7.05000,prps,3,563
181499,181.499,1,4004,54004,lowband_largesig_r00,prps,1560,110,0.863053,-51,0,-51,-0.13351768,-7.65000,prps,3,567
181519,181.519,1,4004,54004,lowband_largesig_r00,prps,1556,106,0.831568,-55,0,-55,-0.14398966,-8.25000,prps,3,571
181539,181.539,1,4004,54004,lowband_largesig_r00,prps,1547,97,0.761926,-58,0,-58,-0.15184364,-8.70000,prps,3,575
181559,181.559,1,4004,54004,lowband_largesig_r00,prps,1534,84,0.661074,-59,0,-59,-0.15446164,-8.85000,prps,3,579
181579,181.579,1,4004,54004,lowband_largesig_r00,prps,1519,69,0.541486,-57,0,-57,-0.14922565,-8.55000,prps,3,583
181599,181.599,1,4004,54004,lowband_largesig_r00,prps,1503,53,0.419200,-54,0,-54,-0.14137166,-8.10000,prps,3,587
181619,181.619,1,4004,54004,lowband_largesig_r00,prps,1490,40,0.311184,-47,0,-47,-0.12304571,-7.05000,prps,3,591
181639,181.639,1,4004,54004,lowband_largesig_r00,prps,1480,30,0.232455,-40,0,-40,-0.10471976,-6.00000,prps,3,595
181659,181.659,1,4004,54004,lowband_largesig_r00,prps,1475,25,0.193441,-33,0,-33,-0.08639380,-4.95000,prps,3,599
181679,181.679,1,4004,54004,lowband_largesig_r00,prps,1475,25,0.198022,-26,0,-26,-0.06806784,-3.90000,prps,3,603
181699,181.699,1,4004,54004,lowband_largesig_r00,prps,1481,31,0.242614,-20,0,-20,-0.05235988,-3.00000,prps,3,607
181719,181.719,1,4004,54004,lowband_largesig_r00,prps,1490,40,0.316451,-18,0,-18,-0.04712389,-2.70000,prps,3,611
181739,181.739,1,4004,54004,lowband_largesig_r00,prps,1501,51,0.403068,-18,0,-18,-0.04712389,-2.70000,prps,3,615
181759,181.759,1,4004,54004,lowband_largesig_r00,prps,1511,61,0.482757,-19,0,-19,-0.04974188,-2.85000,prps,3,619
181779,181.779,1,4004,54004,lowband_largesig_r00,prps,1518,68,0.535630,-23,0,-23,-0.06021386,-3.45000,prps,3,623
181799,181.799,1,4004,54004,lowband_largesig_r00,prps,1519,69,0.544791,-27,0,-27,-0.07068583,-4.05000,prps,3,627
181819,181.819,1,4004,54004,lowband_largesig_r00,prps,1513,63,0.499135,-31,0,-31,-0.08115781,-4.65000,prps,3,631
181839,181.839,1,4004,54004,lowband_largesig_r00,prps,1500,50,0.395309,-34,0,-34,-0.08901179,-5.10000,prps,3,635
181859,181.859,1,4004,54004,lowband_largesig_r00,prps,1480,30,0.238519,-35,0,-35,-0.09162979,-5.25000,prps,3,639
181879,181.879,1,4004,54004,lowband_largesig_r00,prps,1455,5,0.042060,-33,0,-33,-0.08639380,-4.95000,prps,3,643
181899,181.899,1,4004,54004,lowband_largesig_r00,prps,1428,-22,-0.174389,-26,0,-26,-0.06806784,-3.90000,prps,3,647
181919,181.919,1,4004,54004,lowband_largesig_r00,prps,1401,-49,-0.387424,-15,0,-15,-0.03926991,-2.25000,prps,3,651
181939,181.939,1,4004,54004,lowband_largesig_r00,prps,1377,-73,-0.573144,-2,0,-2,-0.00523599,-0.30000,prps,3,655
181959,181.959,1,4004,54004,lowband_largesig_r00,prps,1360,-90,-0.710448,13,0,13,0.03403392,1.95000,prps,3,659
181979,181.979,1,4004,54004,lowband_largesig_r00,prps,1350,-100,-0.783918,27,0,27,0.07068583,4.05000,prps,3,663
181999,181.999,1,4004,54004,lowband_largesig_r00,prps,1350,-100,-0.785857,39,0,39,0.10210176,5.85000,prps,3,667
182019,182.019,1,4004,54004,lowband_largesig_r00,prps,1359,-91,-0.717213,50,0,50,0.13089970,7.50000,prps,3,671
182039,182.039,1,4004,54004,lowband_largesig_r00,prps,1375,-75,-0.587283,54,0,54,0.14137166,8.10000,prps,3,675
182059,182.059,1,4004,54004,lowband_largesig_r00,prps,1398,-52,-0.412271,54,0,54,0.14137166,8.10000,prps,3,679
182079,182.079,1,4004,54004,lowband_largesig_r00,prps,1423,-27,-0.212969,51,0,51,0.13351768,7.65000,prps,3,683
182099,182.099,1,4004,54004,lowband_largesig_r00,prps,1448,-2,-0.011932,42,0,42,0.10995574,6.30000,prps,3,687
182119,182.119,1,4004,54004,lowband_largesig_r00,prps,1472,22,0.169430,30,0,30,0.07853982,4.50000,prps,3,691
182139,182.139,1,4004,54004,lowband_largesig_r00,prps,1490,40,0.313398,16,0,16,0.04188790,2.40000,prps,3,695
182159,182.159,1,4004,54004,lowband_largesig_r00,prps,1502,52,0.407805,2,0,2,0.00523599,0.30000,prps,3,699
182179,182.179,1,4004,54004,lowband_largesig_r00,prps,1507,57,0.446992,-11,0,-11,-0.02879793,-1.65000,prps,3,703
182199,182.199,1,4004,54004,lowband_largesig_r00,prps,1505,55,0.431798,-22,0,-22,-0.05759586,-3.30000,prps,3,707
182219,182.219,1,4004,54004,lowband_largesig_r00,prps,1497,47,0.368678,-29,0,-29,-0.07592182,-4.35000,prps,3,711
182239,182.239,1,4004,54004,lowband_largesig_r00,prps,1484,34,0.268174,-30,0,-30,-0.07853982,-4.50000,prps,3,715
182259,182.259,1,4004,54004,lowband_largesig_r00,prps,1468,18,0.143046,-29,0,-29,-0.07592182,-4.35000,prps,3,719
182279,182.279,1,4004,54004,lowband_largesig_r00,prps,1451,1,0.006385,-24,0,-24,-0.06283185,-3.60000,prps,3,723
182299,182.299,1,4004,54004,lowband_largesig_r00,prps,1433,-17,-0.129997,-17,0,-17,-0.04450589,-2.55000,prps,3,727
182319,182.319,1,4004,54004,lowband_largesig_r00,prps,1417,-33,-0.256682,-9,0,-9,-0.02356194,-1.35000,prps,3,731
182339,182.339,1,4004,54004,lowband_largesig_r00,prps,1403,-47,-0.367162,0,0,0,0.00000000,0.00000,prps,3,735
182359,182.359,1,4004,54004,lowband_largesig_r00,prps,1392,-58,-0.457781,10,0,10,0.02617994,1.50000,prps,3,739
182379,182.379,1,4004,54004,lowband_largesig_r00,prps,1383,-67,-0.527209,19,0,19,0.04974188,2.85000,prps,3,743
182399,182.399,1,4004,54004,lowband_largesig_r00,prps,1377,-73,-0.575658,26,0,26,0.06806784,3.90000,prps,3,747
182419,182.419,1,4004,54004,lowband_largesig_r00,prps,1373,-77,-0.604044,32,0,32,0.08377580,4.80000,prps,3,751
182439,182.439,1,4004,54004,lowband_largesig_r00,prps,1372,-78,-0.613313,36,0,36,0.09424778,5.40000,prps,3,755
182459,182.459,1,4004,54004,lowband_largesig_r00,prps,1373,-77,-0.604058,39,0,39,0.10210176,5.85000,prps,3,759
182479,182.479,1,4004,54004,lowband_largesig_r00,prps,1377,-73,-0.576505,40,0,40,0.10471976,6.00000,prps,3,763
182499,182.499,1,4004,54004,lowband_largesig_r00,prps,1383,-67,-0.530822,40,0,40,0.10471976,6.00000,prps,3,767
182519,182.519,1,4004,54004,lowband_largesig_r00,prps,1391,-59,-0.467646,40,0,40,0.10471976,6.00000,prps,3,771
182539,182.539,1,4004,54004,lowband_largesig_r00,prps,1401,-49,-0.388657,40,0,40,0.10471976,6.00000,prps,3,775
182559,182.559,1,4004,54004,lowband_largesig_r00,prps,1412,-38,-0.297030,39,0,39,0.10210176,5.85000,prps,3,779
182579,182.579,1,4004,54004,lowband_largesig_r00,prps,1425,-25,-0.197599,37,0,37,0.09686577,5.55000,prps,3,783
182599,182.599,1,4004,54004,lowband_largesig_r00,prps,1438,-12,-0.096650,31,0,31,0.08115781,4.65000,prps,3,787
182619,182.619,1,4004,54004,lowband_largesig_r00,prps,1450,0,-0.001337,23,0,23,0.06021386,3.45000,prps,3,791
182639,182.639,1,4004,54004,lowband_largesig_r00,prps,1460,10,0.081205,16,0,16,0.04188790,2.40000,prps,3,795
182659,182.659,1,4004,54004,lowband_largesig_r00,prps,1468,18,0.144904,10,0,10,0.02617994,1.50000,prps,3,799
182679,182.679,1,4004,54004,lowband_largesig_r00,prps,1474,24,0.185732,4,0,4,0.01047198,0.60000,prps,3,803
182699,182.699,1,4004,54004,lowband_largesig_r00,prps,1476,26,0.202450,0,0,0,0.00000000,0.00000,prps,3,807
182719,182.719,1,4004,54004,lowband_largesig_r00,prps,1475,25,0.196928,-4,0,-4,-0.01047198,-0.60000,prps,3,811
182739,182.739,1,4004,54004,lowband_largesig_r00,prps,1472,22,0.173962,-8,0,-8,-0.02094395,-1.20000,prps,3,815
182759,182.759,1,4004,54004,lowband_largesig_r00,prps,1468,18,0.140570,-9,0,-9,-0.02356194,-1.35000,prps,3,819
182779,182.779,1,4004,54004,lowband_largesig_r00,prps,1463,13,0.104889,-9,0,-9,-0.02356194,-1.35000,prps,3,823
182799,182.799,1,4004,54004,lowband_largesig_r00,prps,1460,10,0.074829,-9,0,-9,-0.02356194,-1.35000,prps,3,827
182819,182.819,1,4004,54004,lowband_largesig_r00,prps,1457,7,0.056731,-9,0,-9,-0.02356194,-1.35000,prps,3,831
182839,182.839,1,4004,54004,lowband_largesig_r00,prps,1457,7,0.054280,-8,0,-8,-0.02094395,-1.20000,prps,3,835
182859,182.859,1,4004,54004,lowband_largesig_r00,prps,1459,9,0.067851,-8,0,-8,-0.02094395,-1.20000,prps,3,839
182879,182.879,1,4004,54004,lowband_largesig_r00,prps,1462,12,0.094450,-7,0,-7,-0.01832596,-1.05000,prps,3,843
182899,182.899,1,4004,54004,lowband_largesig_r00,prps,1466,16,0.128266,-6,0,-6,-0.01570796,-0.90000,prps,3,847
182919,182.919,1,4004,54004,lowband_largesig_r00,prps,1471,21,0.161732,-6,0,-6,-0.01570796,-0.90000,prps,3,851
182939,182.939,1,4004,54004,lowband_largesig_r00,prps,1474,24,0.186950,-7,0,-7,-0.01832596,-1.05000,prps,3,855
182959,182.959,1,4004,54004,lowband_largesig_r00,prps,1475,25,0.197194,-7,0,-7,-0.01832596,-1.05000,prps,3,859
182979,182.979,1,4004,54004,lowband_largesig_r00,prps,1474,24,0.188237,-7,0,-7,-0.01832596,-1.05000,prps,3,863
182999,182.999,1,4004,54004,lowband_largesig_r00,prps,1470,20,0.159248,-7,0,-7,-0.01832596,-1.05000,prps,3,867
183019,183.019,1,4004,54004,lowband_largesig_r00,prps,1464,14,0.113087,-8,0,-8,-0.02094395,-1.20000,prps,3,871
183039,183.039,1,4004,54004,lowband_largesig_r00,prps,1457,7,0.055929,-8,0,-8,-0.02094395,-1.20000,prps,3,875
183059,183.059,1,4004,54004,lowband_largesig_r00,prps,1450,0,-0.003733,-7,0,-7,-0.01832596,-1.05000,prps,3,879
183079,183.079,1,4004,54004,lowband_largesig_r00,prps,1443,-7,-0.056540,-7,0,-7,-0.01832596,-1.05000,prps,3,883
183099,183.099,1,4004,54004,lowband_largesig_r00,prps,1438,-12,-0.093912,-5,0,-5,-0.01308997,-0.75000,prps,3,887
183119,183.119,1,4004,54004,lowband_largesig_r00,prps,1436,-14,-0.109606,-1,0,-1,-0.00261799,-0.15000,prps,3,891
183139,183.139,1,4004,54004,lowband_largesig_r00,prps,1437,-13,-0.100892,3,0,3,0.00785398,0.45000,prps,3,895
183159,183.159,1,4004,54004,lowband_largesig_r00,prps,1441,-9,-0.069143,6,0,6,0.01570796,0.90000,prps,3,899
183179,183.179,1,4004,54004,lowband_largesig_r00,prps,1447,-3,-0.019699,8,0,8,0.02094395,1.20000,prps,3,903
183199,183.199,1,4004,54004,lowband_largesig_r00,prps,1455,5,0.038956,8,0,8,0.02094395,1.20000,prps,3,907
183219,183.219,1,4004,54004,lowband_largesig_r00,prps,1462,12,0.096586,8,0,8,0.02094395,1.20000,prps,3,911
183239,183.239,1,4004,54004,lowband_largesig_r00,prps,1468,18,0.142915,7,0,7,0.01832596,1.05000,prps,3,915
183259,183.259,1,4004,54004,lowband_largesig_r00,prps,1472,22,0.169359,4,0,4,0.01047198,0.60000,prps,3,919
183279,183.279,1,4004,54004,lowband_largesig_r00,prps,1472,22,0.170461,1,0,1,0.00261799,0.15000,prps,3,923
183299,183.299,1,4004,54004,lowband_largesig_r00,prps,1468,18,0.144779,-2,0,-2,-0.00523599,-0.30000,prps,3,927
183319,183.319,1,4004,54004,lowband_largesig_r00,prps,1462,12,0.095060,-5,0,-5,-0.01308997,-0.75000,prps,3,931
183339,183.339,1,4004,54004,lowband_largesig_r00,prps,1454,4,0.027655,-6,0,-6,-0.01570796,-0.90000,prps,3,935
183359,183.359,1,4004,54004,lowband_largesig_r00,prps,1444,-6,-0.048699,-6,0,-6,-0.01570796,-0.90000,prps,3,939
183379,183.379,1,4004,54004,lowband_largesig_r00,prps,1434,-16,-0.124542,-4,0,-4,-0.01047198,-0.60000,prps,3,943
183399,183.399,1,4004,54004,lowband_largesig_r00,prps,1426,-24,-0.191458,1,0,1,0.00261799,0.15000,prps,3,947
183419,183.419,1,4004,54004,lowband_largesig_r00,prps,1419,-31,-0.243647,5,0,5,0.01308997,0.75000,prps,3,951
183439,183.439,1,4004,54004,lowband_largesig_r00,prps,1415,-35,-0.278993,10,0,10,0.02617994,1.50000,prps,3,955
183459,183.459,1,4004,54004,lowband_largesig_r00,prps,1412,-38,-0.299411,13,0,13,0.03403392,1.95000,prps,3,959
183479,183.479,1,4004,54004,lowband_largesig_r00,prps,1411,-39,-0.310414,16,0,16,0.04188790,2.40000,prps,3,963
183499,183.499,1,4004,54004,lowband_largesig_r00,prps,1409,-41,-0.319946,18,0,18,0.04712389,2.70000,prps,3,967
183519,183.519,1,4004,54004,lowband_largesig_r00,prps,1407,-43,-0.336699,20,0,20,0.05235988,3.00000,prps,3,971
183539,183.539,1,4004,54004,lowband_largesig_r00,prps,1403,-47,-0.368205,21,0,21,0.05497787,3.15000,prps,3,975
183559,183.559,1,4004,54004,lowband_largesig_r00,prps,1397,-53,-0.419074,22,0,22,0.05759586,3.30000,prps,3,979
183579,183.579,1,4004,54004,lowband_largesig_r00,prps,1388,-62,-0.489705,23,0,23,0.06021386,3.45000,prps,3,983
183599,183.599,1,4004,54004,lowband_largesig_r00,prps,1377,-73,-0.575743,25,0,25,0.06544985,3.75000,prps,3,987
183619,183.619,1,4004,54004,lowband_largesig_r00,prps,1365,-85,-0.668416,27,0,27,0.07068583,4.05000,prps,3,991
183639,183.639,1,4004,54004,lowband_largesig_r00,prps,1354,-96,-0.755723,32,0,32,0.08377580,4.80000,prps,3,995
183659,183.659,1,4004,54004,lowband_largesig_r00,prps,1345,-105,-0.824319,38,0,38,0.09948376,5.70000,prps,3,999
183679,183.679,1,4004,54004,lowband_largesig_r00,prps,1341,-109,-0.861769,44,0,44,0.11519173,6.60000,prps,3,1003
183699,183.699,1,4004,54004,lowband_largesig_r00,prps,1341,-109,-0.858799,51,0,51,0.13351768,7.65000,prps,3,1007
183719,183.719,1,4004,54004,lowband_largesig_r00,prps,1347,-103,-0.811137,56,0,56,0.14660765,8.40000,prps,3,1011
183739,183.739,1,4004,54004,lowband_largesig_r00,prps,1358,-92,-0.720616,60,0,60,0.15707964,9.00000,prps,3,1015
183759,183.759,1,4004,54004,lowband_largesig_r00,prps,1374,-76,-0.595292,62,0,62,0.16231562,9.30000,prps,3,1019
183779,183.779,1,4004,54004,lowband_largesig_r00,prps,1393,-57,-0.448540,60,0,60,0.15707964,9.00000,prps,3,1023
183799,183.799,1,4004,54004,lowband_largesig_r00,prps,1412,-38,-0.297225,54,0,54,0.14137166,8.10000,prps,3,1027
183819,183.819,1,4004,54004,lowband_largesig_r00,prps,1430,-20,-0.159222,45,0,45,0.11780972,6.75000,prps,3,1031
183839,183.839,1,4004,54004,lowband_largesig_r00,prps,1444,-6,-0.050691,35,0,35,0.09162979,5.25000,prps,3,1035
183859,183.859,1,4004,54004,lowband_largesig_r00,prps,1452,2,0.016465,23,0,23,0.06021386,3.45000,prps,3,1039
183879,183.879,1,4004,54004,lowband_largesig_r00,prps,1455,5,0.036524,13,0,13,0.03403392,1.95000,prps,3,1043
183899,183.899,1,4004,54004,lowband_largesig_r00,prps,1451,1,0.010918,7,0,7,0.01832596,1.05000,prps,3,1047
183919,183.919,1,4004,54004,lowband_largesig_r00,prps,1443,-7,-0.051914,5,0,5,0.01308997,0.75000,prps,3,1051
183939,183.939,1,4004,54004,lowband_largesig_r00,prps,1433,-17,-0.137792,5,0,5,0.01308997,0.75000,prps,3,1055
183959,183.959,1,4004,54004,lowband_largesig_r00,prps,1421,-29,-0.228995,6,0,6,0.01570796,0.90000,prps,3,1059
183979,183.979,1,4004,54004,lowband_largesig_r00,prps,1411,-39,-0.307037,8,0,8,0.02094395,1.20000,prps,3,1063
183999,183.999,1,4004,54004,lowband_largesig_r00,prps,1405,-45,-0.355586,11,0,11,0.02879793,1.65000,prps,3,1067
184019,184.019,1,4004,54004,lowband_largesig_r00,prps,1404,-46,-0.363041,16,0,16,0.04188790,2.40000,prps,3,1071
184039,184.039,1,4004,54004,lowband_largesig_r00,prps,1409,-41,-0.324354,20,0,20,0.05235988,3.00000,prps,3,1075
184059,184.059,1,4004,54004,lowband_largesig_r00,prps,1419,-31,-0.241798,22,0,22,0.05759586,3.30000,prps,3,1079
184079,184.079,1,4004,54004,lowband_largesig_r00,prps,1434,-16,-0.124563,22,0,22,0.05759586,3.30000,prps,3,1083
184099,184.099,1,4004,54004,lowband_largesig_r00,prps,1452,2,0.012767,20,0,20,0.05235988,3.00000,prps,3,1087
184119,184.119,1,4004,54004,lowband_largesig_r00,prps,1469,19,0.152578,16,0,16,0.04188790,2.40000,prps,3,1091
184139,184.139,1,4004,54004,lowband_largesig_r00,prps,1485,35,0.277071,10,0,10,0.02617994,1.50000,prps,3,1095
184159,184.159,1,4004,54004,lowband_largesig_r00,prps,1497,47,0.371093,3,0,3,0.00785398,0.45000,prps,3,1099
184179,184.179,1,4004,54004,lowband_largesig_r00,prps,1504,54,0.424512,-5,0,-5,-0.01308997,-0.75000,prps,3,1103
184199,184.199,1,4004,54004,lowband_largesig_r00,prps,1505,55,0.433736,-14,0,-14,-0.03665191,-2.10000,prps,3,1107
184219,184.219,1,4004,54004,lowband_largesig_r00,prps,1501,51,0.402155,-22,0,-22,-0.05759586,-3.30000,prps,3,1111
184239,184.239,1,4004,54004,lowband_largesig_r00,prps,1493,43,0.339425,-27,0,-27,-0.07068583,-4.05000,prps,3,1115
184259,184.259,1,4004,54004,lowband_largesig_r00,prps,1483,33,0.259753,-28,0,-28,-0.07330382,-4.20000,prps,3,1119
184279,184.279,1,4004,54004,lowband_largesig_r00,prps,1473,23,0.179450,-26,0,-26,-0.06806784,-3.90000,prps,3,1123
184299,184.299,1,4004,54004,lowband_largesig_r00,prps,1465,15,0.114193,-23,0,-23,-0.06021386,-3.45000,prps,3,1127
184319,184.319,1,4004,54004,lowband_largesig_r00,prps,1460,10,0.076436,-19,0,-19,-0.04974188,-2.85000,prps,3,1131
184339,184.339,1,4004,54004,lowband_largesig_r00,prps,1459,9,0.073399,-15,0,-15,-0.03926991,-2.25000,prps,3,1135
184359,184.359,1,4004,54004,lowband_largesig_r00,prps,1463,13,0.105962,-12,0,-12,-0.03141592,-1.80000,prps,3,1139
184379,184.379,1,4004,54004,lowband_largesig_r00,prps,1471,21,0.168630,-9,0,-9,-0.02356194,-1.35000,prps,3,1143
184399,184.399,1,4004,54004,lowband_largesig_r00,prps,1482,32,0.250557,-8,0,-8,-0.02094395,-1.20000,prps,3,1147
184419,184.419,1,4004,54004,lowband_largesig_r00,prps,1493,43,0.337446,-9,0,-9,-0.02356194,-1.35000,prps,3,1151
184439,184.439,1,4004,54004,lowband_largesig_r00,prps,1503,53,0.413995,-11,0,-11,-0.02879793,-1.65000,prps,3,1155
184459,184.459,1,4004,54004,lowband_largesig_r00,prps,1509,59,0.466484,-15,0,-15,-0.03926991,-2.25000,prps,3,1159
184479,184.479,1,4004,54004,lowband_largesig_r00,prps,1512,62,0.485066,-21,0,-21,-0.05497787,-3.15000,prps,3,1163
184499,184.499,1,4004,54004,lowband_largesig_r00,prps,1509,59,0.465408,-26,0,-26,-0.06806784,-3.90000,prps,3,1167
184519,184.519,1,4004,54004,lowband_largesig_r00,prps,1502,52,0.409420,-29,0,-29,-0.07592182,-4.35000,prps,3,1171
184539,184.539,1,4004,54004,lowband_largesig_r00,prps,1491,41,0.324974,-30,0,-30,-0.07853982,-4.50000,prps,3,1175
184559,184.559,1,4004,54004,lowband_largesig_r00,prps,1479,29,0.224684,-30,0,-30,-0.07853982,-4.50000,prps,3,1179
184579,184.579,1,4004,54004,lowband_largesig_r00,prps,1466,16,0.123961,-27,0,-27,-0.07068583,-4.05000,prps,3,1183
184599,184.599,1,4004,54004,lowband_largesig_r00,prps,1455,5,0.038671,-22,0,-22,-0.05759586,-3.30000,prps,3,1187
184619,184.619,1,4004,54004,lowband_largesig_r00,prps,1448,-2,-0.017216,-16,0,-16,-0.04188790,-2.40000,prps,3,1191
184639,184.639,1,4004,54004,lowband_largesig_r00,prps,1446,-4,-0.033641,-10,0,-10,-0.02617994,-1.50000,prps,3,1195
184659,184.659,1,4004,54004,lowband_largesig_r00,prps,1449,-1,-0.005813,-5,0,-5,-0.01308997,-0.75000,prps,3,1199
184679,184.679,1,4004,54004,lowband_largesig_r00,prps,1458,8,0.065244,-1,0,-1,-0.00261799,-0.15000,prps,3,1203
184699,184.699,1,4004,54004,lowband_largesig_r00,prps,1472,22,0.173019,0,0,0,0.00000000,0.00000,prps,3,1207
184719,184.719,1,4004,54004,lowband_largesig_r00,prps,1489,39,0.306589,0,0,0,0.00000000,0.00000,prps,3,1211
184739,184.739,1,4004,54004,lowband_largesig_r00,prps,1507,57,0.452247,-2,0,-2,-0.00523599,-0.30000,prps,3,1215
184759,184.759,1,4004,54004,lowband_largesig_r00,prps,1526,76,0.595392,-10,0,-10,-0.02617994,-1.50000,prps,3,1219
184779,184.779,1,4004,54004,lowband_largesig_r00,prps,1542,92,0.722369,-19,0,-19,-0.04974188,-2.85000,prps,3,1223
184799,184.799,1,4004,54004,lowband_largesig_r00,prps,1554,104,0.822001,-30,0,-30,-0.07853982,-4.50000,prps,3,1227
184819,184.819,1,4004,54004,lowband_largesig_r00,prps,1563,113,0.886608,-41,0,-41,-0.10733775,-6.15000,prps,3,1231
184839,184.839,1,4004,54004,lowband_largesig_r00,prps,1566,116,0.912426,-50,0,-50,-0.13089970,-7.50000,prps,3,1235
184859,184.859,1,4004,54004,lowband_largesig_r00,prps,1564,114,0.899454,-58,0,-58,-0.15184364,-8.70000,prps,3,1239
184879,184.879,1,4004,54004,lowband_largesig_r00,prps,1558,108,0.850829,-62,0,-62,-0.16231562,-9.30000,prps,3,1243
184899,184.899,1,4004,54004,lowband_largesig_r00,prps,1548,98,0.771920,-64,0,-64,-0.16755160,-9.60000,prps,3,1247
184919,184.919,1,4004,54004,lowband_largesig_r00,prps,1535,85,0.669343,-63,0,-63,-0.16493360,-9.45000,prps,3,1251
184939,184.939,1,4004,54004,lowband_largesig_r00,prps,1520,70,0.550085,-60,0,-60,-0.15707964,-9.00000,prps,3,1255
184959,184.959,1,4004,54004,lowband_largesig_r00,prps,1503,53,0.420876,-54,0,-54,-0.14137166,-8.10000,prps,3,1259
184979,184.979,1,4004,54004,lowband_largesig_r00,prps,1487,37,0.287858,-48,0,-48,-0.12566370,-7.20000,prps,3,1263
184999,184.999,1,4004,54004,lowband_largesig_r00,prps,1470,20,0.156540,-40,0,-40,-0.10471976,-6.00000,prps,3,1267
185019,185.019,1,4004,54004,lowband_largesig_r00,prps,1454,4,0.031954,-32,0,-32,-0.08377580,-4.80000,prps,3,1271
185039,185.039,1,4004,54004,lowband_largesig_r00,prps,1440,-10,-0.081140,-23,0,-23,-0.06021386,-3.45000,prps,3,1275
185070,185.070,1,4004,54004,lowband_largesig_r00,prps,1427,-23,-0.178115,-7,0,-7,-0.01832596,-1.05000,prps,3,1279
185090,185.090,1,4004,54004,lowband_largesig_r00,prps,1418,-32,-0.254523,2,0,2,0.00523599,0.30000,prps,3,1283
185110,185.110,1,4004,54004,lowband_largesig_r00,prps,1411,-39,-0.306393,9,0,9,0.02356194,1.35000,prps,3,1287
185130,185.130,1,4004,54004,lowband_largesig_r00,prps,1408,-42,-0.330737,15,0,15,0.03926991,2.25000,prps,3,1291
185150,185.150,1,4004,54004,lowband_largesig_r00,prps,1409,-41,-0.326192,20,0,20,0.05235988,3.00000,prps,3,1295
185170,185.170,1,4004,54004,lowband_largesig_r00,prps,1413,-37,-0.293649,21,0,21,0.05497787,3.15000,prps,3,1299
185190,185.190,1,4004,54004,lowband_largesig_r00,prps,1420,-30,-0.236695,22,0,22,0.05759586,3.30000,prps,3,1303
185210,185.210,1,4004,54004,lowband_largesig_r00,prps,1429,-21,-0.161705,21,0,21,0.05497787,3.15000,prps,3,1307
185230,185.230,1,4004,54004,lowband_largesig_r00,prps,1440,-10,-0.077499,18,0,18,0.04712389,2.70000,prps,3,1311
185250,185.250,1,4004,54004,lowband_largesig_r00,prps,1451,1,0.005488,15,0,15,0.03926991,2.25000,prps,3,1315
185270,185.270,1,4004,54004,lowband_largesig_r00,prps,1460,10,0.076439,12,0,12,0.03141592,1.80000,prps,3,1319
185290,185.290,1,4004,54004,lowband_largesig_r00,prps,1466,16,0.125632,9,0,9,0.02356194,1.35000,prps,3,1323
185310,185.310,1,4004,54004,lowband_largesig_r00,prps,1469,19,0.145948,5,0,5,0.01308997,0.75000,prps,3,1327
185330,185.330,1,4004,54004,lowband_largesig_r00,prps,1467,17,0.134133,2,0,2,0.00523599,0.30000,prps,3,1331
185350,185.350,1,4004,54004,lowband_largesig_r00,prps,1462,12,0.091592,-1,0,-1,-0.00261799,-0.15000,prps,3,1335
185370,185.370,1,4004,54004,lowband_largesig_r00,prps,1453,3,0.024519,-2,0,-2,-0.00523599,-0.30000,prps,3,1339
185390,185.390,1,4004,54004,lowband_largesig_r00,prps,1443,-7,-0.056704,-2,0,-2,-0.00523599,-0.30000,prps,3,1343
185410,185.410,1,4004,54004,lowband_largesig_r00,prps,1432,-18,-0.138817,-1,0,-1,-0.00261799,-0.15000,prps,3,1347
185430,185.430,1,4004,54004,lowband_largesig_r00,prps,1424,-26,-0.207512,1,0,1,0.00261799,0.15000,prps,3,1351
185450,185.450,1,4004,54004,lowband_largesig_r00,prps,1418,-32,-0.249544,6,0,6,0.01570796,0.90000,prps,3,1355
185470,185.470,1,4004,54004,lowband_largesig_r00,prps,1418,-32,-0.254785,10,0,10,0.02617994,1.50000,prps,3,1359
185490,185.490,1,4004,54004,lowband_largesig_r00,prps,1422,-28,-0.217898,13,0,13,0.03403392,1.95000,prps,3,1363
185510,185.510,1,4004,54004,lowband_largesig_r00,prps,1432,-18,-0.139343,15,0,15,0.03926991,2.25000,prps,3,1367
185530,185.530,1,4004,54004,lowband_largesig_r00,prps,1447,-3,-0.025537,15,0,15,0.03926991,2.25000,prps,3,1371
185550,185.550,1,4004,54004,lowband_largesig_r00,prps,1464,14,0.111885,14,0,14,0.03665191,2.10000,prps,3,1375
185570,185.570,1,4004,54004,lowband_largesig_r00,prps,1483,33,0.257610,10,0,10,0.02617994,1.50000,prps,3,1379
185590,185.590,1,4004,54004,lowband_largesig_r00,prps,1500,50,0.394763,3,0,3,0.00785398,0.45000,prps,3,1383
185610,185.610,1,4004,54004,lowband_largesig_r00,prps,1514,64,0.507262,-3,0,-3,-0.00785398,-0.45000,prps,3,1387
185630,185.630,1,4004,54004,lowband_largesig_r00,prps,1524,74,0.582058,-14,0,-14,-0.03665191,-2.10000,prps,3,1391
185650,185.650,1,4004,54004,lowband_largesig_r00,prps,1528,78,0.610893,-24,0,-24,-0.06283185,-3.60000,prps,3,1395
185670,185.670,1,4004,54004,lowband_largesig_r00,prps,1525,75,0.591309,-33,0,-33,-0.08639380,-4.95000,prps,3,1399
185690,185.690,1,4004,54004,lowband_largesig_r00,prps,1517,67,0.526752,-39,0,-39,-0.10210176,-5.85000,prps,3,1403
185710,185.710,1,4004,54004,lowband_largesig_r00,prps,1504,54,0.425779,-40,0,-40,-0.10471976,-6.00000,prps,3,1407
185730,185.730,1,4004,54004,lowband_largesig_r00,prps,1488,38,0.300503,-39,0,-39,-0.10210176,-5.85000,prps,3,1411
185750,185.750,1,4004,54004,lowband_largesig_r00,prps,1471,21,0.164570,-36,0,-36,-0.09424778,-5.40000,prps,3,1415
185770,185.770,1,4004,54004,lowband_largesig_r00,prps,1454,4,0.031003,-30,0,-30,-0.07853982,-4.50000,prps,3,1419
185790,185.790,1,4004,54004,lowband_largesig_r00,prps,1439,-11,-0.089712,-21,0,-21,-0.05497787,-3.15000,prps,3,1423
185810,185.810,1,4004,54004,lowband_largesig_r00,prps,1426,-24,-0.190971,-12,0,-12,-0.03141592,-1.80000,prps,3,1427
185830,185.830,1,4004,54004,lowband_largesig_r00,prps,1416,-34,-0.270634,-3,0,-3,-0.00785398,-0.45000,prps,3,1431
185850,185.850,1,4004,54004,lowband_largesig_r00,prps,1408,-42,-0.330741,6,0,6,0.01570796,0.90000,prps,3,1435
185870,185.870,1,4004,54004,lowband_largesig_r00,prps,1402,-48,-0.376472,15,0,15,0.03926991,2.25000,prps,3,1439
185890,185.890,1,4004,54004,lowband_largesig_r00,prps,1397,-53,-0.414540,21,0,21,0.05497787,3.15000,prps,3,1443
185910,185.910,1,4004,54004,lowband_largesig_r00,prps,1393,-57,-0.451363,24,0,24,0.06283185,3.60000,prps,3,1447
185930,185.930,1,4004,54004,lowband_largesig_r00,prps,1388,-62,-0.491358,26,0,26,0.06806784,3.90000,prps,3,1451
185950,185.950,1,4004,54004,lowband_largesig_r00,prps,1382,-68,-0.535689,27,0,27,0.07068583,4.05000,prps,3,1455
185970,185.970,1,4004,54004,lowband_largesig_r00,prps,1376,-74,-0.581736,29,0,29,0.07592182,4.35000,prps,3,1459
185990,185.990,1,4004,54004,lowband_largesig_r00,prps,1371,-79,-0.623386,31,0,31,0.08115781,4.65000,prps,3,1463
186010,186.010,1,4004,54004,lowband_largesig_r00,prps,1367,-83,-0.652120,34,0,34,0.08901179,5.10000,prps,3,1467
186030,186.030,1,4004,54004,lowband_largesig_r00,prps,1366,-84,-0.658700,37,0,37,0.09686577,5.55000,prps,3,1471
186050,186.050,1,4004,54004,lowband_largesig_r00,prps,1369,-81,-0.635148,40,0,40,0.10471976,6.00000,prps,3,1475
186070,186.070,1,4004,54004,lowband_largesig_r00,prps,1377,-73,-0.576664,42,0,42,0.10995574,6.30000,prps,3,1479
186090,186.090,1,4004,54004,lowband_largesig_r00,prps,1389,-61,-0.483086,42,0,42,0.10995574,6.30000,prps,3,1483
186110,186.110,1,4004,54004,lowband_largesig_r00,prps,1404,-46,-0.359615,41,0,41,0.10733775,6.15000,prps,3,1487
186130,186.130,1,4004,54004,lowband_largesig_r00,prps,1422,-28,-0.216625,39,0,39,0.10210176,5.85000,prps,3,1491
186150,186.150,1,4004,54004,lowband_largesig_r00,prps,1441,-9,-0.068530,33,0,33,0.08639380,4.95000,prps,3,1495
186170,186.170,1,4004,54004,lowband_largesig_r00,prps,1459,9,0.068116,25,0,25,0.06544985,3.75000,prps,3,1499
186190,186.190,1,4004,54004,lowband_largesig_r00,prps,1472,22,0.177014,15,0,15,0.03926991,2.25000,prps,3,1503
186210,186.210,1,4004,54004,lowband_largesig_r00,prps,1481,31,0.244608,6,0,6,0.01570796,0.90000,prps,3,1507
186230,186.230,1,4004,54004,lowband_largesig_r00,prps,1483,33,0.262245,-1,0,-1,-0.00261799,-0.15000,prps,3,1511
186250,186.250,1,4004,54004,lowband_largesig_r00,prps,1479,29,0.227640,-8,0,-8,-0.02094395,-1.20000,prps,3,1515
186270,186.270,1,4004,54004,lowband_largesig_r00,prps,1468,18,0.145365,-13,0,-13,-0.03403392,-1.95000,prps,3,1519
186290,186.290,1,4004,54004,lowband_largesig_r00,prps,1453,3,0.026278,-14,0,-14,-0.03665191,-2.10000,prps,3,1523
186310,186.310,1,4004,54004,lowband_largesig_r00,prps,1436,-14,-0.114067,-13,0,-13,-0.03403392,-1.95000,prps,3,1527
186330,186.330,1,4004,54004,lowband_largesig_r00,prps,1417,-33,-0.257757,-8,0,-8,-0.02094395,-1.20000,prps,3,1531
186350,186.350,1,4004,54004,lowband_largesig_r00,prps,1401,-49,-0.387256,0,0,0,0.00000000,0.00000,prps,3,1535
186370,186.370,1,4004,54004,lowband_largesig_r00,prps,1388,-62,-0.488071,10,0,10,0.02617994,1.50000,prps,3,1539
186390,186.390,1,4004,54004,lowband_largesig_r00,prps,1380,-70,-0.550932,19,0,19,0.04974188,2.85000,prps,3,1543
186410,186.410,1,4004,54004,lowband_largesig_r00,prps,1377,-73,-0.573111,27,0,27,0.07068583,4.05000,prps,3,1547
186430,186.430,1,4004,54004,lowband_largesig_r00,prps,1379,-71,-0.558658,33,0,33,0.08639380,4.95000,prps,3,1551
186450,186.450,1,4004,54004,lowband_largesig_r00,prps,1384,-66,-0.517529,37,0,37,0.09686577,5.55000,prps,3,1555
186470,186.470,1,4004,54004,lowband_largesig_r00,prps,1391,-59,-0.463725,38,0,38,0.09948376,5.70000,prps,3,1559
186490,186.490,1,4004,54004,lowband_largesig_r00,prps,1398,-52,-0.412781,37,0,37,0.09686577,5.55000,prps,3,1563
186510,186.510,1,4004,54004,lowband_largesig_r00,prps,1402,-48,-0.378996,37,0,37,0.09686577,5.55000,prps,3,1567
186530,186.530,1,4004,54004,lowband_largesig_r00,prps,1403,-47,-0.372888,36,0,36,0.09424778,5.40000,prps,3,1571
186550,186.550,1,4004,54004,lowband_largesig_r00,prps,1399,-51,-0.399294,33,0,33,0.08639380,4.95000,prps,3,1575
186570,186.570,1,4004,54004,lowband_largesig_r00,prps,1392,-58,-0.456422,30,0,30,0.07853982,4.50000,prps,3,1579
186590,186.590,1,4004,54004,lowband_largesig_r00,prps,1382,-68,-0.536039,29,0,29,0.07592182,4.35000,prps,3,1583
186610,186.610,1,4004,54004,lowband_largesig_r00,prps,1371,-79,-0.624737,30,0,30,0.07853982,4.50000,prps,3,1587
186630,186.630,1,4004,54004,lowband_largesig_r00,prps,1360,-90,-0.706095,33,0,33,0.08639380,4.95000,prps,3,1591
186650,186.650,1,4004,54004,lowband_largesig_r00,prps,1353,-97,-0.763358,38,0,38,0.09948376,5.70000,prps,3,1595
186670,186.670,1,4004,54004,lowband_largesig_r00,prps,1351,-99,-0.782205,42,0,42,0.10995574,6.30000,prps,3,1599
186690,186.690,1,4004,54004,lowband_largesig_r00,prps,1354,-96,-0.753151,48,0,48,0.12566370,7.20000,prps,3,1603
186710,186.710,1,4004,54004,lowband_largesig_r00,prps,1365,-85,-0.673184,52,0,52,0.13613568,7.80000,prps,3,1607
186730,186.730,1,4004,54004,lowband_largesig_r00,prps,1381,-69,-0.546386,55,0,55,0.14398966,8.25000,prps,3,1611
186750,186.750,1,4004,54004,lowband_largesig_r00,prps,1401,-49,-0.383432,54,0,54,0.14137166,8.10000,prps,3,1615
186770,186.770,1,4004,54004,lowband_largesig_r00,prps,1425,-25,-0.200060,50,0,50,0.13089970,7.50000,prps,3,1619
186790,186.790,1,4004,54004,lowband_largesig_r00,prps,1448,-2,-0.014775,40,0,40,0.10471976,6.00000,prps,3,1623
186810,186.810,1,4004,54004,lowband_largesig_r00,prps,1470,20,0.153857,28,0,28,0.07330382,4.20000,prps,3,1627
186830,186.830,1,4004,54004,lowband_largesig_r00,prps,1487,37,0.289877,14,0,14,0.03665191,2.10000,prps,3,1631
186850,186.850,1,4004,54004,lowband_largesig_r00,prps,1499,49,0.382155,1,0,1,0.00261799,0.15000,prps,3,1635
186870,186.870,1,4004,54004,lowband_largesig_r00,prps,1504,54,0.425819,-10,0,-10,-0.02617994,-1.50000,prps,3,1639
186890,186.890,1,4004,54004,lowband_largesig_r00,prps,1504,54,0.422716,-19,0,-19,-0.04974188,-2.85000,prps,3,1643
186910,186.910,1,4004,54004,lowband_largesig_r00,prps,1498,48,0.380838,-26,0,-26,-0.06806784,-3.90000,prps,3,1647
186930,186.930,1,4004,54004,lowband_largesig_r00,prps,1490,40,0.312865,-28,0,-28,-0.07330382,-4.20000,prps,3,1651
186950,186.950,1,4004,54004,lowband_largesig_r00,prps,1480,30,0.234086,-27,0,-27,-0.07068583,-4.05000,prps,3,1655
186970,186.970,1,4004,54004,lowband_largesig_r00,prps,1470,20,0.160038,-26,0,-26,-0.06806784,-3.90000,prps,3,1659
186990,186.990,1,4004,54004,lowband_largesig_r00,prps,1463,13,0.104269,-22,0,-22,-0.05759586,-3.30000,prps,3,1663
187010,187.010,1,4004,54004,lowband_largesig_r00,prps,1460,10,0.076545,-18,0,-18,-0.04712389,-2.70000,prps,3,1667
187030,187.030,1,4004,54004,lowband_largesig_r00,prps,1460,10,0.081769,-14,0,-14,-0.03665191,-2.10000,prps,3,1671
187050,187.050,1,4004,54004,lowband_largesig_r00,prps,1465,15,0.119721,-11,0,-11,-0.02879793,-1.65000,prps,3,1675
187070,187.070,1,4004,54004,lowband_largesig_r00,prps,1474,24,0.185613,-10,0,-10,-0.02617994,-1.50000,prps,3,1679
187090,187.090,1,4004,54004,lowband_largesig_r00,prps,1484,34,0.271285,-10,0,-10,-0.02617994,-1.50000,prps,3,1683
187110,187.110,1,4004,54004,lowband_largesig_r00,prps,1497,47,0.366810,-10,0,-10,-0.02617994,-1.50000,prps,3,1687
187130,187.130,1,4004,54004,lowband_largesig_r00,prps,1509,59,0.462198,-12,0,-12,-0.03141592,-1.80000,prps,3,1691
187150,187.150,1,4004,54004,lowband_largesig_r00,prps,1520,70,0.548907,-17,0,-17,-0.04450589,-2.55000,prps,3,1695
187170,187.170,1,4004,54004,lowband_largesig_r00,prps,1529,79,0.620921,-24,0,-24,-0.06283185,-3.60000,prps,3,1699
187190,187.190,1,4004,54004,lowband_largesig_r00,prps,1536,86,0.675263,-30,0,-30,-0.07853982,-4.50000,prps,3,1703
187210,187.210,1,4004,54004,lowband_largesig_r00,prps,1540,90,0.711894,-37,0,-37,-0.09686577,-5.55000,prps,3,1707
187230,187.230,1,4004,54004,lowband_largesig_r00,prps,1543,93,0.733105,-42,0,-42,-0.10995574,-6.30000,prps,3,1711
187250,187.250,1,4004,54004,lowband_largesig_r00,prps,1544,94,0.742549,-46,0,-46,-0.12042772,-6.90000,prps,3,1715
187270,187.270,1,4004,54004,lowband_largesig_r00,prps,1545,95,0.744156,-48,0,-48,-0.12566370,-7.20000,prps,3,1719
187290,187.290,1,4004,54004,lowband_largesig_r00,prps,1544,94,0.741139,-49,0,-49,-0.12828170,-7.35000,prps,3,1723
187310,187.310,1,4004,54004,lowband_largesig_r00,prps,1543,93,0.735292,-49,0,-49,-0.12828170,-7.35000,prps,3,1727
187330,187.330,1,4004,54004,lowband_largesig_r00,prps,1542,92,0.726694,-49,0,-49,-0.12828170,-7.35000,prps,3,1731
187350,187.350,1,4004,54004,lowband_largesig_r00,prps,1541,91,0.713840,-49,0,-49,-0.12828170,-7.35000,prps,3,1735
187370,187.370,1,4004,54004,lowband_largesig_r00,prps,1538,88,0.694146,-49,0,-49,-0.12828170,-7.35000,prps,3,1739
187390,187.390,1,4004,54004,lowband_largesig_r00,prps,1534,84,0.664676,-49,0,-49,-0.12828170,-7.35000,prps,3,1743
187410,187.410,1,4004,54004,lowband_largesig_r00,prps,1529,79,0.622930,-49,0,-49,-0.12828170,-7.35000,prps,3,1747
187430,187.430,1,4004,54004,lowband_largesig_r00,prps,1522,72,0.567507,-49,0,-49,-0.12828170,-7.35000,prps,3,1751
187450,187.450,1,4004,54004,lowband_largesig_r00,prps,1513,63,0.498496,-48,0,-48,-0.12566370,-7.20000,prps,3,1755
187470,187.470,1,4004,54004,lowband_largesig_r00,prps,1503,53,0.417526,-47,0,-47,-0.12304571,-7.05000,prps,3,1759
187490,187.490,1,4004,54004,lowband_largesig_r00,prps,1492,42,0.327478,-43,0,-43,-0.11257374,-6.45000,prps,3,1763
187510,187.510,1,4004,54004,lowband_largesig_r00,prps,1479,29,0.231923,-38,0,-38,-0.09948376,-5.70000,prps,3,1767
187530,187.530,1,4004,54004,lowband_largesig_r00,prps,1467,17,0.134448,-32,0,-32,-0.08377580,-4.80000,prps,3,1771
187550,187.550,1,4004,54004,lowband_largesig_r00,prps,1455,5,0.038021,-26,0,-26,-0.06806784,-3.90000,prps,3,1775
187570,187.570,1,4004,54004,lowband_largesig_r00,prps,1443,-7,-0.055445,-18,0,-18,-0.04712389,-2.70000,prps,3,1779
187590,187.590,1,4004,54004,lowband_largesig_r00,prps,1432,-18,-0.145211,-11,0,-11,-0.02879793,-1.65000,prps,3,1783
187610,187.610,1,4004,54004,lowband_largesig_r00,prps,1421,-29,-0.231476,-4,0,-4,-0.01047198,-0.60000,prps,3,1787
187630,187.630,1,4004,54004,lowband_largesig_r00,prps,1410,-40,-0.314834,4,0,4,0.01047198,0.60000,prps,3,1791
187650,187.650,1,4004,54004,lowband_largesig_r00,prps,1400,-50,-0.395533,12,0,12,0.03141592,1.80000,prps,3,1795
187670,187.670,1,4004,54004,lowband_largesig_r00,prps,1390,-60,-0.472722,18,0,18,0.04712389,2.70000,prps,3,1799
187690,187.690,1,4004,54004,lowband_largesig_r00,prps,1381,-69,-0.543874,22,0,22,0.05759586,3.30000,prps,3,1803
187710,187.710,1,4004,54004,lowband_largesig_r00,prps,1373,-77,-0.604563,26,0,26,0.06806784,3.90000,prps,3,1807
187730,187.730,1,4004,54004,lowband_largesig_r00,prps,1368,-82,-0.648709,30,0,30,0.07853982,4.50000,prps,3,1811
187750,187.750,1,4004,54004,lowband_largesig_r00,prps,1365,-85,-0.669300,35,0,35,0.09162979,5.25000,prps,3,1815
187770,187.770,1,4004,54004,lowband_largesig_r00,prps,1366,-84,-0.659538,39,0,39,0.10210176,5.85000,prps,3,1819
187790,187.790,1,4004,54004,lowband_largesig_r00,prps,1372,-78,-0.614205,42,0,42,0.10995574,6.30000,prps,3,1823
187810,187.810,1,4004,54004,lowband_largesig_r00,prps,1383,-67,-0.531032,44,0,44,0.11519173,6.60000,prps,3,1827
187830,187.830,1,4004,54004,lowband_largesig_r00,prps,1398,-52,-0.411779,44,0,44,0.11519173,6.60000,prps,3,1831
187850,187.850,1,4004,54004,lowband_largesig_r00,prps,1417,-33,-0.262801,43,0,43,0.11257374,6.45000,prps,3,1835
187870,187.870,1,4004,54004,lowband_largesig_r00,prps,1438,-12,-0.094914,39,0,39,0.10210176,5.85000,prps,3,1839
187890,187.890,1,4004,54004,lowband_largesig_r00,prps,1460,10,0.077496,30,0,30,0.07853982,4.50000,prps,3,1843
187910,187.910,1,4004,54004,lowband_largesig_r00,prps,1480,30,0.238062,19,0,19,0.04974188,2.85000,prps,3,1847
187930,187.930,1,4004,54004,lowband_largesig_r00,prps,1497,47,0.370503,7,0,7,0.01832596,1.05000,prps,3,1851
187950,187.950,1,4004,54004,lowband_largesig_r00,prps,1509,59,0.460905,-3,0,-3,-0.00785398,-0.45000,prps,3,1855
187970,187.970,1,4004,54004,lowband_largesig_r00,prps,1513,63,0.499827,-13,0,-13,-0.03403392,-1.95000,prps,3,1859
187990,187.990,1,4004,54004,lowband_largesig_r00,prps,1511,61,0.483904,-23,0,-23,-0.06021386,-3.45000,prps,3,1863
188010,188.010,1,4004,54004,lowband_largesig_r00,prps,1503,53,0.416638,-30,0,-30,-0.07853982,-4.50000,prps,3,1867
188030,188.030,1,4004,54004,lowband_largesig_r00,prps,1489,39,0.308221,-31,0,-31,-0.08115781,-4.65000,prps,3,1871
188050,188.050,1,4004,54004,lowband_largesig_r00,prps,1472,22,0.174352,-31,0,-31,-0.08115781,-4.65000,prps,3,1875
188070,188.070,1,4004,54004,lowband_largesig_r00,prps,1454,4,0.034192,-28,0,-28,-0.07330382,-4.20000,prps,3,1879
188090,188.090,1,4004,54004,lowband_largesig_r00,prps,1438,-12,-0.092253,-21,0,-21,-0.05497787,-3.15000,prps,3,1883
188110,188.110,1,4004,54004,lowband_largesig_r00,prps,1426,-24,-0.186954,-13,0,-13,-0.03403392,-1.95000,prps,3,1887
188130,188.130,1,4004,54004,lowband_largesig_r00,prps,1420,-30,-0.236432,-3,0,-3,-0.00785398,-0.45000,prps,3,1891
188150,188.150,1,4004,54004,lowband_largesig_r00,prps,1420,-30,-0.233704,6,0,6,0.01570796,0.90000,prps,3,1895
188170,188.170,1,4004,54004,lowband_largesig_r00,prps,1427,-23,-0.179279,12,0,12,0.03141592,1.80000,prps,3,1899
188190,188.190,1,4004,54004,lowband_largesig_r00,prps,1440,-10,-0.081049,13,0,13,0.03403392,1.95000,prps,3,1903
188210,188.210,1,4004,54004,lowband_largesig_r00,prps,1456,6,0.046917,13,0,13,0.03403392,1.95000,prps,3,1907
188230,188.230,1,4004,54004,lowband_largesig_r00,prps,1474,24,0.186487,12,0,12,0.03141592,1.80000,prps,3,1911
188250,188.250,1,4004,54004,lowband_largesig_r00,prps,1490,40,0.318159,7,0,7,0.01832596,1.05000,prps,3,1915
188270,188.270,1,4004,54004,lowband_largesig_r00,prps,1504,54,0.423912,0,0,0,0.00000000,0.00000,prps,3,1919
188290,188.290,1,4004,54004,lowband_largesig_r00,prps,1512,62,0.489760,-8,0,-8,-0.02094395,-1.20000,prps,3,1923
188310,188.310,1,4004,54004,lowband_largesig_r00,prps,1514,64,0.507631,-18,0,-18,-0.04712389,-2.70000,prps,3,1927
188330,188.330,1,4004,54004,lowband_largesig_r00,prps,1510,60,0.476270,-27,0,-27,-0.07068583,-4.05000,prps,3,1931
188350,188.350,1,4004,54004,lowband_largesig_r00,prps,1501,51,0.401075,-32,0,-32,-0.08377580,-4.80000,prps,3,1935
188370,188.370,1,4004,54004,lowband_largesig_r00,prps,1487,37,0.292893,-33,0,-33,-0.08639380,-4.95000,prps,3,1939
188390,188.390,1,4004,54004,lowband_largesig_r00,prps,1471,21,0.166037,-31,0,-31,-0.08115781,-4.65000,prps,3,1943
188410,188.410,1,4004,54004,lowband_largesig_r00,prps,1455,5,0.035851,-27,0,-27,-0.07068583,-4.05000,prps,3,1947
188430,188.430,1,4004,54004,lowband_largesig_r00,prps,1439,-11,-0.083747,-19,0,-19,-0.04974188,-2.85000,prps,3,1951
188450,188.450,1,4004,54004,lowband_largesig_r00,prps,1427,-23,-0.182327,-12,0,-12,-0.03141592,-1.80000,prps,3,1955
188470,188.470,1,4004,54004,lowband_largesig_r00,prps,1418,-32,-0.254300,-3,0,-3,-0.00785398,-0.45000,prps,3,1959
188490,188.490,1,4004,54004,lowband_largesig_r00,prps,1412,-38,-0.299335,6,0,6,0.01570796,0.90000,prps,3,1963
188510,188.510,1,4004,54004,lowband_largesig_r00,prps,1409,-41,-0.321833,13,0,13,0.03403392,1.95000,prps,3,1967
188530,188.530,1,4004,54004,lowband_largesig_r00,prps,1408,-42,-0.329564,19,0,19,0.04974188,2.85000,prps,3,1971
188550,188.550,1,4004,54004,lowband_largesig_r00,prps,1408,-42,-0.331773,22,0,22,0.05759586,3.30000,prps,3,1975
188570,188.570,1,4004,54004,lowband_largesig_r00,prps,1407,-43,-0.337099,22,0,22,0.05759586,3.30000,prps,3,1979
188590,188.590,1,4004,54004,lowband_largesig_r00,prps,1405,-45,-0.351718,22,0,22,0.05759586,3.30000,prps,3,1983
188610,188.610,1,4004,54004,lowband_largesig_r00,prps,1402,-48,-0.378043,23,0,23,0.06021386,3.45000,prps,3,1987
188630,188.630,1,4004,54004,lowband_largesig_r00,prps,1397,-53,-0.414230,23,0,23,0.06021386,3.45000,prps,3,1991
188650,188.650,1,4004,54004,lowband_largesig_r00,prps,1392,-58,-0.454582,24,0,24,0.06283185,3.60000,prps,3,1995
188670,188.670,1,4004,54004,lowband_largesig_r00,prps,1388,-62,-0.490748,25,0,25,0.06544985,3.75000,prps,3,1999
188690,188.690,1,4004,54004,lowband_largesig_r00,prps,1385,-65,-0.513521,26,0,26,0.06806784,3.90000,prps,3,2003
188710,188.710,1,4004,54004,lowband_largesig_r00,prps,1385,-65,-0.514871,28,0,28,0.07330382,4.20000,prps,3,2007
188730,188.730,1,4004,54004,lowband_largesig_r00,prps,1388,-62,-0.489823,30,0,30,0.07853982,4.50000,prps,3,2011
188750,188.750,1,4004,54004,lowband_largesig_r00,prps,1394,-56,-0.437831,32,0,32,0.08377580,4.80000,prps,3,2015
188770,188.770,1,4004,54004,lowband_largesig_r00,prps,1404,-46,-0.363347,32,0,32,0.08377580,4.80000,prps,3,2019
188790,188.790,1,4004,54004,lowband_largesig_r00,prps,1415,-35,-0.275465,32,0,32,0.08377580,4.80000,prps,3,2023
188810,188.810,1,4004,54004,lowband_largesig_r00,prps,1426,-24,-0.186652,30,0,30,0.07853982,4.50000,prps,3,2027
188830,188.830,1,4004,54004,lowband_largesig_r00,prps,1436,-14,-0.110774,25,0,25,0.06544985,3.75000,prps,3,2031
188850,188.850,1,4004,54004,lowband_largesig_r00,prps,1442,-8,-0.060743,20,0,20,0.05235988,3.00000,prps,3,2035
188870,188.870,1,4004,54004,lowband_largesig_r00,prps,1444,-6,-0.046172,15,0,15,0.03926991,2.25000,prps,3,2039
188890,188.890,1,4004,54004,lowband_largesig_r00,prps,1441,-9,-0.071479,11,0,11,0.02879793,1.65000,prps,3,2043
188910,188.910,1,4004,54004,lowband_largesig_r00,prps,1433,-17,-0.134764,10,0,10,0.02617994,1.50000,prps,3,2047
188930,188.930,1,4004,54004,lowband_largesig_r00,prps,1421,-29,-0.227687,10,0,10,0.02617994,1.50000,prps,3,2051
188950,188.950,1,4004,54004,lowband_largesig_r00,prps,1407,-43,-0.336417,11,0,11,0.02879793,1.65000,prps,3,2055
188970,188.970,1,4004,54004,lowband_largesig_r00,prps,1394,-56,-0.443501,14,0,14,0.03665191,2.10000,prps,3,2059
188990,188.990,1,4004,54004,lowband_largesig_r00,prps,1383,-67,-0.530401,18,0,18,0.04712389,2.70000,prps,3,2063
189010,189.010,1,4004,54004,lowband_largesig_r00,prps,1376,-74,-0.580281,23,0,23,0.06021386,3.45000,prps,3,2067
189030,189.030,1,4004,54004,lowband_largesig_r00,prps,1376,-74,-0.580608,29,0,29,0.07592182,4.35000,prps,3,2071
189050,189.050,1,4004,54004,lowband_largesig_r00,prps,1383,-67,-0.525148,33,0,33,0.08639380,4.95000,prps,3,2075
189070,189.070,1,4004,54004,lowband_largesig_r00,prps,1397,-53,-0.415028,35,0,35,0.09162979,5.25000,prps,3,2079
189090,189.090,1,4004,54004,lowband_largesig_r00,prps,1417,-33,-0.258700,35,0,35,0.09162979,5.25000,prps,3,2083
189110,189.110,1,4004,54004,lowband_largesig_r00,prps,1441,-9,-0.070790,34,0,34,0.08901179,5.10000,prps,3,2087
189130,189.130,1,4004,54004,lowband_largesig_r00,prps,1467,17,0.129958,28,0,28,0.07330382,4.20000,prps,3,2091
189150,189.150,1,4004,54004,lowband_largesig_r00,prps,1491,41,0.323349,16,0,16,0.04188790,2.40000,prps,3,2095
189170,189.170,1,4004,54004,lowband_largesig_r00,prps,1512,62,0.490571,5,0,5,0.01308997,0.75000,prps,3,2099
189190,189.190,1,4004,54004,lowband_largesig_r00,prps,1528,78,0.616778,-7,0,-7,-0.01832596,-1.05000,prps,3,2103
189210,189.210,1,4004,54004,lowband_largesig_r00,prps,1538,88,0.693004,-19,0,-19,-0.04974188,-2.85000,prps,3,2107
189230,189.230,1,4004,54004,lowband_largesig_r00,prps,1541,91,0.717161,-32,0,-32,-0.08377580,-4.80000,prps,3,2111
189250,189.250,1,4004,54004,lowband_largesig_r00,prps,1538,88,0.693967,-43,0,-43,-0.11257374,-6.45000,prps,3,2115
189270,189.270,1,4004,54004,lowband_largesig_r00,prps,1531,81,0.633872,-47,0,-47,-0.12304571,-7.05000,prps,3,2119
189290,189.290,1,4004,54004,lowband_largesig_r00,prps,1520,70,0.551177,-48,0,-48,-0.12566370,-7.20000,prps,3,2123
189310,189.310,1,4004,54004,lowband_largesig_r00,prps,1509,59,0.461677,-47,0,-47,-0.12304571,-7.05000,prps,3,2127
189330,189.330,1,4004,54004,lowband_largesig_r00,prps,1498,48,0.380210,-45,0,-45,-0.11780972,-6.75000,prps,3,2131
189350,189.350,1,4004,54004,lowband_largesig_r00,prps,1490,40,0.318519,-40,0,-40,-0.10471976,-6.00000,prps,3,2135
189370,189.370,1,4004,54004,lowband_largesig_r00,prps,1486,36,0.283717,-35,0,-35,-0.09162979,-5.25000,prps,3,2139
189390,189.390,1,4004,54004,lowband_largesig_r00,prps,1485,35,0.277589,-31,0,-31,-0.08115781,-4.65000,prps,3,2143
189410,189.410,1,4004,54004,lowband_largesig_r00,prps,1488,38,0.296779,-27,0,-27,-0.07068583,-4.05000,prps,3,2147
189430,189.430,1,4004,54004,lowband_largesig_r00,prps,1492,42,0.333768,-24,0,-24,-0.06283185,-3.60000,prps,3,2151
189450,189.450,1,4004,54004,lowband_largesig_r00,prps,1498,48,0.378444,-23,0,-23,-0.06021386,-3.45000,prps,3,2155
189470,189.470,1,4004,54004,lowband_largesig_r00,prps,1503,53,0.419963,-23,0,-23,-0.06021386,-3.45000,prps,3,2159
189490,189.490,1,4004,54004,lowband_largesig_r00,prps,1507,57,0.448564,-23,0,-23,-0.06021386,-3.45000,prps,3,2163
189510,189.510,1,4004,54004,lowband_largesig_r00,prps,1508,58,0.457062,-23,0,-23,-0.06021386,-3.45000,prps,3,2167
189530,189.530,1,4004,54004,lowband_largesig_r00,prps,1506,56,0.441782,-24,0,-24,-0.06283185,-3.60000,prps,3,2171
189550,189.550,1,4004,54004,lowband_largesig_r00,prps,1501,51,0.402834,-26,0,-26,-0.06806784,-3.90000,prps,3,2175
189570,189.570,1,4004,54004,lowband_largesig_r00,prps,1494,44,0.343737,-28,0,-28,-0.07330382,-4.20000,prps,3,2179
189590,189.590,1,4004,54004,lowband_largesig_r00,prps,1484,34,0.270523,-27,0,-27,-0.07068583,-4.05000,prps,3,2183
189610,189.610,1,4004,54004,lowband_largesig_r00,prps,1474,24,0.190515,-26,0,-26,-0.06806784,-3.90000,prps,3,2187
189630,189.630,1,4004,54004,lowband_largesig_r00,prps,1464,14,0.111041,-24,0,-24,-0.06283185,-3.60000,prps,3,2191
189650,189.650,1,4004,54004,lowband_largesig_r00,prps,1455,5,0.038309,-20,0,-20,-0.05235988,-3.00000,prps,3,2195
189670,189.670,1,4004,54004,lowband_largesig_r00,prps,1447,-3,-0.023364,-15,0,-15,-0.03926991,-2.25000,prps,3,2199
189690,189.690,1,4004,54004,lowband_largesig_r00,prps,1441,-9,-0.071878,-10,0,-10,-0.02617994,-1.50000,prps,3,2203
189710,189.710,1,4004,54004,lowband_largesig_r00,prps,1436,-14,-0.107208,-5,0,-5,-0.01308997,-0.75000,prps,3,2207
189730,189.730,1,4004,54004,lowband_largesig_r00,prps,1433,-17,-0.130895,1,0,1,0.00261799,0.15000,prps,3,2211
189750,189.750,1,4004,54004,lowband_largesig_r00,prps,1432,-18,-0.145308,5,0,5,0.01308997,0.75000,prps,3,2215
189770,189.770,1,4004,54004,lowband_largesig_r00,prps,1431,-19,-0.152879,9,0,9,0.02356194,1.35000,prps,3,2219
189790,189.790,1,4004,54004,lowband_largesig_r00,prps,1430,-20,-0.155468,10,0,10,0.02617994,1.50000,prps,3,2223
189810,189.810,1,4004,54004,lowband_largesig_r00,prps,1430,-20,-0.154005,11,0,11,0.02879793,1.65000,prps,3,2227
189830,189.830,1,4004,54004,lowband_largesig_r00,prps,1431,-19,-0.148468,11,0,11,0.02879793,1.65000,prps,3,2231
189850,189.850,1,4004,54004,lowband_largesig_r00,prps,1432,-18,-0.138175,11,0,11,0.02879793,1.65000,prps,3,2235
189870,189.870,1,4004,54004,lowband_largesig_r00,prps,1434,-16,-0.122299,11,0,11,0.02879793,1.65000,prps,3,2239
189890,189.890,1,4004,54004,lowband_largesig_r00,prps,1437,-13,-0.100458,11,0,11,0.02879793,1.65000,prps,3,2243
189910,189.910,1,4004,54004,lowband_largesig_r00,prps,1441,-9,-0.073220,11,0,11,0.02879793,1.65000,prps,3,2247
189930,189.930,1,4004,54004,lowband_largesig_r00,prps,1445,-5,-0.042375,11,0,11,0.02879793,1.65000,prps,3,2251
189950,189.950,1,4004,54004,lowband_largesig_r00,prps,1449,-1,-0.010867,11,0,11,0.02879793,1.65000,prps,3,2255
189970,189.970,1,4004,54004,lowband_largesig_r00,prps,1452,2,0.017598,11,0,11,0.02879793,1.65000,prps,3,2259
189990,189.990,1,4004,54004,lowband_largesig_r00,prps,1455,5,0.039247,11,0,11,0.02879793,1.65000,prps,3,2263
190010,190.010,1,4004,54004,lowband_largesig_r00,prps,1456,6,0.051070,10,0,10,0.02617994,1.50000,prps,3,2267
190030,190.030,1,4004,54004,lowband_largesig_r00,prps,1457,7,0.051615,8,0,8,0.02094395,1.20000,prps,3,2271
190050,190.050,1,4004,54004,lowband_largesig_r00,prps,1455,5,0.041559,4,0,4,0.01047198,0.60000,prps,3,2275
190070,190.070,1,4004,54004,lowband_largesig_r00,prps,1453,3,0.023897,2,0,2,0.00523599,0.30000,prps,3,2279
190090,190.090,1,4004,54004,lowband_largesig_r00,prps,1450,0,0.003649,2,0,2,0.00523599,0.30000,prps,3,2283
190110,190.110,1,4004,54004,lowband_largesig_r00,prps,1448,-2,-0.012897,2,0,2,0.00523599,0.30000,prps,3,2287
190130,190.130,1,4004,54004,lowband_largesig_r00,prps,1448,-2,-0.019319,3,0,3,0.00785398,0.45000,prps,3,2291
190150,190.150,1,4004,54004,lowband_largesig_r00,prps,1449,-1,-0.010382,3,0,3,0.00785398,0.45000,prps,3,2295
190170,190.170,1,4004,54004,lowband_largesig_r00,prps,1452,2,0.016701,3,0,3,0.00785398,0.45000,prps,3,2299
190190,190.190,1,4004,54004,lowband_largesig_r00,prps,1458,8,0.061322,3,0,3,0.00785398,0.45000,prps,3,2303
190210,190.210,1,4004,54004,lowband_largesig_r00,prps,1465,15,0.119050,2,0,2,0.00523599,0.30000,prps,3,2307
190230,190.230,1,4004,54004,lowband_largesig_r00,prps,1473,23,0.181875,1,0,1,0.00261799,0.15000,prps,3,2311
190250,190.250,1,4004,54004,lowband_largesig_r00,prps,1480,30,0.239131,-1,0,-1,-0.00261799,-0.15000,prps,3,2315
190270,190.270,1,4004,54004,lowband_largesig_r00,prps,1485,35,0.279005,-5,0,-5,-0.01308997,-0.75000,prps,3,2319
190290,190.290,1,4004,54004,lowband_largesig_r00,prps,1487,37,0.290415,-9,0,-9,-0.02356194,-1.35000,prps,3,2323
190310,190.310,1,4004,54004,lowband_largesig_r00,prps,1484,34,0.264950,-12,0,-12,-0.03141592,-1.80000,prps,3,2327
190330,190.330,1,4004,54004,lowband_largesig_r00,prps,1475,25,0.198544,-16,0,-16,-0.04188790,-2.40000,prps,3,2331
190350,190.350,1,4004,54004,lowband_largesig_r00,prps,1462,12,0.092581,-16,0,-16,-0.04188790,-2.40000,prps,3,2335
190370,190.370,1,4004,54004,lowband_largesig_r00,prps,1444,-6,-0.045810,-15,0,-15,-0.03926991,-2.25000,prps,3,2339
190390,190.390,1,4004,54004,lowband_largesig_r00,prps,1424,-26,-0.204359,-12,0,-12,-0.03141592,-1.80000,prps,3,2343
190410,190.410,1,4004,54004,lowband_largesig_r00,prps,1403,-47,-0.367122,-5,0,-5,-0.01308997,-0.75000,prps,3,2347
190430,190.430,1,4004,54004,lowband_largesig_r00,prps,1384,-66,-0.516614,5,0,5,0.01308997,0.75000,prps,3,2351
190450,190.450,1,4004,54004,lowband_largesig_r00,prps,1369,-81,-0.636279,16,0,16,0.04188790,2.40000,prps,3,2355
190470,190.470,1,4004,54004,lowband_largesig_r00,prps,1359,-91,-0.712933,26,0,26,0.06806784,3.90000,prps,3,2359
190490,190.490,1,4004,54004,lowband_largesig_r00,prps,1356,-94,-0.738756,36,0,36,0.09424778,5.40000,prps,3,2363
190510,190.510,1,4004,54004,lowband_largesig_r00,prps,1360,-90,-0.712524,43,0,43,0.11257374,6.45000,prps,3,2367
190530,190.530,1,4004,54004,lowband_largesig_r00,prps,1369,-81,-0.639828,50,0,50,0.13089970,7.50000,prps,3,2371
190550,190.550,1,4004,54004,lowband_largesig_r00,prps,1382,-68,-0.532248,52,0,52,0.13613568,7.80000,prps,3,2375
190570,190.570,1,4004,54004,lowband_largesig_r00,prps,1398,-52,-0.405581,51,0,51,0.13351768,7.65000,prps,3,2379
190590,190.590,1,4004,54004,lowband_largesig_r00,prps,1415,-35,-0.277388,48,0,48,0.12566370,7.20000,prps,3,2383
190610,190.610,1,4004,54004,lowband_largesig_r00,prps,1429,-21,-0.164265,40,0,40,0.10471976,6.00000,prps,3,2387
190630,190.630,1,4004,54004,lowband_largesig_r00,prps,1440,-10,-0.079262,30,0,30,0.07853982,4.50000,prps,3,2391
190650,190.650,1,4004,54004,lowband_largesig_r00,prps,1446,-4,-0.029882,20,0,20,0.05235988,3.00000,prps,3,2395
190670,190.670,1,4004,54004,lowband_largesig_r00,prps,1448,-2,-0.016998,12,0,12,0.03141592,1.80000,prps,3,2399
190690,190.690,1,4004,54004,lowband_largesig_r00,prps,1446,-4,-0.034859,7,0,7,0.01832596,1.05000,prps,3,2403
190710,190.710,1,4004,54004,lowband_largesig_r00,prps,1441,-9,-0.072209,4,0,4,0.01047198,0.60000,prps,3,2407
190730,190.730,1,4004,54004,lowband_largesig_r00,prps,1435,-15,-0.114322,4,0,4,0.01047198,0.60000,prps,3,2411
190750,190.750,1,4004,54004,lowband_largesig_r00,prps,1432,-18,-0.145637,6,0,6,0.01570796,0.90000,prps,3,2415
190770,190.770,1,4004,54004,lowband_largesig_r00,prps,1431,-19,-0.152548,9,0,9,0.02356194,1.35000,prps,3,2419
190790,190.790,1,4004,54004,lowband_largesig_r00,prps,1434,-16,-0.125887,10,0,10,0.02617994,1.50000,prps,3,2423
190810,190.810,1,4004,54004,lowband_largesig_r00,prps,1442,-8,-0.062686,10,0,10,0.02617994,1.50000,prps,3,2427
190830,190.830,1,4004,54004,lowband_largesig_r00,prps,1454,4,0.033075,10,0,10,0.02617994,1.50000,prps,3,2431
190850,190.850,1,4004,54004,lowband_largesig_r00,prps,1469,19,0.150882,10,0,10,0.02617994,1.50000,prps,3,2435
190870,190.870,1,4004,54004,lowband_largesig_r00,prps,1485,35,0.275181,7,0,7,0.01832596,1.05000,prps,3,2439
190890,190.890,1,4004,54004,lowband_largesig_r00,prps,1499,49,0.387732,1,0,1,0.00261799,0.15000,prps,3,2443
190910,190.910,1,4004,54004,lowband_largesig_r00,prps,1510,60,0.470430,-6,0,-6,-0.01570796,-0.90000,prps,3,2447
190930,190.930,1,4004,54004,lowband_largesig_r00,prps,1515,65,0.508149,-15,0,-15,-0.03926991,-2.25000,prps,3,2451
190950,190.950,1,4004,54004,lowband_largesig_r00,prps,1512,62,0.491135,-24,0,-24,-0.06283185,-3.60000,prps,3,2455
190970,190.970,1,4004,54004,lowband_largesig_r00,prps,1503,53,0.416582,-30,0,-30,-0.07853982,-4.50000,prps,3,2459
190990,190.990,1,4004,54004,lowband_largesig_r00,prps,1487,37,0.289134,-32,0,-32,-0.08377580,-4.80000,prps,3,2463
191010,191.010,1,4004,54004,lowband_largesig_r00,prps,1465,15,0.120257,-31,0,-31,-0.08115781,-4.65000,prps,3,2467
191030,191.030,1,4004,54004,lowband_largesig_r00,prps,1441,-9,-0.073419,-27,0,-27,-0.07068583,-4.05000,prps,3,2471
191050,191.050,1,4004,54004,lowband_largesig_r00,prps,1415,-35,-0.272484,-18,0,-18,-0.04712389,-2.70000,prps,3,2475
191070,191.070,1,4004,54004,lowband_largesig_r00,prps,1392,-58,-0.457480,-7,0,-7,-0.01832596,-1.05000,prps,3,2479
191090,191.090,1,4004,54004,lowband_largesig_r00,prps,1372,-78,-0.611532,7,0,7,0.01832596,1.05000,prps,3,2483
191110,191.110,1,4004,54004,lowband_largesig_r00,prps,1358,-92,-0.722461,20,0,20,0.05235988,3.00000,prps,3,2487
191130,191.130,1,4004,54004,lowband_largesig_r00,prps,1350,-100,-0.784076,33,0,33,0.08639380,4.95000,prps,3,2491
191150,191.150,1,4004,54004,lowband_largesig_r00,prps,1349,-101,-0.796458,43,0,43,0.11257374,6.45000,prps,3,2495
191170,191.170,1,4004,54004,lowband_largesig_r00,prps,1353,-97,-0.765262,52,0,52,0.13613568,7.80000,prps,3,2499
191190,191.190,1,4004,54004,lowband_largesig_r00,prps,1361,-89,-0.700200,56,0,56,0.14660765,8.40000,prps,3,2503
191210,191.210,1,4004,54004,lowband_largesig_r00,prps,1372,-78,-0.613006,56,0,56,0.14660765,8.40000,prps,3,2507
191230,191.230,1,4004,54004,lowband_largesig_r00,prps,1385,-65,-0.515272,55,0,55,0.14398966,8.25000,prps,3,2511
191250,191.250,1,4004,54004,lowband_largesig_r00,prps,1397,-53,-0.416543,52,0,52,0.13613568,7.80000,prps,3,2515
191270,191.270,1,4004,54004,lowband_largesig_r00,prps,1409,-41,-0.322989,46,0,46,0.12042772,6.90000,prps,3,2519
191290,191.290,1,4004,54004,lowband_largesig_r00,prps,1420,-30,-0.236879,40,0,40,0.10471976,6.00000,prps,3,2523
191310,191.310,1,4004,54004,lowband_largesig_r00,prps,1430,-20,-0.156890,32,0,32,0.08377580,4.80000,prps,3,2527
191330,191.330,1,4004,54004,lowband_largesig_r00,prps,1440,-10,-0.079178,25,0,25,0.06544985,3.75000,prps,3,2531
191350,191.350,1,4004,54004,lowband_largesig_r00,prps,1450,0,0.001059,18,0,18,0.04712389,2.70000,prps,3,2535
191370,191.370,1,4004,54004,lowband_largesig_r00,prps,1461,11,0.087833,11,0,11,0.02879793,1.65000,prps,3,2539
191390,191.390,1,4004,54004,lowband_largesig_r00,prps,1473,23,0.182809,7,0,7,0.01832596,1.05000,prps,3,2543
191410,191.410,1,4004,54004,lowband_largesig_r00,prps,1486,36,0.284250,2,0,2,0.00523599,0.30000,prps,3,2547
191430,191.430,1,4004,54004,lowband_largesig_r00,prps,1499,49,0.386702,-2,0,-2,-0.00523599,-0.30000,prps,3,2551
191450,191.450,1,4004,54004,lowband_largesig_r00,prps,1511,61,0.481496,-9,0,-9,-0.02356194,-1.35000,prps,3,2555
191470,191.470,1,4004,54004,lowband_largesig_r00,prps,1521,71,0.558002,-16,0,-16,-0.04188790,-2.40000,prps,3,2559
191490,191.490,1,4004,54004,lowband_largesig_r00,prps,1527,77,0.605426,-25,0,-25,-0.06544985,-3.75000,prps,3,2563
191510,191.510,1,4004,54004,lowband_largesig_r00,prps,1528,78,0.614834,-32,0,-32,-0.08377580,-4.80000,prps,3,2567
191530,191.530,1,4004,54004,lowband_largesig_r00,prps,1524,74,0.581031,-38,0,-38,-0.09948376,-5.70000,prps,3,2571
191550,191.550,1,4004,54004,lowband_largesig_r00,prps,1514,64,0.503946,-41,0,-41,-0.10733775,-6.15000,prps,3,2575
191570,191.570,1,4004,54004,lowband_largesig_r00,prps,1499,49,0.389250,-41,0,-41,-0.10733775,-6.15000,prps,3,2579
191590,191.590,1,4004,54004,lowband_largesig_r00,prps,1482,32,0.248064,-39,0,-39,-0.10210176,-5.85000,prps,3,2583
191610,191.610,1,4004,54004,lowband_largesig_r00,prps,1462,12,0.095765,-34,0,-34,-0.08901179,-5.10000,prps,3,2587
191630,191.630,1,4004,54004,lowband_largesig_r00,prps,1444,-6,-0.049956,-27,0,-27,-0.07068583,-4.05000,prps,3,2591
191650,191.650,1,4004,54004,lowband_largesig_r00,prps,1428,-22,-0.171477,-17,0,-17,-0.04450589,-2.55000,prps,3,2595
191670,191.670,1,4004,54004,lowband_largesig_r00,prps,1418,-32,-0.253708,-7,0,-7,-0.01832596,-1.05000,prps,3,2599
191690,191.690,1,4004,54004,lowband_largesig_r00,prps,1414,-36,-0.286243,3,0,3,0.00785398,0.45000,prps,3,2603
191710,191.710,1,4004,54004,lowband_largesig_r00,prps,1416,-34,-0.264870,13,0,13,0.03403392,1.95000,prps,3,2607
191730,191.730,1,4004,54004,lowband_largesig_r00,prps,1426,-24,-0.192184,17,0,17,0.04450589,2.55000,prps,3,2611
191750,191.750,1,4004,54004,lowband_largesig_r00,prps,1440,-10,-0.077233,19,0,19,0.04974188,2.85000,prps,3,2615
191770,191.770,1,4004,54004,lowband_largesig_r00,prps,1458,8,0.065763,18,0,18,0.04712389,2.70000,prps,3,2619
191790,191.790,1,4004,54004,lowband_largesig_r00,prps,1478,28,0.219398,13,0,13,0.03403392,1.95000,prps,3,2623
191810,191.810,1,4004,54004,lowband_largesig_r00,prps,1496,46,0.365463,6,0,6,0.01570796,0.90000,prps,3,2627
191830,191.830,1,4004,54004,lowband_largesig_r00,prps,1512,62,0.487367,-1,0,-1,-0.00261799,-0.15000,prps,3,2631
191850,191.850,1,4004,54004,lowband_largesig_r00,prps,1523,73,0.572226,-12,0,-12,-0.03141592,-1.80000,prps,3,2635
191870,191.870,1,4004,54004,lowband_largesig_r00,prps,1528,78,0.612330,-22,0,-22,-0.05759586,-3.30000,prps,3,2639
191890,191.890,1,4004,54004,lowband_largesig_r00,prps,1527,77,0.605803,-32,0,-32,-0.08377580,-4.80000,prps,3,2643
191910,191.910,1,4004,54004,lowband_largesig_r00,prps,1521,71,0.556410,-39,0,-39,-0.10210176,-5.85000,prps,3,2647
191930,191.930,1,4004,54004,lowband_largesig_r00,prps,1510,60,0.472592,-41,0,-41,-0.10733775,-6.15000,prps,3,2651
191950,191.950,1,4004,54004,lowband_largesig_r00,prps,1496,46,0.365938,-41,0,-41,-0.10733775,-6.15000,prps,3,2655
191970,191.970,1,4004,54004,lowband_largesig_r00,prps,1482,32,0.249368,-39,0,-39,-0.10210176,-5.85000,prps,3,2659
191990,191.990,1,4004,54004,lowband_largesig_r00,prps,1467,17,0.135331,-33,0,-33,-0.08639380,-4.95000,prps,3,2663
192010,192.010,1,4004,54004,lowband_largesig_r00,prps,1454,4,0.034286,-27,0,-27,-0.07068583,-4.05000,prps,3,2667
192030,192.030,1,4004,54004,lowband_largesig_r00,prps,1444,-6,-0.046325,-18,0,-18,-0.04712389,-2.70000,prps,3,2671
192050,192.050,1,4004,54004,lowband_largesig_r00,prps,1437,-13,-0.102520,-11,0,-11,-0.02879793,-1.65000,prps,3,2675
192070,192.070,1,4004,54004,lowband_largesig_r00,prps,1433,-17,-0.133639,-4,0,-4,-0.01047198,-0.60000,prps,3,2679
192090,192.090,1,4004,54004,lowband_largesig_r00,prps,1432,-18,-0.141739,2,0,2,0.00523599,0.30000,prps,3,2683
192110,192.110,1,4004,54004,lowband_largesig_r00,prps,1433,-17,-0.130702,7,0,7,0.01832596,1.05000,prps,3,2687
192130,192.130,1,4004,54004,lowband_largesig_r00,prps,1437,-13,-0.105253,8,0,8,0.02094395,1.20000,prps,3,2691
192150,192.150,1,4004,54004,lowband_largesig_r00,prps,1441,-9,-0.070105,9,0,9,0.02356194,1.35000,prps,3,2695
192170,192.170,1,4004,54004,lowband_largesig_r00,prps,1446,-4,-0.029358,8,0,8,0.02094395,1.20000,prps,3,2699
192190,192.190,1,4004,54004,lowband_largesig_r00,prps,1452,2,0.013768,8,0,8,0.02094395,1.20000,prps,3,2703
192210,192.210,1,4004,54004,lowband_largesig_r00,prps,1457,7,0.056877,8,0,8,0.02094395,1.20000,prps,3,2707
192230,192.230,1,4004,54004,lowband_largesig_r00,prps,1462,12,0.098109,8,0,8,0.02094395,1.20000,prps,3,2711
192250,192.250,1,4004,54004,lowband_largesig_r00,prps,1467,17,0.135754,6,0,6,0.01570796,0.90000,prps,3,2715
192270,192.270,1,4004,54004,lowband_largesig_r00,prps,1471,21,0.167917,3,0,3,0.00785398,0.45000,prps,3,2719
192290,192.290,1,4004,54004,lowband_largesig_r00,prps,1474,24,0.192365,0,0,0,0.00000000,0.00000,prps,3,2723
192310,192.310,1,4004,54004,lowband_largesig_r00,prps,1476,26,0.206641,-3,0,-3,-0.00785398,-0.45000,prps,3,2727
192330,192.330,1,4004,54004,lowband_largesig_r00,prps,1476,26,0.208435,-6,0,-6,-0.01570796,-0.90000,prps,3,2731
192350,192.350,1,4004,54004,lowband_largesig_r00,prps,1475,25,0.196157,-10,0,-10,-0.02617994,-1.50000,prps,3,2735
192370,192.370,1,4004,54004,lowband_largesig_r00,prps,1472,22,0.169566,-12,0,-12,-0.03141592,-1.80000,prps,3,2739
192390,192.390,1,4004,54004,lowband_largesig_r00,prps,1467,17,0.130303,-12,0,-12,-0.03141592,-1.80000,prps,3,2743
192410,192.410,1,4004,54004,lowband_largesig_r00,prps,1460,10,0.082155,-12,0,-12,-0.03141592,-1.80000,prps,3,2747
192430,192.430,1,4004,54004,lowband_largesig_r00,prps,1454,4,0.030926,-11,0,-11,-0.02879793,-1.65000,prps,3,2751
192450,192.450,1,4004,54004,lowband_largesig_r00,prps,1448,-2,-0.016124,-10,0,-10,-0.02617994,-1.50000,prps,3,2755
192470,192.470,1,4004,54004,lowband_largesig_r00,prps,1443,-7,-0.051239,-8,0,-8,-0.02094395,-1.20000,prps,3,2759
192490,192.490,1,4004,54004,lowband_largesig_r00,prps,1441,-9,-0.067404,-4,0,-4,-0.01047198,-0.60000,prps,3,2763
192510,192.510,1,4004,54004,lowband_largesig_r00,prps,1442,-8,-0.059636,-1,0,-1,-0.00261799,-0.15000,prps,3,2767
192530,192.530,1,4004,54004,lowband_largesig_r00,prps,1447,-3,-0.026111,2,0,2,0.00523599,0.30000,prps,3,2771
192550,192.550,1,4004,54004,lowband_largesig_r00,prps,1454,4,0.031119,4,0,4,0.01047198,0.60000,prps,3,2775
192570,192.570,1,4004,54004,lowband_largesig_r00,prps,1463,13,0.105994,4,0,4,0.01047198,0.60000,prps,3,2779
192590,192.590,1,4004,54004,lowband_largesig_r00,prps,1474,24,0.188990,3,0,3,0.00785398,0.45000,prps,3,2783
192610,192.610,1,4004,54004,lowband_largesig_r00,prps,1484,34,0.268297,1,0,1,0.00261799,0.15000,prps,3,2787
192630,192.630,1,4004,54004,lowband_largesig_r00,prps,1492,42,0.331509,-3,0,-3,-0.00785398,-0.45000,prps,3,2791
192650,192.650,1,4004,54004,lowband_largesig_r00,prps,1497,47,0.367542,-9,0,-9,-0.02356194,-1.35000,prps,3,2795
192670,192.670,1,4004,54004,lowband_largesig_r00,prps,1497,47,0.368502,-14,0,-14,-0.03665191,-2.10000,prps,3,2799
192690,192.690,1,4004,54004,lowband_largesig_r00,prps,1492,42,0.331159,-19,0,-19,-0.04974188,-2.85000,prps,3,2803
192710,192.710,1,4004,54004,lowband_largesig_r00,prps,1483,33,0.257754,-23,0,-23,-0.06021386,-3.45000,prps,3,2807
192730,192.730,1,4004,54004,lowband_largesig_r00,prps,1470,20,0.155973,-24,0,-24,-0.06283185,-3.60000,prps,3,2811
192750,192.750,1,4004,54004,lowband_largesig_r00,prps,1455,5,0.038038,-22,0,-22,-0.05759586,-3.30000,prps,3,2815
192770,192.770,1,4004,54004,lowband_largesig_r00,prps,1440,-10,-0.080989,-17,0,-17,-0.04450589,-2.55000,prps,3,2819
192790,192.790,1,4004,54004,lowband_largesig_r00,prps,1426,-24,-0.185420,-11,0,-11,-0.02879793,-1.65000,prps,3,2823
192810,192.810,1,4004,54004,lowband_largesig_r00,prps,1417,-33,-0.261358,-3,0,-3,-0.00785398,-0.45000,prps,3,2827
192830,192.830,1,4004,54004,lowband_largesig_r00,prps,1412,-38,-0.298900,6,0,6,0.01570796,0.90000,prps,3,2831
192850,192.850,1,4004,54004,lowband_largesig_r00,prps,1413,-37,-0.293770,14,0,14,0.03665191,2.10000,prps,3,2835
192870,192.870,1,4004,54004,lowband_largesig_r00,prps,1418,-32,-0.248082,18,0,18,0.04712389,2.70000,prps,3,2839
192890,192.890,1,4004,54004,lowband_largesig_r00,prps,1428,-22,-0.170096,19,0,19,0.04974188,2.85000,prps,3,2843
192910,192.910,1,4004,54004,lowband_largesig_r00,prps,1441,-9,-0.072956,19,0,19,0.04974188,2.85000,prps,3,2847
192930,192.930,1,4004,54004,lowband_largesig_r00,prps,1453,3,0.027380,18,0,18,0.04712389,2.70000,prps,3,2851
192950,192.950,1,4004,54004,lowband_largesig_r00,prps,1465,15,0.114720,14,0,14,0.03665191,2.10000,prps,3,2855
192970,192.970,1,4004,54004,lowband_largesig_r00,prps,1472,22,0.175291,8,0,8,0.02094395,1.20000,prps,3,2859
192990,192.990,1,4004,54004,lowband_largesig_r00,prps,1475,25,0.200038,3,0,3,0.00785398,0.45000,prps,3,2863
193010,193.010,1,4004,54004,lowband_largesig_r00,prps,1474,24,0.186178,-1,0,-1,-0.00261799,-0.15000,prps,3,2867
193030,193.030,1,4004,54004,lowband_largesig_r00,prps,1467,17,0.137735,-6,0,-6,-0.01570796,-0.90000,prps,3,2871
193050,193.050,1,4004,54004,lowband_largesig_r00,prps,1458,8,0.064944,-9,0,-9,-0.02356194,-1.35000,prps,3,2875
193070,193.070,1,4004,54004,lowband_largesig_r00,prps,1448,-2,-0.017383,-9,0,-9,-0.02356194,-1.35000,prps,3,2879
193090,193.090,1,4004,54004,lowband_largesig_r00,prps,1438,-12,-0.092289,-8,0,-8,-0.02094395,-1.20000,prps,3,2883
193110,193.110,1,4004,54004,lowband_largesig_r00,prps,1432,-18,-0.143508,-5,0,-5,-0.01308997,-0.75000,prps,3,2887
193130,193.130,1,4004,54004,lowband_largesig_r00,prps,1430,-20,-0.158238,1,0,1,0.00261799,0.15000,prps,3,2891
193150,193.150,1,4004,54004,lowband_largesig_r00,prps,1434,-16,-0.129396,6,0,6,0.01570796,0.90000,prps,3,2895
193170,193.170,1,4004,54004,lowband_largesig_r00,prps,1443,-7,-0.056982,9,0,9,0.02356194,1.35000,prps,3,2899
193190,193.190,1,4004,54004,lowband_largesig_r00,prps,1457,7,0.051695,10,0,10,0.02617994,1.50000,prps,3,2903
193210,193.210,1,4004,54004,lowband_largesig_r00,prps,1473,23,0.182963,9,0,9,0.02356194,1.35000,prps,3,2907
193230,193.230,1,4004,54004,lowband_largesig_r00,prps,1490,40,0.318776,5,0,5,0.01308997,0.75000,prps,3,2911
193250,193.250,1,4004,54004,lowband_largesig_r00,prps,1506,56,0.439414,-1,0,-1,-0.00261799,-0.15000,prps,3,2915
193270,193.270,1,4004,54004,lowband_largesig_r00,prps,1517,67,0.526478,-10,0,-10,-0.02617994,-1.50000,prps,3,2919
193290,193.290,1,4004,54004,lowband_largesig_r00,prps,1522,72,0.565693,-19,0,-19,-0.04974188,-2.85000,prps,3,2923
193310,193.310,1,4004,54004,lowband_largesig_r00,prps,1520,70,0.549064,-28,0,-28,-0.07330382,-4.20000,prps,3,2927
193330,193.330,1,4004,54004,lowband_largesig_r00,prps,1510,60,0.476052,-35,0,-35,-0.09162979,-5.25000,prps,3,2931
193350,193.350,1,4004,54004,lowband_largesig_r00,prps,1495,45,0.353581,-37,0,-37,-0.09686577,-5.55000,prps,3,2935
193370,193.370,1,4004,54004,lowband_largesig_r00,prps,1475,25,0.194896,-36,0,-36,-0.09424778,-5.40000,prps,3,2939
193390,193.390,1,4004,54004,lowband_largesig_r00,prps,1452,2,0.017465,-31,0,-31,-0.08115781,-4.65000,prps,3,2943
193410,193.410,1,4004,54004,lowband_largesig_r00,prps,1430,-20,-0.159723,-23,0,-23,-0.06021386,-3.45000,prps,3,2947
193430,193.430,1,4004,54004,lowband_largesig_r00,prps,1409,-41,-0.319022,-13,0,-13,-0.03403392,-1.95000,prps,3,2951
193450,193.450,1,4004,54004,lowband_largesig_r00,prps,1393,-57,-0.446680,-1,0,-1,-0.00261799,-0.15000,prps,3,2955
193470,193.470,1,4004,54004,lowband_largesig_r00,prps,1382,-68,-0.534690,12,0,12,0.03141592,1.80000,prps,3,2959
193490,193.490,1,4004,54004,lowband_largesig_r00,prps,1376,-74,-0.581651,23,0,23,0.06021386,3.45000,prps,3,2963
193510,193.510,1,4004,54004,lowband_largesig_r00,prps,1375,-75,-0.592528,33,0,33,0.08639380,4.95000,prps,3,2967
193530,193.530,1,4004,54004,lowband_largesig_r00,prps,1377,-73,-0.577394,38,0,38,0.09948376,5.70000,prps,3,2971
193550,193.550,1,4004,54004,lowband_largesig_r00,prps,1380,-70,-0.549392,39,0,39,0.10210176,5.85000,prps,3,2975
193570,193.570,1,4004,54004,lowband_largesig_r00,prps,1384,-66,-0.522283,39,0,39,0.10210176,5.85000,prps,3,2979
193590,193.590,1,4004,54004,lowband_largesig_r00,prps,1385,-65,-0.508003,39,0,39,0.10210176,5.85000,prps,3,2983
193610,193.610,1,4004,54004,lowband_largesig_r00,prps,1385,-65,-0.514650,39,0,39,0.10210176,5.85000,prps,3,2987
193630,193.630,1,4004,54004,lowband_largesig_r00,prps,1381,-69,-0.545214,39,0,39,0.10210176,5.85000,prps,3,2991
193650,193.650,1,4004,54004,lowband_largesig_r00,prps,1374,-76,-0.597248,39,0,39,0.10210176,5.85000,prps,3,2995
193670,193.670,1,4004,54004,lowband_largesig_r00,prps,1366,-84,-0.663508,39,0,39,0.10210176,5.85000,prps,3,2999
193690,193.690,1,4004,54004,lowband_largesig_r00,prps,1357,-93,-0.733405,42,0,42,0.10995574,6.30000,prps,3,3003
193710,193.710,1,4004,54004,lowband_largesig_r00,prps,1349,-101,-0.794998,44,0,44,0.11519173,6.60000,prps,3,3007
193730,193.730,1,4004,54004,lowband_largesig_r00,prps,1344,-106,-0.837172,47,0,47,0.12304571,7.05000,prps,3,3011
193750,193.750,1,4004,54004,lowband_largesig_r00,prps,1342,-108,-0.851587,52,0,52,0.13613568,7.80000,prps,3,3015
193770,193.770,1,4004,54004,lowband_largesig_r00,prps,1344,-106,-0.834104,55,0,55,0.14398966,8.25000,prps,3,3019
193790,193.790,1,4004,54004,lowband_largesig_r00,prps,1350,-100,-0.785412,58,0,58,0.15184364,8.70000,prps,3,3023
193810,193.810,1,4004,54004,lowband_largesig_r00,prps,1360,-90,-0.710804,58,0,58,0.15184364,8.70000,prps,3,3027
193830,193.830,1,4004,54004,lowband_largesig_r00,prps,1371,-79,-0.619147,58,0,58,0.15184364,8.70000,prps,3,3031
193850,193.850,1,4004,54004,lowband_largesig_r00,prps,1384,-66,-0.521266,57,0,57,0.14922565,8.55000,prps,3,3035
193870,193.870,1,4004,54004,lowband_largesig_r00,prps,1396,-54,-0.428033,54,0,54,0.14137166,8.10000,prps,3,3039
193890,193.890,1,4004,54004,lowband_largesig_r00,prps,1406,-44,-0.348523,48,0,48,0.12566370,7.20000,prps,3,3043
193910,193.910,1,4004,54004,lowband_largesig_r00,prps,1413,-37,-0.288559,41,0,41,0.10733775,6.15000,prps,3,3047
193930,193.930,1,4004,54004,lowband_largesig_r00,prps,1418,-32,-0.249891,35,0,35,0.09162979,5.25000,prps,3,3051
193950,193.950,1,4004,54004,lowband_largesig_r00,prps,1421,-29,-0.230145,28,0,28,0.07330382,4.20000,prps,3,3055
193970,193.970,1,4004,54004,lowband_largesig_r00,prps,1422,-28,-0.223519,22,0,22,0.05759586,3.30000,prps,3,3059
193990,193.990,1,4004,54004,lowband_largesig_r00,prps,1422,-28,-0.222084,19,0,19,0.04974188,2.85000,prps,3,3063
194010,194.010,1,4004,54004,lowband_largesig_r00,prps,1422,-28,-0.217440,18,0,18,0.04712389,2.70000,prps,3,3067
194030,194.030,1,4004,54004,lowband_largesig_r00,prps,1424,-26,-0.202389,17,0,17,0.04450589,2.55000,prps,3,3071
194050,194.050,1,4004,54004,lowband_largesig_r00,prps,1428,-22,-0.172350,17,0,17,0.04450589,2.55000,prps,3,3075
194070,194.070,1,4004,54004,lowband_largesig_r00,prps,1434,-16,-0.126223,17,0,17,0.04450589,2.55000,prps,3,3079
194090,194.090,1,4004,54004,lowband_largesig_r00,prps,1442,-8,-0.066575,17,0,17,0.04450589,2.55000,prps,3,3083
194110,194.110,1,4004,54004,lowband_largesig_r00,prps,1450,0,0.000890,16,0,16,0.04188790,2.40000,prps,3,3087
194130,194.130,1,4004,54004,lowband_largesig_r00,prps,1459,9,0.068465,13,0,13,0.03403392,1.95000,prps,3,3091
194150,194.150,1,4004,54004,lowband_largesig_r00,prps,1466,16,0.127964,9,0,9,0.02356194,1.35000,prps,3,3095
194170,194.170,1,4004,54004,lowband_largesig_r00,prps,1472,22,0.172347,6,0,6,0.01570796,0.90000,prps,3,3099
194190,194.190,1,4004,54004,lowband_largesig_r00,prps,1475,25,0.197140,2,0,2,0.00523599,0.30000,prps,3,3103
194210,194.210,1,4004,54004,lowband_largesig_r00,prps,1476,26,0.201395,-1,0,-1,-0.00261799,-0.15000,prps,3,3107
194230,194.230,1,4004,54004,lowband_largesig_r00,prps,1474,24,0.187996,-5,0,-5,-0.01308997,-0.75000,prps,3,3111
194250,194.250,1,4004,54004,lowband_largesig_r00,prps,1471,21,0.163276,-9,0,-9,-0.02356194,-1.35000,prps,3,3115
194270,194.270,1,4004,54004,lowband_largesig_r00,prps,1467,17,0.135979,-9,0,-9,-0.02356194,-1.35000,prps,3,3119
194290,194.290,1,4004,54004,lowband_largesig_r00,prps,1465,15,0.115777,-9,0,-9,-0.02356194,-1.35000,prps,3,3123
194310,194.310,1,4004,54004,lowband_largesig_r00,prps,1464,14,0.111591,-9,0,-9,-0.02356194,-1.35000,prps,3,3127
194330,194.330,1,4004,54004,lowband_largesig_r00,prps,1467,17,0.130012,-9,0,-9,-0.02356194,-1.35000,prps,3,3131
194350,194.350,1,4004,54004,lowband_largesig_r00,prps,1472,22,0.174097,-9,0,-9,-0.02356194,-1.35000,prps,3,3135
194370,194.370,1,4004,54004,lowband_largesig_r00,prps,1481,31,0.242753,-9,0,-9,-0.02356194,-1.35000,prps,3,3139
194390,194.390,1,4004,54004,lowband_largesig_r00,prps,1492,42,0.330807,-10,0,-10,-0.02617994,-1.50000,prps,3,3143
194410,194.410,1,4004,54004,lowband_largesig_r00,prps,1505,55,0.429741,-13,0,-13,-0.03403392,-1.95000,prps,3,3147
194430,194.430,1,4004,54004,lowband_largesig_r00,prps,1517,67,0.528972,-17,0,-17,-0.04450589,-2.55000,prps,3,3151
194450,194.450,1,4004,54004,lowband_largesig_r00,prps,1528,78,0.617442,-22,0,-22,-0.05759586,-3.30000,prps,3,3155
194470,194.470,1,4004,54004,lowband_largesig_r00,prps,1537,87,0.685260,-29,0,-29,-0.07592182,-4.35000,prps,3,3159
194490,194.490,1,4004,54004,lowband_largesig_r00,prps,1542,92,0.725116,-36,0,-36,-0.09424778,-5.40000,prps,3,3163
194510,194.510,1,4004,54004,lowband_largesig_r00,prps,1543,93,0.733254,-42,0,-42,-0.10995574,-6.30000,prps,3,3167
194530,194.530,1,4004,54004,lowband_largesig_r00,prps,1540,90,0.709863,-46,0,-46,-0.12042772,-6.90000,prps,3,3171
194550,194.550,1,4004,54004,lowband_largesig_r00,prps,1534,84,0.658854,-48,0,-48,-0.12566370,-7.20000,prps,3,3175
194570,194.570,1,4004,54004,lowband_largesig_r00,prps,1525,75,0.587093,-48,0,-48,-0.12566370,-7.20000,prps,3,3179
194590,194.590,1,4004,54004,lowband_largesig_r00,prps,1514,64,0.503268,-48,0,-48,-0.12566370,-7.20000,prps,3,3183
194610,194.610,1,4004,54004,lowband_largesig_r00,prps,1503,53,0.416590,-46,0,-46,-0.12042772,-6.90000,prps,3,3187
194630,194.630,1,4004,54004,lowband_largesig_r00,prps,1493,43,0.335565,-43,0,-43,-0.11257374,-6.45000,prps,3,3191
194650,194.650,1,4004,54004,lowband_largesig_r00,prps,1484,34,0.267039,-38,0,-38,-0.09948376,-5.70000,prps,3,3195
194670,194.670,1,4004,54004,lowband_largesig_r00,prps,1477,27,0.215632,-33,0,-33,-0.08639380,-4.95000,prps,3,3199
194690,194.690,1,4004,54004,lowband_largesig_r00,prps,1473,23,0.183622,-27,0,-27,-0.07068583,-4.05000,prps,3,3203
194710,194.710,1,4004,54004,lowband_largesig_r00,prps,1472,22,0.171222,-22,0,-22,-0.05759586,-3.30000,prps,3,3207
194730,194.730,1,4004,54004,lowband_largesig_r00,prps,1472,22,0.177127,-19,0,-19,-0.04974188,-2.85000,prps,3,3211
194750,194.750,1,4004,54004,lowband_largesig_r00,prps,1475,25,0.199166,-18,0,-18,-0.04712389,-2.70000,prps,3,3215
194770,194.770,1,4004,54004,lowband_largesig_r00,prps,1480,30,0.234887,-17,0,-17,-0.04450589,-2.55000,prps,3,3219
194790,194.790,1,4004,54004,lowband_largesig_r00,prps,1486,36,0.281921,-17,0,-17,-0.04450589,-2.55000,prps,3,3223
194810,194.810,1,4004,54004,lowband_largesig_r00,prps,1493,43,0.338065,-17,0,-17,-0.04450589,-2.55000,prps,3,3227
194830,194.830,1,4004,54004,lowband_largesig_r00,prps,1501,51,0.401060,-17,0,-17,-0.04450589,-2.55000,prps,3,3231
194850,194.850,1,4004,54004,lowband_largesig_r00,prps,1509,59,0.468168,-19,0,-19,-0.04974188,-2.85000,prps,3,3235
194870,194.870,1,4004,54004,lowband_largesig_r00,prps,1518,68,0.535684,-22,0,-22,-0.05759586,-3.30000,prps,3,3239
194890,194.890,1,4004,54004,lowband_largesig_r00,prps,1526,76,0.598561,-26,0,-26,-0.06806784,-3.90000,prps,3,3243
194910,194.910,1,4004,54004,lowband_largesig_r00,prps,1533,83,0.650324,-30,0,-30,-0.07853982,-4.50000,prps,3,3247
194930,194.930,1,4004,54004,lowband_largesig_r00,prps,1537,87,0.683374,-35,0,-35,-0.09162979,-5.25000,prps,3,3251
194950,194.950,1,4004,54004,lowband_largesig_r00,prps,1538,88,0.689741,-40,0,-40,-0.10471976,-6.00000,prps,3,3255
194970,194.970,1,4004,54004,lowband_largesig_r00,prps,1534,84,0.662203,-44,0,-44,-0.11519173,-6.60000,prps,3,3259
194990,194.990,1,4004,54004,lowband_largesig_r00,prps,1526,76,0.595631,-45,0,-45,-0.11780972,-6.75000,prps,3,3263
195010,195.010,1,4004,54004,lowband_largesig_r00,prps,1512,62,0.488307,-45,0,-45,-0.11780972,-6.75000,prps,3,3267
195030,195.030,1,4004,54004,lowband_largesig_r00,prps,1494,44,0.342973,-44,0,-44,-0.11519173,-6.60000,prps,3,3271
195050,195.050,1,4004,54004,lowband_largesig_r00,prps,1471,21,0.167350,-41,0,-41,-0.10733775,-6.15000,prps,3,3275
195070,195.070,1,4004,54004,lowband_largesig_r00,prps,1447,-3,-0.026061,-34,0,-34,-0.08901179,-5.10000,prps,3,3279
195090,195.090,1,4004,54004,lowband_largesig_r00,prps,1422,-28,-0.220957,-24,0,-24,-0.06283185,-3.60000,prps,3,3283
195110,195.110,1,4004,54004,lowband_largesig_r00,prps,1399,-51,-0.398935,-11,0,-11,-0.02879793,-1.65000,prps,3,3287
195130,195.130,1,4004,54004,lowband_largesig_r00,prps,1381,-69,-0.541741,3,0,3,0.00785398,0.45000,prps,3,3291
195150,195.150,1,4004,54004,lowband_largesig_r00,prps,1370,-80,-0.633736,18,0,18,0.04712389,2.70000,prps,3,3295
195170,195.170,1,4004,54004,lowband_largesig_r00,prps,1366,-84,-0.664234,30,0,30,0.07853982,4.50000,prps,3,3299
195190,195.190,1,4004,54004,lowband_largesig_r00,prps,1370,-80,-0.629314,40,0,40,0.10471976,6.00000,prps,3,3303
195210,195.210,1,4004,54004,lowband_largesig_r00,prps,1382,-68,-0.532799,45,0,45,0.11780972,6.75000,prps,3,3307
195230,195.230,1,4004,54004,lowband_largesig_r00,prps,1401,-49,-0.386183,45,0,45,0.11780972,6.75000,prps,3,3311
195250,195.250,1,4004,54004,lowband_largesig_r00,prps,1424,-26,-0.207463,42,0,42,0.10995574,6.30000,prps,3,3315
195270,195.270,1,4004,54004,lowband_largesig_r00,prps,1448,-2,-0.018988,35,0,35,0.09162979,5.25000,prps,3,3319
195290,195.290,1,4004,54004,lowband_largesig_r00,prps,1470,20,0.155376,25,0,25,0.06544985,3.75000,prps,3,3323
195310,195.310,1,4004,54004,lowband_largesig_r00,prps,1487,37,0.293394,13,0,13,0.03403392,1.95000,prps,3,3327
195330,195.330,1,4004,54004,lowband_largesig_r00,prps,1498,48,0.377421,3,0,3,0.00785398,0.45000,prps,3,3331
195350,195.350,1,4004,54004,lowband_largesig_r00,prps,1500,50,0.396757,-8,0,-8,-0.02094395,-1.20000,prps,3,3335
195370,195.370,1,4004,54004,lowband_largesig_r00,prps,1494,44,0.349008,-17,0,-17,-0.04450589,-2.55000,prps,3,3339
195390,195.390,1,4004,54004,lowband_largesig_r00,prps,1481,31,0.240262,-23,0,-23,-0.06021386,-3.45000,prps,3,3343
195410,195.410,1,4004,54004,lowband_largesig_r00,prps,1461,11,0.084023,-24,0,-24,-0.06283185,-3.60000,prps,3,3347
195430,195.430,1,4004,54004,lowband_largesig_r00,prps,1437,-13,-0.100913,-21,0,-21,-0.05497787,-3.15000,prps,3,3351
195450,195.450,1,4004,54004,lowband_largesig_r00,prps,1413,-37,-0.293320,-14,0,-14,-0.03665191,-2.10000,prps,3,3355
195470,195.470,1,4004,54004,lowband_largesig_r00,prps,1390,-60,-0.472695,-4,0,-4,-0.01047198,-0.60000,prps,3,3359
195490,195.490,1,4004,54004,lowband_largesig_r00,prps,1371,-79,-0.622201,9,0,9,0.02356194,1.35000,prps,3,3363
195510,195.510,1,4004,54004,lowband_largesig_r00,prps,1357,-93,-0.730938,22,0,22,0.05759586,3.30000,prps,3,3367
195530,195.530,1,4004,54004,lowband_largesig_r00,prps,1349,-101,-0.795208,33,0,33,0.08639380,4.95000,prps,3,3371
195550,195.550,1,4004,54004,lowband_largesig_r00,prps,1346,-104,-0.818576,43,0,43,0.11257374,6.45000,prps,3,3375
195570,195.570,1,4004,54004,lowband_largesig_r00,prps,1347,-103,-0.810739,52,0,52,0.13613568,7.80000,prps,3,3379
195590,195.590,1,4004,54004,lowband_largesig_r00,prps,1350,-100,-0.785426,57,0,57,0.14922565,8.55000,prps,3,3383
195610,195.610,1,4004,54004,lowband_largesig_r00,prps,1354,-96,-0.757675,57,0,57,0.14922565,8.55000,prps,3,3387
195630,195.630,1,4004,54004,lowband_largesig_r00,prps,1356,-94,-0.740972,57,0,57,0.14922565,8.55000,prps,3,3391
195650,195.650,1,4004,54004,lowband_largesig_r00,prps,1355,-95,-0.744711,57,0,57,0.14922565,8.55000,prps,3,3395
195670,195.670,1,4004,54004,lowband_largesig_r00,prps,1352,-98,-0.772417,57,0,57,0.14922565,8.55000,prps,3,3399
195690,195.690,1,4004,54004,lowband_largesig_r00,prps,1346,-104,-0.821027,58,0,58,0.15184364,8.70000,prps,3,3403
195710,195.710,1,4004,54004,lowband_largesig_r00,prps,1338,-112,-0.881320,58,0,58,0.15184364,8.70000,prps,3,3407
195730,195.730,1,4004,54004,lowband_largesig_r00,prps,1331,-119,-0.939442,59,0,59,0.15446164,8.85000,prps,3,3411
195750,195.750,1,4004,54004,lowband_largesig_r00,prps,1326,-124,-0.979250,61,0,61,0.15969762,9.15000,prps,3,3415
195770,195.770,1,4004,54004,lowband_largesig_r00,prps,1325,-125,-0.985072,64,0,64,0.16755160,9.60000,prps,3,3419
195790,195.790,1,4004,54004,lowband_largesig_r00,prps,1330,-120,-0.944436,66,0,66,0.17278760,9.90000,prps,3,3423
195810,195.810,1,4004,54004,lowband_largesig_r00,prps,1342,-108,-0.850290,68,0,68,0.17802358,10.20000,prps,3,3427
195830,195.830,1,4004,54004,lowband_largesig_r00,prps,1361,-89,-0.702369,68,0,68,0.17802358,10.20000,prps,3,3431
195850,195.850,1,4004,54004,lowband_largesig_r00,prps,1386,-64,-0.507465,67,0,67,0.17540560,10.05000,prps,3,3435
195870,195.870,1,4004,54004,lowband_largesig_r00,prps,1415,-35,-0.278587,61,0,61,0.15969762,9.15000,prps,3,3439
195890,195.890,1,4004,54004,lowband_largesig_r00,prps,1446,-4,-0.033139,52,0,52,0.13613568,7.80000,prps,3,3443
195910,195.910,1,4004,54004,lowband_largesig_r00,prps,1477,27,0.209569,38,0,38,0.09948376,5.70000,prps,3,3447
195930,195.930,1,4004,54004,lowband_largesig_r00,prps,1505,55,0.431056,19,0,19,0.04974188,2.85000,prps,3,3451
195950,195.950,1,4004,54004,lowband_largesig_r00,prps,1528,78,0.616225,2,0,2,0.00523599,0.30000,prps,3,3455
195970,195.970,1,4004,54004,lowband_largesig_r00,prps,1546,96,0.755313,-15,0,-15,-0.03926991,-2.25000,prps,3,3459
195990,195.990,1,4004,54004,lowband_largesig_r00,prps,1557,107,0.844950,-31,0,-31,-0.08115781,-4.65000,prps,3,3463
196010,196.010,1,4004,54004,lowband_largesig_r00,prps,1563,113,0.888176,-46,0,-46,-0.12042772,-6.90000,prps,3,3467
196030,196.030,1,4004,54004,lowband_largesig_r00,prps,1563,113,0.893469,-56,0,-56,-0.14660765,-8.40000,prps,3,3471
196050,196.050,1,4004,54004,lowband_largesig_r00,prps,1561,111,0.872952,-62,0,-62,-0.16231562,-9.30000,prps,3,3475
196070,196.070,1,4004,54004,lowband_largesig_r00,prps,1557,107,0.840138,-65,0,-65,-0.17016960,-9.75000,prps,3,3479
196090,196.090,1,4004,54004,lowband_largesig_r00,prps,1553,103,0.807584,-64,0,-64,-0.16755160,-9.60000,prps,3,3483
196110,196.110,1,4004,54004,lowband_largesig_r00,prps,1550,100,0.784864,-62,0,-62,-0.16231562,-9.30000,prps,3,3487
196130,196.130,1,4004,54004,lowband_largesig_r00,prps,1549,99,0.777176,-62,0,-62,-0.16231562,-9.30000,prps,3,3491
196150,196.150,1,4004,54004,lowband_largesig_r00,prps,1550,100,0.784802,-61,0,-61,-0.15969762,-9.15000,prps,3,3495
196170,196.170,1,4004,54004,lowband_largesig_r00,prps,1552,102,0.803459,-60,0,-60,-0.15707964,-9.00000,prps,3,3499
196190,196.190,1,4004,54004,lowband_largesig_r00,prps,1555,105,0.825454,-60,0,-60,-0.15707964,-9.00000,prps,3,3503
196210,196.210,1,4004,54004,lowband_largesig_r00,prps,1557,107,0.841383,-59,0,-59,-0.15446164,-8.85000,prps,3,3507
196230,196.230,1,4004,54004,lowband_largesig_r00,prps,1557,107,0.842075,-59,0,-59,-0.15446164,-8.85000,prps,3,3511
196250,196.250,1,4004,54004,lowband_largesig_r00,prps,1554,104,0.820404,-59,0,-59,-0.15446164,-8.85000,prps,3,3515
196270,196.270,1,4004,54004,lowband_largesig_r00,prps,1548,98,0.772660,-59,0,-59,-0.15446164,-8.85000,prps,3,3519
196290,196.290,1,4004,54004,lowband_largesig_r00,prps,1539,89,0.699255,-59,0,-59,-0.15446164,-8.85000,prps,3,3523
196310,196.310,1,4004,54004,lowband_largesig_r00,prps,1527,77,0.604654,-57,0,-57,-0.14922565,-8.55000,prps,3,3527
196330,196.330,1,4004,54004,lowband_largesig_r00,prps,1513,63,0.496575,-54,0,-54,-0.14137166,-8.10000,prps,3,3531
196350,196.350,1,4004,54004,lowband_largesig_r00,prps,1499,49,0.384628,-50,0,-50,-0.13089970,-7.50000,prps,3,3535
196370,196.370,1,4004,54004,lowband_largesig_r00,prps,1485,35,0.278661,-45,0,-45,-0.11780972,-6.75000,prps,3,3539
196390,196.390,1,4004,54004,lowband_largesig_r00,prps,1474,24,0.187116,-38,0,-38,-0.09948376,-5.70000,prps,3,3543
196410,196.410,1,4004,54004,lowband_largesig_r00,prps,1465,15,0.115691,-31,0,-31,-0.08115781,-4.65000,prps,3,3547
196430,196.430,1,4004,54004,lowband_largesig_r00,prps,1458,8,0.066556,-23,0,-23,-0.06021386,-3.45000,prps,3,3551
196450,196.450,1,4004,54004,lowband_largesig_r00,prps,1455,5,0.038213,-16,0,-16,-0.04188790,-2.40000,prps,3,3555
196470,196.470,1,4004,54004,lowband_largesig_r00,prps,1453,3,0.026040,-10,0,-10,-0.02617994,-1.50000,prps,3,3559
196490,196.490,1,4004,54004,lowband_largesig_r00,prps,1453,3,0.023360,-6,0,-6,-0.01570796,-0.90000,prps,3,3563
196510,196.510,1,4004,54004,lowband_largesig_r00,prps,1453,3,0.022838,-4,0,-4,-0.01047198,-0.60000,prps,3,3567
196530,196.530,1,4004,54004,lowband_largesig_r00,prps,1452,2,0.017930,-2,0,-2,-0.00523599,-0.30000,prps,3,3571
196550,196.550,1,4004,54004,lowband_largesig_r00,prps,1451,1,0.004105,-2,0,-2,-0.00523599,-0.30000,prps,3,3575
196570,196.570,1,4004,54004,lowband_largesig_r00,prps,1447,-3,-0.020382,-1,0,-1,-0.00261799,-0.15000,prps,3,3579
196590,196.590,1,4004,54004,lowband_largesig_r00,prps,1443,-7,-0.054287,-1,0,-1,-0.00261799,-0.15000,prps,3,3583
196610,196.610,1,4004,54004,lowband_largesig_r00,prps,1438,-12,-0.093788,2,0,2,0.00523599,0.30000,prps,3,3587
196630,196.630,1,4004,54004,lowband_largesig_r00,prps,1433,-17,-0.133394,4,0,4,0.01047198,0.60000,prps,3,3591
196650,196.650,1,4004,54004,lowband_largesig_r00,prps,1429,-21,-0.167174,6,0,6,0.01570796,0.90000,prps,3,3595
196670,196.670,1,4004,54004,lowband_largesig_r00,prps,1426,-24,-0.190061,7,0,7,0.01832596,1.05000,prps,3,3599
196690,196.690,1,4004,54004,lowband_largesig_r00,prps,1425,-25,-0.198970,8,0,8,0.02094395,1.20000,prps,3,3603
196710,196.710,1,4004,54004,lowband_largesig_r00,prps,1425,-25,-0.193512,10,0,10,0.02617994,1.50000,prps,3,3607
196730,196.730,1,4004,54004,lowband_largesig_r00,prps,1428,-22,-0.176178,11,0,11,0.02879793,1.65000,prps,3,3611
196750,196.750,1,4004,54004,lowband_largesig_r00,prps,1431,-19,-0.151929,11,0,11,0.02879793,1.65000,prps,3,3615
196770,196.770,1,4004,54004,lowband_largesig_r00,prps,1434,-16,-0.127310,11,0,11,0.02879793,1.65000,prps,3,3619
196790,196.790,1,4004,54004,lowband_largesig_r00,prps,1436,-14,-0.109222,11,0,11,0.02879793,1.65000,prps,3,3623
196810,196.810,1,4004,54004,lowband_largesig_r00,prps,1437,-13,-0.103602,11,0,11,0.02879793,1.65000,prps,3,3627
196830,196.830,1,4004,54004,lowband_largesig_r00,prps,1435,-15,-0.114261,11,0,11,0.02879793,1.65000,prps,3,3631
196850,196.850,1,4004,54004,lowband_largesig_r00,prps,1432,-18,-0.142102,11,0,11,0.02879793,1.65000,prps,3,3635
196870,196.870,1,4004,54004,lowband_largesig_r00,prps,1427,-23,-0.184854,11,0,11,0.02879793,1.65000,prps,3,3639
196890,196.890,1,4004,54004,lowband_largesig_r00,prps,1420,-30,-0.237401,11,0,11,0.02879793,1.65000,prps,3,3643
196910,196.910,1,4004,54004,lowband_largesig_r00,prps,1413,-37,-0.292612,13,0,13,0.03403392,1.95000,prps,3,3647
196930,196.930,1,4004,54004,lowband_largesig_r00,prps,1406,-44,-0.342558,15,0,15,0.03926991,2.25000,prps,3,3651
196950,196.950,1,4004,54004,lowband_largesig_r00,prps,1402,-48,-0.379857,16,0,16,0.04188790,2.40000,prps,3,3655
196970,196.970,1,4004,54004,lowband_largesig_r00,prps,1399,-51,-0.398931,19,0,19,0.04974188,2.85000,prps,3,3659
196990,196.990,1,4004,54004,lowband_largesig_r00,prps,1400,-50,-0.396931,21,0,21,0.05497787,3.15000,prps,3,3663
197010,197.010,1,4004,54004,lowband_largesig_r00,prps,1402,-48,-0.374164,22,0,22,0.05759586,3.30000,prps,3,3667
197030,197.030,1,4004,54004,lowband_largesig_r00,prps,1408,-42,-0.333967,23,0,23,0.06021386,3.45000,prps,3,3671
197050,197.050,1,4004,54004,lowband_largesig_r00,prps,1414,-36,-0.282047,23,0,23,0.06021386,3.45000,prps,3,3675
197070,197.070,1,4004,54004,lowband_largesig_r00,prps,1421,-29,-0.225425,22,0,22,0.05759586,3.30000,prps,3,3679
197090,197.090,1,4004,54004,lowband_largesig_r00,prps,1428,-22,-0.171198,22,0,22,0.05759586,3.30000,prps,3,3683
197110,197.110,1,4004,54004,lowband_largesig_r00,prps,1434,-16,-0.125331,20,0,20,0.05235988,3.00000,prps,3,3687
197130,197.130,1,4004,54004,lowband_largesig_r00,prps,1438,-12,-0.091738,18,0,18,0.04712389,2.70000,prps,3,3691
197150,197.150,1,4004,54004,lowband_largesig_r00,prps,1441,-9,-0.071788,15,0,15,0.03926991,2.25000,prps,3,3695
197170,197.170,1,4004,54004,lowband_largesig_r00,prps,1442,-8,-0.064338,13,0,13,0.03403392,1.95000,prps,3,3699
197190,197.190,1,4004,54004,lowband_largesig_r00,prps,1442,-8,-0.066251,11,0,11,0.02879793,1.65000,prps,3,3703
197210,197.210,1,4004,54004,lowband_largesig_r00,prps,1441,-9,-0.073307,10,0,10,0.02617994,1.50000,prps,3,3707
197230,197.230,1,4004,54004,lowband_largesig_r00,prps,1440,-10,-0.081274,9,0,9,0.02356194,1.35000,prps,3,3711
197261,197.261,1,4004,54004,lowband_largesig_r00,prps,1439,-11,-0.086943,9,0,9,0.02356194,1.35000,prps,3,3715
197281,197.281,1,4004,54004,lowband_largesig_r00,prps,1439,-11,-0.088887,9,0,9,0.02356194,1.35000,prps,3,3719
197301,197.301,1,4004,54004,lowband_largesig_r00,prps,1439,-11,-0.087791,9,0,9,0.02356194,1.35000,prps,3,3723
197321,197.321,1,4004,54004,lowband_largesig_r00,prps,1439,-11,-0.086262,9,0,9,0.02356194,1.35000,prps,3,3727
197341,197.341,1,4004,54004,lowband_largesig_r00,prps,1439,-11,-0.088167,9,0,9,0.02356194,1.35000,prps,3,3731
197361,197.361,1,4004,54004,lowband_largesig_r00,prps,1438,-12,-0.097616,9,0,9,0.02356194,1.35000,prps,3,3735
197381,197.381,1,4004,54004,lowband_largesig_r00,prps,1435,-15,-0.117810,9,0,9,0.02356194,1.35000,prps,3,3739
197401,197.401,1,4004,54004,lowband_largesig_r00,prps,1431,-19,-0.149995,9,0,9,0.02356194,1.35000,prps,3,3743
197421,197.421,1,4004,54004,lowband_largesig_r00,prps,1426,-24,-0.192768,10,0,10,0.02617994,1.50000,prps,3,3747
197441,197.441,1,4004,54004,lowband_largesig_r00,prps,1419,-31,-0.241910,10,0,10,0.02617994,1.50000,prps,3,3751
197461,197.461,1,4004,54004,lowband_largesig_r00,prps,1413,-37,-0.290825,11,0,11,0.02879793,1.65000,prps,3,3755
197481,197.481,1,4004,54004,lowband_largesig_r00,prps,1408,-42,-0.331554,12,0,12,0.03141592,1.80000,prps,3,3759
197501,197.501,1,4004,54004,lowband_largesig_r00,prps,1405,-45,-0.356203,15,0,15,0.03926991,2.25000,prps,3,3763
197521,197.521,1,4004,54004,lowband_largesig_r00,prps,1404,-46,-0.358532,18,0,18,0.04712389,2.70000,prps,3,3767
197541,197.541,1,4004,54004,lowband_largesig_r00,prps,1407,-43,-0.335414,21,0,21,0.05497787,3.15000,prps,3,3771
197561,197.561,1,4004,54004,lowband_largesig_r00,prps,1413,-37,-0.287852,22,0,22,0.05759586,3.30000,prps,3,3775
197581,197.581,1,4004,54004,lowband_largesig_r00,prps,1422,-28,-0.221326,21,0,21,0.05497787,3.15000,prps,3,3779
197601,197.601,1,4004,54004,lowband_largesig_r00,prps,1432,-18,-0.145346,21,0,21,0.05497787,3.15000,prps,3,3783
197621,197.621,1,4004,54004,lowband_largesig_r00,prps,1441,-9,-0.072204,20,0,20,0.05235988,3.00000,prps,3,3787
197641,197.641,1,4004,54004,lowband_largesig_r00,prps,1448,-2,-0.015115,17,0,17,0.04450589,2.55000,prps,3,3791
197661,197.661,1,4004,54004,lowband_largesig_r00,prps,1452,2,0.014007,14,0,14,0.03665191,2.10000,prps,3,3795
197681,197.681,1,4004,54004,lowband_largesig_r00,prps,1451,1,0.006735,10,0,10,0.02617994,1.50000,prps,3,3799
197701,197.701,1,4004,54004,lowband_largesig_r00,prps,1445,-5,-0.040086,8,0,8,0.02094395,1.20000,prps,3,3803
197721,197.721,1,4004,54004,lowband_largesig_r00,prps,1434,-16,-0.123305,7,0,7,0.01832596,1.05000,prps,3,3807
197741,197.741,1,4004,54004,lowband_largesig_r00,prps,1420,-30,-0.233419,7,0,7,0.01832596,1.05000,prps,3,3811
197761,197.761,1,4004,54004,lowband_largesig_r00,prps,1405,-45,-0.355579,8,0,8,0.02094395,1.20000,prps,3,3815
197781,197.781,1,4004,54004,lowband_largesig_r00,prps,1390,-60,-0.471562,11,0,11,0.02879793,1.65000,prps,3,3819
197801,197.801,1,4004,54004,lowband_largesig_r00,prps,1379,-71,-0.562431,17,0,17,0.04450589,2.55000,prps,3,3823
197821,197.821,1,4004,54004,lowband_largesig_r00,prps,1372,-78,-0.611493,23,0,23,0.06021386,3.45000,prps,3,3827
197841,197.841,1,4004,54004,lowband_largesig_r00,prps,1373,-77,-0.607082,28,0,28,0.07330382,4.20000,prps,3,3831
197861,197.861,1,4004,54004,lowband_largesig_r00,prps,1381,-69,-0.544709,34,0,34,0.08901179,5.10000,prps,3,3835
197881,197.881,1,4004,54004,lowband_largesig_r00,prps,1396,-54,-0.428211,38,0,38,0.09948376,5.70000,prps,3,3839
197901,197.901,1,4004,54004,lowband_largesig_r00,prps,1416,-34,-0.269656,39,0,39,0.10210176,5.85000,prps,3,3843
197921,197.921,1,4004,54004,lowband_largesig_r00,prps,1439,-11,-0.087981,38,0,38,0.09948376,5.70000,prps,3,3847
197941,197.941,1,4004,54004,lowband_largesig_r00,prps,1462,12,0.093477,31,0,31,0.08115781,4.65000,prps,3,3851
197961,197.961,1,4004,54004,lowband_largesig_r00,prps,1482,32,0.250210,20,0,20,0.05235988,3.00000,prps,3,3855
197981,197.981,1,4004,54004,lowband_largesig_r00,prps,1496,46,0.360059,8,0,8,0.02094395,1.20000,prps,3,3859
198001,198.001,1,4004,54004,lowband_largesig_r00,prps,1502,52,0.406479,-3,0,-3,-0.00785398,-0.45000,prps,3,3863
198021,198.021,1,4004,54004,lowband_largesig_r00,prps,1498,48,0.381064,-13,0,-13,-0.03403392,-1.95000,prps,3,3867
198041,198.041,1,4004,54004,lowband_largesig_r00,prps,1486,36,0.284928,-21,0,-21,-0.05497787,-3.15000,prps,3,3871
198061,198.061,1,4004,54004,lowband_largesig_r00,prps,1466,16,0.128726,-24,0,-24,-0.06283185,-3.60000,prps,3,3875
198081,198.081,1,4004,54004,lowband_largesig_r00,prps,1441,-9,-0.068695,-22,0,-22,-0.05759586,-3.30000,prps,3,3879
198101,198.101,1,4004,54004,lowband_largesig_r00,prps,1414,-36,-0.282824,-17,0,-17,-0.04450589,-2.55000,prps,3,3883
198121,198.121,1,4004,54004,lowband_largesig_r00,prps,1388,-62,-0.486799,-9,0,-9,-0.02356194,-1.35000,prps,3,3887
198141,198.141,1,4004,54004,lowband_largesig_r00,prps,1367,-83,-0.655035,4,0,4,0.01047198,0.60000,prps,3,3891
198161,198.161,1,4004,54004,lowband_largesig_r00,prps,1353,-97,-0.766589,19,0,19,0.04974188,2.85000,prps,3,3895
198181,198.181,1,4004,54004,lowband_largesig_r00,prps,1347,-103,-0.807814,31,0,31,0.08115781,4.65000,prps,3,3899
198201,198.201,1,4004,54004,lowband_largesig_r00,prps,1352,-98,-0.773892,43,0,43,0.11257374,6.45000,prps,3,3903
198221,198.221,1,4004,54004,lowband_largesig_r00,prps,1365,-85,-0.669083,53,0,53,0.13875367,7.95000,prps,3,3907
198241,198.241,1,4004,54004,lowband_largesig_r00,prps,1386,-64,-0.505681,55,0,55,0.14398966,8.25000,prps,3,3911
198261,198.261,1,4004,54004,lowband_largesig_r00,prps,1412,-38,-0.301892,54,0,54,0.14137166,8.10000,prps,3,3915
198281,198.281,1,4004,54004,lowband_largesig_r00,prps,1440,-10,-0.079011,48,0,48,0.12566370,7.20000,prps,3,3919
198301,198.301,1,4004,54004,lowband_largesig_r00,prps,1468,18,0.141660,38,0,38,0.09948376,5.70000,prps,3,3923
198321,198.321,1,4004,54004,lowband_largesig_r00,prps,1493,43,0.341646,24,0,24,0.06283185,3.60000,prps,3,3927
198341,198.341,1,4004,54004,lowband_largesig_r00,prps,1514,64,0.507492,8,0,8,0.02094395,1.20000,prps,3,3931
198361,198.361,1,4004,54004,lowband_largesig_r00,prps,1530,80,0.631994,-7,0,-7,-0.01832596,-1.05000,prps,3,3935
198381,198.381,1,4004,54004,lowband_largesig_r00,prps,1541,91,0.714362,-21,0,-21,-0.05497787,-3.15000,prps,3,3939
198401,198.401,1,4004,54004,lowband_largesig_r00,prps,1546,96,0.759366,-34,0,-34,-0.08901179,-5.10000,prps,3,3943
198421,198.421,1,4004,54004,lowband_largesig_r00,prps,1549,99,0.775673,-45,0,-45,-0.11780972,-6.75000,prps,3,3947
198441,198.441,1,4004,54004,lowband_largesig_r00,prps,1548,98,0.773738,-51,0,-51,-0.13351768,-7.65000,prps,3,3951
198461,198.461,1,4004,54004,lowband_largesig_r00,prps,1547,97,0.763620,-55,0,-55,-0.14398966,-8.25000,prps,3,3955
198481,198.481,1,4004,54004,lowband_largesig_r00,prps,1546,96,0.753133,-57,0,-57,-0.14922565,-8.55000,prps,3,3959
198501,198.501,1,4004,54004,lowband_largesig_r00,prps,1545,95,0.746615,-58,0,-58,-0.15184364,-8.70000,prps,3,3963
198521,198.521,1,4004,54004,lowband_largesig_r00,prps,1545,95,0.744498,-57,0,-57,-0.14922565,-8.55000,prps,3,3967
198541,198.541,1,4004,54004,lowband_largesig_r00,prps,1544,94,0.743709,-57,0,-57,-0.14922565,-8.55000,prps,3,3971
198561,198.561,1,4004,54004,lowband_largesig_r00,prps,1544,94,0.738761,-57,0,-57,-0.14922565,-8.55000,prps,3,3975
198581,198.581,1,4004,54004,lowband_largesig_r00,prps,1542,92,0.723300,-57,0,-57,-0.14922565,-8.55000,prps,3,3979
198601,198.601,1,4004,54004,lowband_largesig_r00,prps,1538,88,0.691775,-57,0,-57,-0.14922565,-8.55000,prps,3,3983
198621,198.621,1,4004,54004,lowband_largesig_r00,prps,1531,81,0.640913,-55,0,-55,-0.14398966,-8.25000,prps,3,3987
198641,198.641,1,4004,54004,lowband_largesig_r00,prps,1522,72,0.570699,-52,0,-52,-0.13613568,-7.80000,prps,3,3991
198661,198.661,1,4004,54004,lowband_largesig_r00,prps,1512,62,0.484703,-50,0,-50,-0.13089970,-7.50000,prps,3,3995
198681,198.681,1,4004,54004,lowband_largesig_r00,prps,1499,49,0.389687,-47,0,-47,-0.12304571,-7.05000,prps,3,3999
198701,198.701,1,4004,54004,lowband_largesig_r00,prps,1487,37,0.294568,-43,0,-43,-0.11257374,-6.45000,prps,3,4003
198721,198.721,1,4004,54004,lowband_largesig_r00,prps,1477,27,0.208958,-38,0,-38,-0.09948376,-5.70000,prps,3,4007
198741,198.741,1,4004,54004,lowband_largesig_r00,prps,1468,18,0.141543,-32,0,-32,-0.08377580,-4.80000,prps,3,4011
198761,198.761,1,4004,54004,lowband_largesig_r00,prps,1463,13,0.098596,-26,0,-26,-0.06806784,-3.90000,prps,3,4015
198781,198.781,1,4004,54004,lowband_largesig_r00,prps,1461,11,0.082916,-19,0,-19,-0.04974188,-2.85000,prps,3,4019
198801,198.801,1,4004,54004,lowband_largesig_r00,prps,1462,12,0.093362,-15,0,-15,-0.03926991,-2.25000,prps,3,4023
198821,198.821,1,4004,54004,lowband_largesig_r00,prps,1466,16,0.125066,-12,0,-12,-0.03141592,-1.80000,prps,3,4027
198841,198.841,1,4004,54004,lowband_largesig_r00,prps,1472,22,0.170284,-10,0,-10,-0.02617994,-1.50000,prps,3,4031
198861,198.861,1,4004,54004,lowband_largesig_r00,prps,1478,28,0.219708,-11,0,-11,-0.02879793,-1.65000,prps,3,4035
198881,198.881,1,4004,54004,lowband_largesig_r00,prps,1484,34,0.264018,-11,0,-11,-0.02879793,-1.65000,prps,3,4039
198901,198.901,1,4004,54004,lowband_largesig_r00,prps,1488,38,0.295375,-11,0,-11,-0.02879793,-1.65000,prps,3,4043
198921,198.921,1,4004,54004,lowband_largesig_r00,prps,1489,39,0.308607,-12,0,-12,-0.03141592,-1.80000,prps,3,4047
198941,198.941,1,4004,54004,lowband_largesig_r00,prps,1488,38,0.301887,-14,0,-14,-0.03665191,-2.10000,prps,3,4051
198961,198.961,1,4004,54004,lowband_largesig_r00,prps,1485,35,0.276797,-16,0,-16,-0.04188790,-2.40000,prps,3,4055
198981,198.981,1,4004,54004,lowband_largesig_r00,prps,1480,30,0.237805,-19,0,-19,-0.04974188,-2.85000,prps,3,4059
199001,199.001,1,4004,54004,lowband_largesig_r00,prps,1474,24,0.191258,-20,0,-20,-0.05235988,-3.00000,prps,3,4063
199021,199.021,1,4004,54004,lowband_largesig_r00,prps,1468,18,0.144119,-20,0,-20,-0.05235988,-3.00000,prps,3,4067
199041,199.041,1,4004,54004,lowband_largesig_r00,prps,1463,13,0.102672,-19,0,-19,-0.04974188,-2.85000,prps,3,4071
199061,199.061,1,4004,54004,lowband_largesig_r00,prps,1459,9,0.071458,-17,0,-17,-0.04450589,-2.55000,prps,3,4075
199081,199.081,1,4004,54004,lowband_largesig_r00,prps,1457,7,0.052616,-14,0,-14,-0.03665191,-2.10000,prps,3,4079
199101,199.101,1,4004,54004,lowband_largesig_r00,prps,1456,6,0.045744,-11,0,-11,-0.02879793,-1.65000,prps,3,4083
199121,199.121,1,4004,54004,lowband_largesig_r00,prps,1456,6,0.048284,-9,0,-9,-0.02356194,-1.35000,prps,3,4087
199141,199.141,1,4004,54004,lowband_largesig_r00,prps,1457,7,0.056322,-6,0,-6,-0.01570796,-0.90000,prps,3,4091
199161,199.161,1,4004,54004,lowband_largesig_r00,prps,1458,8,0.065629,-5,0,-5,-0.01308997,-0.75000,prps,3,4095
199181,199.181,1,4004,54004,lowband_largesig_r00,prps,1459,9,0.072719,-5,0,-5,-0.01308997,-0.75000,prps,3,4099
199201,199.201,1,4004,54004,lowband_largesig_r00,prps,1460,10,0.075698,-4,0,-4,-0.01047198,-0.60000,prps,3,4103
199221,199.221,1,4004,54004,lowband_largesig_r00,prps,1459,9,0.074726,-4,0,-4,-0.01047198,-0.60000,prps,3,4107
199241,199.241,1,4004,54004,lowband_largesig_r00,prps,1459,9,0.071996,-4,0,-4,-0.01047198,-0.60000,prps,3,4111
199261,199.261,1,4004,54004,lowband_largesig_r00,prps,1459,9,0.071226,-4,0,-4,-0.01047198,-0.60000,prps,3,4115
199281,199.281,1,4004,54004,lowband_largesig_r00,prps,1460,10,0.076770,-4,0,-4,-0.01047198,-0.60000,prps,3,4119
199301,199.301,1,4004,54004,lowband_largesig_r00,prps,1462,12,0.092519,-4,0,-4,-0.01047198,-0.60000,prps,3,4123
199321,199.321,1,4004,54004,lowband_largesig_r00,prps,1465,15,0.120828,-4,0,-4,-0.01047198,-0.60000,prps,3,4127
199341,199.341,1,4004,54004,lowband_largesig_r00,prps,1471,21,0.161688,-4,0,-4,-0.01047198,-0.60000,prps,3,4131
199361,199.361,1,4004,54004,lowband_largesig_r00,prps,1477,27,0.212330,-5,0,-5,-0.01308997,-0.75000,prps,3,4135
199381,199.381,1,4004,54004,lowband_largesig_r00,prps,1484,34,0.267358,-5,0,-5,-0.01308997,-0.75000,prps,3,4139
199401,199.401,1,4004,54004,lowband_largesig_r00,prps,1491,41,0.319419,-5,0,-5,-0.01308997,-0.75000,prps,3,4143
199421,199.421,1,4004,54004,lowband_largesig_r00,prps,1496,46,0.360306,-7,0,-7,-0.01832596,-1.05000,prps,3,4147
199441,199.441,1,4004,54004,lowband_largesig_r00,prps,1499,49,0.382296,-12,0,-12,-0.03141592,-1.80000,prps,3,4151
199461,199.461,1,4004,54004,lowband_largesig_r00,prps,1498,48,0.379494,-16,0,-16,-0.04188790,-2.40000,prps,3,4155
199481,199.481,1,4004,54004,lowband_largesig_r00,prps,1494,44,0.348920,-21,0,-21,-0.05497787,-3.15000,prps,3,4159
199501,199.501,1,4004,54004,lowband_largesig_r00,prps,1487,37,0.291143,-24,0,-24,-0.06283185,-3.60000,prps,3,4163
199521,199.521,1,4004,54004,lowband_largesig_r00,prps,1477,27,0.210324,-24,0,-24,-0.06283185,-3.60000,prps,3,4167
199541,199.541,1,4004,54004,lowband_largesig_r00,prps,1464,14,0.113647,-23,0,-23,-0.06021386,-3.45000,prps,3,4171
199561,199.561,1,4004,54004,lowband_largesig_r00,prps,1451,1,0.010232,-21,0,-21,-0.05497787,-3.15000,prps,3,4175
199581,199.581,1,4004,54004,lowband_largesig_r00,prps,1439,-11,-0.090288,-17,0,-17,-0.04450589,-2.55000,prps,3,4179
199601,199.601,1,4004,54004,lowband_largesig_r00,prps,1427,-23,-0.179273,-11,0,-11,-0.02879793,-1.65000,prps,3,4183
199621,199.621,1,4004,54004,lowband_largesig_r00,prps,1418,-32,-0.250392,-4,0,-4,-0.01047198,-0.60000,prps,3,4187
199641,199.641,1,4004,54004,lowband_largesig_r00,prps,1412,-38,-0.300512,4,0,4,0.01047198,0.60000,prps,3,4191
199661,199.661,1,4004,54004,lowband_largesig_r00,prps,1408,-42,-0.330004,11,0,11,0.02879793,1.65000,prps,3,4195
199681,199.681,1,4004,54004,lowband_largesig_r00,prps,1407,-43,-0.342398,17,0,17,0.04450589,2.55000,prps,3,4199
199701,199.701,1,4004,54004,lowband_largesig_r00,prps,1406,-44,-0.343472,21,0,21,0.05497787,3.15000,prps,3,4203
199721,199.721,1,4004,54004,lowband_largesig_r00,prps,1407,-43,-0.339931,21,0,21,0.05497787,3.15000,prps,3,4207
199741,199.741,1,4004,54004,lowband_largesig_r00,prps,1407,-43,-0.337945,21,0,21,0.05497787,3.15000,prps,3,4211
199761,199.761,1,4004,54004,lowband_largesig_r00,prps,1407,-43,-0.341817,21,0,21,0.05497787,3.15000,prps,3,4215
199781,199.781,1,4004,54004,lowband_largesig_r00,prps,1405,-45,-0.353053,21,0,21,0.05497787,3.15000,prps,3,4219
199801,199.801,1,4004,54004,lowband_largesig_r00,prps,1403,-47,-0.370021,22,0,22,0.05759586,3.30000,prps,3,4223
199821,199.821,1,4004,54004,lowband_largesig_r00,prps,1401,-49,-0.388274,22,0,22,0.05759586,3.30000,prps,3,4227
199841,199.841,1,4004,54004,lowband_largesig_r00,prps,1399,-51,-0.401503,23,0,23,0.06021386,3.45000,prps,3,4231
199861,199.861,1,4004,54004,lowband_largesig_r00,prps,1399,-51,-0.402936,24,0,24,0.06283185,3.60000,prps,3,4235
199881,199.881,1,4004,54004,lowband_largesig_r00,prps,1401,-49,-0.386935,24,0,24,0.06283185,3.60000,prps,3,4239
199901,199.901,1,4004,54004,lowband_largesig_r00,prps,1405,-45,-0.350468,24,0,24,0.06283185,3.60000,prps,3,4243
199921,199.921,1,4004,54004,lowband_largesig_r00,prps,1413,-37,-0.294164,24,0,24,0.06283185,3.60000,prps,3,4247
199941,199.941,1,4004,54004,lowband_largesig_r00,prps,1422,-28,-0.222722,24,0,24,0.06283185,3.60000,prps,3,4251
199961,199.961,1,4004,54004,lowband_largesig_r00,prps,1432,-18,-0.144551,22,0,22,0.05759586,3.30000,prps,3,4255
199981,199.981,1,4004,54004,lowband_largesig_r00,prps,1441,-9,-0.070656,20,0,20,0.05235988,3.00000,prps,3,4259
200001,200.001,1,4004,54004,lowband_largesig_r00,prps,1448,-2,-0.012944,17,0,17,0.04450589,2.55000,prps,3,4263
200021,200.021,1,4004,54004,lowband_largesig_r00,prps,1452,2,0.017781,13,0,13,0.03403392,1.95000,prps,3,4267
200041,200.041,1,4004,54004,lowband_largesig_r00,prps,1452,2,0.013785,10,0,10,0.02617994,1.50000,prps,3,4271
200061,200.061,1,4004,54004,lowband_largesig_r00,prps,1446,-4,-0.028034,8,0,8,0.02094395,1.20000,prps,3,4275
200081,200.081,1,4004,54004,lowband_largesig_r00,prps,1437,-13,-0.105277,7,0,7,0.01832596,1.05000,prps,3,4279
200101,200.101,1,4004,54004,lowband_largesig_r00,prps,1423,-27,-0.210080,7,0,7,0.01832596,1.05000,prps,3,4283
200121,200.121,1,4004,54004,lowband_largesig_r00,prps,1408,-42,-0.330078,8,0,8,0.02094395,1.20000,prps,3,4287
200141,200.141,1,4004,54004,lowband_largesig_r00,prps,1393,-57,-0.450183,10,0,10,0.02617994,1.50000,prps,3,4291
200161,200.161,1,4004,54004,lowband_largesig_r00,prps,1380,-70,-0.554905,15,0,15,0.03926991,2.25000,prps,3,4295
200181,200.181,1,4004,54004,lowband_largesig_r00,prps,1370,-80,-0.630839,22,0,22,0.05759586,3.30000,prps,3,4299
200201,200.201,1,4004,54004,lowband_largesig_r00,prps,1365,-85,-0.668898,27,0,27,0.07068583,4.05000,prps,3,4303
200221,200.221,1,4004,54004,lowband_largesig_r00,prps,1365,-85,-0.665899,33,0,33,0.08639380,4.95000,prps,3,4307
200241,200.241,1,4004,54004,lowband_largesig_r00,prps,1371,-79,-0.625215,39,0,39,0.10210176,5.85000,prps,3,4311
200261,200.261,1,4004,54004,lowband_largesig_r00,prps,1379,-71,-0.556335,43,0,43,0.11257374,6.45000,prps,3,4315
200281,200.281,1,4004,54004,lowband_largesig_r00,prps,1390,-60,-0.473390,44,0,44,0.11519173,6.60000,prps,3,4319
200301,200.301,1,4004,54004,lowband_largesig_r00,prps,1400,-50,-0.392842,43,0,43,0.11257374,6.45000,prps,3,4323
200321,200.321,1,4004,54004,lowband_largesig_r00,prps,1408,-42,-0.330712,42,0,42,0.10995574,6.30000,prps,3,4327
200341,200.341,1,4004,54004,lowband_largesig_r00,prps,1412,-38,-0.299793,38,0,38,0.09948376,5.70000,prps,3,4331
200361,200.361,1,4004,54004,lowband_largesig_r00,prps,1411,-39,-0.307323,32,0,32,0.08377580,4.80000,prps,3,4335
200381,200.381,1,4004,54004,lowband_largesig_r00,prps,1405,-45,-0.353513,27,0,27,0.07068583,4.05000,prps,3,4339
200401,200.401,1,4004,54004,lowband_largesig_r00,prps,1395,-55,-0.431213,24,0,24,0.06283185,3.60000,prps,3,4343
200421,200.421,1,4004,54004,lowband_largesig_r00,prps,1383,-67,-0.526788,23,0,23,0.06021386,3.45000,prps,3,4347
200441,200.441,1,4004,54004,lowband_largesig_r00,prps,1371,-79,-0.622111,25,0,25,0.06544985,3.75000,prps,3,4351
200461,200.461,1,4004,54004,lowband_largesig_r00,prps,1361,-89,-0.697367,28,0,28,0.07330382,4.20000,prps,3,4355
200481,200.481,1,4004,54004,lowband_largesig_r00,prps,1357,-93,-0.734232,34,0,34,0.08901179,5.10000,prps,3,4359
200501,200.501,1,4004,54004,lowband_largesig_r00,prps,1359,-91,-0.718922,40,0,40,0.10471976,6.00000,prps,3,4363
200521,200.521,1,4004,54004,lowband_largesig_r00,prps,1368,-82,-0.644630,45,0,45,0.11780972,6.75000,prps,3,4367
200541,200.541,1,4004,54004,lowband_largesig_r00,prps,1385,-65,-0.512923,49,0,49,0.12828170,7.35000,prps,3,4371
200561,200.561,1,4004,54004,lowband_largesig_r00,prps,1408,-42,-0.333890,51,0,51,0.13351768,7.65000,prps,3,4375
200581,200.581,1,4004,54004,lowband_largesig_r00,prps,1434,-16,-0.124976,47,0,47,0.12304571,7.05000,prps,3,4379
200601,200.601,1,4004,54004,lowband_largesig_r00,prps,1462,12,0.091330,39,0,39,0.10210176,5.85000,prps,3,4383
200621,200.621,1,4004,54004,lowband_largesig_r00,prps,1487,37,0.290597,25,0,25,0.06544985,3.75000,prps,3,4387
200641,200.641,1,4004,54004,lowband_largesig_r00,prps,1507,57,0.449885,11,0,11,0.02879793,1.65000,prps,3,4391
200661,200.661,1,4004,54004,lowband_largesig_r00,prps,1520,70,0.550979,-3,0,-3,-0.00785398,-0.45000,prps,3,4395
200681,200.681,1,4004,54004,lowband_largesig_r00,prps,1524,74,0.582939,-16,0,-16,-0.04188790,-2.40000,prps,3,4399
200701,200.701,1,4004,54004,lowband_largesig_r00,prps,1519,69,0.543589,-28,0,-28,-0.07330382,-4.20000,prps,3,4403
200721,200.721,1,4004,54004,lowband_largesig_r00,prps,1506,56,0.439728,-37,0,-37,-0.09686577,-5.55000,prps,3,4407
200741,200.741,1,4004,54004,lowband_largesig_r00,prps,1486,36,0.286064,-42,0,-42,-0.10995574,-6.30000,prps,3,4411
200761,200.761,1,4004,54004,lowband_largesig_r00,prps,1463,13,0.103052,-39,0,-39,-0.10210176,-5.85000,prps,3,4415
200781,200.781,1,4004,54004,lowband_largesig_r00,prps,1439,-11,-0.086022,-31,0,-31,-0.08115781,-4.65000,prps,3,4419
200801,200.801,1,4004,54004,lowband_largesig_r00,prps,1417,-33,-0.258231,-21,0,-21,-0.05497787,-3.15000,prps,3,4423
200821,200.821,1,4004,54004,lowband_largesig_r00,prps,1400,-50,-0.394022,-8,0,-8,-0.02094395,-1.20000,prps,3,4427
200841,200.841,1,4004,54004,lowband_largesig_r00,prps,1389,-61,-0.479591,5,0,5,0.01308997,0.75000,prps,3,4431
200861,200.861,1,4004,54004,lowband_largesig_r00,prps,1385,-65,-0.508314,18,0,18,0.04712389,2.70000,prps,3,4435
200881,200.881,1,4004,54004,lowband_largesig_r00,prps,1389,-61,-0.481069,27,0,27,0.07068583,4.05000,prps,3,4439
200901,200.901,1,4004,54004,lowband_largesig_r00,prps,1399,-51,-0.405470,33,0,33,0.08639380,4.95000,prps,3,4443
200921,200.921,1,4004,54004,lowband_largesig_r00,prps,1413,-37,-0.294205,35,0,35,0.09162979,5.25000,prps,3,4447
200941,200.941,1,4004,54004,lowband_largesig_r00,prps,1429,-21,-0.162790,34,0,34,0.08901179,5.10000,prps,3,4451
200961,200.961,1,4004,54004,lowband_largesig_r00,prps,1447,-3,-0.027130,28,0,28,0.07330382,4.20000,prps,3,4455
200981,200.981,1,4004,54004,lowband_largesig_r00,prps,1463,13,0.098727,21,0,21,0.05497787,3.15000,prps,3,4459
201001,201.001,1,4004,54004,lowband_largesig_r00,prps,1476,26,0.204300,12,0,12,0.03141592,1.80000,prps,3,4463
201021,201.021,1,4004,54004,lowband_largesig_r00,prps,1486,36,0.283650,5,0,5,0.01308997,0.75000,prps,3,4467
201041,201.041,1,4004,54004,lowband_largesig_r00,prps,1493,43,0.335517,-1,0,-1,-0.00261799,-0.15000,prps,3,4471
201061,201.061,1,4004,54004,lowband_largesig_r00,prps,1496,46,0.362714,-8,0,-8,-0.02094395,-1.20000,prps,3,4475
201081,201.081,1,4004,54004,lowband_largesig_r00,prps,1497,47,0.370941,-15,0,-15,-0.03926991,-2.25000,prps,3,4479
201101,201.101,1,4004,54004,lowband_largesig_r00,prps,1497,47,0.367299,-20,0,-20,-0.05235988,-3.00000,prps,3,4483
201121,201.121,1,4004,54004,lowband_largesig_r00,prps,1496,46,0.358803,-23,0,-23,-0.06021386,-3.45000,prps,3,4487
201141,201.141,1,4004,54004,lowband_largesig_r00,prps,1495,45,0.351153,-24,0,-24,-0.06283185,-3.60000,prps,3,4491
201161,201.161,1,4004,54004,lowband_largesig_r00,prps,1494,44,0.347961,-24,0,-24,-0.06283185,-3.60000,prps,3,4495
201181,201.181,1,4004,54004,lowband_largesig_r00,prps,1495,45,0.350521,-24,0,-24,-0.06283185,-3.60000,prps,3,4499
201201,201.201,1,4004,54004,lowband_largesig_r00,prps,1495,45,0.358100,-24,0,-24,-0.06283185,-3.60000,prps,3,4503
201221,201.221,1,4004,54004,lowband_largesig_r00,prps,1497,47,0.368618,-24,0,-24,-0.06283185,-3.60000,prps,3,4507
201241,201.241,1,4004,54004,lowband_largesig_r00,prps,1498,48,0.379527,-24,0,-24,-0.06283185,-3.60000,prps,3,4511
201261,201.261,1,4004,54004,lowband_largesig_r00,prps,1499,49,0.388664,-24,0,-24,-0.06283185,-3.60000,prps,3,4515
201281,201.281,1,4004,54004,lowband_largesig_r00,prps,1500,50,0.394884,-24,0,-24,-0.06283185,-3.60000,prps,3,4519
201301,201.301,1,4004,54004,lowband_largesig_r00,prps,1501,51,0.398326,-24,0,-24,-0.06283185,-3.60000,prps,3,4523
201321,201.321,1,4004,54004,lowband_largesig_r00,prps,1501,51,0.400272,-24,0,-24,-0.06283185,-3.60000,prps,3,4527
201341,201.341,1,4004,54004,lowband_largesig_r00,prps,1501,51,0.402628,-24,0,-24,-0.06283185,-3.60000,prps,3,4531
201361,201.361,1,4004,54004,lowband_largesig_r00,prps,1502,52,0.407172,-24,0,-24,-0.06283185,-3.60000,prps,3,4535
201381,201.381,1,4004,54004,lowband_largesig_r00,prps,1503,53,0.414751,-24,0,-24,-0.06283185,-3.60000,prps,3,4539
201401,201.401,1,4004,54004,lowband_largesig_r00,prps,1504,54,0.424616,-24,0,-24,-0.06283185,-3.60000,prps,3,4543
201421,201.421,1,4004,54004,lowband_largesig_r00,prps,1505,55,0.434097,-26,0,-26,-0.06806784,-3.90000,prps,3,4547
201441,201.441,1,4004,54004,lowband_largesig_r00,prps,1506,56,0.438698,-27,0,-27,-0.07068583,-4.05000,prps,3,4551
201461,201.461,1,4004,54004,lowband_largesig_r00,prps,1505,55,0.432665,-27,0,-27,-0.07068583,-4.05000,prps,3,4555
201481,201.481,1,4004,54004,lowband_largesig_r00,prps,1502,52,0.409921,-27,0,-27,-0.07068583,-4.05000,prps,3,4559
201501,201.501,1,4004,54004,lowband_largesig_r00,prps,1496,46,0.365238,-27,0,-27,-0.07068583,-4.05000,prps,3,4563
201521,201.521,1,4004,54004,lowband_largesig_r00,prps,1488,38,0.295411,-26,0,-26,-0.06806784,-3.90000,prps,3,4567
201541,201.541,1,4004,54004,lowband_largesig_r00,prps,1475,25,0.200214,-25,0,-25,-0.06544985,-3.75000,prps,3,4571
201561,201.561,1,4004,54004,lowband_largesig_r00,prps,1461,11,0.082930,-23,0,-23,-0.06021386,-3.45000,prps,3,4575
201581,201.581,1,4004,54004,lowband_largesig_r00,prps,1444,-6,-0.049666,-20,0,-20,-0.05235988,-3.00000,prps,3,4579
201601,201.601,1,4004,54004,lowband_largesig_r00,prps,1426,-24,-0.187914,-15,0,-15,-0.03926991,-2.25000,prps,3,4583
201621,201.621,1,4004,54004,lowband_largesig_r00,prps,1409,-41,-0.320382,-8,0,-8,-0.02094395,-1.20000,prps,3,4587
201641,201.641,1,4004,54004,lowband_largesig_r00,prps,1395,-55,-0.435338,2,0,2,0.00523599,0.30000,prps,3,4591
201661,201.661,1,4004,54004,lowband_largesig_r00,prps,1384,-66,-0.522321,12,0,12,0.03141592,1.80000,prps,3,4595
201681,201.681,1,4004,54004,lowband_largesig_r00,prps,1377,-73,-0.573562,22,0,22,0.05759586,3.30000,prps,3,4599
201701,201.701,1,4004,54004,lowband_largesig_r00,prps,1376,-74,-0.585016,28,0,28,0.07330382,4.20000,prps,3,4603
201721,201.721,1,4004,54004,lowband_largesig_r00,prps,1379,-71,-0.556833,34,0,34,0.08901179,5.10000,prps,3,4607
201741,201.741,1,4004,54004,lowband_largesig_r00,prps,1387,-63,-0.493172,37,0,37,0.09686577,5.55000,prps,3,4611
201761,201.761,1,4004,54004,lowband_largesig_r00,prps,1399,-51,-0.401430,38,0,38,0.09948376,5.70000,prps,3,4615
201781,201.781,1,4004,54004,lowband_largesig_r00,prps,1413,-37,-0.290990,38,0,38,0.09948376,5.70000,prps,3,4619
201801,201.801,1,4004,54004,lowband_largesig_r00,prps,1428,-22,-0.171737,35,0,35,0.09162979,5.25000,prps,3,4623
201821,201.821,1,4004,54004,lowband_largesig_r00,prps,1443,-7,-0.052603,30,0,30,0.07853982,4.50000,prps,3,4627
201841,201.841,1,4004,54004,lowband_largesig_r00,prps,1458,8,0.059612,22,0,22,0.05759586,3.30000,prps,3,4631
201861,201.861,1,4004,54004,lowband_largesig_r00,prps,1470,20,0.160940,14,0,14,0.03665191,2.10000,prps,3,4635
201881,201.881,1,4004,54004,lowband_largesig_r00,prps,1482,32,0.250348,7,0,7,0.01832596,1.05000,prps,3,4639
201901,201.901,1,4004,54004,lowband_largesig_r00,prps,1492,42,0.329263,2,0,2,0.00523599,0.30000,prps,3,4643
201921,201.921,1,4004,54004,lowband_largesig_r00,prps,1501,51,0.400620,-5,0,-5,-0.01308997,-0.75000,prps,3,4647
201941,201.941,1,4004,54004,lowband_largesig_r00,prps,1509,59,0.467661,-12,0,-12,-0.03141592,-1.80000,prps,3,4651
201961,201.961,1,4004,54004,lowband_largesig_r00,prps,1518,68,0.532713,-19,0,-19,-0.04974188,-2.85000,prps,3,4655
201981,201.981,1,4004,54004,lowband_largesig_r00,prps,1526,76,0.596228,-25,0,-25,-0.06544985,-3.75000,prps,3,4659
202001,202.001,1,4004,54004,lowband_largesig_r00,prps,1533,83,0.656284,-30,0,-30,-0.07853982,-4.50000,prps,3,4663
202021,202.021,1,4004,54004,lowband_largesig_r00,prps,1540,90,0.708663,-35,0,-35,-0.09162979,-5.25000,prps,3,4667
202041,202.041,1,4004,54004,lowband_largesig_r00,prps,1545,95,0.747523,-40,0,-40,-0.10471976,-6.00000,prps,3,4671
202061,202.061,1,4004,54004,lowband_largesig_r00,prps,1547,97,0.766542,-44,0,-44,-0.11519173,-6.60000,prps,3,4675
202081,202.081,1,4004,54004,lowband_largesig_r00,prps,1547,97,0.760319,-47,0,-47,-0.12304571,-7.05000,prps,3,4679
202101,202.101,1,4004,54004,lowband_largesig_r00,prps,1542,92,0.725764,-49,0,-49,-0.12828170,-7.35000,prps,3,4683
202121,202.121,1,4004,54004,lowband_largesig_r00,prps,1534,84,0.663184,-51,0,-51,-0.13351768,-7.65000,prps,3,4687
202141,202.141,1,4004,54004,lowband_largesig_r00,prps,1523,73,0.576834,-51,0,-51,-0.13351768,-7.65000,prps,3,4691
202161,202.161,1,4004,54004,lowband_largesig_r00,prps,1510,60,0.474772,-50,0,-50,-0.13089970,-7.50000,prps,3,4695
202181,202.181,1,4004,54004,lowband_largesig_r00,prps,1497,47,0.367990,-48,0,-48,-0.12566370,-7.20000,prps,3,4699
202201,202.201,1,4004,54004,lowband_largesig_r00,prps,1484,34,0.268946,-44,0,-44,-0.11519173,-6.60000,prps,3,4703
202221,202.221,1,4004,54004,lowband_largesig_r00,prps,1474,24,0.189697,-37,0,-37,-0.09686577,-5.55000,prps,3,4707
202241,202.241,1,4004,54004,lowband_largesig_r00,prps,1468,18,0.139965,-31,0,-31,-0.08115781,-4.65000,prps,3,4711
202261,202.261,1,4004,54004,lowband_largesig_r00,prps,1466,16,0.125456,-24,0,-24,-0.06283185,-3.60000,prps,3,4715
202281,202.281,1,4004,54004,lowband_largesig_r00,prps,1469,19,0.146752,-18,0,-18,-0.04712389,-2.70000,prps,3,4719
202301,202.301,1,4004,54004,lowband_largesig_r00,prps,1475,25,0.198986,-15,0,-15,-0.03926991,-2.25000,prps,3,4723
202321,202.321,1,4004,54004,lowband_largesig_r00,prps,1485,35,0.272396,-14,0,-14,-0.03665191,-2.10000,prps,3,4727
202341,202.341,1,4004,54004,lowband_largesig_r00,prps,1495,45,0.353688,-14,0,-14,-0.03665191,-2.10000,prps,3,4731
202361,202.361,1,4004,54004,lowband_largesig_r00,prps,1504,54,0.428025,-15,0,-15,-0.03926991,-2.25000,prps,3,4735
202381,202.381,1,4004,54004,lowband_largesig_r00,prps,1511,61,0.481301,-19,0,-19,-0.04974188,-2.85000,prps,3,4739
202401,202.401,1,4004,54004,lowband_largesig_r00,prps,1514,64,0.502341,-23,0,-23,-0.06021386,-3.45000,prps,3,4743
202421,202.421,1,4004,54004,lowband_largesig_r00,prps,1512,62,0.484651,-26,0,-26,-0.06806784,-3.90000,prps,3,4747
202441,202.441,1,4004,54004,lowband_largesig_r00,prps,1504,54,0.427415,-30,0,-30,-0.07853982,-4.50000,prps,3,4751
202461,202.461,1,4004,54004,lowband_largesig_r00,prps,1493,43,0.335566,-32,0,-32,-0.08377580,-4.80000,prps,3,4755
202481,202.481,1,4004,54004,lowband_largesig_r00,prps,1478,28,0.218902,-31,0,-31,-0.08115781,-4.65000,prps,3,4759
202501,202.501,1,4004,54004,lowband_largesig_r00,prps,1461,11,0.090406,-29,0,-29,-0.07592182,-4.35000,prps,3,4763
202521,202.521,1,4004,54004,lowband_largesig_r00,prps,1445,-5,-0.035968,-24,0,-24,-0.06283185,-3.60000,prps,3,4767
202541,202.541,1,4004,54004,lowband_largesig_r00,prps,1431,-19,-0.147647,-16,0,-16,-0.04188790,-2.40000,prps,3,4771
202561,202.561,1,4004,54004,lowband_largesig_r00,prps,1420,-30,-0.235523,-9,0,-9,-0.02356194,-1.35000,prps,3,4775
202581,202.581,1,4004,54004,lowband_largesig_r00,prps,1412,-38,-0.295412,0,0,0,0.00000000,0.00000,prps,3,4779
202601,202.601,1,4004,54004,lowband_largesig_r00,prps,1408,-42,-0.328620,9,0,9,0.02356194,1.35000,prps,3,4783
202621,202.621,1,4004,54004,lowband_largesig_r00,prps,1407,-43,-0.341507,16,0,16,0.04188790,2.40000,prps,3,4787
202641,202.641,1,4004,54004,lowband_largesig_r00,prps,1406,-44,-0.344123,21,0,21,0.05497787,3.15000,prps,3,4791
202661,202.661,1,4004,54004,lowband_largesig_r00,prps,1406,-44,-0.348150,21,0,21,0.05497787,3.15000,prps,3,4795
202681,202.681,1,4004,54004,lowband_largesig_r00,prps,1404,-46,-0.364495,21,0,21,0.05497787,3.15000,prps,3,4799
202701,202.701,1,4004,54004,lowband_largesig_r00,prps,1399,-51,-0.400985,22,0,22,0.05759586,3.30000,prps,3,4803
202721,202.721,1,4004,54004,lowband_largesig_r00,prps,1392,-58,-0.460560,22,0,22,0.05759586,3.30000,prps,3,4807
202741,202.741,1,4004,54004,lowband_largesig_r00,prps,1381,-69,-0.540321,23,0,23,0.06021386,3.45000,prps,3,4811
202761,202.761,1,4004,54004,lowband_largesig_r00,prps,1370,-80,-0.631611,25,0,25,0.06544985,3.75000,prps,3,4815
202781,202.781,1,4004,54004,lowband_largesig_r00,prps,1358,-92,-0.721177,28,0,28,0.07330382,4.20000,prps,3,4819
202801,202.801,1,4004,54004,lowband_largesig_r00,prps,1349,-101,-0.793214,35,0,35,0.09162979,5.25000,prps,3,4823
202821,202.821,1,4004,54004,lowband_largesig_r00,prps,1344,-106,-0.831998,41,0,41,0.10733775,6.15000,prps,3,4827
202841,202.841,1,4004,54004,lowband_largesig_r00,prps,1345,-105,-0.824654,47,0,47,0.12304571,7.05000,prps,3,4831
202861,202.861,1,4004,54004,lowband_largesig_r00,prps,1353,-97,-0.763598,53,0,53,0.13875367,7.95000,prps,3,4835
202881,202.881,1,4004,54004,lowband_largesig_r00,prps,1368,-82,-0.648234,56,0,56,0.14660765,8.40000,prps,3,4839
202901,202.901,1,4004,54004,lowband_largesig_r00,prps,1388,-62,-0.485594,57,0,57,0.14922565,8.55000,prps,3,4843
202921,202.921,1,4004,54004,lowband_largesig_r00,prps,1413,-37,-0.289774,55,0,55,0.14398966,8.25000,prps,3,4847
202941,202.941,1,4004,54004,lowband_largesig_r00,prps,1440,-10,-0.080247,48,0,48,0.12566370,7.20000,prps,3,4851
202961,202.961,1,4004,54004,lowband_largesig_r00,prps,1465,15,0.120741,37,0,37,0.09686577,5.55000,prps,3,4855
202981,202.981,1,4004,54004,lowband_largesig_r00,prps,1487,37,0.291251,22,0,22,0.05759586,3.30000,prps,3,4859
203001,203.001,1,4004,54004,lowband_largesig_r00,prps,1502,52,0.412775,7,0,7,0.01832596,1.05000,prps,3,4863
203021,203.021,1,4004,54004,lowband_largesig_r00,prps,1510,60,0.472871,-6,0,-6,-0.01570796,-0.90000,prps,3,4867
203041,203.041,1,4004,54004,lowband_largesig_r00,prps,1509,59,0.466932,-17,0,-17,-0.04450589,-2.55000,prps,3,4871
203061,203.061,1,4004,54004,lowband_largesig_r00,prps,1501,51,0.398788,-27,0,-27,-0.07068583,-4.05000,prps,3,4875
203081,203.081,1,4004,54004,lowband_largesig_r00,prps,1486,36,0.280053,-30,0,-30,-0.07853982,-4.50000,prps,3,4879
203101,203.101,1,4004,54004,lowband_largesig_r00,prps,1466,16,0.128337,-29,0,-29,-0.07592182,-4.35000,prps,3,4883
203121,203.121,1,4004,54004,lowband_largesig_r00,prps,1446,-4,-0.035405,-27,0,-27,-0.07068583,-4.05000,prps,3,4887
203141,203.141,1,4004,54004,lowband_largesig_r00,prps,1426,-24,-0.189965,-19,0,-19,-0.04974188,-2.85000,prps,3,4891
203161,203.161,1,4004,54004,lowband_largesig_r00,prps,1410,-40,-0.316925,-10,0,-10,-0.02617994,-1.50000,prps,3,4895
203181,203.181,1,4004,54004,lowband_largesig_r00,prps,1399,-51,-0.403194,1,0,1,0.00261799,0.15000,prps,3,4899
203201,203.201,1,4004,54004,lowband_largesig_r00,prps,1394,-56,-0.442658,11,0,11,0.02879793,1.65000,prps,3,4903
203221,203.221,1,4004,54004,lowband_largesig_r00,prps,1395,-55,-0.436713,21,0,21,0.05497787,3.15000,prps,3,4907
203241,203.241,1,4004,54004,lowband_largesig_r00,prps,1400,-50,-0.393640,26,0,26,0.06806784,3.90000,prps,3,4911
203261,203.261,1,4004,54004,lowband_largesig_r00,prps,1408,-42,-0.326950,27,0,27,0.07068583,4.05000,prps,3,4915
203281,203.281,1,4004,54004,lowband_largesig_r00,prps,1418,-32,-0.253008,27,0,27,0.07068583,4.05000,prps,3,4919
203301,203.301,1,4004,54004,lowband_largesig_r00,prps,1426,-24,-0.188321,26,0,26,0.06806784,3.90000,prps,3,4923
203321,203.321,1,4004,54004,lowband_largesig_r00,prps,1431,-19,-0.146938,24,0,24,0.06283185,3.60000,prps,3,4927
203341,203.341,1,4004,54004,lowband_largesig_r00,prps,1432,-18,-0.138357,20,0,20,0.05235988,3.00000,prps,3,4931
203361,203.361,1,4004,54004,lowband_largesig_r00,prps,1429,-21,-0.166249,18,0,18,0.04712389,2.70000,prps,3,4935
203381,203.381,1,4004,54004,lowband_largesig_r00,prps,1421,-29,-0.228147,16,0,16,0.04188790,2.40000,prps,3,4939
203401,203.401,1,4004,54004,lowband_largesig_r00,prps,1410,-40,-0.316104,16,0,16,0.04188790,2.40000,prps,3,4943
203421,203.421,1,4004,54004,lowband_largesig_r00,prps,1397,-53,-0.418168,16,0,16,0.04188790,2.40000,prps,3,4947
203441,203.441,1,4004,54004,lowband_largesig_r00,prps,1384,-66,-0.520382,19,0,19,0.04974188,2.85000,prps,3,4951
203461,203.461,1,4004,54004,lowband_largesig_r00,prps,1373,-77,-0.608960,23,0,23,0.06021386,3.45000,prps,3,4955
203481,203.481,1,4004,54004,lowband_largesig_r00,prps,1365,-85,-0.672304,27,0,27,0.07068583,4.05000,prps,3,4959
203501,203.501,1,4004,54004,lowband_largesig_r00,prps,1361,-89,-0.702533,33,0,33,0.08639380,4.95000,prps,3,4963
203521,203.521,1,4004,54004,lowband_largesig_r00,prps,1362,-88,-0.696337,38,0,38,0.09948376,5.70000,prps,3,4967
203541,203.541,1,4004,54004,lowband_largesig_r00,prps,1367,-83,-0.655071,42,0,42,0.10995574,6.30000,prps,3,4971
203561,203.561,1,4004,54004,lowband_largesig_r00,prps,1376,-74,-0.584150,46,0,46,0.12042772,6.90000,prps,3,4975
203581,203.581,1,4004,54004,lowband_largesig_r00,prps,1388,-62,-0.491898,47,0,47,0.12304571,7.05000,prps,3,4979
203601,203.601,1,4004,54004,lowband_largesig_r00,prps,1401,-49,-0.388110,46,0,46,0.12042772,6.90000,prps,3,4983
203621,203.621,1,4004,54004,lowband_largesig_r00,prps,1414,-36,-0.282579,45,0,45,0.11780972,6.75000,prps,3,4987
203641,203.641,1,4004,54004,lowband_largesig_r00,prps,1427,-23,-0.183844,39,0,39,0.10210176,5.85000,prps,3,4991
203661,203.661,1,4004,54004,lowband_largesig_r00,prps,1438,-12,-0.098331,31,0,31,0.08115781,4.65000,prps,3,4995
203681,203.681,1,4004,54004,lowband_largesig_r00,prps,1446,-4,-0.029976,23,0,23,0.06021386,3.45000,prps,3,4999
203701,203.701,1,4004,54004,lowband_largesig_r00,prps,1452,2,0.019681,16,0,16,0.04188790,2.40000,prps,3,5003
203721,203.721,1,4004,54004,lowband_largesig_r00,prps,1456,6,0.051029,9,0,9,0.02356194,1.35000,prps,3,5007
203741,203.741,1,4004,54004,lowband_largesig_r00,prps,1458,8,0.065725,5,0,5,0.01308997,0.75000,prps,3,5011
203761,203.761,1,4004,54004,lowband_largesig_r00,prps,1458,8,0.065997,3,0,3,0.00785398,0.45000,prps,3,5015
203781,203.781,1,4004,54004,lowband_largesig_r00,prps,1457,7,0.054104,2,0,2,0.00523599,0.30000,prps,3,5019
203801,203.801,1,4004,54004,lowband_largesig_r00,prps,1454,4,0.032042,2,0,2,0.00523599,0.30000,prps,3,5023
203821,203.821,1,4004,54004,lowband_largesig_r00,prps,1450,0,0.001549,2,0,2,0.00523599,0.30000,prps,3,5027
203841,203.841,1,4004,54004,lowband_largesig_r00,prps,1445,-5,-0.035638,2,0,2,0.00523599,0.30000,prps,3,5031
203861,203.861,1,4004,54004,lowband_largesig_r00,prps,1440,-10,-0.077383,3,0,3,0.00785398,0.45000,prps,3,5035
203881,203.881,1,4004,54004,lowband_largesig_r00,prps,1435,-15,-0.120768,4,0,4,0.01047198,0.60000,prps,3,5039
203901,203.901,1,4004,54004,lowband_largesig_r00,prps,1429,-21,-0.161858,5,0,5,0.01308997,0.75000,prps,3,5043
203921,203.921,1,4004,54004,lowband_largesig_r00,prps,1425,-25,-0.195762,6,0,6,0.01570796,0.90000,prps,3,5047
203941,203.941,1,4004,54004,lowband_largesig_r00,prps,1422,-28,-0.217028,8,0,8,0.02094395,1.20000,prps,3,5051
203961,203.961,1,4004,54004,lowband_largesig_r00,prps,1422,-28,-0.220361,10,0,10,0.02617994,1.50000,prps,3,5055
203981,203.981,1,4004,54004,lowband_largesig_r00,prps,1424,-26,-0.201550,12,0,12,0.03141592,1.80000,prps,3,5059
204001,204.001,1,4004,54004,lowband_largesig_r00,prps,1430,-20,-0.158438,13,0,13,0.03403392,1.95000,prps,3,5063
204021,204.021,1,4004,54004,lowband_largesig_r00,prps,1438,-12,-0.091736,14,0,14,0.03665191,2.10000,prps,3,5067
204041,204.041,1,4004,54004,lowband_largesig_r00,prps,1449,-1,-0.005476,13,0,13,0.03403392,1.95000,prps,3,5071
204061,204.061,1,4004,54004,lowband_largesig_r00,prps,1462,12,0.093037,12,0,12,0.03141592,1.80000,prps,3,5075
204081,204.081,1,4004,54004,lowband_largesig_r00,prps,1475,25,0.193838,9,0,9,0.02356194,1.35000,prps,3,5079
204101,204.101,1,4004,54004,lowband_largesig_r00,prps,1486,36,0.285454,5,0,5,0.01308997,0.75000,prps,3,5083
204121,204.121,1,4004,54004,lowband_largesig_r00,prps,1495,45,0.356429,0,0,0,0.00000000,0.00000,prps,3,5087
204141,204.141,1,4004,54004,lowband_largesig_r00,prps,1500,50,0.397031,-7,0,-7,-0.01832596,-1.05000,prps,3,5091
204161,204.161,1,4004,54004,lowband_largesig_r00,prps,1501,51,0.400830,-14,0,-14,-0.03665191,-2.10000,prps,3,5095
204181,204.181,1,4004,54004,lowband_largesig_r00,prps,1496,46,0.365904,-20,0,-20,-0.05235988,-3.00000,prps,3,5099
204201,204.201,1,4004,54004,lowband_largesig_r00,prps,1488,38,0.295430,-24,0,-24,-0.06283185,-3.60000,prps,3,5103
204221,204.221,1,4004,54004,lowband_largesig_r00,prps,1475,25,0.197527,-25,0,-25,-0.06544985,-3.75000,prps,3,5107
204241,204.241,1,4004,54004,lowband_largesig_r00,prps,1461,11,0.084338,-24,0,-24,-0.06283185,-3.60000,prps,3,5111
204261,204.261,1,4004,54004,lowband_largesig_r00,prps,1446,-4,-0.029531,-20,0,-20,-0.05235988,-3.00000,prps,3,5115
204281,204.281,1,4004,54004,lowband_largesig_r00,prps,1434,-16,-0.129006,-15,0,-15,-0.03926991,-2.25000,prps,3,5119
204301,204.301,1,4004,54004,lowband_largesig_r00,prps,1425,-25,-0.200647,-8,0,-8,-0.02094395,-1.20000,prps,3,5123
204321,204.321,1,4004,54004,lowband_largesig_r00,prps,1420,-30,-0.234545,-1,0,-1,-0.00261799,-0.15000,prps,3,5127
204341,204.341,1,4004,54004,lowband_largesig_r00,prps,1421,-29,-0.225701,7,0,7,0.01832596,1.05000,prps,3,5131
204361,204.361,1,4004,54004,lowband_largesig_r00,prps,1428,-22,-0.174662,12,0,12,0.03141592,1.80000,prps,3,5135
204381,204.381,1,4004,54004,lowband_largesig_r00,prps,1439,-11,-0.087324,14,0,14,0.03665191,2.10000,prps,3,5139
204401,204.401,1,4004,54004,lowband_largesig_r00,prps,1453,3,0.026082,15,0,15,0.03926991,2.25000,prps,3,5143
204421,204.421,1,4004,54004,lowband_largesig_r00,prps,1469,19,0.152624,13,0,13,0.03403392,1.95000,prps,3,5147
204441,204.441,1,4004,54004,lowband_largesig_r00,prps,1485,35,0.278673,9,0,9,0.02356194,1.35000,prps,3,5151
204461,204.461,1,4004,54004,lowband_largesig_r00,prps,1500,50,0.391922,3,0,3,0.00785398,0.45000,prps,3,5155
204481,204.481,1,4004,54004,lowband_largesig_r00,prps,1511,61,0.483090,-4,0,-4,-0.01047198,-0.60000,prps,3,5159
204501,204.501,1,4004,54004,lowband_largesig_r00,prps,1519,69,0.547036,-13,0,-13,-0.03403392,-1.95000,prps,3,5163
204521,204.521,1,4004,54004,lowband_largesig_r00,prps,1524,74,0.583117,-23,0,-23,-0.06021386,-3.45000,prps,3,5167
204541,204.541,1,4004,54004,lowband_largesig_r00,prps,1526,76,0.594741,-30,0,-30,-0.07853982,-4.50000,prps,3,5171
204561,204.561,1,4004,54004,lowband_largesig_r00,prps,1525,75,0.588235,-37,0,-37,-0.09686577,-5.55000,prps,3,5175
204581,204.581,1,4004,54004,lowband_largesig_r00,prps,1523,73,0.571256,-40,0,-40,-0.10471976,-6.00000,prps,3,5179
204601,204.601,1,4004,54004,lowband_largesig_r00,prps,1520,70,0.551054,-41,0,-41,-0.10733775,-6.15000,prps,3,5183
204621,204.621,1,4004,54004,lowband_largesig_r00,prps,1518,68,0.532922,-41,0,-41,-0.10733775,-6.15000,prps,3,5187
204641,204.641,1,4004,54004,lowband_largesig_r00,prps,1516,66,0.519123,-41,0,-41,-0.10733775,-6.15000,prps,3,5191
204661,204.661,1,4004,54004,lowband_largesig_r00,prps,1515,65,0.508516,-41,0,-41,-0.10733775,-6.15000,prps,3,5195
204681,204.681,1,4004,54004,lowband_largesig_r00,prps,1513,63,0.496934,-40,0,-40,-0.10471976,-6.00000,prps,3,5199
204701,204.701,1,4004,54004,lowband_largesig_r00,prps,1511,61,0.478263,-39,0,-39,-0.10210176,-5.85000,prps,3,5203
204721,204.721,1,4004,54004,lowband_largesig_r00,prps,1507,57,0.445993,-38,0,-38,-0.09948376,-5.70000,prps,3,5207
204741,204.741,1,4004,54004,lowband_largesig_r00,prps,1500,50,0.394962,-37,0,-37,-0.09686577,-5.55000,prps,3,5211
204761,204.761,1,4004,54004,lowband_largesig_r00,prps,1491,41,0.322936,-36,0,-36,-0.09424778,-5.40000,prps,3,5215
204781,204.781,1,4004,54004,lowband_largesig_r00,prps,1479,29,0.231692,-33,0,-33,-0.08639380,-4.95000,prps,3,5219
204801,204.801,1,4004,54004,lowband_largesig_r00,prps,1466,16,0.127381,-30,0,-30,-0.07853982,-4.50000,prps,3,5223
204821,204.821,1,4004,54004,lowband_largesig_r00,prps,1453,3,0.020035,-25,0,-25,-0.06544985,-3.75000,prps,3,5227
204841,204.841,1,4004,54004,lowband_largesig_r00,prps,1440,-10,-0.077720,-18,0,-18,-0.04712389,-2.70000,prps,3,5231
204861,204.861,1,4004,54004,lowband_largesig_r00,prps,1431,-19,-0.152577,-12,0,-12,-0.03141592,-1.80000,prps,3,5235
204881,204.881,1,4004,54004,lowband_largesig_r00,prps,1426,-24,-0.192750,-4,0,-4,-0.01047198,-0.60000,prps,3,5239
204901,204.901,1,4004,54004,lowband_largesig_r00,prps,1426,-24,-0.190101,3,0,3,0.00785398,0.45000,prps,3,5243
204921,204.921,1,4004,54004,lowband_largesig_r00,prps,1432,-18,-0.141800,8,0,8,0.02094395,1.20000,prps,3,5247
204941,204.941,1,4004,54004,lowband_largesig_r00,prps,1443,-7,-0.051208,10,0,10,0.02617994,1.50000,prps,3,5251
204961,204.961,1,4004,54004,lowband_largesig_r00,prps,1459,9,0.072225,11,0,11,0.02879793,1.65000,prps,3,5255
204981,204.981,1,4004,54004,lowband_largesig_r00,prps,1477,27,0.214062,10,0,10,0.02617994,1.50000,prps,3,5259
205001,205.001,1,4004,54004,lowband_largesig_r00,prps,1495,45,0.356842,6,0,6,0.01570796,0.90000,prps,3,5263
205021,205.021,1,4004,54004,lowband_largesig_r00,prps,1511,61,0.482613,-1,0,-1,-0.00261799,-0.15000,prps,3,5267
205041,205.041,1,4004,54004,lowband_largesig_r00,prps,1523,73,0.575640,-10,0,-10,-0.02617994,-1.50000,prps,3,5271
205061,205.061,1,4004,54004,lowband_largesig_r00,prps,1529,79,0.624823,-20,0,-20,-0.05235988,-3.00000,prps,3,5275
205081,205.081,1,4004,54004,lowband_largesig_r00,prps,1529,79,0.625448,-30,0,-30,-0.07853982,-4.50000,prps,3,5279
205101,205.101,1,4004,54004,lowband_largesig_r00,prps,1524,74,0.579950,-38,0,-38,-0.09948376,-5.70000,prps,3,5283
205121,205.121,1,4004,54004,lowband_largesig_r00,prps,1513,63,0.497547,-41,0,-41,-0.10733775,-6.15000,prps,3,5287
205141,205.141,1,4004,54004,lowband_largesig_r00,prps,1500,50,0.392795,-41,0,-41,-0.10733775,-6.15000,prps,3,5291
205161,205.161,1,4004,54004,lowband_largesig_r00,prps,1486,36,0.283266,-40,0,-40,-0.10471976,-6.00000,prps,3,5295
205181,205.181,1,4004,54004,lowband_largesig_r00,prps,1474,24,0.186742,-37,0,-37,-0.09686577,-5.55000,prps,3,5299
205201,205.201,1,4004,54004,lowband_largesig_r00,prps,1465,15,0.118357,-30,0,-30,-0.07853982,-4.50000,prps,3,5303
205221,205.221,1,4004,54004,lowband_largesig_r00,prps,1461,11,0.088157,-24,0,-24,-0.06283185,-3.60000,prps,3,5307
205241,205.241,1,4004,54004,lowband_largesig_r00,prps,1463,13,0.099483,-17,0,-17,-0.04450589,-2.55000,prps,3,5311
205261,205.261,1,4004,54004,lowband_largesig_r00,prps,1469,19,0.148436,-11,0,-11,-0.02879793,-1.65000,prps,3,5315
205281,205.281,1,4004,54004,lowband_largesig_r00,prps,1479,29,0.224519,-8,0,-8,-0.02094395,-1.20000,prps,3,5319
205301,205.301,1,4004,54004,lowband_largesig_r00,prps,1490,40,0.312332,-8,0,-8,-0.02094395,-1.20000,prps,3,5323
205321,205.321,1,4004,54004,lowband_largesig_r00,prps,1500,50,0.394075,-10,0,-10,-0.02617994,-1.50000,prps,3,5327
205341,205.341,1,4004,54004,lowband_largesig_r00,prps,1507,57,0.452406,-14,0,-14,-0.03665191,-2.10000,prps,3,5331
205361,205.361,1,4004,54004,lowband_largesig_r00,prps,1510,60,0.473230,-19,0,-19,-0.04974188,-2.85000,prps,3,5335
205381,205.381,1,4004,54004,lowband_largesig_r00,prps,1507,57,0.447932,-24,0,-24,-0.06283185,-3.60000,prps,3,5339
205401,205.401,1,4004,54004,lowband_largesig_r00,prps,1498,48,0.374716,-28,0,-28,-0.07330382,-4.20000,prps,3,5343
205421,205.421,1,4004,54004,lowband_largesig_r00,prps,1483,33,0.258833,-29,0,-29,-0.07592182,-4.35000,prps,3,5347
205441,205.441,1,4004,54004,lowband_largesig_r00,prps,1464,14,0.111679,-28,0,-28,-0.07330382,-4.20000,prps,3,5351
205461,205.461,1,4004,54004,lowband_largesig_r00,prps,1444,-6,-0.051073,-24,0,-24,-0.06283185,-3.60000,prps,3,5355
205481,205.481,1,4004,54004,lowband_largesig_r00,prps,1423,-27,-0.211994,-17,0,-17,-0.04450589,-2.55000,prps,3,5359
205501,205.501,1,4004,54004,lowband_largesig_r00,prps,1405,-45,-0.354637,-9,0,-9,-0.02356194,-1.35000,prps,3,5363
205521,205.521,1,4004,54004,lowband_largesig_r00,prps,1391,-59,-0.466056,2,0,2,0.00523599,0.30000,prps,3,5367
205541,205.541,1,4004,54004,lowband_largesig_r00,prps,1382,-68,-0.538683,13,0,13,0.03403392,1.95000,prps,3,5371
205561,205.561,1,4004,54004,lowband_largesig_r00,prps,1377,-73,-0.571279,24,0,24,0.06283185,3.60000,prps,3,5375
205581,205.581,1,4004,54004,lowband_largesig_r00,prps,1378,-72,-0.568824,31,0,31,0.08115781,4.65000,prps,3,5379
205601,205.601,1,4004,54004,lowband_largesig_r00,prps,1381,-69,-0.541376,37,0,37,0.09686577,5.55000,prps,3,5383
205621,205.621,1,4004,54004,lowband_largesig_r00,prps,1386,-64,-0.502138,38,0,38,0.09948376,5.70000,prps,3,5387
205641,205.641,1,4004,54004,lowband_largesig_r00,prps,1391,-59,-0.465050,38,0,38,0.09948376,5.70000,prps,3,5391
205661,205.661,1,4004,54004,lowband_largesig_r00,prps,1394,-56,-0.442334,38,0,38,0.09948376,5.70000,prps,3,5395
205681,205.681,1,4004,54004,lowband_largesig_r00,prps,1394,-56,-0.442392,38,0,38,0.09948376,5.70000,prps,3,5399
205701,205.701,1,4004,54004,lowband_largesig_r00,prps,1391,-59,-0.468413,37,0,37,0.09686577,5.55000,prps,3,5403
205721,205.721,1,4004,54004,lowband_largesig_r00,prps,1384,-66,-0.517884,36,0,36,0.09424778,5.40000,prps,3,5407
205741,205.741,1,4004,54004,lowband_largesig_r00,prps,1376,-74,-0.583088,36,0,36,0.09424778,5.40000,prps,3,5411
205761,205.761,1,4004,54004,lowband_largesig_r00,prps,1367,-83,-0.652461,36,0,36,0.09424778,5.40000,prps,3,5415
205781,205.781,1,4004,54004,lowband_largesig_r00,prps,1360,-90,-0.712581,36,0,36,0.09424778,5.40000,prps,3,5419
205801,205.801,1,4004,54004,lowband_largesig_r00,prps,1355,-95,-0.750430,38,0,38,0.09948376,5.70000,prps,3,5423
205821,205.821,1,4004,54004,lowband_largesig_r00,prps,1354,-96,-0.755566,42,0,42,0.10995574,6.30000,prps,3,5427
205841,205.841,1,4004,54004,lowband_largesig_r00,prps,1358,-92,-0.721839,47,0,47,0.12304571,7.05000,prps,3,5431
205861,205.861,1,4004,54004,lowband_largesig_r00,prps,1368,-82,-0.648402,51,0,51,0.13351768,7.65000,prps,3,5435
205881,205.881,1,4004,54004,lowband_largesig_r00,prps,1381,-69,-0.539870,52,0,52,0.13613568,7.80000,prps,3,5439
205901,205.901,1,4004,54004,lowband_largesig_r00,prps,1398,-52,-0.405634,51,0,51,0.13351768,7.65000,prps,3,5443
205921,205.921,1,4004,54004,lowband_largesig_r00,prps,1417,-33,-0.258473,50,0,50,0.13089970,7.50000,prps,3,5447
205941,205.941,1,4004,54004,lowband_largesig_r00,prps,1436,-14,-0.112721,42,0,42,0.10995574,6.30000,prps,3,5451
205961,205.961,1,4004,54004,lowband_largesig_r00,prps,1452,2,0.017719,32,0,32,0.08377580,4.80000,prps,3,5455
205981,205.981,1,4004,54004,lowband_largesig_r00,prps,1465,15,0.121183,21,0,21,0.05497787,3.15000,prps,3,5459
206001,206.001,1,4004,54004,lowband_largesig_r00,prps,1474,24,0.189620,10,0,10,0.02617994,1.50000,prps,3,5463
206021,206.021,1,4004,54004,lowband_largesig_r00,prps,1478,28,0.219363,2,0,2,0.00523599,0.30000,prps,3,5467
206041,206.041,1,4004,54004,lowband_largesig_r00,prps,1477,27,0.211211,-5,0,-5,-0.01308997,-0.75000,prps,3,5471
206061,206.061,1,4004,54004,lowband_largesig_r00,prps,1472,22,0.169913,-11,0,-11,-0.02879793,-1.65000,prps,3,5475
206081,206.081,1,4004,54004,lowband_largesig_r00,prps,1463,13,0.103162,-12,0,-12,-0.03141592,-1.80000,prps,3,5479
206101,206.101,1,4004,54004,lowband_largesig_r00,prps,1453,3,0.020347,-12,0,-12,-0.03141592,-1.80000,prps,3,5483
206121,206.121,1,4004,54004,lowband_largesig_r00,prps,1441,-9,-0.068724,-11,0,-11,-0.02879793,-1.65000,prps,3,5487
206141,206.141,1,4004,54004,lowband_largesig_r00,prps,1430,-20,-0.154922,-8,0,-8,-0.02094395,-1.20000,prps,3,5491
206161,206.161,1,4004,54004,lowband_largesig_r00,prps,1421,-29,-0.230567,-3,0,-3,-0.00785398,-0.45000,prps,3,5495
206181,206.181,1,4004,54004,lowband_largesig_r00,prps,1413,-37,-0.289803,4,0,4,0.01047198,0.60000,prps,3,5499
206201,206.201,1,4004,54004,lowband_largesig_r00,prps,1408,-42,-0.328616,10,0,10,0.02617994,1.50000,prps,3,5503
206221,206.221,1,4004,54004,lowband_largesig_r00,prps,1406,-44,-0.344580,15,0,15,0.03926991,2.25000,prps,3,5507
206241,206.241,1,4004,54004,lowband_largesig_r00,prps,1407,-43,-0.336473,19,0,19,0.04974188,2.85000,prps,3,5511
206261,206.261,1,4004,54004,lowband_largesig_r00,prps,1411,-39,-0.303924,21,0,21,0.05497787,3.15000,prps,3,5515
206281,206.281,1,4004,54004,lowband_largesig_r00,prps,1419,-31,-0.247204,21,0,21,0.05497787,3.15000,prps,3,5519
206301,206.301,1,4004,54004,lowband_largesig_r00,prps,1429,-21,-0.167237,21,0,21,0.05497787,3.15000,prps,3,5523
206321,206.321,1,4004,54004,lowband_largesig_r00,prps,1442,-8,-0.065818,20,0,20,0.05235988,3.00000,prps,3,5527
206341,206.341,1,4004,54004,lowband_largesig_r00,prps,1457,7,0.054023,18,0,18,0.04712389,2.70000,prps,3,5531
206361,206.361,1,4004,54004,lowband_largesig_r00,prps,1474,24,0.187648,15,0,15,0.03926991,2.25000,prps,3,5535
206381,206.381,1,4004,54004,lowband_largesig_r00,prps,1492,42,0.328582,8,0,8,0.02094395,1.20000,prps,3,5539
206401,206.401,1,4004,54004,lowband_largesig_r00,prps,1510,60,0.468554,2,0,2,0.00523599,0.30000,prps,3,5543
206421,206.421,1,4004,54004,lowband_largesig_r00,prps,1526,76,0.597912,-8,0,-8,-0.02094395,-1.20000,prps,3,5547
206441,206.441,1,4004,54004,lowband_largesig_r00,prps,1540,90,0.706421,-19,0,-19,-0.04974188,-2.85000,prps,3,5551
206461,206.461,1,4004,54004,lowband_largesig_r00,prps,1550,100,0.784373,-30,0,-30,-0.07853982,-4.50000,prps,3,5555
206481,206.481,1,4004,54004,lowband_largesig_r00,prps,1555,105,0.823865,-40,0,-40,-0.10471976,-6.00000,prps,3,5559
206501,206.501,1,4004,54004,lowband_largesig_r00,prps,1554,104,0.820030,-49,0,-49,-0.12828170,-7.35000,prps,3,5563
206521,206.521,1,4004,54004,lowband_largesig_r00,prps,1548,98,0.771989,-56,0,-56,-0.14660765,-8.40000,prps,3,5567
206541,206.541,1,4004,54004,lowband_largesig_r00,prps,1537,87,0.683331,-59,0,-59,-0.15446164,-8.85000,prps,3,5571
206561,206.561,1,4004,54004,lowband_largesig_r00,prps,1521,71,0.561967,-59,0,-59,-0.15446164,-8.85000,prps,3,5575
206581,206.581,1,4004,54004,lowband_largesig_r00,prps,1503,53,0.419324,-56,0,-56,-0.14660765,-8.40000,prps,3,5579
206601,206.601,1,4004,54004,lowband_largesig_r00,prps,1484,34,0.268953,-50,0,-50,-0.13089970,-7.50000,prps,3,5583
206621,206.621,1,4004,54004,lowband_largesig_r00,prps,1466,16,0.124722,-42,0,-42,-0.10995574,-6.30000,prps,3,5587
206641,206.641,1,4004,54004,lowband_largesig_r00,prps,1450,0,-0.001123,-33,0,-33,-0.08639380,-4.95000,prps,3,5591
206661,206.661,1,4004,54004,lowband_largesig_r00,prps,1437,-13,-0.099728,-23,0,-23,-0.06021386,-3.45000,prps,3,5595
206681,206.681,1,4004,54004,lowband_largesig_r00,prps,1429,-21,-0.166931,-12,0,-12,-0.03141592,-1.80000,prps,3,5599
206701,206.701,1,4004,54004,lowband_largesig_r00,prps,1424,-26,-0.203854,-2,0,-2,-0.00523599,-0.30000,prps,3,5603
206721,206.721,1,4004,54004,lowband_largesig_r00,prps,1422,-28,-0.216667,6,0,6,0.01570796,0.90000,prps,3,5607
206741,206.741,1,4004,54004,lowband_largesig_r00,prps,1423,-27,-0.215514,12,0,12,0.03141592,1.80000,prps,3,5611
206761,206.761,1,4004,54004,lowband_largesig_r00,prps,1423,-27,-0.212771,13,0,13,0.03403392,1.95000,prps,3,5615
206781,206.781,1,4004,54004,lowband_largesig_r00,prps,1422,-28,-0.220886,14,0,14,0.03665191,2.10000,prps,3,5619
206801,206.801,1,4004,54004,lowband_largesig_r00,prps,1418,-32,-0.250161,14,0,14,0.03665191,2.10000,prps,3,5623
206821,206.821,1,4004,54004,lowband_largesig_r00,prps,1411,-39,-0.306837,16,0,16,0.04188790,2.40000,prps,3,5627
206841,206.841,1,4004,54004,lowband_largesig_r00,prps,1400,-50,-0.391815,17,0,17,0.04450589,2.55000,prps,3,5631
206861,206.861,1,4004,54004,lowband_largesig_r00,prps,1386,-64,-0.500238,19,0,19,0.04974188,2.85000,prps,3,5635
206881,206.881,1,4004,54004,lowband_largesig_r00,prps,1371,-79,-0.622040,22,0,22,0.05759586,3.30000,prps,3,5639
206901,206.901,1,4004,54004,lowband_largesig_r00,prps,1356,-94,-0.743368,25,0,25,0.06544985,3.75000,prps,3,5643
206921,206.921,1,4004,54004,lowband_largesig_r00,prps,1342,-108,-0.848684,31,0,31,0.08115781,4.65000,prps,3,5647
206941,206.941,1,4004,54004,lowband_largesig_r00,prps,1333,-117,-0.923205,39,0,39,0.10210176,5.85000,prps,3,5651
206961,206.961,1,4004,54004,lowband_largesig_r00,prps,1329,-121,-0.955274,49,0,49,0.12828170,7.35000,prps,3,5655
206981,206.981,1,4004,54004,lowband_largesig_r00,prps,1331,-119,-0.938287,57,0,57,0.14922565,8.55000,prps,3,5659
207001,207.001,1,4004,54004,lowband_largesig_r00,prps,1339,-111,-0.871844,64,0,64,0.16755160,9.60000,prps,3,5663
207021,207.021,1,4004,54004,lowband_largesig_r00,prps,1353,-97,-0.761928,66,0,66,0.17278760,9.90000,prps,3,5667
207041,207.041,1,4004,54004,lowband_largesig_r00,prps,1371,-79,-0.620091,66,0,66,0.17278760,9.90000,prps,3,5671
207061,207.061,1,4004,54004,lowband_largesig_r00,prps,1391,-59,-0.461750,64,0,64,0.16755160,9.60000,prps,3,5675
207081,207.081,1,4004,54004,lowband_largesig_r00,prps,1411,-39,-0.303908,58,0,58,0.15184364,8.70000,prps,3,5679
207101,207.101,1,4004,54004,lowband_largesig_r00,prps,1429,-21,-0.162634,49,0,49,0.12828170,7.35000,prps,3,5683
207121,207.121,1,4004,54004,lowband_largesig_r00,prps,1444,-6,-0.050748,37,0,37,0.09686577,5.55000,prps,3,5687
207141,207.141,1,4004,54004,lowband_largesig_r00,prps,1453,3,0.023930,25,0,25,0.06544985,3.75000,prps,3,5691
207161,207.161,1,4004,54004,lowband_largesig_r00,prps,1458,8,0.059493,14,0,14,0.03665191,2.10000,prps,3,5695
207181,207.181,1,4004,54004,lowband_largesig_r00,prps,1458,8,0.059872,5,0,5,0.01308997,0.75000,prps,3,5699
207201,207.201,1,4004,54004,lowband_largesig_r00,prps,1454,4,0.033830,1,0,1,0.00261799,0.15000,prps,3,5703
207221,207.221,1,4004,54004,lowband_largesig_r00,prps,1449,-1,-0.006797,0,0,0,0.00000000,0.00000,prps,3,5707
207241,207.241,1,4004,54004,lowband_largesig_r00,prps,1444,-6,-0.049287,1,0,1,0.00261799,0.15000,prps,3,5711
207261,207.261,1,4004,54004,lowband_largesig_r00,prps,1440,-10,-0.082246,2,0,2,0.00523599,0.30000,prps,3,5715
207281,207.281,1,4004,54004,lowband_largesig_r00,prps,1438,-12,-0.097480,3,0,3,0.00785398,0.45000,prps,3,5719
207301,207.301,1,4004,54004,lowband_largesig_r00,prps,1438,-12,-0.091191,4,0,4,0.01047198,0.60000,prps,3,5723
207321,207.321,1,4004,54004,lowband_largesig_r00,prps,1442,-8,-0.064307,5,0,5,0.01308997,0.75000,prps,3,5727
207341,207.341,1,4004,54004,lowband_largesig_r00,prps,1447,-3,-0.021905,6,0,6,0.01570796,0.90000,prps,3,5731
207361,207.361,1,4004,54004,lowband_largesig_r00,prps,1454,4,0.028139,6,0,6,0.01570796,0.90000,prps,3,5735
207381,207.381,1,4004,54004,lowband_largesig_r00,prps,1460,10,0.077011,6,0,6,0.01570796,0.90000,prps,3,5739
207401,207.401,1,4004,54004,lowband_largesig_r00,prps,1465,15,0.116965,5,0,5,0.01308997,0.75000,prps,3,5743
207421,207.421,1,4004,54004,lowband_largesig_r00,prps,1468,18,0.143094,3,0,3,0.00785398,0.45000,prps,3,5747
207441,207.441,1,4004,54004,lowband_largesig_r00,prps,1470,20,0.154513,1,0,1,0.00261799,0.15000,prps,3,5751
207461,207.461,1,4004,54004,lowband_largesig_r00,prps,1470,20,0.154727,-1,0,-1,-0.00261799,-0.15000,prps,3,5755
207481,207.481,1,4004,54004,lowband_largesig_r00,prps,1469,19,0.151080,-5,0,-5,-0.01308997,-0.75000,prps,3,5759
207501,207.501,1,4004,54004,lowband_largesig_r00,prps,1469,19,0.153389,-8,0,-8,-0.02094395,-1.20000,prps,3,5763
207521,207.521,1,4004,54004,lowband_largesig_r00,prps,1472,22,0.171977,-9,0,-9,-0.02356194,-1.35000,prps,3,5767
207541,207.541,1,4004,54004,lowband_largesig_r00,prps,1477,27,0.215474,-9,0,-9,-0.02356194,-1.35000,prps,3,5771
207561,207.561,1,4004,54004,lowband_largesig_r00,prps,1487,37,0.288779,-9,0,-9,-0.02356194,-1.35000,prps,3,5775
207581,207.581,1,4004,54004,lowband_largesig_r00,prps,1500,50,0.391580,-12,0,-12,-0.03141592,-1.80000,prps,3,5779
207601,207.601,1,4004,54004,lowband_largesig_r00,prps,1516,66,0.517733,-16,0,-16,-0.04188790,-2.40000,prps,3,5783
207621,207.621,1,4004,54004,lowband_largesig_r00,prps,1533,83,0.655648,-20,0,-20,-0.05235988,-3.00000,prps,3,5787
207641,207.641,1,4004,54004,lowband_largesig_r00,prps,1550,100,0.789678,-27,0,-27,-0.07068583,-4.05000,prps,3,5791
207661,207.661,1,4004,54004,lowband_largesig_r00,prps,1565,115,0.902309,-34,0,-34,-0.08901179,-5.10000,prps,3,5795
207681,207.681,1,4004,54004,lowband_largesig_r00,prps,1574,124,0.976823,-44,0,-44,-0.11519173,-6.60000,prps,3,5799
207701,207.701,1,4004,54004,lowband_largesig_r00,prps,1577,127,1.000000,-53,0,-53,-0.13875367,-7.95000,prps,3,5803
207721,207.721,1,4004,54004,lowband_largesig_r00,prps,1572,122,0.964411,-62,0,-62,-0.16231562,-9.30000,prps,3,5807
207741,207.741,1,4004,54004,lowband_largesig_r00,prps,1560,110,0.869918,-66,0,-66,-0.17278760,-9.90000,prps,3,5811
207761,207.761,1,4004,54004,lowband_largesig_r00,prps,1542,92,0.724101,-66,0,-66,-0.17278760,-9.90000,prps,3,5815
207781,207.781,1,4004,54004,lowband_largesig_r00,prps,1519,69,0.541525,-65,0,-65,-0.17016960,-9.75000,prps,3,5819
207801,207.801,1,4004,54004,lowband_largesig_r00,prps,1493,43,0.341925,-59,0,-59,-0.15446164,-8.85000,prps,3,5823
207821,207.821,1,4004,54004,lowband_largesig_r00,prps,1469,19,0.147584,-51,0,-51,-0.13351768,-7.65000,prps,3,5827
207841,207.841,1,4004,54004,lowband_largesig_r00,prps,1447,-3,-0.019714,-41,0,-41,-0.10733775,-6.15000,prps,3,5831
207861,207.861,1,4004,54004,lowband_largesig_r00,prps,1432,-18,-0.141674,-28,0,-28,-0.07330382,-4.20000,prps,3,5835
207881,207.881,1,4004,54004,lowband_largesig_r00,prps,1424,-26,-0.205977,-14,0,-14,-0.03665191,-2.10000,prps,3,5839
207901,207.901,1,4004,54004,lowband_largesig_r00,prps,1424,-26,-0.207882,-1,0,-1,-0.00261799,-0.15000,prps,3,5843
207921,207.921,1,4004,54004,lowband_largesig_r00,prps,1431,-19,-0.150714,9,0,9,0.02356194,1.35000,prps,3,5847
207941,207.941,1,4004,54004,lowband_largesig_r00,prps,1444,-6,-0.045175,11,0,11,0.02879793,1.65000,prps,3,5851
207961,207.961,1,4004,54004,lowband_largesig_r00,prps,1462,12,0.092394,11,0,11,0.02879793,1.65000,prps,3,5855
207981,207.981,1,4004,54004,lowband_largesig_r00,prps,1481,31,0.242500,10,0,10,0.02617994,1.50000,prps,3,5859
208001,208.001,1,4004,54004,lowband_largesig_r00,prps,1499,49,0.385348,4,0,4,0.01047198,0.60000,prps,3,5863
208021,208.021,1,4004,54004,lowband_largesig_r00,prps,1514,64,0.503596,-2,0,-2,-0.00523599,-0.30000,prps,3,5867
208041,208.041,1,4004,54004,lowband_largesig_r00,prps,1524,74,0.584610,-12,0,-12,-0.03141592,-1.80000,prps,3,5871
208061,208.061,1,4004,54004,lowband_largesig_r00,prps,1529,79,0.621878,-22,0,-22,-0.05759586,-3.30000,prps,3,5875
208081,208.081,1,4004,54004,lowband_largesig_r00,prps,1528,78,0.615437,-31,0,-31,-0.08115781,-4.65000,prps,3,5879
208101,208.101,1,4004,54004,lowband_largesig_r00,prps,1523,73,0.571264,-39,0,-39,-0.10210176,-5.85000,prps,3,5883
208121,208.121,1,4004,54004,lowband_largesig_r00,prps,1513,63,0.499821,-41,0,-41,-0.10733775,-6.15000,prps,3,5887
208141,208.141,1,4004,54004,lowband_largesig_r00,prps,1503,53,0.414008,-41,0,-41,-0.10733775,-6.15000,prps,3,5891
208161,208.161,1,4004,54004,lowband_largesig_r00,prps,1492,42,0.326904,-40,0,-40,-0.10471976,-6.00000,prps,3,5895
208181,208.181,1,4004,54004,lowband_largesig_r00,prps,1482,32,0.249671,-37,0,-37,-0.09686577,-5.55000,prps,3,5899
208201,208.201,1,4004,54004,lowband_largesig_r00,prps,1474,24,0.189944,-32,0,-32,-0.08377580,-4.80000,prps,3,5903
208221,208.221,1,4004,54004,lowband_largesig_r00,prps,1469,19,0.150945,-27,0,-27,-0.07068583,-4.05000,prps,3,5907
208241,208.241,1,4004,54004,lowband_largesig_r00,prps,1467,17,0.131405,-22,0,-22,-0.05759586,-3.30000,prps,3,5911
208261,208.261,1,4004,54004,lowband_largesig_r00,prps,1466,16,0.126254,-17,0,-17,-0.04450589,-2.55000,prps,3,5915
208281,208.281,1,4004,54004,lowband_largesig_r00,prps,1466,16,0.127902,-14,0,-14,-0.03665191,-2.10000,prps,3,5919
208301,208.301,1,4004,54004,lowband_largesig_r00,prps,1466,16,0.127842,-12,0,-12,-0.03141592,-1.80000,prps,3,5923
208321,208.321,1,4004,54004,lowband_largesig_r00,prps,1465,15,0.118275,-11,0,-11,-0.02879793,-1.65000,prps,3,5927
208341,208.341,1,4004,54004,lowband_largesig_r00,prps,1462,12,0.093474,-10,0,-10,-0.02617994,-1.50000,prps,3,5931
208361,208.361,1,4004,54004,lowband_largesig_r00,prps,1456,6,0.050662,-9,0,-9,-0.02356194,-1.35000,prps,3,5935
208381,208.381,1,4004,54004,lowband_largesig_r00,prps,1449,-1,-0.009709,-8,0,-8,-0.02094395,-1.20000,prps,3,5939
208401,208.401,1,4004,54004,lowband_largesig_r00,prps,1439,-11,-0.084282,-6,0,-6,-0.01570796,-0.90000,prps,3,5943
208421,208.421,1,4004,54004,lowband_largesig_r00,prps,1429,-21,-0.167614,-4,0,-4,-0.01047198,-0.60000,prps,3,5947
208441,208.441,1,4004,54004,lowband_largesig_r00,prps,1418,-32,-0.253298,0,0,0,0.00000000,0.00000,prps,3,5951
208461,208.461,1,4004,54004,lowband_largesig_r00,prps,1407,-43,-0.335152,6,0,6,0.01570796,0.90000,prps,3,5955
208481,208.481,1,4004,54004,lowband_largesig_r00,prps,1398,-52,-0.408249,11,0,11,0.02879793,1.65000,prps,3,5959
208501,208.501,1,4004,54004,lowband_largesig_r00,prps,1390,-60,-0.469611,16,0,16,0.04188790,2.40000,prps,3,5963
208521,208.521,1,4004,54004,lowband_largesig_r00,prps,1384,-66,-0.518441,21,0,21,0.05497787,3.15000,prps,3,5967
208541,208.541,1,4004,54004,lowband_largesig_r00,prps,1379,-71,-0.555916,25,0,25,0.06544985,3.75000,prps,3,5971
208561,208.561,1,4004,54004,lowband_largesig_r00,prps,1376,-74,-0.584590,29,0,29,0.07592182,4.35000,prps,3,5975
208581,208.581,1,4004,54004,lowband_largesig_r00,prps,1373,-77,-0.607592,32,0,32,0.08377580,4.80000,prps,3,5979
208601,208.601,1,4004,54004,lowband_largesig_r00,prps,1370,-80,-0.627775,35,0,35,0.09162979,5.25000,prps,3,5983
208621,208.621,1,4004,54004,lowband_largesig_r00,prps,1368,-82,-0.647023,37,0,37,0.09686577,5.55000,prps,3,5987
208641,208.641,1,4004,54004,lowband_largesig_r00,prps,1365,-85,-0.665851,40,0,40,0.10471976,6.00000,prps,3,5991
208661,208.661,1,4004,54004,lowband_largesig_r00,prps,1363,-87,-0.683363,42,0,42,0.10995574,6.30000,prps,3,5995
208681,208.681,1,4004,54004,lowband_largesig_r00,prps,1361,-89,-0.697570,44,0,44,0.11519173,6.60000,prps,3,5999
208701,208.701,1,4004,54004,lowband_largesig_r00,prps,1360,-90,-0.705968,47,0,47,0.12304571,7.05000,prps,3,6003
208721,208.721,1,4004,54004,lowband_largesig_r00,prps,1360,-90,-0.706234,48,0,48,0.12566370,7.20000,prps,3,6007
208741,208.741,1,4004,54004,lowband_largesig_r00,prps,1361,-89,-0.696870,48,0,48,0.12566370,7.20000,prps,3,6011
208761,208.761,1,4004,54004,lowband_largesig_r00,prps,1364,-86,-0.677632,49,0,49,0.12828170,7.35000,prps,3,6015
208781,208.781,1,4004,54004,lowband_largesig_r00,prps,1367,-83,-0.649637,50,0,50,0.13089970,7.50000,prps,3,6019
208801,208.801,1,4004,54004,lowband_largesig_r00,prps,1372,-78,-0.615110,50,0,50,0.13089970,7.50000,prps,3,6023
208821,208.821,1,4004,54004,lowband_largesig_r00,prps,1377,-73,-0.576815,49,0,49,0.12828170,7.35000,prps,3,6027
208841,208.841,1,4004,54004,lowband_largesig_r00,prps,1382,-68,-0.537297,49,0,49,0.12828170,7.35000,prps,3,6031
208861,208.861,1,4004,54004,lowband_largesig_r00,prps,1387,-63,-0.498107,48,0,48,0.12566370,7.20000,prps,3,6035
208881,208.881,1,4004,54004,lowband_largesig_r00,prps,1392,-58,-0.459198,46,0,46,0.12042772,6.90000,prps,3,6039
208901,208.901,1,4004,54004,lowband_largesig_r00,prps,1397,-53,-0.418671,43,0,43,0.11257374,6.45000,prps,3,6043
208921,208.921,1,4004,54004,lowband_largesig_r00,prps,1403,-47,-0.372958,39,0,39,0.10210176,5.85000,prps,3,6047
208941,208.941,1,4004,54004,lowband_largesig_r00,prps,1410,-40,-0.317467,36,0,36,0.09424778,5.40000,prps,3,6051
208961,208.961,1,4004,54004,lowband_largesig_r00,prps,1419,-31,-0.247607,32,0,32,0.08377580,4.80000,prps,3,6055
208981,208.981,1,4004,54004,lowband_largesig_r00,prps,1430,-20,-0.160016,29,0,29,0.07592182,4.35000,prps,3,6059
209001,209.001,1,4004,54004,lowband_largesig_r00,prps,1443,-7,-0.053752,24,0,24,0.06283185,3.60000,prps,3,6063
209021,209.021,1,4004,54004,lowband_largesig_r00,prps,1459,9,0.068784,19,0,19,0.04974188,2.85000,prps,3,6067
209041,209.041,1,4004,54004,lowband_largesig_r00,prps,1476,26,0.201450,13,0,13,0.03403392,1.95000,prps,3,6071
209061,209.061,1,4004,54004,lowband_largesig_r00,prps,1492,42,0.334600,7,0,7,0.01832596,1.05000,prps,3,6075
209081,209.081,1,4004,54004,lowband_largesig_r00,prps,1508,58,0.456022,1,0,1,0.00261799,0.15000,prps,3,6079
209101,209.101,1,4004,54004,lowband_largesig_r00,prps,1520,70,0.552474,-8,0,-8,-0.02094395,-1.20000,prps,3,6083
209121,209.121,1,4004,54004,lowband_largesig_r00,prps,1528,78,0.611608,-18,0,-18,-0.04712389,-2.70000,prps,3,6087
209141,209.141,1,4004,54004,lowband_largesig_r00,prps,1529,79,0.623999,-28,0,-28,-0.07330382,-4.20000,prps,3,6091
209161,209.161,1,4004,54004,lowband_largesig_r00,prps,1524,74,0.584920,-36,0,-36,-0.09424778,-5.40000,prps,3,6095
209181,209.181,1,4004,54004,lowband_largesig_r00,prps,1513,63,0.495557,-40,0,-40,-0.10471976,-6.00000,prps,3,6099
209201,209.201,1,4004,54004,lowband_largesig_r00,prps,1496,46,0.363406,-41,0,-41,-0.10733775,-6.15000,prps,3,6103
209221,209.221,1,4004,54004,lowband_largesig_r00,prps,1476,26,0.201726,-40,0,-40,-0.10471976,-6.00000,prps,3,6107
209241,209.241,1,4004,54004,lowband_largesig_r00,prps,1454,4,0.028070,-35,0,-35,-0.09162979,-5.25000,prps,3,6111
209261,209.261,1,4004,54004,lowband_largesig_r00,prps,1432,-18,-0.137921,-27,0,-27,-0.07068583,-4.05000,prps,3,6115
209281,209.281,1,4004,54004,lowband_largesig_r00,prps,1415,-35,-0.277155,-16,0,-16,-0.04188790,-2.40000,prps,3,6119
209301,209.301,1,4004,54004,lowband_largesig_r00,prps,1403,-47,-0.373759,-5,0,-5,-0.01308997,-0.75000,prps,3,6123
209321,209.321,1,4004,54004,lowband_largesig_r00,prps,1397,-53,-0.417372,8,0,8,0.02094395,1.20000,prps,3,6127
209341,209.341,1,4004,54004,lowband_largesig_r00,prps,1399,-51,-0.404678,19,0,19,0.04974188,2.85000,prps,3,6131
209361,209.361,1,4004,54004,lowband_largesig_r00,prps,1407,-43,-0.339918,25,0,25,0.06544985,3.75000,prps,3,6135
209381,209.381,1,4004,54004,lowband_largesig_r00,prps,1420,-30,-0.234290,26,0,26,0.06806784,3.90000,prps,3,6139
209401,209.401,1,4004,54004,lowband_largesig_r00,prps,1437,-13,-0.104297,25,0,25,0.06544985,3.75000,prps,3,6143
209437,209.437,1,4004,54004,lowband_largesig_r00,prps,1454,4,0.030718,18,0,18,0.04712389,2.70000,prps,3,6147
209457,209.457,1,4004,54004,lowband_largesig_r00,prps,1469,19,0.151462,12,0,12,0.03141592,1.80000,prps,3,6151
209477,209.477,1,4004,54004,lowband_largesig_r00,prps,1481,31,0.241564,7,0,7,0.01832596,1.05000,prps,3,6155
209497,209.497,1,4004,54004,lowband_largesig_r00,prps,1487,37,0.289989,2,0,2,0.00523599,0.30000,prps,3,6159
209517,209.517,1,4004,54004,lowband_largesig_r00,prps,1487,37,0.292600,-4,0,-4,-0.01047198,-0.60000,prps,3,6163
209537,209.537,1,4004,54004,lowband_largesig_r00,prps,1482,32,0.252639,-10,0,-10,-0.02617994,-1.50000,prps,3,6167
209557,209.557,1,4004,54004,lowband_largesig_r00,prps,1473,23,0.180054,-14,0,-14,-0.03665191,-2.10000,prps,3,6171
209577,209.577,1,4004,54004,lowband_largesig_r00,prps,1461,11,0.089795,-17,0,-17,-0.04450589,-2.55000,prps,3,6175
209597,209.597,1,4004,54004,lowband_largesig_r00,prps,1450,0,-0.000644,-16,0,-16,-0.04188790,-2.40000,prps,3,6179
209617,209.617,1,4004,54004,lowband_largesig_r00,prps,1441,-9,-0.074017,-13,0,-13,-0.03403392,-1.95000,prps,3,6183
209637,209.637,1,4004,54004,lowband_largesig_r00,prps,1435,-15,-0.116019,-8,0,-8,-0.02094395,-1.20000,prps,3,6187
209657,209.657,1,4004,54004,lowband_largesig_r00,prps,1435,-15,-0.117431,-2,0,-2,-0.00523599,-0.30000,prps,3,6191
209677,209.677,1,4004,54004,lowband_largesig_r00,prps,1440,-10,-0.075384,3,0,3,0.00785398,0.45000,prps,3,6195
209697,209.697,1,4004,54004,lowband_largesig_r00,prps,1451,1,0.006422,6,0,6,0.01570796,0.90000,prps,3,6199
209717,209.717,1,4004,54004,lowband_largesig_r00,prps,1465,15,0.118577,7,0,7,0.01832596,1.05000,prps,3,6203
209737,209.737,1,4004,54004,lowband_largesig_r00,prps,1481,31,0.247708,5,0,5,0.01308997,0.75000,prps,3,6207
209757,209.757,1,4004,54004,lowband_largesig_r00,prps,1498,48,0.378788,2,0,2,0.00523599,0.30000,prps,3,6211
209777,209.777,1,4004,54004,lowband_largesig_r00,prps,1513,63,0.497623,-3,0,-3,-0.00785398,-0.45000,prps,3,6215
209797,209.797,1,4004,54004,lowband_largesig_r00,prps,1525,75,0.593070,-13,0,-13,-0.03403392,-1.95000,prps,3,6219
209817,209.817,1,4004,54004,lowband_largesig_r00,prps,1534,84,0.658617,-23,0,-23,-0.06021386,-3.45000,prps,3,6223
209837,209.837,1,4004,54004,lowband_largesig_r00,prps,1538,88,0.693093,-32,0,-32,-0.08377580,-4.80000,prps,3,6227
209857,209.857,1,4004,54004,lowband_largesig_r00,prps,1539,89,0.700384,-41,0,-41,-0.10733775,-6.15000,prps,3,6231
209877,209.877,1,4004,54004,lowband_largesig_r00,prps,1537,87,0.688270,-46,0,-46,-0.12042772,-6.90000,prps,3,6235
209897,209.897,1,4004,54004,lowband_largesig_r00,prps,1535,85,0.666593,-48,0,-48,-0.12566370,-7.20000,prps,3,6239
209917,209.917,1,4004,54004,lowband_largesig_r00,prps,1532,82,0.645127,-49,0,-49,-0.12828170,-7.35000,prps,3,6243
209937,209.937,1,4004,54004,lowband_largesig_r00,prps,1530,80,0.631537,-48,0,-48,-0.12566370,-7.20000,prps,3,6247
209957,209.957,1,4004,54004,lowband_largesig_r00,prps,1530,80,0.629809,-47,0,-47,-0.12304571,-7.05000,prps,3,6251
209977,209.977,1,4004,54004,lowband_largesig_r00,prps,1531,81,0.639434,-47,0,-47,-0.12304571,-7.05000,prps,3,6255
209997,209.997,1,4004,54004,lowband_largesig_r00,prps,1533,83,0.655498,-47,0,-47,-0.12304571,-7.05000,prps,3,6259
210017,210.017,1,4004,54004,lowband_largesig_r00,prps,1535,85,0.669653,-47,0,-47,-0.12304571,-7.05000,prps,3,6263
210037,210.037,1,4004,54004,lowband_largesig_r00,prps,1535,85,0.671792,-47,0,-47,-0.12304571,-7.05000,prps,3,6267
210057,210.057,1,4004,54004,lowband_largesig_r00,prps,1533,83,0.652118,-47,0,-47,-0.12304571,-7.05000,prps,3,6271
210077,210.077,1,4004,54004,lowband_largesig_r00,prps,1527,77,0.603222,-47,0,-47,-0.12304571,-7.05000,prps,3,6275
210097,210.097,1,4004,54004,lowband_largesig_r00,prps,1516,66,0.521793,-47,0,-47,-0.12304571,-7.05000,prps,3,6279
210117,210.117,1,4004,54004,lowband_largesig_r00,prps,1502,52,0.409620,-45,0,-45,-0.11780972,-6.75000,prps,3,6283
210137,210.137,1,4004,54004,lowband_largesig_r00,prps,1485,35,0.273706,-42,0,-42,-0.10995574,-6.30000,prps,3,6287
210157,210.157,1,4004,54004,lowband_largesig_r00,prps,1466,16,0.125433,-37,0,-37,-0.09686577,-5.55000,prps,3,6291
210177,210.177,1,4004,54004,lowband_largesig_r00,prps,1447,-3,-0.021074,-30,0,-30,-0.07853982,-4.50000,prps,3,6295
210197,210.197,1,4004,54004,lowband_largesig_r00,prps,1431,-19,-0.151138,-22,0,-22,-0.05759586,-3.30000,prps,3,6299
210217,210.217,1,4004,54004,lowband_largesig_r00,prps,1418,-32,-0.251887,-11,0,-11,-0.02879793,-1.65000,prps,3,6303
210237,210.237,1,4004,54004,lowband_largesig_r00,prps,1410,-40,-0.314378,0,0,0,0.00000000,0.00000,prps,3,6307
210257,210.257,1,4004,54004,lowband_largesig_r00,prps,1407,-43,-0.335128,10,0,10,0.02617994,1.50000,prps,3,6311
210277,210.277,1,4004,54004,lowband_largesig_r00,prps,1410,-40,-0.316758,18,0,18,0.04712389,2.70000,prps,3,6315
210297,210.297,1,4004,54004,lowband_largesig_r00,prps,1416,-34,-0.267663,21,0,21,0.05497787,3.15000,prps,3,6319
210317,210.317,1,4004,54004,lowband_largesig_r00,prps,1425,-25,-0.200719,21,0,21,0.05497787,3.15000,prps,3,6323
210337,210.337,1,4004,54004,lowband_largesig_r00,prps,1433,-17,-0.131256,20,0,20,0.05235988,3.00000,prps,3,6327
210357,210.357,1,4004,54004,lowband_largesig_r00,prps,1441,-9,-0.074619,18,0,18,0.04712389,2.70000,prps,3,6331
210377,210.377,1,4004,54004,lowband_largesig_r00,prps,1444,-6,-0.043726,16,0,16,0.04188790,2.40000,prps,3,6335
210397,210.397,1,4004,54004,lowband_largesig_r00,prps,1444,-6,-0.047017,12,0,12,0.03141592,1.80000,prps,3,6339
210417,210.417,1,4004,54004,lowband_largesig_r00,prps,1439,-11,-0.087143,10,0,10,0.02617994,1.50000,prps,3,6343
210437,210.437,1,4004,54004,lowband_largesig_r00,prps,1430,-20,-0.160587,8,0,8,0.02094395,1.20000,prps,3,6347
210457,210.457,1,4004,54004,lowband_largesig_r00,prps,1417,-33,-0.258299,8,0,8,0.02094395,1.20000,prps,3,6351
210477,210.477,1,4004,54004,lowband_largesig_r00,prps,1403,-47,-0.367210,9,0,9,0.02356194,1.35000,prps,3,6355
210497,210.497,1,4004,54004,lowband_largesig_r00,prps,1390,-60,-0.472385,12,0,12,0.03141592,1.80000,prps,3,6359
210517,210.517,1,4004,54004,lowband_largesig_r00,prps,1379,-71,-0.559451,18,0,18,0.04712389,2.70000,prps,3,6363
210537,210.537,1,4004,54004,lowband_largesig_r00,prps,1372,-78,-0.616902,24,0,24,0.06283185,3.60000,prps,3,6367
210557,210.557,1,4004,54004,lowband_largesig_r00,prps,1369,-81,-0.637916,29,0,29,0.07592182,4.35000,prps,3,6371
210577,210.577,1,4004,54004,lowband_largesig_r00,prps,1371,-79,-0.621402,34,0,34,0.08901179,5.10000,prps,3,6375
210597,210.597,1,4004,54004,lowband_largesig_r00,prps,1377,-73,-0.572109,38,0,38,0.09948376,5.70000,prps,3,6379
210617,210.617,1,4004,54004,lowband_largesig_r00,prps,1387,-63,-0.499831,41,0,41,0.10733775,6.15000,prps,3,6383
210637,210.637,1,4004,54004,lowband_largesig_r00,prps,1397,-53,-0.417828,41,0,41,0.10733775,6.15000,prps,3,6387
210657,210.657,1,4004,54004,lowband_largesig_r00,prps,1407,-43,-0.340754,39,0,39,0.10210176,5.85000,prps,3,6391
210677,210.677,1,4004,54004,lowband_largesig_r00,prps,1414,-36,-0.282420,37,0,37,0.09686577,5.55000,prps,3,6395
210697,210.697,1,4004,54004,lowband_largesig_r00,prps,1418,-32,-0.253766,32,0,32,0.08377580,4.80000,prps,3,6399
210717,210.717,1,4004,54004,lowband_largesig_r00,prps,1417,-33,-0.261316,27,0,27,0.07068583,4.05000,prps,3,6403
210737,210.737,1,4004,54004,lowband_largesig_r00,prps,1411,-39,-0.306367,23,0,23,0.06021386,3.45000,prps,3,6407
210757,210.757,1,4004,54004,lowband_largesig_r00,prps,1401,-49,-0.384959,21,0,21,0.05497787,3.15000,prps,3,6411
210777,210.777,1,4004,54004,lowband_largesig_r00,prps,1388,-62,-0.488617,21,0,21,0.05497787,3.15000,prps,3,6415
210797,210.797,1,4004,54004,lowband_largesig_r00,prps,1373,-77,-0.605672,22,0,22,0.05759586,3.30000,prps,3,6419
210817,210.817,1,4004,54004,lowband_largesig_r00,prps,1358,-92,-0.722929,25,0,25,0.06544985,3.75000,prps,3,6423
210837,210.837,1,4004,54004,lowband_largesig_r00,prps,1345,-105,-0.827402,32,0,32,0.08377580,4.80000,prps,3,6427
210857,210.857,1,4004,54004,lowband_largesig_r00,prps,1335,-115,-0.907842,40,0,40,0.10471976,6.00000,prps,3,6431
210877,210.877,1,4004,54004,lowband_largesig_r00,prps,1329,-121,-0.955858,49,0,49,0.12828170,7.35000,prps,3,6435
210897,210.897,1,4004,54004,lowband_largesig_r00,prps,1327,-123,-0.966504,57,0,57,0.14922565,8.55000,prps,3,6439
210917,210.917,1,4004,54004,lowband_largesig_r00,prps,1331,-119,-0.938336,64,0,64,0.16755160,9.60000,prps,3,6443
210937,210.937,1,4004,54004,lowband_largesig_r00,prps,1339,-111,-0.872998,67,0,67,0.17540560,10.05000,prps,3,6447
210957,210.957,1,4004,54004,lowband_largesig_r00,prps,1352,-98,-0.774504,67,0,67,0.17540560,10.05000,prps,3,6451
210977,210.977,1,4004,54004,lowband_largesig_r00,prps,1368,-82,-0.648409,67,0,67,0.17540560,10.05000,prps,3,6455
210997,210.997,1,4004,54004,lowband_largesig_r00,prps,1386,-64,-0.501022,66,0,66,0.17278760,9.90000,prps,3,6459
211017,211.017,1,4004,54004,lowband_largesig_r00,prps,1407,-43,-0.338837,61,0,61,0.15969762,9.15000,prps,3,6463
211037,211.037,1,4004,54004,lowband_largesig_r00,prps,1429,-21,-0.168217,52,0,52,0.13613568,7.80000,prps,3,6467
211057,211.057,1,4004,54004,lowband_largesig_r00,prps,1451,1,0.004656,41,0,41,0.10733775,6.15000,prps,3,6471
211077,211.077,1,4004,54004,lowband_largesig_r00,prps,1472,22,0.173644,27,0,27,0.07068583,4.05000,prps,3,6475
211097,211.097,1,4004,54004,lowband_largesig_r00,prps,1492,42,0.332472,13,0,13,0.03403392,1.95000,prps,3,6479
211117,211.117,1,4004,54004,lowband_largesig_r00,prps,1510,60,0.474618,1,0,1,0.00261799,0.15000,prps,3,6483
211137,211.137,1,4004,54004,lowband_largesig_r00,prps,1525,75,0.593412,-11,0,-11,-0.02879793,-1.65000,prps,3,6487
211157,211.157,1,4004,54004,lowband_largesig_r00,prps,1537,87,0.682398,-22,0,-22,-0.05759586,-3.30000,prps,3,6491
211177,211.177,1,4004,54004,lowband_largesig_r00,prps,1543,93,0.735967,-32,0,-32,-0.08377580,-4.80000,prps,3,6495
211197,211.197,1,4004,54004,lowband_largesig_r00,prps,1545,95,0.750150,-42,0,-42,-0.10995574,-6.30000,prps,3,6499
211217,211.217,1,4004,54004,lowband_largesig_r00,prps,1542,92,0.723465,-48,0,-48,-0.12566370,-7.20000,prps,3,6503
211237,211.237,1,4004,54004,lowband_largesig_r00,prps,1534,84,0.657591,-50,0,-50,-0.13089970,-7.50000,prps,3,6507
211257,211.257,1,4004,54004,lowband_largesig_r00,prps,1521,71,0.557733,-50,0,-50,-0.13089970,-7.50000,prps,3,6511
211277,211.277,1,4004,54004,lowband_largesig_r00,prps,1505,55,0.432502,-49,0,-49,-0.12828170,-7.35000,prps,3,6515
211297,211.297,1,4004,54004,lowband_largesig_r00,prps,1487,37,0.293277,-47,0,-47,-0.12304571,-7.05000,prps,3,6519
211317,211.317,1,4004,54004,lowband_largesig_r00,prps,1469,19,0.153062,-41,0,-41,-0.10733775,-6.15000,prps,3,6523
211337,211.337,1,4004,54004,lowband_largesig_r00,prps,1453,3,0.024982,-33,0,-33,-0.08639380,-4.95000,prps,3,6527
211357,211.357,1,4004,54004,lowband_largesig_r00,prps,1440,-10,-0.079372,-24,0,-24,-0.06283185,-3.60000,prps,3,6531
211377,211.377,1,4004,54004,lowband_largesig_r00,prps,1431,-19,-0.151492,-13,0,-13,-0.03403392,-1.95000,prps,3,6535
211397,211.397,1,4004,54004,lowband_largesig_r00,prps,1426,-24,-0.187119,-4,0,-4,-0.01047198,-0.60000,prps,3,6539
211417,211.417,1,4004,54004,lowband_largesig_r00,prps,1426,-24,-0.186827,5,0,5,0.01308997,0.75000,prps,3,6543
211437,211.437,1,4004,54004,lowband_largesig_r00,prps,1430,-20,-0.155874,11,0,11,0.02879793,1.65000,prps,3,6547
211457,211.457,1,4004,54004,lowband_largesig_r00,prps,1437,-13,-0.103326,12,0,12,0.03141592,1.80000,prps,3,6551
211477,211.477,1,4004,54004,lowband_largesig_r00,prps,1445,-5,-0.040569,12,0,12,0.03141592,1.80000,prps,3,6555
211497,211.497,1,4004,54004,lowband_largesig_r00,prps,1453,3,0.020575,12,0,12,0.03141592,1.80000,prps,3,6559
211517,211.517,1,4004,54004,lowband_largesig_r00,prps,1459,9,0.069810,11,0,11,0.02879793,1.65000,prps,3,6563
211537,211.537,1,4004,54004,lowband_largesig_r00,prps,1463,13,0.100078,8,0,8,0.02094395,1.20000,prps,3,6567
211557,211.557,1,4004,54004,lowband_largesig_r00,prps,1464,14,0.108717,6,0,6,0.01570796,0.90000,prps,3,6571
211577,211.577,1,4004,54004,lowband_largesig_r00,prps,1462,12,0.097856,3,0,3,0.00785398,0.45000,prps,3,6575
211597,211.597,1,4004,54004,lowband_largesig_r00,prps,1459,9,0.073949,1,0,1,0.00261799,0.15000,prps,3,6579
211617,211.617,1,4004,54004,lowband_largesig_r00,prps,1456,6,0.046516,-1,0,-1,-0.00261799,-0.15000,prps,3,6583
211637,211.637,1,4004,54004,lowband_largesig_r00,prps,1453,3,0.026288,-1,0,-1,-0.00261799,-0.15000,prps,3,6587
211657,211.657,1,4004,54004,lowband_largesig_r00,prps,1453,3,0.023072,-1,0,-1,-0.00261799,-0.15000,prps,3,6591
211677,211.677,1,4004,54004,lowband_largesig_r00,prps,1456,6,0.043706,-1,0,-1,-0.00261799,-0.15000,prps,3,6595
211697,211.697,1,4004,54004,lowband_largesig_r00,prps,1461,11,0.090476,-1,0,-1,-0.00261799,-0.15000,prps,3,6599
211717,211.717,1,4004,54004,lowband_largesig_r00,prps,1470,20,0.160304,-1,0,-1,-0.00261799,-0.15000,prps,3,6603
211737,211.737,1,4004,54004,lowband_largesig_r00,prps,1481,31,0.244871,-1,0,-1,-0.00261799,-0.15000,prps,3,6607
211757,211.757,1,4004,54004,lowband_largesig_r00,prps,1492,42,0.331708,-4,0,-4,-0.01047198,-0.60000,prps,3,6611
211777,211.777,1,4004,54004,lowband_largesig_r00,prps,1502,52,0.406101,-9,0,-9,-0.02356194,-1.35000,prps,3,6615
211797,211.797,1,4004,54004,lowband_largesig_r00,prps,1508,58,0.453510,-14,0,-14,-0.03665191,-2.10000,prps,3,6619
211817,211.817,1,4004,54004,lowband_largesig_r00,prps,1509,59,0.462120,-19,0,-19,-0.04974188,-2.85000,prps,3,6623
211837,211.837,1,4004,54004,lowband_largesig_r00,prps,1504,54,0.425076,-24,0,-24,-0.06283185,-3.60000,prps,3,6627
211857,211.857,1,4004,54004,lowband_largesig_r00,prps,1493,43,0.342021,-27,0,-27,-0.07068583,-4.05000,prps,3,6631
211877,211.877,1,4004,54004,lowband_largesig_r00,prps,1478,28,0.219644,-27,0,-27,-0.07068583,-4.05000,prps,3,6635
211897,211.897,1,4004,54004,lowband_largesig_r00,prps,1459,9,0.071105,-26,0,-26,-0.06806784,-3.90000,prps,3,6639
211917,211.917,1,4004,54004,lowband_largesig_r00,prps,1439,-11,-0.085611,-22,0,-22,-0.05759586,-3.30000,prps,3,6643
211937,211.937,1,4004,54004,lowband_largesig_r00,prps,1421,-29,-0.230168,-15,0,-15,-0.03926991,-2.25000,prps,3,6647
211957,211.957,1,4004,54004,lowband_largesig_r00,prps,1406,-44,-0.342830,-6,0,-6,-0.01570796,-0.90000,prps,3,6651
211977,211.977,1,4004,54004,lowband_largesig_r00,prps,1398,-52,-0.407400,5,0,5,0.01308997,0.75000,prps,3,6655
211997,211.997,1,4004,54004,lowband_largesig_r00,prps,1397,-53,-0.413698,15,0,15,0.03926991,2.25000,prps,3,6659
212017,212.017,1,4004,54004,lowband_largesig_r00,prps,1404,-46,-0.359176,23,0,23,0.06021386,3.45000,prps,3,6663
212037,212.037,1,4004,54004,lowband_largesig_r00,prps,1418,-32,-0.249389,24,0,24,0.06283185,3.60000,prps,3,6667
212057,212.057,1,4004,54004,lowband_largesig_r00,prps,1438,-12,-0.097255,24,0,24,0.06283185,3.60000,prps,3,6671
212077,212.077,1,4004,54004,lowband_largesig_r00,prps,1460,10,0.078806,22,0,22,0.05759586,3.30000,prps,3,6675
212097,212.097,1,4004,54004,lowband_largesig_r00,prps,1483,33,0.257544,16,0,16,0.04188790,2.40000,prps,3,6679
212117,212.117,1,4004,54004,lowband_largesig_r00,prps,1503,53,0.417966,8,0,8,0.02094395,1.20000,prps,3,6683
212137,212.137,1,4004,54004,lowband_largesig_r00,prps,1519,69,0.542340,-1,0,-1,-0.00261799,-0.15000,prps,3,6687
212157,212.157,1,4004,54004,lowband_largesig_r00,prps,1529,79,0.618650,-13,0,-13,-0.03403392,-1.95000,prps,3,6691
212177,212.177,1,4004,54004,lowband_largesig_r00,prps,1532,82,0.642136,-25,0,-25,-0.06544985,-3.75000,prps,3,6695
212197,212.197,1,4004,54004,lowband_largesig_r00,prps,1528,78,0.615683,-36,0,-36,-0.09424778,-5.40000,prps,3,6699
212217,212.217,1,4004,54004,lowband_largesig_r00,prps,1520,70,0.549039,-42,0,-42,-0.10995574,-6.30000,prps,3,6703
212237,212.237,1,4004,54004,lowband_largesig_r00,prps,1508,58,0.457002,-43,0,-43,-0.11257374,-6.45000,prps,3,6707
212257,212.257,1,4004,54004,lowband_largesig_r00,prps,1495,45,0.356897,-42,0,-42,-0.10995574,-6.30000,prps,3,6711
212277,212.277,1,4004,54004,lowband_largesig_r00,prps,1484,34,0.265779,-40,0,-40,-0.10471976,-6.00000,prps,3,6715
212297,212.297,1,4004,54004,lowband_largesig_r00,prps,1475,25,0.197795,-34,0,-34,-0.08901179,-5.10000,prps,3,6719
212317,212.317,1,4004,54004,lowband_largesig_r00,prps,1471,21,0.162151,-28,0,-28,-0.07330382,-4.20000,prps,3,6723
212337,212.337,1,4004,54004,lowband_largesig_r00,prps,1471,21,0.161976,-23,0,-23,-0.06021386,-3.45000,prps,3,6727
212357,212.357,1,4004,54004,lowband_largesig_r00,prps,1475,25,0.194221,-17,0,-17,-0.04450589,-2.55000,prps,3,6731
212377,212.377,1,4004,54004,lowband_largesig_r00,prps,1482,32,0.250592,-15,0,-15,-0.03926991,-2.25000,prps,3,6735
212397,212.397,1,4004,54004,lowband_largesig_r00,prps,1491,41,0.319284,-15,0,-15,-0.03926991,-2.25000,prps,3,6739
212417,212.417,1,4004,54004,lowband_largesig_r00,prps,1499,49,0.387211,-16,0,-16,-0.04188790,-2.40000,prps,3,6743
212437,212.437,1,4004,54004,lowband_largesig_r00,prps,1506,56,0.442306,-17,0,-17,-0.04450589,-2.55000,prps,3,6747
212457,212.457,1,4004,54004,lowband_largesig_r00,prps,1510,60,0.475521,-21,0,-21,-0.05497787,-3.15000,prps,3,6751
212477,212.477,1,4004,54004,lowband_largesig_r00,prps,1511,61,0.482162,-25,0,-25,-0.06544985,-3.75000,prps,3,6755
212497,212.497,1,4004,54004,lowband_largesig_r00,prps,1509,59,0.462387,-28,0,-28,-0.07330382,-4.20000,prps,3,6759
212517,212.517,1,4004,54004,lowband_largesig_r00,prps,1503,53,0.420788,-30,0,-30,-0.07853982,-4.50000,prps,3,6763
212537,212.537,1,4004,54004,lowband_largesig_r00,prps,1496,46,0.365200,-31,0,-31,-0.08115781,-4.65000,prps,3,6767
212557,212.557,1,4004,54004,lowband_largesig_r00,prps,1489,39,0.304963,-30,0,-30,-0.07853982,-4.50000,prps,3,6771
212577,212.577,1,4004,54004,lowband_largesig_r00,prps,1482,32,0.248995,-29,0,-29,-0.07592182,-4.35000,prps,3,6775
212597,212.597,1,4004,54004,lowband_largesig_r00,prps,1476,26,0.204032,-27,0,-27,-0.07068583,-4.05000,prps,3,6779
212617,212.617,1,4004,54004,lowband_largesig_r00,prps,1472,22,0.173359,-25,0,-25,-0.06544985,-3.75000,prps,3,6783
212637,212.637,1,4004,54004,lowband_largesig_r00,prps,1470,20,0.156275,-21,0,-21,-0.05497787,-3.15000,prps,3,6787
212657,212.657,1,4004,54004,lowband_largesig_r00,prps,1469,19,0.148354,-18,0,-18,-0.04712389,-2.70000,prps,3,6791
212677,212.677,1,4004,54004,lowband_largesig_r00,prps,1468,18,0.142464,-16,0,-16,-0.04188790,-2.40000,prps,3,6795
212697,212.697,1,4004,54004,lowband_largesig_r00,prps,1467,17,0.130334,-16,0,-16,-0.04188790,-2.40000,prps,3,6799
212717,212.717,1,4004,54004,lowband_largesig_r00,prps,1463,13,0.104357,-15,0,-15,-0.03926991,-2.25000,prps,3,6803
212737,212.737,1,4004,54004,lowband_largesig_r00,prps,1458,8,0.059311,-14,0,-14,-0.03665191,-2.10000,prps,3,6807
212757,212.757,1,4004,54004,lowband_largesig_r00,prps,1449,-1,-0.006365,-11,0,-11,-0.02879793,-1.65000,prps,3,6811
212777,212.777,1,4004,54004,lowband_largesig_r00,prps,1439,-11,-0.089960,-8,0,-8,-0.02094395,-1.20000,prps,3,6815
212797,212.797,1,4004,54004,lowband_largesig_r00,prps,1427,-23,-0.184678,-4,0,-4,-0.01047198,-0.60000,prps,3,6819
212817,212.817,1,4004,54004,lowband_largesig_r00,prps,1414,-36,-0.280615,1,0,1,0.00261799,0.15000,prps,3,6823
212837,212.837,1,4004,54004,lowband_largesig_r00,prps,1403,-47,-0.366348,7,0,7,0.01832596,1.05000,prps,3,6827
212857,212.857,1,4004,54004,lowband_largesig_r00,prps,1395,-55,-0.430876,13,0,13,0.03403392,1.95000,prps,3,6831
212877,212.877,1,4004,54004,lowband_largesig_r00,prps,1391,-59,-0.465556,19,0,19,0.04974188,2.85000,prps,3,6835
212897,212.897,1,4004,54004,lowband_largesig_r00,prps,1391,-59,-0.465716,23,0,23,0.06021386,3.45000,prps,3,6839
212917,212.917,1,4004,54004,lowband_largesig_r00,prps,1395,-55,-0.431634,26,0,26,0.06806784,3.90000,prps,3,6843
212937,212.937,1,4004,54004,lowband_largesig_r00,prps,1403,-47,-0.368719,27,0,27,0.07068583,4.05000,prps,3,6847
212957,212.957,1,4004,54004,lowband_largesig_r00,prps,1414,-36,-0.286847,27,0,27,0.07068583,4.05000,prps,3,6851
212977,212.977,1,4004,54004,lowband_largesig_r00,prps,1425,-25,-0.198952,27,0,27,0.07068583,4.05000,prps,3,6855
212997,212.997,1,4004,54004,lowband_largesig_r00,prps,1435,-15,-0.119104,25,0,25,0.06544985,3.75000,prps,3,6859
213017,213.017,1,4004,54004,lowband_largesig_r00,prps,1442,-8,-0.060383,21,0,21,0.05497787,3.15000,prps,3,6863
213037,213.037,1,4004,54004,lowband_largesig_r00,prps,1446,-4,-0.032902,16,0,16,0.04188790,2.40000,prps,3,6867
213057,213.057,1,4004,54004,lowband_largesig_r00,prps,1445,-5,-0.042291,12,0,12,0.03141592,1.80000,prps,3,6871
213077,213.077,1,4004,54004,lowband_largesig_r00,prps,1439,-11,-0.088883,10,0,10,0.02617994,1.50000,prps,3,6875
213097,213.097,1,4004,54004,lowband_largesig_r00,prps,1429,-21,-0.167716,8,0,8,0.02094395,1.20000,prps,3,6879
213117,213.117,1,4004,54004,lowband_largesig_r00,prps,1416,-34,-0.269337,8,0,8,0.02094395,1.20000,prps,3,6883
213137,213.137,1,4004,54004,lowband_largesig_r00,prps,1402,-48,-0.381254,10,0,10,0.02617994,1.50000,prps,3,6887
213157,213.157,1,4004,54004,lowband_largesig_r00,prps,1388,-62,-0.489793,13,0,13,0.03403392,1.95000,prps,3,6891
213177,213.177,1,4004,54004,lowband_largesig_r00,prps,1376,-74,-0.582040,19,0,19,0.04974188,2.85000,prps,3,6895
213197,213.197,1,4004,54004,lowband_largesig_r00,prps,1368,-82,-0.647582,25,0,25,0.06544985,3.75000,prps,3,6899
213217,213.217,1,4004,54004,lowband_largesig_r00,prps,1364,-86,-0.679768,30,0,30,0.07853982,4.50000,prps,3,6903
213237,213.237,1,4004,54004,lowband_largesig_r00,prps,1364,-86,-0.676331,36,0,36,0.09424778,5.40000,prps,3,6907
213257,213.257,1,4004,54004,lowband_largesig_r00,prps,1369,-81,-0.639330,41,0,41,0.10733775,6.15000,prps,3,6911
213277,213.277,1,4004,54004,lowband_largesig_r00,prps,1377,-73,-0.574449,44,0,44,0.11519173,6.60000,prps,3,6915
213297,213.297,1,4004,54004,lowband_largesig_r00,prps,1388,-62,-0.489856,45,0,45,0.11780972,6.75000,prps,3,6919
213317,213.317,1,4004,54004,lowband_largesig_r00,prps,1400,-50,-0.394814,44,0,44,0.11519173,6.60000,prps,3,6923
213337,213.337,1,4004,54004,lowband_largesig_r00,prps,1412,-38,-0.298326,42,0,42,0.10995574,6.30000,prps,3,6927
213357,213.357,1,4004,54004,lowband_largesig_r00,prps,1424,-26,-0.208009,37,0,37,0.09686577,5.55000,prps,3,6931
213377,213.377,1,4004,54004,lowband_largesig_r00,prps,1434,-16,-0.129377,30,0,30,0.07853982,4.50000,prps,3,6935
213397,213.397,1,4004,54004,lowband_largesig_r00,prps,1442,-8,-0.065588,23,0,23,0.06021386,3.45000,prps,3,6939
213417,213.417,1,4004,54004,lowband_largesig_r00,prps,1448,-2,-0.017637,16,0,16,0.04188790,2.40000,prps,3,6943
213437,213.437,1,4004,54004,lowband_largesig_r00,prps,1452,2,0.015121,11,0,11,0.02879793,1.65000,prps,3,6947
213457,213.457,1,4004,54004,lowband_largesig_r00,prps,1454,4,0.034277,8,0,8,0.02094395,1.20000,prps,3,6951
213477,213.477,1,4004,54004,lowband_largesig_r00,prps,1455,5,0.041687,5,0,5,0.01308997,0.75000,prps,3,6955
213497,213.497,1,4004,54004,lowband_largesig_r00,prps,1455,5,0.038963,4,0,4,0.01047198,0.60000,prps,3,6959
213517,213.517,1,4004,54004,lowband_largesig_r00,prps,1453,3,0.027241,4,0,4,0.01047198,0.60000,prps,3,6963
213537,213.537,1,4004,54004,lowband_largesig_r00,prps,1451,1,0.007246,4,0,4,0.01047198,0.60000,prps,3,6967
213557,213.557,1,4004,54004,lowband_largesig_r00,prps,1447,-3,-0.020377,4,0,4,0.01047198,0.60000,prps,3,6971
213577,213.577,1,4004,54004,lowband_largesig_r00,prps,1443,-7,-0.054612,4,0,4,0.01047198,0.60000,prps,3,6975
213597,213.597,1,4004,54004,lowband_largesig_r00,prps,1438,-12,-0.093624,4,0,4,0.01047198,0.60000,prps,3,6979
213617,213.617,1,4004,54004,lowband_largesig_r00,prps,1433,-17,-0.134495,5,0,5,0.01308997,0.75000,prps,3,6983
213637,213.637,1,4004,54004,lowband_largesig_r00,prps,1428,-22,-0.173253,5,0,5,0.01308997,0.75000,prps,3,6987
213657,213.657,1,4004,54004,lowband_largesig_r00,prps,1424,-26,-0.205243,7,0,7,0.01832596,1.05000,prps,3,6991
213677,213.677,1,4004,54004,lowband_largesig_r00,prps,1421,-29,-0.225828,9,0,9,0.02356194,1.35000,prps,3,6995
213697,213.697,1,4004,54004,lowband_largesig_r00,prps,1421,-29,-0.231283,11,0,11,0.02879793,1.65000,prps,3,6999
213717,213.717,1,4004,54004,lowband_largesig_r00,prps,1422,-28,-0.219727,12,0,12,0.03141592,1.80000,prps,3,7003
213737,213.737,1,4004,54004,lowband_largesig_r00,prps,1426,-24,-0.191873,13,0,13,0.03403392,1.95000,prps,3,7007
213757,213.757,1,4004,54004,lowband_largesig_r00,prps,1431,-19,-0.151406,14,0,14,0.03665191,2.10000,prps,3,7011
213777,213.777,1,4004,54004,lowband_largesig_r00,prps,1437,-13,-0.104837,14,0,14,0.03665191,2.10000,prps,3,7015
213797,213.797,1,4004,54004,lowband_largesig_r00,prps,1442,-8,-0.060794,14,0,14,0.03665191,2.10000,prps,3,7019
213817,213.817,1,4004,54004,lowband_largesig_r00,prps,1446,-4,-0.028797,14,0,14,0.03665191,2.10000,prps,3,7023
213837,213.837,1,4004,54004,lowband_largesig_r00,prps,1448,-2,-0.017673,14,0,14,0.03665191,2.10000,prps,3,7027
213857,213.857,1,4004,54004,lowband_largesig_r00,prps,1446,-4,-0.033877,12,0,12,0.03141592,1.80000,prps,3,7031
213877,213.877,1,4004,54004,lowband_largesig_r00,prps,1440,-10,-0.080003,9,0,9,0.02356194,1.35000,prps,3,7035
213897,213.897,1,4004,54004,lowband_largesig_r00,prps,1430,-20,-0.153773,7,0,7,0.01832596,1.05000,prps,3,7039
213917,213.917,1,4004,54004,lowband_largesig_r00,prps,1419,-31,-0.247740,8,0,8,0.02094395,1.20000,prps,3,7043
213937,213.937,1,4004,54004,lowband_largesig_r00,prps,1406,-44,-0.349832,10,0,10,0.02617994,1.50000,prps,3,7047
213957,213.957,1,4004,54004,lowband_largesig_r00,prps,1394,-56,-0.444712,13,0,13,0.03403392,1.95000,prps,3,7051
213977,213.977,1,4004,54004,lowband_largesig_r00,prps,1384,-66,-0.515813,18,0,18,0.04712389,2.70000,prps,3,7055
213997,213.997,1,4004,54004,lowband_largesig_r00,prps,1380,-70,-0.547751,24,0,24,0.06283185,3.60000,prps,3,7059
214017,214.017,1,4004,54004,lowband_largesig_r00,prps,1383,-67,-0.528764,27,0,27,0.07068583,4.05000,prps,3,7063
214037,214.037,1,4004,54004,lowband_largesig_r00,prps,1392,-58,-0.452762,31,0,31,0.08115781,4.65000,prps,3,7067
214057,214.057,1,4004,54004,lowband_largesig_r00,prps,1409,-41,-0.320665,33,0,33,0.08639380,4.95000,prps,3,7071
214077,214.077,1,4004,54004,lowband_largesig_r00,prps,1432,-18,-0.140736,32,0,32,0.08377580,4.80000,prps,3,7075
214097,214.097,1,4004,54004,lowband_largesig_r00,prps,1459,9,0.072163,30,0,30,0.07853982,4.50000,prps,3,7079
214117,214.117,1,4004,54004,lowband_largesig_r00,prps,1488,38,0.298334,21,0,21,0.05497787,3.15000,prps,3,7083
214137,214.137,1,4004,54004,lowband_largesig_r00,prps,1516,66,0.515806,9,0,9,0.02356194,1.35000,prps,3,7087
214157,214.157,1,4004,54004,lowband_largesig_r00,prps,1539,89,0.703293,-2,0,-2,-0.00523599,-0.30000,prps,3,7091
214177,214.177,1,4004,54004,lowband_largesig_r00,prps,1557,107,0.843138,-17,0,-17,-0.04450589,-2.55000,prps,3,7095
214197,214.197,1,4004,54004,lowband_largesig_r00,prps,1567,117,0.923756,-33,0,-33,-0.08639380,-4.95000,prps,3,7099
214217,214.217,1,4004,54004,lowband_largesig_r00,prps,1570,120,0.941205,-48,0,-48,-0.12566370,-7.20000,prps,3,7103
214237,214.237,1,4004,54004,lowband_largesig_r00,prps,1564,114,0.899630,-60,0,-60,-0.15707964,-9.00000,prps,3,7107
214257,214.257,1,4004,54004,lowband_largesig_r00,prps,1553,103,0.810494,-64,0,-64,-0.16755160,-9.60000,prps,3,7111
214277,214.277,1,4004,54004,lowband_largesig_r00,prps,1538,88,0.690727,-64,0,-64,-0.16755160,-9.60000,prps,3,7115
214297,214.297,1,4004,54004,lowband_largesig_r00,prps,1521,71,0.560058,-62,0,-62,-0.16231562,-9.30000,prps,3,7119
214317,214.317,1,4004,54004,lowband_largesig_r00,prps,1506,56,0.437975,-58,0,-58,-0.15184364,-8.70000,prps,3,7123
214337,214.337,1,4004,54004,lowband_largesig_r00,prps,1493,43,0.340782,-51,0,-51,-0.13351768,-7.65000,prps,3,7127
214357,214.357,1,4004,54004,lowband_largesig_r00,prps,1485,35,0.279213,-43,0,-43,-0.11257374,-6.45000,prps,3,7131
214377,214.377,1,4004,54004,lowband_largesig_r00,prps,1483,33,0.256994,-36,0,-36,-0.09424778,-5.40000,prps,3,7135
214397,214.397,1,4004,54004,lowband_largesig_r00,prps,1484,34,0.270550,-29,0,-29,-0.07592182,-4.35000,prps,3,7139
214417,214.417,1,4004,54004,lowband_largesig_r00,prps,1489,39,0.309907,-24,0,-24,-0.06283185,-3.60000,prps,3,7143
214437,214.437,1,4004,54004,lowband_largesig_r00,prps,1496,46,0.360599,-21,0,-21,-0.05497787,-3.15000,prps,3,7147
214457,214.457,1,4004,54004,lowband_largesig_r00,prps,1502,52,0.406284,-21,0,-21,-0.05497787,-3.15000,prps,3,7151
214477,214.477,1,4004,54004,lowband_largesig_r00,prps,1505,55,0.431590,-22,0,-22,-0.05759586,-3.30000,prps,3,7155
214497,214.497,1,4004,54004,lowband_largesig_r00,prps,1504,54,0.424744,-24,0,-24,-0.06283185,-3.60000,prps,3,7159
214517,214.517,1,4004,54004,lowband_largesig_r00,prps,1498,48,0.379540,-25,0,-25,-0.06544985,-3.75000,prps,3,7163
214537,214.537,1,4004,54004,lowband_largesig_r00,prps,1488,38,0.296327,-26,0,-26,-0.06806784,-3.90000,prps,3,7167
214557,214.557,1,4004,54004,lowband_largesig_r00,prps,1473,23,0.181875,-26,0,-26,-0.06806784,-3.90000,prps,3,7171
214577,214.577,1,4004,54004,lowband_largesig_r00,prps,1456,6,0.048149,-25,0,-25,-0.06544985,-3.75000,prps,3,7175
214597,214.597,1,4004,54004,lowband_largesig_r00,prps,1439,-11,-0.089768,-21,0,-21,-0.05497787,-3.15000,prps,3,7179
214617,214.617,1,4004,54004,lowband_largesig_r00,prps,1423,-27,-0.216257,-14,0,-14,-0.03665191,-2.10000,prps,3,7183
214637,214.637,1,4004,54004,lowband_largesig_r00,prps,1410,-40,-0.317789,-5,0,-5,-0.01308997,-0.75000,prps,3,7187
214657,214.657,1,4004,54004,lowband_largesig_r00,prps,1401,-49,-0.385155,6,0,6,0.01570796,0.90000,prps,3,7191
214677,214.677,1,4004,54004,lowband_largesig_r00,prps,1397,-53,-0.414923,15,0,15,0.03926991,2.25000,prps,3,7195
214697,214.697,1,4004,54004,lowband_largesig_r00,prps,1398,-52,-0.409887,23,0,23,0.06021386,3.45000,prps,3,7199
214717,214.717,1,4004,54004,lowband_largesig_r00,prps,1402,-48,-0.378442,27,0,27,0.07068583,4.05000,prps,3,7203
214737,214.737,1,4004,54004,lowband_largesig_r00,prps,1408,-42,-0.332994,28,0,28,0.07330382,4.20000,prps,3,7207
214757,214.757,1,4004,54004,lowband_largesig_r00,prps,1413,-37,-0.287712,28,0,28,0.07330382,4.20000,prps,3,7211
214777,214.777,1,4004,54004,lowband_largesig_r00,prps,1417,-33,-0.255981,27,0,27,0.07068583,4.05000,prps,3,7215
214797,214.797,1,4004,54004,lowband_largesig_r00,prps,1419,-31,-0.248019,25,0,25,0.06544985,3.75000,prps,3,7219
214817,214.817,1,4004,54004,lowband_largesig_r00,prps,1416,-34,-0.269048,22,0,22,0.05759586,3.30000,prps,3,7223
214837,214.837,1,4004,54004,lowband_largesig_r00,prps,1410,-40,-0.318322,19,0,19,0.04974188,2.85000,prps,3,7227
214857,214.857,1,4004,54004,lowband_largesig_r00,prps,1401,-49,-0.389179,20,0,20,0.05235988,3.00000,prps,3,7231
214877,214.877,1,4004,54004,lowband_largesig_r00,prps,1390,-60,-0.470085,20,0,20,0.05235988,3.00000,prps,3,7235
214897,214.897,1,4004,54004,lowband_largesig_r00,prps,1381,-69,-0.546498,23,0,23,0.06021386,3.45000,prps,3,7239
214917,214.917,1,4004,54004,lowband_largesig_r00,prps,1373,-77,-0.603219,26,0,26,0.06806784,3.90000,prps,3,7243
214937,214.937,1,4004,54004,lowband_largesig_r00,prps,1370,-80,-0.626845,30,0,30,0.07853982,4.50000,prps,3,7247
214957,214.957,1,4004,54004,lowband_largesig_r00,prps,1373,-77,-0.607915,34,0,34,0.08901179,5.10000,prps,3,7251
214977,214.977,1,4004,54004,lowband_largesig_r00,prps,1381,-69,-0.542405,38,0,38,0.09948376,5.70000,prps,3,7255
214997,214.997,1,4004,54004,lowband_largesig_r00,prps,1395,-55,-0.432353,40,0,40,0.10471976,6.00000,prps,3,7259
215017,215.017,1,4004,54004,lowband_largesig_r00,prps,1414,-36,-0.285518,39,0,39,0.10210176,5.85000,prps,3,7263
215037,215.037,1,4004,54004,lowband_largesig_r00,prps,1435,-15,-0.114192,37,0,37,0.09686577,5.55000,prps,3,7267
215057,215.057,1,4004,54004,lowband_largesig_r00,prps,1458,8,0.066649,30,0,30,0.07853982,4.50000,prps,3,7271
215077,215.077,1,4004,54004,lowband_largesig_r00,prps,1481,31,0.241491,20,0,20,0.05235988,3.00000,prps,3,7275
215097,215.097,1,4004,54004,lowband_largesig_r00,prps,1500,50,0.396396,8,0,8,0.02094395,1.20000,prps,3,7279
215117,215.117,1,4004,54004,lowband_largesig_r00,prps,1516,66,0.520721,-2,0,-2,-0.00523599,-0.30000,prps,3,7283
215137,215.137,1,4004,54004,lowband_largesig_r00,prps,1527,77,0.608196,-13,0,-13,-0.03403392,-1.95000,prps,3,7287
215157,215.157,1,4004,54004,lowband_largesig_r00,prps,1533,83,0.657229,-25,0,-25,-0.06544985,-3.75000,prps,3,7291
215177,215.177,1,4004,54004,lowband_largesig_r00,prps,1535,85,0.670436,-35,0,-35,-0.09162979,-5.25000,prps,3,7295
215197,215.197,1,4004,54004,lowband_largesig_r00,prps,1533,83,0.653557,-43,0,-43,-0.11257374,-6.45000,prps,3,7299
215217,215.217,1,4004,54004,lowband_largesig_r00,prps,1528,78,0.613978,-46,0,-46,-0.12042772,-6.90000,prps,3,7303
215237,215.237,1,4004,54004,lowband_largesig_r00,prps,1521,71,0.559178,-47,0,-47,-0.12304571,-7.05000,prps,3,7307
215257,215.257,1,4004,54004,lowband_largesig_r00,prps,1513,63,0.495393,-46,0,-46,-0.12042772,-6.90000,prps,3,7311
215277,215.277,1,4004,54004,lowband_largesig_r00,prps,1504,54,0.426732,-44,0,-44,-0.11519173,-6.60000,prps,3,7315
215297,215.297,1,4004,54004,lowband_largesig_r00,prps,1495,45,0.354887,-41,0,-41,-0.10733775,-6.15000,prps,3,7319
215317,215.317,1,4004,54004,lowband_largesig_r00,prps,1485,35,0.279467,-38,0,-38,-0.09948376,-5.70000,prps,3,7323
215337,215.337,1,4004,54004,lowband_largesig_r00,prps,1475,25,0.198833,-34,0,-34,-0.08901179,-5.10000,prps,3,7327
215357,215.357,1,4004,54004,lowband_largesig_r00,prps,1464,14,0.111245,-29,0,-29,-0.07592182,-4.35000,prps,3,7331
215377,215.377,1,4004,54004,lowband_largesig_r00,prps,1452,2,0.016060,-23,0,-23,-0.06021386,-3.45000,prps,3,7335
215397,215.397,1,4004,54004,lowband_largesig_r00,prps,1439,-11,-0.085297,-16,0,-16,-0.04188790,-2.40000,prps,3,7339
215417,215.417,1,4004,54004,lowband_largesig_r00,prps,1426,-24,-0.188798,-10,0,-10,-0.02617994,-1.50000,prps,3,7343
215437,215.437,1,4004,54004,lowband_largesig_r00,prps,1413,-37,-0.287858,-3,0,-3,-0.00785398,-0.45000,prps,3,7347
215457,215.457,1,4004,54004,lowband_largesig_r00,prps,1403,-47,-0.373981,5,0,5,0.01308997,0.75000,prps,3,7351
215477,215.477,1,4004,54004,lowband_largesig_r00,prps,1394,-56,-0.437910,13,0,13,0.03403392,1.95000,prps,3,7355
215497,215.497,1,4004,54004,lowband_largesig_r00,prps,1390,-60,-0.471082,19,0,19,0.04974188,2.85000,prps,3,7359
215517,215.517,1,4004,54004,lowband_largesig_r00,prps,1391,-59,-0.467133,24,0,24,0.06283185,3.60000,prps,3,7363
215537,215.537,1,4004,54004,lowband_largesig_r00,prps,1396,-54,-0.423172,27,0,27,0.07068583,4.05000,prps,3,7367
215557,215.557,1,4004,54004,lowband_largesig_r00,prps,1407,-43,-0.340592,27,0,27,0.07068583,4.05000,prps,3,7371
215577,215.577,1,4004,54004,lowband_largesig_r00,prps,1421,-29,-0.225244,27,0,27,0.07068583,4.05000,prps,3,7375
215597,215.597,1,4004,54004,lowband_largesig_r00,prps,1439,-11,-0.086933,26,0,26,0.06806784,3.90000,prps,3,7379
215617,215.617,1,4004,54004,lowband_largesig_r00,prps,1458,8,0.061710,23,0,23,0.06021386,3.45000,prps,3,7383
215637,215.637,1,4004,54004,lowband_largesig_r00,prps,1476,26,0.206792,16,0,16,0.04188790,2.40000,prps,3,7387
215657,215.657,1,4004,54004,lowband_largesig_r00,prps,1493,43,0.334925,8,0,8,0.02094395,1.20000,prps,3,7391
215677,215.677,1,4004,54004,lowband_largesig_r00,prps,1505,55,0.434903,1,0,1,0.00261799,0.15000,prps,3,7395
215697,215.697,1,4004,54004,lowband_largesig_r00,prps,1513,63,0.499036,-9,0,-9,-0.02356194,-1.35000,prps,3,7399
215717,215.717,1,4004,54004,lowband_largesig_r00,prps,1517,67,0.523930,-18,0,-18,-0.04712389,-2.70000,prps,3,7403
215737,215.737,1,4004,54004,lowband_largesig_r00,prps,1515,65,0.510625,-27,0,-27,-0.07068583,-4.05000,prps,3,7407
215757,215.757,1,4004,54004,lowband_largesig_r00,prps,1509,59,0.464086,-32,0,-32,-0.08377580,-4.80000,prps,3,7411
215777,215.777,1,4004,54004,lowband_largesig_r00,prps,1500,50,0.392182,-35,0,-35,-0.09162979,-5.25000,prps,3,7415
215797,215.797,1,4004,54004,lowband_largesig_r00,prps,1489,39,0.304325,-34,0,-34,-0.08901179,-5.10000,prps,3,7419
215817,215.817,1,4004,54004,lowband_largesig_r00,prps,1477,27,0.210054,-33,0,-33,-0.08639380,-4.95000,prps,3,7423
215837,215.837,1,4004,54004,lowband_largesig_r00,prps,1465,15,0.117760,-29,0,-29,-0.07592182,-4.35000,prps,3,7427
215857,215.857,1,4004,54004,lowband_largesig_r00,prps,1454,4,0.033793,-23,0,-23,-0.06021386,-3.45000,prps,3,7431
215877,215.877,1,4004,54004,lowband_largesig_r00,prps,1445,-5,-0.037964,-17,0,-17,-0.04450589,-2.55000,prps,3,7435
215897,215.897,1,4004,54004,lowband_largesig_r00,prps,1438,-12,-0.096020,-11,0,-11,-0.02879793,-1.65000,prps,3,7439
215917,215.917,1,4004,54004,lowband_largesig_r00,prps,1432,-18,-0.140774,-5,0,-5,-0.01308997,-0.75000,prps,3,7443
215937,215.937,1,4004,54004,lowband_largesig_r00,prps,1428,-22,-0.173747,1,0,1,0.00261799,0.15000,prps,3,7447
215957,215.957,1,4004,54004,lowband_largesig_r00,prps,1425,-25,-0.196751,6,0,6,0.01570796,0.90000,prps,3,7451
215977,215.977,1,4004,54004,lowband_largesig_r00,prps,1423,-27,-0.211175,10,0,10,0.02617994,1.50000,prps,3,7455
215997,215.997,1,4004,54004,lowband_largesig_r00,prps,1422,-28,-0.217570,13,0,13,0.03403392,1.95000,prps,3,7459
216017,216.017,1,4004,54004,lowband_largesig_r00,prps,1423,-27,-0.215590,14,0,14,0.03665191,2.10000,prps,3,7463
216037,216.037,1,4004,54004,lowband_largesig_r00,prps,1424,-26,-0.204323,14,0,14,0.03665191,2.10000,prps,3,7467
216057,216.057,1,4004,54004,lowband_largesig_r00,prps,1427,-23,-0.182882,14,0,14,0.03665191,2.10000,prps,3,7471
216077,216.077,1,4004,54004,lowband_largesig_r00,prps,1431,-19,-0.151121,14,0,14,0.03665191,2.10000,prps,3,7475
216097,216.097,1,4004,54004,lowband_largesig_r00,prps,1436,-14,-0.110274,14,0,14,0.03665191,2.10000,prps,3,7479
216117,216.117,1,4004,54004,lowband_largesig_r00,prps,1442,-8,-0.063325,14,0,14,0.03665191,2.10000,prps,3,7483
216137,216.137,1,4004,54004,lowband_largesig_r00,prps,1448,-2,-0.014985,14,0,14,0.03665191,2.10000,prps,3,7487
216157,216.157,1,4004,54004,lowband_largesig_r00,prps,1454,4,0.028792,12,0,12,0.03141592,1.80000,prps,3,7491
216177,216.177,1,4004,54004,lowband_largesig_r00,prps,1458,8,0.061695,10,0,10,0.02617994,1.50000,prps,3,7495
216197,216.197,1,4004,54004,lowband_largesig_r00,prps,1460,10,0.078217,7,0,7,0.01832596,1.05000,prps,3,7499
216217,216.217,1,4004,54004,lowband_largesig_r00,prps,1460,10,0.074859,5,0,5,0.01308997,0.75000,prps,3,7503
216237,216.237,1,4004,54004,lowband_largesig_r00,prps,1456,6,0.051143,3,0,3,0.00785398,0.45000,prps,3,7507
216257,216.257,1,4004,54004,lowband_largesig_r00,prps,1451,1,0.010192,1,0,1,0.00261799,0.15000,prps,3,7511
216277,216.277,1,4004,54004,lowband_largesig_r00,prps,1445,-5,-0.041300,1,0,1,0.00261799,0.15000,prps,3,7515
216297,216.297,1,4004,54004,lowband_largesig_r00,prps,1438,-12,-0.093766,2,0,2,0.00523599,0.30000,prps,3,7519
216317,216.317,1,4004,54004,lowband_largesig_r00,prps,1433,-17,-0.136093,3,0,3,0.00785398,0.45000,prps,3,7523
216337,216.337,1,4004,54004,lowband_largesig_r00,prps,1430,-20,-0.157392,4,0,4,0.01047198,0.60000,prps,3,7527
216357,216.357,1,4004,54004,lowband_largesig_r00,prps,1431,-19,-0.148932,6,0,6,0.01570796,0.90000,prps,3,7531
216377,216.377,1,4004,54004,lowband_largesig_r00,prps,1437,-13,-0.105919,8,0,8,0.02094395,1.20000,prps,3,7535
216397,216.397,1,4004,54004,lowband_largesig_r00,prps,1446,-4,-0.028777,9,0,9,0.02356194,1.35000,prps,3,7539
216417,216.417,1,4004,54004,lowband_largesig_r00,prps,1460,10,0.076337,9,0,9,0.02356194,1.35000,prps,3,7543
216437,216.437,1,4004,54004,lowband_largesig_r00,prps,1475,25,0.197934,8,0,8,0.02094395,1.20000,prps,3,7547
216457,216.457,1,4004,54004,lowband_largesig_r00,prps,1491,41,0.320520,4,0,4,0.01047198,0.60000,prps,3,7551
216477,216.477,1,4004,54004,lowband_largesig_r00,prps,1504,54,0.426696,-1,0,-1,-0.00261799,-0.15000,prps,3,7555
216497,216.497,1,4004,54004,lowband_largesig_r00,prps,1513,63,0.499736,-9,0,-9,-0.02356194,-1.35000,prps,3,7559
216517,216.517,1,4004,54004,lowband_largesig_r00,prps,1517,67,0.526251,-17,0,-17,-0.04450589,-2.55000,prps,3,7563
216537,216.537,1,4004,54004,lowband_largesig_r00,prps,1513,63,0.498507,-26,0,-26,-0.06806784,-3.90000,prps,3,7567
216557,216.557,1,4004,54004,lowband_largesig_r00,prps,1503,53,0.415997,-32,0,-32,-0.08377580,-4.80000,prps,3,7571
216577,216.577,1,4004,54004,lowband_largesig_r00,prps,1486,36,0.285984,-35,0,-35,-0.09162979,-5.25000,prps,3,7575
216597,216.597,1,4004,54004,lowband_largesig_r00,prps,1466,16,0.122866,-33,0,-33,-0.08639380,-4.95000,prps,3,7579
216617,216.617,1,4004,54004,lowband_largesig_r00,prps,1443,-7,-0.053583,-29,0,-29,-0.07592182,-4.35000,prps,3,7583
216637,216.637,1,4004,54004,lowband_largesig_r00,prps,1422,-28,-0.220867,-20,0,-20,-0.05235988,-3.00000,prps,3,7587
216657,216.657,1,4004,54004,lowband_largesig_r00,prps,1405,-45,-0.356930,-10,0,-10,-0.02617994,-1.50000,prps,3,7591
216677,216.677,1,4004,54004,lowband_largesig_r00,prps,1394,-56,-0.443357,3,0,3,0.00785398,0.45000,prps,3,7595
216697,216.697,1,4004,54004,lowband_largesig_r00,prps,1391,-59,-0.468111,15,0,15,0.03926991,2.25000,prps,3,7599
216717,216.717,1,4004,54004,lowband_largesig_r00,prps,1396,-54,-0.427377,25,0,25,0.06544985,3.75000,prps,3,7603
216737,216.737,1,4004,54004,lowband_largesig_r00,prps,1409,-41,-0.326214,27,0,27,0.07068583,4.05000,prps,3,7607
216757,216.757,1,4004,54004,lowband_largesig_r00,prps,1427,-23,-0.177894,27,0,27,0.07068583,4.05000,prps,3,7611
216777,216.777,1,4004,54004,lowband_largesig_r00,prps,1450,0,-0.002018,26,0,26,0.06806784,3.90000,prps,3,7615
216797,216.797,1,4004,54004,lowband_largesig_r00,prps,1473,23,0.178298,21,0,21,0.05497787,3.15000,prps,3,7619
216817,216.817,1,4004,54004,lowband_largesig_r00,prps,1493,43,0.339762,12,0,12,0.03141592,1.80000,prps,3,7623
216837,216.837,1,4004,54004,lowband_largesig_r00,prps,1509,59,0.462226,4,0,4,0.01047198,0.60000,prps,3,7627
216857,216.857,1,4004,54004,lowband_largesig_r00,prps,1518,68,0.531507,-6,0,-6,-0.01570796,-0.90000,prps,3,7631
216877,216.877,1,4004,54004,lowband_largesig_r00,prps,1519,69,0.541258,-18,0,-18,-0.04712389,-2.70000,prps,3,7635
216897,216.897,1,4004,54004,lowband_largesig_r00,prps,1513,63,0.493628,-28,0,-28,-0.07330382,-4.20000,prps,3,7639
216917,216.917,1,4004,54004,lowband_largesig_r00,prps,1501,51,0.398621,-34,0,-34,-0.08901179,-5.10000,prps,3,7643
216937,216.937,1,4004,54004,lowband_largesig_r00,prps,1485,35,0.272282,-37,0,-37,-0.09686577,-5.55000,prps,3,7647
216957,216.957,1,4004,54004,lowband_largesig_r00,prps,1467,17,0.134022,-34,0,-34,-0.08901179,-5.10000,prps,3,7651
216977,216.977,1,4004,54004,lowband_largesig_r00,prps,1450,0,0.003516,-29,0,-29,-0.07592182,-4.35000,prps,3,7655
216997,216.997,1,4004,54004,lowband_largesig_r00,prps,1437,-13,-0.102326,-20,0,-20,-0.05235988,-3.00000,prps,3,7659
217017,217.017,1,4004,54004,lowband_largesig_r00,prps,1428,-22,-0.171827,-11,0,-11,-0.02879793,-1.65000,prps,3,7663
217037,217.037,1,4004,54004,lowband_largesig_r00,prps,1425,-25,-0.200101,-2,0,-2,-0.00523599,-0.30000,prps,3,7667
217057,217.057,1,4004,54004,lowband_largesig_r00,prps,1426,-24,-0.189455,6,0,6,0.01570796,0.90000,prps,3,7671
217077,217.077,1,4004,54004,lowband_largesig_r00,prps,1431,-19,-0.148628,12,0,12,0.03141592,1.80000,prps,3,7675
217097,217.097,1,4004,54004,lowband_largesig_r00,prps,1438,-12,-0.091031,14,0,14,0.03665191,2.10000,prps,3,7679
217117,217.117,1,4004,54004,lowband_largesig_r00,prps,1446,-4,-0.032305,14,0,14,0.03665191,2.10000,prps,3,7683
217137,217.137,1,4004,54004,lowband_largesig_r00,prps,1452,2,0.012376,12,0,12,0.03141592,1.80000,prps,3,7687
217157,217.157,1,4004,54004,lowband_largesig_r00,prps,1454,4,0.030799,9,0,9,0.02356194,1.35000,prps,3,7691
217177,217.177,1,4004,54004,lowband_largesig_r00,prps,1452,2,0.015613,7,0,7,0.01832596,1.05000,prps,3,7695
217197,217.197,1,4004,54004,lowband_largesig_r00,prps,1446,-4,-0.034668,5,0,5,0.01308997,0.75000,prps,3,7699
217217,217.217,1,4004,54004,lowband_largesig_r00,prps,1435,-15,-0.115675,4,0,4,0.01047198,0.60000,prps,3,7703
217237,217.237,1,4004,54004,lowband_largesig_r00,prps,1422,-28,-0.218173,5,0,5,0.01308997,0.75000,prps,3,7707
217257,217.257,1,4004,54004,lowband_largesig_r00,prps,1408,-42,-0.329805,7,0,7,0.01832596,1.05000,prps,3,7711
217277,217.277,1,4004,54004,lowband_largesig_r00,prps,1394,-56,-0.437279,11,0,11,0.02879793,1.65000,prps,3,7715
217297,217.297,1,4004,54004,lowband_largesig_r00,prps,1383,-67,-0.528595,15,0,15,0.03926991,2.25000,prps,3,7719
217317,217.317,1,4004,54004,lowband_largesig_r00,prps,1374,-76,-0.594929,22,0,22,0.05759586,3.30000,prps,3,7723
217337,217.337,1,4004,54004,lowband_largesig_r00,prps,1370,-80,-0.631870,26,0,26,0.06806784,3.90000,prps,3,7727
217357,217.357,1,4004,54004,lowband_largesig_r00,prps,1369,-81,-0.639832,32,0,32,0.08377580,4.80000,prps,3,7731
217377,217.377,1,4004,54004,lowband_largesig_r00,prps,1371,-79,-0.623590,37,0,37,0.09686577,5.55000,prps,3,7735
217397,217.397,1,4004,54004,lowband_largesig_r00,prps,1375,-75,-0.591088,40,0,40,0.10471976,6.00000,prps,3,7739
217417,217.417,1,4004,54004,lowband_largesig_r00,prps,1380,-70,-0.551745,41,0,41,0.10733775,6.15000,prps,3,7743
217437,217.437,1,4004,54004,lowband_largesig_r00,prps,1385,-65,-0.514595,41,0,41,0.10733775,6.15000,prps,3,7747
217457,217.457,1,4004,54004,lowband_largesig_r00,prps,1388,-62,-0.486604,41,0,41,0.10733775,6.15000,prps,3,7751
217477,217.477,1,4004,54004,lowband_largesig_r00,prps,1390,-60,-0.471455,40,0,40,0.10471976,6.00000,prps,3,7755
217497,217.497,1,4004,54004,lowband_largesig_r00,prps,1390,-60,-0.469024,40,0,40,0.10471976,6.00000,prps,3,7759
217517,217.517,1,4004,54004,lowband_largesig_r00,prps,1390,-60,-0.475590,39,0,39,0.10210176,5.85000,prps,3,7763
217537,217.537,1,4004,54004,lowband_largesig_r00,prps,1388,-62,-0.484744,37,0,37,0.09686577,5.55000,prps,3,7767
217557,217.557,1,4004,54004,lowband_largesig_r00,prps,1388,-62,-0.488783,36,0,36,0.09424778,5.40000,prps,3,7771
217577,217.577,1,4004,54004,lowband_largesig_r00,prps,1389,-61,-0.480338,36,0,36,0.09424778,5.40000,prps,3,7775
217597,217.597,1,4004,54004,lowband_largesig_r00,prps,1392,-58,-0.453900,36,0,36,0.09424778,5.40000,prps,3,7779
217617,217.617,1,4004,54004,lowband_largesig_r00,prps,1398,-52,-0.406992,36,0,36,0.09424778,5.40000,prps,3,7783
217637,217.637,1,4004,54004,lowband_largesig_r00,prps,1407,-43,-0.340745,33,0,33,0.08639380,4.95000,prps,3,7787
217657,217.657,1,4004,54004,lowband_largesig_r00,prps,1417,-33,-0.259803,30,0,30,0.07853982,4.50000,prps,3,7791
217677,217.677,1,4004,54004,lowband_largesig_r00,prps,1428,-22,-0.171574,27,0,27,0.07068583,4.05000,prps,3,7795
217697,217.697,1,4004,54004,lowband_largesig_r00,prps,1439,-11,-0.084971,24,0,24,0.06283185,3.60000,prps,3,7799
217717,217.717,1,4004,54004,lowband_largesig_r00,prps,1449,-1,-0.008892,18,0,18,0.04712389,2.70000,prps,3,7803
217737,217.737,1,4004,54004,lowband_largesig_r00,prps,1456,6,0.049295,14,0,14,0.03665191,2.10000,prps,3,7807
217757,217.757,1,4004,54004,lowband_largesig_r00,prps,1461,11,0.084985,10,0,10,0.02617994,1.50000,prps,3,7811
217777,217.777,1,4004,54004,lowband_largesig_r00,prps,1462,12,0.097064,7,0,7,0.01832596,1.05000,prps,3,7815
217797,217.797,1,4004,54004,lowband_largesig_r00,prps,1461,11,0.088023,4,0,4,0.01047198,0.60000,prps,3,7819
217817,217.817,1,4004,54004,lowband_largesig_r00,prps,1458,8,0.063447,1,0,1,0.00261799,0.15000,prps,3,7823
217837,217.837,1,4004,54004,lowband_largesig_r00,prps,1454,4,0.030989,0,0,0,0.00000000,0.00000,prps,3,7827
217857,217.857,1,4004,54004,lowband_largesig_r00,prps,1450,0,-0.000969,0,0,0,0.00000000,0.00000,prps,3,7831
217877,217.877,1,4004,54004,lowband_largesig_r00,prps,1447,-3,-0.024725,0,0,0,0.00000000,0.00000,prps,3,7835
217897,217.897,1,4004,54004,lowband_largesig_r00,prps,1446,-4,-0.034469,1,0,1,0.00261799,0.15000,prps,3,7839
217917,217.917,1,4004,54004,lowband_largesig_r00,prps,1447,-3,-0.027099,1,0,1,0.00261799,0.15000,prps,3,7843
217937,217.937,1,4004,54004,lowband_largesig_r00,prps,1450,0,-0.002499,2,0,2,0.00523599,0.30000,prps,3,7847
217957,217.957,1,4004,54004,lowband_largesig_r00,prps,1455,5,0.036732,3,0,3,0.00785398,0.45000,prps,3,7851
217977,217.977,1,4004,54004,lowband_largesig_r00,prps,1461,11,0.086034,3,0,3,0.00785398,0.45000,prps,3,7855
217997,217.997,1,4004,54004,lowband_largesig_r00,prps,1468,18,0.139949,3,0,3,0.00785398,0.45000,prps,3,7859
218017,218.017,1,4004,54004,lowband_largesig_r00,prps,1475,25,0.193266,2,0,2,0.00523599,0.30000,prps,3,7863
218037,218.037,1,4004,54004,lowband_largesig_r00,prps,1481,31,0.242019,1,0,1,0.00261799,0.15000,prps,3,7867
218057,218.057,1,4004,54004,lowband_largesig_r00,prps,1486,36,0.284143,-2,0,-2,-0.00523599,-0.30000,prps,3,7871
218077,218.077,1,4004,54004,lowband_largesig_r00,prps,1491,41,0.319659,-7,0,-7,-0.01832596,-1.05000,prps,3,7875
218097,218.097,1,4004,54004,lowband_largesig_r00,prps,1494,44,0.350365,-11,0,-11,-0.02879793,-1.65000,prps,3,7879
218117,218.117,1,4004,54004,lowband_largesig_r00,prps,1498,48,0.379110,-15,0,-15,-0.03926991,-2.25000,prps,3,7883
218137,218.137,1,4004,54004,lowband_largesig_r00,prps,1502,52,0.408797,-19,0,-19,-0.04974188,-2.85000,prps,3,7887
218157,218.157,1,4004,54004,lowband_largesig_r00,prps,1506,56,0.441357,-23,0,-23,-0.06021386,-3.45000,prps,3,7891
218177,218.177,1,4004,54004,lowband_largesig_r00,prps,1511,61,0.476895,-26,0,-26,-0.06806784,-3.90000,prps,3,7895
218197,218.197,1,4004,54004,lowband_largesig_r00,prps,1515,65,0.513214,-28,0,-28,-0.07330382,-4.20000,prps,3,7899
218217,218.217,1,4004,54004,lowband_largesig_r00,prps,1519,69,0.545841,-30,0,-30,-0.07853982,-4.50000,prps,3,7903
218237,218.237,1,4004,54004,lowband_largesig_r00,prps,1522,72,0.568571,-32,0,-32,-0.08377580,-4.80000,prps,3,7907
218257,218.257,1,4004,54004,lowband_largesig_r00,prps,1523,73,0.574453,-34,0,-34,-0.08901179,-5.10000,prps,3,7911
218277,218.277,1,4004,54004,lowband_largesig_r00,prps,1521,71,0.557048,-36,0,-36,-0.09424778,-5.40000,prps,3,7915
218297,218.297,1,4004,54004,lowband_largesig_r00,prps,1515,65,0.511730,-38,0,-38,-0.09948376,-5.70000,prps,3,7919
218317,218.317,1,4004,54004,lowband_largesig_r00,prps,1505,55,0.436771,-38,0,-38,-0.09948376,-5.70000,prps,3,7923
218337,218.337,1,4004,54004,lowband_largesig_r00,prps,1492,42,0.334015,-37,0,-37,-0.09686577,-5.55000,prps,3,7927
218357,218.357,1,4004,54004,lowband_largesig_r00,prps,1477,27,0.208972,-37,0,-37,-0.09686577,-5.55000,prps,3,7931
218377,218.377,1,4004,54004,lowband_largesig_r00,prps,1459,9,0.070311,-33,0,-33,-0.08639380,-4.95000,prps,3,7935
218397,218.397,1,4004,54004,lowband_largesig_r00,prps,1441,-9,-0.071203,-25,0,-25,-0.06544985,-3.75000,prps,3,7939
218417,218.417,1,4004,54004,lowband_largesig_r00,prps,1424,-26,-0.204133,-16,0,-16,-0.04188790,-2.40000,prps,3,7943
218437,218.437,1,4004,54004,lowband_largesig_r00,prps,1410,-40,-0.317941,-7,0,-7,-0.01832596,-1.05000,prps,3,7947
218457,218.457,1,4004,54004,lowband_largesig_r00,prps,1399,-51,-0.404412,4,0,4,0.01047198,0.60000,prps,3,7951
218477,218.477,1,4004,54004,lowband_largesig_r00,prps,1392,-58,-0.458711,14,0,14,0.03665191,2.10000,prps,3,7955
218497,218.497,1,4004,54004,lowband_largesig_r00,prps,1389,-61,-0.479864,23,0,23,0.06021386,3.45000,prps,3,7959
218517,218.517,1,4004,54004,lowband_largesig_r00,prps,1390,-60,-0.470611,28,0,28,0.07330382,4.20000,prps,3,7963
218537,218.537,1,4004,54004,lowband_largesig_r00,prps,1395,-55,-0.436647,29,0,29,0.07592182,4.35000,prps,3,7967
218557,218.557,1,4004,54004,lowband_largesig_r00,prps,1401,-49,-0.385422,30,0,30,0.07853982,4.50000,prps,3,7971
218577,218.577,1,4004,54004,lowband_largesig_r00,prps,1409,-41,-0.324711,30,0,30,0.07853982,4.50000,prps,3,7975
218597,218.597,1,4004,54004,lowband_largesig_r00,prps,1417,-33,-0.261240,29,0,29,0.07592182,4.35000,prps,3,7979
218617,218.617,1,4004,54004,lowband_largesig_r00,prps,1425,-25,-0.199633,28,0,28,0.07330382,4.20000,prps,3,7983
218637,218.637,1,4004,54004,lowband_largesig_r00,prps,1432,-18,-0.141862,25,0,25,0.06544985,3.75000,prps,3,7987
218657,218.657,1,4004,54004,lowband_largesig_r00,prps,1439,-11,-0.087326,20,0,20,0.05235988,3.00000,prps,3,7991
218677,218.677,1,4004,54004,lowband_largesig_r00,prps,1446,-4,-0.033512,16,0,16,0.04188790,2.40000,prps,3,7995
218697,218.697,1,4004,54004,lowband_largesig_r00,prps,1453,3,0.022884,13,0,13,0.03403392,1.95000,prps,3,7999
237365,237.365,1,4004,54004,lowband_largesig_r00,baseline_post,1450,0,0.000000,6,0,6,0.01570796,0.90000,baseline_post,-1,-1
237388,237.388,1,4004,54004,lowband_largesig_r00,baseline_post,1450,0,0.000000,6,0,6,0.01570796,0.90000,baseline_post,-1,-1
237411,237.411,1,4004,54004,lowband_largesig_r00,baseline_post,1450,0,0.000000,6,0,6,0.01570796,0.90000,baseline_post,-1,-1
237434,237.434,1,4004,54004,lowband_largesig_r00,baseline_post,1450,0,0.000000,6,0,6,0.01570796,0.90000,baseline_post,-1,-1
237460,237.460,1,4004,54004,lowband_largesig_r00,baseline_post,1450,0,0.000000,6,0,6,0.01570796,0.90000,baseline_post,-1,-1
237483,237.483,1,4004,54004,lowband_largesig_r00,baseline_post,1450,0,0.000000,6,0,6,0.01570796,0.90000,baseline_post,-1,-1
237505,237.505,1,4004,54004,lowband_largesig_r00,baseline_post,1450,0,0.000000,6,0,6,0.01570796,0.90000,baseline_post,-1,-1
237528,237.528,1,4004,54004,lowband_largesig_r00,baseline_post,1450,0,0.000000,6,0,6,0.01570796,0.90000,baseline_post,-1,-1
237551,237.551,1,4004,54004,lowband_largesig_r00,baseline_post,1450,0,0.000000,6,0,6,0.01570796,0.90000,baseline_post,-1,-1
237574,237.574,1,4004,54004,lowband_largesig_r00,baseline_post,1450,0,0.000000,6,0,6,0.01570796,0.90000,baseline_post,-1,-1
237596,237.596,1,4004,54004,lowband_largesig_r00,baseline_post,1450,0,0.000000,6,0,6,0.01570796,0.90000,baseline_post,-1,-1
237619,237.619,1,4004,54004,lowband_largesig_r00,baseline_post,1450,0,0.000000,6,0,6,0.01570796,0.90000,baseline_post,-1,-1
237641,237.641,1,4004,54004,lowband_largesig_r00,baseline_post,1450,0,0.000000,6,0,6,0.01570796,0.90000,baseline_post,-1,-1
237667,237.667,1,4004,54004,lowband_largesig_r00,baseline_post,1450,0,0.000000,6,0,6,0.01570796,0.90000,baseline_post,-1,-1
237690,237.690,1,4004,54004,lowband_largesig_r00,baseline_post,1450,0,0.000000,6,0,6,0.01570796,0.90000,baseline_post,-1,-1
237713,237.713,1,4004,54004,lowband_largesig_r00,baseline_post,1450,0,0.000000,6,0,6,0.01570796,0.90000,baseline_post,-1,-1
237736,237.736,1,4004,54004,lowband_largesig_r00,baseline_post,1450,0,0.000000,6,0,6,0.01570796,0.90000,baseline_post,-1,-1
237759,237.759,1,4004,54004,lowband_largesig_r00,baseline_post,1450,0,0.000000,6,0,6,0.01570796,0.90000,baseline_post,-1,-1
237782,237.782,1,4004,54004,lowband_largesig_r00,baseline_post,1450,0,0.000000,6,0,6,0.01570796,0.90000,baseline_post,-1,-1
237805,237.805,1,4004,54004,lowband_largesig_r00,baseline_post,1450,0,0.000000,6,0,6,0.01570796,0.90000,baseline_post,-1,-1
237828,237.828,1,4004,54004,lowband_largesig_r00,baseline_post,1450,0,0.000000,6,0,6,0.01570796,0.90000,baseline_post,-1,-1
237885,237.885,1,4004,54004,lowband_largesig_r00,baseline_post,1450,0,0.000000,6,0,6,0.01570796,0.90000,baseline_post,-1,-1
237908,237.908,1,4004,54004,lowband_largesig_r00,baseline_post,1450,0,0.000000,6,0,6,0.01570796,0.90000,baseline_post,-1,-1
237930,237.930,1,4004,54004,lowband_largesig_r00,baseline_post,1450,0,0.000000,6,0,6,0.01570796,0.90000,baseline_post,-1,-1
237952,237.952,1,4004,54004,lowband_largesig_r00,baseline_post,1450,0,0.000000,6,0,6,0.01570796,0.90000,baseline_post,-1,-1
237975,237.975,1,4004,54004,lowband_largesig_r00,baseline_post,1450,0,0.000000,6,0,6,0.01570796,0.90000,baseline_post,-1,-1
237998,237.998,1,4004,54004,lowband_largesig_r00,baseline_post,1450,0,0.000000,6,0,6,0.01570796,0.90000,baseline_post,-1,-1
238021,238.021,1,4004,54004,lowband_largesig_r00,baseline_post,1450,0,0.000000,6,0,6,0.01570796,0.90000,baseline_post,-1,-1
238044,238.044,1,4004,54004,lowband_largesig_r00,baseline_post,1450,0,0.000000,6,0,6,0.01570796,0.90000,baseline_post,-1,-1
238070,238.070,1,4004,54004,lowband_largesig_r00,baseline_post,1450,0,0.000000,6,0,6,0.01570796,0.90000,baseline_post,-1,-1
238093,238.093,1,4004,54004,lowband_largesig_r00,baseline_post,1450,0,0.000000,6,0,6,0.01570796,0.90000,baseline_post,-1,-1
238116,238.116,1,4004,54004,lowband_largesig_r00,baseline_post,1450,0,0.000000,6,0,6,0.01570796,0.90000,baseline_post,-1,-1
238138,238.138,1,4004,54004,lowband_largesig_r00,baseline_post,1450,0,0.000000,6,0,6,0.01570796,0.90000,baseline_post,-1,-1
238161,238.161,1,4004,54004,lowband_largesig_r00,baseline_post,1450,0,0.000000,6,0,6,0.01570796,0.90000,baseline_post,-1,-1
238184,238.184,1,4004,54004,lowband_largesig_r00,baseline_post,1450,0,0.000000,6,0,6,0.01570796,0.90000,baseline_post,-1,-1
238207,238.207,1,4004,54004,lowband_largesig_r00,baseline_post,1450,0,0.000000,6,0,6,0.01570796,0.90000,baseline_post,-1,-1
238230,238.230,1,4004,54004,lowband_largesig_r00,baseline_post,1450,0,0.000000,6,0,6,0.01570796,0.90000,baseline_post,-1,-1
238255,238.255,1,4004,54004,lowband_largesig_r00,baseline_post,1450,0,0.000000,6,0,6,0.01570796,0.90000,baseline_post,-1,-1
238278,238.278,1,4004,54004,lowband_largesig_r00,baseline_post,1450,0,0.000000,6,0,6,0.01570796,0.90000,baseline_post,-1,-1
238300,238.300,1,4004,54004,lowband_largesig_r00,baseline_post,1450,0,0.000000,6,0,6,0.01570796,0.90000,baseline_post,-1,-1
238323,238.323,1,4004,54004,lowband_largesig_r00,baseline_post,1450,0,0.000000,6,0,6,0.01570796,0.90000,baseline_post,-1,-1
238346,238.346,1,4004,54004,lowband_largesig_r00,baseline_post,1450,0,0.000000,6,0,6,0.01570796,0.90000,baseline_post,-1,-1
238369,238.369,1,4004,54004,lowband_largesig_r00,baseline_post,1450,0,0.000000,6,0,6,0.01570796,0.90000,baseline_post,-1,-1
238392,238.392,1,4004,54004,lowband_largesig_r00,baseline_post,1450,0,0.000000,6,0,6,0.01570796,0.90000,baseline_post,-1,-1
238414,238.414,1,4004,54004,lowband_largesig_r00,baseline_post,1450,0,0.000000,6,0,6,0.01570796,0.90000,baseline_post,-1,-1
238437,238.437,1,4004,54004,lowband_largesig_r00,baseline_post,1450,0,0.000000,6,0,6,0.01570796,0.90000,baseline_post,-1,-1
238463,238.463,1,4004,54004,lowband_largesig_r00,baseline_post,1450,0,0.000000,6,0,6,0.01570796,0.90000,baseline_post,-1,-1
238486,238.486,1,4004,54004,lowband_largesig_r00,baseline_post,1450,0,0.000000,6,0,6,0.01570796,0.90000,baseline_post,-1,-1
238509,238.509,1,4004,54004,lowband_largesig_r00,baseline_post,1450,0,0.000000,6,0,6,0.01570796,0.90000,baseline_post,-1,-1
238532,238.532,1,4004,54004,lowband_largesig_r00,baseline_post,1450,0,0.000000,6,0,6,0.01570796,0.90000,baseline_post,-1,-1
238555,238.555,1,4004,54004,lowband_largesig_r00,baseline_post,1450,0,0.000000,6,0,6,0.01570796,0.90000,baseline_post,-1,-1
238577,238.577,1,4004,54004,lowband_largesig_r00,baseline_post,1450,0,0.000000,6,0,6,0.01570796,0.90000,baseline_post,-1,-1
238600,238.600,1,4004,54004,lowband_largesig_r00,baseline_post,1450,0,0.000000,6,0,6,0.01570796,0.90000,baseline_post,-1,-1
238622,238.622,1,4004,54004,lowband_largesig_r00,baseline_post,1450,0,0.000000,6,0,6,0.01570796,0.90000,baseline_post,-1,-1
238679,238.679,1,4004,54004,lowband_largesig_r00,baseline_post,1450,0,0.000000,6,0,6,0.01570796,0.90000,baseline_post,-1,-1
238702,238.702,1,4004,54004,lowband_largesig_r00,baseline_post,1450,0,0.000000,6,0,6,0.01570796,0.90000,baseline_post,-1,-1
238724,238.724,1,4004,54004,lowband_largesig_r00,baseline_post,1450,0,0.000000,6,0,6,0.01570796,0.90000,baseline_post,-1,-1
238749,238.749,1,4004,54004,lowband_largesig_r00,baseline_post,1450,0,0.000000,6,0,6,0.01570796,0.90000,baseline_post,-1,-1
238772,238.772,1,4004,54004,lowband_largesig_r00,baseline_post,1450,0,0.000000,6,0,6,0.01570796,0.90000,baseline_post,-1,-1
238795,238.795,1,4004,54004,lowband_largesig_r00,baseline_post,1450,0,0.000000,6,0,6,0.01570796,0.90000,baseline_post,-1,-1
238818,238.818,1,4004,54004,lowband_largesig_r00,baseline_post,1450,0,0.000000,6,0,6,0.01570796,0.90000,baseline_post,-1,-1
238841,238.841,1,4004,54004,lowband_largesig_r00,baseline_post,1450,0,0.000000,6,0,6,0.01570796,0.90000,baseline_post,-1,-1
238866,238.866,1,4004,54004,lowband_largesig_r00,baseline_post,1450,0,0.000000,6,0,6,0.01570796,0.90000,baseline_post,-1,-1
238889,238.889,1,4004,54004,lowband_largesig_r00,baseline_post,1450,0,0.000000,6,0,6,0.01570796,0.90000,baseline_post,-1,-1
238911,238.911,1,4004,54004,lowband_largesig_r00,baseline_post,1450,0,0.000000,6,0,6,0.01570796,0.90000,baseline_post,-1,-1
238934,238.934,1,4004,54004,lowband_largesig_r00,baseline_post,1450,0,0.000000,6,0,6,0.01570796,0.90000,baseline_post,-1,-1
238957,238.957,1,4004,54004,lowband_largesig_r00,baseline_post,1450,0,0.000000,6,0,6,0.01570796,0.90000,baseline_post,-1,-1
238980,238.980,1,4004,54004,lowband_largesig_r00,baseline_post,1450,0,0.000000,6,0,6,0.01570796,0.90000,baseline_post,-1,-1
239002,239.002,1,4004,54004,lowband_largesig_r00,baseline_post,1450,0,0.000000,6,0,6,0.01570796,0.90000,baseline_post,-1,-1
239025,239.025,1,4004,54004,lowband_largesig_r00,baseline_post,1450,0,0.000000,6,0,6,0.01570796,0.90000,baseline_post,-1,-1
239051,239.051,1,4004,54004,lowband_largesig_r00,baseline_post,1450,0,0.000000,6,0,6,0.01570796,0.90000,baseline_post,-1,-1
239074,239.074,1,4004,54004,lowband_largesig_r00,baseline_post,1450,0,0.000000,6,0,6,0.01570796,0.90000,baseline_post,-1,-1
239096,239.096,1,4004,54004,lowband_largesig_r00,baseline_post,1450,0,0.000000,6,0,6,0.01570796,0.90000,baseline_post,-1,-1
239118,239.118,1,4004,54004,lowband_largesig_r00,baseline_post,1450,0,0.000000,6,0,6,0.01570796,0.90000,baseline_post,-1,-1
239141,239.141,1,4004,54004,lowband_largesig_r00,baseline_post,1450,0,0.000000,6,0,6,0.01570796,0.90000,baseline_post,-1,-1
239163,239.163,1,4004,54004,lowband_largesig_r00,baseline_post,1450,0,0.000000,6,0,6,0.01570796,0.90000,baseline_post,-1,-1
239185,239.185,1,4004,54004,lowband_largesig_r00,baseline_post,1450,0,0.000000,6,0,6,0.01570796,0.90000,baseline_post,-1,-1
239208,239.208,1,4004,54004,lowband_largesig_r00,baseline_post,1450,0,0.000000,6,0,6,0.01570796,0.90000,baseline_post,-1,-1
239231,239.231,1,4004,54004,lowband_largesig_r00,baseline_post,1450,0,0.000000,6,0,6,0.01570796,0.90000,baseline_post,-1,-1
239256,239.256,1,4004,54004,lowband_largesig_r00,baseline_post,1450,0,0.000000,6,0,6,0.01570796,0.90000,baseline_post,-1,-1
239279,239.279,1,4004,54004,lowband_largesig_r00,baseline_post,1450,0,0.000000,6,0,6,0.01570796,0.90000,baseline_post,-1,-1
239301,239.301,1,4004,54004,lowband_largesig_r00,baseline_post,1450,0,0.000000,6,0,6,0.01570796,0.90000,baseline_post,-1,-1
239324,239.324,1,4004,54004,lowband_largesig_r00,baseline_post,1450,0,0.000000,6,0,6,0.01570796,0.90000,baseline_post,-1,-1
239347,239.347,1,4004,54004,lowband_largesig_r00,baseline_post,1450,0,0.000000,6,0,6,0.01570796,0.90000,baseline_post,-1,-1
