t_ms,t_s,set_index,prps_seed,run_order_seed,run_name,segment,servo_us,command_delta_us,command_norm,count,count_zero,count_delta,theta_rad,theta_deg,phase,period_index,period_sample_index
14,0.014,1,4004,54004,lowband_largesig_r01,baseline_pre,1450,0,0.000000,0,0,0,0.00000000,0.00000,baseline_pre,-1,-1
34,0.034,1,4004,54004,lowband_largesig_r01,baseline_pre,1450,0,0.000000,0,0,0,0.00000000,0.00000,baseline_pre,-1,-1
54,0.054,1,4004,54004,lowband_largesig_r01,baseline_pre,1450,0,0.000000,0,0,0,0.00000000,0.00000,baseline_pre,-1,-1
115,0.115,1,4004,54004,lowband_largesig_r01,baseline_pre,1450,0,0.000000,0,0,0,0.00000000,0.00000,baseline_pre,-1,-1
135,0.135,1,4004,54004,lowband_largesig_r01,baseline_pre,1450,0,0.000000,0,0,0,0.00000000,0.00000,baseline_pre,-1,-1
155,0.155,1,4004,54004,lowband_largesig_r01,baseline_pre,1450,0,0.000000,0,0,0,0.00000000,0.00000,baseline_pre,-1,-1
175,0.175,1,4004,54004,lowband_largesig_r01,baseline_pre,1450,0,0.000000,0,0,0,0.00000000,0.00000,baseline_pre,-1,-1
195,0.195,1,4004,54004,lowband_largesig_r01,baseline_pre,1450,0,0.000000,0,0,0,0.00000000,0.00000,baseline_pre,-1,-1
216,0.216,1,4004,54004,lowband_largesig_r01,baseline_pre,1450,0,0.000000,0,0,0,0.00000000,0.00000,baseline_pre,-1,-1
236,0.236,1,4004,54004,lowband_largesig_r01,baseline_pre,1450,0,0.000000,0,0,0,0.00000000,0.00000,baseline_pre,-1,-1
256,0.256,1,4004,54004,lowband_largesig_r01,baseline_pre,1450,0,0.000000,0,0,0,0.00000000,0.00000,baseline_pre,-1,-1
276,0.276,1,4004,54004,lowband_largesig_r01,baseline_pre,1450,0,0.000000,0,0,0,0.00000000,0.00000,baseline_pre,-1,-1
296,0.296,1,4004,54004,lowband_largesig_r01,baseline_pre,1450,0,0.000000,0,0,0,0.00000000,0.00000,baseline_pre,-1,-1
316,0.316,1,4004,54004,lowband_largesig_r01,baseline_pre,1450,0,0.000000,0,0,0,0.00000000,0.00000,baseline_pre,-1,-1
336,0.336,1,4004,54004,lowband_largesig_r01,baseline_pre,1450,0,0.000000,0,0,0,0.00000000,0.00000,baseline_pre,-1,-1
356,0.356,1,4004,54004,lowband_largesig_r01,baseline_pre,1450,0,0.000000,0,0,0,0.00000000,0.00000,baseline_pre,-1,-1
377,0.377,1,4004,54004,lowband_largesig_r01,baseline_pre,1450,0,0.000000,0,0,0,0.00000000,0.00000,baseline_pre,-1,-1
398,0.398,1,4004,54004,lowband_largesig_r01,baseline_pre,1450,0,0.000000,0,0,0,0.00000000,0.00000,baseline_pre,-1,-1
418,0.418,1,4004,54004,lowband_largesig_r01,baseline_pre,1450,0,0.000000,0,0,0,0.00000000,0.00000,baseline_pre,-1,-1
438,0.438,1,4004,54004,lowband_largesig_r01,baseline_pre,1450,0,0.000000,0,0,0,0.00000000,0.00000,baseline_pre,-1,-1
458,0.458,1,4004,54004,lowband_largesig_r01,baseline_pre,1450,0,0.000000,0,0,0,0.00000000,0.00000,baseline_pre,-1,-1
478,0.478,1,4004,54004,lowband_largesig_r01,baseline_pre,1450,0,0.000000,0,0,0,0.00000000,0.00000,baseline_pre,-1,-1
498,0.498,1,4004,54004,lowband_largesig_r01,baseline_pre,1450,0,0.000000,0,0,0,0.00000000,0.00000,baseline_pre,-1,-1
518,0.518,1,4004,54004,lowband_largesig_r01,baseline_pre,1450,0,0.000000,0,0,0,0.00000000,0.00000,baseline_pre,-1,-1
538,0.538,1,4004,54004,lowband_largesig_r01,baseline_pre,1450,0,0.000000,0,0,0,0.00000000,0.00000,baseline_pre,-1,-1
559,0.559,1,4004,54004,lowband_largesig_r01,baseline_pre,1450,0,0.000000,0,0,0,0.00000000,0.00000,baseline_pre,-1,-1
580,0.580,1,4004,54004,lowband_largesig_r01,baseline_pre,1450,0,0.000000,0,0,0,0.00000000,0.00000,baseline_pre,-1,-1
600,0.600,1,4004,54004,lowband_largesig_r01,baseline_pre,1450,0,0.000000,0,0,0,0.00000000,0.00000,baseline_pre,-1,-1
620,0.620,1,4004,54004,lowband_largesig_r01,baseline_pre,1450,0,0.000000,0,0,0,0.00000000,0.00000,baseline_pre,-1,-1
640,0.640,1,4004,54004,lowband_largesig_r01,baseline_pre,1450,0,0.000000,0,0,0,0.00000000,0.00000,baseline_pre,-1,-1
660,0.660,1,4004,54004,lowband_largesig_r01,baseline_pre,1450,0,0.000000,0,0,0,0.00000000,0.00000,baseline_pre,-1,-1
680,0.680,1,4004,54004,lowband_largesig_r01,baseline_pre,1450,0,0.000000,0,0,0,0.00000000,0.00000,baseline_pre,-1,-1
700,0.700,1,4004,54004,lowband_largesig_r01,baseline_pre,1450,0,0.000000,0,0,0,0.00000000,0.00000,baseline_pre,-1,-1
720,0.720,1,4004,54004,lowband_largesig_r01,baseline_pre,1450,0,0.000000,0,0,0,0.00000000,0.00000,baseline_pre,-1,-1
771,0.771,1,4004,54004,lowband_largesig_r01,baseline_pre,1450,0,0.000000,0,0,0,0.00000000,0.00000,baseline_pre,-1,-1
792,0.792,1,4004,54004,lowband_largesig_r01,baseline_pre,1450,0,0.000000,0,0,0,0.00000000,0.00000,baseline_pre,-1,-1
812,0.812,1,4004,54004,lowband_largesig_r01,baseline_pre,1450,0,0.000000,0,0,0,0.00000000,0.00000,baseline_pre,-1,-1
832,0.832,1,4004,54004,lowband_largesig_r01,baseline_pre,1450,0,0.000000,0,0,0,0.00000000,0.00000,baseline_pre,-1,-1
852,0.852,1,4004,54004,lowband_largesig_r01,baseline_pre,1450,0,0.000000,0,0,0,0.00000000,0.00000,baseline_pre,-1,-1
872,0.872,1,4004,54004,lowband_largesig_r01,baseline_pre,1450,0,0.000000,0,0,0,0.00000000,0.00000,baseline_pre,-1,-1
892,0.892,1,4004,54004,lowband_largesig_r01,baseline_pre,1450,0,0.000000,0,0,0,0.00000000,0.00000,baseline_pre,-1,-1
912,0.912,1,4004,54004,lowband_largesig_r01,baseline_pre,1450,0,0.000000,0,0,0,0.00000000,0.00000,baseline_pre,-1,-1
932,0.932,1,4004,54004,lowband_largesig_r01,baseline_pre,1450,0,0.000000,0,0,0,0.00000000,0.00000,baseline_pre,-1,-1
953,0.953,1,4004,54004,lowband_largesig_r01,baseline_pre,1450,0,0.000000,0,0,0,0.00000000,0.00000,baseline_pre,-1,-1
973,0.973,1,4004,54004,lowband_largesig_r01,baseline_pre,1450,0,0.000000,0,0,0,0.00000000,0.00000,baseline_pre,-1,-1
993,0.993,1,4004,54004,lowband_largesig_r01,baseline_pre,1450,0,0.000000,0,0,0,0.00000000,0.00000,baseline_pre,-1,-1
1013,1.013,1,4004,54004,lowband_largesig_r01,baseline_pre,1450,0,0.000000,0,0,0,0.00000000,0.00000,baseline_pre,-1,-1
1033,1.033,1,4004,54004,lowband_largesig_r01,baseline_pre,1450,0,0.000000,0,0,0,0.00000000,0.00000,baseline_pre,-1,-1
1053,1.053,1,4004,54004,lowband_largesig_r01,baseline_pre,1450,0,0.000000,0,0,0,0.00000000,0.00000,baseline_pre,-1,-1
1073,1.073,1,4004,54004,lowband_largesig_r01,baseline_pre,1450,0,0.000000,0,0,0,0.00000000,0.00000,baseline_pre,-1,-1
1093,1.093,1,4004,54004,lowband_largesig_r01,baseline_pre,1450,0,0.000000,0,0,0,0.00000000,0.00000,baseline_pre,-1,-1
1114,1.114,1,4004,54004,lowband_largesig_r01,baseline_pre,1450,0,0.000000,0,0,0,0.00000000,0.00000,baseline_pre,-1,-1
1135,1.135,1,4004,54004,lowband_largesig_r01,baseline_pre,1450,0,0.000000,0,0,0,0.00000000,0.00000,baseline_pre,-1,-1
1155,1.155,1,4004,54004,lowband_largesig_r01,baseline_pre,1450,0,0.000000,0,0,0,0.00000000,0.00000,baseline_pre,-1,-1
1175,1.175,1,4004,54004,lowband_largesig_r01,baseline_pre,1450,0,0.000000,0,0,0,0.00000000,0.00000,baseline_pre,-1,-1
1195,1.195,1,4004,54004,lowband_largesig_r01,baseline_pre,1450,0,0.000000,0,0,0,0.00000000,0.00000,baseline_pre,-1,-1
1215,1.215,1,4004,54004,lowband_largesig_r01,baseline_pre,1450,0,0.000000,0,0,0,0.00000000,0.00000,baseline_pre,-1,-1
1235,1.235,1,4004,54004,lowband_largesig_r01,baseline_pre,1450,0,0.000000,0,0,0,0.00000000,0.00000,baseline_pre,-1,-1
1255,1.255,1,4004,54004,lowband_largesig_r01,baseline_pre,1450,0,0.000000,0,0,0,0.00000000,0.00000,baseline_pre,-1,-1
1275,1.275,1,4004,54004,lowband_largesig_r01,baseline_pre,1450,0,0.000000,0,0,0,0.00000000,0.00000,baseline_pre,-1,-1
1296,1.296,1,4004,54004,lowband_largesig_r01,baseline_pre,1450,0,0.000000,0,0,0,0.00000000,0.00000,baseline_pre,-1,-1
1317,1.317,1,4004,54004,lowband_largesig_r01,baseline_pre,1450,0,0.000000,0,0,0,0.00000000,0.00000,baseline_pre,-1,-1
1350,1.350,1,4004,54004,lowband_largesig_r01,baseline_pre,1450,0,0.000000,0,0,0,0.00000000,0.00000,baseline_pre,-1,-1
1370,1.370,1,4004,54004,lowband_largesig_r01,baseline_pre,1450,0,0.000000,0,0,0,0.00000000,0.00000,baseline_pre,-1,-1
1390,1.390,1,4004,54004,lowband_largesig_r01,baseline_pre,1450,0,0.000000,0,0,0,0.00000000,0.00000,baseline_pre,-1,-1
1410,1.410,1,4004,54004,lowband_largesig_r01,baseline_pre,1450,0,0.000000,0,0,0,0.00000000,0.00000,baseline_pre,-1,-1
1430,1.430,1,4004,54004,lowband_largesig_r01,baseline_pre,1450,0,0.000000,0,0,0,0.00000000,0.00000,baseline_pre,-1,-1
1450,1.450,1,4004,54004,lowband_largesig_r01,baseline_pre,1450,0,0.000000,0,0,0,0.00000000,0.00000,baseline_pre,-1,-1
1470,1.470,1,4004,54004,lowband_largesig_r01,baseline_pre,1450,0,0.000000,0,0,0,0.00000000,0.00000,baseline_pre,-1,-1
1525,1.525,1,4004,54004,lowband_largesig_r01,baseline_pre,1450,0,0.000000,0,0,0,0.00000000,0.00000,baseline_pre,-1,-1
1546,1.546,1,4004,54004,lowband_largesig_r01,baseline_pre,1450,0,0.000000,0,0,0,0.00000000,0.00000,baseline_pre,-1,-1
1566,1.566,1,4004,54004,lowband_largesig_r01,baseline_pre,1450,0,0.000000,0,0,0,0.00000000,0.00000,baseline_pre,-1,-1
1586,1.586,1,4004,54004,lowband_largesig_r01,baseline_pre,1450,0,0.000000,0,0,0,0.00000000,0.00000,baseline_pre,-1,-1
1606,1.606,1,4004,54004,lowband_largesig_r01,baseline_pre,1450,0,0.000000,0,0,0,0.00000000,0.00000,baseline_pre,-1,-1
1626,1.626,1,4004,54004,lowband_largesig_r01,baseline_pre,1450,0,0.000000,0,0,0,0.00000000,0.00000,baseline_pre,-1,-1
1646,1.646,1,4004,54004,lowband_largesig_r01,baseline_pre,1450,0,0.000000,0,0,0,0.00000000,0.00000,baseline_pre,-1,-1
1666,1.666,1,4004,54004,lowband_largesig_r01,baseline_pre,1450,0,0.000000,0,0,0,0.00000000,0.00000,baseline_pre,-1,-1
1687,1.687,1,4004,54004,lowband_largesig_r01,baseline_pre,1450,0,0.000000,0,0,0,0.00000000,0.00000,baseline_pre,-1,-1
1708,1.708,1,4004,54004,lowband_largesig_r01,baseline_pre,1450,0,0.000000,0,0,0,0.00000000,0.00000,baseline_pre,-1,-1
1728,1.728,1,4004,54004,lowband_largesig_r01,baseline_pre,1450,0,0.000000,0,0,0,0.00000000,0.00000,baseline_pre,-1,-1
1748,1.748,1,4004,54004,lowband_largesig_r01,baseline_pre,1450,0,0.000000,0,0,0,0.00000000,0.00000,baseline_pre,-1,-1
1768,1.768,1,4004,54004,lowband_largesig_r01,baseline_pre,1450,0,0.000000,0,0,0,0.00000000,0.00000,baseline_pre,-1,-1
1788,1.788,1,4004,54004,lowband_largesig_r01,baseline_pre,1450,0,0.000000,0,0,0,0.00000000,0.00000,baseline_pre,-1,-1
1808,1.808,1,4004,54004,lowband_largesig_r01,baseline_pre,1450,0,0.000000,0,0,0,0.00000000,0.00000,baseline_pre,-1,-1
1828,1.828,1,4004,54004,lowband_largesig_r01,baseline_pre,1450,0,0.000000,0,0,0,0.00000000,0.00000,baseline_pre,-1,-1
1848,1.848,1,4004,54004,lowband_largesig_r01,baseline_pre,1450,0,0.000000,0,0,0,0.00000000,0.00000,baseline_pre,-1,-1
1869,1.869,1,4004,54004,lowband_largesig_r01,baseline_pre,1450,0,0.000000,0,0,0,0.00000000,0.00000,baseline_pre,-1,-1
1890,1.890,1,4004,54004,lowband_largesig_r01,baseline_pre,1450,0,0.000000,0,0,0,0.00000000,0.00000,baseline_pre,-1,-1
1910,1.910,1,4004,54004,lowband_largesig_r01,baseline_pre,1450,0,0.000000,0,0,0,0.00000000,0.00000,baseline_pre,-1,-1
1930,1.930,1,4004,54004,lowband_largesig_r01,baseline_pre,1450,0,0.000000,0,0,0,0.00000000,0.00000,baseline_pre,-1,-1
1950,1.950,1,4004,54004,lowband_largesig_r01,baseline_pre,1450,0,0.000000,0,0,0,0.00000000,0.00000,baseline_pre,-1,-1
1970,1.970,1,4004,54004,lowband_largesig_r01,baseline_pre,1450,0,0.000000,0,0,0,0.00000000,0.00000,baseline_pre,-1,-1
1990,1.990,1,4004,54004,lowband_largesig_r01,baseline_pre,1450,0,0.000000,0,0,0,0.00000000,0.00000,baseline_pre,-1,-1
2010,2.010,1,4004,54004,lowband_largesig_r01,baseline_pre,1450,0,0.000000,0,0,0,0.00000000,0.00000,baseline_pre,-1,-1
2031,2.031,1,4004,54004,lowband_largesig_r01,settle,1450,0,0.000000,0,0,0,0.00000000,0.00000,settle,-1,-1
2052,2.052,1,4004,54004,lowband_largesig_r01,settle,1450,0,0.000000,0,0,0,0.00000000,0.00000,settle,-1,-1
2072,2.072,1,4004,54004,lowband_largesig_r01,settle,1450,0,0.000000,0,0,0,0.00000000,0.00000,settle,-1,-1
2092,2.092,1,4004,54004,lowband_largesig_r01,settle,1450,0,0.000000,0,0,0,0.00000000,0.00000,settle,-1,-1
2112,2.112,1,4004,54004,lowband_largesig_r01,settle,1450,0,0.000000,0,0,0,0.00000000,0.00000,settle,-1,-1
2132,2.132,1,4004,54004,lowband_largesig_r01,settle,1450,0,0.000000,0,0,0,0.00000000,0.00000,settle,-1,-1
2152,2.152,1,4004,54004,lowband_largesig_r01,settle,1450,0,0.000000,0,0,0,0.00000000,0.00000,settle,-1,-1
2172,2.172,1,4004,54004,lowband_largesig_r01,settle,1450,0,0.000000,0,0,0,0.00000000,0.00000,settle,-1,-1
2192,2.192,1,4004,54004,lowband_largesig_r01,settle,1450,0,0.000000,0,0,0,0.00000000,0.00000,settle,-1,-1
2212,2.212,1,4004,54004,lowband_largesig_r01,settle,1450,0,0.000000,0,0,0,0.00000000,0.00000,settle,-1,-1
2264,2.264,1,4004,54004,lowband_largesig_r01,settle,1450,0,0.000000,0,0,0,0.00000000,0.00000,settle,-1,-1
2284,2.284,1,4004,54004,lowband_largesig_r01,settle,1450,0,0.000000,0,0,0,0.00000000,0.00000,settle,-1,-1
2304,2.304,1,4004,54004,lowband_largesig_r01,settle,1450,0,0.000000,0,0,0,0.00000000,0.00000,settle,-1,-1
2324,2.324,1,4004,54004,lowband_largesig_r01,settle,1450,0,0.000000,0,0,0,0.00000000,0.00000,settle,-1,-1
2344,2.344,1,4004,54004,lowband_largesig_r01,settle,1450,0,0.000000,0,0,0,0.00000000,0.00000,settle,-1,-1
2364,2.364,1,4004,54004,lowband_largesig_r01,settle,1450,0,0.000000,0,0,0,0.00000000,0.00000,settle,-1,-1
2384,2.384,1,4004,54004,lowband_largesig_r01,settle,1450,0,0.000000,0,0,0,0.00000000,0.00000,settle,-1,-1
2404,2.404,1,4004,54004,lowband_largesig_r01,settle,1450,0,0.000000,0,0,0,0.00000000,0.00000,settle,-1,-1
2424,2.424,1,4004,54004,lowband_largesig_r01,settle,1450,0,0.000000,0,0,0,0.00000000,0.00000,settle,-1,-1
2444,2.444,1,4004,54004,lowband_largesig_r01,settle,1450,0,0.000000,0,0,0,0.00000000,0.00000,settle,-1,-1
2465,2.465,1,4004,54004,lowband_largesig_r01,settle,1450,0,0.000000,0,0,0,0.00000000,0.00000,settle,-1,-1
2485,2.485,1,4004,54004,lowband_largesig_r01,settle,1450,0,0.000000,0,0,0,0.00000000,0.00000,settle,-1,-1
2505,2.505,1,4004,54004,lowband_largesig_r01,settle,1450,0,0.000000,0,0,0,0.00000000,0.00000,settle,-1,-1
2525,2.525,1,4004,54004,lowband_largesig_r01,settle,1450,0,0.000000,0,0,0,0.00000000,0.00000,settle,-1,-1
2545,2.545,1,4004,54004,lowband_largesig_r01,settle,1450,0,0.000000,0,0,0,0.00000000,0.00000,settle,-1,-1
2565,2.565,1,4004,54004,lowband_largesig_r01,settle,1450,0,0.000000,0,0,0,0.00000000,0.00000,settle,-1,-1
2585,2.585,1,4004,54004,lowband_largesig_r01,settle,1450,0,0.000000,0,0,0,0.00000000,0.00000,settle,-1,-1
2605,2.605,1,4004,54004,lowband_largesig_r01,settle,1450,0,0.000000,0,0,0,0.00000000,0.00000,settle,-1,-1
2625,2.625,1,4004,54004,lowband_largesig_r01,settle,1450,0,0.000000,0,0,0,0.00000000,0.00000,settle,-1,-1
2645,2.645,1,4004,54004,lowband_largesig_r01,settle,1450,0,0.000000,0,0,0,0.00000000,0.00000,settle,-1,-1
2666,2.666,1,4004,54004,lowband_largesig_r01,settle,1450,0,0.000000,0,0,0,0.00000000,0.00000,settle,-1,-1
2686,2.686,1,4004,54004,lowband_largesig_r01,settle,1450,0,0.000000,0,0,0,0.00000000,0.00000,settle,-1,-1
2706,2.706,1,4004,54004,lowband_largesig_r01,settle,1450,0,0.000000,0,0,0,0.00000000,0.00000,settle,-1,-1
2726,2.726,1,4004,54004,lowband_largesig_r01,settle,1450,0,0.000000,0,0,0,0.00000000,0.00000,settle,-1,-1
2746,2.746,1,4004,54004,lowband_largesig_r01,settle,1450,0,0.000000,0,0,0,0.00000000,0.00000,settle,-1,-1
2766,2.766,1,4004,54004,lowband_largesig_r01,settle,1450,0,0.000000,0,0,0,0.00000000,0.00000,settle,-1,-1
2786,2.786,1,4004,54004,lowband_largesig_r01,settle,1450,0,0.000000,0,0,0,0.00000000,0.00000,settle,-1,-1
2806,2.806,1,4004,54004,lowband_largesig_r01,settle,1450,0,0.000000,0,0,0,0.00000000,0.00000,settle,-1,-1
2826,2.826,1,4004,54004,lowband_largesig_r01,settle,1450,0,0.000000,0,0,0,0.00000000,0.00000,settle,-1,-1
2847,2.847,1,4004,54004,lowband_largesig_r01,settle,1450,0,0.000000,0,0,0,0.00000000,0.00000,settle,-1,-1
2867,2.867,1,4004,54004,lowband_largesig_r01,settle,1450,0,0.000000,0,0,0,0.00000000,0.00000,settle,-1,-1
2887,2.887,1,4004,54004,lowband_largesig_r01,settle,1450,0,0.000000,0,0,0,0.00000000,0.00000,settle,-1,-1
2907,2.907,1,4004,54004,lowband_largesig_r01,settle,1450,0,0.000000,0,0,0,0.00000000,0.00000,settle,-1,-1
2927,2.927,1,4004,54004,lowband_largesig_r01,settle,1450,0,0.000000,0,0,0,0.00000000,0.00000,settle,-1,-1
2947,2.947,1,4004,54004,lowband_largesig_r01,settle,1450,0,0.000000,0,0,0,0.00000000,0.00000,settle,-1,-1
2967,2.967,1,4004,54004,lowband_largesig_r01,settle,1450,0,0.000000,0,0,0,0.00000000,0.00000,settle,-1,-1
2987,2.987,1,4004,54004,lowband_largesig_r01,settle,1450,0,0.000000,0,0,0,0.00000000,0.00000,settle,-1,-1
3007,3.007,1,4004,54004,lowband_largesig_r01,settle,1450,0,0.000000,0,0,0,0.00000000,0.00000,settle,-1,-1
3051,3.051,1,4004,54004,lowband_largesig_r01,prps,1497,47,0.391993,0,0,0,0.00000000,0.00000,prps,0,2
3071,3.071,1,4004,54004,lowband_largesig_r01,prps,1509,59,0.495869,-4,0,-4,-0.01047198,-0.60000,prps,0,6
3091,3.091,1,4004,54004,lowband_largesig_r01,prps,1518,68,0.567320,-13,0,-13,-0.03403392,-1.95000,prps,0,10
3111,3.111,1,4004,54004,lowband_largesig_r01,prps,1522,72,0.606829,-24,0,-24,-0.06283185,-3.60000,prps,0,14
3131,3.131,1,4004,54004,lowband_largesig_r01,prps,1524,74,0.618870,-33,0,-33,-0.08639380,-4.95000,prps,0,18
3151,3.151,1,4004,54004,lowband_largesig_r01,prps,1523,73,0.610642,-41,0,-41,-0.10733775,-6.15000,prps,0,22
3171,3.171,1,4004,54004,lowband_largesig_r01,prps,1520,70,0.590502,-46,0,-46,-0.12042772,-6.90000,prps,0,26
3191,3.191,1,4004,54004,lowband_largesig_r01,prps,1517,67,0.566430,-48,0,-48,-0.12566370,-7.20000,prps,0,30
3211,3.211,1,4004,54004,lowband_largesig_r01,prps,1515,65,0.544738,-48,0,-48,-0.12566370,-7.20000,prps,0,34
3231,3.231,1,4004,54004,lowband_largesig_r01,prps,1513,63,0.529256,-47,0,-47,-0.12304571,-7.05000,prps,0,38
3251,3.251,1,4004,54004,lowband_largesig_r01,prps,1512,62,0.521058,-47,0,-47,-0.12304571,-7.05000,prps,0,42
3271,3.271,1,4004,54004,lowband_largesig_r01,prps,1512,62,0.518721,-45,0,-45,-0.11780972,-6.75000,prps,0,46
3291,3.291,1,4004,54004,lowband_largesig_r01,prps,1512,62,0.519018,-44,0,-44,-0.11519173,-6.60000,prps,0,50
3311,3.311,1,4004,54004,lowband_largesig_r01,prps,1512,62,0.517837,-43,0,-43,-0.11257374,-6.45000,prps,0,54
3331,3.331,1,4004,54004,lowband_largesig_r01,prps,1511,61,0.511140,-43,0,-43,-0.11257374,-6.45000,prps,0,58
3351,3.351,1,4004,54004,lowband_largesig_r01,prps,1509,59,0.495758,-43,0,-43,-0.11257374,-6.45000,prps,0,62
3371,3.371,1,4004,54004,lowband_largesig_r01,prps,1506,56,0.469870,-43,0,-43,-0.11257374,-6.45000,prps,0,66
3391,3.391,1,4004,54004,lowband_largesig_r01,prps,1502,52,0.433118,-42,0,-42,-0.10995574,-6.30000,prps,0,70
3411,3.411,1,4004,54004,lowband_largesig_r01,prps,1496,46,0.386350,-41,0,-41,-0.10733775,-6.15000,prps,0,74
3431,3.431,1,4004,54004,lowband_largesig_r01,prps,1489,39,0.331126,-40,0,-40,-0.10471976,-6.00000,prps,0,78
3451,3.451,1,4004,54004,lowband_largesig_r01,prps,1482,32,0.269099,-38,0,-38,-0.09948376,-5.70000,prps,0,82
3471,3.471,1,4004,54004,lowband_largesig_r01,prps,1474,24,0.201468,-35,0,-35,-0.09162979,-5.25000,prps,0,86
3491,3.491,1,4004,54004,lowband_largesig_r01,prps,1465,15,0.128633,-31,0,-31,-0.08115781,-4.65000,prps,0,90
3511,3.511,1,4004,54004,lowband_largesig_r01,prps,1456,6,0.050161,-26,0,-26,-0.06806784,-3.90000,prps,0,94
3531,3.531,1,4004,54004,lowband_largesig_r01,prps,1446,-4,-0.034928,-22,0,-22,-0.05759586,-3.30000,prps,0,98
3551,3.551,1,4004,54004,lowband_largesig_r01,prps,1435,-15,-0.127602,-17,0,-17,-0.04450589,-2.55000,prps,0,102
3571,3.571,1,4004,54004,lowband_largesig_r01,prps,1423,-27,-0.228127,-11,0,-11,-0.02879793,-1.65000,prps,0,106
3591,3.591,1,4004,54004,lowband_largesig_r01,prps,1410,-40,-0.335395,-4,0,-4,-0.01047198,-0.60000,prps,0,110
3611,3.611,1,4004,54004,lowband_largesig_r01,prps,1397,-53,-0.446469,4,0,4,0.01047198,0.60000,prps,0,114
3631,3.631,1,4004,54004,lowband_largesig_r01,prps,1384,-66,-0.556465,9,0,9,0.02356194,1.35000,prps,0,118
3651,3.651,1,4004,54004,lowband_largesig_r01,prps,1372,-78,-0.658861,15,0,15,0.03926991,2.25000,prps,0,122
3671,3.671,1,4004,54004,lowband_largesig_r01,prps,1361,-89,-0.746221,21,0,21,0.05497787,3.15000,prps,0,126
3691,3.691,1,4004,54004,lowband_largesig_r01,prps,1353,-97,-0.811230,27,0,27,0.07068583,4.05000,prps,0,130
3711,3.711,1,4004,54004,lowband_largesig_r01,prps,1349,-101,-0.847869,34,0,34,0.08901179,5.10000,prps,0,134
3731,3.731,1,4004,54004,lowband_largesig_r01,prps,1349,-101,-0.852520,40,0,40,0.10471976,6.00000,prps,0,138
3751,3.751,1,4004,54004,lowband_largesig_r01,prps,1352,-98,-0.824757,45,0,45,0.11780972,6.75000,prps,0,142
3771,3.771,1,4004,54004,lowband_largesig_r01,prps,1359,-91,-0.767676,48,0,48,0.12566370,7.20000,prps,0,146
3791,3.791,1,4004,54004,lowband_largesig_r01,prps,1368,-82,-0.687628,49,0,49,0.12828170,7.35000,prps,0,150
3811,3.811,1,4004,54004,lowband_largesig_r01,prps,1379,-71,-0.593390,49,0,49,0.12828170,7.35000,prps,0,154
3831,3.831,1,4004,54004,lowband_largesig_r01,prps,1391,-59,-0.494866,48,0,48,0.12566370,7.20000,prps,0,158
3851,3.851,1,4004,54004,lowband_largesig_r01,prps,1402,-48,-0.401539,45,0,45,0.11780972,6.75000,prps,0,162
3871,3.871,1,4004,54004,lowband_largesig_r01,prps,1412,-38,-0.320930,39,0,39,0.10210176,5.85000,prps,0,166
3891,3.891,1,4004,54004,lowband_largesig_r01,prps,1419,-31,-0.257367,32,0,32,0.08377580,4.80000,prps,0,170
3911,3.911,1,4004,54004,lowband_largesig_r01,prps,1425,-25,-0.211284,25,0,25,0.06544985,3.75000,prps,0,174
3931,3.931,1,4004,54004,lowband_largesig_r01,prps,1429,-21,-0.179226,18,0,18,0.04712389,2.70000,prps,0,178
3951,3.951,1,4004,54004,lowband_largesig_r01,prps,1432,-18,-0.154586,13,0,13,0.03403392,1.95000,prps,0,182
3971,3.971,1,4004,54004,lowband_largesig_r01,prps,1435,-15,-0.128988,9,0,9,0.02356194,1.35000,prps,0,186
3991,3.991,1,4004,54004,lowband_largesig_r01,prps,1439,-11,-0.094077,7,0,7,0.01832596,1.05000,prps,0,190
4011,4.011,1,4004,54004,lowband_largesig_r01,prps,1445,-5,-0.043435,7,0,7,0.01832596,1.05000,prps,0,194
4031,4.031,1,4004,54004,lowband_largesig_r01,prps,1453,3,0.025755,6,0,6,0.01570796,0.90000,prps,0,198
4051,4.051,1,4004,54004,lowband_largesig_r01,prps,1463,13,0.111599,5,0,5,0.01308997,0.75000,prps,0,202
4071,4.071,1,4004,54004,lowband_largesig_r01,prps,1475,25,0.207184,2,0,2,0.00523599,0.30000,prps,0,206
4091,4.091,1,4004,54004,lowband_largesig_r01,prps,1486,36,0.301198,-2,0,-2,-0.00523599,-0.30000,prps,0,210
4111,4.111,1,4004,54004,lowband_largesig_r01,prps,1495,45,0.379411,-7,0,-7,-0.01832596,-1.05000,prps,0,214
4131,4.131,1,4004,54004,lowband_largesig_r01,prps,1501,51,0.426841,-13,0,-13,-0.03403392,-1.95000,prps,0,218
4151,4.151,1,4004,54004,lowband_largesig_r01,prps,1501,51,0.430262,-20,0,-20,-0.05235988,-3.00000,prps,0,222
4171,4.171,1,4004,54004,lowband_largesig_r01,prps,1495,45,0.380653,-26,0,-26,-0.06806784,-3.90000,prps,0,226
4191,4.191,1,4004,54004,lowband_largesig_r01,prps,1483,33,0.275171,-30,0,-30,-0.07853982,-4.50000,prps,0,230
4211,4.211,1,4004,54004,lowband_largesig_r01,prps,1464,14,0.118287,-30,0,-30,-0.07853982,-4.50000,prps,0,234
4231,4.231,1,4004,54004,lowband_largesig_r01,prps,1441,-9,-0.078148,-27,0,-27,-0.07068583,-4.05000,prps,0,238
4251,4.251,1,4004,54004,lowband_largesig_r01,prps,1415,-35,-0.295977,-22,0,-22,-0.05759586,-3.30000,prps,0,242
4271,4.271,1,4004,54004,lowband_largesig_r01,prps,1389,-61,-0.512850,-12,0,-12,-0.03141592,-1.80000,prps,0,246
4291,4.291,1,4004,54004,lowband_largesig_r01,prps,1366,-84,-0.705067,0,0,0,0.00000000,0.00000,prps,0,250
4311,4.311,1,4004,54004,lowband_largesig_r01,prps,1349,-101,-0.850762,14,0,14,0.03665191,2.10000,prps,0,254
4331,4.331,1,4004,54004,lowband_largesig_r01,prps,1339,-111,-0.932933,27,0,27,0.07068583,4.05000,prps,0,258
4351,4.351,1,4004,54004,lowband_largesig_r01,prps,1338,-112,-0.941865,39,0,39,0.10210176,5.85000,prps,0,262
4371,4.371,1,4004,54004,lowband_largesig_r01,prps,1346,-104,-0.876553,50,0,50,0.13089970,7.50000,prps,0,266
4391,4.391,1,4004,54004,lowband_largesig_r01,prps,1361,-89,-0.744909,56,0,56,0.14660765,8.40000,prps,0,270
4411,4.411,1,4004,54004,lowband_largesig_r01,prps,1383,-67,-0.562710,56,0,56,0.14660765,8.40000,prps,0,274
4431,4.431,1,4004,54004,lowband_largesig_r01,prps,1408,-42,-0.351430,53,0,53,0.13875367,7.95000,prps,0,278
4451,4.451,1,4004,54004,lowband_largesig_r01,prps,1434,-16,-0.135302,44,0,44,0.11519173,6.60000,prps,0,282
4471,4.471,1,4004,54004,lowband_largesig_r01,prps,1457,7,0.061952,33,0,33,0.08639380,4.95000,prps,0,286
4491,4.491,1,4004,54004,lowband_largesig_r01,prps,1476,26,0.220238,19,0,19,0.04974188,2.85000,prps,0,290
4511,4.511,1,4004,54004,lowband_largesig_r01,prps,1489,39,0.325568,4,0,4,0.01047198,0.60000,prps,0,294
4531,4.531,1,4004,54004,lowband_largesig_r01,prps,1494,44,0.371571,-9,0,-9,-0.02356194,-1.35000,prps,0,298
4551,4.551,1,4004,54004,lowband_largesig_r01,prps,1493,43,0.359818,-19,0,-19,-0.04974188,-2.85000,prps,0,302
4571,4.571,1,4004,54004,lowband_largesig_r01,prps,1486,36,0.298972,-26,0,-26,-0.06806784,-3.90000,prps,0,306
4591,4.591,1,4004,54004,lowband_largesig_r01,prps,1474,24,0.202942,-29,0,-29,-0.07592182,-4.35000,prps,0,310
4611,4.611,1,4004,54004,lowband_largesig_r01,prps,1461,11,0.088372,-28,0,-28,-0.07330382,-4.20000,prps,0,314
4631,4.631,1,4004,54004,lowband_largesig_r01,prps,1447,-3,-0.028098,-25,0,-25,-0.06544985,-3.75000,prps,0,318
4651,4.651,1,4004,54004,lowband_largesig_r01,prps,1434,-16,-0.132348,-19,0,-19,-0.04974188,-2.85000,prps,0,322
4671,4.671,1,4004,54004,lowband_largesig_r01,prps,1424,-26,-0.214681,-12,0,-12,-0.03141592,-1.80000,prps,0,326
4691,4.691,1,4004,54004,lowband_largesig_r01,prps,1418,-32,-0.270824,-5,0,-5,-0.01308997,-0.75000,prps,0,330
4711,4.711,1,4004,54004,lowband_largesig_r01,prps,1414,-36,-0.301925,2,0,2,0.00523599,0.30000,prps,0,334
4731,4.731,1,4004,54004,lowband_largesig_r01,prps,1413,-37,-0.313598,8,0,8,0.02094395,1.20000,prps,0,338
4751,4.751,1,4004,54004,lowband_largesig_r01,prps,1413,-37,-0.314246,11,0,11,0.02879793,1.65000,prps,0,342
4771,4.771,1,4004,54004,lowband_largesig_r01,prps,1413,-37,-0.312996,12,0,12,0.03141592,1.80000,prps,0,346
4791,4.791,1,4004,54004,lowband_largesig_r01,prps,1412,-38,-0.317647,14,0,14,0.03665191,2.10000,prps,0,350
4811,4.811,1,4004,54004,lowband_largesig_r01,prps,1410,-40,-0.333001,14,0,14,0.03665191,2.10000,prps,0,354
4831,4.831,1,4004,54004,lowband_largesig_r01,prps,1407,-43,-0.359884,14,0,14,0.03665191,2.10000,prps,0,358
4851,4.851,1,4004,54004,lowband_largesig_r01,prps,1403,-47,-0.395006,14,0,14,0.03665191,2.10000,prps,0,362
4871,4.871,1,4004,54004,lowband_largesig_r01,prps,1399,-51,-0.431677,15,0,15,0.03926991,2.25000,prps,0,366
4891,4.891,1,4004,54004,lowband_largesig_r01,prps,1395,-55,-0.461212,15,0,15,0.03926991,2.25000,prps,0,370
4911,4.911,1,4004,54004,lowband_largesig_r01,prps,1394,-56,-0.474758,16,0,16,0.04188790,2.40000,prps,0,374
4931,4.931,1,4004,54004,lowband_largesig_r01,prps,1395,-55,-0.465182,18,0,18,0.04712389,2.70000,prps,0,378
4951,4.951,1,4004,54004,lowband_largesig_r01,prps,1399,-51,-0.428659,19,0,19,0.04974188,2.85000,prps,0,382
4971,4.971,1,4004,54004,lowband_largesig_r01,prps,1406,-44,-0.365665,20,0,20,0.05235988,3.00000,prps,0,386
4991,4.991,1,4004,54004,lowband_largesig_r01,prps,1417,-33,-0.281172,20,0,20,0.05235988,3.00000,prps,0,390
5011,5.011,1,4004,54004,lowband_largesig_r01,prps,1428,-22,-0.184003,19,0,19,0.04974188,2.85000,prps,0,394
5031,5.031,1,4004,54004,lowband_largesig_r01,prps,1440,-10,-0.085456,17,0,17,0.04450589,2.55000,prps,0,398
5051,5.051,1,4004,54004,lowband_largesig_r01,prps,1450,0,0.002568,13,0,13,0.03403392,1.95000,prps,0,402
5071,5.071,1,4004,54004,lowband_largesig_r01,prps,1458,8,0.069589,9,0,9,0.02356194,1.35000,prps,0,406
5091,5.091,1,4004,54004,lowband_largesig_r01,prps,1463,13,0.108379,5,0,5,0.01308997,0.75000,prps,0,410
5111,5.111,1,4004,54004,lowband_largesig_r01,prps,1464,14,0.116255,0,0,0,0.00000000,0.00000,prps,0,414
5131,5.131,1,4004,54004,lowband_largesig_r01,prps,1461,11,0.095620,-3,0,-3,-0.00785398,-0.45000,prps,0,418
5151,5.151,1,4004,54004,lowband_largesig_r01,prps,1456,6,0.053617,-5,0,-5,-0.01308997,-0.75000,prps,0,422
5171,5.171,1,4004,54004,lowband_largesig_r01,prps,1450,0,0.000988,-6,0,-6,-0.01570796,-0.90000,prps,0,426
5191,5.191,1,4004,54004,lowband_largesig_r01,prps,1444,-6,-0.049708,-6,0,-6,-0.01570796,-0.90000,prps,0,430
5211,5.211,1,4004,54004,lowband_largesig_r01,prps,1440,-10,-0.086188,-4,0,-4,-0.01047198,-0.60000,prps,0,434
5231,5.231,1,4004,54004,lowband_largesig_r01,prps,1438,-12,-0.098505,-3,0,-3,-0.00785398,-0.45000,prps,0,438
5251,5.251,1,4004,54004,lowband_largesig_r01,prps,1440,-10,-0.080719,-2,0,-2,-0.00523599,-0.30000,prps,0,442
5271,5.271,1,4004,54004,lowband_largesig_r01,prps,1446,-4,-0.031902,-1,0,-1,-0.00261799,-0.15000,prps,0,446
5291,5.291,1,4004,54004,lowband_largesig_r01,prps,1455,5,0.043706,0,0,0,0.00000000,0.00000,prps,0,450
5311,5.311,1,4004,54004,lowband_largesig_r01,prps,1466,16,0.137395,0,0,0,0.00000000,0.00000,prps,0,454
5331,5.331,1,4004,54004,lowband_largesig_r01,prps,1478,28,0.237428,-2,0,-2,-0.00523599,-0.30000,prps,0,458
5351,5.351,1,4004,54004,lowband_largesig_r01,prps,1489,39,0.330972,-5,0,-5,-0.01308997,-0.75000,prps,0,462
5371,5.371,1,4004,54004,lowband_largesig_r01,prps,1498,48,0.406201,-10,0,-10,-0.02617994,-1.50000,prps,0,466
5391,5.391,1,4004,54004,lowband_largesig_r01,prps,1504,54,0.454204,-16,0,-16,-0.04188790,-2.40000,prps,0,470
5411,5.411,1,4004,54004,lowband_largesig_r01,prps,1506,56,0.470394,-23,0,-23,-0.06021386,-3.45000,prps,0,474
5431,5.431,1,4004,54004,lowband_largesig_r01,prps,1504,54,0.455203,-29,0,-29,-0.07592182,-4.35000,prps,0,478
5451,5.451,1,4004,54004,lowband_largesig_r01,prps,1499,49,0.413933,-32,0,-32,-0.08377580,-4.80000,prps,0,482
5471,5.471,1,4004,54004,lowband_largesig_r01,prps,1492,42,0.355844,-33,0,-33,-0.08639380,-4.95000,prps,0,486
5491,5.491,1,4004,54004,lowband_largesig_r01,prps,1485,35,0.292612,-33,0,-33,-0.08639380,-4.95000,prps,0,490
5511,5.511,1,4004,54004,lowband_largesig_r01,prps,1478,28,0.236451,-32,0,-32,-0.08377580,-4.80000,prps,0,494
5531,5.531,1,4004,54004,lowband_largesig_r01,prps,1474,24,0.198204,-30,0,-30,-0.07853982,-4.50000,prps,0,498
5551,5.551,1,4004,54004,lowband_largesig_r01,prps,1472,22,0.185708,-27,0,-27,-0.07068583,-4.05000,prps,0,502
5571,5.571,1,4004,54004,lowband_largesig_r01,prps,1474,24,0.202692,-25,0,-25,-0.06544985,-3.75000,prps,0,506
5591,5.591,1,4004,54004,lowband_largesig_r01,prps,1480,30,0.248359,-23,0,-23,-0.06021386,-3.45000,prps,0,510
5611,5.611,1,4004,54004,lowband_largesig_r01,prps,1488,38,0.317677,-23,0,-23,-0.06021386,-3.45000,prps,0,514
5631,5.631,1,4004,54004,lowband_largesig_r01,prps,1498,48,0.402306,-23,0,-23,-0.06021386,-3.45000,prps,0,518
5651,5.651,1,4004,54004,lowband_largesig_r01,prps,1509,59,0.491951,-23,0,-23,-0.06021386,-3.45000,prps,0,522
5671,5.671,1,4004,54004,lowband_largesig_r01,prps,1519,69,0.575918,-26,0,-26,-0.06806784,-3.90000,prps,0,526
5691,5.691,1,4004,54004,lowband_largesig_r01,prps,1527,77,0.644588,-30,0,-30,-0.07853982,-4.50000,prps,0,530
5711,5.711,1,4004,54004,lowband_largesig_r01,prps,1532,82,0.690595,-35,0,-35,-0.09162979,-5.25000,prps,0,534
5731,5.731,1,4004,54004,lowband_largesig_r01,prps,1534,84,0.709541,-40,0,-40,-0.10471976,-6.00000,prps,0,538
5751,5.751,1,4004,54004,lowband_largesig_r01,prps,1533,83,0.700180,-45,0,-45,-0.11780972,-6.75000,prps,0,542
5771,5.771,1,4004,54004,lowband_largesig_r01,prps,1529,79,0.664119,-49,0,-49,-0.12828170,-7.35000,prps,0,546
5791,5.791,1,4004,54004,lowband_largesig_r01,prps,1522,72,0.605138,-50,0,-50,-0.13089970,-7.50000,prps,0,550
5811,5.811,1,4004,54004,lowband_largesig_r01,prps,1513,63,0.528322,-50,0,-50,-0.13089970,-7.50000,prps,0,554
5831,5.831,1,4004,54004,lowband_largesig_r01,prps,1502,52,0.439191,-48,0,-48,-0.12566370,-7.20000,prps,0,558
5851,5.851,1,4004,54004,lowband_largesig_r01,prps,1491,41,0.342991,-46,0,-46,-0.12042772,-6.90000,prps,0,562
5871,5.871,1,4004,54004,lowband_largesig_r01,prps,1479,29,0.244278,-43,0,-43,-0.11257374,-6.45000,prps,0,566
5891,5.891,1,4004,54004,lowband_largesig_r01,prps,1467,17,0.146818,-38,0,-38,-0.09948376,-5.70000,prps,0,570
5911,5.911,1,4004,54004,lowband_largesig_r01,prps,1456,6,0.053761,-31,0,-31,-0.08115781,-4.65000,prps,0,574
5931,5.931,1,4004,54004,lowband_largesig_r01,prps,1446,-4,-0.032003,-25,0,-25,-0.06544985,-3.75000,prps,0,578
5951,5.951,1,4004,54004,lowband_largesig_r01,prps,1437,-13,-0.107484,-18,0,-18,-0.04712389,-2.70000,prps,0,582
5971,5.971,1,4004,54004,lowband_largesig_r01,prps,1430,-20,-0.169342,-12,0,-12,-0.03141592,-1.80000,prps,0,586
5991,5.991,1,4004,54004,lowband_largesig_r01,prps,1425,-25,-0.213905,-5,0,-5,-0.01308997,-0.75000,prps,0,590
6011,6.011,1,4004,54004,lowband_largesig_r01,prps,1422,-28,-0.237466,0,0,0,0.00000000,0.00000,prps,0,594
6031,6.031,1,4004,54004,lowband_largesig_r01,prps,1422,-28,-0.236880,5,0,5,0.01308997,0.75000,prps,0,598
6051,6.051,1,4004,54004,lowband_largesig_r01,prps,1425,-25,-0.210317,7,0,7,0.01832596,1.05000,prps,0,602
6071,6.071,1,4004,54004,lowband_largesig_r01,prps,1431,-19,-0.158039,7,0,7,0.01832596,1.05000,prps,0,606
6091,6.091,1,4004,54004,lowband_largesig_r01,prps,1440,-10,-0.082997,8,0,8,0.02094395,1.20000,prps,0,610
6111,6.111,1,4004,54004,lowband_largesig_r01,prps,1451,1,0.008937,8,0,8,0.02094395,1.20000,prps,0,614
6131,6.131,1,4004,54004,lowband_largesig_r01,prps,1463,13,0.109206,6,0,6,0.01570796,0.90000,prps,0,618
6151,6.151,1,4004,54004,lowband_largesig_r01,prps,1475,25,0.207338,4,0,4,0.01047198,0.60000,prps,0,622
6171,6.171,1,4004,54004,lowband_largesig_r01,prps,1485,35,0.292174,-2,0,-2,-0.00523599,-0.30000,prps,0,626
6191,6.191,1,4004,54004,lowband_largesig_r01,prps,1492,42,0.353405,-7,0,-7,-0.01832596,-1.05000,prps,0,630
6211,6.211,1,4004,54004,lowband_largesig_r01,prps,1496,46,0.383161,-13,0,-13,-0.03403392,-1.95000,prps,0,634
6231,6.231,1,4004,54004,lowband_largesig_r01,prps,1495,45,0.377411,-19,0,-19,-0.04974188,-2.85000,prps,0,638
6251,6.251,1,4004,54004,lowband_largesig_r01,prps,1490,40,0.336873,-25,0,-25,-0.06544985,-3.75000,prps,0,642
6271,6.271,1,4004,54004,lowband_largesig_r01,prps,1482,32,0.267251,-28,0,-28,-0.07330382,-4.20000,prps,0,646
6291,6.291,1,4004,54004,lowband_largesig_r01,prps,1471,21,0.178700,-28,0,-28,-0.07330382,-4.20000,prps,0,650
6311,6.311,1,4004,54004,lowband_largesig_r01,prps,1460,10,0.084532,-26,0,-26,-0.06806784,-3.90000,prps,0,654
6331,6.331,1,4004,54004,lowband_largesig_r01,prps,1450,0,-0.000662,-24,0,-24,-0.06283185,-3.60000,prps,0,658
6351,6.351,1,4004,54004,lowband_largesig_r01,prps,1442,-8,-0.063212,-20,0,-20,-0.05235988,-3.00000,prps,0,662
6371,6.371,1,4004,54004,lowband_largesig_r01,prps,1439,-11,-0.092539,-14,0,-14,-0.03665191,-2.10000,prps,0,666
6391,6.391,1,4004,54004,lowband_largesig_r01,prps,1440,-10,-0.082942,-8,0,-8,-0.02094395,-1.20000,prps,0,670
6411,6.411,1,4004,54004,lowband_largesig_r01,prps,1446,-4,-0.034685,-4,0,-4,-0.01047198,-0.60000,prps,0,674
6431,6.431,1,4004,54004,lowband_largesig_r01,prps,1455,5,0.045823,-1,0,-1,-0.00261799,-0.15000,prps,0,678
6451,6.451,1,4004,54004,lowband_largesig_r01,prps,1467,17,0.146820,-1,0,-1,-0.00261799,-0.15000,prps,0,682
6471,6.471,1,4004,54004,lowband_largesig_r01,prps,1480,30,0.252870,-1,0,-1,-0.00261799,-0.15000,prps,0,686
6491,6.491,1,4004,54004,lowband_largesig_r01,prps,1491,41,0.347177,-5,0,-5,-0.01308997,-0.75000,prps,0,690
6511,6.511,1,4004,54004,lowband_largesig_r01,prps,1499,49,0.414173,-10,0,-10,-0.02617994,-1.50000,prps,0,694
6531,6.531,1,4004,54004,lowband_largesig_r01,prps,1503,53,0.441982,-17,0,-17,-0.04450589,-2.55000,prps,0,698
6551,6.551,1,4004,54004,lowband_largesig_r01,prps,1500,50,0.424329,-24,0,-24,-0.06283185,-3.60000,prps,0,702
6571,6.571,1,4004,54004,lowband_largesig_r01,prps,1493,43,0.361596,-30,0,-30,-0.07853982,-4.50000,prps,0,706
6591,6.591,1,4004,54004,lowband_largesig_r01,prps,1481,31,0.260814,-32,0,-32,-0.08377580,-4.80000,prps,0,710
6611,6.611,1,4004,54004,lowband_largesig_r01,prps,1466,16,0.134590,-32,0,-32,-0.08377580,-4.80000,prps,0,714
6631,6.631,1,4004,54004,lowband_largesig_r01,prps,1450,0,-0.000880,-29,0,-29,-0.07592182,-4.35000,prps,0,718
6651,6.651,1,4004,54004,lowband_largesig_r01,prps,1435,-15,-0.128397,-23,0,-23,-0.06021386,-3.45000,prps,0,722
6671,6.671,1,4004,54004,lowband_largesig_r01,prps,1422,-28,-0.232516,-16,0,-16,-0.04188790,-2.40000,prps,0,726
6691,6.691,1,4004,54004,lowband_largesig_r01,prps,1414,-36,-0.302034,-7,0,-7,-0.01832596,-1.05000,prps,0,730
6711,6.711,1,4004,54004,lowband_largesig_r01,prps,1411,-39,-0.331783,2,0,2,0.00523599,0.30000,prps,0,734
6731,6.731,1,4004,54004,lowband_largesig_r01,prps,1412,-38,-0.323430,9,0,9,0.02356194,1.35000,prps,0,738
6751,6.751,1,4004,54004,lowband_largesig_r01,prps,1416,-34,-0.285139,13,0,13,0.03403392,1.95000,prps,0,742
6771,6.771,1,4004,54004,lowband_largesig_r01,prps,1423,-27,-0.230151,14,0,14,0.03665191,2.10000,prps,0,746
6791,6.791,1,4004,54004,lowband_largesig_r01,prps,1429,-21,-0.174497,14,0,14,0.03665191,2.10000,prps,0,750
6811,6.811,1,4004,54004,lowband_largesig_r01,prps,1434,-16,-0.134233,13,0,13,0.03403392,1.95000,prps,0,754
6831,6.831,1,4004,54004,lowband_largesig_r01,prps,1435,-15,-0.122642,13,0,13,0.03403392,1.95000,prps,0,758
6851,6.851,1,4004,54004,lowband_largesig_r01,prps,1432,-18,-0.147879,11,0,11,0.02879793,1.65000,prps,0,762
6871,6.871,1,4004,54004,lowband_largesig_r01,prps,1425,-25,-0.211457,8,0,8,0.02094395,1.20000,prps,0,766
6891,6.891,1,4004,54004,lowband_largesig_r01,prps,1413,-37,-0.307820,7,0,7,0.01832596,1.05000,prps,0,770
6911,6.911,1,4004,54004,lowband_largesig_r01,prps,1399,-51,-0.425095,8,0,8,0.02094395,1.20000,prps,0,774
6931,6.931,1,4004,54004,lowband_largesig_r01,prps,1385,-65,-0.546906,10,0,10,0.02617994,1.50000,prps,0,778
6951,6.951,1,4004,54004,lowband_largesig_r01,prps,1372,-78,-0.654951,15,0,15,0.03926991,2.25000,prps,0,782
6971,6.971,1,4004,54004,lowband_largesig_r01,prps,1363,-87,-0.731933,20,0,20,0.05235988,3.00000,prps,0,786
6991,6.991,1,4004,54004,lowband_largesig_r01,prps,1359,-91,-0.764358,26,0,26,0.06806784,3.90000,prps,0,790
7011,7.011,1,4004,54004,lowband_largesig_r01,prps,1361,-89,-0.744758,33,0,33,0.08639380,4.95000,prps,0,794
7031,7.031,1,4004,54004,lowband_largesig_r01,prps,1370,-80,-0.672967,38,0,38,0.09948376,5.70000,prps,0,798
7051,7.051,1,4004,54004,lowband_largesig_r01,prps,1384,-66,-0.556248,40,0,40,0.10471976,6.00000,prps,0,802
7071,7.071,1,4004,54004,lowband_largesig_r01,prps,1401,-49,-0.408265,40,0,40,0.10471976,6.00000,prps,0,806
7091,7.091,1,4004,54004,lowband_largesig_r01,prps,1421,-29,-0.247050,39,0,39,0.10210176,5.85000,prps,0,810
7111,7.111,1,4004,54004,lowband_largesig_r01,prps,1439,-11,-0.092327,33,0,33,0.08639380,4.95000,prps,0,814
7131,7.131,1,4004,54004,lowband_largesig_r01,prps,1454,4,0.037409,23,0,23,0.06021386,3.45000,prps,0,818
7151,7.151,1,4004,54004,lowband_largesig_r01,prps,1465,15,0.127564,12,0,12,0.03141592,1.80000,prps,0,822
7171,7.171,1,4004,54004,lowband_largesig_r01,prps,1470,20,0.169468,2,0,2,0.00523599,0.30000,prps,0,826
7191,7.191,1,4004,54004,lowband_largesig_r01,prps,1469,19,0.161448,-6,0,-6,-0.01570796,-0.90000,prps,0,830
7211,7.211,1,4004,54004,lowband_largesig_r01,prps,1463,13,0.108799,-10,0,-10,-0.02617994,-1.50000,prps,0,834
7231,7.231,1,4004,54004,lowband_largesig_r01,prps,1453,3,0.022703,-12,0,-12,-0.03141592,-1.80000,prps,0,838
7251,7.251,1,4004,54004,lowband_largesig_r01,prps,1440,-10,-0.081706,-12,0,-12,-0.03141592,-1.80000,prps,0,842
7271,7.271,1,4004,54004,lowband_largesig_r01,prps,1428,-22,-0.187773,-10,0,-10,-0.02617994,-1.50000,prps,0,846
7291,7.291,1,4004,54004,lowband_largesig_r01,prps,1417,-33,-0.279864,-5,0,-5,-0.01308997,-0.75000,prps,0,850
7311,7.311,1,4004,54004,lowband_largesig_r01,prps,1409,-41,-0.345588,1,0,1,0.00261799,0.15000,prps,0,854
7331,7.331,1,4004,54004,lowband_largesig_r01,prps,1405,-45,-0.377376,7,0,7,0.01832596,1.05000,prps,0,858
7351,7.351,1,4004,54004,lowband_largesig_r01,prps,1406,-44,-0.373189,11,0,11,0.02879793,1.65000,prps,0,862
7371,7.371,1,4004,54004,lowband_largesig_r01,prps,1410,-40,-0.336300,15,0,15,0.03926991,2.25000,prps,0,866
7391,7.391,1,4004,54004,lowband_largesig_r01,prps,1417,-33,-0.274240,15,0,15,0.03926991,2.25000,prps,0,870
7411,7.411,1,4004,54004,lowband_largesig_r01,prps,1427,-23,-0.197148,15,0,15,0.03926991,2.25000,prps,0,874
7431,7.431,1,4004,54004,lowband_largesig_r01,prps,1436,-14,-0.115850,14,0,14,0.03665191,2.10000,prps,0,878
7451,7.451,1,4004,54004,lowband_largesig_r01,prps,1445,-5,-0.040002,13,0,13,0.03403392,1.95000,prps,0,882
7471,7.471,1,4004,54004,lowband_largesig_r01,prps,1453,3,0.023352,10,0,10,0.02617994,1.50000,prps,0,886
7491,7.491,1,4004,54004,lowband_largesig_r01,prps,1458,8,0.070617,6,0,6,0.01570796,0.90000,prps,0,890
7511,7.511,1,4004,54004,lowband_largesig_r01,prps,1462,12,0.101737,2,0,2,0.00523599,0.30000,prps,0,894
7531,7.531,1,4004,54004,lowband_largesig_r01,prps,1464,14,0.119601,-1,0,-1,-0.00261799,-0.15000,prps,0,898
7551,7.551,1,4004,54004,lowband_largesig_r01,prps,1465,15,0.128913,-4,0,-4,-0.01047198,-0.60000,prps,0,902
7571,7.571,1,4004,54004,lowband_largesig_r01,prps,1466,16,0.134787,-6,0,-6,-0.01570796,-0.90000,prps,0,906
7591,7.591,1,4004,54004,lowband_largesig_r01,prps,1467,17,0.141370,-9,0,-9,-0.02356194,-1.35000,prps,0,910
7611,7.611,1,4004,54004,lowband_largesig_r01,prps,1468,18,0.150758,-10,0,-10,-0.02617994,-1.50000,prps,0,914
7631,7.631,1,4004,54004,lowband_largesig_r01,prps,1469,19,0.162449,-10,0,-10,-0.02617994,-1.50000,prps,0,918
7651,7.651,1,4004,54004,lowband_largesig_r01,prps,1471,21,0.173407,-12,0,-12,-0.03141592,-1.80000,prps,0,922
7671,7.671,1,4004,54004,lowband_largesig_r01,prps,1471,21,0.178742,-12,0,-12,-0.03141592,-1.80000,prps,0,926
7691,7.691,1,4004,54004,lowband_largesig_r01,prps,1471,21,0.172854,-12,0,-12,-0.03141592,-1.80000,prps,0,930
7711,7.711,1,4004,54004,lowband_largesig_r01,prps,1468,18,0.150823,-12,0,-12,-0.03141592,-1.80000,prps,0,934
7731,7.731,1,4004,54004,lowband_largesig_r01,prps,1463,13,0.109737,-12,0,-12,-0.03141592,-1.80000,prps,0,938
7751,7.751,1,4004,54004,lowband_largesig_r01,prps,1456,6,0.049724,-12,0,-12,-0.03141592,-1.80000,prps,0,942
7771,7.771,1,4004,54004,lowband_largesig_r01,prps,1447,-3,-0.025571,-12,0,-12,-0.03141592,-1.80000,prps,0,946
7791,7.791,1,4004,54004,lowband_largesig_r01,prps,1437,-13,-0.109158,-11,0,-11,-0.02879793,-1.65000,prps,0,950
7811,7.811,1,4004,54004,lowband_largesig_r01,prps,1427,-23,-0.191522,-9,0,-9,-0.02356194,-1.35000,prps,0,954
7831,7.831,1,4004,54004,lowband_largesig_r01,prps,1419,-31,-0.261979,-4,0,-4,-0.01047198,-0.60000,prps,0,958
7851,7.851,1,4004,54004,lowband_largesig_r01,prps,1413,-37,-0.310339,2,0,2,0.00523599,0.30000,prps,0,962
7871,7.871,1,4004,54004,lowband_largesig_r01,prps,1411,-39,-0.328583,7,0,7,0.01832596,1.05000,prps,0,966
7891,7.891,1,4004,54004,lowband_largesig_r01,prps,1413,-37,-0.312276,10,0,10,0.02617994,1.50000,prps,0,970
7911,7.911,1,4004,54004,lowband_largesig_r01,prps,1419,-31,-0.261453,13,0,13,0.03403392,1.95000,prps,0,974
7931,7.931,1,4004,54004,lowband_largesig_r01,prps,1428,-22,-0.180829,14,0,14,0.03665191,2.10000,prps,0,978
7951,7.951,1,4004,54004,lowband_largesig_r01,prps,1441,-9,-0.079271,13,0,13,0.03403392,1.95000,prps,0,982
7971,7.971,1,4004,54004,lowband_largesig_r01,prps,1454,4,0.031370,12,0,12,0.03141592,1.80000,prps,0,986
7991,7.991,1,4004,54004,lowband_largesig_r01,prps,1466,16,0.137904,9,0,9,0.02356194,1.35000,prps,0,990
8011,8.011,1,4004,54004,lowband_largesig_r01,prps,1477,27,0.227633,3,0,3,0.00785398,0.45000,prps,0,994
8031,8.031,1,4004,54004,lowband_largesig_r01,prps,1485,35,0.290099,-3,0,-3,-0.00785398,-0.45000,prps,0,998
8051,8.051,1,4004,54004,lowband_largesig_r01,prps,1488,38,0.318460,-8,0,-8,-0.02094395,-1.20000,prps,0,1002
8071,8.071,1,4004,54004,lowband_largesig_r01,prps,1487,37,0.310297,-13,0,-13,-0.03403392,-1.95000,prps,0,1006
8091,8.091,1,4004,54004,lowband_largesig_r01,prps,1482,32,0.267750,-18,0,-18,-0.04712389,-2.70000,prps,0,1010
8111,8.111,1,4004,54004,lowband_largesig_r01,prps,1473,23,0.196988,-23,0,-23,-0.06021386,-3.45000,prps,0,1014
8131,8.131,1,4004,54004,lowband_largesig_r01,prps,1463,13,0.107139,-23,0,-23,-0.06021386,-3.45000,prps,0,1018
8151,8.151,1,4004,54004,lowband_largesig_r01,prps,1451,1,0.008880,-22,0,-22,-0.05759586,-3.30000,prps,0,1022
8171,8.171,1,4004,54004,lowband_largesig_r01,prps,1440,-10,-0.087059,-19,0,-19,-0.04974188,-2.85000,prps,0,1026
8191,8.191,1,4004,54004,lowband_largesig_r01,prps,1430,-20,-0.171236,-14,0,-14,-0.03665191,-2.10000,prps,0,1030
8211,8.211,1,4004,54004,lowband_largesig_r01,prps,1422,-28,-0.236478,-8,0,-8,-0.02094395,-1.20000,prps,0,1034
8231,8.231,1,4004,54004,lowband_largesig_r01,prps,1417,-33,-0.278388,-1,0,-1,-0.00261799,-0.15000,prps,0,1038
8251,8.251,1,4004,54004,lowband_largesig_r01,prps,1415,-35,-0.295343,5,0,5,0.01308997,0.75000,prps,0,1042
8271,8.271,1,4004,54004,lowband_largesig_r01,prps,1416,-34,-0.288063,10,0,10,0.02617994,1.50000,prps,0,1046
8291,8.291,1,4004,54004,lowband_largesig_r01,prps,1419,-31,-0.258900,12,0,12,0.03141592,1.80000,prps,0,1050
8311,8.311,1,4004,54004,lowband_largesig_r01,prps,1425,-25,-0.211027,13,0,13,0.03403392,1.95000,prps,0,1054
8331,8.331,1,4004,54004,lowband_largesig_r01,prps,1432,-18,-0.147729,13,0,13,0.03403392,1.95000,prps,0,1058
8351,8.351,1,4004,54004,lowband_largesig_r01,prps,1441,-9,-0.071939,12,0,12,0.03141592,1.80000,prps,0,1062
8371,8.371,1,4004,54004,lowband_largesig_r01,prps,1452,2,0.013895,11,0,11,0.02879793,1.65000,prps,0,1066
8391,8.391,1,4004,54004,lowband_largesig_r01,prps,1463,13,0.107606,7,0,7,0.01832596,1.05000,prps,0,1070
8411,8.411,1,4004,54004,lowband_largesig_r01,prps,1475,25,0.206869,3,0,3,0.00785398,0.45000,prps,0,1074
8431,8.431,1,4004,54004,lowband_largesig_r01,prps,1487,37,0.308658,-2,0,-2,-0.00523599,-0.30000,prps,0,1078
8451,8.451,1,4004,54004,lowband_largesig_r01,prps,1499,49,0.408793,-8,0,-8,-0.02094395,-1.20000,prps,0,1082
8471,8.471,1,4004,54004,lowband_largesig_r01,prps,1510,60,0.501736,-14,0,-14,-0.03665191,-2.10000,prps,0,1086
8491,8.491,1,4004,54004,lowband_largesig_r01,prps,1519,69,0.580746,-22,0,-22,-0.05759586,-3.30000,prps,0,1090
8511,8.511,1,4004,54004,lowband_largesig_r01,prps,1526,76,0.638458,-30,0,-30,-0.07853982,-4.50000,prps,0,1094
8531,8.531,1,4004,54004,lowband_largesig_r01,prps,1529,79,0.667806,-37,0,-37,-0.09686577,-5.55000,prps,0,1098
8551,8.551,1,4004,54004,lowband_largesig_r01,prps,1529,79,0.663155,-43,0,-43,-0.11257374,-6.45000,prps,0,1102
8571,8.571,1,4004,54004,lowband_largesig_r01,prps,1524,74,0.621443,-47,0,-47,-0.12304571,-7.05000,prps,0,1106
8591,8.591,1,4004,54004,lowband_largesig_r01,prps,1515,65,0.543087,-49,0,-49,-0.12828170,-7.35000,prps,0,1110
8611,8.611,1,4004,54004,lowband_largesig_r01,prps,1501,51,0.432445,-48,0,-48,-0.12566370,-7.20000,prps,0,1114
8631,8.631,1,4004,54004,lowband_largesig_r01,prps,1485,35,0.297680,-47,0,-47,-0.12304571,-7.05000,prps,0,1118
8651,8.651,1,4004,54004,lowband_largesig_r01,prps,1468,18,0.149979,-43,0,-43,-0.11257374,-6.45000,prps,0,1122
8671,8.671,1,4004,54004,lowband_largesig_r01,prps,1450,0,0.002198,-36,0,-36,-0.09424778,-5.40000,prps,0,1126
8691,8.691,1,4004,54004,lowband_largesig_r01,prps,1434,-16,-0.132892,-27,0,-27,-0.07068583,-4.05000,prps,0,1130
8711,8.711,1,4004,54004,lowband_largesig_r01,prps,1421,-29,-0.244477,-17,0,-17,-0.04450589,-2.55000,prps,0,1134
8731,8.731,1,4004,54004,lowband_largesig_r01,prps,1411,-39,-0.325388,-7,0,-7,-0.01832596,-1.05000,prps,0,1138
8751,8.751,1,4004,54004,lowband_largesig_r01,prps,1406,-44,-0.373283,3,0,3,0.00785398,0.45000,prps,0,1142
8771,8.771,1,4004,54004,lowband_largesig_r01,prps,1403,-47,-0.391090,11,0,11,0.02879793,1.65000,prps,0,1146
8791,8.791,1,4004,54004,lowband_largesig_r01,prps,1404,-46,-0.386598,16,0,16,0.04188790,2.40000,prps,0,1150
8811,8.811,1,4004,54004,lowband_largesig_r01,prps,1406,-44,-0.371194,18,0,18,0.04712389,2.70000,prps,0,1154
8831,8.831,1,4004,54004,lowband_largesig_r01,prps,1407,-43,-0.357920,18,0,18,0.04712389,2.70000,prps,0,1158
8851,8.851,1,4004,54004,lowband_largesig_r01,prps,1407,-43,-0.359156,18,0,18,0.04712389,2.70000,prps,0,1162
8871,8.871,1,4004,54004,lowband_largesig_r01,prps,1404,-46,-0.384284,18,0,18,0.04712389,2.70000,prps,0,1166
8891,8.891,1,4004,54004,lowband_largesig_r01,prps,1398,-52,-0.437746,18,0,18,0.04712389,2.70000,prps,0,1170
8911,8.911,1,4004,54004,lowband_largesig_r01,prps,1388,-62,-0.517840,19,0,19,0.04974188,2.85000,prps,0,1174
8931,8.931,1,4004,54004,lowband_largesig_r01,prps,1377,-73,-0.616505,20,0,20,0.05235988,3.00000,prps,0,1178
8951,8.951,1,4004,54004,lowband_largesig_r01,prps,1364,-86,-0.720173,22,0,22,0.05759586,3.30000,prps,0,1182
8971,8.971,1,4004,54004,lowband_largesig_r01,prps,1353,-97,-0.811607,27,0,27,0.07068583,4.05000,prps,0,1186
8991,8.991,1,4004,54004,lowband_largesig_r01,prps,1346,-104,-0.872472,33,0,33,0.08639380,4.95000,prps,0,1190
9011,9.011,1,4004,54004,lowband_largesig_r01,prps,1345,-105,-0.886238,39,0,39,0.10210176,5.85000,prps,0,1194
9031,9.031,1,4004,54004,lowband_largesig_r01,prps,1350,-100,-0.840978,45,0,45,0.11780972,6.75000,prps,0,1198
9051,9.051,1,4004,54004,lowband_largesig_r01,prps,1363,-87,-0.731582,50,0,50,0.13089970,7.50000,prps,0,1202
9071,9.071,1,4004,54004,lowband_largesig_r01,prps,1383,-67,-0.561030,52,0,52,0.13613568,7.80000,prps,0,1206
9091,9.091,1,4004,54004,lowband_largesig_r01,prps,1409,-41,-0.340478,51,0,51,0.13351768,7.65000,prps,0,1210
9111,9.111,1,4004,54004,lowband_largesig_r01,prps,1440,-10,-0.088104,44,0,44,0.11519173,6.60000,prps,0,1214
9131,9.131,1,4004,54004,lowband_largesig_r01,prps,1471,21,0.173120,32,0,32,0.08377580,4.80000,prps,0,1218
9151,9.151,1,4004,54004,lowband_largesig_r01,prps,1500,50,0.418442,17,0,17,0.04450589,2.55000,prps,0,1222
9171,9.171,1,4004,54004,lowband_largesig_r01,prps,1524,74,0.624643,0,0,0,0.00000000,0.00000,prps,0,1226
9191,9.191,1,4004,54004,lowband_largesig_r01,prps,1542,92,0.773175,-16,0,-16,-0.04188790,-2.40000,prps,0,1230
9211,9.211,1,4004,54004,lowband_largesig_r01,prps,1551,101,0.852628,-32,0,-32,-0.08377580,-4.80000,prps,0,1234
9231,9.231,1,4004,54004,lowband_largesig_r01,prps,1552,102,0.860157,-47,0,-47,-0.12304571,-7.05000,prps,0,1238
9251,9.251,1,4004,54004,lowband_largesig_r01,prps,1545,95,0.801654,-57,0,-57,-0.14922565,-8.55000,prps,0,1242
9271,9.271,1,4004,54004,lowband_largesig_r01,prps,1532,82,0.690651,-61,0,-61,-0.15969762,-9.15000,prps,0,1246
9291,9.291,1,4004,54004,lowband_largesig_r01,prps,1515,65,0.546143,-62,0,-62,-0.16231562,-9.30000,prps,0,1250
9311,9.311,1,4004,54004,lowband_largesig_r01,prps,1496,46,0.389672,-59,0,-59,-0.15446164,-8.85000,prps,0,1254
9331,9.331,1,4004,54004,lowband_largesig_r01,prps,1479,29,0.242160,-52,0,-52,-0.13613568,-7.80000,prps,0,1258
9351,9.351,1,4004,54004,lowband_largesig_r01,prps,1464,14,0.120959,-43,0,-43,-0.11257374,-6.45000,prps,0,1262
9371,9.371,1,4004,54004,lowband_largesig_r01,prps,1454,4,0.037593,-34,0,-34,-0.08901179,-5.10000,prps,0,1266
9391,9.391,1,4004,54004,lowband_largesig_r01,prps,1450,0,-0.003484,-25,0,-25,-0.06544985,-3.75000,prps,0,1270
9411,9.411,1,4004,54004,lowband_largesig_r01,prps,1449,-1,-0.004956,-16,0,-16,-0.04188790,-2.40000,prps,0,1274
9431,9.431,1,4004,54004,lowband_largesig_r01,prps,1453,3,0.024422,-11,0,-11,-0.02879793,-1.65000,prps,0,1278
9451,9.451,1,4004,54004,lowband_largesig_r01,prps,1459,9,0.071820,-8,0,-8,-0.02094395,-1.20000,prps,0,1282
9471,9.471,1,4004,54004,lowband_largesig_r01,prps,1465,15,0.122884,-8,0,-8,-0.02094395,-1.20000,prps,0,1286
9491,9.491,1,4004,54004,lowband_largesig_r01,prps,1470,20,0.164394,-8,0,-8,-0.02094395,-1.20000,prps,0,1290
9511,9.511,1,4004,54004,lowband_largesig_r01,prps,1472,22,0.186589,-9,0,-9,-0.02356194,-1.35000,prps,0,1294
9531,9.531,1,4004,54004,lowband_largesig_r01,prps,1472,22,0.184773,-9,0,-9,-0.02356194,-1.35000,prps,0,1298
9551,9.551,1,4004,54004,lowband_largesig_r01,prps,1469,19,0.159953,-10,0,-10,-0.02617994,-1.50000,prps,0,1302
9571,9.571,1,4004,54004,lowband_largesig_r01,prps,1464,14,0.118439,-12,0,-12,-0.03141592,-1.80000,prps,0,1306
9591,9.591,1,4004,54004,lowband_largesig_r01,prps,1458,8,0.070498,-13,0,-13,-0.03403392,-1.95000,prps,0,1310
9611,9.611,1,4004,54004,lowband_largesig_r01,prps,1453,3,0.028342,-13,0,-13,-0.03403392,-1.95000,prps,0,1314
9631,9.631,1,4004,54004,lowband_largesig_r01,prps,1450,0,0.003789,-12,0,-12,-0.03141592,-1.80000,prps,0,1318
9651,9.651,1,4004,54004,lowband_largesig_r01,prps,1451,1,0.006048,-12,0,-12,-0.03141592,-1.80000,prps,0,1322
9671,9.671,1,4004,54004,lowband_largesig_r01,prps,1455,5,0.039978,-10,0,-10,-0.02617994,-1.50000,prps,0,1326
9691,9.691,1,4004,54004,lowband_largesig_r01,prps,1463,13,0.105138,-8,0,-8,-0.02094395,-1.20000,prps,0,1330
9711,9.711,1,4004,54004,lowband_largesig_r01,prps,1473,23,0.195761,-8,0,-8,-0.02094395,-1.20000,prps,0,1334
9731,9.731,1,4004,54004,lowband_largesig_r01,prps,1486,36,0.301652,-9,0,-9,-0.02356194,-1.35000,prps,0,1338
9751,9.751,1,4004,54004,lowband_largesig_r01,prps,1499,49,0.409830,-11,0,-11,-0.02879793,-1.65000,prps,0,1342
9771,9.771,1,4004,54004,lowband_largesig_r01,prps,1510,60,0.506624,-17,0,-17,-0.04450589,-2.55000,prps,0,1346
9791,9.791,1,4004,54004,lowband_largesig_r01,prps,1519,69,0.579856,-23,0,-23,-0.06021386,-3.45000,prps,0,1350
9811,9.811,1,4004,54004,lowband_largesig_r01,prps,1524,74,0.620740,-30,0,-30,-0.07853982,-4.50000,prps,0,1354
9831,9.831,1,4004,54004,lowband_largesig_r01,prps,1524,74,0.625192,-36,0,-36,-0.09424778,-5.40000,prps,0,1358
9851,9.851,1,4004,54004,lowband_largesig_r01,prps,1521,71,0.594334,-41,0,-41,-0.10733775,-6.15000,prps,0,1362
9871,9.871,1,4004,54004,lowband_largesig_r01,prps,1514,64,0.534153,-45,0,-45,-0.11780972,-6.75000,prps,0,1366
9891,9.891,1,4004,54004,lowband_largesig_r01,prps,1504,54,0.454374,-45,0,-45,-0.11780972,-6.75000,prps,0,1370
9911,9.911,1,4004,54004,lowband_largesig_r01,prps,1494,44,0.366799,-44,0,-44,-0.11519173,-6.60000,prps,0,1374
9931,9.931,1,4004,54004,lowband_largesig_r01,prps,1484,34,0.283376,-42,0,-42,-0.10995574,-6.30000,prps,0,1378
9951,9.951,1,4004,54004,lowband_largesig_r01,prps,1476,26,0.214363,-38,0,-38,-0.09948376,-5.70000,prps,0,1382
9971,9.971,1,4004,54004,lowband_largesig_r01,prps,1470,20,0.166862,-33,0,-33,-0.08639380,-4.95000,prps,0,1386
9991,9.991,1,4004,54004,lowband_largesig_r01,prps,1467,17,0.143979,-27,0,-27,-0.07068583,-4.05000,prps,0,1390
10011,10.011,1,4004,54004,lowband_largesig_r01,prps,1467,17,0.144688,-23,0,-23,-0.06021386,-3.45000,prps,0,1394
10031,10.031,1,4004,54004,lowband_largesig_r01,prps,1470,20,0.164391,-20,0,-20,-0.05235988,-3.00000,prps,0,1398
10051,10.051,1,4004,54004,lowband_largesig_r01,prps,1473,23,0.196037,-19,0,-19,-0.04974188,-2.85000,prps,0,1402
10071,10.071,1,4004,54004,lowband_largesig_r01,prps,1478,28,0.231546,-19,0,-19,-0.04974188,-2.85000,prps,0,1406
10091,10.091,1,4004,54004,lowband_largesig_r01,prps,1481,31,0.263281,-19,0,-19,-0.04974188,-2.85000,prps,0,1410
10111,10.111,1,4004,54004,lowband_largesig_r01,prps,1484,34,0.285286,-19,0,-19,-0.04974188,-2.85000,prps,0,1414
10131,10.131,1,4004,54004,lowband_largesig_r01,prps,1485,35,0.294087,-19,0,-19,-0.04974188,-2.85000,prps,0,1418
10151,10.151,1,4004,54004,lowband_largesig_r01,prps,1484,34,0.288934,-19,0,-19,-0.04974188,-2.85000,prps,0,1422
10171,10.171,1,4004,54004,lowband_largesig_r01,prps,1482,32,0.271478,-21,0,-21,-0.05497787,-3.15000,prps,0,1426
10191,10.191,1,4004,54004,lowband_largesig_r01,prps,1479,29,0.245004,-23,0,-23,-0.06021386,-3.45000,prps,0,1430
10211,10.211,1,4004,54004,lowband_largesig_r01,prps,1475,25,0.213379,-23,0,-23,-0.06021386,-3.45000,prps,0,1434
10231,10.231,1,4004,54004,lowband_largesig_r01,prps,1471,21,0.179978,-23,0,-23,-0.06021386,-3.45000,prps,0,1438
10251,10.251,1,4004,54004,lowband_largesig_r01,prps,1467,17,0.146805,-22,0,-22,-0.05759586,-3.30000,prps,0,1442
10271,10.271,1,4004,54004,lowband_largesig_r01,prps,1464,14,0.113997,-22,0,-22,-0.05759586,-3.30000,prps,0,1446
10291,10.291,1,4004,54004,lowband_largesig_r01,prps,1459,9,0.079811,-22,0,-22,-0.05759586,-3.30000,prps,0,1450
10311,10.311,1,4004,54004,lowband_largesig_r01,prps,1455,5,0.041104,-20,0,-20,-0.05235988,-3.00000,prps,0,1454
10331,10.331,1,4004,54004,lowband_largesig_r01,prps,1449,-1,-0.005816,-18,0,-18,-0.04712389,-2.70000,prps,0,1458
10351,10.351,1,4004,54004,lowband_largesig_r01,prps,1442,-8,-0.064123,-15,0,-15,-0.03926991,-2.25000,prps,0,1462
10371,10.371,1,4004,54004,lowband_largesig_r01,prps,1434,-16,-0.135441,-11,0,-11,-0.02879793,-1.65000,prps,0,1466
10391,10.391,1,4004,54004,lowband_largesig_r01,prps,1424,-26,-0.219056,-7,0,-7,-0.01832596,-1.05000,prps,0,1470
10411,10.411,1,4004,54004,lowband_largesig_r01,prps,1413,-37,-0.311557,-2,0,-2,-0.00523599,-0.30000,prps,0,1474
10431,10.431,1,4004,54004,lowband_largesig_r01,prps,1402,-48,-0.407008,3,0,3,0.00785398,0.45000,prps,0,1478
10451,10.451,1,4004,54004,lowband_largesig_r01,prps,1391,-59,-0.497641,9,0,9,0.02356194,1.35000,prps,0,1482
10471,10.471,1,4004,54004,lowband_largesig_r01,prps,1382,-68,-0.574973,13,0,13,0.03403392,1.95000,prps,0,1486
10491,10.491,1,4004,54004,lowband_largesig_r01,prps,1375,-75,-0.631149,18,0,18,0.04712389,2.70000,prps,0,1490
10511,10.511,1,4004,54004,lowband_largesig_r01,prps,1371,-79,-0.660274,23,0,23,0.06021386,3.45000,prps,0,1494
10531,10.531,1,4004,54004,lowband_largesig_r01,prps,1372,-78,-0.659488,27,0,27,0.07068583,4.05000,prps,0,1498
10551,10.551,1,4004,54004,lowband_largesig_r01,prps,1375,-75,-0.629578,32,0,32,0.08377580,4.80000,prps,0,1502
10571,10.571,1,4004,54004,lowband_largesig_r01,prps,1382,-68,-0.575011,34,0,34,0.08901179,5.10000,prps,0,1506
10591,10.591,1,4004,54004,lowband_largesig_r01,prps,1390,-60,-0.503350,34,0,34,0.08901179,5.10000,prps,0,1510
10611,10.611,1,4004,54004,lowband_largesig_r01,prps,1400,-50,-0.424161,33,0,33,0.08639380,4.95000,prps,0,1514
10631,10.631,1,4004,54004,lowband_largesig_r01,prps,1409,-41,-0.347574,32,0,32,0.08377580,4.80000,prps,0,1518
10651,10.651,1,4004,54004,lowband_largesig_r01,prps,1416,-34,-0.282760,29,0,29,0.07592182,4.35000,prps,0,1522
10671,10.671,1,4004,54004,lowband_largesig_r01,prps,1422,-28,-0.236569,24,0,24,0.06283185,3.60000,prps,0,1526
10691,10.691,1,4004,54004,lowband_largesig_r01,prps,1425,-25,-0.212570,19,0,19,0.04974188,2.85000,prps,0,1530
10711,10.711,1,4004,54004,lowband_largesig_r01,prps,1425,-25,-0.210646,15,0,15,0.03926991,2.25000,prps,0,1534
10731,10.731,1,4004,54004,lowband_largesig_r01,prps,1423,-27,-0.227217,12,0,12,0.03141592,1.80000,prps,0,1538
10751,10.751,1,4004,54004,lowband_largesig_r01,prps,1420,-30,-0.256007,12,0,12,0.03141592,1.80000,prps,0,1542
10771,10.771,1,4004,54004,lowband_largesig_r01,prps,1416,-34,-0.289245,12,0,12,0.03141592,1.80000,prps,0,1546
10791,10.791,1,4004,54004,lowband_largesig_r01,prps,1412,-38,-0.319038,12,0,12,0.03141592,1.80000,prps,0,1550
10811,10.811,1,4004,54004,lowband_largesig_r01,prps,1410,-40,-0.338688,12,0,12,0.03141592,1.80000,prps,0,1554
10831,10.831,1,4004,54004,lowband_largesig_r01,prps,1409,-41,-0.343703,12,0,12,0.03141592,1.80000,prps,0,1558
10851,10.851,1,4004,54004,lowband_largesig_r01,prps,1410,-40,-0.332343,12,0,12,0.03141592,1.80000,prps,0,1562
10871,10.871,1,4004,54004,lowband_largesig_r01,prps,1414,-36,-0.305609,13,0,13,0.03403392,1.95000,prps,0,1566
10891,10.891,1,4004,54004,lowband_largesig_r01,prps,1418,-32,-0.266713,13,0,13,0.03403392,1.95000,prps,0,1570
10911,10.911,1,4004,54004,lowband_largesig_r01,prps,1424,-26,-0.220161,13,0,13,0.03403392,1.95000,prps,0,1574
10931,10.931,1,4004,54004,lowband_largesig_r01,prps,1430,-20,-0.170649,12,0,12,0.03141592,1.80000,prps,0,1578
10951,10.951,1,4004,54004,lowband_largesig_r01,prps,1435,-15,-0.122018,12,0,12,0.03141592,1.80000,prps,0,1582
10971,10.971,1,4004,54004,lowband_largesig_r01,prps,1441,-9,-0.076493,11,0,11,0.02879793,1.65000,prps,0,1586
10991,10.991,1,4004,54004,lowband_largesig_r01,prps,1446,-4,-0.034364,10,0,10,0.02617994,1.50000,prps,0,1590
11011,11.011,1,4004,54004,lowband_largesig_r01,prps,1451,1,0.005794,8,0,8,0.02094395,1.20000,prps,0,1594
11031,11.031,1,4004,54004,lowband_largesig_r01,prps,1456,6,0.046439,5,0,5,0.01308997,0.75000,prps,0,1598
11051,11.051,1,4004,54004,lowband_largesig_r01,prps,1461,11,0.090023,2,0,2,0.00523599,0.30000,prps,0,1602
11071,11.071,1,4004,54004,lowband_largesig_r01,prps,1466,16,0.137850,0,0,0,0.00000000,0.00000,prps,0,1606
11091,11.091,1,4004,54004,lowband_largesig_r01,prps,1473,23,0.189077,-2,0,-2,-0.00523599,-0.30000,prps,0,1610
11111,11.111,1,4004,54004,lowband_largesig_r01,prps,1479,29,0.240117,-5,0,-5,-0.01308997,-0.75000,prps,0,1614
11131,11.131,1,4004,54004,lowband_largesig_r01,prps,1484,34,0.284611,-8,0,-8,-0.02094395,-1.20000,prps,0,1618
11151,11.151,1,4004,54004,lowband_largesig_r01,prps,1487,37,0.314071,-11,0,-11,-0.02879793,-1.65000,prps,0,1622
11171,11.171,1,4004,54004,lowband_largesig_r01,prps,1488,38,0.319111,-16,0,-16,-0.04188790,-2.40000,prps,0,1626
11191,11.191,1,4004,54004,lowband_largesig_r01,prps,1485,35,0.291119,-20,0,-20,-0.05235988,-3.00000,prps,0,1630
11211,11.211,1,4004,54004,lowband_largesig_r01,prps,1477,27,0.224071,-22,0,-22,-0.05759586,-3.30000,prps,0,1634
11231,11.231,1,4004,54004,lowband_largesig_r01,prps,1464,14,0.116167,-23,0,-23,-0.06021386,-3.45000,prps,0,1638
11251,11.251,1,4004,54004,lowband_largesig_r01,prps,1447,-3,-0.029052,-22,0,-22,-0.05759586,-3.30000,prps,0,1642
11271,11.271,1,4004,54004,lowband_largesig_r01,prps,1426,-24,-0.202349,-19,0,-19,-0.04974188,-2.85000,prps,0,1646
11291,11.291,1,4004,54004,lowband_largesig_r01,prps,1404,-46,-0.389367,-12,0,-12,-0.03141592,-1.80000,prps,0,1650
11311,11.311,1,4004,54004,lowband_largesig_r01,prps,1382,-68,-0.572107,-3,0,-3,-0.00785398,-0.45000,prps,0,1654
11331,11.331,1,4004,54004,lowband_largesig_r01,prps,1363,-87,-0.731157,10,0,10,0.02617994,1.50000,prps,0,1658
11351,11.351,1,4004,54004,lowband_largesig_r01,prps,1349,-101,-0.848357,20,0,20,0.05235988,3.00000,prps,0,1662
11371,11.371,1,4004,54004,lowband_largesig_r01,prps,1342,-108,-0.909493,31,0,31,0.08115781,4.65000,prps,0,1666
11391,11.391,1,4004,54004,lowband_largesig_r01,prps,1342,-108,-0.906606,41,0,41,0.10733775,6.15000,prps,0,1670
11411,11.411,1,4004,54004,lowband_largesig_r01,prps,1350,-100,-0.839493,49,0,49,0.12828170,7.35000,prps,0,1674
11431,11.431,1,4004,54004,lowband_largesig_r01,prps,1365,-85,-0.716141,54,0,54,0.14137166,8.10000,prps,0,1678
11451,11.451,1,4004,54004,lowband_largesig_r01,prps,1384,-66,-0.551967,53,0,53,0.13875367,7.95000,prps,0,1682
11471,11.471,1,4004,54004,lowband_largesig_r01,prps,1406,-44,-0.367911,50,0,50,0.13089970,7.50000,prps,0,1686
11491,11.491,1,4004,54004,lowband_largesig_r01,prps,1428,-22,-0.187660,42,0,42,0.10995574,6.30000,prps,0,1690
11511,11.511,1,4004,54004,lowband_largesig_r01,prps,1446,-4,-0.034382,33,0,33,0.08639380,4.95000,prps,0,1694
11531,11.531,1,4004,54004,lowband_largesig_r01,prps,1459,9,0.072542,21,0,21,0.05497787,3.15000,prps,0,1698
11551,11.551,1,4004,54004,lowband_largesig_r01,prps,1464,14,0.120278,8,0,8,0.02094395,1.20000,prps,0,1702
11571,11.571,1,4004,54004,lowband_largesig_r01,prps,1462,12,0.104376,-2,0,-2,-0.00523599,-0.30000,prps,0,1706
11591,11.591,1,4004,54004,lowband_largesig_r01,prps,1453,3,0.029376,-6,0,-6,-0.01570796,-0.90000,prps,0,1710
11611,11.611,1,4004,54004,lowband_largesig_r01,prps,1439,-11,-0.091908,-7,0,-7,-0.01832596,-1.05000,prps,0,1714
11631,11.631,1,4004,54004,lowband_largesig_r01,prps,1421,-29,-0.240319,-6,0,-6,-0.01570796,-0.90000,prps,0,1718
11651,11.651,1,4004,54004,lowband_largesig_r01,prps,1403,-47,-0.393228,-3,0,-3,-0.00785398,-0.45000,prps,0,1722
11671,11.671,1,4004,54004,lowband_largesig_r01,prps,1387,-63,-0.527884,4,0,4,0.01047198,0.60000,prps,0,1726
11691,11.691,1,4004,54004,lowband_largesig_r01,prps,1376,-74,-0.624735,11,0,11,0.02879793,1.65000,prps,0,1730
11711,11.711,1,4004,54004,lowband_largesig_r01,prps,1370,-80,-0.670209,19,0,19,0.04974188,2.85000,prps,0,1734
11731,11.731,1,4004,54004,lowband_largesig_r01,prps,1372,-78,-0.658538,26,0,26,0.06806784,3.90000,prps,0,1738
11751,11.751,1,4004,54004,lowband_largesig_r01,prps,1380,-70,-0.592349,31,0,31,0.08115781,4.65000,prps,0,1742
11771,11.771,1,4004,54004,lowband_largesig_r01,prps,1393,-57,-0.481970,33,0,33,0.08639380,4.95000,prps,0,1746
11791,11.791,1,4004,54004,lowband_largesig_r01,prps,1409,-41,-0.343561,33,0,33,0.08639380,4.95000,prps,0,1750
11811,11.811,1,4004,54004,lowband_largesig_r01,prps,1427,-23,-0.196414,32,0,32,0.08377580,4.80000,prps,0,1754
11831,11.831,1,4004,54004,lowband_largesig_r01,prps,1443,-7,-0.059849,28,0,28,0.07330382,4.20000,prps,0,1758
11851,11.851,1,4004,54004,lowband_largesig_r01,prps,1456,6,0.049786,19,0,19,0.04974188,2.85000,prps,0,1762
11871,11.871,1,4004,54004,lowband_largesig_r01,prps,1464,14,0.121547,9,0,9,0.02356194,1.35000,prps,0,1766
11891,11.891,1,4004,54004,lowband_largesig_r01,prps,1468,18,0.151387,1,0,1,0.00261799,0.15000,prps,0,1770
11911,11.911,1,4004,54004,lowband_largesig_r01,prps,1467,17,0.142501,-6,0,-6,-0.01570796,-0.90000,prps,0,1774
11931,11.931,1,4004,54004,lowband_largesig_r01,prps,1462,12,0.104507,-9,0,-9,-0.02356194,-1.35000,prps,0,1778
11951,11.951,1,4004,54004,lowband_largesig_r01,prps,1456,6,0.051642,-11,0,-11,-0.02879793,-1.65000,prps,0,1782
11971,11.971,1,4004,54004,lowband_largesig_r01,prps,1450,0,0.000282,-11,0,-11,-0.02879793,-1.65000,prps,0,1786
11991,11.991,1,4004,54004,lowband_largesig_r01,prps,1446,-4,-0.033773,-10,0,-10,-0.02617994,-1.50000,prps,0,1790
12011,12.011,1,4004,54004,lowband_largesig_r01,prps,1446,-4,-0.037814,-8,0,-8,-0.02094395,-1.20000,prps,0,1794
12031,12.031,1,4004,54004,lowband_largesig_r01,prps,1450,0,-0.004134,-6,0,-6,-0.01570796,-0.90000,prps,0,1798
12051,12.051,1,4004,54004,lowband_largesig_r01,prps,1458,8,0.068943,-5,0,-5,-0.01308997,-0.75000,prps,0,1802
12071,12.071,1,4004,54004,lowband_largesig_r01,prps,1471,21,0.177055,-4,0,-4,-0.01047198,-0.60000,prps,0,1806
12091,12.091,1,4004,54004,lowband_largesig_r01,prps,1487,37,0.310747,-5,0,-5,-0.01308997,-0.75000,prps,0,1810
12111,12.111,1,4004,54004,lowband_largesig_r01,prps,1504,54,0.457196,-8,0,-8,-0.02094395,-1.20000,prps,0,1814
12131,12.131,1,4004,54004,lowband_largesig_r01,prps,1522,72,0.602364,-14,0,-14,-0.03665191,-2.10000,prps,0,1818
12151,12.151,1,4004,54004,lowband_largesig_r01,prps,1537,87,0.733231,-24,0,-24,-0.06283185,-3.60000,prps,0,1822
12171,12.171,1,4004,54004,lowband_largesig_r01,prps,1550,100,0.839701,-34,0,-34,-0.08901179,-5.10000,prps,0,1826
12191,12.191,1,4004,54004,lowband_largesig_r01,prps,1559,109,0.915920,-44,0,-44,-0.11519173,-6.60000,prps,0,1830
12211,12.211,1,4004,54004,lowband_largesig_r01,prps,1564,114,0.960787,-53,0,-53,-0.13875367,-7.95000,prps,0,1834
12231,12.231,1,4004,54004,lowband_largesig_r01,prps,1566,116,0.977648,-61,0,-61,-0.15969762,-9.15000,prps,0,1838
12251,12.251,1,4004,54004,lowband_largesig_r01,prps,1566,116,0.973266,-67,0,-67,-0.17540560,-10.05000,prps,0,1842
12271,12.271,1,4004,54004,lowband_largesig_r01,prps,1564,114,0.956302,-70,0,-70,-0.18325958,-10.50000,prps,0,1846
12291,12.291,1,4004,54004,lowband_largesig_r01,prps,1561,111,0.935595,-71,0,-71,-0.18587756,-10.65000,prps,0,1850
12311,12.311,1,4004,54004,lowband_largesig_r01,prps,1559,109,0.918571,-70,0,-70,-0.18325958,-10.50000,prps,0,1854
12331,12.331,1,4004,54004,lowband_largesig_r01,prps,1558,108,0.910049,-70,0,-70,-0.18325958,-10.50000,prps,0,1858
12351,12.351,1,4004,54004,lowband_largesig_r01,prps,1558,108,0.911626,-69,0,-69,-0.18064158,-10.35000,prps,0,1862
12371,12.371,1,4004,54004,lowband_largesig_r01,prps,1560,110,0.921730,-69,0,-69,-0.18064158,-10.35000,prps,0,1866
12391,12.391,1,4004,54004,lowband_largesig_r01,prps,1561,111,0.936262,-69,0,-69,-0.18064158,-10.35000,prps,0,1870
12411,12.411,1,4004,54004,lowband_largesig_r01,prps,1563,113,0.949690,-69,0,-69,-0.18064158,-10.35000,prps,0,1874
12431,12.431,1,4004,54004,lowband_largesig_r01,prps,1564,114,0.956332,-69,0,-69,-0.18064158,-10.35000,prps,0,1878
12451,12.451,1,4004,54004,lowband_largesig_r01,prps,1563,113,0.951580,-69,0,-69,-0.18064158,-10.35000,prps,0,1882
12471,12.471,1,4004,54004,lowband_largesig_r01,prps,1561,111,0.932832,-69,0,-69,-0.18064158,-10.35000,prps,0,1886
12491,12.491,1,4004,54004,lowband_largesig_r01,prps,1557,107,0.899934,-69,0,-69,-0.18064158,-10.35000,prps,0,1890
12511,12.511,1,4004,54004,lowband_largesig_r01,prps,1552,102,0.855101,-68,0,-68,-0.17802358,-10.20000,prps,0,1894
12531,12.531,1,4004,54004,lowband_largesig_r01,prps,1545,95,0.802316,-67,0,-67,-0.17540560,-10.05000,prps,0,1898
12551,12.551,1,4004,54004,lowband_largesig_r01,prps,1539,89,0.746380,-66,0,-66,-0.17278760,-9.90000,prps,0,1902
12571,12.571,1,4004,54004,lowband_largesig_r01,prps,1532,82,0.691788,-65,0,-65,-0.17016960,-9.75000,prps,0,1906
12591,12.591,1,4004,54004,lowband_largesig_r01,prps,1526,76,0.641700,-63,0,-63,-0.16493360,-9.45000,prps,0,1910
12611,12.611,1,4004,54004,lowband_largesig_r01,prps,1521,71,0.597185,-59,0,-59,-0.15446164,-8.85000,prps,0,1914
12631,12.631,1,4004,54004,lowband_largesig_r01,prps,1516,66,0.556929,-56,0,-56,-0.14660765,-8.40000,prps,0,1918
12651,12.651,1,4004,54004,lowband_largesig_r01,prps,1512,62,0.517448,-53,0,-53,-0.13875367,-7.95000,prps,0,1922
12671,12.671,1,4004,54004,lowband_largesig_r01,prps,1506,56,0.473773,-50,0,-50,-0.13089970,-7.50000,prps,0,1926
12691,12.691,1,4004,54004,lowband_largesig_r01,prps,1500,50,0.420479,-47,0,-47,-0.12304571,-7.05000,prps,0,1930
12711,12.711,1,4004,54004,lowband_largesig_r01,prps,1492,42,0.352858,-45,0,-45,-0.11780972,-6.75000,prps,0,1934
12731,12.731,1,4004,54004,lowband_largesig_r01,prps,1482,32,0.267993,-42,0,-42,-0.10995574,-6.30000,prps,0,1938
12751,12.751,1,4004,54004,lowband_largesig_r01,prps,1470,20,0.165537,-37,0,-37,-0.09686577,-5.55000,prps,0,1942
12771,12.771,1,4004,54004,lowband_largesig_r01,prps,1456,6,0.048032,-32,0,-32,-0.08377580,-4.80000,prps,0,1946
12791,12.791,1,4004,54004,lowband_largesig_r01,prps,1441,-9,-0.079310,-25,0,-25,-0.06544985,-3.75000,prps,0,1950
12811,12.811,1,4004,54004,lowband_largesig_r01,prps,1425,-25,-0.209315,-18,0,-18,-0.04712389,-2.70000,prps,0,1954
12831,12.831,1,4004,54004,lowband_largesig_r01,prps,1410,-40,-0.333921,-10,0,-10,-0.02617994,-1.50000,prps,0,1958
12851,12.851,1,4004,54004,lowband_largesig_r01,prps,1397,-53,-0.445436,-1,0,-1,-0.00261799,-0.15000,prps,0,1962
12871,12.871,1,4004,54004,lowband_largesig_r01,prps,1386,-64,-0.537714,8,0,8,0.02094395,1.20000,prps,0,1966
12891,12.891,1,4004,54004,lowband_largesig_r01,prps,1378,-72,-0.607067,15,0,15,0.03926991,2.25000,prps,0,1970
12911,12.911,1,4004,54004,lowband_largesig_r01,prps,1372,-78,-0.652706,21,0,21,0.05497787,3.15000,prps,0,1974
12931,12.931,1,4004,54004,lowband_largesig_r01,prps,1369,-81,-0.676670,26,0,26,0.06806784,3.90000,prps,0,1978
12951,12.951,1,4004,54004,lowband_largesig_r01,prps,1369,-81,-0.683224,30,0,30,0.07853982,4.50000,prps,0,1982
12971,12.971,1,4004,54004,lowband_largesig_r01,prps,1369,-81,-0.677879,33,0,33,0.08639380,4.95000,prps,0,1986
12991,12.991,1,4004,54004,lowband_largesig_r01,prps,1371,-79,-0.666210,34,0,34,0.08901179,5.10000,prps,0,1990
13011,13.011,1,4004,54004,lowband_largesig_r01,prps,1372,-78,-0.652712,35,0,35,0.09162979,5.25000,prps,0,1994
13031,13.031,1,4004,54004,lowband_largesig_r01,prps,1374,-76,-0.639929,36,0,36,0.09424778,5.40000,prps,0,1998
13051,13.051,1,4004,54004,lowband_largesig_r01,prps,1375,-75,-0.628025,37,0,37,0.09686577,5.55000,prps,0,2002
13071,13.071,1,4004,54004,lowband_largesig_r01,prps,1377,-73,-0.614897,37,0,37,0.09686577,5.55000,prps,0,2006
13091,13.091,1,4004,54004,lowband_largesig_r01,prps,1379,-71,-0.596809,37,0,37,0.09686577,5.55000,prps,0,2010
13111,13.111,1,4004,54004,lowband_largesig_r01,prps,1382,-68,-0.569433,37,0,37,0.09686577,5.55000,prps,0,2014
13131,13.131,1,4004,54004,lowband_largesig_r01,prps,1387,-63,-0.529094,37,0,37,0.09686577,5.55000,prps,0,2018
13151,13.151,1,4004,54004,lowband_largesig_r01,prps,1394,-56,-0.473967,36,0,36,0.09424778,5.40000,prps,0,2022
13171,13.171,1,4004,54004,lowband_largesig_r01,prps,1402,-48,-0.404974,34,0,34,0.08901179,5.10000,prps,0,2026
13191,13.191,1,4004,54004,lowband_largesig_r01,prps,1411,-39,-0.326185,31,0,31,0.08115781,4.65000,prps,0,2030
13211,13.211,1,4004,54004,lowband_largesig_r01,prps,1421,-29,-0.244600,26,0,26,0.06806784,3.90000,prps,0,2034
13231,13.231,1,4004,54004,lowband_largesig_r01,prps,1430,-20,-0.169326,22,0,22,0.05759586,3.30000,prps,0,2038
13251,13.251,1,4004,54004,lowband_largesig_r01,prps,1437,-13,-0.110250,17,0,17,0.04450589,2.55000,prps,0,2042
13271,13.271,1,4004,54004,lowband_largesig_r01,prps,1441,-9,-0.076440,12,0,12,0.03141592,1.80000,prps,0,2046
13291,13.291,1,4004,54004,lowband_largesig_r01,prps,1441,-9,-0.074534,9,0,9,0.02356194,1.35000,prps,0,2050
13311,13.311,1,4004,54004,lowband_largesig_r01,prps,1437,-13,-0.107433,6,0,6,0.01570796,0.90000,prps,0,2054
13331,13.331,1,4004,54004,lowband_largesig_r01,prps,1429,-21,-0.173517,4,0,4,0.01047198,0.60000,prps,0,2058
13351,13.351,1,4004,54004,lowband_largesig_r01,prps,1418,-32,-0.266575,4,0,4,0.01047198,0.60000,prps,0,2062
13371,13.371,1,4004,54004,lowband_largesig_r01,prps,1405,-45,-0.376480,6,0,6,0.01570796,0.90000,prps,0,2066
13391,13.391,1,4004,54004,lowband_largesig_r01,prps,1392,-58,-0.490513,8,0,8,0.02094395,1.20000,prps,0,2070
13411,13.411,1,4004,54004,lowband_largesig_r01,prps,1379,-71,-0.595143,13,0,13,0.03403392,1.95000,prps,0,2074
13431,13.431,1,4004,54004,lowband_largesig_r01,prps,1369,-81,-0.677973,18,0,18,0.04712389,2.70000,prps,0,2078
13451,13.451,1,4004,54004,lowband_largesig_r01,prps,1363,-87,-0.729508,23,0,23,0.06021386,3.45000,prps,0,2082
13471,13.471,1,4004,54004,lowband_largesig_r01,prps,1361,-89,-0.744468,29,0,29,0.07592182,4.35000,prps,0,2086
13491,13.491,1,4004,54004,lowband_largesig_r01,prps,1364,-86,-0.722406,34,0,34,0.08901179,5.10000,prps,0,2090
13511,13.511,1,4004,54004,lowband_largesig_r01,prps,1371,-79,-0.667539,38,0,38,0.09948376,5.70000,prps,0,2094
13531,13.531,1,4004,54004,lowband_largesig_r01,prps,1380,-70,-0.587806,39,0,39,0.10210176,5.85000,prps,0,2098
13551,13.551,1,4004,54004,lowband_largesig_r01,prps,1391,-59,-0.493355,39,0,39,0.10210176,5.85000,prps,0,2102
13571,13.571,1,4004,54004,lowband_largesig_r01,prps,1403,-47,-0.394705,39,0,39,0.10210176,5.85000,prps,0,2106
13591,13.591,1,4004,54004,lowband_largesig_r01,prps,1414,-36,-0.300933,36,0,36,0.09424778,5.40000,prps,0,2110
13611,13.611,1,4004,54004,lowband_largesig_r01,prps,1424,-26,-0.218213,30,0,30,0.07853982,4.50000,prps,0,2114
13631,13.631,1,4004,54004,lowband_largesig_r01,prps,1432,-18,-0.148974,23,0,23,0.06021386,3.45000,prps,0,2118
13651,13.651,1,4004,54004,lowband_largesig_r01,prps,1439,-11,-0.091834,16,0,16,0.04188790,2.40000,prps,0,2122
13671,13.671,1,4004,54004,lowband_largesig_r01,prps,1445,-5,-0.042322,10,0,10,0.02617994,1.50000,prps,0,2126
13691,13.691,1,4004,54004,lowband_largesig_r01,prps,1451,1,0.005747,6,0,6,0.01570796,0.90000,prps,0,2130
13711,13.711,1,4004,54004,lowband_largesig_r01,prps,1457,7,0.058512,3,0,3,0.00785398,0.45000,prps,0,2134
13731,13.731,1,4004,54004,lowband_largesig_r01,prps,1464,14,0.120251,1,0,1,0.00261799,0.15000,prps,0,2138
13751,13.751,1,4004,54004,lowband_largesig_r01,prps,1473,23,0.191893,-1,0,-1,-0.00261799,-0.15000,prps,0,2142
13771,13.771,1,4004,54004,lowband_largesig_r01,prps,1482,32,0.270150,-4,0,-4,-0.01047198,-0.60000,prps,0,2146
13791,13.791,1,4004,54004,lowband_largesig_r01,prps,1491,41,0.347496,-7,0,-7,-0.01832596,-1.05000,prps,0,2150
13811,13.811,1,4004,54004,lowband_largesig_r01,prps,1499,49,0.413039,-12,0,-12,-0.03141592,-1.80000,prps,0,2154
13831,13.831,1,4004,54004,lowband_largesig_r01,prps,1504,54,0.454195,-18,0,-18,-0.04712389,-2.70000,prps,0,2158
13851,13.851,1,4004,54004,lowband_largesig_r01,prps,1505,55,0.458890,-24,0,-24,-0.06283185,-3.60000,prps,0,2162
13871,13.871,1,4004,54004,lowband_largesig_r01,prps,1500,50,0.417936,-29,0,-29,-0.07592182,-4.35000,prps,0,2166
13891,13.891,1,4004,54004,lowband_largesig_r01,prps,1489,39,0.327152,-31,0,-31,-0.08115781,-4.65000,prps,0,2170
13911,13.911,1,4004,54004,lowband_largesig_r01,prps,1472,22,0.188833,-32,0,-32,-0.08377580,-4.80000,prps,0,2174
13931,13.931,1,4004,54004,lowband_largesig_r01,prps,1451,1,0.012270,-30,0,-30,-0.07853982,-4.50000,prps,0,2178
13951,13.951,1,4004,54004,lowband_largesig_r01,prps,1428,-22,-0.186849,-25,0,-25,-0.06544985,-3.75000,prps,0,2182
13971,13.971,1,4004,54004,lowband_largesig_r01,prps,1404,-46,-0.388112,-17,0,-17,-0.04450589,-2.55000,prps,0,2186
13991,13.991,1,4004,54004,lowband_largesig_r01,prps,1382,-68,-0.568944,-6,0,-6,-0.01570796,-0.90000,prps,0,2190
14011,14.011,1,4004,54004,lowband_largesig_r01,prps,1366,-84,-0.707659,8,0,8,0.02094395,1.20000,prps,0,2194
14031,14.031,1,4004,54004,lowband_largesig_r01,prps,1356,-94,-0.786569,19,0,19,0.04974188,2.85000,prps,0,2198
14051,14.051,1,4004,54004,lowband_largesig_r01,prps,1355,-95,-0.794639,30,0,30,0.07853982,4.50000,prps,0,2202
14071,14.071,1,4004,54004,lowband_largesig_r01,prps,1363,-87,-0.729271,39,0,39,0.10210176,5.85000,prps,0,2206
14091,14.091,1,4004,54004,lowband_largesig_r01,prps,1379,-71,-0.596901,44,0,44,0.11519173,6.60000,prps,0,2210
14111,14.111,1,4004,54004,lowband_largesig_r01,prps,1401,-49,-0.412286,44,0,44,0.11519173,6.60000,prps,0,2214
14131,14.131,1,4004,54004,lowband_largesig_r01,prps,1427,-23,-0.196578,41,0,41,0.10733775,6.15000,prps,0,2218
14151,14.151,1,4004,54004,lowband_largesig_r01,prps,1453,3,0.025571,34,0,34,0.08901179,5.10000,prps,0,2222
14171,14.171,1,4004,54004,lowband_largesig_r01,prps,1477,27,0.229420,21,0,21,0.05497787,3.15000,prps,0,2226
14191,14.191,1,4004,54004,lowband_largesig_r01,prps,1497,47,0.393565,8,0,8,0.02094395,1.20000,prps,0,2230
14211,14.211,1,4004,54004,lowband_largesig_r01,prps,1510,60,0.502863,-6,0,-6,-0.01570796,-0.90000,prps,0,2234
14231,14.231,1,4004,54004,lowband_largesig_r01,prps,1515,65,0.550415,-18,0,-18,-0.04712389,-2.70000,prps,0,2238
14251,14.251,1,4004,54004,lowband_largesig_r01,prps,1514,64,0.538317,-30,0,-30,-0.07853982,-4.50000,prps,0,2242
14271,14.271,1,4004,54004,lowband_largesig_r01,prps,1507,57,0.477074,-36,0,-36,-0.09424778,-5.40000,prps,0,2246
14291,14.291,1,4004,54004,lowband_largesig_r01,prps,1496,46,0.383792,-39,0,-39,-0.10210176,-5.85000,prps,0,2250
14311,14.311,1,4004,54004,lowband_largesig_r01,prps,1483,33,0.279439,-38,0,-38,-0.09948376,-5.70000,prps,0,2254
14331,14.331,1,4004,54004,lowband_largesig_r01,prps,1472,22,0.185607,-36,0,-36,-0.09424778,-5.40000,prps,0,2258
14351,14.351,1,4004,54004,lowband_largesig_r01,prps,1464,14,0.121275,-32,0,-32,-0.08377580,-4.80000,prps,0,2262
14371,14.371,1,4004,54004,lowband_largesig_r01,prps,1462,12,0.100069,-26,0,-26,-0.06806784,-3.90000,prps,0,2266
14391,14.391,1,4004,54004,lowband_largesig_r01,prps,1465,15,0.128403,-21,0,-21,-0.05497787,-3.15000,prps,0,2270
14411,14.411,1,4004,54004,lowband_largesig_r01,prps,1474,24,0.204765,-17,0,-17,-0.04450589,-2.55000,prps,0,2274
14431,14.431,1,4004,54004,lowband_largesig_r01,prps,1488,38,0.320205,-15,0,-15,-0.03926991,-2.25000,prps,0,2278
14451,14.451,1,4004,54004,lowband_largesig_r01,prps,1505,55,0.459897,-16,0,-16,-0.04188790,-2.40000,prps,0,2282
14471,14.471,1,4004,54004,lowband_largesig_r01,prps,1522,72,0.605499,-19,0,-19,-0.04974188,-2.85000,prps,0,2286
14491,14.491,1,4004,54004,lowband_largesig_r01,prps,1538,88,0.737910,-26,0,-26,-0.06806784,-3.90000,prps,0,2290
14511,14.511,1,4004,54004,lowband_largesig_r01,prps,1550,100,0.839977,-34,0,-34,-0.08901179,-5.10000,prps,0,2294
14531,14.531,1,4004,54004,lowband_largesig_r01,prps,1557,107,0.898762,-43,0,-43,-0.11257374,-6.45000,prps,0,2298
14551,14.551,1,4004,54004,lowband_largesig_r01,prps,1558,108,0.907038,-52,0,-52,-0.13613568,-7.80000,prps,0,2302
14571,14.571,1,4004,54004,lowband_largesig_r01,prps,1553,103,0.863845,-59,0,-59,-0.15446164,-8.85000,prps,0,2306
14591,14.591,1,4004,54004,lowband_largesig_r01,prps,1542,92,0.774093,-64,0,-64,-0.16755160,-9.60000,prps,0,2310
14611,14.611,1,4004,54004,lowband_largesig_r01,prps,1527,77,0.647357,-64,0,-64,-0.16755160,-9.60000,prps,0,2314
14631,14.631,1,4004,54004,lowband_largesig_r01,prps,1509,59,0.496112,-62,0,-62,-0.16231562,-9.30000,prps,0,2318
14651,14.651,1,4004,54004,lowband_largesig_r01,prps,1490,40,0.333743,-57,0,-57,-0.14922565,-8.55000,prps,0,2322
14671,14.671,1,4004,54004,lowband_largesig_r01,prps,1471,21,0.172676,-49,0,-49,-0.12828170,-7.35000,prps,0,2326
14691,14.691,1,4004,54004,lowband_largesig_r01,prps,1453,3,0.022911,-41,0,-41,-0.10733775,-6.15000,prps,0,2330
14711,14.711,1,4004,54004,lowband_largesig_r01,prps,1437,-13,-0.108850,-31,0,-31,-0.08115781,-4.65000,prps,0,2334
14731,14.731,1,4004,54004,lowband_largesig_r01,prps,1424,-26,-0.219394,-19,0,-19,-0.04974188,-2.85000,prps,0,2338
14751,14.751,1,4004,54004,lowband_largesig_r01,prps,1413,-37,-0.308577,-8,0,-8,-0.02094395,-1.20000,prps,0,2342
14771,14.771,1,4004,54004,lowband_largesig_r01,prps,1405,-45,-0.378444,2,0,2,0.00523599,0.30000,prps,0,2346
14791,14.791,1,4004,54004,lowband_largesig_r01,prps,1399,-51,-0.432120,10,0,10,0.02617994,1.50000,prps,0,2350
14811,14.811,1,4004,54004,lowband_largesig_r01,prps,1394,-56,-0.472715,16,0,16,0.04188790,2.40000,prps,0,2354
14831,14.831,1,4004,54004,lowband_largesig_r01,prps,1390,-60,-0.502486,20,0,20,0.05235988,3.00000,prps,0,2358
14851,14.851,1,4004,54004,lowband_largesig_r01,prps,1388,-62,-0.522377,22,0,22,0.05759586,3.30000,prps,0,2362
14871,14.871,1,4004,54004,lowband_largesig_r01,prps,1387,-63,-0.532027,23,0,23,0.06021386,3.45000,prps,0,2366
14891,14.891,1,4004,54004,lowband_largesig_r01,prps,1387,-63,-0.530184,25,0,25,0.06544985,3.75000,prps,0,2370
14911,14.911,1,4004,54004,lowband_largesig_r01,prps,1389,-61,-0.515394,25,0,25,0.06544985,3.75000,prps,0,2374
14931,14.931,1,4004,54004,lowband_largesig_r01,prps,1392,-58,-0.486797,25,0,25,0.06544985,3.75000,prps,0,2378
14951,14.951,1,4004,54004,lowband_largesig_r01,prps,1397,-53,-0.444810,26,0,26,0.06806784,3.90000,prps,0,2382
14971,14.971,1,4004,54004,lowband_largesig_r01,prps,1403,-47,-0.391530,26,0,26,0.06806784,3.90000,prps,0,2386
14991,14.991,1,4004,54004,lowband_largesig_r01,prps,1411,-39,-0.330751,25,0,25,0.06544985,3.75000,prps,0,2390
15011,15.011,1,4004,54004,lowband_largesig_r01,prps,1418,-32,-0.267565,24,0,24,0.06283185,3.60000,prps,0,2394
15031,15.031,1,4004,54004,lowband_largesig_r01,prps,1425,-25,-0.207620,22,0,22,0.05759586,3.30000,prps,0,2398
15051,15.051,1,4004,54004,lowband_largesig_r01,prps,1431,-19,-0.156172,18,0,18,0.04712389,2.70000,prps,0,2402
15071,15.071,1,4004,54004,lowband_largesig_r01,prps,1436,-14,-0.117133,14,0,14,0.03665191,2.10000,prps,0,2406
15091,15.091,1,4004,54004,lowband_largesig_r01,prps,1439,-11,-0.092308,11,0,11,0.02879793,1.65000,prps,0,2410
15111,15.111,1,4004,54004,lowband_largesig_r01,prps,1440,-10,-0.080996,8,0,8,0.02094395,1.20000,prps,0,2414
15131,15.131,1,4004,54004,lowband_largesig_r01,prps,1440,-10,-0.080048,6,0,6,0.01570796,0.90000,prps,0,2418
15151,15.151,1,4004,54004,lowband_largesig_r01,prps,1440,-10,-0.084404,5,0,5,0.01308997,0.75000,prps,0,2422
15171,15.171,1,4004,54004,lowband_largesig_r01,prps,1440,-10,-0.088011,5,0,5,0.01308997,0.75000,prps,0,2426
15191,15.191,1,4004,54004,lowband_largesig_r01,prps,1440,-10,-0.084973,5,0,5,0.01308997,0.75000,prps,0,2430
15211,15.211,1,4004,54004,lowband_largesig_r01,prps,1442,-8,-0.070701,5,0,5,0.01308997,0.75000,prps,0,2434
15243,15.243,1,4004,54004,lowband_largesig_r01,prps,1445,-5,-0.042856,5,0,5,0.01308997,0.75000,prps,0,2438
15263,15.263,1,4004,54004,lowband_largesig_r01,prps,1450,0,-0.001890,2,0,2,0.00523599,0.30000,prps,0,2442
15283,15.283,1,4004,54004,lowband_largesig_r01,prps,1456,6,0.048936,1,0,1,0.00261799,0.15000,prps,0,2446
15303,15.303,1,4004,54004,lowband_largesig_r01,prps,1462,12,0.104077,1,0,1,0.00261799,0.15000,prps,0,2450
15323,15.323,1,4004,54004,lowband_largesig_r01,prps,1469,19,0.156681,-1,0,-1,-0.00261799,-0.15000,prps,0,2454
15343,15.343,1,4004,54004,lowband_largesig_r01,prps,1474,24,0.199858,-3,0,-3,-0.00785398,-0.45000,prps,0,2458
15363,15.363,1,4004,54004,lowband_largesig_r01,prps,1477,27,0.227995,-6,0,-6,-0.01570796,-0.90000,prps,0,2462
15383,15.383,1,4004,54004,lowband_largesig_r01,prps,1478,28,0.237879,-9,0,-9,-0.02356194,-1.35000,prps,0,2466
15403,15.403,1,4004,54004,lowband_largesig_r01,prps,1477,27,0.229405,-13,0,-13,-0.03403392,-1.95000,prps,0,2470
15423,15.423,1,4004,54004,lowband_largesig_r01,prps,1474,24,0.205716,-16,0,-16,-0.04188790,-2.40000,prps,0,2474
15443,15.443,1,4004,54004,lowband_largesig_r01,prps,1471,21,0.172733,-18,0,-18,-0.04712389,-2.70000,prps,0,2478
15463,15.463,1,4004,54004,lowband_largesig_r01,prps,1466,16,0.138152,-18,0,-18,-0.04712389,-2.70000,prps,0,2482
15483,15.483,1,4004,54004,lowband_largesig_r01,prps,1463,13,0.110061,-18,0,-18,-0.04712389,-2.70000,prps,0,2486
15503,15.503,1,4004,54004,lowband_largesig_r01,prps,1461,11,0.095435,-16,0,-16,-0.04188790,-2.40000,prps,0,2490
15523,15.523,1,4004,54004,lowband_largesig_r01,prps,1462,12,0.098790,-14,0,-14,-0.03665191,-2.10000,prps,0,2494
15543,15.543,1,4004,54004,lowband_largesig_r01,prps,1464,14,0.121229,-14,0,-14,-0.03665191,-2.10000,prps,0,2498
15563,15.563,1,4004,54004,lowband_largesig_r01,prps,1469,19,0.160096,-13,0,-13,-0.03403392,-1.95000,prps,0,2502
15583,15.583,1,4004,54004,lowband_largesig_r01,prps,1475,25,0.209302,-13,0,-13,-0.03403392,-1.95000,prps,0,2506
15603,15.603,1,4004,54004,lowband_largesig_r01,prps,1481,31,0.260285,-14,0,-14,-0.03665191,-2.10000,prps,0,2510
15623,15.623,1,4004,54004,lowband_largesig_r01,prps,1486,36,0.303460,-15,0,-15,-0.03926991,-2.25000,prps,0,2514
15643,15.643,1,4004,54004,lowband_largesig_r01,prps,1489,39,0.329893,-17,0,-17,-0.04450589,-2.55000,prps,0,2518
15663,15.663,1,4004,54004,lowband_largesig_r01,prps,1490,40,0.332915,-19,0,-19,-0.04974188,-2.85000,prps,0,2522
15683,15.683,1,4004,54004,lowband_largesig_r01,prps,1487,37,0.309373,-22,0,-22,-0.05759586,-3.30000,prps,0,2526
15703,15.703,1,4004,54004,lowband_largesig_r01,prps,1481,31,0.260288,-25,0,-25,-0.06544985,-3.75000,prps,0,2530
15723,15.723,1,4004,54004,lowband_largesig_r01,prps,1473,23,0.190794,-26,0,-26,-0.06806784,-3.90000,prps,0,2534
15743,15.743,1,4004,54004,lowband_largesig_r01,prps,1463,13,0.109340,-25,0,-25,-0.06544985,-3.75000,prps,0,2538
15763,15.763,1,4004,54004,lowband_largesig_r01,prps,1453,3,0.026298,-23,0,-23,-0.06021386,-3.45000,prps,0,2542
15783,15.783,1,4004,54004,lowband_largesig_r01,prps,1444,-6,-0.047792,-20,0,-20,-0.05235988,-3.00000,prps,0,2546
15803,15.803,1,4004,54004,lowband_largesig_r01,prps,1438,-12,-0.104020,-15,0,-15,-0.03926991,-2.25000,prps,0,2550
15823,15.823,1,4004,54004,lowband_largesig_r01,prps,1434,-16,-0.136644,-9,0,-9,-0.02356194,-1.35000,prps,0,2554
15843,15.843,1,4004,54004,lowband_largesig_r01,prps,1433,-17,-0.144056,-4,0,-4,-0.01047198,-0.60000,prps,0,2558
15863,15.863,1,4004,54004,lowband_largesig_r01,prps,1435,-15,-0.129020,0,0,0,0.00000000,0.00000,prps,0,2562
15883,15.883,1,4004,54004,lowband_largesig_r01,prps,1438,-12,-0.098107,3,0,3,0.00785398,0.45000,prps,0,2566
15903,15.903,1,4004,54004,lowband_largesig_r01,prps,1443,-7,-0.060430,3,0,3,0.00785398,0.45000,prps,0,2570
15923,15.923,1,4004,54004,lowband_largesig_r01,prps,1447,-3,-0.025886,3,0,3,0.00785398,0.45000,prps,0,2574
15943,15.943,1,4004,54004,lowband_largesig_r01,prps,1450,0,-0.003229,2,0,2,0.00523599,0.30000,prps,0,2578
15963,15.963,1,4004,54004,lowband_largesig_r01,prps,1450,0,0.001676,2,0,2,0.00523599,0.30000,prps,0,2582
15983,15.983,1,4004,54004,lowband_largesig_r01,prps,1448,-2,-0.012898,2,0,2,0.00523599,0.30000,prps,0,2586
16003,16.003,1,4004,54004,lowband_largesig_r01,prps,1445,-5,-0.044049,2,0,2,0.00523599,0.30000,prps,0,2590
16023,16.023,1,4004,54004,lowband_largesig_r01,prps,1440,-10,-0.084615,2,0,2,0.00523599,0.30000,prps,0,2594
16043,16.043,1,4004,54004,lowband_largesig_r01,prps,1435,-15,-0.124366,2,0,2,0.00523599,0.30000,prps,0,2598
16063,16.063,1,4004,54004,lowband_largesig_r01,prps,1432,-18,-0.151828,2,0,2,0.00523599,0.30000,prps,0,2602
16083,16.083,1,4004,54004,lowband_largesig_r01,prps,1431,-19,-0.156441,3,0,3,0.00785398,0.45000,prps,0,2606
16103,16.103,1,4004,54004,lowband_largesig_r01,prps,1434,-16,-0.130653,4,0,4,0.01047198,0.60000,prps,0,2610
16123,16.123,1,4004,54004,lowband_largesig_r01,prps,1441,-9,-0.071593,5,0,5,0.01308997,0.75000,prps,0,2614
16143,16.143,1,4004,54004,lowband_largesig_r01,prps,1452,2,0.018003,5,0,5,0.01308997,0.75000,prps,0,2618
16163,16.163,1,4004,54004,lowband_largesig_r01,prps,1465,15,0.129809,4,0,4,0.01047198,0.60000,prps,0,2622
16183,16.183,1,4004,54004,lowband_largesig_r01,prps,1480,30,0.250884,1,0,1,0.00261799,0.15000,prps,0,2626
16203,16.203,1,4004,54004,lowband_largesig_r01,prps,1493,43,0.365494,-4,0,-4,-0.01047198,-0.60000,prps,0,2630
16223,16.223,1,4004,54004,lowband_largesig_r01,prps,1504,54,0.457476,-10,0,-10,-0.02617994,-1.50000,prps,0,2634
16243,16.243,1,4004,54004,lowband_largesig_r01,prps,1511,61,0.512774,-18,0,-18,-0.04712389,-2.70000,prps,0,2638
16263,16.263,1,4004,54004,lowband_largesig_r01,prps,1512,62,0.521714,-26,0,-26,-0.06806784,-3.90000,prps,0,2642
16283,16.283,1,4004,54004,lowband_largesig_r01,prps,1507,57,0.480638,-33,0,-33,-0.08639380,-4.95000,prps,0,2646
16303,16.303,1,4004,54004,lowband_largesig_r01,prps,1497,47,0.392594,-36,0,-36,-0.09424778,-5.40000,prps,0,2650
16323,16.323,1,4004,54004,lowband_largesig_r01,prps,1482,32,0.266976,-36,0,-36,-0.09424778,-5.40000,prps,0,2654
16343,16.343,1,4004,54004,lowband_largesig_r01,prps,1464,14,0.118128,-34,0,-34,-0.08901179,-5.10000,prps,0,2658
16363,16.363,1,4004,54004,lowband_largesig_r01,prps,1446,-4,-0.036844,-30,0,-30,-0.07853982,-4.50000,prps,0,2662
16383,16.383,1,4004,54004,lowband_largesig_r01,prps,1428,-22,-0.180713,-23,0,-23,-0.06021386,-3.45000,prps,0,2666
16403,16.403,1,4004,54004,lowband_largesig_r01,prps,1414,-36,-0.298782,-14,0,-14,-0.03665191,-2.10000,prps,0,2670
16423,16.423,1,4004,54004,lowband_largesig_r01,prps,1405,-45,-0.381106,-4,0,-4,-0.01047198,-0.60000,prps,0,2674
16443,16.443,1,4004,54004,lowband_largesig_r01,prps,1400,-50,-0.423912,7,0,7,0.01832596,1.05000,prps,0,2678
16463,16.463,1,4004,54004,lowband_largesig_r01,prps,1399,-51,-0.429987,15,0,15,0.03926991,2.25000,prps,0,2682
16483,16.483,1,4004,54004,lowband_largesig_r01,prps,1401,-49,-0.407955,18,0,18,0.04712389,2.70000,prps,0,2686
16503,16.503,1,4004,54004,lowband_largesig_r01,prps,1406,-44,-0.370576,19,0,19,0.04974188,2.85000,prps,0,2690
16523,16.523,1,4004,54004,lowband_largesig_r01,prps,1410,-40,-0.332357,19,0,19,0.04974188,2.85000,prps,0,2694
16543,16.543,1,4004,54004,lowband_largesig_r01,prps,1413,-37,-0.306877,18,0,18,0.04712389,2.70000,prps,0,2698
16563,16.563,1,4004,54004,lowband_largesig_r01,prps,1414,-36,-0.304275,18,0,18,0.04712389,2.70000,prps,0,2702
16583,16.583,1,4004,54004,lowband_largesig_r01,prps,1411,-39,-0.329358,18,0,18,0.04712389,2.70000,prps,0,2706
16603,16.603,1,4004,54004,lowband_largesig_r01,prps,1405,-45,-0.380621,17,0,17,0.04450589,2.55000,prps,0,2710
16623,16.623,1,4004,54004,lowband_largesig_r01,prps,1396,-54,-0.450385,16,0,16,0.04188790,2.40000,prps,0,2714
16643,16.643,1,4004,54004,lowband_largesig_r01,prps,1387,-63,-0.526019,17,0,17,0.04450589,2.55000,prps,0,2718
16663,16.663,1,4004,54004,lowband_largesig_r01,prps,1380,-70,-0.592053,18,0,18,0.04712389,2.70000,prps,0,2722
16683,16.683,1,4004,54004,lowband_largesig_r01,prps,1375,-75,-0.632840,21,0,21,0.05497787,3.15000,prps,0,2726
16703,16.703,1,4004,54004,lowband_largesig_r01,prps,1374,-76,-0.635311,25,0,25,0.06544985,3.75000,prps,0,2730
16723,16.723,1,4004,54004,lowband_largesig_r01,prps,1380,-70,-0.591380,29,0,29,0.07592182,4.35000,prps,0,2734
16743,16.743,1,4004,54004,lowband_largesig_r01,prps,1391,-59,-0.499569,31,0,31,0.08115781,4.65000,prps,0,2738
16763,16.763,1,4004,54004,lowband_largesig_r01,prps,1406,-44,-0.365602,32,0,32,0.08377580,4.80000,prps,0,2742
16783,16.783,1,4004,54004,lowband_largesig_r01,prps,1426,-24,-0.201838,30,0,30,0.07853982,4.50000,prps,0,2746
16803,16.803,1,4004,54004,lowband_largesig_r01,prps,1447,-3,-0.025637,26,0,26,0.06806784,3.90000,prps,0,2750
16823,16.823,1,4004,54004,lowband_largesig_r01,prps,1467,17,0.143098,17,0,17,0.04450589,2.55000,prps,0,2754
16843,16.843,1,4004,54004,lowband_largesig_r01,prps,1484,34,0.284808,6,0,6,0.01570796,0.90000,prps,0,2758
16863,16.863,1,4004,54004,lowband_largesig_r01,prps,1496,46,0.383147,-3,0,-3,-0.00785398,-0.45000,prps,0,2762
16883,16.883,1,4004,54004,lowband_largesig_r01,prps,1501,51,0.427386,-12,0,-12,-0.03141592,-1.80000,prps,0,2766
16903,16.903,1,4004,54004,lowband_largesig_r01,prps,1499,49,0.413978,-21,0,-21,-0.05497787,-3.15000,prps,0,2770
16923,16.923,1,4004,54004,lowband_largesig_r01,prps,1491,41,0.347066,-28,0,-28,-0.07330382,-4.20000,prps,0,2774
16943,16.943,1,4004,54004,lowband_largesig_r01,prps,1478,28,0.237857,-31,0,-31,-0.08115781,-4.65000,prps,0,2778
16963,16.963,1,4004,54004,lowband_largesig_r01,prps,1462,12,0.102993,-29,0,-29,-0.07592182,-4.35000,prps,0,2782
16983,16.983,1,4004,54004,lowband_largesig_r01,prps,1445,-5,-0.037830,-25,0,-25,-0.06544985,-3.75000,prps,0,2786
17003,17.003,1,4004,54004,lowband_largesig_r01,prps,1430,-20,-0.164598,-20,0,-20,-0.05235988,-3.00000,prps,0,2790
17023,17.023,1,4004,54004,lowband_largesig_r01,prps,1419,-31,-0.259673,-12,0,-12,-0.03141592,-1.80000,prps,0,2794
17043,17.043,1,4004,54004,lowband_largesig_r01,prps,1413,-37,-0.310038,-3,0,-3,-0.00785398,-0.45000,prps,0,2798
17063,17.063,1,4004,54004,lowband_largesig_r01,prps,1413,-37,-0.308800,5,0,5,0.01308997,0.75000,prps,0,2802
17083,17.083,1,4004,54004,lowband_largesig_r01,prps,1420,-30,-0.255761,10,0,10,0.02617994,1.50000,prps,0,2806
17103,17.103,1,4004,54004,lowband_largesig_r01,prps,1431,-19,-0.157047,12,0,12,0.03141592,1.80000,prps,0,2810
17123,17.123,1,4004,54004,lowband_largesig_r01,prps,1447,-3,-0.023905,12,0,12,0.03141592,1.80000,prps,0,2814
17143,17.143,1,4004,54004,lowband_largesig_r01,prps,1465,15,0.129085,10,0,10,0.02617994,1.50000,prps,0,2818
17163,17.163,1,4004,54004,lowband_largesig_r01,prps,1484,34,0.286074,5,0,5,0.01308997,0.75000,prps,0,2822
17183,17.183,1,4004,54004,lowband_largesig_r01,prps,1501,51,0.431964,-2,0,-2,-0.00523599,-0.30000,prps,0,2826
17203,17.203,1,4004,54004,lowband_largesig_r01,prps,1516,66,0.554085,-10,0,-10,-0.02617994,-1.50000,prps,0,2830
17223,17.223,1,4004,54004,lowband_largesig_r01,prps,1527,77,0.643340,-21,0,-21,-0.05497787,-3.15000,prps,0,2834
17243,17.243,1,4004,54004,lowband_largesig_r01,prps,1533,83,0.694720,-32,0,-32,-0.08377580,-4.80000,prps,0,2838
17263,17.263,1,4004,54004,lowband_largesig_r01,prps,1534,84,0.707202,-41,0,-41,-0.10733775,-6.15000,prps,0,2842
17283,17.283,1,4004,54004,lowband_largesig_r01,prps,1531,81,0.683160,-48,0,-48,-0.12566370,-7.20000,prps,0,2846
17303,17.303,1,4004,54004,lowband_largesig_r01,prps,1525,75,0.627475,-51,0,-51,-0.13351768,-7.65000,prps,0,2850
17323,17.323,1,4004,54004,lowband_largesig_r01,prps,1515,65,0.546536,-51,0,-51,-0.13351768,-7.65000,prps,0,2854
17343,17.343,1,4004,54004,lowband_largesig_r01,prps,1503,53,0.447356,-50,0,-50,-0.13089970,-7.50000,prps,0,2858
17363,17.363,1,4004,54004,lowband_largesig_r01,prps,1490,40,0.336911,-47,0,-47,-0.12304571,-7.05000,prps,0,2862
17383,17.383,1,4004,54004,lowband_largesig_r01,prps,1476,26,0.221776,-43,0,-43,-0.11257374,-6.45000,prps,0,2866
17403,17.403,1,4004,54004,lowband_largesig_r01,prps,1463,13,0.108039,-37,0,-37,-0.09686577,-5.55000,prps,0,2870
17423,17.423,1,4004,54004,lowband_largesig_r01,prps,1450,0,0.001400,-30,0,-30,-0.07853982,-4.50000,prps,0,2874
17443,17.443,1,4004,54004,lowband_largesig_r01,prps,1439,-11,-0.092674,-22,0,-22,-0.05759586,-3.30000,prps,0,2878
17463,17.463,1,4004,54004,lowband_largesig_r01,prps,1430,-20,-0.168868,-14,0,-14,-0.03665191,-2.10000,prps,0,2882
17483,17.483,1,4004,54004,lowband_largesig_r01,prps,1424,-26,-0.222131,-7,0,-7,-0.01832596,-1.05000,prps,0,2886
17503,17.503,1,4004,54004,lowband_largesig_r01,prps,1420,-30,-0.248019,0,0,0,0.00000000,0.00000,prps,0,2890
17523,17.523,1,4004,54004,lowband_largesig_r01,prps,1421,-29,-0.243253,6,0,6,0.01570796,0.90000,prps,0,2894
17543,17.543,1,4004,54004,lowband_largesig_r01,prps,1425,-25,-0.206398,9,0,9,0.02356194,1.35000,prps,0,2898
17563,17.563,1,4004,54004,lowband_largesig_r01,prps,1434,-16,-0.138519,10,0,10,0.02617994,1.50000,prps,0,2902
17583,17.583,1,4004,54004,lowband_largesig_r01,prps,1445,-5,-0.043637,10,0,10,0.02617994,1.50000,prps,0,2906
17603,17.603,1,4004,54004,lowband_largesig_r01,prps,1458,8,0.071162,8,0,8,0.02094395,1.20000,prps,0,2910
17623,17.623,1,4004,54004,lowband_largesig_r01,prps,1473,23,0.196068,5,0,5,0.01308997,0.75000,prps,0,2914
17643,17.643,1,4004,54004,lowband_largesig_r01,prps,1488,38,0.319376,0,0,0,0.00000000,0.00000,prps,0,2918
17663,17.663,1,4004,54004,lowband_largesig_r01,prps,1501,51,0.428718,-6,0,-6,-0.01570796,-0.90000,prps,0,2922
17683,17.683,1,4004,54004,lowband_largesig_r01,prps,1511,61,0.512552,-14,0,-14,-0.03665191,-2.10000,prps,0,2926
17703,17.703,1,4004,54004,lowband_largesig_r01,prps,1517,67,0.561691,-23,0,-23,-0.06021386,-3.45000,prps,0,2930
17723,17.723,1,4004,54004,lowband_largesig_r01,prps,1518,68,0.570618,-31,0,-31,-0.08115781,-4.65000,prps,0,2934
17743,17.743,1,4004,54004,lowband_largesig_r01,prps,1514,64,0.538348,-38,0,-38,-0.09948376,-5.70000,prps,0,2938
17763,17.763,1,4004,54004,lowband_largesig_r01,prps,1506,56,0.468677,-41,0,-41,-0.10733775,-6.15000,prps,0,2942
17783,17.783,1,4004,54004,lowband_largesig_r01,prps,1494,44,0.369733,-41,0,-41,-0.10733775,-6.15000,prps,0,2946
17803,17.803,1,4004,54004,lowband_largesig_r01,prps,1480,30,0.252866,-40,0,-40,-0.10471976,-6.00000,prps,0,2950
17823,17.823,1,4004,54004,lowband_largesig_r01,prps,1466,16,0.131032,-37,0,-37,-0.09686577,-5.55000,prps,0,2954
17843,17.843,1,4004,54004,lowband_largesig_r01,prps,1452,2,0.016918,-31,0,-31,-0.08115781,-4.65000,prps,0,2958
17863,17.863,1,4004,54004,lowband_largesig_r01,prps,1441,-9,-0.078902,-23,0,-23,-0.06021386,-3.45000,prps,0,2962
17883,17.883,1,4004,54004,lowband_largesig_r01,prps,1432,-18,-0.149465,-16,0,-16,-0.04188790,-2.40000,prps,0,2966
17903,17.903,1,4004,54004,lowband_largesig_r01,prps,1427,-23,-0.192334,-9,0,-9,-0.02356194,-1.35000,prps,0,2970
17923,17.923,1,4004,54004,lowband_largesig_r01,prps,1425,-25,-0.209757,-2,0,-2,-0.00523599,-0.30000,prps,0,2974
17943,17.943,1,4004,54004,lowband_largesig_r01,prps,1425,-25,-0.208053,3,0,3,0.00785398,0.45000,prps,0,2978
17963,17.963,1,4004,54004,lowband_largesig_r01,prps,1427,-23,-0.196320,6,0,6,0.01570796,0.90000,prps,0,2982
17983,17.983,1,4004,54004,lowband_largesig_r01,prps,1428,-22,-0.184673,6,0,6,0.01570796,0.90000,prps,0,2986
18003,18.003,1,4004,54004,lowband_largesig_r01,prps,1428,-22,-0.182344,6,0,6,0.01570796,0.90000,prps,0,2990
18023,18.023,1,4004,54004,lowband_largesig_r01,prps,1427,-23,-0.195941,6,0,6,0.01570796,0.90000,prps,0,2994
18043,18.043,1,4004,54004,lowband_largesig_r01,prps,1423,-27,-0.228197,6,0,6,0.01570796,0.90000,prps,0,2998
18063,18.063,1,4004,54004,lowband_largesig_r01,prps,1417,-33,-0.277423,7,0,7,0.01832596,1.05000,prps,0,3002
18083,18.083,1,4004,54004,lowband_largesig_r01,prps,1410,-40,-0.337766,8,0,8,0.02094395,1.20000,prps,0,3006
18103,18.103,1,4004,54004,lowband_largesig_r01,prps,1402,-48,-0.400236,10,0,10,0.02617994,1.50000,prps,0,3010
18123,18.123,1,4004,54004,lowband_largesig_r01,prps,1396,-54,-0.454316,12,0,12,0.03141592,1.80000,prps,0,3014
18143,18.143,1,4004,54004,lowband_largesig_r01,prps,1392,-58,-0.489887,15,0,15,0.03926991,2.25000,prps,0,3018
18163,18.163,1,4004,54004,lowband_largesig_r01,prps,1391,-59,-0.499117,17,0,17,0.04450589,2.55000,prps,0,3022
18183,18.183,1,4004,54004,lowband_largesig_r01,prps,1393,-57,-0.477968,19,0,19,0.04974188,2.85000,prps,0,3026
18203,18.203,1,4004,54004,lowband_largesig_r01,prps,1399,-51,-0.427071,20,0,20,0.05235988,3.00000,prps,0,3030
18223,18.223,1,4004,54004,lowband_largesig_r01,prps,1408,-42,-0.351767,21,0,21,0.05497787,3.15000,prps,0,3034
18243,18.243,1,4004,54004,lowband_largesig_r01,prps,1419,-31,-0.261334,21,0,21,0.05497787,3.15000,prps,0,3038
18263,18.263,1,4004,54004,lowband_largesig_r01,prps,1430,-20,-0.167499,20,0,20,0.05235988,3.00000,prps,0,3042
18283,18.283,1,4004,54004,lowband_largesig_r01,prps,1440,-10,-0.082496,17,0,17,0.04450589,2.55000,prps,0,3046
18303,18.303,1,4004,54004,lowband_largesig_r01,prps,1448,-2,-0.017023,12,0,12,0.03141592,1.80000,prps,0,3050
18323,18.323,1,4004,54004,lowband_largesig_r01,prps,1453,3,0.021559,8,0,8,0.02094395,1.20000,prps,0,3054
18343,18.343,1,4004,54004,lowband_largesig_r01,prps,1454,4,0.030446,4,0,4,0.01047198,0.60000,prps,0,3058
18363,18.363,1,4004,54004,lowband_largesig_r01,prps,1451,1,0.011818,1,0,1,0.00261799,0.15000,prps,0,3062
18383,18.383,1,4004,54004,lowband_largesig_r01,prps,1447,-3,-0.027615,-1,0,-1,-0.00261799,-0.15000,prps,0,3066
18403,18.403,1,4004,54004,lowband_largesig_r01,prps,1441,-9,-0.077885,-2,0,-2,-0.00523599,-0.30000,prps,0,3070
18423,18.423,1,4004,54004,lowband_largesig_r01,prps,1435,-15,-0.127621,-2,0,-2,-0.00523599,-0.30000,prps,0,3074
18443,18.443,1,4004,54004,lowband_largesig_r01,prps,1430,-20,-0.166172,-1,0,-1,-0.00261799,-0.15000,prps,0,3078
18463,18.463,1,4004,54004,lowband_largesig_r01,prps,1428,-22,-0.185611,1,0,1,0.00261799,0.15000,prps,0,3082
18483,18.483,1,4004,54004,lowband_largesig_r01,prps,1428,-22,-0.182266,2,0,2,0.00523599,0.30000,prps,0,3086
18503,18.503,1,4004,54004,lowband_largesig_r01,prps,1431,-19,-0.157483,4,0,4,0.01047198,0.60000,prps,0,3090
18523,18.523,1,4004,54004,lowband_largesig_r01,prps,1436,-14,-0.117467,5,0,5,0.01308997,0.75000,prps,0,3094
18543,18.543,1,4004,54004,lowband_largesig_r01,prps,1441,-9,-0.072224,5,0,5,0.01308997,0.75000,prps,0,3098
18563,18.563,1,4004,54004,lowband_largesig_r01,prps,1446,-4,-0.033756,5,0,5,0.01308997,0.75000,prps,0,3102
18583,18.583,1,4004,54004,lowband_largesig_r01,prps,1448,-2,-0.013832,4,0,4,0.01047198,0.60000,prps,0,3106
18603,18.603,1,4004,54004,lowband_largesig_r01,prps,1447,-3,-0.021709,4,0,4,0.01047198,0.60000,prps,0,3110
18623,18.623,1,4004,54004,lowband_largesig_r01,prps,1443,-7,-0.062219,3,0,3,0.00785398,0.45000,prps,0,3114
18643,18.643,1,4004,54004,lowband_largesig_r01,prps,1434,-16,-0.134567,2,0,2,0.00523599,0.30000,prps,0,3118
18663,18.663,1,4004,54004,lowband_largesig_r01,prps,1422,-28,-0.232075,2,0,2,0.00523599,0.30000,prps,0,3122
18683,18.683,1,4004,54004,lowband_largesig_r01,prps,1409,-41,-0.342942,3,0,3,0.00785398,0.45000,prps,0,3126
18703,18.703,1,4004,54004,lowband_largesig_r01,prps,1396,-54,-0.451921,6,0,6,0.01570796,0.90000,prps,0,3130
18723,18.723,1,4004,54004,lowband_largesig_r01,prps,1385,-65,-0.542652,11,0,11,0.02879793,1.65000,prps,0,3134
18743,18.743,1,4004,54004,lowband_largesig_r01,prps,1379,-71,-0.600264,16,0,16,0.04188790,2.40000,prps,0,3138
18763,18.763,1,4004,54004,lowband_largesig_r01,prps,1377,-73,-0.613818,21,0,21,0.05497787,3.15000,prps,0,3142
18783,18.783,1,4004,54004,lowband_largesig_r01,prps,1381,-69,-0.578174,25,0,25,0.06544985,3.75000,prps,0,3146
18803,18.803,1,4004,54004,lowband_largesig_r01,prps,1391,-59,-0.494959,29,0,29,0.07592182,4.35000,prps,0,3150
18823,18.823,1,4004,54004,lowband_largesig_r01,prps,1406,-44,-0.372467,30,0,30,0.07853982,4.50000,prps,0,3154
18843,18.843,1,4004,54004,lowband_largesig_r01,prps,1423,-27,-0.224473,29,0,29,0.07592182,4.35000,prps,0,3158
18863,18.863,1,4004,54004,lowband_largesig_r01,prps,1442,-8,-0.068177,26,0,26,0.06806784,3.90000,prps,0,3162
18883,18.883,1,4004,54004,lowband_largesig_r01,prps,1459,9,0.078425,18,0,18,0.04712389,2.70000,prps,0,3166
18903,18.903,1,4004,54004,lowband_largesig_r01,prps,1474,24,0.199287,8,0,8,0.02094395,1.20000,prps,0,3170
18923,18.923,1,4004,54004,lowband_largesig_r01,prps,1484,34,0.282744,0,0,0,0.00000000,0.00000,prps,0,3174
18943,18.943,1,4004,54004,lowband_largesig_r01,prps,1488,38,0.323216,-8,0,-8,-0.02094395,-1.20000,prps,0,3178
18963,18.963,1,4004,54004,lowband_largesig_r01,prps,1488,38,0.321921,-15,0,-15,-0.03926991,-2.25000,prps,0,3182
18983,18.983,1,4004,54004,lowband_largesig_r01,prps,1484,34,0.286468,-21,0,-21,-0.05497787,-3.15000,prps,0,3186
19003,19.003,1,4004,54004,lowband_largesig_r01,prps,1477,27,0.229418,-24,0,-24,-0.06283185,-3.60000,prps,0,3190
19023,19.023,1,4004,54004,lowband_largesig_r01,prps,1470,20,0.166049,-24,0,-24,-0.06283185,-3.60000,prps,0,3194
19043,19.043,1,4004,54004,lowband_largesig_r01,prps,1463,13,0.111705,-24,0,-24,-0.06283185,-3.60000,prps,0,3198
19063,19.063,1,4004,54004,lowband_largesig_r01,prps,1459,9,0.079171,-24,0,-24,-0.06283185,-3.60000,prps,0,3202
19083,19.083,1,4004,54004,lowband_largesig_r01,prps,1459,9,0.076514,-22,0,-22,-0.05759586,-3.30000,prps,0,3206
19103,19.103,1,4004,54004,lowband_largesig_r01,prps,1463,13,0.105738,-19,0,-19,-0.04974188,-2.85000,prps,0,3210
19123,19.123,1,4004,54004,lowband_largesig_r01,prps,1469,19,0.162477,-16,0,-16,-0.04188790,-2.40000,prps,0,3214
19143,19.143,1,4004,54004,lowband_largesig_r01,prps,1478,28,0.236760,-15,0,-15,-0.03926991,-2.25000,prps,0,3218
19163,19.163,1,4004,54004,lowband_largesig_r01,prps,1487,37,0.314724,-15,0,-15,-0.03926991,-2.25000,prps,0,3222
19183,19.183,1,4004,54004,lowband_largesig_r01,prps,1495,45,0.380965,-16,0,-16,-0.04188790,-2.40000,prps,0,3226
19203,19.203,1,4004,54004,lowband_largesig_r01,prps,1500,50,0.421146,-18,0,-18,-0.04712389,-2.70000,prps,0,3230
19223,19.223,1,4004,54004,lowband_largesig_r01,prps,1501,51,0.424428,-23,0,-23,-0.06021386,-3.45000,prps,0,3234
19243,19.243,1,4004,54004,lowband_largesig_r01,prps,1496,46,0.385313,-27,0,-27,-0.07068583,-4.05000,prps,0,3238
19263,19.263,1,4004,54004,lowband_largesig_r01,prps,1486,36,0.304629,-30,0,-30,-0.07853982,-4.50000,prps,0,3242
19283,19.283,1,4004,54004,lowband_largesig_r01,prps,1473,23,0.189480,-30,0,-30,-0.07853982,-4.50000,prps,0,3246
19303,19.303,1,4004,54004,lowband_largesig_r01,prps,1456,6,0.052213,-28,0,-28,-0.07330382,-4.20000,prps,0,3250
19323,19.323,1,4004,54004,lowband_largesig_r01,prps,1439,-11,-0.091438,-25,0,-25,-0.06544985,-3.75000,prps,0,3254
19343,19.343,1,4004,54004,lowband_largesig_r01,prps,1423,-27,-0.224695,-18,0,-18,-0.04712389,-2.70000,prps,0,3258
19363,19.363,1,4004,54004,lowband_largesig_r01,prps,1410,-40,-0.332201,-9,0,-9,-0.02356194,-1.35000,prps,0,3262
19383,19.383,1,4004,54004,lowband_largesig_r01,prps,1402,-48,-0.402198,1,0,1,0.00261799,0.15000,prps,0,3266
19403,19.403,1,4004,54004,lowband_largesig_r01,prps,1399,-51,-0.428084,10,0,10,0.02617994,1.50000,prps,0,3270
19423,19.423,1,4004,54004,lowband_largesig_r01,prps,1401,-49,-0.409141,17,0,17,0.04450589,2.55000,prps,0,3274
19443,19.443,1,4004,54004,lowband_largesig_r01,prps,1408,-42,-0.350331,19,0,19,0.04974188,2.85000,prps,0,3278
19463,19.463,1,4004,54004,lowband_largesig_r01,prps,1419,-31,-0.261250,20,0,20,0.05235988,3.00000,prps,0,3282
19483,19.483,1,4004,54004,lowband_largesig_r01,prps,1432,-18,-0.154454,18,0,18,0.04712389,2.70000,prps,0,3286
19503,19.503,1,4004,54004,lowband_largesig_r01,prps,1445,-5,-0.043426,14,0,14,0.03665191,2.10000,prps,0,3290
19523,19.523,1,4004,54004,lowband_largesig_r01,prps,1457,7,0.059428,10,0,10,0.02617994,1.50000,prps,0,3294
19543,19.543,1,4004,54004,lowband_largesig_r01,prps,1467,17,0.144480,5,0,5,0.01308997,0.75000,prps,0,3298
19563,19.563,1,4004,54004,lowband_largesig_r01,prps,1475,25,0.205993,0,0,0,0.00000000,0.00000,prps,0,3302
19583,19.583,1,4004,54004,lowband_largesig_r01,prps,1479,29,0.242531,-4,0,-4,-0.01047198,-0.60000,prps,0,3306
19603,19.603,1,4004,54004,lowband_largesig_r01,prps,1481,31,0.256647,-9,0,-9,-0.02356194,-1.35000,prps,0,3310
19623,19.623,1,4004,54004,lowband_largesig_r01,prps,1480,30,0.253960,-13,0,-13,-0.03403392,-1.95000,prps,0,3314
19643,19.643,1,4004,54004,lowband_largesig_r01,prps,1479,29,0.241831,-17,0,-17,-0.04450589,-2.55000,prps,0,3318
19663,19.663,1,4004,54004,lowband_largesig_r01,prps,1477,27,0.227893,-19,0,-19,-0.04974188,-2.85000,prps,0,3322
19683,19.683,1,4004,54004,lowband_largesig_r01,prps,1476,26,0.218703,-20,0,-20,-0.05235988,-3.00000,prps,0,3326
19703,19.703,1,4004,54004,lowband_largesig_r01,prps,1476,26,0.218732,-20,0,-20,-0.05235988,-3.00000,prps,0,3330
19723,19.723,1,4004,54004,lowband_largesig_r01,prps,1477,27,0.229835,-20,0,-20,-0.05235988,-3.00000,prps,0,3334
19743,19.743,1,4004,54004,lowband_largesig_r01,prps,1480,30,0.251242,-20,0,-20,-0.05235988,-3.00000,prps,0,3338
19763,19.763,1,4004,54004,lowband_largesig_r01,prps,1483,33,0.280011,-21,0,-21,-0.05497787,-3.15000,prps,0,3342
19783,19.783,1,4004,54004,lowband_largesig_r01,prps,1487,37,0.311816,-21,0,-21,-0.05497787,-3.15000,prps,0,3346
19803,19.803,1,4004,54004,lowband_largesig_r01,prps,1491,41,0.341861,-22,0,-22,-0.05759586,-3.30000,prps,0,3350
19823,19.823,1,4004,54004,lowband_largesig_r01,prps,1494,44,0.365759,-22,0,-22,-0.05759586,-3.30000,prps,0,3354
19843,19.843,1,4004,54004,lowband_largesig_r01,prps,1495,45,0.380185,-24,0,-24,-0.06283185,-3.60000,prps,0,3358
19863,19.863,1,4004,54004,lowband_largesig_r01,prps,1496,46,0.383217,-26,0,-26,-0.06806784,-3.90000,prps,0,3362
19883,19.883,1,4004,54004,lowband_largesig_r01,prps,1495,45,0.374341,-29,0,-29,-0.07592182,-4.35000,prps,0,3366
19903,19.903,1,4004,54004,lowband_largesig_r01,prps,1492,42,0.354168,-30,0,-30,-0.07853982,-4.50000,prps,0,3370
19923,19.923,1,4004,54004,lowband_largesig_r01,prps,1489,39,0.323989,-30,0,-30,-0.07853982,-4.50000,prps,0,3374
19943,19.943,1,4004,54004,lowband_largesig_r01,prps,1484,34,0.285296,-29,0,-29,-0.07592182,-4.35000,prps,0,3378
19963,19.963,1,4004,54004,lowband_largesig_r01,prps,1478,28,0.239436,-28,0,-28,-0.07330382,-4.20000,prps,0,3382
19983,19.983,1,4004,54004,lowband_largesig_r01,prps,1472,22,0.187475,-27,0,-27,-0.07068583,-4.05000,prps,0,3386
20003,20.003,1,4004,54004,lowband_largesig_r01,prps,1466,16,0.130338,-26,0,-26,-0.06806784,-3.90000,prps,0,3390
20023,20.023,1,4004,54004,lowband_largesig_r01,prps,1458,8,0.069166,-24,0,-24,-0.06283185,-3.60000,prps,0,3394
20043,20.043,1,4004,54004,lowband_largesig_r01,prps,1451,1,0.005816,-22,0,-22,-0.05759586,-3.30000,prps,0,3398
20063,20.063,1,4004,54004,lowband_largesig_r01,prps,1443,-7,-0.056667,-18,0,-18,-0.04712389,-2.70000,prps,0,3402
20083,20.083,1,4004,54004,lowband_largesig_r01,prps,1436,-14,-0.113763,-13,0,-13,-0.03403392,-1.95000,prps,0,3406
20103,20.103,1,4004,54004,lowband_largesig_r01,prps,1431,-19,-0.159512,-8,0,-8,-0.02094395,-1.20000,prps,0,3410
20123,20.123,1,4004,54004,lowband_largesig_r01,prps,1428,-22,-0.186956,-3,0,-3,-0.00785398,-0.45000,prps,0,3414
20143,20.143,1,4004,54004,lowband_largesig_r01,prps,1428,-22,-0.188989,1,0,1,0.00261799,0.15000,prps,0,3418
20163,20.163,1,4004,54004,lowband_largesig_r01,prps,1431,-19,-0.159517,4,0,4,0.01047198,0.60000,prps,0,3422
20183,20.183,1,4004,54004,lowband_largesig_r01,prps,1439,-11,-0.094751,5,0,5,0.01308997,0.75000,prps,0,3426
20203,20.203,1,4004,54004,lowband_largesig_r01,prps,1451,1,0.005601,5,0,5,0.01308997,0.75000,prps,0,3430
20223,20.223,1,4004,54004,lowband_largesig_r01,prps,1466,16,0.137478,5,0,5,0.01308997,0.75000,prps,0,3434
20243,20.243,1,4004,54004,lowband_largesig_r01,prps,1485,35,0.292186,1,0,1,0.00261799,0.15000,prps,0,3438
20263,20.263,1,4004,54004,lowband_largesig_r01,prps,1504,54,0.456803,-5,0,-5,-0.01308997,-0.75000,prps,0,3442
20283,20.283,1,4004,54004,lowband_largesig_r01,prps,1523,73,0.615313,-12,0,-12,-0.03141592,-1.80000,prps,0,3446
20303,20.303,1,4004,54004,lowband_largesig_r01,prps,1539,89,0.750375,-23,0,-23,-0.06021386,-3.45000,prps,0,3450
20323,20.323,1,4004,54004,lowband_largesig_r01,prps,1551,101,0.845484,-35,0,-35,-0.09162979,-5.25000,prps,0,3454
20343,20.343,1,4004,54004,lowband_largesig_r01,prps,1556,106,0.887254,-47,0,-47,-0.12304571,-7.05000,prps,0,3458
20363,20.363,1,4004,54004,lowband_largesig_r01,prps,1553,103,0.867439,-56,0,-56,-0.14660765,-8.40000,prps,0,3462
20383,20.383,1,4004,54004,lowband_largesig_r01,prps,1543,93,0.784380,-62,0,-62,-0.16231562,-9.30000,prps,0,3466
20403,20.403,1,4004,54004,lowband_largesig_r01,prps,1527,77,0.643604,-64,0,-64,-0.16755160,-9.60000,prps,0,3470
20423,20.423,1,4004,54004,lowband_largesig_r01,prps,1504,54,0.457445,-62,0,-62,-0.16231562,-9.30000,prps,0,3474
20443,20.443,1,4004,54004,lowband_largesig_r01,prps,1479,29,0.243677,-56,0,-56,-0.14660765,-8.40000,prps,0,3478
20463,20.463,1,4004,54004,lowband_largesig_r01,prps,1453,3,0.023345,-47,0,-47,-0.12304571,-7.05000,prps,0,3482
20483,20.483,1,4004,54004,lowband_largesig_r01,prps,1428,-22,-0.181923,-36,0,-36,-0.09424778,-5.40000,prps,0,3486
20503,20.503,1,4004,54004,lowband_largesig_r01,prps,1408,-42,-0.352727,-22,0,-22,-0.05759586,-3.30000,prps,0,3490
20523,20.523,1,4004,54004,lowband_largesig_r01,prps,1394,-56,-0.474412,-7,0,-7,-0.01832596,-1.05000,prps,0,3494
20543,20.543,1,4004,54004,lowband_largesig_r01,prps,1386,-64,-0.538913,7,0,7,0.01832596,1.05000,prps,0,3498
20563,20.563,1,4004,54004,lowband_largesig_r01,prps,1385,-65,-0.545649,19,0,19,0.04974188,2.85000,prps,0,3502
20583,20.583,1,4004,54004,lowband_largesig_r01,prps,1390,-60,-0.501327,25,0,25,0.06544985,3.75000,prps,0,3506
20603,20.603,1,4004,54004,lowband_largesig_r01,prps,1400,-50,-0.418710,27,0,27,0.07068583,4.05000,prps,0,3510
20623,20.623,1,4004,54004,lowband_largesig_r01,prps,1413,-37,-0.314542,26,0,26,0.06806784,3.90000,prps,0,3514
20643,20.643,1,4004,54004,lowband_largesig_r01,prps,1425,-25,-0.206959,24,0,24,0.06283185,3.60000,prps,0,3518
20663,20.663,1,4004,54004,lowband_largesig_r01,prps,1437,-13,-0.112818,20,0,20,0.05235988,3.00000,prps,0,3522
20683,20.683,1,4004,54004,lowband_largesig_r01,prps,1445,-5,-0.045349,14,0,14,0.03665191,2.10000,prps,0,3526
20703,20.703,1,4004,54004,lowband_largesig_r01,prps,1449,-1,-0.012496,9,0,9,0.02356194,1.35000,prps,0,3530
20723,20.723,1,4004,54004,lowband_largesig_r01,prps,1448,-2,-0.016183,5,0,5,0.01308997,0.75000,prps,0,3534
20743,20.743,1,4004,54004,lowband_largesig_r01,prps,1444,-6,-0.052597,2,0,2,0.00523599,0.30000,prps,0,3538
20763,20.763,1,4004,54004,lowband_largesig_r01,prps,1437,-13,-0.113379,1,0,1,0.00261799,0.15000,prps,0,3542
20783,20.783,1,4004,54004,lowband_largesig_r01,prps,1428,-22,-0.187494,1,0,1,0.00261799,0.15000,prps,0,3546
20803,20.803,1,4004,54004,lowband_largesig_r01,prps,1419,-31,-0.263428,2,0,2,0.00523599,0.30000,prps,0,3550
20823,20.823,1,4004,54004,lowband_largesig_r01,prps,1411,-39,-0.331300,4,0,4,0.01047198,0.60000,prps,0,3554
20843,20.843,1,4004,54004,lowband_largesig_r01,prps,1404,-46,-0.384534,7,0,7,0.01832596,1.05000,prps,0,3558
20863,20.863,1,4004,54004,lowband_largesig_r01,prps,1400,-50,-0.420787,10,0,10,0.02617994,1.50000,prps,0,3562
20883,20.883,1,4004,54004,lowband_largesig_r01,prps,1397,-53,-0.441996,14,0,14,0.03665191,2.10000,prps,0,3566
20903,20.903,1,4004,54004,lowband_largesig_r01,prps,1396,-54,-0.453561,17,0,17,0.04450589,2.55000,prps,0,3570
20923,20.923,1,4004,54004,lowband_largesig_r01,prps,1395,-55,-0.462826,18,0,18,0.04712389,2.70000,prps,0,3574
20943,20.943,1,4004,54004,lowband_largesig_r01,prps,1393,-57,-0.477181,19,0,19,0.04974188,2.85000,prps,0,3578
20963,20.963,1,4004,54004,lowband_largesig_r01,prps,1390,-60,-0.502131,21,0,21,0.05497787,3.15000,prps,0,3582
20983,20.983,1,4004,54004,lowband_largesig_r01,prps,1386,-64,-0.539738,22,0,22,0.05759586,3.30000,prps,0,3586
21003,21.003,1,4004,54004,lowband_largesig_r01,prps,1380,-70,-0.587726,23,0,23,0.06021386,3.45000,prps,0,3590
21023,21.023,1,4004,54004,lowband_largesig_r01,prps,1374,-76,-0.639447,24,0,24,0.06283185,3.60000,prps,0,3594
21043,21.043,1,4004,54004,lowband_largesig_r01,prps,1369,-81,-0.684750,26,0,26,0.06806784,3.90000,prps,0,3598
21063,21.063,1,4004,54004,lowband_largesig_r01,prps,1365,-85,-0.711605,29,0,29,0.07592182,4.35000,prps,0,3602
21083,21.083,1,4004,54004,lowband_largesig_r01,prps,1366,-84,-0.708216,33,0,33,0.08639380,4.95000,prps,0,3606
21103,21.103,1,4004,54004,lowband_largesig_r01,prps,1371,-79,-0.665261,35,0,35,0.09162979,5.25000,prps,0,3610
21123,21.123,1,4004,54004,lowband_largesig_r01,prps,1381,-69,-0.577829,37,0,37,0.09686577,5.55000,prps,0,3614
21143,21.143,1,4004,54004,lowband_largesig_r01,prps,1397,-53,-0.446732,37,0,37,0.09686577,5.55000,prps,0,3618
21163,21.163,1,4004,54004,lowband_largesig_r01,prps,1417,-33,-0.278892,36,0,36,0.09424778,5.40000,prps,0,3622
21183,21.183,1,4004,54004,lowband_largesig_r01,prps,1440,-10,-0.086742,32,0,32,0.08377580,4.80000,prps,0,3626
21203,21.203,1,4004,54004,lowband_largesig_r01,prps,1463,13,0.113329,23,0,23,0.06021386,3.45000,prps,0,3630
21223,21.223,1,4004,54004,lowband_largesig_r01,prps,1486,36,0.303223,11,0,11,0.02879793,1.65000,prps,0,3634
21243,21.243,1,4004,54004,lowband_largesig_r01,prps,1505,55,0.465740,0,0,0,0.00000000,0.00000,prps,0,3638
21263,21.263,1,4004,54004,lowband_largesig_r01,prps,1520,70,0.587100,-11,0,-11,-0.02879793,-1.65000,prps,0,3642
21283,21.283,1,4004,54004,lowband_largesig_r01,prps,1528,78,0.658972,-23,0,-23,-0.06021386,-3.45000,prps,0,3646
21303,21.303,1,4004,54004,lowband_largesig_r01,prps,1531,81,0.679669,-34,0,-34,-0.08901179,-5.10000,prps,0,3650
21323,21.323,1,4004,54004,lowband_largesig_r01,prps,1528,78,0.654303,-44,0,-44,-0.11519173,-6.60000,prps,0,3654
21343,21.343,1,4004,54004,lowband_largesig_r01,prps,1521,71,0.593866,-50,0,-50,-0.13089970,-7.50000,prps,0,3658
21363,21.363,1,4004,54004,lowband_largesig_r01,prps,1511,61,0.513385,-51,0,-51,-0.13351768,-7.65000,prps,0,3662
21383,21.383,1,4004,54004,lowband_largesig_r01,prps,1501,51,0.429448,-49,0,-49,-0.12828170,-7.35000,prps,0,3666
21403,21.403,1,4004,54004,lowband_largesig_r01,prps,1493,43,0.357513,-46,0,-46,-0.12042772,-6.90000,prps,0,3670
21423,21.423,1,4004,54004,lowband_largesig_r01,prps,1487,37,0.309428,-42,0,-42,-0.10995574,-6.30000,prps,0,3674
21443,21.443,1,4004,54004,lowband_largesig_r01,prps,1485,35,0.291575,-37,0,-37,-0.09686577,-5.55000,prps,0,3678
21463,21.463,1,4004,54004,lowband_largesig_r01,prps,1486,36,0.303942,-34,0,-34,-0.08901179,-5.10000,prps,0,3682
21483,21.483,1,4004,54004,lowband_largesig_r01,prps,1490,40,0.340247,-30,0,-30,-0.07853982,-4.50000,prps,0,3686
21503,21.503,1,4004,54004,lowband_largesig_r01,prps,1496,46,0.389104,-29,0,-29,-0.07592182,-4.35000,prps,0,3690
21523,21.523,1,4004,54004,lowband_largesig_r01,prps,1502,52,0.436016,-29,0,-29,-0.07592182,-4.35000,prps,0,3694
21543,21.543,1,4004,54004,lowband_largesig_r01,prps,1505,55,0.465860,-29,0,-29,-0.07592182,-4.35000,prps,0,3698
21563,21.563,1,4004,54004,lowband_largesig_r01,prps,1505,55,0.465447,-29,0,-29,-0.07592182,-4.35000,prps,0,3702
21583,21.583,1,4004,54004,lowband_largesig_r01,prps,1501,51,0.425746,-30,0,-30,-0.07853982,-4.50000,prps,0,3706
21603,21.603,1,4004,54004,lowband_largesig_r01,prps,1491,41,0.343395,-31,0,-31,-0.08115781,-4.65000,prps,0,3710
21623,21.623,1,4004,54004,lowband_largesig_r01,prps,1476,26,0.221281,-31,0,-31,-0.08115781,-4.65000,prps,0,3714
21643,21.643,1,4004,54004,lowband_largesig_r01,prps,1458,8,0.068107,-29,0,-29,-0.07592182,-4.35000,prps,0,3718
21663,21.663,1,4004,54004,lowband_largesig_r01,prps,1438,-12,-0.102971,-26,0,-26,-0.06806784,-3.90000,prps,0,3722
21683,21.683,1,4004,54004,lowband_largesig_r01,prps,1417,-33,-0.276383,-19,0,-19,-0.04974188,-2.85000,prps,0,3726
21703,21.703,1,4004,54004,lowband_largesig_r01,prps,1398,-52,-0.436518,-10,0,-10,-0.02617994,-1.50000,prps,0,3730
21723,21.723,1,4004,54004,lowband_largesig_r01,prps,1382,-68,-0.570036,3,0,3,0.00785398,0.45000,prps,0,3734
21743,21.743,1,4004,54004,lowband_largesig_r01,prps,1371,-79,-0.667752,14,0,14,0.03665191,2.10000,prps,0,3738
21763,21.763,1,4004,54004,lowband_largesig_r01,prps,1364,-86,-0.725792,24,0,24,0.06283185,3.60000,prps,0,3742
21783,21.783,1,4004,54004,lowband_largesig_r01,prps,1361,-89,-0.745867,32,0,32,0.08377580,4.80000,prps,0,3746
21803,21.803,1,4004,54004,lowband_largesig_r01,prps,1363,-87,-0.734653,39,0,39,0.10210176,5.85000,prps,0,3750
21823,21.823,1,4004,54004,lowband_largesig_r01,prps,1366,-84,-0.702420,43,0,43,0.11257374,6.45000,prps,0,3754
21843,21.843,1,4004,54004,lowband_largesig_r01,prps,1371,-79,-0.661160,43,0,43,0.11257374,6.45000,prps,0,3758
21863,21.863,1,4004,54004,lowband_largesig_r01,prps,1376,-74,-0.622544,43,0,43,0.11257374,6.45000,prps,0,3762
21883,21.883,1,4004,54004,lowband_largesig_r01,prps,1379,-71,-0.596055,43,0,43,0.11257374,6.45000,prps,0,3766
21903,21.903,1,4004,54004,lowband_largesig_r01,prps,1380,-70,-0.587591,42,0,42,0.10995574,6.30000,prps,0,3770
21923,21.923,1,4004,54004,lowband_largesig_r01,prps,1379,-71,-0.598741,41,0,41,0.10733775,6.15000,prps,0,3774
21943,21.943,1,4004,54004,lowband_largesig_r01,prps,1375,-75,-0.626807,39,0,39,0.10210176,5.85000,prps,0,3778
21963,21.963,1,4004,54004,lowband_largesig_r01,prps,1371,-79,-0.665539,38,0,38,0.09948376,5.70000,prps,0,3782
21983,21.983,1,4004,54004,lowband_largesig_r01,prps,1366,-84,-0.706389,38,0,38,0.09948376,5.70000,prps,0,3786
22003,22.003,1,4004,54004,lowband_largesig_r01,prps,1362,-88,-0.740064,38,0,38,0.09948376,5.70000,prps,0,3790
22023,22.023,1,4004,54004,lowband_largesig_r01,prps,1360,-90,-0.758079,39,0,39,0.10210176,5.85000,prps,0,3794
22043,22.043,1,4004,54004,lowband_largesig_r01,prps,1360,-90,-0.754054,40,0,40,0.10471976,6.00000,prps,0,3798
22063,22.063,1,4004,54004,lowband_largesig_r01,prps,1364,-86,-0.724560,42,0,42,0.10995574,6.30000,prps,0,3802
22083,22.083,1,4004,54004,lowband_largesig_r01,prps,1370,-80,-0.669403,42,0,42,0.10995574,6.30000,prps,0,3806
22103,22.103,1,4004,54004,lowband_largesig_r01,prps,1380,-70,-0.591357,42,0,42,0.10995574,6.30000,prps,0,3810
22123,22.123,1,4004,54004,lowband_largesig_r01,prps,1391,-59,-0.495443,41,0,41,0.10733775,6.15000,prps,0,3814
22143,22.143,1,4004,54004,lowband_largesig_r01,prps,1404,-46,-0.387933,40,0,40,0.10471976,6.00000,prps,0,3818
22163,22.163,1,4004,54004,lowband_largesig_r01,prps,1417,-33,-0.275287,35,0,35,0.09162979,5.25000,prps,0,3822
22183,22.183,1,4004,54004,lowband_largesig_r01,prps,1431,-19,-0.163235,28,0,28,0.07330382,4.20000,prps,0,3826
22203,22.203,1,4004,54004,lowband_largesig_r01,prps,1443,-7,-0.056156,21,0,21,0.05497787,3.15000,prps,0,3830
22223,22.223,1,4004,54004,lowband_largesig_r01,prps,1455,5,0.043167,12,0,12,0.03141592,1.80000,prps,0,3834
22243,22.243,1,4004,54004,lowband_largesig_r01,prps,1466,16,0.133410,5,0,5,0.01308997,0.75000,prps,0,3838
22263,22.263,1,4004,54004,lowband_largesig_r01,prps,1475,25,0.214271,0,0,0,0.00000000,0.00000,prps,0,3842
22283,22.283,1,4004,54004,lowband_largesig_r01,prps,1484,34,0.285895,-5,0,-5,-0.01308997,-0.75000,prps,0,3846
22303,22.303,1,4004,54004,lowband_largesig_r01,prps,1491,41,0.348297,-10,0,-10,-0.02617994,-1.50000,prps,0,3850
22323,22.323,1,4004,54004,lowband_largesig_r01,prps,1498,48,0.400969,-15,0,-15,-0.03926991,-2.25000,prps,0,3854
22343,22.343,1,4004,54004,lowband_largesig_r01,prps,1503,53,0.442746,-21,0,-21,-0.05497787,-3.15000,prps,0,3858
22363,22.363,1,4004,54004,lowband_largesig_r01,prps,1506,56,0.472002,-26,0,-26,-0.06806784,-3.90000,prps,0,3862
22383,22.383,1,4004,54004,lowband_largesig_r01,prps,1508,58,0.487105,-29,0,-29,-0.07592182,-4.35000,prps,0,3866
22403,22.403,1,4004,54004,lowband_largesig_r01,prps,1508,58,0.487033,-32,0,-32,-0.08377580,-4.80000,prps,0,3870
22423,22.423,1,4004,54004,lowband_largesig_r01,prps,1506,56,0.471996,-34,0,-34,-0.08901179,-5.10000,prps,0,3874
22443,22.443,1,4004,54004,lowband_largesig_r01,prps,1503,53,0.443881,-34,0,-34,-0.08901179,-5.10000,prps,0,3878
22463,22.463,1,4004,54004,lowband_largesig_r01,prps,1498,48,0.406398,-34,0,-34,-0.08901179,-5.10000,prps,0,3882
22483,22.483,1,4004,54004,lowband_largesig_r01,prps,1493,43,0.364821,-33,0,-33,-0.08639380,-4.95000,prps,0,3886
22503,22.503,1,4004,54004,lowband_largesig_r01,prps,1489,39,0.325339,-33,0,-33,-0.08639380,-4.95000,prps,0,3890
22523,22.523,1,4004,54004,lowband_largesig_r01,prps,1485,35,0.294107,-33,0,-33,-0.08639380,-4.95000,prps,0,3894
22543,22.543,1,4004,54004,lowband_largesig_r01,prps,1483,33,0.276146,-33,0,-33,-0.08639380,-4.95000,prps,0,3898
22563,22.563,1,4004,54004,lowband_largesig_r01,prps,1483,33,0.274326,-31,0,-31,-0.08115781,-4.65000,prps,0,3902
22583,22.583,1,4004,54004,lowband_largesig_r01,prps,1484,34,0.288621,-29,0,-29,-0.07592182,-4.35000,prps,0,3906
22603,22.603,1,4004,54004,lowband_largesig_r01,prps,1488,38,0.315848,-28,0,-28,-0.07330382,-4.20000,prps,0,3910
22623,22.623,1,4004,54004,lowband_largesig_r01,prps,1492,42,0.349972,-28,0,-28,-0.07330382,-4.20000,prps,0,3914
22643,22.643,1,4004,54004,lowband_largesig_r01,prps,1496,46,0.382983,-28,0,-28,-0.07330382,-4.20000,prps,0,3918
22663,22.663,1,4004,54004,lowband_largesig_r01,prps,1498,48,0.406244,-28,0,-28,-0.07330382,-4.20000,prps,0,3922
22683,22.683,1,4004,54004,lowband_largesig_r01,prps,1499,49,0.412086,-28,0,-28,-0.07330382,-4.20000,prps,0,3926
22703,22.703,1,4004,54004,lowband_largesig_r01,prps,1497,47,0.395388,-29,0,-29,-0.07592182,-4.35000,prps,0,3930
22723,22.723,1,4004,54004,lowband_largesig_r01,prps,1492,42,0.354842,-29,0,-29,-0.07592182,-4.35000,prps,0,3934
22743,22.743,1,4004,54004,lowband_largesig_r01,prps,1485,35,0.293638,-28,0,-28,-0.07330382,-4.20000,prps,0,3938
22763,22.763,1,4004,54004,lowband_largesig_r01,prps,1476,26,0.219413,-28,0,-28,-0.07330382,-4.20000,prps,0,3942
22783,22.783,1,4004,54004,lowband_largesig_r01,prps,1467,17,0.143392,-27,0,-27,-0.07068583,-4.05000,prps,0,3946
22803,22.803,1,4004,54004,lowband_largesig_r01,prps,1459,9,0.078809,-25,0,-25,-0.06544985,-3.75000,prps,0,3950
22823,22.823,1,4004,54004,lowband_largesig_r01,prps,1455,5,0.038849,-22,0,-22,-0.05759586,-3.30000,prps,0,3954
22843,22.843,1,4004,54004,lowband_largesig_r01,prps,1454,4,0.034404,-19,0,-19,-0.04974188,-2.85000,prps,0,3958
22863,22.863,1,4004,54004,lowband_largesig_r01,prps,1459,9,0.072029,-15,0,-15,-0.03926991,-2.25000,prps,0,3962
22883,22.883,1,4004,54004,lowband_largesig_r01,prps,1468,18,0.152457,-13,0,-13,-0.03403392,-1.95000,prps,0,3966
22903,22.903,1,4004,54004,lowband_largesig_r01,prps,1482,32,0.269950,-13,0,-13,-0.03403392,-1.95000,prps,0,3970
22923,22.923,1,4004,54004,lowband_largesig_r01,prps,1499,49,0.412656,-13,0,-13,-0.03403392,-1.95000,prps,0,3974
22943,22.943,1,4004,54004,lowband_largesig_r01,prps,1517,67,0.563955,-16,0,-16,-0.04188790,-2.40000,prps,0,3978
22963,22.963,1,4004,54004,lowband_largesig_r01,prps,1534,84,0.704647,-23,0,-23,-0.06021386,-3.45000,prps,0,3982
22983,22.983,1,4004,54004,lowband_largesig_r01,prps,1547,97,0.815644,-33,0,-33,-0.08639380,-4.95000,prps,0,3986
23003,23.003,1,4004,54004,lowband_largesig_r01,prps,1555,105,0.880786,-42,0,-42,-0.10995574,-6.30000,prps,0,3990
23023,23.023,1,4004,54004,lowband_largesig_r01,prps,1556,106,0.889312,-52,0,-52,-0.13613568,-7.80000,prps,0,3994
23043,23.043,1,4004,54004,lowband_largesig_r01,prps,1550,100,0.837604,-59,0,-59,-0.15446164,-8.85000,prps,0,3998
23063,23.063,1,4004,54004,lowband_largesig_r01,prps,1537,87,0.729903,-63,0,-63,-0.16493360,-9.45000,prps,0,4002
23083,23.083,1,4004,54004,lowband_largesig_r01,prps,1519,69,0.577856,-63,0,-63,-0.16493360,-9.45000,prps,0,4006
23103,23.103,1,4004,54004,lowband_largesig_r01,prps,1497,47,0.398957,-60,0,-60,-0.15707964,-9.00000,prps,0,4010
23123,23.123,1,4004,54004,lowband_largesig_r01,prps,1475,25,0.214085,-53,0,-53,-0.13875367,-7.95000,prps,0,4014
23143,23.143,1,4004,54004,lowband_largesig_r01,prps,1455,5,0.044540,-44,0,-44,-0.11519173,-6.60000,prps,0,4018
23163,23.163,1,4004,54004,lowband_largesig_r01,prps,1439,-11,-0.090991,-33,0,-33,-0.08639380,-4.95000,prps,0,4022
23183,23.183,1,4004,54004,lowband_largesig_r01,prps,1429,-21,-0.179054,-21,0,-21,-0.05497787,-3.15000,prps,0,4026
23203,23.203,1,4004,54004,lowband_largesig_r01,prps,1425,-25,-0.213239,-9,0,-9,-0.02356194,-1.35000,prps,0,4030
23223,23.223,1,4004,54004,lowband_largesig_r01,prps,1427,-23,-0.194893,1,0,1,0.00261799,0.15000,prps,0,4034
23243,23.243,1,4004,54004,lowband_largesig_r01,prps,1434,-16,-0.132660,6,0,6,0.01570796,0.90000,prps,0,4038
23263,23.263,1,4004,54004,lowband_largesig_r01,prps,1445,-5,-0.040909,6,0,6,0.01570796,0.90000,prps,0,4042
23283,23.283,1,4004,54004,lowband_largesig_r01,prps,1457,7,0.062655,6,0,6,0.01570796,0.90000,prps,0,4046
23303,23.303,1,4004,54004,lowband_largesig_r01,prps,1469,19,0.159826,3,0,3,0.00785398,0.45000,prps,0,4050
23323,23.323,1,4004,54004,lowband_largesig_r01,prps,1478,28,0.234697,-1,0,-1,-0.00261799,-0.15000,prps,0,4054
23343,23.343,1,4004,54004,lowband_largesig_r01,prps,1483,33,0.276004,-6,0,-6,-0.01570796,-0.90000,prps,0,4058
23363,23.363,1,4004,54004,lowband_largesig_r01,prps,1483,33,0.278624,-10,0,-10,-0.02617994,-1.50000,prps,0,4062
23383,23.383,1,4004,54004,lowband_largesig_r01,prps,1479,29,0.244042,-15,0,-15,-0.03926991,-2.25000,prps,0,4066
23403,23.403,1,4004,54004,lowband_largesig_r01,prps,1471,21,0.179725,-19,0,-19,-0.04974188,-2.85000,prps,0,4070
23423,23.423,1,4004,54004,lowband_largesig_r01,prps,1462,12,0.097556,-20,0,-20,-0.05235988,-3.00000,prps,0,4074
23443,23.443,1,4004,54004,lowband_largesig_r01,prps,1451,1,0.011631,-20,0,-20,-0.05235988,-3.00000,prps,0,4078
23463,23.463,1,4004,54004,lowband_largesig_r01,prps,1442,-8,-0.064212,-18,0,-18,-0.04712389,-2.70000,prps,0,4082
23483,23.483,1,4004,54004,lowband_largesig_r01,prps,1436,-14,-0.118679,-14,0,-14,-0.03665191,-2.10000,prps,0,4086
23503,23.503,1,4004,54004,lowband_largesig_r01,prps,1433,-17,-0.144755,-9,0,-9,-0.02356194,-1.35000,prps,0,4090
23523,23.523,1,4004,54004,lowband_largesig_r01,prps,1433,-17,-0.140614,-3,0,-3,-0.00785398,-0.45000,prps,0,4094
23543,23.543,1,4004,54004,lowband_largesig_r01,prps,1437,-13,-0.109577,1,0,1,0.00261799,0.15000,prps,0,4098
23563,23.563,1,4004,54004,lowband_largesig_r01,prps,1443,-7,-0.059170,2,0,2,0.00523599,0.30000,prps,0,4102
23583,23.583,1,4004,54004,lowband_largesig_r01,prps,1450,0,0.000517,3,0,3,0.00785398,0.45000,prps,0,4106
23603,23.603,1,4004,54004,lowband_largesig_r01,prps,1457,7,0.058839,3,0,3,0.00785398,0.45000,prps,0,4110
23623,23.623,1,4004,54004,lowband_largesig_r01,prps,1463,13,0.106602,3,0,3,0.00785398,0.45000,prps,0,4114
23643,23.643,1,4004,54004,lowband_largesig_r01,prps,1466,16,0.137691,1,0,1,0.00261799,0.15000,prps,0,4118
23663,23.663,1,4004,54004,lowband_largesig_r01,prps,1468,18,0.150026,-3,0,-3,-0.00785398,-0.45000,prps,0,4122
23683,23.683,1,4004,54004,lowband_largesig_r01,prps,1467,17,0.145690,-7,0,-7,-0.01832596,-1.05000,prps,0,4126
23703,23.703,1,4004,54004,lowband_largesig_r01,prps,1465,15,0.130214,-10,0,-10,-0.02617994,-1.50000,prps,0,4130
23723,23.723,1,4004,54004,lowband_largesig_r01,prps,1463,13,0.111177,-12,0,-12,-0.03141592,-1.80000,prps,0,4134
23743,23.743,1,4004,54004,lowband_largesig_r01,prps,1461,11,0.096391,-12,0,-12,-0.03141592,-1.80000,prps,0,4138
23763,23.763,1,4004,54004,lowband_largesig_r01,prps,1461,11,0.092034,-12,0,-12,-0.03141592,-1.80000,prps,0,4142
23783,23.783,1,4004,54004,lowband_largesig_r01,prps,1462,12,0.101085,-12,0,-12,-0.03141592,-1.80000,prps,0,4146
23803,23.803,1,4004,54004,lowband_largesig_r01,prps,1465,15,0.122381,-12,0,-12,-0.03141592,-1.80000,prps,0,4150
23823,23.823,1,4004,54004,lowband_largesig_r01,prps,1468,18,0.150491,-12,0,-12,-0.03141592,-1.80000,prps,0,4154
23843,23.843,1,4004,54004,lowband_largesig_r01,prps,1471,21,0.176452,-12,0,-12,-0.03141592,-1.80000,prps,0,4158
23863,23.863,1,4004,54004,lowband_largesig_r01,prps,1473,23,0.189271,-13,0,-13,-0.03403392,-1.95000,prps,0,4162
23883,23.883,1,4004,54004,lowband_largesig_r01,prps,1471,21,0.177930,-13,0,-13,-0.03403392,-1.95000,prps,0,4166
23903,23.903,1,4004,54004,lowband_largesig_r01,prps,1466,16,0.133547,-13,0,-13,-0.03403392,-1.95000,prps,0,4170
23923,23.923,1,4004,54004,lowband_largesig_r01,prps,1456,6,0.051322,-12,0,-12,-0.03141592,-1.80000,prps,0,4174
23943,23.943,1,4004,54004,lowband_largesig_r01,prps,1442,-8,-0.068100,-12,0,-12,-0.03141592,-1.80000,prps,0,4178
23963,23.963,1,4004,54004,lowband_largesig_r01,prps,1424,-26,-0.218111,-11,0,-11,-0.02879793,-1.65000,prps,0,4182
23983,23.983,1,4004,54004,lowband_largesig_r01,prps,1404,-46,-0.386580,-6,0,-6,-0.01570796,-0.90000,prps,0,4186
24003,24.003,1,4004,54004,lowband_largesig_r01,prps,1384,-66,-0.557226,2,0,2,0.00523599,0.30000,prps,0,4190
24023,24.023,1,4004,54004,lowband_largesig_r01,prps,1365,-85,-0.711717,11,0,11,0.02879793,1.65000,prps,0,4194
24043,24.043,1,4004,54004,lowband_largesig_r01,prps,1351,-99,-0.832188,20,0,20,0.05235988,3.00000,prps,0,4198
24063,24.063,1,4004,54004,lowband_largesig_r01,prps,1342,-108,-0.903775,28,0,28,0.07330382,4.20000,prps,0,4202
24083,24.083,1,4004,54004,lowband_largesig_r01,prps,1341,-109,-0.916787,38,0,38,0.09948376,5.70000,prps,0,4206
24103,24.103,1,4004,54004,lowband_largesig_r01,prps,1347,-103,-0.868153,46,0,46,0.12042772,6.90000,prps,0,4210
24123,24.123,1,4004,54004,lowband_largesig_r01,prps,1359,-91,-0.761950,52,0,52,0.13613568,7.80000,prps,0,4214
24143,24.143,1,4004,54004,lowband_largesig_r01,prps,1378,-72,-0.608908,52,0,52,0.13613568,7.80000,prps,0,4218
24163,24.163,1,4004,54004,lowband_largesig_r01,prps,1399,-51,-0.425004,50,0,50,0.13089970,7.50000,prps,0,4222
24183,24.183,1,4004,54004,lowband_largesig_r01,prps,1423,-27,-0.229356,45,0,45,0.11780972,6.75000,prps,0,4226
24203,24.203,1,4004,54004,lowband_largesig_r01,prps,1445,-5,-0.041750,35,0,35,0.09162979,5.25000,prps,0,4230
24223,24.223,1,4004,54004,lowband_largesig_r01,prps,1464,14,0.119818,22,0,22,0.05759586,3.30000,prps,0,4234
24243,24.243,1,4004,54004,lowband_largesig_r01,prps,1479,29,0.241233,9,0,9,0.02356194,1.35000,prps,0,4238
24263,24.263,1,4004,54004,lowband_largesig_r01,prps,1487,37,0.313695,-4,0,-4,-0.01047198,-0.60000,prps,0,4242
24283,24.283,1,4004,54004,lowband_largesig_r01,prps,1490,40,0.334323,-13,0,-13,-0.03403392,-1.95000,prps,0,4246
24303,24.303,1,4004,54004,lowband_largesig_r01,prps,1486,36,0.305912,-22,0,-22,-0.05759586,-3.30000,prps,0,4250
24323,24.323,1,4004,54004,lowband_largesig_r01,prps,1478,28,0.235930,-27,0,-27,-0.07068583,-4.05000,prps,0,4254
24343,24.343,1,4004,54004,lowband_largesig_r01,prps,1466,16,0.134990,-28,0,-28,-0.07330382,-4.20000,prps,0,4258
24363,24.363,1,4004,54004,lowband_largesig_r01,prps,1452,2,0.015072,-25,0,-25,-0.06544985,-3.75000,prps,0,4262
24383,24.383,1,4004,54004,lowband_largesig_r01,prps,1437,-13,-0.112198,-20,0,-20,-0.05235988,-3.00000,prps,0,4266
24403,24.403,1,4004,54004,lowband_largesig_r01,prps,1422,-28,-0.236945,-14,0,-14,-0.03665191,-2.10000,prps,0,4270
24423,24.423,1,4004,54004,lowband_largesig_r01,prps,1408,-42,-0.351943,-6,0,-6,-0.01570796,-0.90000,prps,0,4274
24443,24.443,1,4004,54004,lowband_largesig_r01,prps,1396,-54,-0.452914,3,0,3,0.00785398,0.45000,prps,0,4278
24463,24.463,1,4004,54004,lowband_largesig_r01,prps,1386,-64,-0.538285,11,0,11,0.02879793,1.65000,prps,0,4282
24483,24.483,1,4004,54004,lowband_largesig_r01,prps,1378,-72,-0.608508,18,0,18,0.04712389,2.70000,prps,0,4286
24503,24.503,1,4004,54004,lowband_largesig_r01,prps,1371,-79,-0.665156,23,0,23,0.06021386,3.45000,prps,0,4290
24523,24.523,1,4004,54004,lowband_largesig_r01,prps,1366,-84,-0.709999,28,0,28,0.07330382,4.20000,prps,0,4294
24543,24.543,1,4004,54004,lowband_largesig_r01,prps,1361,-89,-0.744273,32,0,32,0.08377580,4.80000,prps,0,4298
24563,24.563,1,4004,54004,lowband_largesig_r01,prps,1359,-91,-0.768260,36,0,36,0.09424778,5.40000,prps,0,4302
24583,24.583,1,4004,54004,lowband_largesig_r01,prps,1357,-93,-0.781269,39,0,39,0.10210176,5.85000,prps,0,4306
24603,24.603,1,4004,54004,lowband_largesig_r01,prps,1357,-93,-0.781944,41,0,41,0.10733775,6.15000,prps,0,4310
24623,24.623,1,4004,54004,lowband_largesig_r01,prps,1359,-91,-0.768837,44,0,44,0.11519173,6.60000,prps,0,4314
24643,24.643,1,4004,54004,lowband_largesig_r01,prps,1362,-88,-0.741050,44,0,44,0.11519173,6.60000,prps,0,4318
24663,24.663,1,4004,54004,lowband_largesig_r01,prps,1367,-83,-0.698792,45,0,45,0.11780972,6.75000,prps,0,4322
24683,24.683,1,4004,54004,lowband_largesig_r01,prps,1373,-77,-0.643703,45,0,45,0.11780972,6.75000,prps,0,4326
24703,24.703,1,4004,54004,lowband_largesig_r01,prps,1381,-69,-0.578843,45,0,45,0.11780972,6.75000,prps,0,4330
24723,24.723,1,4004,54004,lowband_largesig_r01,prps,1390,-60,-0.508343,45,0,45,0.11780972,6.75000,prps,0,4334
24743,24.743,1,4004,54004,lowband_largesig_r01,prps,1398,-52,-0.436769,43,0,43,0.11257374,6.45000,prps,0,4338
24763,24.763,1,4004,54004,lowband_largesig_r01,prps,1406,-44,-0.368349,39,0,39,0.10210176,5.85000,prps,0,4342
24783,24.783,1,4004,54004,lowband_largesig_r01,prps,1414,-36,-0.306214,32,0,32,0.08377580,4.80000,prps,0,4346
24803,24.803,1,4004,54004,lowband_largesig_r01,prps,1420,-30,-0.251846,26,0,26,0.06806784,3.90000,prps,0,4350
24823,24.823,1,4004,54004,lowband_largesig_r01,prps,1426,-24,-0.204853,21,0,21,0.05497787,3.15000,prps,0,4354
24843,24.843,1,4004,54004,lowband_largesig_r01,prps,1431,-19,-0.163159,16,0,16,0.04188790,2.40000,prps,0,4358
24863,24.863,1,4004,54004,lowband_largesig_r01,prps,1435,-15,-0.123580,12,0,12,0.03141592,1.80000,prps,0,4362
24883,24.883,1,4004,54004,lowband_largesig_r01,prps,1440,-10,-0.082695,9,0,9,0.02356194,1.35000,prps,0,4366
24903,24.903,1,4004,54004,lowband_largesig_r01,prps,1445,-5,-0.037832,7,0,7,0.01832596,1.05000,prps,0,4370
24923,24.923,1,4004,54004,lowband_largesig_r01,prps,1451,1,0.012029,5,0,5,0.01308997,0.75000,prps,0,4374
24943,24.943,1,4004,54004,lowband_largesig_r01,prps,1458,8,0.065648,3,0,3,0.00785398,0.45000,prps,0,4378
24963,24.963,1,4004,54004,lowband_largesig_r01,prps,1464,14,0.119382,1,0,1,0.00261799,0.15000,prps,0,4382
24983,24.983,1,4004,54004,lowband_largesig_r01,prps,1470,20,0.167557,-1,0,-1,-0.00261799,-0.15000,prps,0,4386
25003,25.003,1,4004,54004,lowband_largesig_r01,prps,1474,24,0.203367,-4,0,-4,-0.01047198,-0.60000,prps,0,4390
25023,25.023,1,4004,54004,lowband_largesig_r01,prps,1476,26,0.220137,-7,0,-7,-0.01832596,-1.05000,prps,0,4394
25043,25.043,1,4004,54004,lowband_largesig_r01,prps,1475,25,0.212759,-10,0,-10,-0.02617994,-1.50000,prps,0,4398
25063,25.063,1,4004,54004,lowband_largesig_r01,prps,1471,21,0.179012,-14,0,-14,-0.03665191,-2.10000,prps,0,4402
25083,25.083,1,4004,54004,lowband_largesig_r01,prps,1464,14,0.120518,-15,0,-15,-0.03926991,-2.25000,prps,0,4406
25103,25.103,1,4004,54004,lowband_largesig_r01,prps,1455,5,0.043095,-15,0,-15,-0.03926991,-2.25000,prps,0,4410
25123,25.123,1,4004,54004,lowband_largesig_r01,prps,1445,-5,-0.043608,-15,0,-15,-0.03926991,-2.25000,prps,0,4414
25143,25.143,1,4004,54004,lowband_largesig_r01,prps,1435,-15,-0.127202,-14,0,-14,-0.03665191,-2.10000,prps,0,4418
25163,25.163,1,4004,54004,lowband_largesig_r01,prps,1427,-23,-0.194243,-10,0,-10,-0.02617994,-1.50000,prps,0,4422
25183,25.183,1,4004,54004,lowband_largesig_r01,prps,1422,-28,-0.232273,-3,0,-3,-0.00785398,-0.45000,prps,0,4426
25203,25.203,1,4004,54004,lowband_largesig_r01,prps,1422,-28,-0.231875,3,0,3,0.00785398,0.45000,prps,0,4430
25223,25.223,1,4004,54004,lowband_largesig_r01,prps,1428,-22,-0.188402,6,0,6,0.01570796,0.90000,prps,0,4434
25243,25.243,1,4004,54004,lowband_largesig_r01,prps,1438,-12,-0.103065,7,0,7,0.01832596,1.05000,prps,0,4438
25263,25.263,1,4004,54004,lowband_largesig_r01,prps,1452,2,0.016864,7,0,7,0.01832596,1.05000,prps,0,4442
25283,25.283,1,4004,54004,lowband_largesig_r01,prps,1469,19,0.158792,6,0,6,0.01570796,0.90000,prps,0,4446
25303,25.303,1,4004,54004,lowband_largesig_r01,prps,1486,36,0.306449,2,0,2,0.00523599,0.30000,prps,0,4450
25323,25.323,1,4004,54004,lowband_largesig_r01,prps,1503,53,0.442183,-4,0,-4,-0.01047198,-0.60000,prps,0,4454
25343,25.343,1,4004,54004,lowband_largesig_r01,prps,1515,65,0.549586,-13,0,-13,-0.03403392,-1.95000,prps,0,4458
25363,25.363,1,4004,54004,lowband_largesig_r01,prps,1523,73,0.616019,-23,0,-23,-0.06021386,-3.45000,prps,0,4462
25383,25.383,1,4004,54004,lowband_largesig_r01,prps,1526,76,0.634628,-32,0,-32,-0.08377580,-4.80000,prps,0,4466
25403,25.403,1,4004,54004,lowband_largesig_r01,prps,1522,72,0.605520,-40,0,-40,-0.10471976,-6.00000,prps,0,4470
25423,25.423,1,4004,54004,lowband_largesig_r01,prps,1514,64,0.535858,-46,0,-46,-0.12042772,-6.90000,prps,0,4474
25443,25.443,1,4004,54004,lowband_largesig_r01,prps,1502,52,0.438862,-48,0,-48,-0.12566370,-7.20000,prps,0,4478
25463,25.463,1,4004,54004,lowband_largesig_r01,prps,1489,39,0.331826,-46,0,-46,-0.12042772,-6.90000,prps,0,4482
25483,25.483,1,4004,54004,lowband_largesig_r01,prps,1478,28,0.233465,-41,0,-41,-0.10733775,-6.15000,prps,0,4486
25503,25.503,1,4004,54004,lowband_largesig_r01,prps,1469,19,0.161007,-35,0,-35,-0.09162979,-5.25000,prps,0,4490
25523,25.523,1,4004,54004,lowband_largesig_r01,prps,1465,15,0.127479,-30,0,-30,-0.07853982,-4.50000,prps,0,4494
25543,25.543,1,4004,54004,lowband_largesig_r01,prps,1467,17,0.139648,-24,0,-24,-0.06283185,-3.60000,prps,0,4498
25563,25.563,1,4004,54004,lowband_largesig_r01,prps,1473,23,0.196943,-19,0,-19,-0.04974188,-2.85000,prps,0,4502
25583,25.583,1,4004,54004,lowband_largesig_r01,prps,1485,35,0.291538,-16,0,-16,-0.04188790,-2.40000,prps,0,4506
25603,25.603,1,4004,54004,lowband_largesig_r01,prps,1499,49,0.409596,-16,0,-16,-0.04188790,-2.40000,prps,0,4510
25623,25.623,1,4004,54004,lowband_largesig_r01,prps,1513,63,0.533480,-19,0,-19,-0.04974188,-2.85000,prps,0,4514
25643,25.643,1,4004,54004,lowband_largesig_r01,prps,1527,77,0.644568,-26,0,-26,-0.06806784,-3.90000,prps,0,4518
25663,25.663,1,4004,54004,lowband_largesig_r01,prps,1536,86,0.726228,-32,0,-32,-0.08377580,-4.80000,prps,0,4522
25683,25.683,1,4004,54004,lowband_largesig_r01,prps,1541,91,0.766465,-40,0,-40,-0.10471976,-6.00000,prps,0,4526
25703,25.703,1,4004,54004,lowband_largesig_r01,prps,1540,90,0.759818,-47,0,-47,-0.12304571,-7.05000,prps,0,4530
25723,25.723,1,4004,54004,lowband_largesig_r01,prps,1534,84,0.708197,-51,0,-51,-0.13351768,-7.65000,prps,0,4534
25743,25.743,1,4004,54004,lowband_largesig_r01,prps,1524,74,0.620536,-53,0,-53,-0.13875367,-7.95000,prps,0,4538
25763,25.763,1,4004,54004,lowband_largesig_r01,prps,1511,61,0.511318,-52,0,-52,-0.13613568,-7.80000,prps,0,4542
25783,25.783,1,4004,54004,lowband_largesig_r01,prps,1497,47,0.398224,-51,0,-51,-0.13351768,-7.65000,prps,0,4546
25803,25.803,1,4004,54004,lowband_largesig_r01,prps,1486,36,0.299292,-48,0,-48,-0.12566370,-7.20000,prps,0,4550
25823,25.823,1,4004,54004,lowband_largesig_r01,prps,1477,27,0.230049,-42,0,-42,-0.10995574,-6.30000,prps,0,4554
25843,25.843,1,4004,54004,lowband_largesig_r01,prps,1474,24,0.201077,-36,0,-36,-0.09424778,-5.40000,prps,0,4558
25863,25.863,1,4004,54004,lowband_largesig_r01,prps,1476,26,0.216407,-30,0,-30,-0.07853982,-4.50000,prps,0,4562
25883,25.883,1,4004,54004,lowband_largesig_r01,prps,1482,32,0.272971,-26,0,-26,-0.06806784,-3.90000,prps,0,4566
25903,25.903,1,4004,54004,lowband_largesig_r01,prps,1493,43,0.361202,-24,0,-24,-0.06283185,-3.60000,prps,0,4570
25923,25.923,1,4004,54004,lowband_largesig_r01,prps,1506,56,0.466634,-25,0,-25,-0.06544985,-3.75000,prps,0,4574
25943,25.943,1,4004,54004,lowband_largesig_r01,prps,1518,68,0.572246,-27,0,-27,-0.07068583,-4.05000,prps,0,4578
25963,25.963,1,4004,54004,lowband_largesig_r01,prps,1529,79,0.661134,-31,0,-31,-0.08115781,-4.65000,prps,0,4582
25983,25.983,1,4004,54004,lowband_largesig_r01,prps,1536,86,0.719087,-36,0,-36,-0.09424778,-5.40000,prps,0,4586
26003,26.003,1,4004,54004,lowband_largesig_r01,prps,1538,88,0.736634,-42,0,-42,-0.10995574,-6.30000,prps,0,4590
26023,26.023,1,4004,54004,lowband_largesig_r01,prps,1535,85,0.710271,-48,0,-48,-0.12566370,-7.20000,prps,0,4594
26043,26.043,1,4004,54004,lowband_largesig_r01,prps,1526,76,0.642684,-51,0,-51,-0.13351768,-7.65000,prps,0,4598
26063,26.063,1,4004,54004,lowband_largesig_r01,prps,1514,64,0.541984,-51,0,-51,-0.13351768,-7.65000,prps,0,4602
26083,26.083,1,4004,54004,lowband_largesig_r01,prps,1500,50,0.420118,-50,0,-50,-0.13089970,-7.50000,prps,0,4606
26103,26.103,1,4004,54004,lowband_largesig_r01,prps,1485,35,0.290762,-47,0,-47,-0.12304571,-7.05000,prps,0,4610
26123,26.123,1,4004,54004,lowband_largesig_r01,prps,1470,20,0.167072,-42,0,-42,-0.10995574,-6.30000,prps,0,4614
26143,26.143,1,4004,54004,lowband_largesig_r01,prps,1457,7,0.059681,-35,0,-35,-0.09162979,-5.25000,prps,0,4618
26163,26.163,1,4004,54004,lowband_largesig_r01,prps,1447,-3,-0.024734,-27,0,-27,-0.07068583,-4.05000,prps,0,4622
26183,26.183,1,4004,54004,lowband_largesig_r01,prps,1440,-10,-0.084091,-18,0,-18,-0.04712389,-2.70000,prps,0,4626
26203,26.203,1,4004,54004,lowband_largesig_r01,prps,1436,-14,-0.120696,-11,0,-11,-0.02879793,-1.65000,prps,0,4630
26223,26.223,1,4004,54004,lowband_largesig_r01,prps,1433,-17,-0.140266,-4,0,-4,-0.01047198,-0.60000,prps,0,4634
26243,26.243,1,4004,54004,lowband_largesig_r01,prps,1432,-18,-0.150401,1,0,1,0.00261799,0.15000,prps,0,4638
26263,26.263,1,4004,54004,lowband_largesig_r01,prps,1431,-19,-0.158823,3,0,3,0.00785398,0.45000,prps,0,4642
26283,26.283,1,4004,54004,lowband_largesig_r01,prps,1430,-20,-0.171725,4,0,4,0.01047198,0.60000,prps,0,4646
26303,26.303,1,4004,54004,lowband_largesig_r01,prps,1427,-23,-0.192524,5,0,5,0.01308997,0.75000,prps,0,4650
26323,26.323,1,4004,54004,lowband_largesig_r01,prps,1424,-26,-0.221265,6,0,6,0.01570796,0.90000,prps,0,4654
26343,26.343,1,4004,54004,lowband_largesig_r01,prps,1420,-30,-0.254749,6,0,6,0.01570796,0.90000,prps,0,4658
26363,26.363,1,4004,54004,lowband_largesig_r01,prps,1416,-34,-0.287364,6,0,6,0.01570796,0.90000,prps,0,4662
26383,26.383,1,4004,54004,lowband_largesig_r01,prps,1413,-37,-0.312423,7,0,7,0.01832596,1.05000,prps,0,4666
26403,26.403,1,4004,54004,lowband_largesig_r01,prps,1411,-39,-0.323755,9,0,9,0.02356194,1.35000,prps,0,4670
26423,26.423,1,4004,54004,lowband_largesig_r01,prps,1412,-38,-0.317222,11,0,11,0.02879793,1.65000,prps,0,4674
26443,26.443,1,4004,54004,lowband_largesig_r01,prps,1415,-35,-0.291869,12,0,12,0.03141592,1.80000,prps,0,4678
26463,26.463,1,4004,54004,lowband_largesig_r01,prps,1420,-30,-0.250474,13,0,13,0.03403392,1.95000,prps,0,4682
26483,26.483,1,4004,54004,lowband_largesig_r01,prps,1426,-24,-0.199366,13,0,13,0.03403392,1.95000,prps,0,4686
26503,26.503,1,4004,54004,lowband_largesig_r01,prps,1432,-18,-0.147546,12,0,12,0.03141592,1.80000,prps,0,4690
26523,26.523,1,4004,54004,lowband_largesig_r01,prps,1437,-13,-0.105248,12,0,12,0.03141592,1.80000,prps,0,4694
26543,26.543,1,4004,54004,lowband_largesig_r01,prps,1440,-10,-0.082181,11,0,11,0.02879793,1.65000,prps,0,4698
26563,26.563,1,4004,54004,lowband_largesig_r01,prps,1440,-10,-0.085780,9,0,9,0.02356194,1.35000,prps,0,4702
26583,26.583,1,4004,54004,lowband_largesig_r01,prps,1436,-14,-0.119768,6,0,6,0.01570796,0.90000,prps,0,4706
26603,26.603,1,4004,54004,lowband_largesig_r01,prps,1428,-22,-0.183303,5,0,5,0.01308997,0.75000,prps,0,4710
26623,26.623,1,4004,54004,lowband_largesig_r01,prps,1418,-32,-0.270853,6,0,6,0.01570796,0.90000,prps,0,4714
26643,26.643,1,4004,54004,lowband_largesig_r01,prps,1406,-44,-0.372860,7,0,7,0.01832596,1.05000,prps,0,4718
26663,26.663,1,4004,54004,lowband_largesig_r01,prps,1393,-57,-0.477073,9,0,9,0.02356194,1.35000,prps,0,4722
26683,26.683,1,4004,54004,lowband_largesig_r01,prps,1382,-68,-0.570347,13,0,13,0.03403392,1.95000,prps,0,4726
26703,26.703,1,4004,54004,lowband_largesig_r01,prps,1374,-76,-0.640612,18,0,18,0.04712389,2.70000,prps,0,4730
26723,26.723,1,4004,54004,lowband_largesig_r01,prps,1369,-81,-0.678684,23,0,23,0.06021386,3.45000,prps,0,4734
26743,26.743,1,4004,54004,lowband_largesig_r01,prps,1369,-81,-0.679644,28,0,28,0.07330382,4.20000,prps,0,4738
26763,26.763,1,4004,54004,lowband_largesig_r01,prps,1373,-77,-0.643544,32,0,32,0.08377580,4.80000,prps,0,4742
26783,26.783,1,4004,54004,lowband_largesig_r01,prps,1382,-68,-0.575360,34,0,34,0.08901179,5.10000,prps,0,4746
26803,26.803,1,4004,54004,lowband_largesig_r01,prps,1392,-58,-0.484199,34,0,34,0.08901179,5.10000,prps,0,4750
26823,26.823,1,4004,54004,lowband_largesig_r01,prps,1405,-45,-0.381923,34,0,34,0.08901179,5.10000,prps,0,4754
26843,26.843,1,4004,54004,lowband_largesig_r01,prps,1417,-33,-0.281405,32,0,32,0.08377580,4.80000,prps,0,4758
26863,26.863,1,4004,54004,lowband_largesig_r01,prps,1427,-23,-0.194723,28,0,28,0.07330382,4.20000,prps,0,4762
26883,26.883,1,4004,54004,lowband_largesig_r01,prps,1434,-16,-0.131557,21,0,21,0.05497787,3.15000,prps,0,4766
26903,26.903,1,4004,54004,lowband_largesig_r01,prps,1438,-12,-0.098038,14,0,14,0.03665191,2.10000,prps,0,4770
26923,26.923,1,4004,54004,lowband_largesig_r01,prps,1439,-11,-0.096190,9,0,9,0.02356194,1.35000,prps,0,4774
26943,26.943,1,4004,54004,lowband_largesig_r01,prps,1435,-15,-0.124004,6,0,6,0.01570796,0.90000,prps,0,4778
26963,26.963,1,4004,54004,lowband_largesig_r01,prps,1429,-21,-0.176070,5,0,5,0.01308997,0.75000,prps,0,4782
26983,26.983,1,4004,54004,lowband_largesig_r01,prps,1421,-29,-0.244625,5,0,5,0.01308997,0.75000,prps,0,4786
27003,27.003,1,4004,54004,lowband_largesig_r01,prps,1412,-38,-0.320783,5,0,5,0.01308997,0.75000,prps,0,4790
27023,27.023,1,4004,54004,lowband_largesig_r01,prps,1403,-47,-0.395743,8,0,8,0.02094395,1.20000,prps,0,4794
27043,27.043,1,4004,54004,lowband_largesig_r01,prps,1395,-55,-0.461761,11,0,11,0.02879793,1.65000,prps,0,4798
27063,27.063,1,4004,54004,lowband_largesig_r01,prps,1389,-61,-0.512771,15,0,15,0.03926991,2.25000,prps,0,4802
27083,27.083,1,4004,54004,lowband_largesig_r01,prps,1385,-65,-0.544600,18,0,18,0.04712389,2.70000,prps,0,4806
27103,27.103,1,4004,54004,lowband_largesig_r01,prps,1384,-66,-0.554827,20,0,20,0.05235988,3.00000,prps,0,4810
27123,27.123,1,4004,54004,lowband_largesig_r01,prps,1385,-65,-0.542386,23,0,23,0.06021386,3.45000,prps,0,4814
27143,27.143,1,4004,54004,lowband_largesig_r01,prps,1390,-60,-0.507088,25,0,25,0.06544985,3.75000,prps,0,4818
27163,27.163,1,4004,54004,lowband_largesig_r01,prps,1397,-53,-0.449202,25,0,25,0.06544985,3.75000,prps,0,4822
27183,27.183,1,4004,54004,lowband_largesig_r01,prps,1406,-44,-0.369246,25,0,25,0.06544985,3.75000,prps,0,4826
27203,27.203,1,4004,54004,lowband_largesig_r01,prps,1418,-32,-0.268036,25,0,25,0.06544985,3.75000,prps,0,4830
27223,27.223,1,4004,54004,lowband_largesig_r01,prps,1433,-17,-0.146992,24,0,24,0.06283185,3.60000,prps,0,4834
27243,27.243,1,4004,54004,lowband_largesig_r01,prps,1449,-1,-0.008612,21,0,21,0.05497787,3.15000,prps,0,4838
27263,27.263,1,4004,54004,lowband_largesig_r01,prps,1467,17,0.143027,12,0,12,0.03141592,1.80000,prps,0,4842
27283,27.283,1,4004,54004,lowband_largesig_r01,prps,1486,36,0.301921,4,0,4,0.01047198,0.60000,prps,0,4846
27303,27.303,1,4004,54004,lowband_largesig_r01,prps,1505,55,0.460099,-3,0,-3,-0.00785398,-0.45000,prps,0,4850
27323,27.323,1,4004,54004,lowband_largesig_r01,prps,1522,72,0.607989,-13,0,-13,-0.03403392,-1.95000,prps,0,4854
27343,27.343,1,4004,54004,lowband_largesig_r01,prps,1537,87,0.735235,-24,0,-24,-0.06283185,-3.60000,prps,0,4858
27363,27.363,1,4004,54004,lowband_largesig_r01,prps,1549,99,0.831870,-35,0,-35,-0.09162979,-5.25000,prps,0,4862
27383,27.383,1,4004,54004,lowband_largesig_r01,prps,1556,106,0.889714,-47,0,-47,-0.12304571,-7.05000,prps,0,4866
27420,27.420,1,4004,54004,lowband_largesig_r01,prps,1558,108,0.903739,-61,0,-61,-0.15969762,-9.15000,prps,0,4870
27435,27.435,1,4004,54004,lowband_largesig_r01,prps,1554,104,0.873169,-64,0,-64,-0.16755160,-9.60000,prps,0,4874
27455,27.455,1,4004,54004,lowband_largesig_r01,prps,1545,95,0.802071,-66,0,-66,-0.17278760,-9.90000,prps,0,4878
27475,27.475,1,4004,54004,lowband_largesig_r01,prps,1533,83,0.699256,-65,0,-65,-0.17016960,-9.75000,prps,0,4882
27495,27.495,1,4004,54004,lowband_largesig_r01,prps,1519,69,0.577456,-64,0,-64,-0.16755160,-9.60000,prps,0,4886
27515,27.515,1,4004,54004,lowband_largesig_r01,prps,1504,54,0.451799,-60,0,-60,-0.15707964,-9.00000,prps,0,4890
27535,27.535,1,4004,54004,lowband_largesig_r01,prps,1490,40,0.337811,-54,0,-54,-0.14137166,-8.10000,prps,0,4894
27555,27.555,1,4004,54004,lowband_largesig_r01,prps,1480,30,0.249195,-48,0,-48,-0.12566370,-7.20000,prps,0,4898
27575,27.575,1,4004,54004,lowband_largesig_r01,prps,1473,23,0.195770,-40,0,-40,-0.10471976,-6.00000,prps,0,4902
27595,27.595,1,4004,54004,lowband_largesig_r01,prps,1472,22,0.181875,-33,0,-33,-0.08639380,-4.95000,prps,0,4906
27615,27.615,1,4004,54004,lowband_largesig_r01,prps,1474,24,0.205557,-27,0,-27,-0.07068583,-4.05000,prps,0,4910
27635,27.635,1,4004,54004,lowband_largesig_r01,prps,1481,31,0.258697,-23,0,-23,-0.06021386,-3.45000,prps,0,4914
27655,27.655,1,4004,54004,lowband_largesig_r01,prps,1489,39,0.328103,-22,0,-22,-0.05759586,-3.30000,prps,0,4918
27675,27.675,1,4004,54004,lowband_largesig_r01,prps,1497,47,0.397437,-22,0,-22,-0.05759586,-3.30000,prps,0,4922
27695,27.695,1,4004,54004,lowband_largesig_r01,prps,1504,54,0.449697,-23,0,-23,-0.06021386,-3.45000,prps,0,4926
27715,27.715,1,4004,54004,lowband_largesig_r01,prps,1506,56,0.469876,-25,0,-25,-0.06544985,-3.75000,prps,0,4930
27735,27.735,1,4004,54004,lowband_largesig_r01,prps,1503,53,0.447374,-29,0,-29,-0.07592182,-4.35000,prps,0,4934
27755,27.755,1,4004,54004,lowband_largesig_r01,prps,1495,45,0.377772,-32,0,-32,-0.08377580,-4.80000,prps,0,4938
27775,27.775,1,4004,54004,lowband_largesig_r01,prps,1481,31,0.263662,-33,0,-33,-0.08639380,-4.95000,prps,0,4942
27795,27.795,1,4004,54004,lowband_largesig_r01,prps,1464,14,0.114388,-33,0,-33,-0.08639380,-4.95000,prps,0,4946
27815,27.815,1,4004,54004,lowband_largesig_r01,prps,1443,-7,-0.055291,-28,0,-28,-0.07330382,-4.20000,prps,0,4950
27835,27.835,1,4004,54004,lowband_largesig_r01,prps,1423,-27,-0.227402,-22,0,-22,-0.05759586,-3.30000,prps,0,4954
27855,27.855,1,4004,54004,lowband_largesig_r01,prps,1404,-46,-0.383490,-14,0,-14,-0.03665191,-2.10000,prps,0,4958
27875,27.875,1,4004,54004,lowband_largesig_r01,prps,1390,-60,-0.507444,-2,0,-2,-0.00523599,-0.30000,prps,0,4962
27895,27.895,1,4004,54004,lowband_largesig_r01,prps,1380,-70,-0.587949,9,0,9,0.02356194,1.35000,prps,0,4966
27915,27.915,1,4004,54004,lowband_largesig_r01,prps,1376,-74,-0.620168,19,0,19,0.04974188,2.85000,prps,0,4970
27935,27.935,1,4004,54004,lowband_largesig_r01,prps,1378,-72,-0.606383,27,0,27,0.07068583,4.05000,prps,0,4974
27955,27.955,1,4004,54004,lowband_largesig_r01,prps,1384,-66,-0.555471,32,0,32,0.08377580,4.80000,prps,0,4978
27975,27.975,1,4004,54004,lowband_largesig_r01,prps,1393,-57,-0.481313,33,0,33,0.08639380,4.95000,prps,0,4982
27995,27.995,1,4004,54004,lowband_largesig_r01,prps,1402,-48,-0.400391,33,0,33,0.08639380,4.95000,prps,0,4986
28015,28.015,1,4004,54004,lowband_largesig_r01,prps,1411,-39,-0.328970,30,0,30,0.07853982,4.50000,prps,0,4990
28035,28.035,1,4004,54004,lowband_largesig_r01,prps,1417,-33,-0.280336,26,0,26,0.06806784,3.90000,prps,0,4994
28055,28.055,1,4004,54004,lowband_largesig_r01,prps,1419,-31,-0.262549,22,0,22,0.05759586,3.30000,prps,0,4998
28075,28.075,1,4004,54004,lowband_largesig_r01,prps,1417,-33,-0.277093,18,0,18,0.04712389,2.70000,prps,0,5002
28095,28.095,1,4004,54004,lowband_largesig_r01,prps,1412,-38,-0.318642,15,0,15,0.03926991,2.25000,prps,0,5006
28115,28.115,1,4004,54004,lowband_largesig_r01,prps,1405,-45,-0.375993,13,0,13,0.03403392,1.95000,prps,0,5010
28135,28.135,1,4004,54004,lowband_largesig_r01,prps,1398,-52,-0.434015,14,0,14,0.03665191,2.10000,prps,0,5014
28155,28.155,1,4004,54004,lowband_largesig_r01,prps,1393,-57,-0.476285,15,0,15,0.03926991,2.25000,prps,0,5018
28175,28.175,1,4004,54004,lowband_largesig_r01,prps,1392,-58,-0.487982,16,0,16,0.04188790,2.40000,prps,0,5022
28195,28.195,1,4004,54004,lowband_largesig_r01,prps,1395,-55,-0.458560,18,0,18,0.04712389,2.70000,prps,0,5026
28215,28.215,1,4004,54004,lowband_largesig_r01,prps,1404,-46,-0.383750,20,0,20,0.05235988,3.00000,prps,0,5030
28235,28.235,1,4004,54004,lowband_largesig_r01,prps,1418,-32,-0.266560,20,0,20,0.05235988,3.00000,prps,0,5034
28255,28.255,1,4004,54004,lowband_largesig_r01,prps,1436,-14,-0.117112,20,0,20,0.05235988,3.00000,prps,0,5038
28275,28.275,1,4004,54004,lowband_largesig_r01,prps,1456,6,0.048673,18,0,18,0.04712389,2.70000,prps,0,5042
28295,28.295,1,4004,54004,lowband_largesig_r01,prps,1475,25,0.211323,11,0,11,0.02879793,1.65000,prps,0,5046
28315,28.315,1,4004,54004,lowband_largesig_r01,prps,1492,42,0.350639,4,0,4,0.01047198,0.60000,prps,0,5050
28335,28.335,1,4004,54004,lowband_largesig_r01,prps,1503,53,0.448639,-4,0,-4,-0.01047198,-0.60000,prps,0,5054
28355,28.355,1,4004,54004,lowband_largesig_r01,prps,1509,59,0.492169,-14,0,-14,-0.03665191,-2.10000,prps,0,5058
28375,28.375,1,4004,54004,lowband_largesig_r01,prps,1506,56,0.474755,-23,0,-23,-0.06021386,-3.45000,prps,0,5062
28395,28.395,1,4004,54004,lowband_largesig_r01,prps,1497,47,0.397446,-32,0,-32,-0.08377580,-4.80000,prps,0,5066
28415,28.415,1,4004,54004,lowband_largesig_r01,prps,1482,32,0.268517,-36,0,-36,-0.09424778,-5.40000,prps,0,5070
28435,28.435,1,4004,54004,lowband_largesig_r01,prps,1462,12,0.102124,-35,0,-35,-0.09162979,-5.25000,prps,0,5074
28455,28.455,1,4004,54004,lowband_largesig_r01,prps,1440,-10,-0.083858,-31,0,-31,-0.08115781,-4.65000,prps,0,5078
28475,28.475,1,4004,54004,lowband_largesig_r01,prps,1418,-32,-0.270429,-22,0,-22,-0.05759586,-3.30000,prps,0,5082
28495,28.495,1,4004,54004,lowband_largesig_r01,prps,1398,-52,-0.440095,-13,0,-13,-0.03403392,-1.95000,prps,0,5086
28515,28.515,1,4004,54004,lowband_largesig_r01,prps,1381,-69,-0.579089,0,0,0,0.00000000,0.00000,prps,0,5090
28535,28.535,1,4004,54004,lowband_largesig_r01,prps,1369,-81,-0.678889,12,0,12,0.03141592,1.80000,prps,0,5094
28555,28.555,1,4004,54004,lowband_largesig_r01,prps,1362,-88,-0.736801,23,0,23,0.06021386,3.45000,prps,0,5098
28575,28.575,1,4004,54004,lowband_largesig_r01,prps,1360,-90,-0.755599,33,0,33,0.08639380,4.95000,prps,0,5102
28595,28.595,1,4004,54004,lowband_largesig_r01,prps,1362,-88,-0.742331,40,0,40,0.10471976,6.00000,prps,0,5106
28615,28.615,1,4004,54004,lowband_largesig_r01,prps,1366,-84,-0.706556,43,0,43,0.11257374,6.45000,prps,0,5110
28635,28.635,1,4004,54004,lowband_largesig_r01,prps,1372,-78,-0.658348,44,0,44,0.11519173,6.60000,prps,0,5114
28655,28.655,1,4004,54004,lowband_largesig_r01,prps,1378,-72,-0.606432,44,0,44,0.11519173,6.60000,prps,0,5118
28675,28.675,1,4004,54004,lowband_largesig_r01,prps,1384,-66,-0.556770,43,0,43,0.11257374,6.45000,prps,0,5122
28695,28.695,1,4004,54004,lowband_largesig_r01,prps,1389,-61,-0.511817,42,0,42,0.10995574,6.30000,prps,0,5126
28715,28.715,1,4004,54004,lowband_largesig_r01,prps,1394,-56,-0.470539,39,0,39,0.10210176,5.85000,prps,0,5130
28735,28.735,1,4004,54004,lowband_largesig_r01,prps,1399,-51,-0.429136,36,0,36,0.09424778,5.40000,prps,0,5134
28755,28.755,1,4004,54004,lowband_largesig_r01,prps,1405,-45,-0.382294,31,0,31,0.08115781,4.65000,prps,0,5138
28775,28.775,1,4004,54004,lowband_largesig_r01,prps,1411,-39,-0.324694,28,0,28,0.07330382,4.20000,prps,0,5142
28795,28.795,1,4004,54004,lowband_largesig_r01,prps,1420,-30,-0.252473,25,0,25,0.06544985,3.75000,prps,0,5146
28815,28.815,1,4004,54004,lowband_largesig_r01,prps,1430,-20,-0.164346,21,0,21,0.05497787,3.15000,prps,0,5150
28835,28.835,1,4004,54004,lowband_largesig_r01,prps,1443,-7,-0.062182,16,0,16,0.04188790,2.40000,prps,0,5154
28855,28.855,1,4004,54004,lowband_largesig_r01,prps,1456,6,0.049070,12,0,12,0.03141592,1.80000,prps,0,5158
28875,28.875,1,4004,54004,lowband_largesig_r01,prps,1469,19,0.162089,7,0,7,0.01832596,1.05000,prps,0,5162
28895,28.895,1,4004,54004,lowband_largesig_r01,prps,1482,32,0.268368,2,0,2,0.00523599,0.30000,prps,0,5166
28915,28.915,1,4004,54004,lowband_largesig_r01,prps,1493,43,0.359665,-3,0,-3,-0.00785398,-0.45000,prps,0,5170
28935,28.935,1,4004,54004,lowband_largesig_r01,prps,1501,51,0.429422,-10,0,-10,-0.02617994,-1.50000,prps,0,5174
28955,28.955,1,4004,54004,lowband_largesig_r01,prps,1506,56,0.473898,-18,0,-18,-0.04712389,-2.70000,prps,0,5178
28975,28.975,1,4004,54004,lowband_largesig_r01,prps,1509,59,0.492799,-25,0,-25,-0.06544985,-3.75000,prps,0,5182
28995,28.995,1,4004,54004,lowband_largesig_r01,prps,1508,58,0.489295,-32,0,-32,-0.08377580,-4.80000,prps,0,5186
29015,29.015,1,4004,54004,lowband_largesig_r01,prps,1506,56,0.469416,-35,0,-35,-0.09162979,-5.25000,prps,0,5190
29035,29.035,1,4004,54004,lowband_largesig_r01,prps,1502,52,0.440956,-36,0,-36,-0.09424778,-5.40000,prps,0,5194
29055,29.055,1,4004,54004,lowband_largesig_r01,prps,1499,49,0.412089,-36,0,-36,-0.09424778,-5.40000,prps,0,5198
29075,29.075,1,4004,54004,lowband_largesig_r01,prps,1496,46,0.389950,-35,0,-35,-0.09162979,-5.25000,prps,0,5202
29095,29.095,1,4004,54004,lowband_largesig_r01,prps,1495,45,0.379448,-34,0,-34,-0.08901179,-5.10000,prps,0,5206
29115,29.115,1,4004,54004,lowband_largesig_r01,prps,1496,46,0.382530,-33,0,-33,-0.08639380,-4.95000,prps,0,5210
29135,29.135,1,4004,54004,lowband_largesig_r01,prps,1497,47,0.398012,-33,0,-33,-0.08639380,-4.95000,prps,0,5214
29155,29.155,1,4004,54004,lowband_largesig_r01,prps,1500,50,0.422016,-33,0,-33,-0.08639380,-4.95000,prps,0,5218
29175,29.175,1,4004,54004,lowband_largesig_r01,prps,1503,53,0.448909,-32,0,-32,-0.08377580,-4.80000,prps,0,5222
29195,29.195,1,4004,54004,lowband_largesig_r01,prps,1506,56,0.472557,-32,0,-32,-0.08377580,-4.80000,prps,0,5226
29215,29.215,1,4004,54004,lowband_largesig_r01,prps,1508,58,0.487659,-32,0,-32,-0.08377580,-4.80000,prps,0,5230
29235,29.235,1,4004,54004,lowband_largesig_r01,prps,1508,58,0.490902,-32,0,-32,-0.08377580,-4.80000,prps,0,5234
29255,29.255,1,4004,54004,lowband_largesig_r01,prps,1507,57,0.481710,-33,0,-33,-0.08639380,-4.95000,prps,0,5238
29275,29.275,1,4004,54004,lowband_largesig_r01,prps,1505,55,0.462456,-33,0,-33,-0.08639380,-4.95000,prps,0,5242
29295,29.295,1,4004,54004,lowband_largesig_r01,prps,1502,52,0.438073,-33,0,-33,-0.08639380,-4.95000,prps,0,5246
29315,29.315,1,4004,54004,lowband_largesig_r01,prps,1499,49,0.415164,-33,0,-33,-0.08639380,-4.95000,prps,0,5250
29335,29.335,1,4004,54004,lowband_largesig_r01,prps,1498,48,0.400746,-33,0,-33,-0.08639380,-4.95000,prps,0,5254
29355,29.355,1,4004,54004,lowband_largesig_r01,prps,1498,48,0.400878,-33,0,-33,-0.08639380,-4.95000,prps,0,5258
29375,29.375,1,4004,54004,lowband_largesig_r01,prps,1500,50,0.419422,-33,0,-33,-0.08639380,-4.95000,prps,0,5262
29395,29.395,1,4004,54004,lowband_largesig_r01,prps,1504,54,0.457162,-33,0,-33,-0.08639380,-4.95000,prps,0,5266
29415,29.415,1,4004,54004,lowband_largesig_r01,prps,1511,61,0.511448,-33,0,-33,-0.08639380,-4.95000,prps,0,5270
29435,29.435,1,4004,54004,lowband_largesig_r01,prps,1519,69,0.576432,-34,0,-34,-0.08901179,-5.10000,prps,0,5274
29455,29.455,1,4004,54004,lowband_largesig_r01,prps,1527,77,0.643850,-35,0,-35,-0.09162979,-5.25000,prps,0,5278
29475,29.475,1,4004,54004,lowband_largesig_r01,prps,1534,84,0.704215,-38,0,-38,-0.09948376,-5.70000,prps,0,5282
29495,29.495,1,4004,54004,lowband_largesig_r01,prps,1539,89,0.748212,-41,0,-41,-0.10733775,-6.15000,prps,0,5286
29515,29.515,1,4004,54004,lowband_largesig_r01,prps,1541,91,0.768037,-46,0,-46,-0.12042772,-6.90000,prps,0,5290
29535,29.535,1,4004,54004,lowband_largesig_r01,prps,1540,90,0.758469,-49,0,-49,-0.12828170,-7.35000,prps,0,5294
29555,29.555,1,4004,54004,lowband_largesig_r01,prps,1535,85,0.717489,-51,0,-51,-0.13351768,-7.65000,prps,0,5298
29575,29.575,1,4004,54004,lowband_largesig_r01,prps,1527,77,0.646365,-53,0,-53,-0.13875367,-7.95000,prps,0,5302
29595,29.595,1,4004,54004,lowband_largesig_r01,prps,1515,65,0.549208,-53,0,-53,-0.13875367,-7.95000,prps,0,5306
29615,29.615,1,4004,54004,lowband_largesig_r01,prps,1501,51,0.432127,-52,0,-52,-0.13613568,-7.80000,prps,0,5310
29635,29.635,1,4004,54004,lowband_largesig_r01,prps,1486,36,0.302152,-50,0,-50,-0.13089970,-7.50000,prps,0,5314
29655,29.655,1,4004,54004,lowband_largesig_r01,prps,1470,20,0.166154,-45,0,-45,-0.11780972,-6.75000,prps,0,5318
29675,29.675,1,4004,54004,lowband_largesig_r01,prps,1454,4,0.029972,-38,0,-38,-0.09948376,-5.70000,prps,0,5322
29695,29.695,1,4004,54004,lowband_largesig_r01,prps,1438,-12,-0.102100,-30,0,-30,-0.07853982,-4.50000,prps,0,5326
29715,29.715,1,4004,54004,lowband_largesig_r01,prps,1423,-27,-0.227376,-20,0,-20,-0.05235988,-3.00000,prps,0,5330
29735,29.735,1,4004,54004,lowband_largesig_r01,prps,1409,-41,-0.344417,-11,0,-11,-0.02879793,-1.65000,prps,0,5334
29755,29.755,1,4004,54004,lowband_largesig_r01,prps,1396,-54,-0.452364,0,0,0,0.00000000,0.00000,prps,0,5338
29775,29.775,1,4004,54004,lowband_largesig_r01,prps,1385,-65,-0.550137,9,0,9,0.02356194,1.35000,prps,0,5342
29795,29.795,1,4004,54004,lowband_largesig_r01,prps,1374,-76,-0.635729,17,0,17,0.04450589,2.55000,prps,0,5346
29815,29.815,1,4004,54004,lowband_largesig_r01,prps,1366,-84,-0.705793,23,0,23,0.06021386,3.45000,prps,0,5350
29835,29.835,1,4004,54004,lowband_largesig_r01,prps,1360,-90,-0.755658,29,0,29,0.07592182,4.35000,prps,0,5354
29855,29.855,1,4004,54004,lowband_largesig_r01,prps,1357,-93,-0.779849,33,0,33,0.08639380,4.95000,prps,0,5358
29875,29.875,1,4004,54004,lowband_largesig_r01,prps,1358,-92,-0.773040,38,0,38,0.09948376,5.70000,prps,0,5362
29895,29.895,1,4004,54004,lowband_largesig_r01,prps,1363,-87,-0.731280,42,0,42,0.10995574,6.30000,prps,0,5366
29915,29.915,1,4004,54004,lowband_largesig_r01,prps,1372,-78,-0.653272,43,0,43,0.11257374,6.45000,prps,0,5370
29935,29.935,1,4004,54004,lowband_largesig_r01,prps,1386,-64,-0.541421,43,0,43,0.11257374,6.45000,prps,0,5374
29955,29.955,1,4004,54004,lowband_largesig_r01,prps,1402,-48,-0.402387,43,0,43,0.11257374,6.45000,prps,0,5378
29975,29.975,1,4004,54004,lowband_largesig_r01,prps,1421,-29,-0.246973,40,0,40,0.10471976,6.00000,prps,0,5382
29995,29.995,1,4004,54004,lowband_largesig_r01,prps,1439,-11,-0.089260,32,0,32,0.08377580,4.80000,prps,0,5386
30015,30.015,1,4004,54004,lowband_largesig_r01,prps,1457,7,0.054961,22,0,22,0.05759586,3.30000,prps,0,5390
30035,30.035,1,4004,54004,lowband_largesig_r01,prps,1470,20,0.170248,11,0,11,0.02879793,1.65000,prps,0,5394
30055,30.055,1,4004,54004,lowband_largesig_r01,prps,1479,29,0.243783,1,0,1,0.00261799,0.15000,prps,0,5398
30075,30.075,1,4004,54004,lowband_largesig_r01,prps,1482,32,0.267470,-7,0,-7,-0.01832596,-1.05000,prps,0,5402
30095,30.095,1,4004,54004,lowband_largesig_r01,prps,1479,29,0.239512,-14,0,-14,-0.03665191,-2.10000,prps,0,5406
30115,30.115,1,4004,54004,lowband_largesig_r01,prps,1470,20,0.165150,-19,0,-19,-0.04974188,-2.85000,prps,0,5410
30135,30.135,1,4004,54004,lowband_largesig_r01,prps,1457,7,0.056375,-19,0,-19,-0.04974188,-2.85000,prps,0,5414
30155,30.155,1,4004,54004,lowband_largesig_r01,prps,1442,-8,-0.069407,-18,0,-18,-0.04712389,-2.70000,prps,0,5418
30175,30.175,1,4004,54004,lowband_largesig_r01,prps,1427,-23,-0.191621,-16,0,-16,-0.04188790,-2.40000,prps,0,5422
30195,30.195,1,4004,54004,lowband_largesig_r01,prps,1416,-34,-0.289370,-10,0,-10,-0.02617994,-1.50000,prps,0,5426
30215,30.215,1,4004,54004,lowband_largesig_r01,prps,1409,-41,-0.344480,-1,0,-1,-0.00261799,-0.15000,prps,0,5430
30235,30.235,1,4004,54004,lowband_largesig_r01,prps,1409,-41,-0.344268,7,0,7,0.01832596,1.05000,prps,0,5434
30255,30.255,1,4004,54004,lowband_largesig_r01,prps,1416,-34,-0.283595,13,0,13,0.03403392,1.95000,prps,0,5438
30275,30.275,1,4004,54004,lowband_largesig_r01,prps,1430,-20,-0.165868,15,0,15,0.03926991,2.25000,prps,0,5442
30295,30.295,1,4004,54004,lowband_largesig_r01,prps,1450,0,-0.002787,13,0,13,0.03403392,1.95000,prps,0,5446
30315,30.315,1,4004,54004,lowband_largesig_r01,prps,1472,22,0.187137,10,0,10,0.02617994,1.50000,prps,0,5450
30335,30.335,1,4004,54004,lowband_largesig_r01,prps,1495,45,0.381108,4,0,4,0.01047198,0.60000,prps,0,5454
30355,30.355,1,4004,54004,lowband_largesig_r01,prps,1516,66,0.555244,-3,0,-3,-0.00785398,-0.45000,prps,0,5458
30375,30.375,1,4004,54004,lowband_largesig_r01,prps,1532,82,0.687966,-14,0,-14,-0.03665191,-2.10000,prps,0,5462
30395,30.395,1,4004,54004,lowband_largesig_r01,prps,1541,91,0.763067,-27,0,-27,-0.07068583,-4.05000,prps,0,5466
30415,30.415,1,4004,54004,lowband_largesig_r01,prps,1542,92,0.771988,-39,0,-39,-0.10210176,-5.85000,prps,0,5470
30435,30.435,1,4004,54004,lowband_largesig_r01,prps,1535,85,0.714959,-50,0,-50,-0.13089970,-7.50000,prps,0,5474
30455,30.455,1,4004,54004,lowband_largesig_r01,prps,1521,71,0.600830,-53,0,-53,-0.13875367,-7.95000,prps,0,5478
30475,30.475,1,4004,54004,lowband_largesig_r01,prps,1503,53,0.445625,-53,0,-53,-0.13875367,-7.95000,prps,0,5482
30495,30.495,1,4004,54004,lowband_largesig_r01,prps,1482,32,0.270061,-51,0,-51,-0.13351768,-7.65000,prps,0,5486
30515,30.515,1,4004,54004,lowband_largesig_r01,prps,1461,11,0.096418,-46,0,-46,-0.12042772,-6.90000,prps,0,5490
30535,30.535,1,4004,54004,lowband_largesig_r01,prps,1443,-7,-0.054738,-37,0,-37,-0.09686577,-5.55000,prps,0,5494
30555,30.555,1,4004,54004,lowband_largesig_r01,prps,1430,-20,-0.167477,-26,0,-26,-0.06806784,-3.90000,prps,0,5498
30575,30.575,1,4004,54004,lowband_largesig_r01,prps,1422,-28,-0.232631,-15,0,-15,-0.03926991,-2.25000,prps,0,5502
30595,30.595,1,4004,54004,lowband_largesig_r01,prps,1420,-30,-0.248795,-4,0,-4,-0.01047198,-0.60000,prps,0,5506
30615,30.615,1,4004,54004,lowband_largesig_r01,prps,1424,-26,-0.222111,5,0,5,0.01308997,0.75000,prps,0,5510
30635,30.635,1,4004,54004,lowband_largesig_r01,prps,1430,-20,-0.164874,7,0,7,0.01832596,1.05000,prps,0,5514
30655,30.655,1,4004,54004,lowband_largesig_r01,prps,1439,-11,-0.093246,7,0,7,0.01832596,1.05000,prps,0,5518
30675,30.675,1,4004,54004,lowband_largesig_r01,prps,1447,-3,-0.024466,7,0,7,0.01832596,1.05000,prps,0,5522
30695,30.695,1,4004,54004,lowband_largesig_r01,prps,1453,3,0.025988,6,0,6,0.01570796,0.90000,prps,0,5526
30715,30.715,1,4004,54004,lowband_largesig_r01,prps,1456,6,0.046794,5,0,5,0.01308997,0.75000,prps,0,5530
30735,30.735,1,4004,54004,lowband_largesig_r01,prps,1454,4,0.032408,2,0,2,0.00523599,0.30000,prps,0,5534
30755,30.755,1,4004,54004,lowband_largesig_r01,prps,1448,-2,-0.016369,0,0,0,0.00000000,0.00000,prps,0,5538
30775,30.775,1,4004,54004,lowband_largesig_r01,prps,1439,-11,-0.092883,-1,0,-1,-0.00261799,-0.15000,prps,0,5542
30795,30.795,1,4004,54004,lowband_largesig_r01,prps,1428,-22,-0.186092,-1,0,-1,-0.00261799,-0.15000,prps,0,5546
30815,30.815,1,4004,54004,lowband_largesig_r01,prps,1416,-34,-0.282691,0,0,0,0.00000000,0.00000,prps,0,5550
30835,30.835,1,4004,54004,lowband_largesig_r01,prps,1406,-44,-0.369522,3,0,3,0.00785398,0.45000,prps,0,5554
30855,30.855,1,4004,54004,lowband_largesig_r01,prps,1398,-52,-0.435851,7,0,7,0.01832596,1.05000,prps,0,5558
30875,30.875,1,4004,54004,lowband_largesig_r01,prps,1393,-57,-0.475118,11,0,11,0.02879793,1.65000,prps,0,5562
30895,30.895,1,4004,54004,lowband_largesig_r01,prps,1392,-58,-0.485890,16,0,16,0.04188790,2.40000,prps,0,5566
30915,30.915,1,4004,54004,lowband_largesig_r01,prps,1394,-56,-0.471875,19,0,19,0.04974188,2.85000,prps,0,5570
30935,30.935,1,4004,54004,lowband_largesig_r01,prps,1398,-52,-0.441034,20,0,20,0.05235988,3.00000,prps,0,5574
30955,30.955,1,4004,54004,lowband_largesig_r01,prps,1402,-48,-0.403967,21,0,21,0.05497787,3.15000,prps,0,5578
30975,30.975,1,4004,54004,lowband_largesig_r01,prps,1406,-44,-0.371899,21,0,21,0.05497787,3.15000,prps,0,5582
30995,30.995,1,4004,54004,lowband_largesig_r01,prps,1408,-42,-0.354598,21,0,21,0.05497787,3.15000,prps,0,5586
31015,31.015,1,4004,54004,lowband_largesig_r01,prps,1407,-43,-0.358628,21,0,21,0.05497787,3.15000,prps,0,5590
31035,31.035,1,4004,54004,lowband_largesig_r01,prps,1404,-46,-0.386199,21,0,21,0.05497787,3.15000,prps,0,5594
31055,31.055,1,4004,54004,lowband_largesig_r01,prps,1398,-52,-0.434818,21,0,21,0.05497787,3.15000,prps,0,5598
31075,31.075,1,4004,54004,lowband_largesig_r01,prps,1391,-59,-0.497764,21,0,21,0.05497787,3.15000,prps,0,5602
31095,31.095,1,4004,54004,lowband_largesig_r01,prps,1383,-67,-0.565295,21,0,21,0.05497787,3.15000,prps,0,5606
31115,31.115,1,4004,54004,lowband_largesig_r01,prps,1375,-75,-0.626336,22,0,22,0.05759586,3.30000,prps,0,5610
31135,31.135,1,4004,54004,lowband_largesig_r01,prps,1370,-80,-0.670358,24,0,24,0.06283185,3.60000,prps,0,5614
31155,31.155,1,4004,54004,lowband_largesig_r01,prps,1368,-82,-0.689115,27,0,27,0.07068583,4.05000,prps,0,5618
31175,31.175,1,4004,54004,lowband_largesig_r01,prps,1369,-81,-0.677935,31,0,31,0.08115781,4.65000,prps,0,5622
31195,31.195,1,4004,54004,lowband_largesig_r01,prps,1374,-76,-0.636378,34,0,34,0.08901179,5.10000,prps,0,5626
31215,31.215,1,4004,54004,lowband_largesig_r01,prps,1382,-68,-0.568161,35,0,35,0.09162979,5.25000,prps,0,5630
31235,31.235,1,4004,54004,lowband_largesig_r01,prps,1393,-57,-0.480410,35,0,35,0.09162979,5.25000,prps,0,5634
31255,31.255,1,4004,54004,lowband_largesig_r01,prps,1404,-46,-0.382385,35,0,35,0.09162979,5.25000,prps,0,5638
31275,31.275,1,4004,54004,lowband_largesig_r01,prps,1416,-34,-0.283944,32,0,32,0.08377580,4.80000,prps,0,5642
31295,31.295,1,4004,54004,lowband_largesig_r01,prps,1427,-23,-0.194010,27,0,27,0.07068583,4.05000,prps,0,5646
31315,31.315,1,4004,54004,lowband_largesig_r01,prps,1436,-14,-0.119320,21,0,21,0.05497787,3.15000,prps,0,5650
31335,31.335,1,4004,54004,lowband_largesig_r01,prps,1442,-8,-0.063652,14,0,14,0.03665191,2.10000,prps,0,5654
31355,31.355,1,4004,54004,lowband_largesig_r01,prps,1447,-3,-0.027635,9,0,9,0.02356194,1.35000,prps,0,5658
31375,31.375,1,4004,54004,lowband_largesig_r01,prps,1449,-1,-0.009128,5,0,5,0.01308997,0.75000,prps,0,5662
31395,31.395,1,4004,54004,lowband_largesig_r01,prps,1450,0,-0.004061,3,0,3,0.00785398,0.45000,prps,0,5666
31415,31.415,1,4004,54004,lowband_largesig_r01,prps,1449,-1,-0.007530,1,0,1,0.00261799,0.15000,prps,0,5670
31435,31.435,1,4004,54004,lowband_largesig_r01,prps,1448,-2,-0.014920,1,0,1,0.00261799,0.15000,prps,0,5674
31455,31.455,1,4004,54004,lowband_largesig_r01,prps,1447,-3,-0.022825,1,0,1,0.00261799,0.15000,prps,0,5678
31475,31.475,1,4004,54004,lowband_largesig_r01,prps,1446,-4,-0.029582,1,0,1,0.00261799,0.15000,prps,0,5682
31495,31.495,1,4004,54004,lowband_largesig_r01,prps,1446,-4,-0.035341,1,0,1,0.00261799,0.15000,prps,0,5686
31515,31.515,1,4004,54004,lowband_largesig_r01,prps,1445,-5,-0.041662,1,0,1,0.00261799,0.15000,prps,0,5690
31535,31.535,1,4004,54004,lowband_largesig_r01,prps,1444,-6,-0.050766,1,0,1,0.00261799,0.15000,prps,0,5694
31555,31.555,1,4004,54004,lowband_largesig_r01,prps,1442,-8,-0.064594,1,0,1,0.00261799,0.15000,prps,0,5698
31575,31.575,1,4004,54004,lowband_largesig_r01,prps,1440,-10,-0.083919,1,0,1,0.00261799,0.15000,prps,0,5702
31595,31.595,1,4004,54004,lowband_largesig_r01,prps,1437,-13,-0.107686,1,0,1,0.00261799,0.15000,prps,0,5706
31615,31.615,1,4004,54004,lowband_largesig_r01,prps,1434,-16,-0.132779,1,0,1,0.00261799,0.15000,prps,0,5710
31635,31.635,1,4004,54004,lowband_largesig_r01,prps,1432,-18,-0.154255,1,0,1,0.00261799,0.15000,prps,0,5714
31655,31.655,1,4004,54004,lowband_largesig_r01,prps,1430,-20,-0.166049,2,0,2,0.00523599,0.30000,prps,0,5718
31675,31.675,1,4004,54004,lowband_largesig_r01,prps,1431,-19,-0.162015,3,0,3,0.00785398,0.45000,prps,0,5722
31695,31.695,1,4004,54004,lowband_largesig_r01,prps,1434,-16,-0.137129,5,0,5,0.01308997,0.75000,prps,0,5726
31715,31.715,1,4004,54004,lowband_largesig_r01,prps,1439,-11,-0.088596,5,0,5,0.01308997,0.75000,prps,0,5730
31735,31.735,1,4004,54004,lowband_largesig_r01,prps,1448,-2,-0.016667,5,0,5,0.01308997,0.75000,prps,0,5734
31755,31.755,1,4004,54004,lowband_largesig_r01,prps,1459,9,0.075033,5,0,5,0.01308997,0.75000,prps,0,5738
31775,31.775,1,4004,54004,lowband_largesig_r01,prps,1471,21,0.179746,4,0,4,0.01047198,0.60000,prps,0,5742
31795,31.795,1,4004,54004,lowband_largesig_r01,prps,1484,34,0.288375,0,0,0,0.00000000,0.00000,prps,0,5746
31815,31.815,1,4004,54004,lowband_largesig_r01,prps,1496,46,0.390720,-5,0,-5,-0.01308997,-0.75000,prps,0,5750
31835,31.835,1,4004,54004,lowband_largesig_r01,prps,1507,57,0.476950,-11,0,-11,-0.02879793,-1.65000,prps,0,5754
31855,31.855,1,4004,54004,lowband_largesig_r01,prps,1514,64,0.539052,-19,0,-19,-0.04974188,-2.85000,prps,0,5758
31875,31.875,1,4004,54004,lowband_largesig_r01,prps,1518,68,0.572026,-27,0,-27,-0.07068583,-4.05000,prps,0,5762
31895,31.895,1,4004,54004,lowband_largesig_r01,prps,1518,68,0.574584,-34,0,-34,-0.08901179,-5.10000,prps,0,5766
31915,31.915,1,4004,54004,lowband_largesig_r01,prps,1515,65,0.549260,-39,0,-39,-0.10210176,-5.85000,prps,0,5770
31935,31.935,1,4004,54004,lowband_largesig_r01,prps,1510,60,0.501890,-42,0,-42,-0.10995574,-6.30000,prps,0,5774
31955,31.955,1,4004,54004,lowband_largesig_r01,prps,1502,52,0.440555,-42,0,-42,-0.10995574,-6.30000,prps,0,5778
31975,31.975,1,4004,54004,lowband_largesig_r01,prps,1495,45,0.374194,-41,0,-41,-0.10733775,-6.15000,prps,0,5782
31995,31.995,1,4004,54004,lowband_largesig_r01,prps,1487,37,0.311114,-40,0,-40,-0.10471976,-6.00000,prps,0,5786
32015,32.015,1,4004,54004,lowband_largesig_r01,prps,1481,31,0.257680,-38,0,-38,-0.09948376,-5.70000,prps,0,5790
32035,32.035,1,4004,54004,lowband_largesig_r01,prps,1476,26,0.217409,-34,0,-34,-0.08901179,-5.10000,prps,0,5794
32055,32.055,1,4004,54004,lowband_largesig_r01,prps,1473,23,0.190631,-30,0,-30,-0.07853982,-4.50000,prps,0,5798
32075,32.075,1,4004,54004,lowband_largesig_r01,prps,1471,21,0.174762,-26,0,-26,-0.06806784,-3.90000,prps,0,5802
32095,32.095,1,4004,54004,lowband_largesig_r01,prps,1470,20,0.165130,-23,0,-23,-0.06021386,-3.45000,prps,0,5806
32115,32.115,1,4004,54004,lowband_largesig_r01,prps,1469,19,0.156178,-22,0,-22,-0.05759586,-3.30000,prps,0,5810
32135,32.135,1,4004,54004,lowband_largesig_r01,prps,1467,17,0.142816,-22,0,-22,-0.05759586,-3.30000,prps,0,5814
32155,32.155,1,4004,54004,lowband_largesig_r01,prps,1464,14,0.121637,-20,0,-20,-0.05235988,-3.00000,prps,0,5818
32175,32.175,1,4004,54004,lowband_largesig_r01,prps,1461,11,0.091766,-19,0,-19,-0.04974188,-2.85000,prps,0,5822
32195,32.195,1,4004,54004,lowband_largesig_r01,prps,1457,7,0.055164,-17,0,-17,-0.04450589,-2.55000,prps,0,5826
32215,32.215,1,4004,54004,lowband_largesig_r01,prps,1452,2,0.016313,-15,0,-15,-0.03926991,-2.25000,prps,0,5830
32235,32.235,1,4004,54004,lowband_largesig_r01,prps,1448,-2,-0.018656,-13,0,-13,-0.03403392,-1.95000,prps,0,5834
32255,32.255,1,4004,54004,lowband_largesig_r01,prps,1445,-5,-0.043237,-11,0,-11,-0.02879793,-1.65000,prps,0,5838
32275,32.275,1,4004,54004,lowband_largesig_r01,prps,1444,-6,-0.051970,-9,0,-9,-0.02356194,-1.35000,prps,0,5842
32295,32.295,1,4004,54004,lowband_largesig_r01,prps,1445,-5,-0.041730,-7,0,-7,-0.01832596,-1.05000,prps,0,5846
32315,32.315,1,4004,54004,lowband_largesig_r01,prps,1448,-2,-0.012616,-5,0,-5,-0.01308997,-0.75000,prps,0,5850
32335,32.335,1,4004,54004,lowband_largesig_r01,prps,1454,4,0.031768,-3,0,-3,-0.00785398,-0.45000,prps,0,5854
32355,32.355,1,4004,54004,lowband_largesig_r01,prps,1460,10,0.084725,-3,0,-3,-0.00785398,-0.45000,prps,0,5858
32375,32.375,1,4004,54004,lowband_largesig_r01,prps,1466,16,0.137523,-3,0,-3,-0.00785398,-0.45000,prps,0,5862
32395,32.395,1,4004,54004,lowband_largesig_r01,prps,1472,22,0.180946,-4,0,-4,-0.01047198,-0.60000,prps,0,5866
32415,32.415,1,4004,54004,lowband_largesig_r01,prps,1475,25,0.207057,-5,0,-5,-0.01308997,-0.75000,prps,0,5870
32435,32.435,1,4004,54004,lowband_largesig_r01,prps,1475,25,0.210844,-7,0,-7,-0.01832596,-1.05000,prps,0,5874
32455,32.455,1,4004,54004,lowband_largesig_r01,prps,1473,23,0.191446,-11,0,-11,-0.02879793,-1.65000,prps,0,5878
32475,32.475,1,4004,54004,lowband_largesig_r01,prps,1468,18,0.152674,-14,0,-14,-0.03665191,-2.10000,prps,0,5882
32495,32.495,1,4004,54004,lowband_largesig_r01,prps,1462,12,0.102712,-16,0,-16,-0.04188790,-2.40000,prps,0,5886
32515,32.515,1,4004,54004,lowband_largesig_r01,prps,1456,6,0.052980,-16,0,-16,-0.04188790,-2.40000,prps,0,5890
32535,32.535,1,4004,54004,lowband_largesig_r01,prps,1452,2,0.016317,-15,0,-15,-0.03926991,-2.25000,prps,0,5894
32555,32.555,1,4004,54004,lowband_largesig_r01,prps,1451,1,0.004776,-14,0,-14,-0.03665191,-2.10000,prps,0,5898
32575,32.575,1,4004,54004,lowband_largesig_r01,prps,1453,3,0.027397,-11,0,-11,-0.02879793,-1.65000,prps,0,5902
32595,32.595,1,4004,54004,lowband_largesig_r01,prps,1461,11,0.088341,-9,0,-9,-0.02356194,-1.35000,prps,0,5906
32615,32.615,1,4004,54004,lowband_largesig_r01,prps,1472,22,0.185758,-8,0,-8,-0.02094395,-1.20000,prps,0,5910
32635,32.635,1,4004,54004,lowband_largesig_r01,prps,1487,37,0.311594,-9,0,-9,-0.02356194,-1.35000,prps,0,5914
32655,32.655,1,4004,54004,lowband_largesig_r01,prps,1504,54,0.452459,-10,0,-10,-0.02617994,-1.50000,prps,0,5918
32675,32.675,1,4004,54004,lowband_largesig_r01,prps,1520,70,0.591423,-15,0,-15,-0.03926991,-2.25000,prps,0,5922
32695,32.695,1,4004,54004,lowband_largesig_r01,prps,1535,85,0.710519,-23,0,-23,-0.06021386,-3.45000,prps,0,5926
32715,32.715,1,4004,54004,lowband_largesig_r01,prps,1544,94,0.793540,-33,0,-33,-0.08639380,-4.95000,prps,0,5930
32735,32.735,1,4004,54004,lowband_largesig_r01,prps,1549,99,0.828688,-42,0,-42,-0.10995574,-6.30000,prps,0,5934
32755,32.755,1,4004,54004,lowband_largesig_r01,prps,1546,96,0.810631,-51,0,-51,-0.13351768,-7.65000,prps,0,5938
32775,32.775,1,4004,54004,lowband_largesig_r01,prps,1538,88,0.741596,-55,0,-55,-0.14398966,-8.25000,prps,0,5942
32795,32.795,1,4004,54004,lowband_largesig_r01,prps,1525,75,0.631298,-57,0,-57,-0.14922565,-8.55000,prps,0,5946
32815,32.815,1,4004,54004,lowband_largesig_r01,prps,1509,59,0.495664,-56,0,-56,-0.14660765,-8.40000,prps,0,5950
32835,32.835,1,4004,54004,lowband_largesig_r01,prps,1492,42,0.354531,-53,0,-53,-0.13875367,-7.95000,prps,0,5954
32855,32.855,1,4004,54004,lowband_largesig_r01,prps,1477,27,0.228642,-48,0,-48,-0.12566370,-7.20000,prps,0,5958
32875,32.875,1,4004,54004,lowband_largesig_r01,prps,1466,16,0.136432,-41,0,-41,-0.10733775,-6.15000,prps,0,5962
32895,32.895,1,4004,54004,lowband_largesig_r01,prps,1461,11,0.091074,-33,0,-33,-0.08639380,-4.95000,prps,0,5966
32915,32.915,1,4004,54004,lowband_largesig_r01,prps,1462,12,0.098296,-25,0,-25,-0.06544985,-3.75000,prps,0,5970
32935,32.935,1,4004,54004,lowband_largesig_r01,prps,1468,18,0.155301,-18,0,-18,-0.04712389,-2.70000,prps,0,5974
32955,32.955,1,4004,54004,lowband_largesig_r01,prps,1480,30,0.250995,-15,0,-15,-0.03926991,-2.25000,prps,0,5978
32975,32.975,1,4004,54004,lowband_largesig_r01,prps,1494,44,0.367504,-15,0,-15,-0.03926991,-2.25000,prps,0,5982
32995,32.995,1,4004,54004,lowband_largesig_r01,prps,1507,57,0.482751,-17,0,-17,-0.04450589,-2.55000,prps,0,5986
33015,33.015,1,4004,54004,lowband_largesig_r01,prps,1518,68,0.573722,-22,0,-22,-0.05759586,-3.30000,prps,0,5990
33035,33.035,1,4004,54004,lowband_largesig_r01,prps,1524,74,0.619897,-28,0,-28,-0.07330382,-4.20000,prps,0,5994
33055,33.055,1,4004,54004,lowband_largesig_r01,prps,1522,72,0.606358,-35,0,-35,-0.09162979,-5.25000,prps,0,5998
33075,33.075,1,4004,54004,lowband_largesig_r01,prps,1513,63,0.526063,-40,0,-40,-0.10471976,-6.00000,prps,0,6002
33095,33.095,1,4004,54004,lowband_largesig_r01,prps,1495,45,0.380978,-42,0,-42,-0.10995574,-6.30000,prps,0,6006
33115,33.115,1,4004,54004,lowband_largesig_r01,prps,1472,22,0.181889,-42,0,-42,-0.10995574,-6.30000,prps,0,6010
33135,33.135,1,4004,54004,lowband_largesig_r01,prps,1444,-6,-0.053054,-37,0,-37,-0.09686577,-5.55000,prps,0,6014
33155,33.155,1,4004,54004,lowband_largesig_r01,prps,1414,-36,-0.300828,-29,0,-29,-0.07592182,-4.35000,prps,0,6018
33175,33.175,1,4004,54004,lowband_largesig_r01,prps,1386,-64,-0.536666,-17,0,-17,-0.04450589,-2.55000,prps,0,6022
33195,33.195,1,4004,54004,lowband_largesig_r01,prps,1362,-88,-0.737347,-2,0,-2,-0.00523599,-0.30000,prps,0,6026
33215,33.215,1,4004,54004,lowband_largesig_r01,prps,1345,-105,-0.884164,14,0,14,0.03665191,2.10000,prps,0,6030
33235,33.235,1,4004,54004,lowband_largesig_r01,prps,1335,-115,-0.965139,29,0,29,0.07592182,4.35000,prps,0,6034
33255,33.255,1,4004,54004,lowband_largesig_r01,prps,1334,-116,-0.976208,42,0,42,0.10995574,6.30000,prps,0,6038
33275,33.275,1,4004,54004,lowband_largesig_r01,prps,1340,-110,-0.921240,53,0,53,0.13875367,7.95000,prps,0,6042
33295,33.295,1,4004,54004,lowband_largesig_r01,prps,1353,-97,-0.810978,58,0,58,0.15184364,8.70000,prps,0,6046
33315,33.315,1,4004,54004,lowband_largesig_r01,prps,1371,-79,-0.661112,58,0,58,0.15184364,8.70000,prps,0,6050
33335,33.335,1,4004,54004,lowband_largesig_r01,prps,1392,-58,-0.489841,56,0,56,0.14660765,8.40000,prps,0,6054
33355,33.355,1,4004,54004,lowband_largesig_r01,prps,1412,-38,-0.315339,51,0,51,0.13351768,7.65000,prps,0,6058
33375,33.375,1,4004,54004,lowband_largesig_r01,prps,1432,-18,-0.153499,41,0,41,0.10733775,6.15000,prps,0,6062
33395,33.395,1,4004,54004,lowband_largesig_r01,prps,1448,-2,-0.016291,31,0,31,0.08115781,4.65000,prps,0,6066
33415,33.415,1,4004,54004,lowband_largesig_r01,prps,1461,11,0.089085,18,0,18,0.04712389,2.70000,prps,0,6070
33435,33.435,1,4004,54004,lowband_largesig_r01,prps,1469,19,0.160199,6,0,6,0.01570796,0.90000,prps,0,6074
33455,33.455,1,4004,54004,lowband_largesig_r01,prps,1474,24,0.198654,-3,0,-3,-0.00785398,-0.45000,prps,0,6078
33475,33.475,1,4004,54004,lowband_largesig_r01,prps,1475,25,0.208812,-9,0,-9,-0.02356194,-1.35000,prps,0,6082
33495,33.495,1,4004,54004,lowband_largesig_r01,prps,1473,23,0.196303,-14,0,-14,-0.03665191,-2.10000,prps,0,6086
33515,33.515,1,4004,54004,lowband_largesig_r01,prps,1470,20,0.166596,-17,0,-17,-0.04450589,-2.55000,prps,0,6090
33535,33.535,1,4004,54004,lowband_largesig_r01,prps,1465,15,0.123910,-17,0,-17,-0.04450589,-2.55000,prps,0,6094
33555,33.555,1,4004,54004,lowband_largesig_r01,prps,1458,8,0.070639,-17,0,-17,-0.04450589,-2.55000,prps,0,6098
33575,33.575,1,4004,54004,lowband_largesig_r01,prps,1451,1,0.007353,-16,0,-16,-0.04188790,-2.40000,prps,0,6102
33595,33.595,1,4004,54004,lowband_largesig_r01,prps,1442,-8,-0.066678,-14,0,-14,-0.03665191,-2.10000,prps,0,6106
33615,33.615,1,4004,54004,lowband_largesig_r01,prps,1432,-18,-0.152608,-12,0,-12,-0.03141592,-1.80000,prps,0,6110
33635,33.635,1,4004,54004,lowband_largesig_r01,prps,1420,-30,-0.250995,-8,0,-8,-0.02094395,-1.20000,prps,0,6114
33655,33.655,1,4004,54004,lowband_largesig_r01,prps,1407,-43,-0.360893,-2,0,-2,-0.00523599,-0.30000,prps,0,6118
33675,33.675,1,4004,54004,lowband_largesig_r01,prps,1393,-57,-0.479266,5,0,5,0.01308997,0.75000,prps,0,6122
33695,33.695,1,4004,54004,lowband_largesig_r01,prps,1378,-72,-0.600865,11,0,11,0.02879793,1.65000,prps,0,6126
33715,33.715,1,4004,54004,lowband_largesig_r01,prps,1364,-86,-0.718608,17,0,17,0.04450589,2.55000,prps,0,6130
33735,33.735,1,4004,54004,lowband_largesig_r01,prps,1352,-98,-0.824407,23,0,23,0.06021386,3.45000,prps,0,6134
33755,33.755,1,4004,54004,lowband_largesig_r01,prps,1342,-108,-0.910283,31,0,31,0.08115781,4.65000,prps,0,6138
33775,33.775,1,4004,54004,lowband_largesig_r01,prps,1335,-115,-0.969567,39,0,39,0.10210176,5.85000,prps,0,6142
33795,33.795,1,4004,54004,lowband_largesig_r01,prps,1331,-119,-0.997937,46,0,46,0.12042772,6.90000,prps,0,6146
33815,33.815,1,4004,54004,lowband_largesig_r01,prps,1332,-118,-0.994109,54,0,54,0.14137166,8.10000,prps,0,6150
33835,33.835,1,4004,54004,lowband_largesig_r01,prps,1336,-114,-0.960033,58,0,58,0.15184364,8.70000,prps,0,6154
33855,33.855,1,4004,54004,lowband_largesig_r01,prps,1343,-107,-0.900556,59,0,59,0.15446164,8.85000,prps,0,6158
33875,33.875,1,4004,54004,lowband_largesig_r01,prps,1352,-98,-0.822616,59,0,59,0.15446164,8.85000,prps,0,6162
33895,33.895,1,4004,54004,lowband_largesig_r01,prps,1363,-87,-0.734103,58,0,58,0.15184364,8.70000,prps,0,6166
33915,33.915,1,4004,54004,lowband_largesig_r01,prps,1374,-76,-0.642611,57,0,57,0.14922565,8.55000,prps,0,6170
33935,33.935,1,4004,54004,lowband_largesig_r01,prps,1384,-66,-0.554309,55,0,55,0.14398966,8.25000,prps,0,6174
33955,33.955,1,4004,54004,lowband_largesig_r01,prps,1394,-56,-0.473120,49,0,49,0.12828170,7.35000,prps,0,6178
33975,33.975,1,4004,54004,lowband_largesig_r01,prps,1402,-48,-0.400380,43,0,43,0.11257374,6.45000,prps,0,6182
33995,33.995,1,4004,54004,lowband_largesig_r01,prps,1410,-40,-0.335003,37,0,37,0.09686577,5.55000,prps,0,6186
34015,34.015,1,4004,54004,lowband_largesig_r01,prps,1417,-33,-0.274121,30,0,30,0.07853982,4.50000,prps,0,6190
34035,34.035,1,4004,54004,lowband_largesig_r01,prps,1425,-25,-0.214050,24,0,24,0.06283185,3.60000,prps,0,6194
34055,34.055,1,4004,54004,lowband_largesig_r01,prps,1432,-18,-0.151392,18,0,18,0.04712389,2.70000,prps,0,6198
34075,34.075,1,4004,54004,lowband_largesig_r01,prps,1440,-10,-0.084030,13,0,13,0.03403392,1.95000,prps,0,6202
34095,34.095,1,4004,54004,lowband_largesig_r01,prps,1449,-1,-0.011823,10,0,10,0.02617994,1.50000,prps,0,6206
34115,34.115,1,4004,54004,lowband_largesig_r01,prps,1458,8,0.063147,7,0,7,0.01832596,1.05000,prps,0,6210
34135,34.135,1,4004,54004,lowband_largesig_r01,prps,1466,16,0.136836,4,0,4,0.01047198,0.60000,prps,0,6214
34155,34.155,1,4004,54004,lowband_largesig_r01,prps,1474,24,0.203965,1,0,1,0.00261799,0.15000,prps,0,6218
34175,34.175,1,4004,54004,lowband_largesig_r01,prps,1481,31,0.259063,-3,0,-3,-0.00785398,-0.45000,prps,0,6222
34195,34.195,1,4004,54004,lowband_largesig_r01,prps,1485,35,0.297626,-7,0,-7,-0.01832596,-1.05000,prps,0,6226
34215,34.215,1,4004,54004,lowband_largesig_r01,prps,1488,38,0.317153,-13,0,-13,-0.03403392,-1.95000,prps,0,6230
34235,34.235,1,4004,54004,lowband_largesig_r01,prps,1488,38,0.317846,-17,0,-17,-0.04450589,-2.55000,prps,0,6234
34255,34.255,1,4004,54004,lowband_largesig_r01,prps,1486,36,0.302810,-21,0,-21,-0.05497787,-3.15000,prps,0,6238
34275,34.275,1,4004,54004,lowband_largesig_r01,prps,1483,33,0.277690,-23,0,-23,-0.06021386,-3.45000,prps,0,6242
34295,34.295,1,4004,54004,lowband_largesig_r01,prps,1480,30,0.249787,-24,0,-24,-0.06283185,-3.60000,prps,0,6246
34315,34.315,1,4004,54004,lowband_largesig_r01,prps,1477,27,0.226803,-24,0,-24,-0.06283185,-3.60000,prps,0,6250
34335,34.335,1,4004,54004,lowband_largesig_r01,prps,1476,26,0.215436,-24,0,-24,-0.06283185,-3.60000,prps,0,6254
34355,34.355,1,4004,54004,lowband_largesig_r01,prps,1476,26,0.220088,-24,0,-24,-0.06283185,-3.60000,prps,0,6258
34375,34.375,1,4004,54004,lowband_largesig_r01,prps,1479,29,0.241935,-23,0,-23,-0.06021386,-3.45000,prps,0,6262
34395,34.395,1,4004,54004,lowband_largesig_r01,prps,1483,33,0.278556,-23,0,-23,-0.06021386,-3.45000,prps,0,6266
34415,34.415,1,4004,54004,lowband_largesig_r01,prps,1489,39,0.324213,-23,0,-23,-0.06021386,-3.45000,prps,0,6270
34435,34.435,1,4004,54004,lowband_largesig_r01,prps,1494,44,0.370750,-23,0,-23,-0.06021386,-3.45000,prps,0,6274
34455,34.455,1,4004,54004,lowband_largesig_r01,prps,1499,49,0.408993,-23,0,-23,-0.06021386,-3.45000,prps,0,6278
34475,34.475,1,4004,54004,lowband_largesig_r01,prps,1501,51,0.430387,-25,0,-25,-0.06544985,-3.75000,prps,0,6282
34495,34.495,1,4004,54004,lowband_largesig_r01,prps,1501,51,0.428604,-27,0,-27,-0.07068583,-4.05000,prps,0,6286
34515,34.515,1,4004,54004,lowband_largesig_r01,prps,1498,48,0.400816,-30,0,-30,-0.07853982,-4.50000,prps,0,6290
34535,34.535,1,4004,54004,lowband_largesig_r01,prps,1491,41,0.348394,-30,0,-30,-0.07853982,-4.50000,prps,0,6294
34555,34.555,1,4004,54004,lowband_largesig_r01,prps,1483,33,0.276885,-30,0,-30,-0.07853982,-4.50000,prps,0,6298
34575,34.575,1,4004,54004,lowband_largesig_r01,prps,1473,23,0.195254,-29,0,-29,-0.07592182,-4.35000,prps,0,6302
34595,34.595,1,4004,54004,lowband_largesig_r01,prps,1464,14,0.114495,-28,0,-28,-0.07330382,-4.20000,prps,0,6306
34615,34.615,1,4004,54004,lowband_largesig_r01,prps,1455,5,0.045848,-26,0,-26,-0.06806784,-3.90000,prps,0,6310
34635,34.635,1,4004,54004,lowband_largesig_r01,prps,1450,0,-0.001086,-22,0,-22,-0.05759586,-3.30000,prps,0,6314
34655,34.655,1,4004,54004,lowband_largesig_r01,prps,1448,-2,-0.019987,-17,0,-17,-0.04450589,-2.55000,prps,0,6318
34675,34.675,1,4004,54004,lowband_largesig_r01,prps,1449,-1,-0.008928,-13,0,-13,-0.03403392,-1.95000,prps,0,6322
34695,34.695,1,4004,54004,lowband_largesig_r01,prps,1453,3,0.029242,-9,0,-9,-0.02356194,-1.35000,prps,0,6326
34715,34.715,1,4004,54004,lowband_largesig_r01,prps,1460,10,0.087346,-6,0,-6,-0.01570796,-0.90000,prps,0,6330
34735,34.735,1,4004,54004,lowband_largesig_r01,prps,1468,18,0.155067,-6,0,-6,-0.01570796,-0.90000,prps,0,6334
34755,34.755,1,4004,54004,lowband_largesig_r01,prps,1476,26,0.220697,-7,0,-7,-0.01832596,-1.05000,prps,0,6338
34775,34.775,1,4004,54004,lowband_largesig_r01,prps,1483,33,0.273138,-8,0,-8,-0.02094395,-1.20000,prps,0,6342
34795,34.795,1,4004,54004,lowband_largesig_r01,prps,1486,36,0.303805,-11,0,-11,-0.02879793,-1.65000,prps,0,6346
34815,34.815,1,4004,54004,lowband_largesig_r01,prps,1487,37,0.308094,-15,0,-15,-0.03926991,-2.25000,prps,0,6350
34835,34.835,1,4004,54004,lowband_largesig_r01,prps,1484,34,0.286150,-19,0,-19,-0.04974188,-2.85000,prps,0,6354
34855,34.855,1,4004,54004,lowband_largesig_r01,prps,1479,29,0.242785,-22,0,-22,-0.05759586,-3.30000,prps,0,6358
34875,34.875,1,4004,54004,lowband_largesig_r01,prps,1472,22,0.186563,-23,0,-23,-0.06021386,-3.45000,prps,0,6362
34895,34.895,1,4004,54004,lowband_largesig_r01,prps,1465,15,0.128198,-22,0,-22,-0.05759586,-3.30000,prps,0,6366
34915,34.915,1,4004,54004,lowband_largesig_r01,prps,1459,9,0.078551,-21,0,-21,-0.05497787,-3.15000,prps,0,6370
34935,34.935,1,4004,54004,lowband_largesig_r01,prps,1456,6,0.046586,-19,0,-19,-0.04974188,-2.85000,prps,0,6374
34955,34.955,1,4004,54004,lowband_largesig_r01,prps,1454,4,0.037657,-17,0,-17,-0.04450589,-2.55000,prps,0,6378
34975,34.975,1,4004,54004,lowband_largesig_r01,prps,1456,6,0.052448,-15,0,-15,-0.03926991,-2.25000,prps,0,6382
34995,34.995,1,4004,54004,lowband_largesig_r01,prps,1460,10,0.086770,-13,0,-13,-0.03403392,-1.95000,prps,0,6386
35015,35.015,1,4004,54004,lowband_largesig_r01,prps,1466,16,0.132274,-11,0,-11,-0.02879793,-1.65000,prps,0,6390
35035,35.035,1,4004,54004,lowband_largesig_r01,prps,1471,21,0.177979,-11,0,-11,-0.02879793,-1.65000,prps,0,6394
35055,35.055,1,4004,54004,lowband_largesig_r01,prps,1475,25,0.212349,-11,0,-11,-0.02879793,-1.65000,prps,0,6398
35075,35.075,1,4004,54004,lowband_largesig_r01,prps,1477,27,0.225560,-11,0,-11,-0.02879793,-1.65000,prps,0,6402
35095,35.095,1,4004,54004,lowband_largesig_r01,prps,1475,25,0.211550,-13,0,-13,-0.03403392,-1.95000,prps,0,6406
35115,35.115,1,4004,54004,lowband_largesig_r01,prps,1470,20,0.169463,-15,0,-15,-0.03926991,-2.25000,prps,0,6410
35135,35.135,1,4004,54004,lowband_largesig_r01,prps,1462,12,0.104215,-17,0,-17,-0.04450589,-2.55000,prps,0,6414
35155,35.155,1,4004,54004,lowband_largesig_r01,prps,1453,3,0.026018,-17,0,-17,-0.04450589,-2.55000,prps,0,6418
35175,35.175,1,4004,54004,lowband_largesig_r01,prps,1444,-6,-0.051068,-15,0,-15,-0.03926991,-2.25000,prps,0,6422
35195,35.195,1,4004,54004,lowband_largesig_r01,prps,1437,-13,-0.111373,-13,0,-13,-0.03403392,-1.95000,prps,0,6426
35215,35.215,1,4004,54004,lowband_largesig_r01,prps,1433,-17,-0.140273,-9,0,-9,-0.02356194,-1.35000,prps,0,6430
35235,35.235,1,4004,54004,lowband_largesig_r01,prps,1435,-15,-0.126822,-4,0,-4,-0.01047198,-0.60000,prps,0,6434
35255,35.255,1,4004,54004,lowband_largesig_r01,prps,1442,-8,-0.065927,0,0,0,0.00000000,0.00000,prps,0,6438
35275,35.275,1,4004,54004,lowband_largesig_r01,prps,1455,5,0.040338,2,0,2,0.00523599,0.30000,prps,0,6442
35295,35.295,1,4004,54004,lowband_largesig_r01,prps,1472,22,0.182527,2,0,2,0.00523599,0.30000,prps,0,6446
35315,35.315,1,4004,54004,lowband_largesig_r01,prps,1491,41,0.344798,0,0,0,0.00000000,0.00000,prps,0,6450
35335,35.335,1,4004,54004,lowband_largesig_r01,prps,1510,60,0.506957,-5,0,-5,-0.01308997,-0.75000,prps,0,6454
35355,35.355,1,4004,54004,lowband_largesig_r01,prps,1527,77,0.647267,-14,0,-14,-0.03665191,-2.10000,prps,0,6458
35375,35.375,1,4004,54004,lowband_largesig_r01,prps,1539,89,0.745608,-25,0,-25,-0.06544985,-3.75000,prps,0,6462
35395,35.395,1,4004,54004,lowband_largesig_r01,prps,1544,94,0.786473,-37,0,-37,-0.09686577,-5.55000,prps,0,6466
35415,35.415,1,4004,54004,lowband_largesig_r01,prps,1541,91,0.761352,-47,0,-47,-0.12304571,-7.05000,prps,0,6470
35435,35.435,1,4004,54004,lowband_largesig_r01,prps,1530,80,0.670096,-54,0,-54,-0.14137166,-8.10000,prps,0,6474
35455,35.455,1,4004,54004,lowband_largesig_r01,prps,1512,62,0.521065,-55,0,-55,-0.14398966,-8.25000,prps,0,6478
35475,35.475,1,4004,54004,lowband_largesig_r01,prps,1489,39,0.330003,-54,0,-54,-0.14137166,-8.10000,prps,0,6482
35495,35.495,1,4004,54004,lowband_largesig_r01,prps,1464,14,0.117826,-48,0,-48,-0.12566370,-7.20000,prps,0,6486
35515,35.515,1,4004,54004,lowband_largesig_r01,prps,1439,-11,-0.092340,-39,0,-39,-0.10210176,-5.85000,prps,0,6490
35535,35.535,1,4004,54004,lowband_largesig_r01,prps,1417,-33,-0.278418,-29,0,-29,-0.07592182,-4.35000,prps,0,6494
35555,35.555,1,4004,54004,lowband_largesig_r01,prps,1400,-50,-0.422436,-15,0,-15,-0.03926991,-2.25000,prps,0,6498
35575,35.575,1,4004,54004,lowband_largesig_r01,prps,1389,-61,-0.512917,-1,0,-1,-0.00261799,-0.15000,prps,0,6502
35595,35.595,1,4004,54004,lowband_largesig_r01,prps,1385,-65,-0.546252,12,0,12,0.03141592,1.80000,prps,0,6506
35615,35.615,1,4004,54004,lowband_largesig_r01,prps,1387,-63,-0.526874,21,0,21,0.05497787,3.15000,prps,0,6510
35635,35.635,1,4004,54004,lowband_largesig_r01,prps,1395,-55,-0.466232,24,0,24,0.06283185,3.60000,prps,0,6514
35655,35.655,1,4004,54004,lowband_largesig_r01,prps,1405,-45,-0.380766,25,0,25,0.06544985,3.75000,prps,0,6518
35675,35.675,1,4004,54004,lowband_largesig_r01,prps,1416,-34,-0.289215,25,0,25,0.06544985,3.75000,prps,0,6522
35695,35.695,1,4004,54004,lowband_largesig_r01,prps,1425,-25,-0.209703,24,0,24,0.06283185,3.60000,prps,0,6526
35715,35.715,1,4004,54004,lowband_largesig_r01,prps,1431,-19,-0.157058,20,0,20,0.05235988,3.00000,prps,0,6530
35735,35.735,1,4004,54004,lowband_largesig_r01,prps,1433,-17,-0.140752,15,0,15,0.03926991,2.25000,prps,0,6534
35755,35.755,1,4004,54004,lowband_largesig_r01,prps,1431,-19,-0.163768,10,0,10,0.02617994,1.50000,prps,0,6538
35775,35.775,1,4004,54004,lowband_largesig_r01,prps,1424,-26,-0.222515,8,0,8,0.02094395,1.20000,prps,0,6542
35795,35.795,1,4004,54004,lowband_largesig_r01,prps,1413,-37,-0.307740,7,0,7,0.01832596,1.05000,prps,0,6546
35815,35.815,1,4004,54004,lowband_largesig_r01,prps,1402,-48,-0.406256,9,0,9,0.02356194,1.35000,prps,0,6550
35835,35.835,1,4004,54004,lowband_largesig_r01,prps,1390,-60,-0.503156,12,0,12,0.03141592,1.80000,prps,0,6554
35855,35.855,1,4004,54004,lowband_largesig_r01,prps,1380,-70,-0.584145,16,0,16,0.04188790,2.40000,prps,0,6558
35875,35.875,1,4004,54004,lowband_largesig_r01,prps,1374,-76,-0.637616,19,0,19,0.04974188,2.85000,prps,0,6562
35895,35.895,1,4004,54004,lowband_largesig_r01,prps,1372,-78,-0.656168,23,0,23,0.06021386,3.45000,prps,0,6566
35915,35.915,1,4004,54004,lowband_largesig_r01,prps,1374,-76,-0.637368,28,0,28,0.07330382,4.20000,prps,0,6570
35935,35.935,1,4004,54004,lowband_largesig_r01,prps,1381,-69,-0.583703,32,0,32,0.08377580,4.80000,prps,0,6574
35955,35.955,1,4004,54004,lowband_largesig_r01,prps,1390,-60,-0.501798,33,0,33,0.08639380,4.95000,prps,0,6578
35975,35.975,1,4004,54004,lowband_largesig_r01,prps,1402,-48,-0.401098,33,0,33,0.08639380,4.95000,prps,0,6582
35995,35.995,1,4004,54004,lowband_largesig_r01,prps,1415,-35,-0.292268,33,0,33,0.08639380,4.95000,prps,0,6586
36015,36.015,1,4004,54004,lowband_largesig_r01,prps,1428,-22,-0.185620,30,0,30,0.07853982,4.50000,prps,0,6590
36035,36.035,1,4004,54004,lowband_largesig_r01,prps,1439,-11,-0.089787,24,0,24,0.06283185,3.60000,prps,0,6594
36055,36.055,1,4004,54004,lowband_largesig_r01,prps,1449,-1,-0.010867,16,0,16,0.04188790,2.40000,prps,0,6598
36075,36.075,1,4004,54004,lowband_largesig_r01,prps,1456,6,0.047915,8,0,8,0.02094395,1.20000,prps,0,6602
36095,36.095,1,4004,54004,lowband_largesig_r01,prps,1460,10,0.086028,2,0,2,0.00523599,0.30000,prps,0,6606
36115,36.115,1,4004,54004,lowband_largesig_r01,prps,1463,13,0.105071,-2,0,-2,-0.00523599,-0.30000,prps,0,6610
36135,36.135,1,4004,54004,lowband_largesig_r01,prps,1463,13,0.107979,-5,0,-5,-0.01308997,-0.75000,prps,0,6614
36155,36.155,1,4004,54004,lowband_largesig_r01,prps,1462,12,0.098220,-7,0,-7,-0.01832596,-1.05000,prps,0,6618
36175,36.175,1,4004,54004,lowband_largesig_r01,prps,1459,9,0.079148,-7,0,-7,-0.01832596,-1.05000,prps,0,6622
36195,36.195,1,4004,54004,lowband_largesig_r01,prps,1456,6,0.053624,-7,0,-7,-0.01832596,-1.05000,prps,0,6626
36215,36.215,1,4004,54004,lowband_largesig_r01,prps,1453,3,0.023966,-7,0,-7,-0.01832596,-1.05000,prps,0,6630
36235,36.235,1,4004,54004,lowband_largesig_r01,prps,1449,-1,-0.007828,-7,0,-7,-0.01832596,-1.05000,prps,0,6634
36255,36.255,1,4004,54004,lowband_largesig_r01,prps,1445,-5,-0.039693,-6,0,-6,-0.01570796,-0.90000,prps,0,6638
36275,36.275,1,4004,54004,lowband_largesig_r01,prps,1442,-8,-0.069089,-5,0,-5,-0.01308997,-0.75000,prps,0,6642
36295,36.295,1,4004,54004,lowband_largesig_r01,prps,1439,-11,-0.092733,-4,0,-4,-0.01047198,-0.60000,prps,0,6646
36315,36.315,1,4004,54004,lowband_largesig_r01,prps,1437,-13,-0.106606,-3,0,-3,-0.00785398,-0.45000,prps,0,6650
36335,36.335,1,4004,54004,lowband_largesig_r01,prps,1437,-13,-0.106279,-1,0,-1,-0.00261799,-0.15000,prps,0,6654
36355,36.355,1,4004,54004,lowband_largesig_r01,prps,1440,-10,-0.087550,2,0,2,0.00523599,0.30000,prps,0,6658
36375,36.375,1,4004,54004,lowband_largesig_r01,prps,1444,-6,-0.047296,2,0,2,0.00523599,0.30000,prps,0,6662
36395,36.395,1,4004,54004,lowband_largesig_r01,prps,1452,2,0.015636,2,0,2,0.00523599,0.30000,prps,0,6666
36415,36.415,1,4004,54004,lowband_largesig_r01,prps,1462,12,0.099673,2,0,2,0.00523599,0.30000,prps,0,6670
36435,36.435,1,4004,54004,lowband_largesig_r01,prps,1474,24,0.200111,2,0,2,0.00523599,0.30000,prps,0,6674
36455,36.455,1,4004,54004,lowband_largesig_r01,prps,1487,37,0.309171,-1,0,-1,-0.00261799,-0.15000,prps,0,6678
36475,36.475,1,4004,54004,lowband_largesig_r01,prps,1500,50,0.416603,-6,0,-6,-0.01570796,-0.90000,prps,0,6682
36495,36.495,1,4004,54004,lowband_largesig_r01,prps,1511,61,0.510781,-13,0,-13,-0.03403392,-1.95000,prps,0,6686
36515,36.515,1,4004,54004,lowband_largesig_r01,prps,1519,69,0.580168,-22,0,-22,-0.05759586,-3.30000,prps,0,6690
36535,36.535,1,4004,54004,lowband_largesig_r01,prps,1523,73,0.614928,-30,0,-30,-0.07853982,-4.50000,prps,0,6694
36555,36.555,1,4004,54004,lowband_largesig_r01,prps,1522,72,0.608423,-38,0,-38,-0.09948376,-5.70000,prps,0,6698
36575,36.575,1,4004,54004,lowband_largesig_r01,prps,1516,66,0.558350,-43,0,-43,-0.11257374,-6.45000,prps,0,6702
36595,36.595,1,4004,54004,lowband_largesig_r01,prps,1506,56,0.467293,-46,0,-46,-0.12042772,-6.90000,prps,0,6706
36615,36.615,1,4004,54004,lowband_largesig_r01,prps,1491,41,0.342587,-45,0,-45,-0.11780972,-6.75000,prps,0,6710
36635,36.635,1,4004,54004,lowband_largesig_r01,prps,1473,23,0.195468,-43,0,-43,-0.11257374,-6.45000,prps,0,6714
36655,36.655,1,4004,54004,lowband_largesig_r01,prps,1455,5,0.039633,-37,0,-37,-0.09686577,-5.55000,prps,0,6718
36675,36.675,1,4004,54004,lowband_largesig_r01,prps,1437,-13,-0.110576,-30,0,-30,-0.07853982,-4.50000,prps,0,6722
36695,36.695,1,4004,54004,lowband_largesig_r01,prps,1421,-29,-0.242080,-20,0,-20,-0.05235988,-3.00000,prps,0,6726
36715,36.715,1,4004,54004,lowband_largesig_r01,prps,1409,-41,-0.344761,-10,0,-10,-0.02617994,-1.50000,prps,0,6730
36735,36.735,1,4004,54004,lowband_largesig_r01,prps,1401,-49,-0.412673,1,0,1,0.00261799,0.15000,prps,0,6734
36755,36.755,1,4004,54004,lowband_largesig_r01,prps,1397,-53,-0.444573,10,0,10,0.02617994,1.50000,prps,0,6738
36775,36.775,1,4004,54004,lowband_largesig_r01,prps,1397,-53,-0.443703,17,0,17,0.04450589,2.55000,prps,0,6742
36795,36.795,1,4004,54004,lowband_largesig_r01,prps,1400,-50,-0.416857,20,0,20,0.05235988,3.00000,prps,0,6746
36815,36.815,1,4004,54004,lowband_largesig_r01,prps,1406,-44,-0.372933,21,0,21,0.05497787,3.15000,prps,0,6750
36835,36.835,1,4004,54004,lowband_largesig_r01,prps,1412,-38,-0.321211,21,0,21,0.05497787,3.15000,prps,0,6754
36855,36.855,1,4004,54004,lowband_largesig_r01,prps,1418,-32,-0.269684,21,0,21,0.05497787,3.15000,prps,0,6758
36875,36.875,1,4004,54004,lowband_largesig_r01,prps,1423,-27,-0.223732,20,0,20,0.05235988,3.00000,prps,0,6762
36895,36.895,1,4004,54004,lowband_largesig_r01,prps,1428,-22,-0.185375,17,0,17,0.04450589,2.55000,prps,0,6766
36915,36.915,1,4004,54004,lowband_largesig_r01,prps,1432,-18,-0.153238,13,0,13,0.03403392,1.95000,prps,0,6770
36935,36.935,1,4004,54004,lowband_largesig_r01,prps,1435,-15,-0.123208,11,0,11,0.02879793,1.65000,prps,0,6774
36955,36.955,1,4004,54004,lowband_largesig_r01,prps,1439,-11,-0.089667,9,0,9,0.02356194,1.35000,prps,0,6778
36975,36.975,1,4004,54004,lowband_largesig_r01,prps,1444,-6,-0.047042,8,0,8,0.02094395,1.20000,prps,0,6782
36995,36.995,1,4004,54004,lowband_largesig_r01,prps,1451,1,0.008634,6,0,6,0.01570796,0.90000,prps,0,6786
37015,37.015,1,4004,54004,lowband_largesig_r01,prps,1459,9,0.078454,4,0,4,0.01047198,0.60000,prps,0,6790
37035,37.035,1,4004,54004,lowband_largesig_r01,prps,1469,19,0.159931,2,0,2,0.00523599,0.30000,prps,0,6794
37055,37.055,1,4004,54004,lowband_largesig_r01,prps,1479,29,0.247017,-2,0,-2,-0.00523599,-0.30000,prps,0,6798
37075,37.075,1,4004,54004,lowband_largesig_r01,prps,1489,39,0.330880,-5,0,-5,-0.01308997,-0.75000,prps,0,6802
37095,37.095,1,4004,54004,lowband_largesig_r01,prps,1498,48,0.401303,-10,0,-10,-0.02617994,-1.50000,prps,0,6806
37115,37.115,1,4004,54004,lowband_largesig_r01,prps,1503,53,0.448496,-16,0,-16,-0.04188790,-2.40000,prps,0,6810
37135,37.135,1,4004,54004,lowband_largesig_r01,prps,1505,55,0.464982,-23,0,-23,-0.06021386,-3.45000,prps,0,6814
37155,37.155,1,4004,54004,lowband_largesig_r01,prps,1503,53,0.447201,-28,0,-28,-0.07330382,-4.20000,prps,0,6818
37175,37.175,1,4004,54004,lowband_largesig_r01,prps,1497,47,0.396535,-32,0,-32,-0.08377580,-4.80000,prps,0,6822
37195,37.195,1,4004,54004,lowband_largesig_r01,prps,1488,38,0.319524,-33,0,-33,-0.08639380,-4.95000,prps,0,6826
37215,37.215,1,4004,54004,lowband_largesig_r01,prps,1477,27,0.227188,-33,0,-33,-0.08639380,-4.95000,prps,0,6830
37235,37.235,1,4004,54004,lowband_largesig_r01,prps,1466,16,0.133537,-31,0,-31,-0.08115781,-4.65000,prps,0,6834
37255,37.255,1,4004,54004,lowband_largesig_r01,prps,1456,6,0.053475,-27,0,-27,-0.07068583,-4.05000,prps,0,6838
37275,37.275,1,4004,54004,lowband_largesig_r01,prps,1450,0,0.000453,-22,0,-22,-0.05759586,-3.30000,prps,0,6842
37295,37.295,1,4004,54004,lowband_largesig_r01,prps,1448,-2,-0.015760,-18,0,-18,-0.04712389,-2.70000,prps,0,6846
37315,37.315,1,4004,54004,lowband_largesig_r01,prps,1451,1,0.009212,-13,0,-13,-0.03403392,-1.95000,prps,0,6850
37335,37.335,1,4004,54004,lowband_largesig_r01,prps,1459,9,0.073451,-9,0,-9,-0.02356194,-1.35000,prps,0,6854
37355,37.355,1,4004,54004,lowband_largesig_r01,prps,1470,20,0.168841,-8,0,-8,-0.02094395,-1.20000,prps,0,6858
37375,37.375,1,4004,54004,lowband_largesig_r01,prps,1484,34,0.282165,-8,0,-8,-0.02094395,-1.20000,prps,0,6862
37395,37.395,1,4004,54004,lowband_largesig_r01,prps,1497,47,0.397040,-8,0,-8,-0.02094395,-1.20000,prps,0,6866
37415,37.415,1,4004,54004,lowband_largesig_r01,prps,1509,59,0.496398,-12,0,-12,-0.03141592,-1.80000,prps,0,6870
37435,37.435,1,4004,54004,lowband_largesig_r01,prps,1517,67,0.565101,-20,0,-20,-0.05235988,-3.00000,prps,0,6874
37455,37.455,1,4004,54004,lowband_largesig_r01,prps,1520,70,0.592270,-29,0,-29,-0.07592182,-4.35000,prps,0,6878
37475,37.475,1,4004,54004,lowband_largesig_r01,prps,1518,68,0.572936,-35,0,-35,-0.09162979,-5.25000,prps,0,6882
37495,37.495,1,4004,54004,lowband_largesig_r01,prps,1511,61,0.508745,-41,0,-41,-0.10733775,-6.15000,prps,0,6886
37515,37.515,1,4004,54004,lowband_largesig_r01,prps,1499,49,0.407598,-44,0,-44,-0.11519173,-6.60000,prps,0,6890
37535,37.535,1,4004,54004,lowband_largesig_r01,prps,1484,34,0.282278,-43,0,-43,-0.11257374,-6.45000,prps,0,6894
37555,37.555,1,4004,54004,lowband_largesig_r01,prps,1468,18,0.148315,-38,0,-38,-0.09948376,-5.70000,prps,0,6898
37575,37.575,1,4004,54004,lowband_largesig_r01,prps,1453,3,0.021428,-33,0,-33,-0.08639380,-4.95000,prps,0,6902
37595,37.595,1,4004,54004,lowband_largesig_r01,prps,1440,-10,-0.085007,-26,0,-26,-0.06806784,-3.90000,prps,0,6906
37615,37.615,1,4004,54004,lowband_largesig_r01,prps,1431,-19,-0.162041,-18,0,-18,-0.04712389,-2.70000,prps,0,6910
37635,37.635,1,4004,54004,lowband_largesig_r01,prps,1425,-25,-0.206441,-10,0,-10,-0.02617994,-1.50000,prps,0,6914
37655,37.655,1,4004,54004,lowband_largesig_r01,prps,1424,-26,-0.220960,-2,0,-2,-0.00523599,-0.30000,prps,0,6918
37675,37.675,1,4004,54004,lowband_largesig_r01,prps,1425,-25,-0.213563,4,0,4,0.01047198,0.60000,prps,0,6922
37695,37.695,1,4004,54004,lowband_largesig_r01,prps,1427,-23,-0.195731,6,0,6,0.01570796,0.90000,prps,0,6926
37715,37.715,1,4004,54004,lowband_largesig_r01,prps,1429,-21,-0.180162,7,0,7,0.01832596,1.05000,prps,0,6930
37735,37.735,1,4004,54004,lowband_largesig_r01,prps,1429,-21,-0.178260,7,0,7,0.01832596,1.05000,prps,0,6934
37755,37.755,1,4004,54004,lowband_largesig_r01,prps,1426,-24,-0.197858,7,0,7,0.01832596,1.05000,prps,0,6938
37775,37.775,1,4004,54004,lowband_largesig_r01,prps,1421,-29,-0.241584,7,0,7,0.01832596,1.05000,prps,0,6942
37795,37.795,1,4004,54004,lowband_largesig_r01,prps,1414,-36,-0.306151,8,0,8,0.02094395,1.20000,prps,0,6946
37815,37.815,1,4004,54004,lowband_largesig_r01,prps,1404,-46,-0.382724,9,0,9,0.02356194,1.35000,prps,0,6950
37835,37.835,1,4004,54004,lowband_largesig_r01,prps,1395,-55,-0.458298,10,0,10,0.02617994,1.50000,prps,0,6954
37855,37.855,1,4004,54004,lowband_largesig_r01,prps,1388,-62,-0.517875,13,0,13,0.03403392,1.95000,prps,0,6958
37875,37.875,1,4004,54004,lowband_largesig_r01,prps,1385,-65,-0.547073,17,0,17,0.04450589,2.55000,prps,0,6962
37895,37.895,1,4004,54004,lowband_largesig_r01,prps,1386,-64,-0.534738,20,0,20,0.05235988,3.00000,prps,0,6966
37915,37.915,1,4004,54004,lowband_largesig_r01,prps,1393,-57,-0.475093,23,0,23,0.06021386,3.45000,prps,0,6970
37935,37.935,1,4004,54004,lowband_largesig_r01,prps,1406,-44,-0.369082,25,0,25,0.06544985,3.75000,prps,0,6974
37955,37.955,1,4004,54004,lowband_largesig_r01,prps,1423,-27,-0.224656,25,0,25,0.06544985,3.75000,prps,0,6978
37975,37.975,1,4004,54004,lowband_largesig_r01,prps,1443,-7,-0.055934,23,0,23,0.06021386,3.45000,prps,0,6982
37995,37.995,1,4004,54004,lowband_largesig_r01,prps,1464,14,0.118630,17,0,17,0.04450589,2.55000,prps,0,6986
38015,38.015,1,4004,54004,lowband_largesig_r01,prps,1483,33,0.278796,8,0,8,0.02094395,1.20000,prps,0,6990
38035,38.035,1,4004,54004,lowband_largesig_r01,prps,1498,48,0.405404,-1,0,-1,-0.00261799,-0.15000,prps,0,6994
38055,38.055,1,4004,54004,lowband_largesig_r01,prps,1507,57,0.483103,-9,0,-9,-0.02356194,-1.35000,prps,0,6998
38075,38.075,1,4004,54004,lowband_largesig_r01,prps,1510,60,0.502533,-19,0,-19,-0.04974188,-2.85000,prps,0,7002
38095,38.095,1,4004,54004,lowband_largesig_r01,prps,1505,55,0.461600,-29,0,-29,-0.07592182,-4.35000,prps,0,7006
38115,38.115,1,4004,54004,lowband_largesig_r01,prps,1494,44,0.365688,-34,0,-34,-0.08901179,-5.10000,prps,0,7010
38135,38.135,1,4004,54004,lowband_largesig_r01,prps,1477,27,0.226776,-36,0,-36,-0.09424778,-5.40000,prps,0,7014
38155,38.155,1,4004,54004,lowband_largesig_r01,prps,1457,7,0.061625,-34,0,-34,-0.08901179,-5.10000,prps,0,7018
38175,38.175,1,4004,54004,lowband_largesig_r01,prps,1437,-13,-0.110666,-29,0,-29,-0.07592182,-4.35000,prps,0,7022
38195,38.195,1,4004,54004,lowband_largesig_r01,prps,1418,-32,-0.271344,-21,0,-21,-0.05497787,-3.15000,prps,0,7026
38215,38.215,1,4004,54004,lowband_largesig_r01,prps,1402,-48,-0.404516,-11,0,-11,-0.02879793,-1.65000,prps,0,7030
38235,38.235,1,4004,54004,lowband_largesig_r01,prps,1391,-59,-0.499107,1,0,1,0.00261799,0.15000,prps,0,7034
38255,38.255,1,4004,54004,lowband_largesig_r01,prps,1385,-65,-0.550021,12,0,12,0.03141592,1.80000,prps,0,7038
38275,38.275,1,4004,54004,lowband_largesig_r01,prps,1384,-66,-0.558342,21,0,21,0.05497787,3.15000,prps,0,7042
38295,38.295,1,4004,54004,lowband_largesig_r01,prps,1387,-63,-0.530626,26,0,26,0.06806784,3.90000,prps,0,7046
38315,38.315,1,4004,54004,lowband_largesig_r01,prps,1393,-57,-0.477444,28,0,28,0.07330382,4.20000,prps,0,7050
38335,38.335,1,4004,54004,lowband_largesig_r01,prps,1401,-49,-0.411451,28,0,28,0.07330382,4.20000,prps,0,7054
38355,38.355,1,4004,54004,lowband_largesig_r01,prps,1409,-41,-0.345314,27,0,27,0.07068583,4.05000,prps,0,7058
38375,38.375,1,4004,54004,lowband_largesig_r01,prps,1416,-34,-0.289840,26,0,26,0.06806784,3.90000,prps,0,7062
38395,38.395,1,4004,54004,lowband_largesig_r01,prps,1420,-30,-0.252568,24,0,24,0.06283185,3.60000,prps,0,7066
38415,38.415,1,4004,54004,lowband_largesig_r01,prps,1422,-28,-0.237006,20,0,20,0.05235988,3.00000,prps,0,7070
38435,38.435,1,4004,54004,lowband_largesig_r01,prps,1421,-29,-0.242576,16,0,16,0.04188790,2.40000,prps,0,7074
38455,38.455,1,4004,54004,lowband_largesig_r01,prps,1418,-32,-0.265188,13,0,13,0.03403392,1.95000,prps,0,7078
38475,38.475,1,4004,54004,lowband_largesig_r01,prps,1415,-35,-0.298290,12,0,12,0.03141592,1.80000,prps,0,7082
38495,38.495,1,4004,54004,lowband_largesig_r01,prps,1410,-40,-0.334166,12,0,12,0.03141592,1.80000,prps,0,7086
38515,38.515,1,4004,54004,lowband_largesig_r01,prps,1407,-43,-0.365223,13,0,13,0.03403392,1.95000,prps,0,7090
38535,38.535,1,4004,54004,lowband_largesig_r01,prps,1404,-46,-0.385076,13,0,13,0.03403392,1.95000,prps,0,7094
38555,38.555,1,4004,54004,lowband_largesig_r01,prps,1404,-46,-0.389250,13,0,13,0.03403392,1.95000,prps,0,7098
38575,38.575,1,4004,54004,lowband_largesig_r01,prps,1405,-45,-0.375462,14,0,14,0.03665191,2.10000,prps,0,7102
38595,38.595,1,4004,54004,lowband_largesig_r01,prps,1409,-41,-0.343496,15,0,15,0.03926991,2.25000,prps,0,7106
38615,38.615,1,4004,54004,lowband_largesig_r01,prps,1415,-35,-0.294778,15,0,15,0.03926991,2.25000,prps,0,7110
38635,38.635,1,4004,54004,lowband_largesig_r01,prps,1422,-28,-0.231802,15,0,15,0.03926991,2.25000,prps,0,7114
38655,38.655,1,4004,54004,lowband_largesig_r01,prps,1431,-19,-0.157570,14,0,14,0.03665191,2.10000,prps,0,7118
38675,38.675,1,4004,54004,lowband_largesig_r01,prps,1441,-9,-0.075183,12,0,12,0.03141592,1.80000,prps,0,7122
38695,38.695,1,4004,54004,lowband_largesig_r01,prps,1451,1,0.012343,10,0,10,0.02617994,1.50000,prps,0,7126
38715,38.715,1,4004,54004,lowband_largesig_r01,prps,1462,12,0.102017,7,0,7,0.01832596,1.05000,prps,0,7130
38735,38.735,1,4004,54004,lowband_largesig_r01,prps,1473,23,0.190634,3,0,3,0.00785398,0.45000,prps,0,7134
38755,38.755,1,4004,54004,lowband_largesig_r01,prps,1483,33,0.274480,-2,0,-2,-0.00523599,-0.30000,prps,0,7138
38775,38.775,1,4004,54004,lowband_largesig_r01,prps,1492,42,0.349100,-6,0,-6,-0.01570796,-0.90000,prps,0,7142
38795,38.795,1,4004,54004,lowband_largesig_r01,prps,1499,49,0.409292,-12,0,-12,-0.03141592,-1.80000,prps,0,7146
38815,38.815,1,4004,54004,lowband_largesig_r01,prps,1503,53,0.449380,-19,0,-19,-0.04974188,-2.85000,prps,0,7150
38835,38.835,1,4004,54004,lowband_largesig_r01,prps,1505,55,0.463814,-25,0,-25,-0.06544985,-3.75000,prps,0,7154
38855,38.855,1,4004,54004,lowband_largesig_r01,prps,1503,53,0.448019,-30,0,-30,-0.07853982,-4.50000,prps,0,7158
38875,38.875,1,4004,54004,lowband_largesig_r01,prps,1498,48,0.399365,-33,0,-33,-0.08639380,-4.95000,prps,0,7162
38895,38.895,1,4004,54004,lowband_largesig_r01,prps,1488,38,0.318072,-34,0,-34,-0.08901179,-5.10000,prps,0,7166
38915,38.915,1,4004,54004,lowband_largesig_r01,prps,1475,25,0.207844,-33,0,-33,-0.08639380,-4.95000,prps,0,7170
38935,38.935,1,4004,54004,lowband_largesig_r01,prps,1459,9,0.076057,-31,0,-31,-0.08115781,-4.65000,prps,0,7174
38955,38.955,1,4004,54004,lowband_largesig_r01,prps,1442,-8,-0.066605,-27,0,-27,-0.07068583,-4.05000,prps,0,7178
38975,38.975,1,4004,54004,lowband_largesig_r01,prps,1425,-25,-0.207102,-20,0,-20,-0.05235988,-3.00000,prps,0,7182
38995,38.995,1,4004,54004,lowband_largesig_r01,prps,1411,-39,-0.331481,-12,0,-12,-0.03141592,-1.80000,prps,0,7186
39015,39.015,1,4004,54004,lowband_largesig_r01,prps,1399,-51,-0.426624,-3,0,-3,-0.00785398,-0.45000,prps,0,7190
39035,39.035,1,4004,54004,lowband_largesig_r01,prps,1393,-57,-0.482044,8,0,8,0.02094395,1.20000,prps,0,7194
39055,39.055,1,4004,54004,lowband_largesig_r01,prps,1392,-58,-0.491448,16,0,16,0.04188790,2.40000,prps,0,7198
39075,39.075,1,4004,54004,lowband_largesig_r01,prps,1396,-54,-0.453776,21,0,21,0.05497787,3.15000,prps,0,7202
39095,39.095,1,4004,54004,lowband_largesig_r01,prps,1406,-44,-0.373530,23,0,23,0.06021386,3.45000,prps,0,7206
39115,39.115,1,4004,54004,lowband_largesig_r01,prps,1419,-31,-0.260292,23,0,23,0.06021386,3.45000,prps,0,7210
39135,39.135,1,4004,54004,lowband_largesig_r01,prps,1435,-15,-0.127461,22,0,22,0.05759586,3.30000,prps,0,7214
39155,39.155,1,4004,54004,lowband_largesig_r01,prps,1451,1,0.009616,17,0,17,0.04450589,2.55000,prps,0,7218
39175,39.175,1,4004,54004,lowband_largesig_r01,prps,1466,16,0.135846,10,0,10,0.02617994,1.50000,prps,0,7222
39195,39.195,1,4004,54004,lowband_largesig_r01,prps,1478,28,0.238583,4,0,4,0.01047198,0.60000,prps,0,7226
39215,39.215,1,4004,54004,lowband_largesig_r01,prps,1487,37,0.309461,-2,0,-2,-0.00523599,-0.30000,prps,0,7230
39235,39.235,1,4004,54004,lowband_largesig_r01,prps,1491,41,0.345570,-8,0,-8,-0.02094395,-1.20000,prps,0,7234
39255,39.255,1,4004,54004,lowband_largesig_r01,prps,1492,42,0.349756,-15,0,-15,-0.03926991,-2.25000,prps,0,7238
39275,39.275,1,4004,54004,lowband_largesig_r01,prps,1489,39,0.330017,-21,0,-21,-0.05497787,-3.15000,prps,0,7242
39295,39.295,1,4004,54004,lowband_largesig_r01,prps,1485,35,0.298052,-25,0,-25,-0.06544985,-3.75000,prps,0,7246
39315,39.315,1,4004,54004,lowband_largesig_r01,prps,1482,32,0.267217,-27,0,-27,-0.07068583,-4.05000,prps,0,7250
39335,39.335,1,4004,54004,lowband_largesig_r01,prps,1480,30,0.250214,-27,0,-27,-0.07068583,-4.05000,prps,0,7254
39355,39.355,1,4004,54004,lowband_largesig_r01,prps,1481,31,0.256893,-27,0,-27,-0.07068583,-4.05000,prps,0,7258
39375,39.375,1,4004,54004,lowband_largesig_r01,prps,1485,35,0.292540,-26,0,-26,-0.06806784,-3.90000,prps,0,7262
39395,39.395,1,4004,54004,lowband_largesig_r01,prps,1492,42,0.356926,-26,0,-26,-0.06806784,-3.90000,prps,0,7266
39415,39.415,1,4004,54004,lowband_largesig_r01,prps,1503,53,0.444290,-27,0,-27,-0.07068583,-4.05000,prps,0,7270
39435,39.435,1,4004,54004,lowband_largesig_r01,prps,1515,65,0.544240,-28,0,-28,-0.07330382,-4.20000,prps,0,7274
39455,39.455,1,4004,54004,lowband_largesig_r01,prps,1527,77,0.643442,-30,0,-30,-0.07853982,-4.50000,prps,0,7278
39475,39.475,1,4004,54004,lowband_largesig_r01,prps,1537,87,0.727784,-34,0,-34,-0.08901179,-5.10000,prps,0,7282
39495,39.495,1,4004,54004,lowband_largesig_r01,prps,1543,93,0.784663,-39,0,-39,-0.10210176,-5.85000,prps,0,7286
39515,39.515,1,4004,54004,lowband_largesig_r01,prps,1546,96,0.805008,-46,0,-46,-0.12042772,-6.90000,prps,0,7290
39535,39.535,1,4004,54004,lowband_largesig_r01,prps,1543,93,0.784682,-51,0,-51,-0.13351768,-7.65000,prps,0,7294
39555,39.555,1,4004,54004,lowband_largesig_r01,prps,1536,86,0.725056,-54,0,-54,-0.14137166,-8.10000,prps,0,7298
39575,39.575,1,4004,54004,lowband_largesig_r01,prps,1525,75,0.632638,-56,0,-56,-0.14660765,-8.40000,prps,0,7302
39612,39.612,1,4004,54004,lowband_largesig_r01,prps,1512,62,0.517861,-53,0,-53,-0.13875367,-7.95000,prps,0,7306
39632,39.632,1,4004,54004,lowband_largesig_r01,prps,1497,47,0.393233,-51,0,-51,-0.13351768,-7.65000,prps,0,7310
39652,39.652,1,4004,54004,lowband_largesig_r01,prps,1482,32,0.271194,-47,0,-47,-0.12304571,-7.05000,prps,0,7314
39672,39.672,1,4004,54004,lowband_largesig_r01,prps,1469,19,0.162056,-41,0,-41,-0.10733775,-6.15000,prps,0,7318
39692,39.692,1,4004,54004,lowband_largesig_r01,prps,1459,9,0.072394,-35,0,-35,-0.09162979,-5.25000,prps,0,7322
39712,39.712,1,4004,54004,lowband_largesig_r01,prps,1450,0,0.004169,-27,0,-27,-0.07068583,-4.05000,prps,0,7326
39732,39.732,1,4004,54004,lowband_largesig_r01,prps,1445,-5,-0.045268,-19,0,-19,-0.04974188,-2.85000,prps,0,7330
39752,39.752,1,4004,54004,lowband_largesig_r01,prps,1440,-10,-0.082295,-12,0,-12,-0.03141592,-1.80000,prps,0,7334
39772,39.772,1,4004,54004,lowband_largesig_r01,prps,1436,-14,-0.115445,-7,0,-7,-0.01832596,-1.05000,prps,0,7338
39792,39.792,1,4004,54004,lowband_largesig_r01,prps,1432,-18,-0.153421,-2,0,-2,-0.00523599,-0.30000,prps,0,7342
39812,39.812,1,4004,54004,lowband_largesig_r01,prps,1426,-24,-0.203074,1,0,1,0.00261799,0.15000,prps,0,7346
39832,39.832,1,4004,54004,lowband_largesig_r01,prps,1418,-32,-0.267745,3,0,3,0.00785398,0.45000,prps,0,7350
39852,39.852,1,4004,54004,lowband_largesig_r01,prps,1409,-41,-0.346263,5,0,5,0.01308997,0.75000,prps,0,7354
39872,39.872,1,4004,54004,lowband_largesig_r01,prps,1398,-52,-0.432839,7,0,7,0.01832596,1.05000,prps,0,7358
39892,39.892,1,4004,54004,lowband_largesig_r01,prps,1388,-62,-0.517862,11,0,11,0.02879793,1.65000,prps,0,7362
39912,39.912,1,4004,54004,lowband_largesig_r01,prps,1380,-70,-0.589518,15,0,15,0.03926991,2.25000,prps,0,7366
39932,39.932,1,4004,54004,lowband_largesig_r01,prps,1374,-76,-0.635920,20,0,20,0.05235988,3.00000,prps,0,7370
39952,39.952,1,4004,54004,lowband_largesig_r01,prps,1373,-77,-0.647417,25,0,25,0.06544985,3.75000,prps,0,7374
39972,39.972,1,4004,54004,lowband_largesig_r01,prps,1376,-74,-0.618627,29,0,29,0.07592182,4.35000,prps,0,7378
39992,39.992,1,4004,54004,lowband_largesig_r01,prps,1385,-65,-0.549850,32,0,32,0.08377580,4.80000,prps,0,7382
40012,40.012,1,4004,54004,lowband_largesig_r01,prps,1397,-53,-0.447559,34,0,34,0.08901179,5.10000,prps,0,7386
40032,40.032,1,4004,54004,lowband_largesig_r01,prps,1411,-39,-0.323856,33,0,33,0.08639380,4.95000,prps,0,7390
40052,40.052,1,4004,54004,lowband_largesig_r01,prps,1427,-23,-0.194933,30,0,30,0.07853982,4.50000,prps,0,7394
40072,40.072,1,4004,54004,lowband_largesig_r01,prps,1441,-9,-0.078766,24,0,24,0.06283185,3.60000,prps,0,7398
40092,40.092,1,4004,54004,lowband_largesig_r01,prps,1451,1,0.007604,16,0,16,0.04188790,2.40000,prps,0,7402
40112,40.112,1,4004,54004,lowband_largesig_r01,prps,1456,6,0.050754,8,0,8,0.02094395,1.20000,prps,0,7406
40132,40.132,1,4004,54004,lowband_largesig_r01,prps,1455,5,0.043110,2,0,2,0.00523599,0.30000,prps,0,7410
40152,40.152,1,4004,54004,lowband_largesig_r01,prps,1448,-2,-0.015681,-1,0,-1,-0.00261799,-0.15000,prps,0,7414
40172,40.172,1,4004,54004,lowband_largesig_r01,prps,1436,-14,-0.118448,-2,0,-2,-0.00523599,-0.30000,prps,0,7418
40192,40.192,1,4004,54004,lowband_largesig_r01,prps,1420,-30,-0.251346,-1,0,-1,-0.00261799,-0.15000,prps,0,7422
40212,40.212,1,4004,54004,lowband_largesig_r01,prps,1403,-47,-0.395736,2,0,2,0.00523599,0.30000,prps,0,7426
40232,40.232,1,4004,54004,lowband_largesig_r01,prps,1387,-63,-0.530808,6,0,6,0.01570796,0.90000,prps,0,7430
40252,40.252,1,4004,54004,lowband_largesig_r01,prps,1374,-76,-0.636534,12,0,12,0.03141592,1.80000,prps,0,7434
40272,40.272,1,4004,54004,lowband_largesig_r01,prps,1367,-83,-0.696507,19,0,19,0.04974188,2.85000,prps,0,7438
40292,40.292,1,4004,54004,lowband_largesig_r01,prps,1367,-83,-0.700205,26,0,26,0.06806784,3.90000,prps,0,7442
40312,40.312,1,4004,54004,lowband_largesig_r01,prps,1373,-77,-0.644363,32,0,32,0.08377580,4.80000,prps,0,7446
40332,40.332,1,4004,54004,lowband_largesig_r01,prps,1387,-63,-0.533228,35,0,35,0.09162979,5.25000,prps,0,7450
40352,40.352,1,4004,54004,lowband_largesig_r01,prps,1405,-45,-0.377710,36,0,36,0.09424778,5.40000,prps,0,7454
40372,40.372,1,4004,54004,lowband_largesig_r01,prps,1427,-23,-0.193567,34,0,34,0.08901179,5.10000,prps,0,7458
40392,40.392,1,4004,54004,lowband_largesig_r01,prps,1450,0,0.001049,27,0,27,0.07068583,4.05000,prps,0,7462
40412,40.412,1,4004,54004,lowband_largesig_r01,prps,1472,22,0.188286,18,0,18,0.04712389,2.70000,prps,0,7466
40432,40.432,1,4004,54004,lowband_largesig_r01,prps,1492,42,0.353085,6,0,6,0.01570796,0.90000,prps,0,7470
40452,40.452,1,4004,54004,lowband_largesig_r01,prps,1508,58,0.485101,-4,0,-4,-0.01047198,-0.60000,prps,0,7474
40472,40.472,1,4004,54004,lowband_largesig_r01,prps,1519,69,0.579752,-15,0,-15,-0.03926991,-2.25000,prps,0,7478
40492,40.492,1,4004,54004,lowband_largesig_r01,prps,1526,76,0.638288,-26,0,-26,-0.06806784,-3.90000,prps,0,7482
40512,40.512,1,4004,54004,lowband_largesig_r01,prps,1529,79,0.666909,-35,0,-35,-0.09162979,-5.25000,prps,0,7486
40532,40.532,1,4004,54004,lowband_largesig_r01,prps,1530,80,0.675131,-44,0,-44,-0.11519173,-6.60000,prps,0,7490
40552,40.552,1,4004,54004,lowband_largesig_r01,prps,1530,80,0.673715,-48,0,-48,-0.12566370,-7.20000,prps,0,7494
40572,40.572,1,4004,54004,lowband_largesig_r01,prps,1530,80,0.672539,-49,0,-49,-0.12828170,-7.35000,prps,0,7498
40592,40.592,1,4004,54004,lowband_largesig_r01,prps,1531,81,0.678766,-49,0,-49,-0.12828170,-7.35000,prps,0,7502
40612,40.612,1,4004,54004,lowband_largesig_r01,prps,1533,83,0.695630,-49,0,-49,-0.12828170,-7.35000,prps,0,7506
40632,40.632,1,4004,54004,lowband_largesig_r01,prps,1536,86,0.722014,-50,0,-50,-0.13089970,-7.50000,prps,0,7510
40652,40.652,1,4004,54004,lowband_largesig_r01,prps,1540,90,0.752855,-50,0,-50,-0.13089970,-7.50000,prps,0,7514
40672,40.672,1,4004,54004,lowband_largesig_r01,prps,1543,93,0.780282,-51,0,-51,-0.13351768,-7.65000,prps,0,7518
40692,40.692,1,4004,54004,lowband_largesig_r01,prps,1545,95,0.795261,-53,0,-53,-0.13875367,-7.95000,prps,0,7522
40712,40.712,1,4004,54004,lowband_largesig_r01,prps,1544,94,0.789415,-55,0,-55,-0.14398966,-8.25000,prps,0,7526
40732,40.732,1,4004,54004,lowband_largesig_r01,prps,1540,90,0.756724,-56,0,-56,-0.14660765,-8.40000,prps,0,7530
40752,40.752,1,4004,54004,lowband_largesig_r01,prps,1533,83,0.694780,-56,0,-56,-0.14660765,-8.40000,prps,0,7534
40772,40.772,1,4004,54004,lowband_largesig_r01,prps,1522,72,0.605409,-56,0,-56,-0.14660765,-8.40000,prps,0,7538
40792,40.792,1,4004,54004,lowband_largesig_r01,prps,1509,59,0.494555,-55,0,-55,-0.14398966,-8.25000,prps,0,7542
40812,40.812,1,4004,54004,lowband_largesig_r01,prps,1494,44,0.371473,-53,0,-53,-0.13875367,-7.95000,prps,0,7546
40832,40.832,1,4004,54004,lowband_largesig_r01,prps,1479,29,0.247384,-47,0,-47,-0.12304571,-7.05000,prps,0,7550
40852,40.852,1,4004,54004,lowband_largesig_r01,prps,1466,16,0.133836,-41,0,-41,-0.10733775,-6.15000,prps,0,7554
40872,40.872,1,4004,54004,lowband_largesig_r01,prps,1455,5,0.041047,-33,0,-33,-0.08639380,-4.95000,prps,0,7558
40892,40.892,1,4004,54004,lowband_largesig_r01,prps,1447,-3,-0.023491,-25,0,-25,-0.06544985,-3.75000,prps,0,7562
40912,40.912,1,4004,54004,lowband_largesig_r01,prps,1443,-7,-0.055940,-17,0,-17,-0.04450589,-2.55000,prps,0,7566
40932,40.932,1,4004,54004,lowband_largesig_r01,prps,1443,-7,-0.056452,-11,0,-11,-0.02879793,-1.65000,prps,0,7570
40952,40.952,1,4004,54004,lowband_largesig_r01,prps,1447,-3,-0.028903,-6,0,-6,-0.01570796,-0.90000,prps,0,7574
40972,40.972,1,4004,54004,lowband_largesig_r01,prps,1452,2,0.019885,-3,0,-3,-0.00785398,-0.45000,prps,0,7578
40992,40.992,1,4004,54004,lowband_largesig_r01,prps,1460,10,0.081270,-3,0,-3,-0.00785398,-0.45000,prps,0,7582
41012,41.012,1,4004,54004,lowband_largesig_r01,prps,1467,17,0.146039,-3,0,-3,-0.00785398,-0.45000,prps,0,7586
41032,41.032,1,4004,54004,lowband_largesig_r01,prps,1474,24,0.205570,-4,0,-4,-0.01047198,-0.60000,prps,0,7590
41052,41.052,1,4004,54004,lowband_largesig_r01,prps,1480,30,0.252722,-6,0,-6,-0.01570796,-0.90000,prps,0,7594
41072,41.072,1,4004,54004,lowband_largesig_r01,prps,1484,34,0.282359,-9,0,-9,-0.02356194,-1.35000,prps,0,7598
41092,41.092,1,4004,54004,lowband_largesig_r01,prps,1485,35,0.291457,-14,0,-14,-0.03665191,-2.10000,prps,0,7602
41112,41.112,1,4004,54004,lowband_largesig_r01,prps,1483,33,0.278885,-18,0,-18,-0.04712389,-2.70000,prps,0,7606
41132,41.132,1,4004,54004,lowband_largesig_r01,prps,1479,29,0.244949,-20,0,-20,-0.05235988,-3.00000,prps,0,7610
41152,41.152,1,4004,54004,lowband_largesig_r01,prps,1473,23,0.190879,-22,0,-22,-0.05759586,-3.30000,prps,0,7614
41172,41.172,1,4004,54004,lowband_largesig_r01,prps,1464,14,0.118388,-22,0,-22,-0.05759586,-3.30000,prps,0,7618
41192,41.192,1,4004,54004,lowband_largesig_r01,prps,1454,4,0.029436,-21,0,-21,-0.05497787,-3.15000,prps,0,7622
41212,41.212,1,4004,54004,lowband_largesig_r01,prps,1441,-9,-0.073776,-20,0,-20,-0.05235988,-3.00000,prps,0,7626
41232,41.232,1,4004,54004,lowband_largesig_r01,prps,1428,-22,-0.188583,-15,0,-15,-0.03926991,-2.25000,prps,0,7630
41252,41.252,1,4004,54004,lowband_largesig_r01,prps,1413,-37,-0.311510,-8,0,-8,-0.02094395,-1.20000,prps,0,7634
41272,41.272,1,4004,54004,lowband_largesig_r01,prps,1398,-52,-0.437943,0,0,0,0.00000000,0.00000,prps,0,7638
41292,41.292,1,4004,54004,lowband_largesig_r01,prps,1383,-67,-0.561950,8,0,8,0.02094395,1.20000,prps,0,7642
41312,41.312,1,4004,54004,lowband_largesig_r01,prps,1370,-80,-0.676408,15,0,15,0.03926991,2.25000,prps,0,7646
41332,41.332,1,4004,54004,lowband_largesig_r01,prps,1358,-92,-0.773474,22,0,22,0.05759586,3.30000,prps,0,7650
41352,41.352,1,4004,54004,lowband_largesig_r01,prps,1349,-101,-0.845422,29,0,29,0.07592182,4.35000,prps,0,7654
41372,41.372,1,4004,54004,lowband_largesig_r01,prps,1345,-105,-0.885726,36,0,36,0.09424778,5.40000,prps,0,7658
41392,41.392,1,4004,54004,lowband_largesig_r01,prps,1344,-106,-0.890239,43,0,43,0.11257374,6.45000,prps,0,7662
41412,41.412,1,4004,54004,lowband_largesig_r01,prps,1348,-102,-0.858224,47,0,47,0.12304571,7.05000,prps,0,7666
41432,41.432,1,4004,54004,lowband_largesig_r01,prps,1356,-94,-0.793043,50,0,50,0.13089970,7.50000,prps,0,7670
41452,41.452,1,4004,54004,lowband_largesig_r01,prps,1366,-84,-0.702289,51,0,51,0.13351768,7.65000,prps,0,7674
41472,41.472,1,4004,54004,lowband_largesig_r01,prps,1379,-71,-0.597267,50,0,50,0.13089970,7.50000,prps,0,7678
41492,41.492,1,4004,54004,lowband_largesig_r01,prps,1391,-59,-0.491829,48,0,48,0.12566370,7.20000,prps,0,7682
41512,41.512,1,4004,54004,lowband_largesig_r01,prps,1402,-48,-0.400661,44,0,44,0.11519173,6.60000,prps,0,7686
41532,41.532,1,4004,54004,lowband_largesig_r01,prps,1410,-40,-0.337272,37,0,37,0.09686577,5.55000,prps,0,7690
41552,41.552,1,4004,54004,lowband_largesig_r01,prps,1413,-37,-0.311970,31,0,31,0.08115781,4.65000,prps,0,7694
41572,41.572,1,4004,54004,lowband_largesig_r01,prps,1411,-39,-0.330156,24,0,24,0.06283185,3.60000,prps,0,7698
41592,41.592,1,4004,54004,lowband_largesig_r01,prps,1403,-47,-0.391243,19,0,19,0.04974188,2.85000,prps,0,7702
41612,41.612,1,4004,54004,lowband_largesig_r01,prps,1392,-58,-0.488412,16,0,16,0.04188790,2.40000,prps,0,7706
41632,41.632,1,4004,54004,lowband_largesig_r01,prps,1377,-73,-0.609297,16,0,16,0.04188790,2.40000,prps,0,7710
41652,41.652,1,4004,54004,lowband_largesig_r01,prps,1362,-88,-0.737545,19,0,19,0.04974188,2.85000,prps,0,7714
41672,41.672,1,4004,54004,lowband_largesig_r01,prps,1348,-102,-0.855049,25,0,25,0.06544985,3.75000,prps,0,7718
41692,41.692,1,4004,54004,lowband_largesig_r01,prps,1338,-112,-0.944530,33,0,33,0.08639380,4.95000,prps,0,7722
41712,41.712,1,4004,54004,lowband_largesig_r01,prps,1332,-118,-0.992076,41,0,41,0.10733775,6.15000,prps,0,7726
41732,41.732,1,4004,54004,lowband_largesig_r01,prps,1332,-118,-0.989240,49,0,49,0.12828170,7.35000,prps,0,7730
41752,41.752,1,4004,54004,lowband_largesig_r01,prps,1339,-111,-0.934352,56,0,56,0.14660765,8.40000,prps,0,7734
41772,41.772,1,4004,54004,lowband_largesig_r01,prps,1351,-99,-0.832825,59,0,59,0.15446164,8.85000,prps,0,7738
41792,41.792,1,4004,54004,lowband_largesig_r01,prps,1367,-83,-0.696385,59,0,59,0.15446164,8.85000,prps,0,7742
41812,41.812,1,4004,54004,lowband_largesig_r01,prps,1386,-64,-0.541326,57,0,57,0.14922565,8.55000,prps,0,7746
41832,41.832,1,4004,54004,lowband_largesig_r01,prps,1404,-46,-0.386065,52,0,52,0.13613568,7.80000,prps,0,7750
41852,41.852,1,4004,54004,lowband_largesig_r01,prps,1420,-30,-0.248363,44,0,44,0.11519173,6.60000,prps,0,7754
41872,41.872,1,4004,54004,lowband_largesig_r01,prps,1433,-17,-0.142666,33,0,33,0.08639380,4.95000,prps,0,7758
41892,41.892,1,4004,54004,lowband_largesig_r01,prps,1441,-9,-0.077966,22,0,22,0.05759586,3.30000,prps,0,7762
41912,41.912,1,4004,54004,lowband_largesig_r01,prps,1443,-7,-0.056551,11,0,11,0.02879793,1.65000,prps,0,7766
41932,41.932,1,4004,54004,lowband_largesig_r01,prps,1441,-9,-0.073811,4,0,4,0.01047198,0.60000,prps,0,7770
41952,41.952,1,4004,54004,lowband_largesig_r01,prps,1436,-14,-0.119142,1,0,1,0.00261799,0.15000,prps,0,7774
41972,41.972,1,4004,54004,lowband_largesig_r01,prps,1429,-21,-0.177786,1,0,1,0.00261799,0.15000,prps,0,7778
41992,41.992,1,4004,54004,lowband_largesig_r01,prps,1422,-28,-0.233300,3,0,3,0.00785398,0.45000,prps,0,7782
42012,42.012,1,4004,54004,lowband_largesig_r01,prps,1418,-32,-0.270242,5,0,5,0.01308997,0.75000,prps,0,7786
42032,42.032,1,4004,54004,lowband_largesig_r01,prps,1417,-33,-0.276643,6,0,6,0.01570796,0.90000,prps,0,7790
42052,42.052,1,4004,54004,lowband_largesig_r01,prps,1421,-29,-0.245845,7,0,7,0.01832596,1.05000,prps,0,7794
42072,42.072,1,4004,54004,lowband_largesig_r01,prps,1429,-21,-0.177438,9,0,9,0.02356194,1.35000,prps,0,7798
42092,42.092,1,4004,54004,lowband_largesig_r01,prps,1441,-9,-0.077137,10,0,10,0.02617994,1.50000,prps,0,7802
42112,42.112,1,4004,54004,lowband_largesig_r01,prps,1455,5,0.044342,9,0,9,0.02356194,1.35000,prps,0,7806
42132,42.132,1,4004,54004,lowband_largesig_r01,prps,1471,21,0.173205,6,0,6,0.01570796,0.90000,prps,0,7810
42152,42.152,1,4004,54004,lowband_largesig_r01,prps,1485,35,0.294957,2,0,2,0.00523599,0.30000,prps,0,7814
42172,42.172,1,4004,54004,lowband_largesig_r01,prps,1497,47,0.396817,-4,0,-4,-0.01047198,-0.60000,prps,0,7818
42192,42.192,1,4004,54004,lowband_largesig_r01,prps,1506,56,0.469765,-12,0,-12,-0.03141592,-1.80000,prps,0,7822
42212,42.212,1,4004,54004,lowband_largesig_r01,prps,1511,61,0.509875,-21,0,-21,-0.05497787,-3.15000,prps,0,7826
42232,42.232,1,4004,54004,lowband_largesig_r01,prps,1512,62,0.518714,-29,0,-29,-0.07592182,-4.35000,prps,0,7830
42252,42.252,1,4004,54004,lowband_largesig_r01,prps,1510,60,0.502781,-35,0,-35,-0.09162979,-5.25000,prps,0,7834
42272,42.272,1,4004,54004,lowband_largesig_r01,prps,1506,56,0.472082,-39,0,-39,-0.10210176,-5.85000,prps,0,7838
42292,42.292,1,4004,54004,lowband_largesig_r01,prps,1502,52,0.438142,-39,0,-39,-0.10210176,-5.85000,prps,0,7842
42312,42.312,1,4004,54004,lowband_largesig_r01,prps,1499,49,0.411791,-38,0,-38,-0.09948376,-5.70000,prps,0,7846
42332,42.332,1,4004,54004,lowband_largesig_r01,prps,1498,48,0.401148,-38,0,-38,-0.09948376,-5.70000,prps,0,7850
42352,42.352,1,4004,54004,lowband_largesig_r01,prps,1499,49,0.410160,-37,0,-37,-0.09686577,-5.55000,prps,0,7854
42372,42.372,1,4004,54004,lowband_largesig_r01,prps,1502,52,0.437945,-36,0,-36,-0.09424778,-5.40000,prps,0,7858
42392,42.392,1,4004,54004,lowband_largesig_r01,prps,1507,57,0.479062,-36,0,-36,-0.09424778,-5.40000,prps,0,7862
42412,42.412,1,4004,54004,lowband_largesig_r01,prps,1512,62,0.524642,-36,0,-36,-0.09424778,-5.40000,prps,0,7866
42432,42.432,1,4004,54004,lowband_largesig_r01,prps,1517,67,0.564175,-37,0,-37,-0.09686577,-5.55000,prps,0,7870
42452,42.452,1,4004,54004,lowband_largesig_r01,prps,1520,70,0.587615,-37,0,-37,-0.09686577,-5.55000,prps,0,7874
42472,42.472,1,4004,54004,lowband_largesig_r01,prps,1520,70,0.587426,-39,0,-39,-0.10210176,-5.85000,prps,0,7878
42492,42.492,1,4004,54004,lowband_largesig_r01,prps,1517,67,0.560169,-41,0,-41,-0.10733775,-6.15000,prps,0,7882
42512,42.512,1,4004,54004,lowband_largesig_r01,prps,1510,60,0.507357,-43,0,-43,-0.11257374,-6.45000,prps,0,7886
42532,42.532,1,4004,54004,lowband_largesig_r01,prps,1502,52,0.435392,-43,0,-43,-0.11257374,-6.45000,prps,0,7890
42552,42.552,1,4004,54004,lowband_largesig_r01,prps,1492,42,0.354584,-42,0,-42,-0.10995574,-6.30000,prps,0,7894
42572,42.572,1,4004,54004,lowband_largesig_r01,prps,1483,33,0.277414,-40,0,-40,-0.10471976,-6.00000,prps,0,7898
42592,42.592,1,4004,54004,lowband_largesig_r01,prps,1476,26,0.216341,-37,0,-37,-0.09686577,-5.55000,prps,0,7902
42612,42.612,1,4004,54004,lowband_largesig_r01,prps,1472,22,0.181530,-32,0,-32,-0.08377580,-4.80000,prps,0,7906
42632,42.632,1,4004,54004,lowband_largesig_r01,prps,1471,21,0.178905,-27,0,-27,-0.07068583,-4.05000,prps,0,7910
42652,42.652,1,4004,54004,lowband_largesig_r01,prps,1475,25,0.208881,-23,0,-23,-0.06021386,-3.45000,prps,0,7914
42672,42.672,1,4004,54004,lowband_largesig_r01,prps,1482,32,0.266014,-21,0,-21,-0.05497787,-3.15000,prps,0,7918
42692,42.692,1,4004,54004,lowband_largesig_r01,prps,1490,40,0.339648,-21,0,-21,-0.05497787,-3.15000,prps,0,7922
42712,42.712,1,4004,54004,lowband_largesig_r01,prps,1499,49,0.415474,-22,0,-22,-0.05759586,-3.30000,prps,0,7926
42732,42.732,1,4004,54004,lowband_largesig_r01,prps,1507,57,0.477757,-24,0,-24,-0.06283185,-3.60000,prps,0,7930
42752,42.752,1,4004,54004,lowband_largesig_r01,prps,1511,61,0.511876,-28,0,-28,-0.07330382,-4.20000,prps,0,7934
42772,42.772,1,4004,54004,lowband_largesig_r01,prps,1510,60,0.506746,-31,0,-31,-0.08115781,-4.65000,prps,0,7938
42792,42.792,1,4004,54004,lowband_largesig_r01,prps,1504,54,0.456748,-34,0,-34,-0.08901179,-5.10000,prps,0,7942
42812,42.812,1,4004,54004,lowband_largesig_r01,prps,1493,43,0.362816,-36,0,-36,-0.09424778,-5.40000,prps,0,7946
42832,42.832,1,4004,54004,lowband_largesig_r01,prps,1478,28,0.232525,-35,0,-35,-0.09162979,-5.25000,prps,0,7950
42852,42.852,1,4004,54004,lowband_largesig_r01,prps,1459,9,0.079145,-33,0,-33,-0.08639380,-4.95000,prps,0,7954
42872,42.872,1,4004,54004,lowband_largesig_r01,prps,1440,-10,-0.080181,-28,0,-28,-0.07330382,-4.20000,prps,0,7958
42892,42.892,1,4004,54004,lowband_largesig_r01,prps,1423,-27,-0.226860,-21,0,-21,-0.05497787,-3.15000,prps,0,7962
42912,42.912,1,4004,54004,lowband_largesig_r01,prps,1409,-41,-0.343466,-11,0,-11,-0.02879793,-1.65000,prps,0,7966
42932,42.932,1,4004,54004,lowband_largesig_r01,prps,1400,-50,-0.416170,0,0,0,0.00000000,0.00000,prps,0,7970
42952,42.952,1,4004,54004,lowband_largesig_r01,prps,1398,-52,-0.436594,9,0,9,0.02356194,1.35000,prps,0,7974
42972,42.972,1,4004,54004,lowband_largesig_r01,prps,1402,-48,-0.402822,17,0,17,0.04450589,2.55000,prps,0,7978
42992,42.992,1,4004,54004,lowband_largesig_r01,prps,1412,-38,-0.319446,18,0,18,0.04712389,2.70000,prps,0,7982
43012,43.012,1,4004,54004,lowband_largesig_r01,prps,1427,-23,-0.196665,18,0,18,0.04712389,2.70000,prps,0,7986
43032,43.032,1,4004,54004,lowband_largesig_r01,prps,1444,-6,-0.048620,17,0,17,0.04450589,2.55000,prps,0,7990
43052,43.052,1,4004,54004,lowband_largesig_r01,prps,1463,13,0.108745,11,0,11,0.02879793,1.65000,prps,0,7994
43072,43.072,1,4004,54004,lowband_largesig_r01,prps,1481,31,0.259948,5,0,5,0.01308997,0.75000,prps,0,7998
61450,61.450,1,4004,54004,lowband_largesig_r01,prps,1497,47,0.391993,-5,0,-5,-0.01308997,-0.75000,prps,1,2
61470,61.470,1,4004,54004,lowband_largesig_r01,prps,1509,59,0.495869,-8,0,-8,-0.02094395,-1.20000,prps,1,6
61490,61.490,1,4004,54004,lowband_largesig_r01,prps,1518,68,0.567320,-17,0,-17,-0.04450589,-2.55000,prps,1,10
61510,61.510,1,4004,54004,lowband_largesig_r01,prps,1522,72,0.606829,-27,0,-27,-0.07068583,-4.05000,prps,1,14
61530,61.530,1,4004,54004,lowband_largesig_r01,prps,1524,74,0.618870,-36,0,-36,-0.09424778,-5.40000,prps,1,18
61550,61.550,1,4004,54004,lowband_largesig_r01,prps,1523,73,0.610642,-42,0,-42,-0.10995574,-6.30000,prps,1,22
61570,61.570,1,4004,54004,lowband_largesig_r01,prps,1520,70,0.590502,-45,0,-45,-0.11780972,-6.75000,prps,1,26
61590,61.590,1,4004,54004,lowband_largesig_r01,prps,1517,67,0.566430,-46,0,-46,-0.12042772,-6.90000,prps,1,30
61610,61.610,1,4004,54004,lowband_largesig_r01,prps,1515,65,0.544738,-46,0,-46,-0.12042772,-6.90000,prps,1,34
61630,61.630,1,4004,54004,lowband_largesig_r01,prps,1513,63,0.529256,-46,0,-46,-0.12042772,-6.90000,prps,1,38
61650,61.650,1,4004,54004,lowband_largesig_r01,prps,1512,62,0.521058,-45,0,-45,-0.11780972,-6.75000,prps,1,42
61670,61.670,1,4004,54004,lowband_largesig_r01,prps,1512,62,0.518721,-44,0,-44,-0.11519173,-6.60000,prps,1,46
61690,61.690,1,4004,54004,lowband_largesig_r01,prps,1512,62,0.519018,-43,0,-43,-0.11257374,-6.45000,prps,1,50
61710,61.710,1,4004,54004,lowband_largesig_r01,prps,1512,62,0.517837,-43,0,-43,-0.11257374,-6.45000,prps,1,54
61730,61.730,1,4004,54004,lowband_largesig_r01,prps,1511,61,0.511140,-42,0,-42,-0.10995574,-6.30000,prps,1,58
61750,61.750,1,4004,54004,lowband_largesig_r01,prps,1509,59,0.495758,-42,0,-42,-0.10995574,-6.30000,prps,1,62
61770,61.770,1,4004,54004,lowband_largesig_r01,prps,1506,56,0.469870,-42,0,-42,-0.10995574,-6.30000,prps,1,66
61790,61.790,1,4004,54004,lowband_largesig_r01,prps,1502,52,0.433118,-42,0,-42,-0.10995574,-6.30000,prps,1,70
61810,61.810,1,4004,54004,lowband_largesig_r01,prps,1496,46,0.386350,-41,0,-41,-0.10733775,-6.15000,prps,1,74
61830,61.830,1,4004,54004,lowband_largesig_r01,prps,1489,39,0.331126,-40,0,-40,-0.10471976,-6.00000,prps,1,78
61850,61.850,1,4004,54004,lowband_largesig_r01,prps,1482,32,0.269099,-38,0,-38,-0.09948376,-5.70000,prps,1,82
61870,61.870,1,4004,54004,lowband_largesig_r01,prps,1474,24,0.201468,-36,0,-36,-0.09424778,-5.40000,prps,1,86
61890,61.890,1,4004,54004,lowband_largesig_r01,prps,1465,15,0.128633,-32,0,-32,-0.08377580,-4.80000,prps,1,90
61910,61.910,1,4004,54004,lowband_largesig_r01,prps,1456,6,0.050161,-27,0,-27,-0.07068583,-4.05000,prps,1,94
61930,61.930,1,4004,54004,lowband_largesig_r01,prps,1446,-4,-0.034928,-23,0,-23,-0.06021386,-3.45000,prps,1,98
61950,61.950,1,4004,54004,lowband_largesig_r01,prps,1435,-15,-0.127602,-18,0,-18,-0.04712389,-2.70000,prps,1,102
61970,61.970,1,4004,54004,lowband_largesig_r01,prps,1423,-27,-0.228127,-11,0,-11,-0.02879793,-1.65000,prps,1,106
61990,61.990,1,4004,54004,lowband_largesig_r01,prps,1410,-40,-0.335395,-4,0,-4,-0.01047198,-0.60000,prps,1,110
62010,62.010,1,4004,54004,lowband_largesig_r01,prps,1397,-53,-0.446469,3,0,3,0.00785398,0.45000,prps,1,114
62030,62.030,1,4004,54004,lowband_largesig_r01,prps,1384,-66,-0.556465,9,0,9,0.02356194,1.35000,prps,1,118
62050,62.050,1,4004,54004,lowband_largesig_r01,prps,1372,-78,-0.658861,15,0,15,0.03926991,2.25000,prps,1,122
62070,62.070,1,4004,54004,lowband_largesig_r01,prps,1361,-89,-0.746221,20,0,20,0.05235988,3.00000,prps,1,126
62090,62.090,1,4004,54004,lowband_largesig_r01,prps,1353,-97,-0.811230,26,0,26,0.06806784,3.90000,prps,1,130
62110,62.110,1,4004,54004,lowband_largesig_r01,prps,1349,-101,-0.847869,33,0,33,0.08639380,4.95000,prps,1,134
62130,62.130,1,4004,54004,lowband_largesig_r01,prps,1349,-101,-0.852520,39,0,39,0.10210176,5.85000,prps,1,138
62150,62.150,1,4004,54004,lowband_largesig_r01,prps,1352,-98,-0.824757,45,0,45,0.11780972,6.75000,prps,1,142
62170,62.170,1,4004,54004,lowband_largesig_r01,prps,1359,-91,-0.767676,49,0,49,0.12828170,7.35000,prps,1,146
62190,62.190,1,4004,54004,lowband_largesig_r01,prps,1368,-82,-0.687628,50,0,50,0.13089970,7.50000,prps,1,150
62210,62.210,1,4004,54004,lowband_largesig_r01,prps,1379,-71,-0.593390,50,0,50,0.13089970,7.50000,prps,1,154
62230,62.230,1,4004,54004,lowband_largesig_r01,prps,1391,-59,-0.494866,48,0,48,0.12566370,7.20000,prps,1,158
62250,62.250,1,4004,54004,lowband_largesig_r01,prps,1402,-48,-0.401539,44,0,44,0.11519173,6.60000,prps,1,162
62270,62.270,1,4004,54004,lowband_largesig_r01,prps,1412,-38,-0.320930,38,0,38,0.09948376,5.70000,prps,1,166
62290,62.290,1,4004,54004,lowband_largesig_r01,prps,1419,-31,-0.257367,31,0,31,0.08115781,4.65000,prps,1,170
62310,62.310,1,4004,54004,lowband_largesig_r01,prps,1425,-25,-0.211284,24,0,24,0.06283185,3.60000,prps,1,174
62330,62.330,1,4004,54004,lowband_largesig_r01,prps,1429,-21,-0.179226,18,0,18,0.04712389,2.70000,prps,1,178
62350,62.350,1,4004,54004,lowband_largesig_r01,prps,1432,-18,-0.154586,12,0,12,0.03141592,1.80000,prps,1,182
62370,62.370,1,4004,54004,lowband_largesig_r01,prps,1435,-15,-0.128988,9,0,9,0.02356194,1.35000,prps,1,186
62390,62.390,1,4004,54004,lowband_largesig_r01,prps,1439,-11,-0.094077,7,0,7,0.01832596,1.05000,prps,1,190
62410,62.410,1,4004,54004,lowband_largesig_r01,prps,1445,-5,-0.043435,6,0,6,0.01570796,0.90000,prps,1,194
62430,62.430,1,4004,54004,lowband_largesig_r01,prps,1453,3,0.025755,6,0,6,0.01570796,0.90000,prps,1,198
62450,62.450,1,4004,54004,lowband_largesig_r01,prps,1463,13,0.111599,4,0,4,0.01047198,0.60000,prps,1,202
62470,62.470,1,4004,54004,lowband_largesig_r01,prps,1475,25,0.207184,1,0,1,0.00261799,0.15000,prps,1,206
62490,62.490,1,4004,54004,lowband_largesig_r01,prps,1486,36,0.301198,-2,0,-2,-0.00523599,-0.30000,prps,1,210
62510,62.510,1,4004,54004,lowband_largesig_r01,prps,1495,45,0.379411,-6,0,-6,-0.01570796,-0.90000,prps,1,214
62530,62.530,1,4004,54004,lowband_largesig_r01,prps,1501,51,0.426841,-12,0,-12,-0.03141592,-1.80000,prps,1,218
62550,62.550,1,4004,54004,lowband_largesig_r01,prps,1501,51,0.430262,-19,0,-19,-0.04974188,-2.85000,prps,1,222
62570,62.570,1,4004,54004,lowband_largesig_r01,prps,1495,45,0.380653,-25,0,-25,-0.06544985,-3.75000,prps,1,226
62590,62.590,1,4004,54004,lowband_largesig_r01,prps,1483,33,0.275171,-30,0,-30,-0.07853982,-4.50000,prps,1,230
62610,62.610,1,4004,54004,lowband_largesig_r01,prps,1464,14,0.118287,-31,0,-31,-0.08115781,-4.65000,prps,1,234
62630,62.630,1,4004,54004,lowband_largesig_r01,prps,1441,-9,-0.078148,-28,0,-28,-0.07330382,-4.20000,prps,1,238
62650,62.650,1,4004,54004,lowband_largesig_r01,prps,1415,-35,-0.295977,-22,0,-22,-0.05759586,-3.30000,prps,1,242
62670,62.670,1,4004,54004,lowband_largesig_r01,prps,1389,-61,-0.512850,-13,0,-13,-0.03403392,-1.95000,prps,1,246
62690,62.690,1,4004,54004,lowband_largesig_r01,prps,1366,-84,-0.705067,0,0,0,0.00000000,0.00000,prps,1,250
62710,62.710,1,4004,54004,lowband_largesig_r01,prps,1349,-101,-0.850762,14,0,14,0.03665191,2.10000,prps,1,254
62730,62.730,1,4004,54004,lowband_largesig_r01,prps,1339,-111,-0.932933,27,0,27,0.07068583,4.05000,prps,1,258
62750,62.750,1,4004,54004,lowband_largesig_r01,prps,1338,-112,-0.941865,39,0,39,0.10210176,5.85000,prps,1,262
62770,62.770,1,4004,54004,lowband_largesig_r01,prps,1346,-104,-0.876553,50,0,50,0.13089970,7.50000,prps,1,266
62790,62.790,1,4004,54004,lowband_largesig_r01,prps,1361,-89,-0.744909,56,0,56,0.14660765,8.40000,prps,1,270
62810,62.810,1,4004,54004,lowband_largesig_r01,prps,1383,-67,-0.562710,55,0,55,0.14398966,8.25000,prps,1,274
62830,62.830,1,4004,54004,lowband_largesig_r01,prps,1408,-42,-0.351430,52,0,52,0.13613568,7.80000,prps,1,278
62850,62.850,1,4004,54004,lowband_largesig_r01,prps,1434,-16,-0.135302,44,0,44,0.11519173,6.60000,prps,1,282
62870,62.870,1,4004,54004,lowband_largesig_r01,prps,1457,7,0.061952,33,0,33,0.08639380,4.95000,prps,1,286
62890,62.890,1,4004,54004,lowband_largesig_r01,prps,1476,26,0.220238,19,0,19,0.04974188,2.85000,prps,1,290
62910,62.910,1,4004,54004,lowband_largesig_r01,prps,1489,39,0.325568,5,0,5,0.01308997,0.75000,prps,1,294
62930,62.930,1,4004,54004,lowband_largesig_r01,prps,1494,44,0.371571,-8,0,-8,-0.02094395,-1.20000,prps,1,298
62950,62.950,1,4004,54004,lowband_largesig_r01,prps,1493,43,0.359818,-19,0,-19,-0.04974188,-2.85000,prps,1,302
62970,62.970,1,4004,54004,lowband_largesig_r01,prps,1486,36,0.298972,-25,0,-25,-0.06544985,-3.75000,prps,1,306
62990,62.990,1,4004,54004,lowband_largesig_r01,prps,1474,24,0.202942,-27,0,-27,-0.07068583,-4.05000,prps,1,310
63010,63.010,1,4004,54004,lowband_largesig_r01,prps,1461,11,0.088372,-26,0,-26,-0.06806784,-3.90000,prps,1,314
63030,63.030,1,4004,54004,lowband_largesig_r01,prps,1447,-3,-0.028098,-25,0,-25,-0.06544985,-3.75000,prps,1,318
63050,63.050,1,4004,54004,lowband_largesig_r01,prps,1434,-16,-0.132348,-20,0,-20,-0.05235988,-3.00000,prps,1,322
63070,63.070,1,4004,54004,lowband_largesig_r01,prps,1424,-26,-0.214681,-13,0,-13,-0.03403392,-1.95000,prps,1,326
63090,63.090,1,4004,54004,lowband_largesig_r01,prps,1418,-32,-0.270824,-6,0,-6,-0.01570796,-0.90000,prps,1,330
63110,63.110,1,4004,54004,lowband_largesig_r01,prps,1414,-36,-0.301925,2,0,2,0.00523599,0.30000,prps,1,334
63130,63.130,1,4004,54004,lowband_largesig_r01,prps,1413,-37,-0.313598,8,0,8,0.02094395,1.20000,prps,1,338
63150,63.150,1,4004,54004,lowband_largesig_r01,prps,1413,-37,-0.314246,12,0,12,0.03141592,1.80000,prps,1,342
63170,63.170,1,4004,54004,lowband_largesig_r01,prps,1413,-37,-0.312996,14,0,14,0.03665191,2.10000,prps,1,346
63190,63.190,1,4004,54004,lowband_largesig_r01,prps,1412,-38,-0.317647,15,0,15,0.03926991,2.25000,prps,1,350
63210,63.210,1,4004,54004,lowband_largesig_r01,prps,1410,-40,-0.333001,15,0,15,0.03926991,2.25000,prps,1,354
63230,63.230,1,4004,54004,lowband_largesig_r01,prps,1407,-43,-0.359884,15,0,15,0.03926991,2.25000,prps,1,358
63250,63.250,1,4004,54004,lowband_largesig_r01,prps,1403,-47,-0.395006,16,0,16,0.04188790,2.40000,prps,1,362
63270,63.270,1,4004,54004,lowband_largesig_r01,prps,1399,-51,-0.431677,17,0,17,0.04450589,2.55000,prps,1,366
63290,63.290,1,4004,54004,lowband_largesig_r01,prps,1395,-55,-0.461212,17,0,17,0.04450589,2.55000,prps,1,370
63310,63.310,1,4004,54004,lowband_largesig_r01,prps,1394,-56,-0.474758,17,0,17,0.04450589,2.55000,prps,1,374
63330,63.330,1,4004,54004,lowband_largesig_r01,prps,1395,-55,-0.465182,18,0,18,0.04712389,2.70000,prps,1,378
63350,63.350,1,4004,54004,lowband_largesig_r01,prps,1399,-51,-0.428659,19,0,19,0.04974188,2.85000,prps,1,382
63370,63.370,1,4004,54004,lowband_largesig_r01,prps,1406,-44,-0.365665,20,0,20,0.05235988,3.00000,prps,1,386
63390,63.390,1,4004,54004,lowband_largesig_r01,prps,1417,-33,-0.281172,20,0,20,0.05235988,3.00000,prps,1,390
63410,63.410,1,4004,54004,lowband_largesig_r01,prps,1428,-22,-0.184003,20,0,20,0.05235988,3.00000,prps,1,394
63430,63.430,1,4004,54004,lowband_largesig_r01,prps,1440,-10,-0.085456,19,0,19,0.04974188,2.85000,prps,1,398
63450,63.450,1,4004,54004,lowband_largesig_r01,prps,1450,0,0.002568,14,0,14,0.03665191,2.10000,prps,1,402
63470,63.470,1,4004,54004,lowband_largesig_r01,prps,1458,8,0.069589,9,0,9,0.02356194,1.35000,prps,1,406
63490,63.490,1,4004,54004,lowband_largesig_r01,prps,1463,13,0.108379,3,0,3,0.00785398,0.45000,prps,1,410
63510,63.510,1,4004,54004,lowband_largesig_r01,prps,1464,14,0.116255,-1,0,-1,-0.00261799,-0.15000,prps,1,414
63530,63.530,1,4004,54004,lowband_largesig_r01,prps,1461,11,0.095620,-4,0,-4,-0.01047198,-0.60000,prps,1,418
63550,63.550,1,4004,54004,lowband_largesig_r01,prps,1456,6,0.053617,-6,0,-6,-0.01570796,-0.90000,prps,1,422
63570,63.570,1,4004,54004,lowband_largesig_r01,prps,1450,0,0.000988,-7,0,-7,-0.01832596,-1.05000,prps,1,426
63590,63.590,1,4004,54004,lowband_largesig_r01,prps,1444,-6,-0.049708,-6,0,-6,-0.01570796,-0.90000,prps,1,430
63610,63.610,1,4004,54004,lowband_largesig_r01,prps,1440,-10,-0.086188,-6,0,-6,-0.01570796,-0.90000,prps,1,434
63630,63.630,1,4004,54004,lowband_largesig_r01,prps,1438,-12,-0.098505,-4,0,-4,-0.01047198,-0.60000,prps,1,438
63650,63.650,1,4004,54004,lowband_largesig_r01,prps,1440,-10,-0.080719,-3,0,-3,-0.00785398,-0.45000,prps,1,442
63670,63.670,1,4004,54004,lowband_largesig_r01,prps,1446,-4,-0.031902,-1,0,-1,-0.00261799,-0.15000,prps,1,446
63690,63.690,1,4004,54004,lowband_largesig_r01,prps,1455,5,0.043706,-1,0,-1,-0.00261799,-0.15000,prps,1,450
63710,63.710,1,4004,54004,lowband_largesig_r01,prps,1466,16,0.137395,-1,0,-1,-0.00261799,-0.15000,prps,1,454
63730,63.730,1,4004,54004,lowband_largesig_r01,prps,1478,28,0.237428,-1,0,-1,-0.00261799,-0.15000,prps,1,458
63750,63.750,1,4004,54004,lowband_largesig_r01,prps,1489,39,0.330972,-3,0,-3,-0.00785398,-0.45000,prps,1,462
63770,63.770,1,4004,54004,lowband_largesig_r01,prps,1498,48,0.406201,-8,0,-8,-0.02094395,-1.20000,prps,1,466
63790,63.790,1,4004,54004,lowband_largesig_r01,prps,1504,54,0.454204,-15,0,-15,-0.03926991,-2.25000,prps,1,470
63810,63.810,1,4004,54004,lowband_largesig_r01,prps,1506,56,0.470394,-23,0,-23,-0.06021386,-3.45000,prps,1,474
63830,63.830,1,4004,54004,lowband_largesig_r01,prps,1504,54,0.455203,-29,0,-29,-0.07592182,-4.35000,prps,1,478
63867,63.867,1,4004,54004,lowband_largesig_r01,prps,1499,49,0.413933,-33,0,-33,-0.08639380,-4.95000,prps,1,482
63887,63.887,1,4004,54004,lowband_largesig_r01,prps,1492,42,0.355844,-34,0,-34,-0.08901179,-5.10000,prps,1,486
63907,63.907,1,4004,54004,lowband_largesig_r01,prps,1485,35,0.292612,-33,0,-33,-0.08639380,-4.95000,prps,1,490
63927,63.927,1,4004,54004,lowband_largesig_r01,prps,1478,28,0.236451,-32,0,-32,-0.08377580,-4.80000,prps,1,494
63947,63.947,1,4004,54004,lowband_largesig_r01,prps,1474,24,0.198204,-29,0,-29,-0.07592182,-4.35000,prps,1,498
63967,63.967,1,4004,54004,lowband_largesig_r01,prps,1472,22,0.185708,-27,0,-27,-0.07068583,-4.05000,prps,1,502
63987,63.987,1,4004,54004,lowband_largesig_r01,prps,1474,24,0.202692,-25,0,-25,-0.06544985,-3.75000,prps,1,506
64007,64.007,1,4004,54004,lowband_largesig_r01,prps,1480,30,0.248359,-24,0,-24,-0.06283185,-3.60000,prps,1,510
64027,64.027,1,4004,54004,lowband_largesig_r01,prps,1488,38,0.317677,-24,0,-24,-0.06283185,-3.60000,prps,1,514
64047,64.047,1,4004,54004,lowband_largesig_r01,prps,1498,48,0.402306,-24,0,-24,-0.06283185,-3.60000,prps,1,518
64067,64.067,1,4004,54004,lowband_largesig_r01,prps,1509,59,0.491951,-24,0,-24,-0.06283185,-3.60000,prps,1,522
64087,64.087,1,4004,54004,lowband_largesig_r01,prps,1519,69,0.575918,-26,0,-26,-0.06806784,-3.90000,prps,1,526
64107,64.107,1,4004,54004,lowband_largesig_r01,prps,1527,77,0.644588,-31,0,-31,-0.08115781,-4.65000,prps,1,530
64127,64.127,1,4004,54004,lowband_largesig_r01,prps,1532,82,0.690595,-36,0,-36,-0.09424778,-5.40000,prps,1,534
64147,64.147,1,4004,54004,lowband_largesig_r01,prps,1534,84,0.709541,-42,0,-42,-0.10995574,-6.30000,prps,1,538
64167,64.167,1,4004,54004,lowband_largesig_r01,prps,1533,83,0.700180,-46,0,-46,-0.12042772,-6.90000,prps,1,542
64187,64.187,1,4004,54004,lowband_largesig_r01,prps,1529,79,0.664119,-49,0,-49,-0.12828170,-7.35000,prps,1,546
64207,64.207,1,4004,54004,lowband_largesig_r01,prps,1522,72,0.605138,-50,0,-50,-0.13089970,-7.50000,prps,1,550
64227,64.227,1,4004,54004,lowband_largesig_r01,prps,1513,63,0.528322,-50,0,-50,-0.13089970,-7.50000,prps,1,554
64247,64.247,1,4004,54004,lowband_largesig_r01,prps,1502,52,0.439191,-49,0,-49,-0.12828170,-7.35000,prps,1,558
64267,64.267,1,4004,54004,lowband_largesig_r01,prps,1491,41,0.342991,-47,0,-47,-0.12304571,-7.05000,prps,1,562
64287,64.287,1,4004,54004,lowband_largesig_r01,prps,1479,29,0.244278,-43,0,-43,-0.11257374,-6.45000,prps,1,566
64307,64.307,1,4004,54004,lowband_largesig_r01,prps,1467,17,0.146818,-38,0,-38,-0.09948376,-5.70000,prps,1,570
64327,64.327,1,4004,54004,lowband_largesig_r01,prps,1456,6,0.053761,-31,0,-31,-0.08115781,-4.65000,prps,1,574
64347,64.347,1,4004,54004,lowband_largesig_r01,prps,1446,-4,-0.032003,-24,0,-24,-0.06283185,-3.60000,prps,1,578
64367,64.367,1,4004,54004,lowband_largesig_r01,prps,1437,-13,-0.107484,-17,0,-17,-0.04450589,-2.55000,prps,1,582
64387,64.387,1,4004,54004,lowband_largesig_r01,prps,1430,-20,-0.169342,-11,0,-11,-0.02879793,-1.65000,prps,1,586
64407,64.407,1,4004,54004,lowband_largesig_r01,prps,1425,-25,-0.213905,-4,0,-4,-0.01047198,-0.60000,prps,1,590
64427,64.427,1,4004,54004,lowband_largesig_r01,prps,1422,-28,-0.237466,1,0,1,0.00261799,0.15000,prps,1,594
64447,64.447,1,4004,54004,lowband_largesig_r01,prps,1422,-28,-0.236880,6,0,6,0.01570796,0.90000,prps,1,598
64467,64.467,1,4004,54004,lowband_largesig_r01,prps,1425,-25,-0.210317,7,0,7,0.01832596,1.05000,prps,1,602
64487,64.487,1,4004,54004,lowband_largesig_r01,prps,1431,-19,-0.158039,8,0,8,0.02094395,1.20000,prps,1,606
64507,64.507,1,4004,54004,lowband_largesig_r01,prps,1440,-10,-0.082997,8,0,8,0.02094395,1.20000,prps,1,610
64527,64.527,1,4004,54004,lowband_largesig_r01,prps,1451,1,0.008937,7,0,7,0.01832596,1.05000,prps,1,614
64547,64.547,1,4004,54004,lowband_largesig_r01,prps,1463,13,0.109206,5,0,5,0.01308997,0.75000,prps,1,618
64567,64.567,1,4004,54004,lowband_largesig_r01,prps,1475,25,0.207338,1,0,1,0.00261799,0.15000,prps,1,622
64587,64.587,1,4004,54004,lowband_largesig_r01,prps,1485,35,0.292174,-3,0,-3,-0.00785398,-0.45000,prps,1,626
64607,64.607,1,4004,54004,lowband_largesig_r01,prps,1492,42,0.353405,-8,0,-8,-0.02094395,-1.20000,prps,1,630
64627,64.627,1,4004,54004,lowband_largesig_r01,prps,1496,46,0.383161,-14,0,-14,-0.03665191,-2.10000,prps,1,634
64647,64.647,1,4004,54004,lowband_largesig_r01,prps,1495,45,0.377411,-20,0,-20,-0.05235988,-3.00000,prps,1,638
64667,64.667,1,4004,54004,lowband_largesig_r01,prps,1490,40,0.336873,-25,0,-25,-0.06544985,-3.75000,prps,1,642
64687,64.687,1,4004,54004,lowband_largesig_r01,prps,1482,32,0.267251,-29,0,-29,-0.07592182,-4.35000,prps,1,646
64707,64.707,1,4004,54004,lowband_largesig_r01,prps,1471,21,0.178700,-29,0,-29,-0.07592182,-4.35000,prps,1,650
64727,64.727,1,4004,54004,lowband_largesig_r01,prps,1460,10,0.084532,-27,0,-27,-0.07068583,-4.05000,prps,1,654
64747,64.747,1,4004,54004,lowband_largesig_r01,prps,1450,0,-0.000662,-24,0,-24,-0.06283185,-3.60000,prps,1,658
64767,64.767,1,4004,54004,lowband_largesig_r01,prps,1442,-8,-0.063212,-19,0,-19,-0.04974188,-2.85000,prps,1,662
64787,64.787,1,4004,54004,lowband_largesig_r01,prps,1439,-11,-0.092539,-14,0,-14,-0.03665191,-2.10000,prps,1,666
64807,64.807,1,4004,54004,lowband_largesig_r01,prps,1440,-10,-0.082942,-8,0,-8,-0.02094395,-1.20000,prps,1,670
64827,64.827,1,4004,54004,lowband_largesig_r01,prps,1446,-4,-0.034685,-4,0,-4,-0.01047198,-0.60000,prps,1,674
64847,64.847,1,4004,54004,lowband_largesig_r01,prps,1455,5,0.045823,-2,0,-2,-0.00523599,-0.30000,prps,1,678
64867,64.867,1,4004,54004,lowband_largesig_r01,prps,1467,17,0.146820,-2,0,-2,-0.00523599,-0.30000,prps,1,682
64887,64.887,1,4004,54004,lowband_largesig_r01,prps,1480,30,0.252870,-3,0,-3,-0.00785398,-0.45000,prps,1,686
64907,64.907,1,4004,54004,lowband_largesig_r01,prps,1491,41,0.347177,-5,0,-5,-0.01308997,-0.75000,prps,1,690
64927,64.927,1,4004,54004,lowband_largesig_r01,prps,1499,49,0.414173,-11,0,-11,-0.02879793,-1.65000,prps,1,694
64947,64.947,1,4004,54004,lowband_largesig_r01,prps,1503,53,0.441982,-18,0,-18,-0.04712389,-2.70000,prps,1,698
64967,64.967,1,4004,54004,lowband_largesig_r01,prps,1500,50,0.424329,-25,0,-25,-0.06544985,-3.75000,prps,1,702
64987,64.987,1,4004,54004,lowband_largesig_r01,prps,1493,43,0.361596,-30,0,-30,-0.07853982,-4.50000,prps,1,706
65007,65.007,1,4004,54004,lowband_largesig_r01,prps,1481,31,0.260814,-31,0,-31,-0.08115781,-4.65000,prps,1,710
65027,65.027,1,4004,54004,lowband_largesig_r01,prps,1466,16,0.134590,-31,0,-31,-0.08115781,-4.65000,prps,1,714
65047,65.047,1,4004,54004,lowband_largesig_r01,prps,1450,0,-0.000880,-28,0,-28,-0.07330382,-4.20000,prps,1,718
65067,65.067,1,4004,54004,lowband_largesig_r01,prps,1435,-15,-0.128397,-23,0,-23,-0.06021386,-3.45000,prps,1,722
65087,65.087,1,4004,54004,lowband_largesig_r01,prps,1422,-28,-0.232516,-15,0,-15,-0.03926991,-2.25000,prps,1,726
65107,65.107,1,4004,54004,lowband_largesig_r01,prps,1414,-36,-0.302034,-6,0,-6,-0.01570796,-0.90000,prps,1,730
65127,65.127,1,4004,54004,lowband_largesig_r01,prps,1411,-39,-0.331783,3,0,3,0.00785398,0.45000,prps,1,734
65147,65.147,1,4004,54004,lowband_largesig_r01,prps,1412,-38,-0.323430,10,0,10,0.02617994,1.50000,prps,1,738
65167,65.167,1,4004,54004,lowband_largesig_r01,prps,1416,-34,-0.285139,13,0,13,0.03403392,1.95000,prps,1,742
65187,65.187,1,4004,54004,lowband_largesig_r01,prps,1423,-27,-0.230151,13,0,13,0.03403392,1.95000,prps,1,746
65207,65.207,1,4004,54004,lowband_largesig_r01,prps,1429,-21,-0.174497,13,0,13,0.03403392,1.95000,prps,1,750
65227,65.227,1,4004,54004,lowband_largesig_r01,prps,1434,-16,-0.134233,13,0,13,0.03403392,1.95000,prps,1,754
65247,65.247,1,4004,54004,lowband_largesig_r01,prps,1435,-15,-0.122642,12,0,12,0.03141592,1.80000,prps,1,758
65267,65.267,1,4004,54004,lowband_largesig_r01,prps,1432,-18,-0.147879,11,0,11,0.02879793,1.65000,prps,1,762
65287,65.287,1,4004,54004,lowband_largesig_r01,prps,1425,-25,-0.211457,9,0,9,0.02356194,1.35000,prps,1,766
65307,65.307,1,4004,54004,lowband_largesig_r01,prps,1413,-37,-0.307820,7,0,7,0.01832596,1.05000,prps,1,770
65327,65.327,1,4004,54004,lowband_largesig_r01,prps,1399,-51,-0.425095,8,0,8,0.02094395,1.20000,prps,1,774
65347,65.347,1,4004,54004,lowband_largesig_r01,prps,1385,-65,-0.546906,11,0,11,0.02879793,1.65000,prps,1,778
65367,65.367,1,4004,54004,lowband_largesig_r01,prps,1372,-78,-0.654951,16,0,16,0.04188790,2.40000,prps,1,782
65387,65.387,1,4004,54004,lowband_largesig_r01,prps,1363,-87,-0.731933,21,0,21,0.05497787,3.15000,prps,1,786
65407,65.407,1,4004,54004,lowband_largesig_r01,prps,1359,-91,-0.764358,27,0,27,0.07068583,4.05000,prps,1,790
65427,65.427,1,4004,54004,lowband_largesig_r01,prps,1361,-89,-0.744758,33,0,33,0.08639380,4.95000,prps,1,794
65447,65.447,1,4004,54004,lowband_largesig_r01,prps,1370,-80,-0.672967,38,0,38,0.09948376,5.70000,prps,1,798
65467,65.467,1,4004,54004,lowband_largesig_r01,prps,1384,-66,-0.556248,41,0,41,0.10733775,6.15000,prps,1,802
65487,65.487,1,4004,54004,lowband_largesig_r01,prps,1401,-49,-0.408265,41,0,41,0.10733775,6.15000,prps,1,806
65507,65.507,1,4004,54004,lowband_largesig_r01,prps,1421,-29,-0.247050,39,0,39,0.10210176,5.85000,prps,1,810
65527,65.527,1,4004,54004,lowband_largesig_r01,prps,1439,-11,-0.092327,31,0,31,0.08115781,4.65000,prps,1,814
65547,65.547,1,4004,54004,lowband_largesig_r01,prps,1454,4,0.037409,21,0,21,0.05497787,3.15000,prps,1,818
65567,65.567,1,4004,54004,lowband_largesig_r01,prps,1465,15,0.127564,10,0,10,0.02617994,1.50000,prps,1,822
65587,65.587,1,4004,54004,lowband_largesig_r01,prps,1470,20,0.169468,0,0,0,0.00000000,0.00000,prps,1,826
65607,65.607,1,4004,54004,lowband_largesig_r01,prps,1469,19,0.161448,-6,0,-6,-0.01570796,-0.90000,prps,1,830
65627,65.627,1,4004,54004,lowband_largesig_r01,prps,1463,13,0.108799,-11,0,-11,-0.02879793,-1.65000,prps,1,834
65647,65.647,1,4004,54004,lowband_largesig_r01,prps,1453,3,0.022703,-12,0,-12,-0.03141592,-1.80000,prps,1,838
65667,65.667,1,4004,54004,lowband_largesig_r01,prps,1440,-10,-0.081706,-12,0,-12,-0.03141592,-1.80000,prps,1,842
65687,65.687,1,4004,54004,lowband_largesig_r01,prps,1428,-22,-0.187773,-10,0,-10,-0.02617994,-1.50000,prps,1,846
65707,65.707,1,4004,54004,lowband_largesig_r01,prps,1417,-33,-0.279864,-5,0,-5,-0.01308997,-0.75000,prps,1,850
65727,65.727,1,4004,54004,lowband_largesig_r01,prps,1409,-41,-0.345588,1,0,1,0.00261799,0.15000,prps,1,854
65747,65.747,1,4004,54004,lowband_largesig_r01,prps,1405,-45,-0.377376,7,0,7,0.01832596,1.05000,prps,1,858
65767,65.767,1,4004,54004,lowband_largesig_r01,prps,1406,-44,-0.373189,11,0,11,0.02879793,1.65000,prps,1,862
65787,65.787,1,4004,54004,lowband_largesig_r01,prps,1410,-40,-0.336300,15,0,15,0.03926991,2.25000,prps,1,866
65807,65.807,1,4004,54004,lowband_largesig_r01,prps,1417,-33,-0.274240,15,0,15,0.03926991,2.25000,prps,1,870
65827,65.827,1,4004,54004,lowband_largesig_r01,prps,1427,-23,-0.197148,15,0,15,0.03926991,2.25000,prps,1,874
65847,65.847,1,4004,54004,lowband_largesig_r01,prps,1436,-14,-0.115850,14,0,14,0.03665191,2.10000,prps,1,878
65867,65.867,1,4004,54004,lowband_largesig_r01,prps,1445,-5,-0.040002,12,0,12,0.03141592,1.80000,prps,1,882
65887,65.887,1,4004,54004,lowband_largesig_r01,prps,1453,3,0.023352,9,0,9,0.02356194,1.35000,prps,1,886
65907,65.907,1,4004,54004,lowband_largesig_r01,prps,1458,8,0.070617,5,0,5,0.01308997,0.75000,prps,1,890
65927,65.927,1,4004,54004,lowband_largesig_r01,prps,1462,12,0.101737,2,0,2,0.00523599,0.30000,prps,1,894
65947,65.947,1,4004,54004,lowband_largesig_r01,prps,1464,14,0.119601,-1,0,-1,-0.00261799,-0.15000,prps,1,898
65967,65.967,1,4004,54004,lowband_largesig_r01,prps,1465,15,0.128913,-3,0,-3,-0.00785398,-0.45000,prps,1,902
65987,65.987,1,4004,54004,lowband_largesig_r01,prps,1466,16,0.134787,-6,0,-6,-0.01570796,-0.90000,prps,1,906
66007,66.007,1,4004,54004,lowband_largesig_r01,prps,1467,17,0.141370,-8,0,-8,-0.02094395,-1.20000,prps,1,910
66027,66.027,1,4004,54004,lowband_largesig_r01,prps,1468,18,0.150758,-10,0,-10,-0.02617994,-1.50000,prps,1,914
66047,66.047,1,4004,54004,lowband_largesig_r01,prps,1469,19,0.162449,-11,0,-11,-0.02879793,-1.65000,prps,1,918
66067,66.067,1,4004,54004,lowband_largesig_r01,prps,1471,21,0.173407,-11,0,-11,-0.02879793,-1.65000,prps,1,922
66087,66.087,1,4004,54004,lowband_largesig_r01,prps,1471,21,0.178742,-12,0,-12,-0.03141592,-1.80000,prps,1,926
66107,66.107,1,4004,54004,lowband_largesig_r01,prps,1471,21,0.172854,-13,0,-13,-0.03403392,-1.95000,prps,1,930
66127,66.127,1,4004,54004,lowband_largesig_r01,prps,1468,18,0.150823,-13,0,-13,-0.03403392,-1.95000,prps,1,934
66147,66.147,1,4004,54004,lowband_largesig_r01,prps,1463,13,0.109737,-13,0,-13,-0.03403392,-1.95000,prps,1,938
66167,66.167,1,4004,54004,lowband_largesig_r01,prps,1456,6,0.049724,-13,0,-13,-0.03403392,-1.95000,prps,1,942
66187,66.187,1,4004,54004,lowband_largesig_r01,prps,1447,-3,-0.025571,-13,0,-13,-0.03403392,-1.95000,prps,1,946
66207,66.207,1,4004,54004,lowband_largesig_r01,prps,1437,-13,-0.109158,-11,0,-11,-0.02879793,-1.65000,prps,1,950
66227,66.227,1,4004,54004,lowband_largesig_r01,prps,1427,-23,-0.191522,-9,0,-9,-0.02356194,-1.35000,prps,1,954
66247,66.247,1,4004,54004,lowband_largesig_r01,prps,1419,-31,-0.261979,-3,0,-3,-0.00785398,-0.45000,prps,1,958
66267,66.267,1,4004,54004,lowband_largesig_r01,prps,1413,-37,-0.310339,2,0,2,0.00523599,0.30000,prps,1,962
66287,66.287,1,4004,54004,lowband_largesig_r01,prps,1411,-39,-0.328583,6,0,6,0.01570796,0.90000,prps,1,966
66307,66.307,1,4004,54004,lowband_largesig_r01,prps,1413,-37,-0.312276,10,0,10,0.02617994,1.50000,prps,1,970
66327,66.327,1,4004,54004,lowband_largesig_r01,prps,1419,-31,-0.261453,13,0,13,0.03403392,1.95000,prps,1,974
66347,66.347,1,4004,54004,lowband_largesig_r01,prps,1428,-22,-0.180829,15,0,15,0.03926991,2.25000,prps,1,978
66367,66.367,1,4004,54004,lowband_largesig_r01,prps,1441,-9,-0.079271,14,0,14,0.03665191,2.10000,prps,1,982
66387,66.387,1,4004,54004,lowband_largesig_r01,prps,1454,4,0.031370,12,0,12,0.03141592,1.80000,prps,1,986
66407,66.407,1,4004,54004,lowband_largesig_r01,prps,1466,16,0.137904,8,0,8,0.02094395,1.20000,prps,1,990
66427,66.427,1,4004,54004,lowband_largesig_r01,prps,1477,27,0.227633,3,0,3,0.00785398,0.45000,prps,1,994
66447,66.447,1,4004,54004,lowband_largesig_r01,prps,1485,35,0.290099,-3,0,-3,-0.00785398,-0.45000,prps,1,998
66467,66.467,1,4004,54004,lowband_largesig_r01,prps,1488,38,0.318460,-8,0,-8,-0.02094395,-1.20000,prps,1,1002
66487,66.487,1,4004,54004,lowband_largesig_r01,prps,1487,37,0.310297,-14,0,-14,-0.03665191,-2.10000,prps,1,1006
66507,66.507,1,4004,54004,lowband_largesig_r01,prps,1482,32,0.267750,-19,0,-19,-0.04974188,-2.85000,prps,1,1010
66527,66.527,1,4004,54004,lowband_largesig_r01,prps,1473,23,0.196988,-22,0,-22,-0.05759586,-3.30000,prps,1,1014
66547,66.547,1,4004,54004,lowband_largesig_r01,prps,1463,13,0.107139,-23,0,-23,-0.06021386,-3.45000,prps,1,1018
66567,66.567,1,4004,54004,lowband_largesig_r01,prps,1451,1,0.008880,-22,0,-22,-0.05759586,-3.30000,prps,1,1022
66587,66.587,1,4004,54004,lowband_largesig_r01,prps,1440,-10,-0.087059,-19,0,-19,-0.04974188,-2.85000,prps,1,1026
66607,66.607,1,4004,54004,lowband_largesig_r01,prps,1430,-20,-0.171236,-14,0,-14,-0.03665191,-2.10000,prps,1,1030
66627,66.627,1,4004,54004,lowband_largesig_r01,prps,1422,-28,-0.236478,-8,0,-8,-0.02094395,-1.20000,prps,1,1034
66647,66.647,1,4004,54004,lowband_largesig_r01,prps,1417,-33,-0.278388,-1,0,-1,-0.00261799,-0.15000,prps,1,1038
66667,66.667,1,4004,54004,lowband_largesig_r01,prps,1415,-35,-0.295343,5,0,5,0.01308997,0.75000,prps,1,1042
66687,66.687,1,4004,54004,lowband_largesig_r01,prps,1416,-34,-0.288063,9,0,9,0.02356194,1.35000,prps,1,1046
66707,66.707,1,4004,54004,lowband_largesig_r01,prps,1419,-31,-0.258900,12,0,12,0.03141592,1.80000,prps,1,1050
66727,66.727,1,4004,54004,lowband_largesig_r01,prps,1425,-25,-0.211027,12,0,12,0.03141592,1.80000,prps,1,1054
66747,66.747,1,4004,54004,lowband_largesig_r01,prps,1432,-18,-0.147729,12,0,12,0.03141592,1.80000,prps,1,1058
66767,66.767,1,4004,54004,lowband_largesig_r01,prps,1441,-9,-0.071939,12,0,12,0.03141592,1.80000,prps,1,1062
66787,66.787,1,4004,54004,lowband_largesig_r01,prps,1452,2,0.013895,10,0,10,0.02617994,1.50000,prps,1,1066
66807,66.807,1,4004,54004,lowband_largesig_r01,prps,1463,13,0.107606,6,0,6,0.01570796,0.90000,prps,1,1070
66827,66.827,1,4004,54004,lowband_largesig_r01,prps,1475,25,0.206869,1,0,1,0.00261799,0.15000,prps,1,1074
66847,66.847,1,4004,54004,lowband_largesig_r01,prps,1487,37,0.308658,-3,0,-3,-0.00785398,-0.45000,prps,1,1078
66867,66.867,1,4004,54004,lowband_largesig_r01,prps,1499,49,0.408793,-8,0,-8,-0.02094395,-1.20000,prps,1,1082
66887,66.887,1,4004,54004,lowband_largesig_r01,prps,1510,60,0.501736,-15,0,-15,-0.03926991,-2.25000,prps,1,1086
66907,66.907,1,4004,54004,lowband_largesig_r01,prps,1519,69,0.580746,-23,0,-23,-0.06021386,-3.45000,prps,1,1090
66927,66.927,1,4004,54004,lowband_largesig_r01,prps,1526,76,0.638458,-31,0,-31,-0.08115781,-4.65000,prps,1,1094
66947,66.947,1,4004,54004,lowband_largesig_r01,prps,1529,79,0.667806,-37,0,-37,-0.09686577,-5.55000,prps,1,1098
66967,66.967,1,4004,54004,lowband_largesig_r01,prps,1529,79,0.663155,-43,0,-43,-0.11257374,-6.45000,prps,1,1102
66987,66.987,1,4004,54004,lowband_largesig_r01,prps,1524,74,0.621443,-47,0,-47,-0.12304571,-7.05000,prps,1,1106
67007,67.007,1,4004,54004,lowband_largesig_r01,prps,1515,65,0.543087,-47,0,-47,-0.12304571,-7.05000,prps,1,1110
67027,67.027,1,4004,54004,lowband_largesig_r01,prps,1501,51,0.432445,-47,0,-47,-0.12304571,-7.05000,prps,1,1114
67047,67.047,1,4004,54004,lowband_largesig_r01,prps,1485,35,0.297680,-46,0,-46,-0.12042772,-6.90000,prps,1,1118
67067,67.067,1,4004,54004,lowband_largesig_r01,prps,1468,18,0.149979,-43,0,-43,-0.11257374,-6.45000,prps,1,1122
67087,67.087,1,4004,54004,lowband_largesig_r01,prps,1450,0,0.002198,-35,0,-35,-0.09162979,-5.25000,prps,1,1126
67107,67.107,1,4004,54004,lowband_largesig_r01,prps,1434,-16,-0.132892,-27,0,-27,-0.07068583,-4.05000,prps,1,1130
67127,67.127,1,4004,54004,lowband_largesig_r01,prps,1421,-29,-0.244477,-17,0,-17,-0.04450589,-2.55000,prps,1,1134
67147,67.147,1,4004,54004,lowband_largesig_r01,prps,1411,-39,-0.325388,-6,0,-6,-0.01570796,-0.90000,prps,1,1138
67167,67.167,1,4004,54004,lowband_largesig_r01,prps,1406,-44,-0.373283,4,0,4,0.01047198,0.60000,prps,1,1142
67187,67.187,1,4004,54004,lowband_largesig_r01,prps,1403,-47,-0.391090,12,0,12,0.03141592,1.80000,prps,1,1146
67207,67.207,1,4004,54004,lowband_largesig_r01,prps,1404,-46,-0.386598,16,0,16,0.04188790,2.40000,prps,1,1150
67227,67.227,1,4004,54004,lowband_largesig_r01,prps,1406,-44,-0.371194,18,0,18,0.04712389,2.70000,prps,1,1154
67247,67.247,1,4004,54004,lowband_largesig_r01,prps,1407,-43,-0.357920,18,0,18,0.04712389,2.70000,prps,1,1158
67267,67.267,1,4004,54004,lowband_largesig_r01,prps,1407,-43,-0.359156,18,0,18,0.04712389,2.70000,prps,1,1162
67287,67.287,1,4004,54004,lowband_largesig_r01,prps,1404,-46,-0.384284,18,0,18,0.04712389,2.70000,prps,1,1166
67307,67.307,1,4004,54004,lowband_largesig_r01,prps,1398,-52,-0.437746,18,0,18,0.04712389,2.70000,prps,1,1170
67327,67.327,1,4004,54004,lowband_largesig_r01,prps,1388,-62,-0.517840,19,0,19,0.04974188,2.85000,prps,1,1174
67347,67.347,1,4004,54004,lowband_largesig_r01,prps,1377,-73,-0.616505,21,0,21,0.05497787,3.15000,prps,1,1178
67367,67.367,1,4004,54004,lowband_largesig_r01,prps,1364,-86,-0.720173,23,0,23,0.06021386,3.45000,prps,1,1182
67387,67.387,1,4004,54004,lowband_largesig_r01,prps,1353,-97,-0.811607,27,0,27,0.07068583,4.05000,prps,1,1186
67407,67.407,1,4004,54004,lowband_largesig_r01,prps,1346,-104,-0.872472,33,0,33,0.08639380,4.95000,prps,1,1190
67427,67.427,1,4004,54004,lowband_largesig_r01,prps,1345,-105,-0.886238,39,0,39,0.10210176,5.85000,prps,1,1194
67447,67.447,1,4004,54004,lowband_largesig_r01,prps,1350,-100,-0.840978,45,0,45,0.11780972,6.75000,prps,1,1198
67467,67.467,1,4004,54004,lowband_largesig_r01,prps,1363,-87,-0.731582,49,0,49,0.12828170,7.35000,prps,1,1202
67487,67.487,1,4004,54004,lowband_largesig_r01,prps,1383,-67,-0.561030,49,0,49,0.12828170,7.35000,prps,1,1206
67507,67.507,1,4004,54004,lowband_largesig_r01,prps,1409,-41,-0.340478,48,0,48,0.12566370,7.20000,prps,1,1210
67527,67.527,1,4004,54004,lowband_largesig_r01,prps,1440,-10,-0.088104,41,0,41,0.10733775,6.15000,prps,1,1214
67547,67.547,1,4004,54004,lowband_largesig_r01,prps,1471,21,0.173120,30,0,30,0.07853982,4.50000,prps,1,1218
67567,67.567,1,4004,54004,lowband_largesig_r01,prps,1500,50,0.418442,15,0,15,0.03926991,2.25000,prps,1,1222
67587,67.587,1,4004,54004,lowband_largesig_r01,prps,1524,74,0.624643,-2,0,-2,-0.00523599,-0.30000,prps,1,1226
67607,67.607,1,4004,54004,lowband_largesig_r01,prps,1542,92,0.773175,-18,0,-18,-0.04712389,-2.70000,prps,1,1230
67627,67.627,1,4004,54004,lowband_largesig_r01,prps,1551,101,0.852628,-34,0,-34,-0.08901179,-5.10000,prps,1,1234
67647,67.647,1,4004,54004,lowband_largesig_r01,prps,1552,102,0.860157,-49,0,-49,-0.12828170,-7.35000,prps,1,1238
67667,67.667,1,4004,54004,lowband_largesig_r01,prps,1545,95,0.801654,-56,0,-56,-0.14660765,-8.40000,prps,1,1242
67687,67.687,1,4004,54004,lowband_largesig_r01,prps,1532,82,0.690651,-59,0,-59,-0.15446164,-8.85000,prps,1,1246
67707,67.707,1,4004,54004,lowband_largesig_r01,prps,1515,65,0.546143,-59,0,-59,-0.15446164,-8.85000,prps,1,1250
67727,67.727,1,4004,54004,lowband_largesig_r01,prps,1496,46,0.389672,-56,0,-56,-0.14660765,-8.40000,prps,1,1254
67747,67.747,1,4004,54004,lowband_largesig_r01,prps,1479,29,0.242160,-50,0,-50,-0.13089970,-7.50000,prps,1,1258
67767,67.767,1,4004,54004,lowband_largesig_r01,prps,1464,14,0.120959,-42,0,-42,-0.10995574,-6.30000,prps,1,1262
67787,67.787,1,4004,54004,lowband_largesig_r01,prps,1454,4,0.037593,-33,0,-33,-0.08639380,-4.95000,prps,1,1266
67807,67.807,1,4004,54004,lowband_largesig_r01,prps,1450,0,-0.003484,-24,0,-24,-0.06283185,-3.60000,prps,1,1270
67827,67.827,1,4004,54004,lowband_largesig_r01,prps,1449,-1,-0.004956,-15,0,-15,-0.03926991,-2.25000,prps,1,1274
67847,67.847,1,4004,54004,lowband_largesig_r01,prps,1453,3,0.024422,-10,0,-10,-0.02617994,-1.50000,prps,1,1278
67867,67.867,1,4004,54004,lowband_largesig_r01,prps,1459,9,0.071820,-7,0,-7,-0.01832596,-1.05000,prps,1,1282
67887,67.887,1,4004,54004,lowband_largesig_r01,prps,1465,15,0.122884,-6,0,-6,-0.01570796,-0.90000,prps,1,1286
67907,67.907,1,4004,54004,lowband_largesig_r01,prps,1470,20,0.164394,-7,0,-7,-0.01832596,-1.05000,prps,1,1290
67927,67.927,1,4004,54004,lowband_largesig_r01,prps,1472,22,0.186589,-8,0,-8,-0.02094395,-1.20000,prps,1,1294
67947,67.947,1,4004,54004,lowband_largesig_r01,prps,1472,22,0.184773,-9,0,-9,-0.02356194,-1.35000,prps,1,1298
67967,67.967,1,4004,54004,lowband_largesig_r01,prps,1469,19,0.159953,-12,0,-12,-0.03141592,-1.80000,prps,1,1302
67987,67.987,1,4004,54004,lowband_largesig_r01,prps,1464,14,0.118439,-14,0,-14,-0.03665191,-2.10000,prps,1,1306
68007,68.007,1,4004,54004,lowband_largesig_r01,prps,1458,8,0.070498,-15,0,-15,-0.03926991,-2.25000,prps,1,1310
68027,68.027,1,4004,54004,lowband_largesig_r01,prps,1453,3,0.028342,-14,0,-14,-0.03665191,-2.10000,prps,1,1314
68047,68.047,1,4004,54004,lowband_largesig_r01,prps,1450,0,0.003789,-12,0,-12,-0.03141592,-1.80000,prps,1,1318
68067,68.067,1,4004,54004,lowband_largesig_r01,prps,1451,1,0.006048,-10,0,-10,-0.02617994,-1.50000,prps,1,1322
68087,68.087,1,4004,54004,lowband_largesig_r01,prps,1455,5,0.039978,-9,0,-9,-0.02356194,-1.35000,prps,1,1326
68107,68.107,1,4004,54004,lowband_largesig_r01,prps,1463,13,0.105138,-8,0,-8,-0.02094395,-1.20000,prps,1,1330
68127,68.127,1,4004,54004,lowband_largesig_r01,prps,1473,23,0.195761,-8,0,-8,-0.02094395,-1.20000,prps,1,1334
68147,68.147,1,4004,54004,lowband_largesig_r01,prps,1486,36,0.301652,-8,0,-8,-0.02094395,-1.20000,prps,1,1338
68167,68.167,1,4004,54004,lowband_largesig_r01,prps,1499,49,0.409830,-11,0,-11,-0.02879793,-1.65000,prps,1,1342
68187,68.187,1,4004,54004,lowband_largesig_r01,prps,1510,60,0.506624,-17,0,-17,-0.04450589,-2.55000,prps,1,1346
68207,68.207,1,4004,54004,lowband_largesig_r01,prps,1519,69,0.579856,-24,0,-24,-0.06283185,-3.60000,prps,1,1350
68227,68.227,1,4004,54004,lowband_largesig_r01,prps,1524,74,0.620740,-31,0,-31,-0.08115781,-4.65000,prps,1,1354
68247,68.247,1,4004,54004,lowband_largesig_r01,prps,1524,74,0.625192,-37,0,-37,-0.09686577,-5.55000,prps,1,1358
68267,68.267,1,4004,54004,lowband_largesig_r01,prps,1521,71,0.594334,-42,0,-42,-0.10995574,-6.30000,prps,1,1362
68287,68.287,1,4004,54004,lowband_largesig_r01,prps,1514,64,0.534153,-45,0,-45,-0.11780972,-6.75000,prps,1,1366
68307,68.307,1,4004,54004,lowband_largesig_r01,prps,1504,54,0.454374,-45,0,-45,-0.11780972,-6.75000,prps,1,1370
68327,68.327,1,4004,54004,lowband_largesig_r01,prps,1494,44,0.366799,-44,0,-44,-0.11519173,-6.60000,prps,1,1374
68347,68.347,1,4004,54004,lowband_largesig_r01,prps,1484,34,0.283376,-42,0,-42,-0.10995574,-6.30000,prps,1,1378
68367,68.367,1,4004,54004,lowband_largesig_r01,prps,1476,26,0.214363,-37,0,-37,-0.09686577,-5.55000,prps,1,1382
68387,68.387,1,4004,54004,lowband_largesig_r01,prps,1470,20,0.166862,-32,0,-32,-0.08377580,-4.80000,prps,1,1386
68407,68.407,1,4004,54004,lowband_largesig_r01,prps,1467,17,0.143979,-27,0,-27,-0.07068583,-4.05000,prps,1,1390
68427,68.427,1,4004,54004,lowband_largesig_r01,prps,1467,17,0.144688,-23,0,-23,-0.06021386,-3.45000,prps,1,1394
68447,68.447,1,4004,54004,lowband_largesig_r01,prps,1470,20,0.164391,-20,0,-20,-0.05235988,-3.00000,prps,1,1398
68467,68.467,1,4004,54004,lowband_largesig_r01,prps,1473,23,0.196037,-19,0,-19,-0.04974188,-2.85000,prps,1,1402
68487,68.487,1,4004,54004,lowband_largesig_r01,prps,1478,28,0.231546,-19,0,-19,-0.04974188,-2.85000,prps,1,1406
68507,68.507,1,4004,54004,lowband_largesig_r01,prps,1481,31,0.263281,-19,0,-19,-0.04974188,-2.85000,prps,1,1410
68527,68.527,1,4004,54004,lowband_largesig_r01,prps,1484,34,0.285286,-19,0,-19,-0.04974188,-2.85000,prps,1,1414
68547,68.547,1,4004,54004,lowband_largesig_r01,prps,1485,35,0.294087,-19,0,-19,-0.04974188,-2.85000,prps,1,1418
68567,68.567,1,4004,54004,lowband_largesig_r01,prps,1484,34,0.288934,-21,0,-21,-0.05497787,-3.15000,prps,1,1422
68587,68.587,1,4004,54004,lowband_largesig_r01,prps,1482,32,0.271478,-22,0,-22,-0.05759586,-3.30000,prps,1,1426
68607,68.607,1,4004,54004,lowband_largesig_r01,prps,1479,29,0.245004,-22,0,-22,-0.05759586,-3.30000,prps,1,1430
68627,68.627,1,4004,54004,lowband_largesig_r01,prps,1475,25,0.213379,-22,0,-22,-0.05759586,-3.30000,prps,1,1434
68647,68.647,1,4004,54004,lowband_largesig_r01,prps,1471,21,0.179978,-22,0,-22,-0.05759586,-3.30000,prps,1,1438
68667,68.667,1,4004,54004,lowband_largesig_r01,prps,1467,17,0.146805,-21,0,-21,-0.05497787,-3.15000,prps,1,1442
68687,68.687,1,4004,54004,lowband_largesig_r01,prps,1464,14,0.113997,-21,0,-21,-0.05497787,-3.15000,prps,1,1446
68707,68.707,1,4004,54004,lowband_largesig_r01,prps,1459,9,0.079811,-20,0,-20,-0.05235988,-3.00000,prps,1,1450
68727,68.727,1,4004,54004,lowband_largesig_r01,prps,1455,5,0.041104,-19,0,-19,-0.04974188,-2.85000,prps,1,1454
68747,68.747,1,4004,54004,lowband_largesig_r01,prps,1449,-1,-0.005816,-17,0,-17,-0.04450589,-2.55000,prps,1,1458
68767,68.767,1,4004,54004,lowband_largesig_r01,prps,1442,-8,-0.064123,-14,0,-14,-0.03665191,-2.10000,prps,1,1462
68787,68.787,1,4004,54004,lowband_largesig_r01,prps,1434,-16,-0.135441,-11,0,-11,-0.02879793,-1.65000,prps,1,1466
68807,68.807,1,4004,54004,lowband_largesig_r01,prps,1424,-26,-0.219056,-7,0,-7,-0.01832596,-1.05000,prps,1,1470
68827,68.827,1,4004,54004,lowband_largesig_r01,prps,1413,-37,-0.311557,-2,0,-2,-0.00523599,-0.30000,prps,1,1474
68847,68.847,1,4004,54004,lowband_largesig_r01,prps,1402,-48,-0.407008,3,0,3,0.00785398,0.45000,prps,1,1478
68867,68.867,1,4004,54004,lowband_largesig_r01,prps,1391,-59,-0.497641,9,0,9,0.02356194,1.35000,prps,1,1482
68887,68.887,1,4004,54004,lowband_largesig_r01,prps,1382,-68,-0.574973,14,0,14,0.03665191,2.10000,prps,1,1486
68907,68.907,1,4004,54004,lowband_largesig_r01,prps,1375,-75,-0.631149,19,0,19,0.04974188,2.85000,prps,1,1490
68927,68.927,1,4004,54004,lowband_largesig_r01,prps,1371,-79,-0.660274,23,0,23,0.06021386,3.45000,prps,1,1494
68947,68.947,1,4004,54004,lowband_largesig_r01,prps,1372,-78,-0.659488,28,0,28,0.07330382,4.20000,prps,1,1498
68967,68.967,1,4004,54004,lowband_largesig_r01,prps,1375,-75,-0.629578,32,0,32,0.08377580,4.80000,prps,1,1502
68987,68.987,1,4004,54004,lowband_largesig_r01,prps,1382,-68,-0.575011,34,0,34,0.08901179,5.10000,prps,1,1506
69007,69.007,1,4004,54004,lowband_largesig_r01,prps,1390,-60,-0.503350,34,0,34,0.08901179,5.10000,prps,1,1510
69027,69.027,1,4004,54004,lowband_largesig_r01,prps,1400,-50,-0.424161,33,0,33,0.08639380,4.95000,prps,1,1514
69047,69.047,1,4004,54004,lowband_largesig_r01,prps,1409,-41,-0.347574,32,0,32,0.08377580,4.80000,prps,1,1518
69067,69.067,1,4004,54004,lowband_largesig_r01,prps,1416,-34,-0.282760,28,0,28,0.07330382,4.20000,prps,1,1522
69087,69.087,1,4004,54004,lowband_largesig_r01,prps,1422,-28,-0.236569,24,0,24,0.06283185,3.60000,prps,1,1526
69107,69.107,1,4004,54004,lowband_largesig_r01,prps,1425,-25,-0.212570,19,0,19,0.04974188,2.85000,prps,1,1530
69127,69.127,1,4004,54004,lowband_largesig_r01,prps,1425,-25,-0.210646,15,0,15,0.03926991,2.25000,prps,1,1534
69147,69.147,1,4004,54004,lowband_largesig_r01,prps,1423,-27,-0.227217,12,0,12,0.03141592,1.80000,prps,1,1538
69167,69.167,1,4004,54004,lowband_largesig_r01,prps,1420,-30,-0.256007,11,0,11,0.02879793,1.65000,prps,1,1542
69187,69.187,1,4004,54004,lowband_largesig_r01,prps,1416,-34,-0.289245,11,0,11,0.02879793,1.65000,prps,1,1546
69207,69.207,1,4004,54004,lowband_largesig_r01,prps,1412,-38,-0.319038,11,0,11,0.02879793,1.65000,prps,1,1550
69227,69.227,1,4004,54004,lowband_largesig_r01,prps,1410,-40,-0.338688,11,0,11,0.02879793,1.65000,prps,1,1554
69247,69.247,1,4004,54004,lowband_largesig_r01,prps,1409,-41,-0.343703,12,0,12,0.03141592,1.80000,prps,1,1558
69267,69.267,1,4004,54004,lowband_largesig_r01,prps,1410,-40,-0.332343,14,0,14,0.03665191,2.10000,prps,1,1562
69287,69.287,1,4004,54004,lowband_largesig_r01,prps,1414,-36,-0.305609,14,0,14,0.03665191,2.10000,prps,1,1566
69307,69.307,1,4004,54004,lowband_largesig_r01,prps,1418,-32,-0.266713,14,0,14,0.03665191,2.10000,prps,1,1570
69327,69.327,1,4004,54004,lowband_largesig_r01,prps,1424,-26,-0.220161,14,0,14,0.03665191,2.10000,prps,1,1574
69347,69.347,1,4004,54004,lowband_largesig_r01,prps,1430,-20,-0.170649,14,0,14,0.03665191,2.10000,prps,1,1578
69367,69.367,1,4004,54004,lowband_largesig_r01,prps,1435,-15,-0.122018,14,0,14,0.03665191,2.10000,prps,1,1582
69387,69.387,1,4004,54004,lowband_largesig_r01,prps,1441,-9,-0.076493,13,0,13,0.03403392,1.95000,prps,1,1586
69407,69.407,1,4004,54004,lowband_largesig_r01,prps,1446,-4,-0.034364,11,0,11,0.02879793,1.65000,prps,1,1590
69427,69.427,1,4004,54004,lowband_largesig_r01,prps,1451,1,0.005794,7,0,7,0.01832596,1.05000,prps,1,1594
69447,69.447,1,4004,54004,lowband_largesig_r01,prps,1456,6,0.046439,4,0,4,0.01047198,0.60000,prps,1,1598
69467,69.467,1,4004,54004,lowband_largesig_r01,prps,1461,11,0.090023,2,0,2,0.00523599,0.30000,prps,1,1602
69487,69.487,1,4004,54004,lowband_largesig_r01,prps,1466,16,0.137850,0,0,0,0.00000000,0.00000,prps,1,1606
69507,69.507,1,4004,54004,lowband_largesig_r01,prps,1473,23,0.189077,-2,0,-2,-0.00523599,-0.30000,prps,1,1610
69527,69.527,1,4004,54004,lowband_largesig_r01,prps,1479,29,0.240117,-5,0,-5,-0.01308997,-0.75000,prps,1,1614
69547,69.547,1,4004,54004,lowband_largesig_r01,prps,1484,34,0.284611,-8,0,-8,-0.02094395,-1.20000,prps,1,1618
69567,69.567,1,4004,54004,lowband_largesig_r01,prps,1487,37,0.314071,-12,0,-12,-0.03141592,-1.80000,prps,1,1622
69587,69.587,1,4004,54004,lowband_largesig_r01,prps,1488,38,0.319111,-17,0,-17,-0.04450589,-2.55000,prps,1,1626
69607,69.607,1,4004,54004,lowband_largesig_r01,prps,1485,35,0.291119,-21,0,-21,-0.05497787,-3.15000,prps,1,1630
69627,69.627,1,4004,54004,lowband_largesig_r01,prps,1477,27,0.224071,-23,0,-23,-0.06021386,-3.45000,prps,1,1634
69647,69.647,1,4004,54004,lowband_largesig_r01,prps,1464,14,0.116167,-24,0,-24,-0.06283185,-3.60000,prps,1,1638
69667,69.667,1,4004,54004,lowband_largesig_r01,prps,1447,-3,-0.029052,-23,0,-23,-0.06021386,-3.45000,prps,1,1642
69687,69.687,1,4004,54004,lowband_largesig_r01,prps,1426,-24,-0.202349,-20,0,-20,-0.05235988,-3.00000,prps,1,1646
69707,69.707,1,4004,54004,lowband_largesig_r01,prps,1404,-46,-0.389367,-11,0,-11,-0.02879793,-1.65000,prps,1,1650
69727,69.727,1,4004,54004,lowband_largesig_r01,prps,1382,-68,-0.572107,-1,0,-1,-0.00261799,-0.15000,prps,1,1654
69747,69.747,1,4004,54004,lowband_largesig_r01,prps,1363,-87,-0.731157,10,0,10,0.02617994,1.50000,prps,1,1658
69767,69.767,1,4004,54004,lowband_largesig_r01,prps,1349,-101,-0.848357,20,0,20,0.05235988,3.00000,prps,1,1662
69787,69.787,1,4004,54004,lowband_largesig_r01,prps,1342,-108,-0.909493,31,0,31,0.08115781,4.65000,prps,1,1666
69807,69.807,1,4004,54004,lowband_largesig_r01,prps,1342,-108,-0.906606,40,0,40,0.10471976,6.00000,prps,1,1670
69827,69.827,1,4004,54004,lowband_largesig_r01,prps,1350,-100,-0.839493,48,0,48,0.12566370,7.20000,prps,1,1674
69847,69.847,1,4004,54004,lowband_largesig_r01,prps,1365,-85,-0.716141,53,0,53,0.13875367,7.95000,prps,1,1678
69867,69.867,1,4004,54004,lowband_largesig_r01,prps,1384,-66,-0.551967,53,0,53,0.13875367,7.95000,prps,1,1682
69887,69.887,1,4004,54004,lowband_largesig_r01,prps,1406,-44,-0.367911,49,0,49,0.12828170,7.35000,prps,1,1686
69907,69.907,1,4004,54004,lowband_largesig_r01,prps,1428,-22,-0.187660,41,0,41,0.10733775,6.15000,prps,1,1690
69927,69.927,1,4004,54004,lowband_largesig_r01,prps,1446,-4,-0.034382,31,0,31,0.08115781,4.65000,prps,1,1694
69947,69.947,1,4004,54004,lowband_largesig_r01,prps,1459,9,0.072542,18,0,18,0.04712389,2.70000,prps,1,1698
69967,69.967,1,4004,54004,lowband_largesig_r01,prps,1464,14,0.120278,7,0,7,0.01832596,1.05000,prps,1,1702
69987,69.987,1,4004,54004,lowband_largesig_r01,prps,1462,12,0.104376,-3,0,-3,-0.00785398,-0.45000,prps,1,1706
70007,70.007,1,4004,54004,lowband_largesig_r01,prps,1453,3,0.029376,-7,0,-7,-0.01832596,-1.05000,prps,1,1710
70027,70.027,1,4004,54004,lowband_largesig_r01,prps,1439,-11,-0.091908,-8,0,-8,-0.02094395,-1.20000,prps,1,1714
70047,70.047,1,4004,54004,lowband_largesig_r01,prps,1421,-29,-0.240319,-6,0,-6,-0.01570796,-0.90000,prps,1,1718
70067,70.067,1,4004,54004,lowband_largesig_r01,prps,1403,-47,-0.393228,-1,0,-1,-0.00261799,-0.15000,prps,1,1722
70087,70.087,1,4004,54004,lowband_largesig_r01,prps,1387,-63,-0.527884,5,0,5,0.01308997,0.75000,prps,1,1726
70107,70.107,1,4004,54004,lowband_largesig_r01,prps,1376,-74,-0.624735,12,0,12,0.03141592,1.80000,prps,1,1730
70127,70.127,1,4004,54004,lowband_largesig_r01,prps,1370,-80,-0.670209,19,0,19,0.04974188,2.85000,prps,1,1734
70147,70.147,1,4004,54004,lowband_largesig_r01,prps,1372,-78,-0.658538,26,0,26,0.06806784,3.90000,prps,1,1738
70167,70.167,1,4004,54004,lowband_largesig_r01,prps,1380,-70,-0.592349,32,0,32,0.08377580,4.80000,prps,1,1742
70187,70.187,1,4004,54004,lowband_largesig_r01,prps,1393,-57,-0.481970,33,0,33,0.08639380,4.95000,prps,1,1746
70207,70.207,1,4004,54004,lowband_largesig_r01,prps,1409,-41,-0.343561,33,0,33,0.08639380,4.95000,prps,1,1750
70227,70.227,1,4004,54004,lowband_largesig_r01,prps,1427,-23,-0.196414,31,0,31,0.08115781,4.65000,prps,1,1754
70247,70.247,1,4004,54004,lowband_largesig_r01,prps,1443,-7,-0.059849,26,0,26,0.06806784,3.90000,prps,1,1758
70267,70.267,1,4004,54004,lowband_largesig_r01,prps,1456,6,0.049786,17,0,17,0.04450589,2.55000,prps,1,1762
70287,70.287,1,4004,54004,lowband_largesig_r01,prps,1464,14,0.121547,9,0,9,0.02356194,1.35000,prps,1,1766
70307,70.307,1,4004,54004,lowband_largesig_r01,prps,1468,18,0.151387,1,0,1,0.00261799,0.15000,prps,1,1770
70327,70.327,1,4004,54004,lowband_largesig_r01,prps,1467,17,0.142501,-6,0,-6,-0.01570796,-0.90000,prps,1,1774
70347,70.347,1,4004,54004,lowband_largesig_r01,prps,1462,12,0.104507,-9,0,-9,-0.02356194,-1.35000,prps,1,1778
70367,70.367,1,4004,54004,lowband_largesig_r01,prps,1456,6,0.051642,-11,0,-11,-0.02879793,-1.65000,prps,1,1782
70387,70.387,1,4004,54004,lowband_largesig_r01,prps,1450,0,0.000282,-11,0,-11,-0.02879793,-1.65000,prps,1,1786
70407,70.407,1,4004,54004,lowband_largesig_r01,prps,1446,-4,-0.033773,-10,0,-10,-0.02617994,-1.50000,prps,1,1790
70427,70.427,1,4004,54004,lowband_largesig_r01,prps,1446,-4,-0.037814,-9,0,-9,-0.02356194,-1.35000,prps,1,1794
70447,70.447,1,4004,54004,lowband_largesig_r01,prps,1450,0,-0.004134,-6,0,-6,-0.01570796,-0.90000,prps,1,1798
70467,70.467,1,4004,54004,lowband_largesig_r01,prps,1458,8,0.068943,-5,0,-5,-0.01308997,-0.75000,prps,1,1802
70487,70.487,1,4004,54004,lowband_largesig_r01,prps,1471,21,0.177055,-5,0,-5,-0.01308997,-0.75000,prps,1,1806
70507,70.507,1,4004,54004,lowband_largesig_r01,prps,1487,37,0.310747,-6,0,-6,-0.01570796,-0.90000,prps,1,1810
70527,70.527,1,4004,54004,lowband_largesig_r01,prps,1504,54,0.457196,-9,0,-9,-0.02356194,-1.35000,prps,1,1814
70547,70.547,1,4004,54004,lowband_largesig_r01,prps,1522,72,0.602364,-16,0,-16,-0.04188790,-2.40000,prps,1,1818
70567,70.567,1,4004,54004,lowband_largesig_r01,prps,1537,87,0.733231,-25,0,-25,-0.06544985,-3.75000,prps,1,1822
70587,70.587,1,4004,54004,lowband_largesig_r01,prps,1550,100,0.839701,-34,0,-34,-0.08901179,-5.10000,prps,1,1826
70607,70.607,1,4004,54004,lowband_largesig_r01,prps,1559,109,0.915920,-45,0,-45,-0.11780972,-6.75000,prps,1,1830
70627,70.627,1,4004,54004,lowband_largesig_r01,prps,1564,114,0.960787,-54,0,-54,-0.14137166,-8.10000,prps,1,1834
70647,70.647,1,4004,54004,lowband_largesig_r01,prps,1566,116,0.977648,-61,0,-61,-0.15969762,-9.15000,prps,1,1838
70667,70.667,1,4004,54004,lowband_largesig_r01,prps,1566,116,0.973266,-67,0,-67,-0.17540560,-10.05000,prps,1,1842
70687,70.687,1,4004,54004,lowband_largesig_r01,prps,1564,114,0.956302,-69,0,-69,-0.18064158,-10.35000,prps,1,1846
70707,70.707,1,4004,54004,lowband_largesig_r01,prps,1561,111,0.935595,-69,0,-69,-0.18064158,-10.35000,prps,1,1850
70727,70.727,1,4004,54004,lowband_largesig_r01,prps,1559,109,0.918571,-70,0,-70,-0.18325958,-10.50000,prps,1,1854
70747,70.747,1,4004,54004,lowband_largesig_r01,prps,1558,108,0.910049,-69,0,-69,-0.18064158,-10.35000,prps,1,1858
70767,70.767,1,4004,54004,lowband_largesig_r01,prps,1558,108,0.911626,-69,0,-69,-0.18064158,-10.35000,prps,1,1862
70787,70.787,1,4004,54004,lowband_largesig_r01,prps,1560,110,0.921730,-69,0,-69,-0.18064158,-10.35000,prps,1,1866
70807,70.807,1,4004,54004,lowband_largesig_r01,prps,1561,111,0.936262,-69,0,-69,-0.18064158,-10.35000,prps,1,1870
70827,70.827,1,4004,54004,lowband_largesig_r01,prps,1563,113,0.949690,-69,0,-69,-0.18064158,-10.35000,prps,1,1874
70847,70.847,1,4004,54004,lowband_largesig_r01,prps,1564,114,0.956332,-69,0,-69,-0.18064158,-10.35000,prps,1,1878
70867,70.867,1,4004,54004,lowband_largesig_r01,prps,1563,113,0.951580,-69,0,-69,-0.18064158,-10.35000,prps,1,1882
70887,70.887,1,4004,54004,lowband_largesig_r01,prps,1561,111,0.932832,-69,0,-69,-0.18064158,-10.35000,prps,1,1886
70907,70.907,1,4004,54004,lowband_largesig_r01,prps,1557,107,0.899934,-70,0,-70,-0.18325958,-10.50000,prps,1,1890
70927,70.927,1,4004,54004,lowband_largesig_r01,prps,1552,102,0.855101,-69,0,-69,-0.18064158,-10.35000,prps,1,1894
70947,70.947,1,4004,54004,lowband_largesig_r01,prps,1545,95,0.802316,-69,0,-69,-0.18064158,-10.35000,prps,1,1898
70967,70.967,1,4004,54004,lowband_largesig_r01,prps,1539,89,0.746380,-68,0,-68,-0.17802358,-10.20000,prps,1,1902
70987,70.987,1,4004,54004,lowband_largesig_r01,prps,1532,82,0.691788,-66,0,-66,-0.17278760,-9.90000,prps,1,1906
71007,71.007,1,4004,54004,lowband_largesig_r01,prps,1526,76,0.641700,-63,0,-63,-0.16493360,-9.45000,prps,1,1910
71027,71.027,1,4004,54004,lowband_largesig_r01,prps,1521,71,0.597185,-59,0,-59,-0.15446164,-8.85000,prps,1,1914
71047,71.047,1,4004,54004,lowband_largesig_r01,prps,1516,66,0.556929,-55,0,-55,-0.14398966,-8.25000,prps,1,1918
71067,71.067,1,4004,54004,lowband_largesig_r01,prps,1512,62,0.517448,-52,0,-52,-0.13613568,-7.80000,prps,1,1922
71087,71.087,1,4004,54004,lowband_largesig_r01,prps,1506,56,0.473773,-49,0,-49,-0.12828170,-7.35000,prps,1,1926
71107,71.107,1,4004,54004,lowband_largesig_r01,prps,1500,50,0.420479,-47,0,-47,-0.12304571,-7.05000,prps,1,1930
71127,71.127,1,4004,54004,lowband_largesig_r01,prps,1492,42,0.352858,-45,0,-45,-0.11780972,-6.75000,prps,1,1934
71147,71.147,1,4004,54004,lowband_largesig_r01,prps,1482,32,0.267993,-42,0,-42,-0.10995574,-6.30000,prps,1,1938
71167,71.167,1,4004,54004,lowband_largesig_r01,prps,1470,20,0.165537,-37,0,-37,-0.09686577,-5.55000,prps,1,1942
71187,71.187,1,4004,54004,lowband_largesig_r01,prps,1456,6,0.048032,-32,0,-32,-0.08377580,-4.80000,prps,1,1946
71207,71.207,1,4004,54004,lowband_largesig_r01,prps,1441,-9,-0.079310,-25,0,-25,-0.06544985,-3.75000,prps,1,1950
71227,71.227,1,4004,54004,lowband_largesig_r01,prps,1425,-25,-0.209315,-18,0,-18,-0.04712389,-2.70000,prps,1,1954
71247,71.247,1,4004,54004,lowband_largesig_r01,prps,1410,-40,-0.333921,-9,0,-9,-0.02356194,-1.35000,prps,1,1958
71267,71.267,1,4004,54004,lowband_largesig_r01,prps,1397,-53,-0.445436,0,0,0,0.00000000,0.00000,prps,1,1962
71287,71.287,1,4004,54004,lowband_largesig_r01,prps,1386,-64,-0.537714,9,0,9,0.02356194,1.35000,prps,1,1966
71307,71.307,1,4004,54004,lowband_largesig_r01,prps,1378,-72,-0.607067,16,0,16,0.04188790,2.40000,prps,1,1970
71327,71.327,1,4004,54004,lowband_largesig_r01,prps,1372,-78,-0.652706,22,0,22,0.05759586,3.30000,prps,1,1974
71347,71.347,1,4004,54004,lowband_largesig_r01,prps,1369,-81,-0.676670,28,0,28,0.07330382,4.20000,prps,1,1978
71367,71.367,1,4004,54004,lowband_largesig_r01,prps,1369,-81,-0.683224,32,0,32,0.08377580,4.80000,prps,1,1982
71387,71.387,1,4004,54004,lowband_largesig_r01,prps,1369,-81,-0.677879,34,0,34,0.08901179,5.10000,prps,1,1986
71407,71.407,1,4004,54004,lowband_largesig_r01,prps,1371,-79,-0.666210,36,0,36,0.09424778,5.40000,prps,1,1990
71427,71.427,1,4004,54004,lowband_largesig_r01,prps,1372,-78,-0.652712,37,0,37,0.09686577,5.55000,prps,1,1994
71447,71.447,1,4004,54004,lowband_largesig_r01,prps,1374,-76,-0.639929,37,0,37,0.09686577,5.55000,prps,1,1998
71467,71.467,1,4004,54004,lowband_largesig_r01,prps,1375,-75,-0.628025,37,0,37,0.09686577,5.55000,prps,1,2002
71487,71.487,1,4004,54004,lowband_largesig_r01,prps,1377,-73,-0.614897,37,0,37,0.09686577,5.55000,prps,1,2006
71507,71.507,1,4004,54004,lowband_largesig_r01,prps,1379,-71,-0.596809,37,0,37,0.09686577,5.55000,prps,1,2010
71527,71.527,1,4004,54004,lowband_largesig_r01,prps,1382,-68,-0.569433,38,0,38,0.09948376,5.70000,prps,1,2014
71547,71.547,1,4004,54004,lowband_largesig_r01,prps,1387,-63,-0.529094,37,0,37,0.09686577,5.55000,prps,1,2018
71567,71.567,1,4004,54004,lowband_largesig_r01,prps,1394,-56,-0.473967,36,0,36,0.09424778,5.40000,prps,1,2022
71587,71.587,1,4004,54004,lowband_largesig_r01,prps,1402,-48,-0.404974,34,0,34,0.08901179,5.10000,prps,1,2026
71607,71.607,1,4004,54004,lowband_largesig_r01,prps,1411,-39,-0.326185,31,0,31,0.08115781,4.65000,prps,1,2030
71627,71.627,1,4004,54004,lowband_largesig_r01,prps,1421,-29,-0.244600,26,0,26,0.06806784,3.90000,prps,1,2034
71647,71.647,1,4004,54004,lowband_largesig_r01,prps,1430,-20,-0.169326,21,0,21,0.05497787,3.15000,prps,1,2038
71667,71.667,1,4004,54004,lowband_largesig_r01,prps,1437,-13,-0.110250,16,0,16,0.04188790,2.40000,prps,1,2042
71687,71.687,1,4004,54004,lowband_largesig_r01,prps,1441,-9,-0.076440,12,0,12,0.03141592,1.80000,prps,1,2046
71707,71.707,1,4004,54004,lowband_largesig_r01,prps,1441,-9,-0.074534,8,0,8,0.02094395,1.20000,prps,1,2050
71727,71.727,1,4004,54004,lowband_largesig_r01,prps,1437,-13,-0.107433,6,0,6,0.01570796,0.90000,prps,1,2054
71747,71.747,1,4004,54004,lowband_largesig_r01,prps,1429,-21,-0.173517,5,0,5,0.01308997,0.75000,prps,1,2058
71767,71.767,1,4004,54004,lowband_largesig_r01,prps,1418,-32,-0.266575,4,0,4,0.01047198,0.60000,prps,1,2062
71787,71.787,1,4004,54004,lowband_largesig_r01,prps,1405,-45,-0.376480,6,0,6,0.01570796,0.90000,prps,1,2066
71807,71.807,1,4004,54004,lowband_largesig_r01,prps,1392,-58,-0.490513,9,0,9,0.02356194,1.35000,prps,1,2070
71827,71.827,1,4004,54004,lowband_largesig_r01,prps,1379,-71,-0.595143,14,0,14,0.03665191,2.10000,prps,1,2074
71847,71.847,1,4004,54004,lowband_largesig_r01,prps,1369,-81,-0.677973,18,0,18,0.04712389,2.70000,prps,1,2078
71867,71.867,1,4004,54004,lowband_largesig_r01,prps,1363,-87,-0.729508,23,0,23,0.06021386,3.45000,prps,1,2082
71887,71.887,1,4004,54004,lowband_largesig_r01,prps,1361,-89,-0.744468,30,0,30,0.07853982,4.50000,prps,1,2086
71907,71.907,1,4004,54004,lowband_largesig_r01,prps,1364,-86,-0.722406,35,0,35,0.09162979,5.25000,prps,1,2090
71927,71.927,1,4004,54004,lowband_largesig_r01,prps,1371,-79,-0.667539,38,0,38,0.09948376,5.70000,prps,1,2094
71947,71.947,1,4004,54004,lowband_largesig_r01,prps,1380,-70,-0.587806,40,0,40,0.10471976,6.00000,prps,1,2098
71967,71.967,1,4004,54004,lowband_largesig_r01,prps,1391,-59,-0.493355,40,0,40,0.10471976,6.00000,prps,1,2102
71987,71.987,1,4004,54004,lowband_largesig_r01,prps,1403,-47,-0.394705,38,0,38,0.09948376,5.70000,prps,1,2106
72007,72.007,1,4004,54004,lowband_largesig_r01,prps,1414,-36,-0.300933,35,0,35,0.09162979,5.25000,prps,1,2110
72027,72.027,1,4004,54004,lowband_largesig_r01,prps,1424,-26,-0.218213,29,0,29,0.07592182,4.35000,prps,1,2114
72047,72.047,1,4004,54004,lowband_largesig_r01,prps,1432,-18,-0.148974,21,0,21,0.05497787,3.15000,prps,1,2118
72067,72.067,1,4004,54004,lowband_largesig_r01,prps,1439,-11,-0.091834,15,0,15,0.03926991,2.25000,prps,1,2122
72087,72.087,1,4004,54004,lowband_largesig_r01,prps,1445,-5,-0.042322,9,0,9,0.02356194,1.35000,prps,1,2126
72107,72.107,1,4004,54004,lowband_largesig_r01,prps,1451,1,0.005747,5,0,5,0.01308997,0.75000,prps,1,2130
72127,72.127,1,4004,54004,lowband_largesig_r01,prps,1457,7,0.058512,3,0,3,0.00785398,0.45000,prps,1,2134
72147,72.147,1,4004,54004,lowband_largesig_r01,prps,1464,14,0.120251,1,0,1,0.00261799,0.15000,prps,1,2138
72167,72.167,1,4004,54004,lowband_largesig_r01,prps,1473,23,0.191893,-1,0,-1,-0.00261799,-0.15000,prps,1,2142
72187,72.187,1,4004,54004,lowband_largesig_r01,prps,1482,32,0.270150,-5,0,-5,-0.01308997,-0.75000,prps,1,2146
72207,72.207,1,4004,54004,lowband_largesig_r01,prps,1491,41,0.347496,-8,0,-8,-0.02094395,-1.20000,prps,1,2150
72227,72.227,1,4004,54004,lowband_largesig_r01,prps,1499,49,0.413039,-13,0,-13,-0.03403392,-1.95000,prps,1,2154
72247,72.247,1,4004,54004,lowband_largesig_r01,prps,1504,54,0.454195,-20,0,-20,-0.05235988,-3.00000,prps,1,2158
72267,72.267,1,4004,54004,lowband_largesig_r01,prps,1505,55,0.458890,-25,0,-25,-0.06544985,-3.75000,prps,1,2162
72287,72.287,1,4004,54004,lowband_largesig_r01,prps,1500,50,0.417936,-30,0,-30,-0.07853982,-4.50000,prps,1,2166
72307,72.307,1,4004,54004,lowband_largesig_r01,prps,1489,39,0.327152,-32,0,-32,-0.08377580,-4.80000,prps,1,2170
72327,72.327,1,4004,54004,lowband_largesig_r01,prps,1472,22,0.188833,-32,0,-32,-0.08377580,-4.80000,prps,1,2174
72347,72.347,1,4004,54004,lowband_largesig_r01,prps,1451,1,0.012270,-30,0,-30,-0.07853982,-4.50000,prps,1,2178
72367,72.367,1,4004,54004,lowband_largesig_r01,prps,1428,-22,-0.186849,-24,0,-24,-0.06283185,-3.60000,prps,1,2182
72387,72.387,1,4004,54004,lowband_largesig_r01,prps,1404,-46,-0.388112,-16,0,-16,-0.04188790,-2.40000,prps,1,2186
72407,72.407,1,4004,54004,lowband_largesig_r01,prps,1382,-68,-0.568944,-4,0,-4,-0.01047198,-0.60000,prps,1,2190
72427,72.427,1,4004,54004,lowband_largesig_r01,prps,1366,-84,-0.707659,9,0,9,0.02356194,1.35000,prps,1,2194
72447,72.447,1,4004,54004,lowband_largesig_r01,prps,1356,-94,-0.786569,21,0,21,0.05497787,3.15000,prps,1,2198
72467,72.467,1,4004,54004,lowband_largesig_r01,prps,1355,-95,-0.794639,32,0,32,0.08377580,4.80000,prps,1,2202
72487,72.487,1,4004,54004,lowband_largesig_r01,prps,1363,-87,-0.729271,41,0,41,0.10733775,6.15000,prps,1,2206
72507,72.507,1,4004,54004,lowband_largesig_r01,prps,1379,-71,-0.596901,48,0,48,0.12566370,7.20000,prps,1,2210
72527,72.527,1,4004,54004,lowband_largesig_r01,prps,1401,-49,-0.412286,49,0,49,0.12828170,7.35000,prps,1,2214
72547,72.547,1,4004,54004,lowband_largesig_r01,prps,1427,-23,-0.196578,44,0,44,0.11519173,6.60000,prps,1,2218
72567,72.567,1,4004,54004,lowband_largesig_r01,prps,1453,3,0.025571,34,0,34,0.08901179,5.10000,prps,1,2222
72587,72.587,1,4004,54004,lowband_largesig_r01,prps,1477,27,0.229420,21,0,21,0.05497787,3.15000,prps,1,2226
72607,72.607,1,4004,54004,lowband_largesig_r01,prps,1497,47,0.393565,6,0,6,0.01570796,0.90000,prps,1,2230
72627,72.627,1,4004,54004,lowband_largesig_r01,prps,1510,60,0.502863,-8,0,-8,-0.02094395,-1.20000,prps,1,2234
72647,72.647,1,4004,54004,lowband_largesig_r01,prps,1515,65,0.550415,-22,0,-22,-0.05759586,-3.30000,prps,1,2238
72667,72.667,1,4004,54004,lowband_largesig_r01,prps,1514,64,0.538317,-33,0,-33,-0.08639380,-4.95000,prps,1,2242
72687,72.687,1,4004,54004,lowband_largesig_r01,prps,1507,57,0.477074,-40,0,-40,-0.10471976,-6.00000,prps,1,2246
72707,72.707,1,4004,54004,lowband_largesig_r01,prps,1496,46,0.383792,-41,0,-41,-0.10733775,-6.15000,prps,1,2250
72727,72.727,1,4004,54004,lowband_largesig_r01,prps,1483,33,0.279439,-39,0,-39,-0.10210176,-5.85000,prps,1,2254
72747,72.747,1,4004,54004,lowband_largesig_r01,prps,1472,22,0.185607,-36,0,-36,-0.09424778,-5.40000,prps,1,2258
72767,72.767,1,4004,54004,lowband_largesig_r01,prps,1464,14,0.121275,-31,0,-31,-0.08115781,-4.65000,prps,1,2262
72787,72.787,1,4004,54004,lowband_largesig_r01,prps,1462,12,0.100069,-25,0,-25,-0.06544985,-3.75000,prps,1,2266
72807,72.807,1,4004,54004,lowband_largesig_r01,prps,1465,15,0.128403,-21,0,-21,-0.05497787,-3.15000,prps,1,2270
72827,72.827,1,4004,54004,lowband_largesig_r01,prps,1474,24,0.204765,-17,0,-17,-0.04450589,-2.55000,prps,1,2274
72847,72.847,1,4004,54004,lowband_largesig_r01,prps,1488,38,0.320205,-16,0,-16,-0.04188790,-2.40000,prps,1,2278
72867,72.867,1,4004,54004,lowband_largesig_r01,prps,1505,55,0.459897,-17,0,-17,-0.04450589,-2.55000,prps,1,2282
72887,72.887,1,4004,54004,lowband_largesig_r01,prps,1522,72,0.605499,-20,0,-20,-0.05235988,-3.00000,prps,1,2286
72907,72.907,1,4004,54004,lowband_largesig_r01,prps,1538,88,0.737910,-28,0,-28,-0.07330382,-4.20000,prps,1,2290
72927,72.927,1,4004,54004,lowband_largesig_r01,prps,1550,100,0.839977,-35,0,-35,-0.09162979,-5.25000,prps,1,2294
72947,72.947,1,4004,54004,lowband_largesig_r01,prps,1557,107,0.898762,-45,0,-45,-0.11780972,-6.75000,prps,1,2298
72967,72.967,1,4004,54004,lowband_largesig_r01,prps,1558,108,0.907038,-53,0,-53,-0.13875367,-7.95000,prps,1,2302
72987,72.987,1,4004,54004,lowband_largesig_r01,prps,1553,103,0.863845,-59,0,-59,-0.15446164,-8.85000,prps,1,2306
73007,73.007,1,4004,54004,lowband_largesig_r01,prps,1542,92,0.774093,-63,0,-63,-0.16493360,-9.45000,prps,1,2310
73027,73.027,1,4004,54004,lowband_largesig_r01,prps,1527,77,0.647357,-64,0,-64,-0.16755160,-9.60000,prps,1,2314
73047,73.047,1,4004,54004,lowband_largesig_r01,prps,1509,59,0.496112,-62,0,-62,-0.16231562,-9.30000,prps,1,2318
73067,73.067,1,4004,54004,lowband_largesig_r01,prps,1490,40,0.333743,-55,0,-55,-0.14398966,-8.25000,prps,1,2322
73087,73.087,1,4004,54004,lowband_largesig_r01,prps,1471,21,0.172676,-48,0,-48,-0.12566370,-7.20000,prps,1,2326
73107,73.107,1,4004,54004,lowband_largesig_r01,prps,1453,3,0.022911,-39,0,-39,-0.10210176,-5.85000,prps,1,2330
73127,73.127,1,4004,54004,lowband_largesig_r01,prps,1437,-13,-0.108850,-30,0,-30,-0.07853982,-4.50000,prps,1,2334
73147,73.147,1,4004,54004,lowband_largesig_r01,prps,1424,-26,-0.219394,-19,0,-19,-0.04974188,-2.85000,prps,1,2338
73167,73.167,1,4004,54004,lowband_largesig_r01,prps,1413,-37,-0.308577,-8,0,-8,-0.02094395,-1.20000,prps,1,2342
73187,73.187,1,4004,54004,lowband_largesig_r01,prps,1405,-45,-0.378444,2,0,2,0.00523599,0.30000,prps,1,2346
73207,73.207,1,4004,54004,lowband_largesig_r01,prps,1399,-51,-0.432120,10,0,10,0.02617994,1.50000,prps,1,2350
73227,73.227,1,4004,54004,lowband_largesig_r01,prps,1394,-56,-0.472715,16,0,16,0.04188790,2.40000,prps,1,2354
73247,73.247,1,4004,54004,lowband_largesig_r01,prps,1390,-60,-0.502486,19,0,19,0.04974188,2.85000,prps,1,2358
73267,73.267,1,4004,54004,lowband_largesig_r01,prps,1388,-62,-0.522377,21,0,21,0.05497787,3.15000,prps,1,2362
73287,73.287,1,4004,54004,lowband_largesig_r01,prps,1387,-63,-0.532027,23,0,23,0.06021386,3.45000,prps,1,2366
73307,73.307,1,4004,54004,lowband_largesig_r01,prps,1387,-63,-0.530184,24,0,24,0.06283185,3.60000,prps,1,2370
73327,73.327,1,4004,54004,lowband_largesig_r01,prps,1389,-61,-0.515394,25,0,25,0.06544985,3.75000,prps,1,2374
73347,73.347,1,4004,54004,lowband_largesig_r01,prps,1392,-58,-0.486797,25,0,25,0.06544985,3.75000,prps,1,2378
73367,73.367,1,4004,54004,lowband_largesig_r01,prps,1397,-53,-0.444810,25,0,25,0.06544985,3.75000,prps,1,2382
73387,73.387,1,4004,54004,lowband_largesig_r01,prps,1403,-47,-0.391530,26,0,26,0.06806784,3.90000,prps,1,2386
73407,73.407,1,4004,54004,lowband_largesig_r01,prps,1411,-39,-0.330751,25,0,25,0.06544985,3.75000,prps,1,2390
73427,73.427,1,4004,54004,lowband_largesig_r01,prps,1418,-32,-0.267565,24,0,24,0.06283185,3.60000,prps,1,2394
73447,73.447,1,4004,54004,lowband_largesig_r01,prps,1425,-25,-0.207620,21,0,21,0.05497787,3.15000,prps,1,2398
73467,73.467,1,4004,54004,lowband_largesig_r01,prps,1431,-19,-0.156172,17,0,17,0.04450589,2.55000,prps,1,2402
73487,73.487,1,4004,54004,lowband_largesig_r01,prps,1436,-14,-0.117133,13,0,13,0.03403392,1.95000,prps,1,2406
73507,73.507,1,4004,54004,lowband_largesig_r01,prps,1439,-11,-0.092308,10,0,10,0.02617994,1.50000,prps,1,2410
73527,73.527,1,4004,54004,lowband_largesig_r01,prps,1440,-10,-0.080996,7,0,7,0.01832596,1.05000,prps,1,2414
73547,73.547,1,4004,54004,lowband_largesig_r01,prps,1440,-10,-0.080048,6,0,6,0.01570796,0.90000,prps,1,2418
73567,73.567,1,4004,54004,lowband_largesig_r01,prps,1440,-10,-0.084404,4,0,4,0.01047198,0.60000,prps,1,2422
73587,73.587,1,4004,54004,lowband_largesig_r01,prps,1440,-10,-0.088011,4,0,4,0.01047198,0.60000,prps,1,2426
73607,73.607,1,4004,54004,lowband_largesig_r01,prps,1440,-10,-0.084973,4,0,4,0.01047198,0.60000,prps,1,2430
73627,73.627,1,4004,54004,lowband_largesig_r01,prps,1442,-8,-0.070701,4,0,4,0.01047198,0.60000,prps,1,2434
73647,73.647,1,4004,54004,lowband_largesig_r01,prps,1445,-5,-0.042856,4,0,4,0.01047198,0.60000,prps,1,2438
73667,73.667,1,4004,54004,lowband_largesig_r01,prps,1450,0,-0.001890,3,0,3,0.00785398,0.45000,prps,1,2442
73687,73.687,1,4004,54004,lowband_largesig_r01,prps,1456,6,0.048936,1,0,1,0.00261799,0.15000,prps,1,2446
73707,73.707,1,4004,54004,lowband_largesig_r01,prps,1462,12,0.104077,0,0,0,0.00000000,0.00000,prps,1,2450
73727,73.727,1,4004,54004,lowband_largesig_r01,prps,1469,19,0.156681,-1,0,-1,-0.00261799,-0.15000,prps,1,2454
73747,73.747,1,4004,54004,lowband_largesig_r01,prps,1474,24,0.199858,-4,0,-4,-0.01047198,-0.60000,prps,1,2458
73767,73.767,1,4004,54004,lowband_largesig_r01,prps,1477,27,0.227995,-7,0,-7,-0.01832596,-1.05000,prps,1,2462
73787,73.787,1,4004,54004,lowband_largesig_r01,prps,1478,28,0.237879,-10,0,-10,-0.02617994,-1.50000,prps,1,2466
73807,73.807,1,4004,54004,lowband_largesig_r01,prps,1477,27,0.229405,-13,0,-13,-0.03403392,-1.95000,prps,1,2470
73827,73.827,1,4004,54004,lowband_largesig_r01,prps,1474,24,0.205716,-16,0,-16,-0.04188790,-2.40000,prps,1,2474
73847,73.847,1,4004,54004,lowband_largesig_r01,prps,1471,21,0.172733,-17,0,-17,-0.04450589,-2.55000,prps,1,2478
73867,73.867,1,4004,54004,lowband_largesig_r01,prps,1466,16,0.138152,-17,0,-17,-0.04450589,-2.55000,prps,1,2482
73887,73.887,1,4004,54004,lowband_largesig_r01,prps,1463,13,0.110061,-17,0,-17,-0.04450589,-2.55000,prps,1,2486
73907,73.907,1,4004,54004,lowband_largesig_r01,prps,1461,11,0.095435,-17,0,-17,-0.04450589,-2.55000,prps,1,2490
73927,73.927,1,4004,54004,lowband_largesig_r01,prps,1462,12,0.098790,-16,0,-16,-0.04188790,-2.40000,prps,1,2494
73947,73.947,1,4004,54004,lowband_largesig_r01,prps,1464,14,0.121229,-15,0,-15,-0.03926991,-2.25000,prps,1,2498
73967,73.967,1,4004,54004,lowband_largesig_r01,prps,1469,19,0.160096,-14,0,-14,-0.03665191,-2.10000,prps,1,2502
73987,73.987,1,4004,54004,lowband_largesig_r01,prps,1475,25,0.209302,-14,0,-14,-0.03665191,-2.10000,prps,1,2506
74007,74.007,1,4004,54004,lowband_largesig_r01,prps,1481,31,0.260285,-14,0,-14,-0.03665191,-2.10000,prps,1,2510
74027,74.027,1,4004,54004,lowband_largesig_r01,prps,1486,36,0.303460,-15,0,-15,-0.03926991,-2.25000,prps,1,2514
74047,74.047,1,4004,54004,lowband_largesig_r01,prps,1489,39,0.329893,-16,0,-16,-0.04188790,-2.40000,prps,1,2518
74067,74.067,1,4004,54004,lowband_largesig_r01,prps,1490,40,0.332915,-19,0,-19,-0.04974188,-2.85000,prps,1,2522
74087,74.087,1,4004,54004,lowband_largesig_r01,prps,1487,37,0.309373,-22,0,-22,-0.05759586,-3.30000,prps,1,2526
74107,74.107,1,4004,54004,lowband_largesig_r01,prps,1481,31,0.260288,-25,0,-25,-0.06544985,-3.75000,prps,1,2530
74127,74.127,1,4004,54004,lowband_largesig_r01,prps,1473,23,0.190794,-26,0,-26,-0.06806784,-3.90000,prps,1,2534
74147,74.147,1,4004,54004,lowband_largesig_r01,prps,1463,13,0.109340,-25,0,-25,-0.06544985,-3.75000,prps,1,2538
74167,74.167,1,4004,54004,lowband_largesig_r01,prps,1453,3,0.026298,-24,0,-24,-0.06283185,-3.60000,prps,1,2542
74187,74.187,1,4004,54004,lowband_largesig_r01,prps,1444,-6,-0.047792,-20,0,-20,-0.05235988,-3.00000,prps,1,2546
74207,74.207,1,4004,54004,lowband_largesig_r01,prps,1438,-12,-0.104020,-15,0,-15,-0.03926991,-2.25000,prps,1,2550
74227,74.227,1,4004,54004,lowband_largesig_r01,prps,1434,-16,-0.136644,-9,0,-9,-0.02356194,-1.35000,prps,1,2554
74247,74.247,1,4004,54004,lowband_largesig_r01,prps,1433,-17,-0.144056,-4,0,-4,-0.01047198,-0.60000,prps,1,2558
74267,74.267,1,4004,54004,lowband_largesig_r01,prps,1435,-15,-0.129020,1,0,1,0.00261799,0.15000,prps,1,2562
74287,74.287,1,4004,54004,lowband_largesig_r01,prps,1438,-12,-0.098107,2,0,2,0.00523599,0.30000,prps,1,2566
74307,74.307,1,4004,54004,lowband_largesig_r01,prps,1443,-7,-0.060430,2,0,2,0.00523599,0.30000,prps,1,2570
74327,74.327,1,4004,54004,lowband_largesig_r01,prps,1447,-3,-0.025886,2,0,2,0.00523599,0.30000,prps,1,2574
74347,74.347,1,4004,54004,lowband_largesig_r01,prps,1450,0,-0.003229,2,0,2,0.00523599,0.30000,prps,1,2578
74367,74.367,1,4004,54004,lowband_largesig_r01,prps,1450,0,0.001676,2,0,2,0.00523599,0.30000,prps,1,2582
74387,74.387,1,4004,54004,lowband_largesig_r01,prps,1448,-2,-0.012898,2,0,2,0.00523599,0.30000,prps,1,2586
74407,74.407,1,4004,54004,lowband_largesig_r01,prps,1445,-5,-0.044049,2,0,2,0.00523599,0.30000,prps,1,2590
74427,74.427,1,4004,54004,lowband_largesig_r01,prps,1440,-10,-0.084615,2,0,2,0.00523599,0.30000,prps,1,2594
74447,74.447,1,4004,54004,lowband_largesig_r01,prps,1435,-15,-0.124366,2,0,2,0.00523599,0.30000,prps,1,2598
74467,74.467,1,4004,54004,lowband_largesig_r01,prps,1432,-18,-0.151828,2,0,2,0.00523599,0.30000,prps,1,2602
74487,74.487,1,4004,54004,lowband_largesig_r01,prps,1431,-19,-0.156441,2,0,2,0.00523599,0.30000,prps,1,2606
74507,74.507,1,4004,54004,lowband_largesig_r01,prps,1434,-16,-0.130653,2,0,2,0.00523599,0.30000,prps,1,2610
74527,74.527,1,4004,54004,lowband_largesig_r01,prps,1441,-9,-0.071593,3,0,3,0.00785398,0.45000,prps,1,2614
74547,74.547,1,4004,54004,lowband_largesig_r01,prps,1452,2,0.018003,3,0,3,0.00785398,0.45000,prps,1,2618
74567,74.567,1,4004,54004,lowband_largesig_r01,prps,1465,15,0.129809,2,0,2,0.00523599,0.30000,prps,1,2622
74587,74.587,1,4004,54004,lowband_largesig_r01,prps,1480,30,0.250884,0,0,0,0.00000000,0.00000,prps,1,2626
74607,74.607,1,4004,54004,lowband_largesig_r01,prps,1493,43,0.365494,-4,0,-4,-0.01047198,-0.60000,prps,1,2630
74627,74.627,1,4004,54004,lowband_largesig_r01,prps,1504,54,0.457476,-10,0,-10,-0.02617994,-1.50000,prps,1,2634
74647,74.647,1,4004,54004,lowband_largesig_r01,prps,1511,61,0.512774,-18,0,-18,-0.04712389,-2.70000,prps,1,2638
74667,74.667,1,4004,54004,lowband_largesig_r01,prps,1512,62,0.521714,-26,0,-26,-0.06806784,-3.90000,prps,1,2642
74687,74.687,1,4004,54004,lowband_largesig_r01,prps,1507,57,0.480638,-33,0,-33,-0.08639380,-4.95000,prps,1,2646
74707,74.707,1,4004,54004,lowband_largesig_r01,prps,1497,47,0.392594,-37,0,-37,-0.09686577,-5.55000,prps,1,2650
74727,74.727,1,4004,54004,lowband_largesig_r01,prps,1482,32,0.266976,-38,0,-38,-0.09948376,-5.70000,prps,1,2654
74747,74.747,1,4004,54004,lowband_largesig_r01,prps,1464,14,0.118128,-36,0,-36,-0.09424778,-5.40000,prps,1,2658
74767,74.767,1,4004,54004,lowband_largesig_r01,prps,1446,-4,-0.036844,-31,0,-31,-0.08115781,-4.65000,prps,1,2662
74787,74.787,1,4004,54004,lowband_largesig_r01,prps,1428,-22,-0.180713,-22,0,-22,-0.05759586,-3.30000,prps,1,2666
74807,74.807,1,4004,54004,lowband_largesig_r01,prps,1414,-36,-0.298782,-13,0,-13,-0.03403392,-1.95000,prps,1,2670
74827,74.827,1,4004,54004,lowband_largesig_r01,prps,1405,-45,-0.381106,-2,0,-2,-0.00523599,-0.30000,prps,1,2674
74847,74.847,1,4004,54004,lowband_largesig_r01,prps,1400,-50,-0.423912,7,0,7,0.01832596,1.05000,prps,1,2678
74867,74.867,1,4004,54004,lowband_largesig_r01,prps,1399,-51,-0.429987,14,0,14,0.03665191,2.10000,prps,1,2682
74887,74.887,1,4004,54004,lowband_largesig_r01,prps,1401,-49,-0.407955,16,0,16,0.04188790,2.40000,prps,1,2686
74907,74.907,1,4004,54004,lowband_largesig_r01,prps,1406,-44,-0.370576,17,0,17,0.04450589,2.55000,prps,1,2690
74927,74.927,1,4004,54004,lowband_largesig_r01,prps,1410,-40,-0.332357,17,0,17,0.04450589,2.55000,prps,1,2694
74947,74.947,1,4004,54004,lowband_largesig_r01,prps,1413,-37,-0.306877,17,0,17,0.04450589,2.55000,prps,1,2698
74967,74.967,1,4004,54004,lowband_largesig_r01,prps,1414,-36,-0.304275,17,0,17,0.04450589,2.55000,prps,1,2702
74987,74.987,1,4004,54004,lowband_largesig_r01,prps,1411,-39,-0.329358,16,0,16,0.04188790,2.40000,prps,1,2706
75007,75.007,1,4004,54004,lowband_largesig_r01,prps,1405,-45,-0.380621,16,0,16,0.04188790,2.40000,prps,1,2710
75027,75.027,1,4004,54004,lowband_largesig_r01,prps,1396,-54,-0.450385,16,0,16,0.04188790,2.40000,prps,1,2714
75047,75.047,1,4004,54004,lowband_largesig_r01,prps,1387,-63,-0.526019,16,0,16,0.04188790,2.40000,prps,1,2718
75067,75.067,1,4004,54004,lowband_largesig_r01,prps,1380,-70,-0.592053,19,0,19,0.04974188,2.85000,prps,1,2722
75087,75.087,1,4004,54004,lowband_largesig_r01,prps,1375,-75,-0.632840,22,0,22,0.05759586,3.30000,prps,1,2726
75107,75.107,1,4004,54004,lowband_largesig_r01,prps,1374,-76,-0.635311,25,0,25,0.06544985,3.75000,prps,1,2730
75127,75.127,1,4004,54004,lowband_largesig_r01,prps,1380,-70,-0.591380,29,0,29,0.07592182,4.35000,prps,1,2734
75147,75.147,1,4004,54004,lowband_largesig_r01,prps,1391,-59,-0.499569,31,0,31,0.08115781,4.65000,prps,1,2738
75167,75.167,1,4004,54004,lowband_largesig_r01,prps,1406,-44,-0.365602,32,0,32,0.08377580,4.80000,prps,1,2742
75187,75.187,1,4004,54004,lowband_largesig_r01,prps,1426,-24,-0.201838,31,0,31,0.08115781,4.65000,prps,1,2746
75207,75.207,1,4004,54004,lowband_largesig_r01,prps,1447,-3,-0.025637,26,0,26,0.06806784,3.90000,prps,1,2750
75227,75.227,1,4004,54004,lowband_largesig_r01,prps,1467,17,0.143098,17,0,17,0.04450589,2.55000,prps,1,2754
75247,75.247,1,4004,54004,lowband_largesig_r01,prps,1484,34,0.284808,6,0,6,0.01570796,0.90000,prps,1,2758
75267,75.267,1,4004,54004,lowband_largesig_r01,prps,1496,46,0.383147,-3,0,-3,-0.00785398,-0.45000,prps,1,2762
75287,75.287,1,4004,54004,lowband_largesig_r01,prps,1501,51,0.427386,-12,0,-12,-0.03141592,-1.80000,prps,1,2766
75307,75.307,1,4004,54004,lowband_largesig_r01,prps,1499,49,0.413978,-21,0,-21,-0.05497787,-3.15000,prps,1,2770
75327,75.327,1,4004,54004,lowband_largesig_r01,prps,1491,41,0.347066,-28,0,-28,-0.07330382,-4.20000,prps,1,2774
75347,75.347,1,4004,54004,lowband_largesig_r01,prps,1478,28,0.237857,-32,0,-32,-0.08377580,-4.80000,prps,1,2778
75367,75.367,1,4004,54004,lowband_largesig_r01,prps,1462,12,0.102993,-30,0,-30,-0.07853982,-4.50000,prps,1,2782
75387,75.387,1,4004,54004,lowband_largesig_r01,prps,1445,-5,-0.037830,-27,0,-27,-0.07068583,-4.05000,prps,1,2786
75407,75.407,1,4004,54004,lowband_largesig_r01,prps,1430,-20,-0.164598,-21,0,-21,-0.05497787,-3.15000,prps,1,2790
75427,75.427,1,4004,54004,lowband_largesig_r01,prps,1419,-31,-0.259673,-13,0,-13,-0.03403392,-1.95000,prps,1,2794
75447,75.447,1,4004,54004,lowband_largesig_r01,prps,1413,-37,-0.310038,-4,0,-4,-0.01047198,-0.60000,prps,1,2798
75467,75.467,1,4004,54004,lowband_largesig_r01,prps,1413,-37,-0.308800,5,0,5,0.01308997,0.75000,prps,1,2802
75487,75.487,1,4004,54004,lowband_largesig_r01,prps,1420,-30,-0.255761,10,0,10,0.02617994,1.50000,prps,1,2806
75507,75.507,1,4004,54004,lowband_largesig_r01,prps,1431,-19,-0.157047,12,0,12,0.03141592,1.80000,prps,1,2810
75527,75.527,1,4004,54004,lowband_largesig_r01,prps,1447,-3,-0.023905,12,0,12,0.03141592,1.80000,prps,1,2814
75547,75.547,1,4004,54004,lowband_largesig_r01,prps,1465,15,0.129085,10,0,10,0.02617994,1.50000,prps,1,2818
75567,75.567,1,4004,54004,lowband_largesig_r01,prps,1484,34,0.286074,5,0,5,0.01308997,0.75000,prps,1,2822
75587,75.587,1,4004,54004,lowband_largesig_r01,prps,1501,51,0.431964,-2,0,-2,-0.00523599,-0.30000,prps,1,2826
75607,75.607,1,4004,54004,lowband_largesig_r01,prps,1516,66,0.554085,-11,0,-11,-0.02879793,-1.65000,prps,1,2830
75627,75.627,1,4004,54004,lowband_largesig_r01,prps,1527,77,0.643340,-22,0,-22,-0.05759586,-3.30000,prps,1,2834
75647,75.647,1,4004,54004,lowband_largesig_r01,prps,1533,83,0.694720,-32,0,-32,-0.08377580,-4.80000,prps,1,2838
75667,75.667,1,4004,54004,lowband_largesig_r01,prps,1534,84,0.707202,-41,0,-41,-0.10733775,-6.15000,prps,1,2842
75687,75.687,1,4004,54004,lowband_largesig_r01,prps,1531,81,0.683160,-47,0,-47,-0.12304571,-7.05000,prps,1,2846
75707,75.707,1,4004,54004,lowband_largesig_r01,prps,1525,75,0.627475,-50,0,-50,-0.13089970,-7.50000,prps,1,2850
75727,75.727,1,4004,54004,lowband_largesig_r01,prps,1515,65,0.546536,-50,0,-50,-0.13089970,-7.50000,prps,1,2854
75747,75.747,1,4004,54004,lowband_largesig_r01,prps,1503,53,0.447356,-49,0,-49,-0.12828170,-7.35000,prps,1,2858
75767,75.767,1,4004,54004,lowband_largesig_r01,prps,1490,40,0.336911,-47,0,-47,-0.12304571,-7.05000,prps,1,2862
75787,75.787,1,4004,54004,lowband_largesig_r01,prps,1476,26,0.221776,-42,0,-42,-0.10995574,-6.30000,prps,1,2866
75807,75.807,1,4004,54004,lowband_largesig_r01,prps,1463,13,0.108039,-37,0,-37,-0.09686577,-5.55000,prps,1,2870
75827,75.827,1,4004,54004,lowband_largesig_r01,prps,1450,0,0.001400,-30,0,-30,-0.07853982,-4.50000,prps,1,2874
75847,75.847,1,4004,54004,lowband_largesig_r01,prps,1439,-11,-0.092674,-22,0,-22,-0.05759586,-3.30000,prps,1,2878
75867,75.867,1,4004,54004,lowband_largesig_r01,prps,1430,-20,-0.168868,-14,0,-14,-0.03665191,-2.10000,prps,1,2882
75887,75.887,1,4004,54004,lowband_largesig_r01,prps,1424,-26,-0.222131,-7,0,-7,-0.01832596,-1.05000,prps,1,2886
75907,75.907,1,4004,54004,lowband_largesig_r01,prps,1420,-30,-0.248019,0,0,0,0.00000000,0.00000,prps,1,2890
75927,75.927,1,4004,54004,lowband_largesig_r01,prps,1421,-29,-0.243253,6,0,6,0.01570796,0.90000,prps,1,2894
75947,75.947,1,4004,54004,lowband_largesig_r01,prps,1425,-25,-0.206398,8,0,8,0.02094395,1.20000,prps,1,2898
75967,75.967,1,4004,54004,lowband_largesig_r01,prps,1434,-16,-0.138519,8,0,8,0.02094395,1.20000,prps,1,2902
75987,75.987,1,4004,54004,lowband_largesig_r01,prps,1445,-5,-0.043637,8,0,8,0.02094395,1.20000,prps,1,2906
76007,76.007,1,4004,54004,lowband_largesig_r01,prps,1458,8,0.071162,8,0,8,0.02094395,1.20000,prps,1,2910
76027,76.027,1,4004,54004,lowband_largesig_r01,prps,1473,23,0.196068,6,0,6,0.01570796,0.90000,prps,1,2914
76059,76.059,1,4004,54004,lowband_largesig_r01,prps,1488,38,0.319376,-4,0,-4,-0.01047198,-0.60000,prps,1,2918
76079,76.079,1,4004,54004,lowband_largesig_r01,prps,1501,51,0.428718,-10,0,-10,-0.02617994,-1.50000,prps,1,2922
76099,76.099,1,4004,54004,lowband_largesig_r01,prps,1511,61,0.512552,-16,0,-16,-0.04188790,-2.40000,prps,1,2926
76119,76.119,1,4004,54004,lowband_largesig_r01,prps,1517,67,0.561691,-24,0,-24,-0.06283185,-3.60000,prps,1,2930
76139,76.139,1,4004,54004,lowband_largesig_r01,prps,1518,68,0.570618,-31,0,-31,-0.08115781,-4.65000,prps,1,2934
76159,76.159,1,4004,54004,lowband_largesig_r01,prps,1514,64,0.538348,-36,0,-36,-0.09424778,-5.40000,prps,1,2938
76179,76.179,1,4004,54004,lowband_largesig_r01,prps,1506,56,0.468677,-40,0,-40,-0.10471976,-6.00000,prps,1,2942
76199,76.199,1,4004,54004,lowband_largesig_r01,prps,1494,44,0.369733,-42,0,-42,-0.10995574,-6.30000,prps,1,2946
76219,76.219,1,4004,54004,lowband_largesig_r01,prps,1480,30,0.252866,-41,0,-41,-0.10733775,-6.15000,prps,1,2950
76239,76.239,1,4004,54004,lowband_largesig_r01,prps,1466,16,0.131032,-38,0,-38,-0.09948376,-5.70000,prps,1,2954
76259,76.259,1,4004,54004,lowband_largesig_r01,prps,1452,2,0.016918,-33,0,-33,-0.08639380,-4.95000,prps,1,2958
76279,76.279,1,4004,54004,lowband_largesig_r01,prps,1441,-9,-0.078902,-25,0,-25,-0.06544985,-3.75000,prps,1,2962
76299,76.299,1,4004,54004,lowband_largesig_r01,prps,1432,-18,-0.149465,-17,0,-17,-0.04450589,-2.55000,prps,1,2966
76319,76.319,1,4004,54004,lowband_largesig_r01,prps,1427,-23,-0.192334,-9,0,-9,-0.02356194,-1.35000,prps,1,2970
76339,76.339,1,4004,54004,lowband_largesig_r01,prps,1425,-25,-0.209757,-2,0,-2,-0.00523599,-0.30000,prps,1,2974
76359,76.359,1,4004,54004,lowband_largesig_r01,prps,1425,-25,-0.208053,3,0,3,0.00785398,0.45000,prps,1,2978
76379,76.379,1,4004,54004,lowband_largesig_r01,prps,1427,-23,-0.196320,6,0,6,0.01570796,0.90000,prps,1,2982
76399,76.399,1,4004,54004,lowband_largesig_r01,prps,1428,-22,-0.184673,6,0,6,0.01570796,0.90000,prps,1,2986
76419,76.419,1,4004,54004,lowband_largesig_r01,prps,1428,-22,-0.182344,7,0,7,0.01832596,1.05000,prps,1,2990
76439,76.439,1,4004,54004,lowband_largesig_r01,prps,1427,-23,-0.195941,7,0,7,0.01832596,1.05000,prps,1,2994
76459,76.459,1,4004,54004,lowband_largesig_r01,prps,1423,-27,-0.228197,7,0,7,0.01832596,1.05000,prps,1,2998
76479,76.479,1,4004,54004,lowband_largesig_r01,prps,1417,-33,-0.277423,7,0,7,0.01832596,1.05000,prps,1,3002
76499,76.499,1,4004,54004,lowband_largesig_r01,prps,1410,-40,-0.337766,9,0,9,0.02356194,1.35000,prps,1,3006
76519,76.519,1,4004,54004,lowband_largesig_r01,prps,1402,-48,-0.400236,10,0,10,0.02617994,1.50000,prps,1,3010
76539,76.539,1,4004,54004,lowband_largesig_r01,prps,1396,-54,-0.454316,12,0,12,0.03141592,1.80000,prps,1,3014
76559,76.559,1,4004,54004,lowband_largesig_r01,prps,1392,-58,-0.489887,14,0,14,0.03665191,2.10000,prps,1,3018
76579,76.579,1,4004,54004,lowband_largesig_r01,prps,1391,-59,-0.499117,16,0,16,0.04188790,2.40000,prps,1,3022
76599,76.599,1,4004,54004,lowband_largesig_r01,prps,1393,-57,-0.477968,18,0,18,0.04712389,2.70000,prps,1,3026
76619,76.619,1,4004,54004,lowband_largesig_r01,prps,1399,-51,-0.427071,20,0,20,0.05235988,3.00000,prps,1,3030
76639,76.639,1,4004,54004,lowband_largesig_r01,prps,1408,-42,-0.351767,21,0,21,0.05497787,3.15000,prps,1,3034
76659,76.659,1,4004,54004,lowband_largesig_r01,prps,1419,-31,-0.261334,21,0,21,0.05497787,3.15000,prps,1,3038
76679,76.679,1,4004,54004,lowband_largesig_r01,prps,1430,-20,-0.167499,20,0,20,0.05235988,3.00000,prps,1,3042
76699,76.699,1,4004,54004,lowband_largesig_r01,prps,1440,-10,-0.082496,16,0,16,0.04188790,2.40000,prps,1,3046
76719,76.719,1,4004,54004,lowband_largesig_r01,prps,1448,-2,-0.017023,12,0,12,0.03141592,1.80000,prps,1,3050
76739,76.739,1,4004,54004,lowband_largesig_r01,prps,1453,3,0.021559,8,0,8,0.02094395,1.20000,prps,1,3054
76759,76.759,1,4004,54004,lowband_largesig_r01,prps,1454,4,0.030446,5,0,5,0.01308997,0.75000,prps,1,3058
76779,76.779,1,4004,54004,lowband_largesig_r01,prps,1451,1,0.011818,1,0,1,0.00261799,0.15000,prps,1,3062
76799,76.799,1,4004,54004,lowband_largesig_r01,prps,1447,-3,-0.027615,0,0,0,0.00000000,0.00000,prps,1,3066
76819,76.819,1,4004,54004,lowband_largesig_r01,prps,1441,-9,-0.077885,-1,0,-1,-0.00261799,-0.15000,prps,1,3070
76839,76.839,1,4004,54004,lowband_largesig_r01,prps,1435,-15,-0.127621,-1,0,-1,-0.00261799,-0.15000,prps,1,3074
76859,76.859,1,4004,54004,lowband_largesig_r01,prps,1430,-20,-0.166172,-1,0,-1,-0.00261799,-0.15000,prps,1,3078
76879,76.879,1,4004,54004,lowband_largesig_r01,prps,1428,-22,-0.185611,1,0,1,0.00261799,0.15000,prps,1,3082
76899,76.899,1,4004,54004,lowband_largesig_r01,prps,1428,-22,-0.182266,2,0,2,0.00523599,0.30000,prps,1,3086
76919,76.919,1,4004,54004,lowband_largesig_r01,prps,1431,-19,-0.157483,4,0,4,0.01047198,0.60000,prps,1,3090
76939,76.939,1,4004,54004,lowband_largesig_r01,prps,1436,-14,-0.117467,5,0,5,0.01308997,0.75000,prps,1,3094
76959,76.959,1,4004,54004,lowband_largesig_r01,prps,1441,-9,-0.072224,5,0,5,0.01308997,0.75000,prps,1,3098
76979,76.979,1,4004,54004,lowband_largesig_r01,prps,1446,-4,-0.033756,4,0,4,0.01047198,0.60000,prps,1,3102
76999,76.999,1,4004,54004,lowband_largesig_r01,prps,1448,-2,-0.013832,4,0,4,0.01047198,0.60000,prps,1,3106
77019,77.019,1,4004,54004,lowband_largesig_r01,prps,1447,-3,-0.021709,4,0,4,0.01047198,0.60000,prps,1,3110
77039,77.039,1,4004,54004,lowband_largesig_r01,prps,1443,-7,-0.062219,4,0,4,0.01047198,0.60000,prps,1,3114
77059,77.059,1,4004,54004,lowband_largesig_r01,prps,1434,-16,-0.134567,3,0,3,0.00785398,0.45000,prps,1,3118
77079,77.079,1,4004,54004,lowband_largesig_r01,prps,1422,-28,-0.232075,3,0,3,0.00785398,0.45000,prps,1,3122
77099,77.099,1,4004,54004,lowband_largesig_r01,prps,1409,-41,-0.342942,4,0,4,0.01047198,0.60000,prps,1,3126
77119,77.119,1,4004,54004,lowband_largesig_r01,prps,1396,-54,-0.451921,6,0,6,0.01570796,0.90000,prps,1,3130
77139,77.139,1,4004,54004,lowband_largesig_r01,prps,1385,-65,-0.542652,10,0,10,0.02617994,1.50000,prps,1,3134
77159,77.159,1,4004,54004,lowband_largesig_r01,prps,1379,-71,-0.600264,15,0,15,0.03926991,2.25000,prps,1,3138
77179,77.179,1,4004,54004,lowband_largesig_r01,prps,1377,-73,-0.613818,20,0,20,0.05235988,3.00000,prps,1,3142
77199,77.199,1,4004,54004,lowband_largesig_r01,prps,1381,-69,-0.578174,25,0,25,0.06544985,3.75000,prps,1,3146
77219,77.219,1,4004,54004,lowband_largesig_r01,prps,1391,-59,-0.494959,29,0,29,0.07592182,4.35000,prps,1,3150
77239,77.239,1,4004,54004,lowband_largesig_r01,prps,1406,-44,-0.372467,30,0,30,0.07853982,4.50000,prps,1,3154
77259,77.259,1,4004,54004,lowband_largesig_r01,prps,1423,-27,-0.224473,30,0,30,0.07853982,4.50000,prps,1,3158
77279,77.279,1,4004,54004,lowband_largesig_r01,prps,1442,-8,-0.068177,26,0,26,0.06806784,3.90000,prps,1,3162
77299,77.299,1,4004,54004,lowband_largesig_r01,prps,1459,9,0.078425,19,0,19,0.04974188,2.85000,prps,1,3166
77319,77.319,1,4004,54004,lowband_largesig_r01,prps,1474,24,0.199287,10,0,10,0.02617994,1.50000,prps,1,3170
77339,77.339,1,4004,54004,lowband_largesig_r01,prps,1484,34,0.282744,1,0,1,0.00261799,0.15000,prps,1,3174
77359,77.359,1,4004,54004,lowband_largesig_r01,prps,1488,38,0.323216,-7,0,-7,-0.01832596,-1.05000,prps,1,3178
77379,77.379,1,4004,54004,lowband_largesig_r01,prps,1488,38,0.321921,-14,0,-14,-0.03665191,-2.10000,prps,1,3182
77399,77.399,1,4004,54004,lowband_largesig_r01,prps,1484,34,0.286468,-20,0,-20,-0.05235988,-3.00000,prps,1,3186
77419,77.419,1,4004,54004,lowband_largesig_r01,prps,1477,27,0.229418,-23,0,-23,-0.06021386,-3.45000,prps,1,3190
77439,77.439,1,4004,54004,lowband_largesig_r01,prps,1470,20,0.166049,-24,0,-24,-0.06283185,-3.60000,prps,1,3194
77459,77.459,1,4004,54004,lowband_largesig_r01,prps,1463,13,0.111705,-24,0,-24,-0.06283185,-3.60000,prps,1,3198
77479,77.479,1,4004,54004,lowband_largesig_r01,prps,1459,9,0.079171,-23,0,-23,-0.06021386,-3.45000,prps,1,3202
77499,77.499,1,4004,54004,lowband_largesig_r01,prps,1459,9,0.076514,-21,0,-21,-0.05497787,-3.15000,prps,1,3206
77519,77.519,1,4004,54004,lowband_largesig_r01,prps,1463,13,0.105738,-18,0,-18,-0.04712389,-2.70000,prps,1,3210
77539,77.539,1,4004,54004,lowband_largesig_r01,prps,1469,19,0.162477,-16,0,-16,-0.04188790,-2.40000,prps,1,3214
77559,77.559,1,4004,54004,lowband_largesig_r01,prps,1478,28,0.236760,-15,0,-15,-0.03926991,-2.25000,prps,1,3218
77579,77.579,1,4004,54004,lowband_largesig_r01,prps,1487,37,0.314724,-15,0,-15,-0.03926991,-2.25000,prps,1,3222
77599,77.599,1,4004,54004,lowband_largesig_r01,prps,1495,45,0.380965,-15,0,-15,-0.03926991,-2.25000,prps,1,3226
77619,77.619,1,4004,54004,lowband_largesig_r01,prps,1500,50,0.421146,-18,0,-18,-0.04712389,-2.70000,prps,1,3230
77639,77.639,1,4004,54004,lowband_largesig_r01,prps,1501,51,0.424428,-22,0,-22,-0.05759586,-3.30000,prps,1,3234
77659,77.659,1,4004,54004,lowband_largesig_r01,prps,1496,46,0.385313,-26,0,-26,-0.06806784,-3.90000,prps,1,3238
77679,77.679,1,4004,54004,lowband_largesig_r01,prps,1486,36,0.304629,-29,0,-29,-0.07592182,-4.35000,prps,1,3242
77699,77.699,1,4004,54004,lowband_largesig_r01,prps,1473,23,0.189480,-30,0,-30,-0.07853982,-4.50000,prps,1,3246
77719,77.719,1,4004,54004,lowband_largesig_r01,prps,1456,6,0.052213,-29,0,-29,-0.07592182,-4.35000,prps,1,3250
77739,77.739,1,4004,54004,lowband_largesig_r01,prps,1439,-11,-0.091438,-25,0,-25,-0.06544985,-3.75000,prps,1,3254
77759,77.759,1,4004,54004,lowband_largesig_r01,prps,1423,-27,-0.224695,-20,0,-20,-0.05235988,-3.00000,prps,1,3258
77779,77.779,1,4004,54004,lowband_largesig_r01,prps,1410,-40,-0.332201,-11,0,-11,-0.02879793,-1.65000,prps,1,3262
77799,77.799,1,4004,54004,lowband_largesig_r01,prps,1402,-48,-0.402198,-1,0,-1,-0.00261799,-0.15000,prps,1,3266
77819,77.819,1,4004,54004,lowband_largesig_r01,prps,1399,-51,-0.428084,9,0,9,0.02356194,1.35000,prps,1,3270
77839,77.839,1,4004,54004,lowband_largesig_r01,prps,1401,-49,-0.409141,17,0,17,0.04450589,2.55000,prps,1,3274
77859,77.859,1,4004,54004,lowband_largesig_r01,prps,1408,-42,-0.350331,20,0,20,0.05235988,3.00000,prps,1,3278
77879,77.879,1,4004,54004,lowband_largesig_r01,prps,1419,-31,-0.261250,20,0,20,0.05235988,3.00000,prps,1,3282
77899,77.899,1,4004,54004,lowband_largesig_r01,prps,1432,-18,-0.154454,19,0,19,0.04974188,2.85000,prps,1,3286
77919,77.919,1,4004,54004,lowband_largesig_r01,prps,1445,-5,-0.043426,15,0,15,0.03926991,2.25000,prps,1,3290
77939,77.939,1,4004,54004,lowband_largesig_r01,prps,1457,7,0.059428,10,0,10,0.02617994,1.50000,prps,1,3294
77959,77.959,1,4004,54004,lowband_largesig_r01,prps,1467,17,0.144480,6,0,6,0.01570796,0.90000,prps,1,3298
77979,77.979,1,4004,54004,lowband_largesig_r01,prps,1475,25,0.205993,1,0,1,0.00261799,0.15000,prps,1,3302
77999,77.999,1,4004,54004,lowband_largesig_r01,prps,1479,29,0.242531,-3,0,-3,-0.00785398,-0.45000,prps,1,3306
78019,78.019,1,4004,54004,lowband_largesig_r01,prps,1481,31,0.256647,-8,0,-8,-0.02094395,-1.20000,prps,1,3310
78039,78.039,1,4004,54004,lowband_largesig_r01,prps,1480,30,0.253960,-12,0,-12,-0.03141592,-1.80000,prps,1,3314
78059,78.059,1,4004,54004,lowband_largesig_r01,prps,1479,29,0.241831,-16,0,-16,-0.04188790,-2.40000,prps,1,3318
78079,78.079,1,4004,54004,lowband_largesig_r01,prps,1477,27,0.227893,-19,0,-19,-0.04974188,-2.85000,prps,1,3322
78099,78.099,1,4004,54004,lowband_largesig_r01,prps,1476,26,0.218703,-20,0,-20,-0.05235988,-3.00000,prps,1,3326
78119,78.119,1,4004,54004,lowband_largesig_r01,prps,1476,26,0.218732,-20,0,-20,-0.05235988,-3.00000,prps,1,3330
78139,78.139,1,4004,54004,lowband_largesig_r01,prps,1477,27,0.229835,-20,0,-20,-0.05235988,-3.00000,prps,1,3334
78159,78.159,1,4004,54004,lowband_largesig_r01,prps,1480,30,0.251242,-20,0,-20,-0.05235988,-3.00000,prps,1,3338
78179,78.179,1,4004,54004,lowband_largesig_r01,prps,1483,33,0.280011,-20,0,-20,-0.05235988,-3.00000,prps,1,3342
78199,78.199,1,4004,54004,lowband_largesig_r01,prps,1487,37,0.311816,-21,0,-21,-0.05497787,-3.15000,prps,1,3346
78219,78.219,1,4004,54004,lowband_largesig_r01,prps,1491,41,0.341861,-22,0,-22,-0.05759586,-3.30000,prps,1,3350
78239,78.239,1,4004,54004,lowband_largesig_r01,prps,1494,44,0.365759,-22,0,-22,-0.05759586,-3.30000,prps,1,3354
78259,78.259,1,4004,54004,lowband_largesig_r01,prps,1495,45,0.380185,-22,0,-22,-0.05759586,-3.30000,prps,1,3358
78279,78.279,1,4004,54004,lowband_largesig_r01,prps,1496,46,0.383217,-24,0,-24,-0.06283185,-3.60000,prps,1,3362
78299,78.299,1,4004,54004,lowband_largesig_r01,prps,1495,45,0.374341,-27,0,-27,-0.07068583,-4.05000,prps,1,3366
78319,78.319,1,4004,54004,lowband_largesig_r01,prps,1492,42,0.354168,-29,0,-29,-0.07592182,-4.35000,prps,1,3370
78339,78.339,1,4004,54004,lowband_largesig_r01,prps,1489,39,0.323989,-29,0,-29,-0.07592182,-4.35000,prps,1,3374
78359,78.359,1,4004,54004,lowband_largesig_r01,prps,1484,34,0.285296,-29,0,-29,-0.07592182,-4.35000,prps,1,3378
78379,78.379,1,4004,54004,lowband_largesig_r01,prps,1478,28,0.239436,-28,0,-28,-0.07330382,-4.20000,prps,1,3382
78399,78.399,1,4004,54004,lowband_largesig_r01,prps,1472,22,0.187475,-27,0,-27,-0.07068583,-4.05000,prps,1,3386
78419,78.419,1,4004,54004,lowband_largesig_r01,prps,1466,16,0.130338,-27,0,-27,-0.07068583,-4.05000,prps,1,3390
78439,78.439,1,4004,54004,lowband_largesig_r01,prps,1458,8,0.069166,-25,0,-25,-0.06544985,-3.75000,prps,1,3394
78459,78.459,1,4004,54004,lowband_largesig_r01,prps,1451,1,0.005816,-22,0,-22,-0.05759586,-3.30000,prps,1,3398
78479,78.479,1,4004,54004,lowband_largesig_r01,prps,1443,-7,-0.056667,-19,0,-19,-0.04974188,-2.85000,prps,1,3402
78499,78.499,1,4004,54004,lowband_largesig_r01,prps,1436,-14,-0.113763,-14,0,-14,-0.03665191,-2.10000,prps,1,3406
78519,78.519,1,4004,54004,lowband_largesig_r01,prps,1431,-19,-0.159512,-9,0,-9,-0.02356194,-1.35000,prps,1,3410
78539,78.539,1,4004,54004,lowband_largesig_r01,prps,1428,-22,-0.186956,-3,0,-3,-0.00785398,-0.45000,prps,1,3414
78559,78.559,1,4004,54004,lowband_largesig_r01,prps,1428,-22,-0.188989,1,0,1,0.00261799,0.15000,prps,1,3418
78579,78.579,1,4004,54004,lowband_largesig_r01,prps,1431,-19,-0.159517,3,0,3,0.00785398,0.45000,prps,1,3422
78599,78.599,1,4004,54004,lowband_largesig_r01,prps,1439,-11,-0.094751,4,0,4,0.01047198,0.60000,prps,1,3426
78619,78.619,1,4004,54004,lowband_largesig_r01,prps,1451,1,0.005601,4,0,4,0.01047198,0.60000,prps,1,3430
78639,78.639,1,4004,54004,lowband_largesig_r01,prps,1466,16,0.137478,4,0,4,0.01047198,0.60000,prps,1,3434
78659,78.659,1,4004,54004,lowband_largesig_r01,prps,1485,35,0.292186,2,0,2,0.00523599,0.30000,prps,1,3438
78679,78.679,1,4004,54004,lowband_largesig_r01,prps,1504,54,0.456803,-3,0,-3,-0.00785398,-0.45000,prps,1,3442
78699,78.699,1,4004,54004,lowband_largesig_r01,prps,1523,73,0.615313,-10,0,-10,-0.02617994,-1.50000,prps,1,3446
78719,78.719,1,4004,54004,lowband_largesig_r01,prps,1539,89,0.750375,-21,0,-21,-0.05497787,-3.15000,prps,1,3450
78739,78.739,1,4004,54004,lowband_largesig_r01,prps,1551,101,0.845484,-32,0,-32,-0.08377580,-4.80000,prps,1,3454
78759,78.759,1,4004,54004,lowband_largesig_r01,prps,1556,106,0.887254,-44,0,-44,-0.11519173,-6.60000,prps,1,3458
78779,78.779,1,4004,54004,lowband_largesig_r01,prps,1553,103,0.867439,-54,0,-54,-0.14137166,-8.10000,prps,1,3462
78799,78.799,1,4004,54004,lowband_largesig_r01,prps,1543,93,0.784380,-61,0,-61,-0.15969762,-9.15000,prps,1,3466
78819,78.819,1,4004,54004,lowband_largesig_r01,prps,1527,77,0.643604,-64,0,-64,-0.16755160,-9.60000,prps,1,3470
78839,78.839,1,4004,54004,lowband_largesig_r01,prps,1504,54,0.457445,-62,0,-62,-0.16231562,-9.30000,prps,1,3474
78859,78.859,1,4004,54004,lowband_largesig_r01,prps,1479,29,0.243677,-56,0,-56,-0.14660765,-8.40000,prps,1,3478
78879,78.879,1,4004,54004,lowband_largesig_r01,prps,1453,3,0.023345,-48,0,-48,-0.12566370,-7.20000,prps,1,3482
78899,78.899,1,4004,54004,lowband_largesig_r01,prps,1428,-22,-0.181923,-37,0,-37,-0.09686577,-5.55000,prps,1,3486
78919,78.919,1,4004,54004,lowband_largesig_r01,prps,1408,-42,-0.352727,-24,0,-24,-0.06283185,-3.60000,prps,1,3490
78939,78.939,1,4004,54004,lowband_largesig_r01,prps,1394,-56,-0.474412,-9,0,-9,-0.02356194,-1.35000,prps,1,3494
78959,78.959,1,4004,54004,lowband_largesig_r01,prps,1386,-64,-0.538913,5,0,5,0.01308997,0.75000,prps,1,3498
78979,78.979,1,4004,54004,lowband_largesig_r01,prps,1385,-65,-0.545649,17,0,17,0.04450589,2.55000,prps,1,3502
78999,78.999,1,4004,54004,lowband_largesig_r01,prps,1390,-60,-0.501327,24,0,24,0.06283185,3.60000,prps,1,3506
79019,79.019,1,4004,54004,lowband_largesig_r01,prps,1400,-50,-0.418710,26,0,26,0.06806784,3.90000,prps,1,3510
79039,79.039,1,4004,54004,lowband_largesig_r01,prps,1413,-37,-0.314542,26,0,26,0.06806784,3.90000,prps,1,3514
79059,79.059,1,4004,54004,lowband_largesig_r01,prps,1425,-25,-0.206959,25,0,25,0.06544985,3.75000,prps,1,3518
79079,79.079,1,4004,54004,lowband_largesig_r01,prps,1437,-13,-0.112818,21,0,21,0.05497787,3.15000,prps,1,3522
79099,79.099,1,4004,54004,lowband_largesig_r01,prps,1445,-5,-0.045349,16,0,16,0.04188790,2.40000,prps,1,3526
79119,79.119,1,4004,54004,lowband_largesig_r01,prps,1449,-1,-0.012496,9,0,9,0.02356194,1.35000,prps,1,3530
79139,79.139,1,4004,54004,lowband_largesig_r01,prps,1448,-2,-0.016183,4,0,4,0.01047198,0.60000,prps,1,3534
79159,79.159,1,4004,54004,lowband_largesig_r01,prps,1444,-6,-0.052597,1,0,1,0.00261799,0.15000,prps,1,3538
79179,79.179,1,4004,54004,lowband_largesig_r01,prps,1437,-13,-0.113379,0,0,0,0.00000000,0.00000,prps,1,3542
79199,79.199,1,4004,54004,lowband_largesig_r01,prps,1428,-22,-0.187494,0,0,0,0.00000000,0.00000,prps,1,3546
79219,79.219,1,4004,54004,lowband_largesig_r01,prps,1419,-31,-0.263428,1,0,1,0.00261799,0.15000,prps,1,3550
79239,79.239,1,4004,54004,lowband_largesig_r01,prps,1411,-39,-0.331300,3,0,3,0.00785398,0.45000,prps,1,3554
79259,79.259,1,4004,54004,lowband_largesig_r01,prps,1404,-46,-0.384534,6,0,6,0.01570796,0.90000,prps,1,3558
79279,79.279,1,4004,54004,lowband_largesig_r01,prps,1400,-50,-0.420787,10,0,10,0.02617994,1.50000,prps,1,3562
79299,79.299,1,4004,54004,lowband_largesig_r01,prps,1397,-53,-0.441996,14,0,14,0.03665191,2.10000,prps,1,3566
79319,79.319,1,4004,54004,lowband_largesig_r01,prps,1396,-54,-0.453561,17,0,17,0.04450589,2.55000,prps,1,3570
79339,79.339,1,4004,54004,lowband_largesig_r01,prps,1395,-55,-0.462826,18,0,18,0.04712389,2.70000,prps,1,3574
79359,79.359,1,4004,54004,lowband_largesig_r01,prps,1393,-57,-0.477181,19,0,19,0.04974188,2.85000,prps,1,3578
79379,79.379,1,4004,54004,lowband_largesig_r01,prps,1390,-60,-0.502131,20,0,20,0.05235988,3.00000,prps,1,3582
79399,79.399,1,4004,54004,lowband_largesig_r01,prps,1386,-64,-0.539738,22,0,22,0.05759586,3.30000,prps,1,3586
79419,79.419,1,4004,54004,lowband_largesig_r01,prps,1380,-70,-0.587726,23,0,23,0.06021386,3.45000,prps,1,3590
79439,79.439,1,4004,54004,lowband_largesig_r01,prps,1374,-76,-0.639447,24,0,24,0.06283185,3.60000,prps,1,3594
79459,79.459,1,4004,54004,lowband_largesig_r01,prps,1369,-81,-0.684750,26,0,26,0.06806784,3.90000,prps,1,3598
79479,79.479,1,4004,54004,lowband_largesig_r01,prps,1365,-85,-0.711605,29,0,29,0.07592182,4.35000,prps,1,3602
79499,79.499,1,4004,54004,lowband_largesig_r01,prps,1366,-84,-0.708216,32,0,32,0.08377580,4.80000,prps,1,3606
79519,79.519,1,4004,54004,lowband_largesig_r01,prps,1371,-79,-0.665261,35,0,35,0.09162979,5.25000,prps,1,3610
79539,79.539,1,4004,54004,lowband_largesig_r01,prps,1381,-69,-0.577829,37,0,37,0.09686577,5.55000,prps,1,3614
79559,79.559,1,4004,54004,lowband_largesig_r01,prps,1397,-53,-0.446732,37,0,37,0.09686577,5.55000,prps,1,3618
79579,79.579,1,4004,54004,lowband_largesig_r01,prps,1417,-33,-0.278892,36,0,36,0.09424778,5.40000,prps,1,3622
79599,79.599,1,4004,54004,lowband_largesig_r01,prps,1440,-10,-0.086742,33,0,33,0.08639380,4.95000,prps,1,3626
79619,79.619,1,4004,54004,lowband_largesig_r01,prps,1463,13,0.113329,24,0,24,0.06283185,3.60000,prps,1,3630
79639,79.639,1,4004,54004,lowband_largesig_r01,prps,1486,36,0.303223,12,0,12,0.03141592,1.80000,prps,1,3634
79659,79.659,1,4004,54004,lowband_largesig_r01,prps,1505,55,0.465740,1,0,1,0.00261799,0.15000,prps,1,3638
79679,79.679,1,4004,54004,lowband_largesig_r01,prps,1520,70,0.587100,-10,0,-10,-0.02617994,-1.50000,prps,1,3642
79699,79.699,1,4004,54004,lowband_largesig_r01,prps,1528,78,0.658972,-22,0,-22,-0.05759586,-3.30000,prps,1,3646
79719,79.719,1,4004,54004,lowband_largesig_r01,prps,1531,81,0.679669,-33,0,-33,-0.08639380,-4.95000,prps,1,3650
79739,79.739,1,4004,54004,lowband_largesig_r01,prps,1528,78,0.654303,-43,0,-43,-0.11257374,-6.45000,prps,1,3654
79759,79.759,1,4004,54004,lowband_largesig_r01,prps,1521,71,0.593866,-49,0,-49,-0.12828170,-7.35000,prps,1,3658
79779,79.779,1,4004,54004,lowband_largesig_r01,prps,1511,61,0.513385,-50,0,-50,-0.13089970,-7.50000,prps,1,3662
79799,79.799,1,4004,54004,lowband_largesig_r01,prps,1501,51,0.429448,-49,0,-49,-0.12828170,-7.35000,prps,1,3666
79819,79.819,1,4004,54004,lowband_largesig_r01,prps,1493,43,0.357513,-46,0,-46,-0.12042772,-6.90000,prps,1,3670
79839,79.839,1,4004,54004,lowband_largesig_r01,prps,1487,37,0.309428,-42,0,-42,-0.10995574,-6.30000,prps,1,3674
79859,79.859,1,4004,54004,lowband_largesig_r01,prps,1485,35,0.291575,-38,0,-38,-0.09948376,-5.70000,prps,1,3678
79879,79.879,1,4004,54004,lowband_largesig_r01,prps,1486,36,0.303942,-34,0,-34,-0.08901179,-5.10000,prps,1,3682
79899,79.899,1,4004,54004,lowband_largesig_r01,prps,1490,40,0.340247,-31,0,-31,-0.08115781,-4.65000,prps,1,3686
79919,79.919,1,4004,54004,lowband_largesig_r01,prps,1496,46,0.389104,-29,0,-29,-0.07592182,-4.35000,prps,1,3690
79939,79.939,1,4004,54004,lowband_largesig_r01,prps,1502,52,0.436016,-29,0,-29,-0.07592182,-4.35000,prps,1,3694
79959,79.959,1,4004,54004,lowband_largesig_r01,prps,1505,55,0.465860,-29,0,-29,-0.07592182,-4.35000,prps,1,3698
79979,79.979,1,4004,54004,lowband_largesig_r01,prps,1505,55,0.465447,-29,0,-29,-0.07592182,-4.35000,prps,1,3702
79999,79.999,1,4004,54004,lowband_largesig_r01,prps,1501,51,0.425746,-30,0,-30,-0.07853982,-4.50000,prps,1,3706
80019,80.019,1,4004,54004,lowband_largesig_r01,prps,1491,41,0.343395,-31,0,-31,-0.08115781,-4.65000,prps,1,3710
80039,80.039,1,4004,54004,lowband_largesig_r01,prps,1476,26,0.221281,-31,0,-31,-0.08115781,-4.65000,prps,1,3714
80059,80.059,1,4004,54004,lowband_largesig_r01,prps,1458,8,0.068107,-30,0,-30,-0.07853982,-4.50000,prps,1,3718
80079,80.079,1,4004,54004,lowband_largesig_r01,prps,1438,-12,-0.102971,-27,0,-27,-0.07068583,-4.05000,prps,1,3722
80099,80.099,1,4004,54004,lowband_largesig_r01,prps,1417,-33,-0.276383,-21,0,-21,-0.05497787,-3.15000,prps,1,3726
80119,80.119,1,4004,54004,lowband_largesig_r01,prps,1398,-52,-0.436518,-12,0,-12,-0.03141592,-1.80000,prps,1,3730
80139,80.139,1,4004,54004,lowband_largesig_r01,prps,1382,-68,-0.570036,1,0,1,0.00261799,0.15000,prps,1,3734
80159,80.159,1,4004,54004,lowband_largesig_r01,prps,1371,-79,-0.667752,13,0,13,0.03403392,1.95000,prps,1,3738
80179,80.179,1,4004,54004,lowband_largesig_r01,prps,1364,-86,-0.725792,22,0,22,0.05759586,3.30000,prps,1,3742
80199,80.199,1,4004,54004,lowband_largesig_r01,prps,1361,-89,-0.745867,30,0,30,0.07853982,4.50000,prps,1,3746
80219,80.219,1,4004,54004,lowband_largesig_r01,prps,1363,-87,-0.734653,37,0,37,0.09686577,5.55000,prps,1,3750
80239,80.239,1,4004,54004,lowband_largesig_r01,prps,1366,-84,-0.702420,42,0,42,0.10995574,6.30000,prps,1,3754
80259,80.259,1,4004,54004,lowband_largesig_r01,prps,1371,-79,-0.661160,43,0,43,0.11257374,6.45000,prps,1,3758
80279,80.279,1,4004,54004,lowband_largesig_r01,prps,1376,-74,-0.622544,43,0,43,0.11257374,6.45000,prps,1,3762
80299,80.299,1,4004,54004,lowband_largesig_r01,prps,1379,-71,-0.596055,43,0,43,0.11257374,6.45000,prps,1,3766
80319,80.319,1,4004,54004,lowband_largesig_r01,prps,1380,-70,-0.587591,43,0,43,0.11257374,6.45000,prps,1,3770
80339,80.339,1,4004,54004,lowband_largesig_r01,prps,1379,-71,-0.598741,42,0,42,0.10995574,6.30000,prps,1,3774
80359,80.359,1,4004,54004,lowband_largesig_r01,prps,1375,-75,-0.626807,40,0,40,0.10471976,6.00000,prps,1,3778
80379,80.379,1,4004,54004,lowband_largesig_r01,prps,1371,-79,-0.665539,38,0,38,0.09948376,5.70000,prps,1,3782
80399,80.399,1,4004,54004,lowband_largesig_r01,prps,1366,-84,-0.706389,38,0,38,0.09948376,5.70000,prps,1,3786
80419,80.419,1,4004,54004,lowband_largesig_r01,prps,1362,-88,-0.740064,38,0,38,0.09948376,5.70000,prps,1,3790
80439,80.439,1,4004,54004,lowband_largesig_r01,prps,1360,-90,-0.758079,39,0,39,0.10210176,5.85000,prps,1,3794
80459,80.459,1,4004,54004,lowband_largesig_r01,prps,1360,-90,-0.754054,40,0,40,0.10471976,6.00000,prps,1,3798
80479,80.479,1,4004,54004,lowband_largesig_r01,prps,1364,-86,-0.724560,41,0,41,0.10733775,6.15000,prps,1,3802
80499,80.499,1,4004,54004,lowband_largesig_r01,prps,1370,-80,-0.669403,41,0,41,0.10733775,6.15000,prps,1,3806
80519,80.519,1,4004,54004,lowband_largesig_r01,prps,1380,-70,-0.591357,42,0,42,0.10995574,6.30000,prps,1,3810
80539,80.539,1,4004,54004,lowband_largesig_r01,prps,1391,-59,-0.495443,41,0,41,0.10733775,6.15000,prps,1,3814
80559,80.559,1,4004,54004,lowband_largesig_r01,prps,1404,-46,-0.387933,40,0,40,0.10471976,6.00000,prps,1,3818
80579,80.579,1,4004,54004,lowband_largesig_r01,prps,1417,-33,-0.275287,36,0,36,0.09424778,5.40000,prps,1,3822
80599,80.599,1,4004,54004,lowband_largesig_r01,prps,1431,-19,-0.163235,29,0,29,0.07592182,4.35000,prps,1,3826
80619,80.619,1,4004,54004,lowband_largesig_r01,prps,1443,-7,-0.056156,22,0,22,0.05759586,3.30000,prps,1,3830
80639,80.639,1,4004,54004,lowband_largesig_r01,prps,1455,5,0.043167,14,0,14,0.03665191,2.10000,prps,1,3834
80659,80.659,1,4004,54004,lowband_largesig_r01,prps,1466,16,0.133410,7,0,7,0.01832596,1.05000,prps,1,3838
80679,80.679,1,4004,54004,lowband_largesig_r01,prps,1475,25,0.214271,2,0,2,0.00523599,0.30000,prps,1,3842
80699,80.699,1,4004,54004,lowband_largesig_r01,prps,1484,34,0.285895,-3,0,-3,-0.00785398,-0.45000,prps,1,3846
80719,80.719,1,4004,54004,lowband_largesig_r01,prps,1491,41,0.348297,-8,0,-8,-0.02094395,-1.20000,prps,1,3850
80739,80.739,1,4004,54004,lowband_largesig_r01,prps,1498,48,0.400969,-14,0,-14,-0.03665191,-2.10000,prps,1,3854
80759,80.759,1,4004,54004,lowband_largesig_r01,prps,1503,53,0.442746,-20,0,-20,-0.05235988,-3.00000,prps,1,3858
80779,80.779,1,4004,54004,lowband_largesig_r01,prps,1506,56,0.472002,-25,0,-25,-0.06544985,-3.75000,prps,1,3862
80799,80.799,1,4004,54004,lowband_largesig_r01,prps,1508,58,0.487105,-29,0,-29,-0.07592182,-4.35000,prps,1,3866
80819,80.819,1,4004,54004,lowband_largesig_r01,prps,1508,58,0.487033,-31,0,-31,-0.08115781,-4.65000,prps,1,3870
80839,80.839,1,4004,54004,lowband_largesig_r01,prps,1506,56,0.471996,-34,0,-34,-0.08901179,-5.10000,prps,1,3874
80859,80.859,1,4004,54004,lowband_largesig_r01,prps,1503,53,0.443881,-34,0,-34,-0.08901179,-5.10000,prps,1,3878
80879,80.879,1,4004,54004,lowband_largesig_r01,prps,1498,48,0.406398,-34,0,-34,-0.08901179,-5.10000,prps,1,3882
80899,80.899,1,4004,54004,lowband_largesig_r01,prps,1493,43,0.364821,-34,0,-34,-0.08901179,-5.10000,prps,1,3886
80919,80.919,1,4004,54004,lowband_largesig_r01,prps,1489,39,0.325339,-33,0,-33,-0.08639380,-4.95000,prps,1,3890
80939,80.939,1,4004,54004,lowband_largesig_r01,prps,1485,35,0.294107,-32,0,-32,-0.08377580,-4.80000,prps,1,3894
80959,80.959,1,4004,54004,lowband_largesig_r01,prps,1483,33,0.276146,-31,0,-31,-0.08115781,-4.65000,prps,1,3898
80979,80.979,1,4004,54004,lowband_largesig_r01,prps,1483,33,0.274326,-30,0,-30,-0.07853982,-4.50000,prps,1,3902
80999,80.999,1,4004,54004,lowband_largesig_r01,prps,1484,34,0.288621,-28,0,-28,-0.07330382,-4.20000,prps,1,3906
81019,81.019,1,4004,54004,lowband_largesig_r01,prps,1488,38,0.315848,-27,0,-27,-0.07068583,-4.05000,prps,1,3910
81039,81.039,1,4004,54004,lowband_largesig_r01,prps,1492,42,0.349972,-27,0,-27,-0.07068583,-4.05000,prps,1,3914
81059,81.059,1,4004,54004,lowband_largesig_r01,prps,1496,46,0.382983,-27,0,-27,-0.07068583,-4.05000,prps,1,3918
81079,81.079,1,4004,54004,lowband_largesig_r01,prps,1498,48,0.406244,-27,0,-27,-0.07068583,-4.05000,prps,1,3922
81099,81.099,1,4004,54004,lowband_largesig_r01,prps,1499,49,0.412086,-28,0,-28,-0.07330382,-4.20000,prps,1,3926
81119,81.119,1,4004,54004,lowband_largesig_r01,prps,1497,47,0.395388,-29,0,-29,-0.07592182,-4.35000,prps,1,3930
81139,81.139,1,4004,54004,lowband_largesig_r01,prps,1492,42,0.354842,-30,0,-30,-0.07853982,-4.50000,prps,1,3934
81159,81.159,1,4004,54004,lowband_largesig_r01,prps,1485,35,0.293638,-29,0,-29,-0.07592182,-4.35000,prps,1,3938
81179,81.179,1,4004,54004,lowband_largesig_r01,prps,1476,26,0.219413,-29,0,-29,-0.07592182,-4.35000,prps,1,3942
81199,81.199,1,4004,54004,lowband_largesig_r01,prps,1467,17,0.143392,-28,0,-28,-0.07330382,-4.20000,prps,1,3946
81219,81.219,1,4004,54004,lowband_largesig_r01,prps,1459,9,0.078809,-26,0,-26,-0.06806784,-3.90000,prps,1,3950
81239,81.239,1,4004,54004,lowband_largesig_r01,prps,1455,5,0.038849,-22,0,-22,-0.05759586,-3.30000,prps,1,3954
81259,81.259,1,4004,54004,lowband_largesig_r01,prps,1454,4,0.034404,-18,0,-18,-0.04712389,-2.70000,prps,1,3958
81279,81.279,1,4004,54004,lowband_largesig_r01,prps,1459,9,0.072029,-15,0,-15,-0.03926991,-2.25000,prps,1,3962
81299,81.299,1,4004,54004,lowband_largesig_r01,prps,1468,18,0.152457,-13,0,-13,-0.03403392,-1.95000,prps,1,3966
81319,81.319,1,4004,54004,lowband_largesig_r01,prps,1482,32,0.269950,-12,0,-12,-0.03141592,-1.80000,prps,1,3970
81339,81.339,1,4004,54004,lowband_largesig_r01,prps,1499,49,0.412656,-12,0,-12,-0.03141592,-1.80000,prps,1,3974
81359,81.359,1,4004,54004,lowband_largesig_r01,prps,1517,67,0.563955,-15,0,-15,-0.03926991,-2.25000,prps,1,3978
81379,81.379,1,4004,54004,lowband_largesig_r01,prps,1534,84,0.704647,-22,0,-22,-0.05759586,-3.30000,prps,1,3982
81399,81.399,1,4004,54004,lowband_largesig_r01,prps,1547,97,0.815644,-31,0,-31,-0.08115781,-4.65000,prps,1,3986
81419,81.419,1,4004,54004,lowband_largesig_r01,prps,1555,105,0.880786,-40,0,-40,-0.10471976,-6.00000,prps,1,3990
81439,81.439,1,4004,54004,lowband_largesig_r01,prps,1556,106,0.889312,-50,0,-50,-0.13089970,-7.50000,prps,1,3994
81459,81.459,1,4004,54004,lowband_largesig_r01,prps,1550,100,0.837604,-57,0,-57,-0.14922565,-8.55000,prps,1,3998
81479,81.479,1,4004,54004,lowband_largesig_r01,prps,1537,87,0.729903,-62,0,-62,-0.16231562,-9.30000,prps,1,4002
81499,81.499,1,4004,54004,lowband_largesig_r01,prps,1519,69,0.577856,-63,0,-63,-0.16493360,-9.45000,prps,1,4006
81519,81.519,1,4004,54004,lowband_largesig_r01,prps,1497,47,0.398957,-61,0,-61,-0.15969762,-9.15000,prps,1,4010
81539,81.539,1,4004,54004,lowband_largesig_r01,prps,1475,25,0.214085,-54,0,-54,-0.14137166,-8.10000,prps,1,4014
81559,81.559,1,4004,54004,lowband_largesig_r01,prps,1455,5,0.044540,-46,0,-46,-0.12042772,-6.90000,prps,1,4018
81579,81.579,1,4004,54004,lowband_largesig_r01,prps,1439,-11,-0.090991,-35,0,-35,-0.09162979,-5.25000,prps,1,4022
81599,81.599,1,4004,54004,lowband_largesig_r01,prps,1429,-21,-0.179054,-23,0,-23,-0.06021386,-3.45000,prps,1,4026
81619,81.619,1,4004,54004,lowband_largesig_r01,prps,1425,-25,-0.213239,-11,0,-11,-0.02879793,-1.65000,prps,1,4030
81639,81.639,1,4004,54004,lowband_largesig_r01,prps,1427,-23,-0.194893,-1,0,-1,-0.00261799,-0.15000,prps,1,4034
81659,81.659,1,4004,54004,lowband_largesig_r01,prps,1434,-16,-0.132660,5,0,5,0.01308997,0.75000,prps,1,4038
81679,81.679,1,4004,54004,lowband_largesig_r01,prps,1445,-5,-0.040909,6,0,6,0.01570796,0.90000,prps,1,4042
81699,81.699,1,4004,54004,lowband_largesig_r01,prps,1457,7,0.062655,6,0,6,0.01570796,0.90000,prps,1,4046
81719,81.719,1,4004,54004,lowband_largesig_r01,prps,1469,19,0.159826,4,0,4,0.01047198,0.60000,prps,1,4050
81739,81.739,1,4004,54004,lowband_largesig_r01,prps,1478,28,0.234697,1,0,1,0.00261799,0.15000,prps,1,4054
81759,81.759,1,4004,54004,lowband_largesig_r01,prps,1483,33,0.276004,-4,0,-4,-0.01047198,-0.60000,prps,1,4058
81779,81.779,1,4004,54004,lowband_largesig_r01,prps,1483,33,0.278624,-9,0,-9,-0.02356194,-1.35000,prps,1,4062
81799,81.799,1,4004,54004,lowband_largesig_r01,prps,1479,29,0.244042,-14,0,-14,-0.03665191,-2.10000,prps,1,4066
81819,81.819,1,4004,54004,lowband_largesig_r01,prps,1471,21,0.179725,-18,0,-18,-0.04712389,-2.70000,prps,1,4070
81839,81.839,1,4004,54004,lowband_largesig_r01,prps,1462,12,0.097556,-20,0,-20,-0.05235988,-3.00000,prps,1,4074
81859,81.859,1,4004,54004,lowband_largesig_r01,prps,1451,1,0.011631,-19,0,-19,-0.04974188,-2.85000,prps,1,4078
81879,81.879,1,4004,54004,lowband_largesig_r01,prps,1442,-8,-0.064212,-18,0,-18,-0.04712389,-2.70000,prps,1,4082
81899,81.899,1,4004,54004,lowband_largesig_r01,prps,1436,-14,-0.118679,-14,0,-14,-0.03665191,-2.10000,prps,1,4086
81919,81.919,1,4004,54004,lowband_largesig_r01,prps,1433,-17,-0.144755,-9,0,-9,-0.02356194,-1.35000,prps,1,4090
81939,81.939,1,4004,54004,lowband_largesig_r01,prps,1433,-17,-0.140614,-3,0,-3,-0.00785398,-0.45000,prps,1,4094
81959,81.959,1,4004,54004,lowband_largesig_r01,prps,1437,-13,-0.109577,2,0,2,0.00523599,0.30000,prps,1,4098
81979,81.979,1,4004,54004,lowband_largesig_r01,prps,1443,-7,-0.059170,3,0,3,0.00785398,0.45000,prps,1,4102
81999,81.999,1,4004,54004,lowband_largesig_r01,prps,1450,0,0.000517,3,0,3,0.00785398,0.45000,prps,1,4106
82019,82.019,1,4004,54004,lowband_largesig_r01,prps,1457,7,0.058839,3,0,3,0.00785398,0.45000,prps,1,4110
82039,82.039,1,4004,54004,lowband_largesig_r01,prps,1463,13,0.106602,2,0,2,0.00523599,0.30000,prps,1,4114
82059,82.059,1,4004,54004,lowband_largesig_r01,prps,1466,16,0.137691,0,0,0,0.00000000,0.00000,prps,1,4118
82079,82.079,1,4004,54004,lowband_largesig_r01,prps,1468,18,0.150026,-3,0,-3,-0.00785398,-0.45000,prps,1,4122
82099,82.099,1,4004,54004,lowband_largesig_r01,prps,1467,17,0.145690,-7,0,-7,-0.01832596,-1.05000,prps,1,4126
82119,82.119,1,4004,54004,lowband_largesig_r01,prps,1465,15,0.130214,-10,0,-10,-0.02617994,-1.50000,prps,1,4130
82139,82.139,1,4004,54004,lowband_largesig_r01,prps,1463,13,0.111177,-12,0,-12,-0.03141592,-1.80000,prps,1,4134
82159,82.159,1,4004,54004,lowband_largesig_r01,prps,1461,11,0.096391,-12,0,-12,-0.03141592,-1.80000,prps,1,4138
82179,82.179,1,4004,54004,lowband_largesig_r01,prps,1461,11,0.092034,-11,0,-11,-0.02879793,-1.65000,prps,1,4142
82199,82.199,1,4004,54004,lowband_largesig_r01,prps,1462,12,0.101085,-11,0,-11,-0.02879793,-1.65000,prps,1,4146
82219,82.219,1,4004,54004,lowband_largesig_r01,prps,1465,15,0.122381,-11,0,-11,-0.02879793,-1.65000,prps,1,4150
82239,82.239,1,4004,54004,lowband_largesig_r01,prps,1468,18,0.150491,-11,0,-11,-0.02879793,-1.65000,prps,1,4154
82259,82.259,1,4004,54004,lowband_largesig_r01,prps,1471,21,0.176452,-11,0,-11,-0.02879793,-1.65000,prps,1,4158
82279,82.279,1,4004,54004,lowband_largesig_r01,prps,1473,23,0.189271,-12,0,-12,-0.03141592,-1.80000,prps,1,4162
82299,82.299,1,4004,54004,lowband_largesig_r01,prps,1471,21,0.177930,-12,0,-12,-0.03141592,-1.80000,prps,1,4166
82319,82.319,1,4004,54004,lowband_largesig_r01,prps,1466,16,0.133547,-14,0,-14,-0.03665191,-2.10000,prps,1,4170
82339,82.339,1,4004,54004,lowband_largesig_r01,prps,1456,6,0.051322,-15,0,-15,-0.03926991,-2.25000,prps,1,4174
82359,82.359,1,4004,54004,lowband_largesig_r01,prps,1442,-8,-0.068100,-14,0,-14,-0.03665191,-2.10000,prps,1,4178
82379,82.379,1,4004,54004,lowband_largesig_r01,prps,1424,-26,-0.218111,-13,0,-13,-0.03403392,-1.95000,prps,1,4182
82399,82.399,1,4004,54004,lowband_largesig_r01,prps,1404,-46,-0.386580,-8,0,-8,-0.02094395,-1.20000,prps,1,4186
82419,82.419,1,4004,54004,lowband_largesig_r01,prps,1384,-66,-0.557226,1,0,1,0.00261799,0.15000,prps,1,4190
82439,82.439,1,4004,54004,lowband_largesig_r01,prps,1365,-85,-0.711717,9,0,9,0.02356194,1.35000,prps,1,4194
82459,82.459,1,4004,54004,lowband_largesig_r01,prps,1351,-99,-0.832188,18,0,18,0.04712389,2.70000,prps,1,4198
82479,82.479,1,4004,54004,lowband_largesig_r01,prps,1342,-108,-0.903775,27,0,27,0.07068583,4.05000,prps,1,4202
82499,82.499,1,4004,54004,lowband_largesig_r01,prps,1341,-109,-0.916787,37,0,37,0.09686577,5.55000,prps,1,4206
82519,82.519,1,4004,54004,lowband_largesig_r01,prps,1347,-103,-0.868153,46,0,46,0.12042772,6.90000,prps,1,4210
82539,82.539,1,4004,54004,lowband_largesig_r01,prps,1359,-91,-0.761950,51,0,51,0.13351768,7.65000,prps,1,4214
82559,82.559,1,4004,54004,lowband_largesig_r01,prps,1378,-72,-0.608908,52,0,52,0.13613568,7.80000,prps,1,4218
82579,82.579,1,4004,54004,lowband_largesig_r01,prps,1399,-51,-0.425004,51,0,51,0.13351768,7.65000,prps,1,4222
82599,82.599,1,4004,54004,lowband_largesig_r01,prps,1423,-27,-0.229356,46,0,46,0.12042772,6.90000,prps,1,4226
82619,82.619,1,4004,54004,lowband_largesig_r01,prps,1445,-5,-0.041750,37,0,37,0.09686577,5.55000,prps,1,4230
82639,82.639,1,4004,54004,lowband_largesig_r01,prps,1464,14,0.119818,24,0,24,0.06283185,3.60000,prps,1,4234
82659,82.659,1,4004,54004,lowband_largesig_r01,prps,1479,29,0.241233,11,0,11,0.02879793,1.65000,prps,1,4238
82679,82.679,1,4004,54004,lowband_largesig_r01,prps,1487,37,0.313695,-1,0,-1,-0.00261799,-0.15000,prps,1,4242
82699,82.699,1,4004,54004,lowband_largesig_r01,prps,1490,40,0.334323,-12,0,-12,-0.03141592,-1.80000,prps,1,4246
82719,82.719,1,4004,54004,lowband_largesig_r01,prps,1486,36,0.305912,-21,0,-21,-0.05497787,-3.15000,prps,1,4250
82739,82.739,1,4004,54004,lowband_largesig_r01,prps,1478,28,0.235930,-27,0,-27,-0.07068583,-4.05000,prps,1,4254
82759,82.759,1,4004,54004,lowband_largesig_r01,prps,1466,16,0.134990,-28,0,-28,-0.07330382,-4.20000,prps,1,4258
82779,82.779,1,4004,54004,lowband_largesig_r01,prps,1452,2,0.015072,-26,0,-26,-0.06806784,-3.90000,prps,1,4262
82799,82.799,1,4004,54004,lowband_largesig_r01,prps,1437,-13,-0.112198,-22,0,-22,-0.05759586,-3.30000,prps,1,4266
82819,82.819,1,4004,54004,lowband_largesig_r01,prps,1422,-28,-0.236945,-15,0,-15,-0.03926991,-2.25000,prps,1,4270
82839,82.839,1,4004,54004,lowband_largesig_r01,prps,1408,-42,-0.351943,-8,0,-8,-0.02094395,-1.20000,prps,1,4274
82859,82.859,1,4004,54004,lowband_largesig_r01,prps,1396,-54,-0.452914,2,0,2,0.00523599,0.30000,prps,1,4278
82879,82.879,1,4004,54004,lowband_largesig_r01,prps,1386,-64,-0.538285,10,0,10,0.02617994,1.50000,prps,1,4282
82899,82.899,1,4004,54004,lowband_largesig_r01,prps,1378,-72,-0.608508,17,0,17,0.04450589,2.55000,prps,1,4286
82919,82.919,1,4004,54004,lowband_largesig_r01,prps,1371,-79,-0.665156,22,0,22,0.05759586,3.30000,prps,1,4290
82939,82.939,1,4004,54004,lowband_largesig_r01,prps,1366,-84,-0.709999,26,0,26,0.06806784,3.90000,prps,1,4294
82959,82.959,1,4004,54004,lowband_largesig_r01,prps,1361,-89,-0.744273,31,0,31,0.08115781,4.65000,prps,1,4298
82979,82.979,1,4004,54004,lowband_largesig_r01,prps,1359,-91,-0.768260,35,0,35,0.09162979,5.25000,prps,1,4302
82999,82.999,1,4004,54004,lowband_largesig_r01,prps,1357,-93,-0.781269,38,0,38,0.09948376,5.70000,prps,1,4306
83019,83.019,1,4004,54004,lowband_largesig_r01,prps,1357,-93,-0.781944,41,0,41,0.10733775,6.15000,prps,1,4310
83039,83.039,1,4004,54004,lowband_largesig_r01,prps,1359,-91,-0.768837,44,0,44,0.11519173,6.60000,prps,1,4314
83059,83.059,1,4004,54004,lowband_largesig_r01,prps,1362,-88,-0.741050,45,0,45,0.11780972,6.75000,prps,1,4318
83079,83.079,1,4004,54004,lowband_largesig_r01,prps,1367,-83,-0.698792,46,0,46,0.12042772,6.90000,prps,1,4322
83099,83.099,1,4004,54004,lowband_largesig_r01,prps,1373,-77,-0.643703,46,0,46,0.12042772,6.90000,prps,1,4326
83119,83.119,1,4004,54004,lowband_largesig_r01,prps,1381,-69,-0.578843,46,0,46,0.12042772,6.90000,prps,1,4330
83139,83.139,1,4004,54004,lowband_largesig_r01,prps,1390,-60,-0.508343,46,0,46,0.12042772,6.90000,prps,1,4334
83159,83.159,1,4004,54004,lowband_largesig_r01,prps,1398,-52,-0.436769,44,0,44,0.11519173,6.60000,prps,1,4338
83179,83.179,1,4004,54004,lowband_largesig_r01,prps,1406,-44,-0.368349,39,0,39,0.10210176,5.85000,prps,1,4342
83199,83.199,1,4004,54004,lowband_largesig_r01,prps,1414,-36,-0.306214,33,0,33,0.08639380,4.95000,prps,1,4346
83219,83.219,1,4004,54004,lowband_largesig_r01,prps,1420,-30,-0.251846,26,0,26,0.06806784,3.90000,prps,1,4350
83239,83.239,1,4004,54004,lowband_largesig_r01,prps,1426,-24,-0.204853,21,0,21,0.05497787,3.15000,prps,1,4354
83259,83.259,1,4004,54004,lowband_largesig_r01,prps,1431,-19,-0.163159,16,0,16,0.04188790,2.40000,prps,1,4358
83279,83.279,1,4004,54004,lowband_largesig_r01,prps,1435,-15,-0.123580,12,0,12,0.03141592,1.80000,prps,1,4362
83299,83.299,1,4004,54004,lowband_largesig_r01,prps,1440,-10,-0.082695,10,0,10,0.02617994,1.50000,prps,1,4366
83319,83.319,1,4004,54004,lowband_largesig_r01,prps,1445,-5,-0.037832,8,0,8,0.02094395,1.20000,prps,1,4370
83339,83.339,1,4004,54004,lowband_largesig_r01,prps,1451,1,0.012029,6,0,6,0.01570796,0.90000,prps,1,4374
83359,83.359,1,4004,54004,lowband_largesig_r01,prps,1458,8,0.065648,4,0,4,0.01047198,0.60000,prps,1,4378
83379,83.379,1,4004,54004,lowband_largesig_r01,prps,1464,14,0.119382,2,0,2,0.00523599,0.30000,prps,1,4382
83399,83.399,1,4004,54004,lowband_largesig_r01,prps,1470,20,0.167557,0,0,0,0.00000000,0.00000,prps,1,4386
83419,83.419,1,4004,54004,lowband_largesig_r01,prps,1474,24,0.203367,-3,0,-3,-0.00785398,-0.45000,prps,1,4390
83439,83.439,1,4004,54004,lowband_largesig_r01,prps,1476,26,0.220137,-6,0,-6,-0.01570796,-0.90000,prps,1,4394
83459,83.459,1,4004,54004,lowband_largesig_r01,prps,1475,25,0.212759,-10,0,-10,-0.02617994,-1.50000,prps,1,4398
83479,83.479,1,4004,54004,lowband_largesig_r01,prps,1471,21,0.179012,-14,0,-14,-0.03665191,-2.10000,prps,1,4402
83499,83.499,1,4004,54004,lowband_largesig_r01,prps,1464,14,0.120518,-15,0,-15,-0.03926991,-2.25000,prps,1,4406
83519,83.519,1,4004,54004,lowband_largesig_r01,prps,1455,5,0.043095,-15,0,-15,-0.03926991,-2.25000,prps,1,4410
83539,83.539,1,4004,54004,lowband_largesig_r01,prps,1445,-5,-0.043608,-15,0,-15,-0.03926991,-2.25000,prps,1,4414
83559,83.559,1,4004,54004,lowband_largesig_r01,prps,1435,-15,-0.127202,-14,0,-14,-0.03665191,-2.10000,prps,1,4418
83579,83.579,1,4004,54004,lowband_largesig_r01,prps,1427,-23,-0.194243,-10,0,-10,-0.02617994,-1.50000,prps,1,4422
83599,83.599,1,4004,54004,lowband_largesig_r01,prps,1422,-28,-0.232273,-4,0,-4,-0.01047198,-0.60000,prps,1,4426
83619,83.619,1,4004,54004,lowband_largesig_r01,prps,1422,-28,-0.231875,2,0,2,0.00523599,0.30000,prps,1,4430
83639,83.639,1,4004,54004,lowband_largesig_r01,prps,1428,-22,-0.188402,6,0,6,0.01570796,0.90000,prps,1,4434
83659,83.659,1,4004,54004,lowband_largesig_r01,prps,1438,-12,-0.103065,7,0,7,0.01832596,1.05000,prps,1,4438
83679,83.679,1,4004,54004,lowband_largesig_r01,prps,1452,2,0.016864,7,0,7,0.01832596,1.05000,prps,1,4442
83699,83.699,1,4004,54004,lowband_largesig_r01,prps,1469,19,0.158792,6,0,6,0.01570796,0.90000,prps,1,4446
83719,83.719,1,4004,54004,lowband_largesig_r01,prps,1486,36,0.306449,2,0,2,0.00523599,0.30000,prps,1,4450
83739,83.739,1,4004,54004,lowband_largesig_r01,prps,1503,53,0.442183,-3,0,-3,-0.00785398,-0.45000,prps,1,4454
83759,83.759,1,4004,54004,lowband_largesig_r01,prps,1515,65,0.549586,-11,0,-11,-0.02879793,-1.65000,prps,1,4458
83779,83.779,1,4004,54004,lowband_largesig_r01,prps,1523,73,0.616019,-21,0,-21,-0.05497787,-3.15000,prps,1,4462
83799,83.799,1,4004,54004,lowband_largesig_r01,prps,1526,76,0.634628,-31,0,-31,-0.08115781,-4.65000,prps,1,4466
83819,83.819,1,4004,54004,lowband_largesig_r01,prps,1522,72,0.605520,-40,0,-40,-0.10471976,-6.00000,prps,1,4470
83839,83.839,1,4004,54004,lowband_largesig_r01,prps,1514,64,0.535858,-46,0,-46,-0.12042772,-6.90000,prps,1,4474
83859,83.859,1,4004,54004,lowband_largesig_r01,prps,1502,52,0.438862,-48,0,-48,-0.12566370,-7.20000,prps,1,4478
83879,83.879,1,4004,54004,lowband_largesig_r01,prps,1489,39,0.331826,-46,0,-46,-0.12042772,-6.90000,prps,1,4482
83899,83.899,1,4004,54004,lowband_largesig_r01,prps,1478,28,0.233465,-41,0,-41,-0.10733775,-6.15000,prps,1,4486
83919,83.919,1,4004,54004,lowband_largesig_r01,prps,1469,19,0.161007,-36,0,-36,-0.09424778,-5.40000,prps,1,4490
83939,83.939,1,4004,54004,lowband_largesig_r01,prps,1465,15,0.127479,-30,0,-30,-0.07853982,-4.50000,prps,1,4494
83959,83.959,1,4004,54004,lowband_largesig_r01,prps,1467,17,0.139648,-25,0,-25,-0.06544985,-3.75000,prps,1,4498
83979,83.979,1,4004,54004,lowband_largesig_r01,prps,1473,23,0.196943,-20,0,-20,-0.05235988,-3.00000,prps,1,4502
83999,83.999,1,4004,54004,lowband_largesig_r01,prps,1485,35,0.291538,-18,0,-18,-0.04712389,-2.70000,prps,1,4506
84019,84.019,1,4004,54004,lowband_largesig_r01,prps,1499,49,0.409596,-17,0,-17,-0.04450589,-2.55000,prps,1,4510
84039,84.039,1,4004,54004,lowband_largesig_r01,prps,1513,63,0.533480,-19,0,-19,-0.04974188,-2.85000,prps,1,4514
84059,84.059,1,4004,54004,lowband_largesig_r01,prps,1527,77,0.644568,-25,0,-25,-0.06544985,-3.75000,prps,1,4518
84079,84.079,1,4004,54004,lowband_largesig_r01,prps,1536,86,0.726228,-31,0,-31,-0.08115781,-4.65000,prps,1,4522
84099,84.099,1,4004,54004,lowband_largesig_r01,prps,1541,91,0.766465,-38,0,-38,-0.09948376,-5.70000,prps,1,4526
84119,84.119,1,4004,54004,lowband_largesig_r01,prps,1540,90,0.759818,-46,0,-46,-0.12042772,-6.90000,prps,1,4530
84139,84.139,1,4004,54004,lowband_largesig_r01,prps,1534,84,0.708197,-51,0,-51,-0.13351768,-7.65000,prps,1,4534
84159,84.159,1,4004,54004,lowband_largesig_r01,prps,1524,74,0.620536,-53,0,-53,-0.13875367,-7.95000,prps,1,4538
84179,84.179,1,4004,54004,lowband_largesig_r01,prps,1511,61,0.511318,-53,0,-53,-0.13875367,-7.95000,prps,1,4542
84199,84.199,1,4004,54004,lowband_largesig_r01,prps,1497,47,0.398224,-51,0,-51,-0.13351768,-7.65000,prps,1,4546
84219,84.219,1,4004,54004,lowband_largesig_r01,prps,1486,36,0.299292,-48,0,-48,-0.12566370,-7.20000,prps,1,4550
84239,84.239,1,4004,54004,lowband_largesig_r01,prps,1477,27,0.230049,-42,0,-42,-0.10995574,-6.30000,prps,1,4554
84259,84.259,1,4004,54004,lowband_largesig_r01,prps,1474,24,0.201077,-36,0,-36,-0.09424778,-5.40000,prps,1,4558
84279,84.279,1,4004,54004,lowband_largesig_r01,prps,1476,26,0.216407,-31,0,-31,-0.08115781,-4.65000,prps,1,4562
84299,84.299,1,4004,54004,lowband_largesig_r01,prps,1482,32,0.272971,-26,0,-26,-0.06806784,-3.90000,prps,1,4566
84319,84.319,1,4004,54004,lowband_largesig_r01,prps,1493,43,0.361202,-24,0,-24,-0.06283185,-3.60000,prps,1,4570
84339,84.339,1,4004,54004,lowband_largesig_r01,prps,1506,56,0.466634,-25,0,-25,-0.06544985,-3.75000,prps,1,4574
84359,84.359,1,4004,54004,lowband_largesig_r01,prps,1518,68,0.572246,-27,0,-27,-0.07068583,-4.05000,prps,1,4578
84379,84.379,1,4004,54004,lowband_largesig_r01,prps,1529,79,0.661134,-30,0,-30,-0.07853982,-4.50000,prps,1,4582
84399,84.399,1,4004,54004,lowband_largesig_r01,prps,1536,86,0.719087,-35,0,-35,-0.09162979,-5.25000,prps,1,4586
84419,84.419,1,4004,54004,lowband_largesig_r01,prps,1538,88,0.736634,-40,0,-40,-0.10471976,-6.00000,prps,1,4590
84439,84.439,1,4004,54004,lowband_largesig_r01,prps,1535,85,0.710271,-47,0,-47,-0.12304571,-7.05000,prps,1,4594
84459,84.459,1,4004,54004,lowband_largesig_r01,prps,1526,76,0.642684,-51,0,-51,-0.13351768,-7.65000,prps,1,4598
84479,84.479,1,4004,54004,lowband_largesig_r01,prps,1514,64,0.541984,-52,0,-52,-0.13613568,-7.80000,prps,1,4602
84499,84.499,1,4004,54004,lowband_largesig_r01,prps,1500,50,0.420118,-50,0,-50,-0.13089970,-7.50000,prps,1,4606
84519,84.519,1,4004,54004,lowband_largesig_r01,prps,1485,35,0.290762,-48,0,-48,-0.12566370,-7.20000,prps,1,4610
84539,84.539,1,4004,54004,lowband_largesig_r01,prps,1470,20,0.167072,-42,0,-42,-0.10995574,-6.30000,prps,1,4614
84559,84.559,1,4004,54004,lowband_largesig_r01,prps,1457,7,0.059681,-36,0,-36,-0.09424778,-5.40000,prps,1,4618
84579,84.579,1,4004,54004,lowband_largesig_r01,prps,1447,-3,-0.024734,-28,0,-28,-0.07330382,-4.20000,prps,1,4622
84599,84.599,1,4004,54004,lowband_largesig_r01,prps,1440,-10,-0.084091,-20,0,-20,-0.05235988,-3.00000,prps,1,4626
84619,84.619,1,4004,54004,lowband_largesig_r01,prps,1436,-14,-0.120696,-12,0,-12,-0.03141592,-1.80000,prps,1,4630
84639,84.639,1,4004,54004,lowband_largesig_r01,prps,1433,-17,-0.140266,-6,0,-6,-0.01570796,-0.90000,prps,1,4634
84659,84.659,1,4004,54004,lowband_largesig_r01,prps,1432,-18,-0.150401,0,0,0,0.00000000,0.00000,prps,1,4638
84679,84.679,1,4004,54004,lowband_largesig_r01,prps,1431,-19,-0.158823,3,0,3,0.00785398,0.45000,prps,1,4642
84699,84.699,1,4004,54004,lowband_largesig_r01,prps,1430,-20,-0.171725,4,0,4,0.01047198,0.60000,prps,1,4646
84719,84.719,1,4004,54004,lowband_largesig_r01,prps,1427,-23,-0.192524,5,0,5,0.01308997,0.75000,prps,1,4650
84739,84.739,1,4004,54004,lowband_largesig_r01,prps,1424,-26,-0.221265,5,0,5,0.01308997,0.75000,prps,1,4654
84759,84.759,1,4004,54004,lowband_largesig_r01,prps,1420,-30,-0.254749,6,0,6,0.01570796,0.90000,prps,1,4658
84779,84.779,1,4004,54004,lowband_largesig_r01,prps,1416,-34,-0.287364,7,0,7,0.01832596,1.05000,prps,1,4662
84799,84.799,1,4004,54004,lowband_largesig_r01,prps,1413,-37,-0.312423,9,0,9,0.02356194,1.35000,prps,1,4666
84819,84.819,1,4004,54004,lowband_largesig_r01,prps,1411,-39,-0.323755,9,0,9,0.02356194,1.35000,prps,1,4670
84839,84.839,1,4004,54004,lowband_largesig_r01,prps,1412,-38,-0.317222,11,0,11,0.02879793,1.65000,prps,1,4674
84859,84.859,1,4004,54004,lowband_largesig_r01,prps,1415,-35,-0.291869,12,0,12,0.03141592,1.80000,prps,1,4678
84879,84.879,1,4004,54004,lowband_largesig_r01,prps,1420,-30,-0.250474,13,0,13,0.03403392,1.95000,prps,1,4682
84899,84.899,1,4004,54004,lowband_largesig_r01,prps,1426,-24,-0.199366,13,0,13,0.03403392,1.95000,prps,1,4686
84919,84.919,1,4004,54004,lowband_largesig_r01,prps,1432,-18,-0.147546,13,0,13,0.03403392,1.95000,prps,1,4690
84939,84.939,1,4004,54004,lowband_largesig_r01,prps,1437,-13,-0.105248,12,0,12,0.03141592,1.80000,prps,1,4694
84959,84.959,1,4004,54004,lowband_largesig_r01,prps,1440,-10,-0.082181,10,0,10,0.02617994,1.50000,prps,1,4698
84979,84.979,1,4004,54004,lowband_largesig_r01,prps,1440,-10,-0.085780,8,0,8,0.02094395,1.20000,prps,1,4702
84999,84.999,1,4004,54004,lowband_largesig_r01,prps,1436,-14,-0.119768,5,0,5,0.01308997,0.75000,prps,1,4706
85019,85.019,1,4004,54004,lowband_largesig_r01,prps,1428,-22,-0.183303,4,0,4,0.01047198,0.60000,prps,1,4710
85039,85.039,1,4004,54004,lowband_largesig_r01,prps,1418,-32,-0.270853,5,0,5,0.01308997,0.75000,prps,1,4714
85059,85.059,1,4004,54004,lowband_largesig_r01,prps,1406,-44,-0.372860,5,0,5,0.01308997,0.75000,prps,1,4718
85079,85.079,1,4004,54004,lowband_largesig_r01,prps,1393,-57,-0.477073,8,0,8,0.02094395,1.20000,prps,1,4722
85099,85.099,1,4004,54004,lowband_largesig_r01,prps,1382,-68,-0.570347,12,0,12,0.03141592,1.80000,prps,1,4726
85119,85.119,1,4004,54004,lowband_largesig_r01,prps,1374,-76,-0.640612,17,0,17,0.04450589,2.55000,prps,1,4730
85139,85.139,1,4004,54004,lowband_largesig_r01,prps,1369,-81,-0.678684,22,0,22,0.05759586,3.30000,prps,1,4734
85159,85.159,1,4004,54004,lowband_largesig_r01,prps,1369,-81,-0.679644,27,0,27,0.07068583,4.05000,prps,1,4738
85179,85.179,1,4004,54004,lowband_largesig_r01,prps,1373,-77,-0.643544,32,0,32,0.08377580,4.80000,prps,1,4742
85199,85.199,1,4004,54004,lowband_largesig_r01,prps,1382,-68,-0.575360,35,0,35,0.09162979,5.25000,prps,1,4746
85219,85.219,1,4004,54004,lowband_largesig_r01,prps,1392,-58,-0.484199,35,0,35,0.09162979,5.25000,prps,1,4750
85239,85.239,1,4004,54004,lowband_largesig_r01,prps,1405,-45,-0.381923,35,0,35,0.09162979,5.25000,prps,1,4754
85259,85.259,1,4004,54004,lowband_largesig_r01,prps,1417,-33,-0.281405,33,0,33,0.08639380,4.95000,prps,1,4758
85279,85.279,1,4004,54004,lowband_largesig_r01,prps,1427,-23,-0.194723,28,0,28,0.07330382,4.20000,prps,1,4762
85299,85.299,1,4004,54004,lowband_largesig_r01,prps,1434,-16,-0.131557,21,0,21,0.05497787,3.15000,prps,1,4766
85319,85.319,1,4004,54004,lowband_largesig_r01,prps,1438,-12,-0.098038,14,0,14,0.03665191,2.10000,prps,1,4770
85339,85.339,1,4004,54004,lowband_largesig_r01,prps,1439,-11,-0.096190,9,0,9,0.02356194,1.35000,prps,1,4774
85359,85.359,1,4004,54004,lowband_largesig_r01,prps,1435,-15,-0.124004,6,0,6,0.01570796,0.90000,prps,1,4778
85379,85.379,1,4004,54004,lowband_largesig_r01,prps,1429,-21,-0.176070,5,0,5,0.01308997,0.75000,prps,1,4782
85399,85.399,1,4004,54004,lowband_largesig_r01,prps,1421,-29,-0.244625,5,0,5,0.01308997,0.75000,prps,1,4786
85419,85.419,1,4004,54004,lowband_largesig_r01,prps,1412,-38,-0.320783,6,0,6,0.01570796,0.90000,prps,1,4790
85439,85.439,1,4004,54004,lowband_largesig_r01,prps,1403,-47,-0.395743,7,0,7,0.01832596,1.05000,prps,1,4794
85459,85.459,1,4004,54004,lowband_largesig_r01,prps,1395,-55,-0.461761,10,0,10,0.02617994,1.50000,prps,1,4798
85479,85.479,1,4004,54004,lowband_largesig_r01,prps,1389,-61,-0.512771,14,0,14,0.03665191,2.10000,prps,1,4802
85499,85.499,1,4004,54004,lowband_largesig_r01,prps,1385,-65,-0.544600,18,0,18,0.04712389,2.70000,prps,1,4806
85519,85.519,1,4004,54004,lowband_largesig_r01,prps,1384,-66,-0.554827,21,0,21,0.05497787,3.15000,prps,1,4810
85539,85.539,1,4004,54004,lowband_largesig_r01,prps,1385,-65,-0.542386,23,0,23,0.06021386,3.45000,prps,1,4814
85559,85.559,1,4004,54004,lowband_largesig_r01,prps,1390,-60,-0.507088,25,0,25,0.06544985,3.75000,prps,1,4818
85579,85.579,1,4004,54004,lowband_largesig_r01,prps,1397,-53,-0.449202,25,0,25,0.06544985,3.75000,prps,1,4822
85599,85.599,1,4004,54004,lowband_largesig_r01,prps,1406,-44,-0.369246,25,0,25,0.06544985,3.75000,prps,1,4826
85619,85.619,1,4004,54004,lowband_largesig_r01,prps,1418,-32,-0.268036,25,0,25,0.06544985,3.75000,prps,1,4830
85639,85.639,1,4004,54004,lowband_largesig_r01,prps,1433,-17,-0.146992,24,0,24,0.06283185,3.60000,prps,1,4834
85659,85.659,1,4004,54004,lowband_largesig_r01,prps,1449,-1,-0.008612,21,0,21,0.05497787,3.15000,prps,1,4838
85679,85.679,1,4004,54004,lowband_largesig_r01,prps,1467,17,0.143027,13,0,13,0.03403392,1.95000,prps,1,4842
85699,85.699,1,4004,54004,lowband_largesig_r01,prps,1486,36,0.301921,5,0,5,0.01308997,0.75000,prps,1,4846
85719,85.719,1,4004,54004,lowband_largesig_r01,prps,1505,55,0.460099,-2,0,-2,-0.00523599,-0.30000,prps,1,4850
85739,85.739,1,4004,54004,lowband_largesig_r01,prps,1522,72,0.607989,-11,0,-11,-0.02879793,-1.65000,prps,1,4854
85759,85.759,1,4004,54004,lowband_largesig_r01,prps,1537,87,0.735235,-22,0,-22,-0.05759586,-3.30000,prps,1,4858
85779,85.779,1,4004,54004,lowband_largesig_r01,prps,1549,99,0.831870,-33,0,-33,-0.08639380,-4.95000,prps,1,4862
85799,85.799,1,4004,54004,lowband_largesig_r01,prps,1556,106,0.889714,-44,0,-44,-0.11519173,-6.60000,prps,1,4866
85819,85.819,1,4004,54004,lowband_largesig_r01,prps,1558,108,0.903739,-53,0,-53,-0.13875367,-7.95000,prps,1,4870
85839,85.839,1,4004,54004,lowband_largesig_r01,prps,1554,104,0.873169,-61,0,-61,-0.15969762,-9.15000,prps,1,4874
85859,85.859,1,4004,54004,lowband_largesig_r01,prps,1545,95,0.802071,-65,0,-65,-0.17016960,-9.75000,prps,1,4878
85879,85.879,1,4004,54004,lowband_largesig_r01,prps,1533,83,0.699256,-67,0,-67,-0.17540560,-10.05000,prps,1,4882
85899,85.899,1,4004,54004,lowband_largesig_r01,prps,1519,69,0.577456,-64,0,-64,-0.16755160,-9.60000,prps,1,4886
85919,85.919,1,4004,54004,lowband_largesig_r01,prps,1504,54,0.451799,-59,0,-59,-0.15446164,-8.85000,prps,1,4890
85939,85.939,1,4004,54004,lowband_largesig_r01,prps,1490,40,0.337811,-53,0,-53,-0.13875367,-7.95000,prps,1,4894
85959,85.959,1,4004,54004,lowband_largesig_r01,prps,1480,30,0.249195,-47,0,-47,-0.12304571,-7.05000,prps,1,4898
85979,85.979,1,4004,54004,lowband_largesig_r01,prps,1473,23,0.195770,-40,0,-40,-0.10471976,-6.00000,prps,1,4902
85999,85.999,1,4004,54004,lowband_largesig_r01,prps,1472,22,0.181875,-33,0,-33,-0.08639380,-4.95000,prps,1,4906
86019,86.019,1,4004,54004,lowband_largesig_r01,prps,1474,24,0.205557,-27,0,-27,-0.07068583,-4.05000,prps,1,4910
86039,86.039,1,4004,54004,lowband_largesig_r01,prps,1481,31,0.258697,-24,0,-24,-0.06283185,-3.60000,prps,1,4914
86059,86.059,1,4004,54004,lowband_largesig_r01,prps,1489,39,0.328103,-24,0,-24,-0.06283185,-3.60000,prps,1,4918
86079,86.079,1,4004,54004,lowband_largesig_r01,prps,1497,47,0.397437,-24,0,-24,-0.06283185,-3.60000,prps,1,4922
86099,86.099,1,4004,54004,lowband_largesig_r01,prps,1504,54,0.449697,-25,0,-25,-0.06544985,-3.75000,prps,1,4926
86119,86.119,1,4004,54004,lowband_largesig_r01,prps,1506,56,0.469876,-27,0,-27,-0.07068583,-4.05000,prps,1,4930
86139,86.139,1,4004,54004,lowband_largesig_r01,prps,1503,53,0.447374,-30,0,-30,-0.07853982,-4.50000,prps,1,4934
86159,86.159,1,4004,54004,lowband_largesig_r01,prps,1495,45,0.377772,-32,0,-32,-0.08377580,-4.80000,prps,1,4938
86179,86.179,1,4004,54004,lowband_largesig_r01,prps,1481,31,0.263662,-33,0,-33,-0.08639380,-4.95000,prps,1,4942
86199,86.199,1,4004,54004,lowband_largesig_r01,prps,1464,14,0.114388,-33,0,-33,-0.08639380,-4.95000,prps,1,4946
86219,86.219,1,4004,54004,lowband_largesig_r01,prps,1443,-7,-0.055291,-29,0,-29,-0.07592182,-4.35000,prps,1,4950
86239,86.239,1,4004,54004,lowband_largesig_r01,prps,1423,-27,-0.227402,-23,0,-23,-0.06021386,-3.45000,prps,1,4954
86259,86.259,1,4004,54004,lowband_largesig_r01,prps,1404,-46,-0.383490,-15,0,-15,-0.03926991,-2.25000,prps,1,4958
86279,86.279,1,4004,54004,lowband_largesig_r01,prps,1390,-60,-0.507444,-3,0,-3,-0.00785398,-0.45000,prps,1,4962
86299,86.299,1,4004,54004,lowband_largesig_r01,prps,1380,-70,-0.587949,8,0,8,0.02094395,1.20000,prps,1,4966
86319,86.319,1,4004,54004,lowband_largesig_r01,prps,1376,-74,-0.620168,18,0,18,0.04712389,2.70000,prps,1,4970
86339,86.339,1,4004,54004,lowband_largesig_r01,prps,1378,-72,-0.606383,26,0,26,0.06806784,3.90000,prps,1,4974
86359,86.359,1,4004,54004,lowband_largesig_r01,prps,1384,-66,-0.555471,32,0,32,0.08377580,4.80000,prps,1,4978
86379,86.379,1,4004,54004,lowband_largesig_r01,prps,1393,-57,-0.481313,33,0,33,0.08639380,4.95000,prps,1,4982
86399,86.399,1,4004,54004,lowband_largesig_r01,prps,1402,-48,-0.400391,33,0,33,0.08639380,4.95000,prps,1,4986
86419,86.419,1,4004,54004,lowband_largesig_r01,prps,1411,-39,-0.328970,31,0,31,0.08115781,4.65000,prps,1,4990
86439,86.439,1,4004,54004,lowband_largesig_r01,prps,1417,-33,-0.280336,28,0,28,0.07330382,4.20000,prps,1,4994
86459,86.459,1,4004,54004,lowband_largesig_r01,prps,1419,-31,-0.262549,23,0,23,0.06021386,3.45000,prps,1,4998
86479,86.479,1,4004,54004,lowband_largesig_r01,prps,1417,-33,-0.277093,18,0,18,0.04712389,2.70000,prps,1,5002
86499,86.499,1,4004,54004,lowband_largesig_r01,prps,1412,-38,-0.318642,15,0,15,0.03926991,2.25000,prps,1,5006
86519,86.519,1,4004,54004,lowband_largesig_r01,prps,1405,-45,-0.375993,14,0,14,0.03665191,2.10000,prps,1,5010
86539,86.539,1,4004,54004,lowband_largesig_r01,prps,1398,-52,-0.434015,15,0,15,0.03926991,2.25000,prps,1,5014
86559,86.559,1,4004,54004,lowband_largesig_r01,prps,1393,-57,-0.476285,16,0,16,0.04188790,2.40000,prps,1,5018
86579,86.579,1,4004,54004,lowband_largesig_r01,prps,1392,-58,-0.487982,17,0,17,0.04450589,2.55000,prps,1,5022
86599,86.599,1,4004,54004,lowband_largesig_r01,prps,1395,-55,-0.458560,18,0,18,0.04712389,2.70000,prps,1,5026
86619,86.619,1,4004,54004,lowband_largesig_r01,prps,1404,-46,-0.383750,20,0,20,0.05235988,3.00000,prps,1,5030
86639,86.639,1,4004,54004,lowband_largesig_r01,prps,1418,-32,-0.266560,20,0,20,0.05235988,3.00000,prps,1,5034
86659,86.659,1,4004,54004,lowband_largesig_r01,prps,1436,-14,-0.117112,20,0,20,0.05235988,3.00000,prps,1,5038
86679,86.679,1,4004,54004,lowband_largesig_r01,prps,1456,6,0.048673,16,0,16,0.04188790,2.40000,prps,1,5042
86699,86.699,1,4004,54004,lowband_largesig_r01,prps,1475,25,0.211323,10,0,10,0.02617994,1.50000,prps,1,5046
86719,86.719,1,4004,54004,lowband_largesig_r01,prps,1492,42,0.350639,3,0,3,0.00785398,0.45000,prps,1,5050
86739,86.739,1,4004,54004,lowband_largesig_r01,prps,1503,53,0.448639,-4,0,-4,-0.01047198,-0.60000,prps,1,5054
86759,86.759,1,4004,54004,lowband_largesig_r01,prps,1509,59,0.492169,-13,0,-13,-0.03403392,-1.95000,prps,1,5058
86779,86.779,1,4004,54004,lowband_largesig_r01,prps,1506,56,0.474755,-23,0,-23,-0.06021386,-3.45000,prps,1,5062
86799,86.799,1,4004,54004,lowband_largesig_r01,prps,1497,47,0.397446,-31,0,-31,-0.08115781,-4.65000,prps,1,5066
86819,86.819,1,4004,54004,lowband_largesig_r01,prps,1482,32,0.268517,-33,0,-33,-0.08639380,-4.95000,prps,1,5070
86839,86.839,1,4004,54004,lowband_largesig_r01,prps,1462,12,0.102124,-32,0,-32,-0.08377580,-4.80000,prps,1,5074
86859,86.859,1,4004,54004,lowband_largesig_r01,prps,1440,-10,-0.083858,-29,0,-29,-0.07592182,-4.35000,prps,1,5078
86879,86.879,1,4004,54004,lowband_largesig_r01,prps,1418,-32,-0.270429,-22,0,-22,-0.05759586,-3.30000,prps,1,5082
86899,86.899,1,4004,54004,lowband_largesig_r01,prps,1398,-52,-0.440095,-13,0,-13,-0.03403392,-1.95000,prps,1,5086
86919,86.919,1,4004,54004,lowband_largesig_r01,prps,1381,-69,-0.579089,-1,0,-1,-0.00261799,-0.15000,prps,1,5090
86939,86.939,1,4004,54004,lowband_largesig_r01,prps,1369,-81,-0.678889,11,0,11,0.02879793,1.65000,prps,1,5094
86959,86.959,1,4004,54004,lowband_largesig_r01,prps,1362,-88,-0.736801,22,0,22,0.05759586,3.30000,prps,1,5098
86979,86.979,1,4004,54004,lowband_largesig_r01,prps,1360,-90,-0.755599,32,0,32,0.08377580,4.80000,prps,1,5102
86999,86.999,1,4004,54004,lowband_largesig_r01,prps,1362,-88,-0.742331,38,0,38,0.09948376,5.70000,prps,1,5106
87019,87.019,1,4004,54004,lowband_largesig_r01,prps,1366,-84,-0.706556,42,0,42,0.10995574,6.30000,prps,1,5110
87039,87.039,1,4004,54004,lowband_largesig_r01,prps,1372,-78,-0.658348,43,0,43,0.11257374,6.45000,prps,1,5114
87059,87.059,1,4004,54004,lowband_largesig_r01,prps,1378,-72,-0.606432,42,0,42,0.10995574,6.30000,prps,1,5118
87079,87.079,1,4004,54004,lowband_largesig_r01,prps,1384,-66,-0.556770,42,0,42,0.10995574,6.30000,prps,1,5122
87099,87.099,1,4004,54004,lowband_largesig_r01,prps,1389,-61,-0.511817,42,0,42,0.10995574,6.30000,prps,1,5126
87119,87.119,1,4004,54004,lowband_largesig_r01,prps,1394,-56,-0.470539,40,0,40,0.10471976,6.00000,prps,1,5130
87139,87.139,1,4004,54004,lowband_largesig_r01,prps,1399,-51,-0.429136,37,0,37,0.09686577,5.55000,prps,1,5134
87159,87.159,1,4004,54004,lowband_largesig_r01,prps,1405,-45,-0.382294,32,0,32,0.08377580,4.80000,prps,1,5138
87179,87.179,1,4004,54004,lowband_largesig_r01,prps,1411,-39,-0.324694,28,0,28,0.07330382,4.20000,prps,1,5142
87199,87.199,1,4004,54004,lowband_largesig_r01,prps,1420,-30,-0.252473,24,0,24,0.06283185,3.60000,prps,1,5146
87219,87.219,1,4004,54004,lowband_largesig_r01,prps,1430,-20,-0.164346,21,0,21,0.05497787,3.15000,prps,1,5150
87239,87.239,1,4004,54004,lowband_largesig_r01,prps,1443,-7,-0.062182,16,0,16,0.04188790,2.40000,prps,1,5154
87259,87.259,1,4004,54004,lowband_largesig_r01,prps,1456,6,0.049070,12,0,12,0.03141592,1.80000,prps,1,5158
87279,87.279,1,4004,54004,lowband_largesig_r01,prps,1469,19,0.162089,7,0,7,0.01832596,1.05000,prps,1,5162
87299,87.299,1,4004,54004,lowband_largesig_r01,prps,1482,32,0.268368,3,0,3,0.00785398,0.45000,prps,1,5166
87319,87.319,1,4004,54004,lowband_largesig_r01,prps,1493,43,0.359665,-3,0,-3,-0.00785398,-0.45000,prps,1,5170
87339,87.339,1,4004,54004,lowband_largesig_r01,prps,1501,51,0.429422,-10,0,-10,-0.02617994,-1.50000,prps,1,5174
87359,87.359,1,4004,54004,lowband_largesig_r01,prps,1506,56,0.473898,-17,0,-17,-0.04450589,-2.55000,prps,1,5178
87379,87.379,1,4004,54004,lowband_largesig_r01,prps,1509,59,0.492799,-25,0,-25,-0.06544985,-3.75000,prps,1,5182
87399,87.399,1,4004,54004,lowband_largesig_r01,prps,1508,58,0.489295,-31,0,-31,-0.08115781,-4.65000,prps,1,5186
87419,87.419,1,4004,54004,lowband_largesig_r01,prps,1506,56,0.469416,-35,0,-35,-0.09162979,-5.25000,prps,1,5190
87439,87.439,1,4004,54004,lowband_largesig_r01,prps,1502,52,0.440956,-36,0,-36,-0.09424778,-5.40000,prps,1,5194
87459,87.459,1,4004,54004,lowband_largesig_r01,prps,1499,49,0.412089,-36,0,-36,-0.09424778,-5.40000,prps,1,5198
87479,87.479,1,4004,54004,lowband_largesig_r01,prps,1496,46,0.389950,-36,0,-36,-0.09424778,-5.40000,prps,1,5202
87499,87.499,1,4004,54004,lowband_largesig_r01,prps,1495,45,0.379448,-35,0,-35,-0.09162979,-5.25000,prps,1,5206
87519,87.519,1,4004,54004,lowband_largesig_r01,prps,1496,46,0.382530,-35,0,-35,-0.09162979,-5.25000,prps,1,5210
87539,87.539,1,4004,54004,lowband_largesig_r01,prps,1497,47,0.398012,-34,0,-34,-0.08901179,-5.10000,prps,1,5214
87559,87.559,1,4004,54004,lowband_largesig_r01,prps,1500,50,0.422016,-33,0,-33,-0.08639380,-4.95000,prps,1,5218
87579,87.579,1,4004,54004,lowband_largesig_r01,prps,1503,53,0.448909,-33,0,-33,-0.08639380,-4.95000,prps,1,5222
87599,87.599,1,4004,54004,lowband_largesig_r01,prps,1506,56,0.472557,-33,0,-33,-0.08639380,-4.95000,prps,1,5226
87619,87.619,1,4004,54004,lowband_largesig_r01,prps,1508,58,0.487659,-33,0,-33,-0.08639380,-4.95000,prps,1,5230
87639,87.639,1,4004,54004,lowband_largesig_r01,prps,1508,58,0.490902,-33,0,-33,-0.08639380,-4.95000,prps,1,5234
87659,87.659,1,4004,54004,lowband_largesig_r01,prps,1507,57,0.481710,-33,0,-33,-0.08639380,-4.95000,prps,1,5238
87679,87.679,1,4004,54004,lowband_largesig_r01,prps,1505,55,0.462456,-33,0,-33,-0.08639380,-4.95000,prps,1,5242
87699,87.699,1,4004,54004,lowband_largesig_r01,prps,1502,52,0.438073,-33,0,-33,-0.08639380,-4.95000,prps,1,5246
87719,87.719,1,4004,54004,lowband_largesig_r01,prps,1499,49,0.415164,-33,0,-33,-0.08639380,-4.95000,prps,1,5250
87739,87.739,1,4004,54004,lowband_largesig_r01,prps,1498,48,0.400746,-33,0,-33,-0.08639380,-4.95000,prps,1,5254
87759,87.759,1,4004,54004,lowband_largesig_r01,prps,1498,48,0.400878,-33,0,-33,-0.08639380,-4.95000,prps,1,5258
87779,87.779,1,4004,54004,lowband_largesig_r01,prps,1500,50,0.419422,-33,0,-33,-0.08639380,-4.95000,prps,1,5262
87799,87.799,1,4004,54004,lowband_largesig_r01,prps,1504,54,0.457162,-33,0,-33,-0.08639380,-4.95000,prps,1,5266
87819,87.819,1,4004,54004,lowband_largesig_r01,prps,1511,61,0.511448,-33,0,-33,-0.08639380,-4.95000,prps,1,5270
87839,87.839,1,4004,54004,lowband_largesig_r01,prps,1519,69,0.576432,-33,0,-33,-0.08639380,-4.95000,prps,1,5274
87859,87.859,1,4004,54004,lowband_largesig_r01,prps,1527,77,0.643850,-35,0,-35,-0.09162979,-5.25000,prps,1,5278
87879,87.879,1,4004,54004,lowband_largesig_r01,prps,1534,84,0.704215,-38,0,-38,-0.09948376,-5.70000,prps,1,5282
87899,87.899,1,4004,54004,lowband_largesig_r01,prps,1539,89,0.748212,-42,0,-42,-0.10995574,-6.30000,prps,1,5286
87919,87.919,1,4004,54004,lowband_largesig_r01,prps,1541,91,0.768037,-47,0,-47,-0.12304571,-7.05000,prps,1,5290
87939,87.939,1,4004,54004,lowband_largesig_r01,prps,1540,90,0.758469,-50,0,-50,-0.13089970,-7.50000,prps,1,5294
87959,87.959,1,4004,54004,lowband_largesig_r01,prps,1535,85,0.717489,-52,0,-52,-0.13613568,-7.80000,prps,1,5298
87979,87.979,1,4004,54004,lowband_largesig_r01,prps,1527,77,0.646365,-53,0,-53,-0.13875367,-7.95000,prps,1,5302
87999,87.999,1,4004,54004,lowband_largesig_r01,prps,1515,65,0.549208,-53,0,-53,-0.13875367,-7.95000,prps,1,5306
88019,88.019,1,4004,54004,lowband_largesig_r01,prps,1501,51,0.432127,-52,0,-52,-0.13613568,-7.80000,prps,1,5310
88039,88.039,1,4004,54004,lowband_largesig_r01,prps,1486,36,0.302152,-49,0,-49,-0.12828170,-7.35000,prps,1,5314
88059,88.059,1,4004,54004,lowband_largesig_r01,prps,1470,20,0.166154,-44,0,-44,-0.11519173,-6.60000,prps,1,5318
88079,88.079,1,4004,54004,lowband_largesig_r01,prps,1454,4,0.029972,-37,0,-37,-0.09686577,-5.55000,prps,1,5322
88099,88.099,1,4004,54004,lowband_largesig_r01,prps,1438,-12,-0.102100,-29,0,-29,-0.07592182,-4.35000,prps,1,5326
88119,88.119,1,4004,54004,lowband_largesig_r01,prps,1423,-27,-0.227376,-19,0,-19,-0.04974188,-2.85000,prps,1,5330
88139,88.139,1,4004,54004,lowband_largesig_r01,prps,1409,-41,-0.344417,-10,0,-10,-0.02617994,-1.50000,prps,1,5334
88159,88.159,1,4004,54004,lowband_largesig_r01,prps,1396,-54,-0.452364,0,0,0,0.00000000,0.00000,prps,1,5338
88179,88.179,1,4004,54004,lowband_largesig_r01,prps,1385,-65,-0.550137,9,0,9,0.02356194,1.35000,prps,1,5342
88199,88.199,1,4004,54004,lowband_largesig_r01,prps,1374,-76,-0.635729,16,0,16,0.04188790,2.40000,prps,1,5346
88219,88.219,1,4004,54004,lowband_largesig_r01,prps,1366,-84,-0.705793,22,0,22,0.05759586,3.30000,prps,1,5350
88251,88.251,1,4004,54004,lowband_largesig_r01,prps,1360,-90,-0.755658,31,0,31,0.08115781,4.65000,prps,1,5354
88271,88.271,1,4004,54004,lowband_largesig_r01,prps,1357,-93,-0.779849,36,0,36,0.09424778,5.40000,prps,1,5358
88291,88.291,1,4004,54004,lowband_largesig_r01,prps,1358,-92,-0.773040,39,0,39,0.10210176,5.85000,prps,1,5362
88311,88.311,1,4004,54004,lowband_largesig_r01,prps,1363,-87,-0.731280,42,0,42,0.10995574,6.30000,prps,1,5366
88331,88.331,1,4004,54004,lowband_largesig_r01,prps,1372,-78,-0.653272,44,0,44,0.11519173,6.60000,prps,1,5370
88351,88.351,1,4004,54004,lowband_largesig_r01,prps,1386,-64,-0.541421,43,0,43,0.11257374,6.45000,prps,1,5374
88371,88.371,1,4004,54004,lowband_largesig_r01,prps,1402,-48,-0.402387,42,0,42,0.10995574,6.30000,prps,1,5378
88391,88.391,1,4004,54004,lowband_largesig_r01,prps,1421,-29,-0.246973,38,0,38,0.09948376,5.70000,prps,1,5382
88411,88.411,1,4004,54004,lowband_largesig_r01,prps,1439,-11,-0.089260,30,0,30,0.07853982,4.50000,prps,1,5386
88431,88.431,1,4004,54004,lowband_largesig_r01,prps,1457,7,0.054961,21,0,21,0.05497787,3.15000,prps,1,5390
88451,88.451,1,4004,54004,lowband_largesig_r01,prps,1470,20,0.170248,10,0,10,0.02617994,1.50000,prps,1,5394
88471,88.471,1,4004,54004,lowband_largesig_r01,prps,1479,29,0.243783,1,0,1,0.00261799,0.15000,prps,1,5398
88491,88.491,1,4004,54004,lowband_largesig_r01,prps,1482,32,0.267470,-8,0,-8,-0.02094395,-1.20000,prps,1,5402
88511,88.511,1,4004,54004,lowband_largesig_r01,prps,1479,29,0.239512,-15,0,-15,-0.03926991,-2.25000,prps,1,5406
88531,88.531,1,4004,54004,lowband_largesig_r01,prps,1470,20,0.165150,-19,0,-19,-0.04974188,-2.85000,prps,1,5410
88551,88.551,1,4004,54004,lowband_largesig_r01,prps,1457,7,0.056375,-20,0,-20,-0.05235988,-3.00000,prps,1,5414
88571,88.571,1,4004,54004,lowband_largesig_r01,prps,1442,-8,-0.069407,-19,0,-19,-0.04974188,-2.85000,prps,1,5418
88591,88.591,1,4004,54004,lowband_largesig_r01,prps,1427,-23,-0.191621,-15,0,-15,-0.03926991,-2.25000,prps,1,5422
88611,88.611,1,4004,54004,lowband_largesig_r01,prps,1416,-34,-0.289370,-8,0,-8,-0.02094395,-1.20000,prps,1,5426
88631,88.631,1,4004,54004,lowband_largesig_r01,prps,1409,-41,-0.344480,0,0,0,0.00000000,0.00000,prps,1,5430
88651,88.651,1,4004,54004,lowband_largesig_r01,prps,1409,-41,-0.344268,7,0,7,0.01832596,1.05000,prps,1,5434
88671,88.671,1,4004,54004,lowband_largesig_r01,prps,1416,-34,-0.283595,13,0,13,0.03403392,1.95000,prps,1,5438
88691,88.691,1,4004,54004,lowband_largesig_r01,prps,1430,-20,-0.165868,16,0,16,0.04188790,2.40000,prps,1,5442
88711,88.711,1,4004,54004,lowband_largesig_r01,prps,1450,0,-0.002787,16,0,16,0.04188790,2.40000,prps,1,5446
88731,88.731,1,4004,54004,lowband_largesig_r01,prps,1472,22,0.187137,10,0,10,0.02617994,1.50000,prps,1,5450
88751,88.751,1,4004,54004,lowband_largesig_r01,prps,1495,45,0.381108,4,0,4,0.01047198,0.60000,prps,1,5454
88771,88.771,1,4004,54004,lowband_largesig_r01,prps,1516,66,0.555244,-4,0,-4,-0.01047198,-0.60000,prps,1,5458
88791,88.791,1,4004,54004,lowband_largesig_r01,prps,1532,82,0.687966,-15,0,-15,-0.03926991,-2.25000,prps,1,5462
88811,88.811,1,4004,54004,lowband_largesig_r01,prps,1541,91,0.763067,-28,0,-28,-0.07330382,-4.20000,prps,1,5466
88831,88.831,1,4004,54004,lowband_largesig_r01,prps,1542,92,0.771988,-40,0,-40,-0.10471976,-6.00000,prps,1,5470
88851,88.851,1,4004,54004,lowband_largesig_r01,prps,1535,85,0.714959,-51,0,-51,-0.13351768,-7.65000,prps,1,5474
88871,88.871,1,4004,54004,lowband_largesig_r01,prps,1521,71,0.600830,-56,0,-56,-0.14660765,-8.40000,prps,1,5478
88891,88.891,1,4004,54004,lowband_largesig_r01,prps,1503,53,0.445625,-55,0,-55,-0.14398966,-8.25000,prps,1,5482
88911,88.911,1,4004,54004,lowband_largesig_r01,prps,1482,32,0.270061,-51,0,-51,-0.13351768,-7.65000,prps,1,5486
88931,88.931,1,4004,54004,lowband_largesig_r01,prps,1461,11,0.096418,-45,0,-45,-0.11780972,-6.75000,prps,1,5490
88951,88.951,1,4004,54004,lowband_largesig_r01,prps,1443,-7,-0.054738,-36,0,-36,-0.09424778,-5.40000,prps,1,5494
88971,88.971,1,4004,54004,lowband_largesig_r01,prps,1430,-20,-0.167477,-25,0,-25,-0.06544985,-3.75000,prps,1,5498
88991,88.991,1,4004,54004,lowband_largesig_r01,prps,1422,-28,-0.232631,-14,0,-14,-0.03665191,-2.10000,prps,1,5502
89011,89.011,1,4004,54004,lowband_largesig_r01,prps,1420,-30,-0.248795,-3,0,-3,-0.00785398,-0.45000,prps,1,5506
89031,89.031,1,4004,54004,lowband_largesig_r01,prps,1424,-26,-0.222111,5,0,5,0.01308997,0.75000,prps,1,5510
89051,89.051,1,4004,54004,lowband_largesig_r01,prps,1430,-20,-0.164874,7,0,7,0.01832596,1.05000,prps,1,5514
89071,89.071,1,4004,54004,lowband_largesig_r01,prps,1439,-11,-0.093246,8,0,8,0.02094395,1.20000,prps,1,5518
89091,89.091,1,4004,54004,lowband_largesig_r01,prps,1447,-3,-0.024466,7,0,7,0.01832596,1.05000,prps,1,5522
89111,89.111,1,4004,54004,lowband_largesig_r01,prps,1453,3,0.025988,6,0,6,0.01570796,0.90000,prps,1,5526
89131,89.131,1,4004,54004,lowband_largesig_r01,prps,1456,6,0.046794,4,0,4,0.01047198,0.60000,prps,1,5530
89151,89.151,1,4004,54004,lowband_largesig_r01,prps,1454,4,0.032408,1,0,1,0.00261799,0.15000,prps,1,5534
89171,89.171,1,4004,54004,lowband_largesig_r01,prps,1448,-2,-0.016369,-1,0,-1,-0.00261799,-0.15000,prps,1,5538
89191,89.191,1,4004,54004,lowband_largesig_r01,prps,1439,-11,-0.092883,-2,0,-2,-0.00523599,-0.30000,prps,1,5542
89211,89.211,1,4004,54004,lowband_largesig_r01,prps,1428,-22,-0.186092,-1,0,-1,-0.00261799,-0.15000,prps,1,5546
89231,89.231,1,4004,54004,lowband_largesig_r01,prps,1416,-34,-0.282691,-1,0,-1,-0.00261799,-0.15000,prps,1,5550
89251,89.251,1,4004,54004,lowband_largesig_r01,prps,1406,-44,-0.369522,3,0,3,0.00785398,0.45000,prps,1,5554
89271,89.271,1,4004,54004,lowband_largesig_r01,prps,1398,-52,-0.435851,6,0,6,0.01570796,0.90000,prps,1,5558
89291,89.291,1,4004,54004,lowband_largesig_r01,prps,1393,-57,-0.475118,11,0,11,0.02879793,1.65000,prps,1,5562
89311,89.311,1,4004,54004,lowband_largesig_r01,prps,1392,-58,-0.485890,16,0,16,0.04188790,2.40000,prps,1,5566
89331,89.331,1,4004,54004,lowband_largesig_r01,prps,1394,-56,-0.471875,19,0,19,0.04974188,2.85000,prps,1,5570
89351,89.351,1,4004,54004,lowband_largesig_r01,prps,1398,-52,-0.441034,21,0,21,0.05497787,3.15000,prps,1,5574
89371,89.371,1,4004,54004,lowband_largesig_r01,prps,1402,-48,-0.403967,21,0,21,0.05497787,3.15000,prps,1,5578
89391,89.391,1,4004,54004,lowband_largesig_r01,prps,1406,-44,-0.371899,21,0,21,0.05497787,3.15000,prps,1,5582
89411,89.411,1,4004,54004,lowband_largesig_r01,prps,1408,-42,-0.354598,21,0,21,0.05497787,3.15000,prps,1,5586
89431,89.431,1,4004,54004,lowband_largesig_r01,prps,1407,-43,-0.358628,21,0,21,0.05497787,3.15000,prps,1,5590
89451,89.451,1,4004,54004,lowband_largesig_r01,prps,1404,-46,-0.386199,21,0,21,0.05497787,3.15000,prps,1,5594
89471,89.471,1,4004,54004,lowband_largesig_r01,prps,1398,-52,-0.434818,20,0,20,0.05235988,3.00000,prps,1,5598
89491,89.491,1,4004,54004,lowband_largesig_r01,prps,1391,-59,-0.497764,20,0,20,0.05235988,3.00000,prps,1,5602
89511,89.511,1,4004,54004,lowband_largesig_r01,prps,1383,-67,-0.565295,21,0,21,0.05497787,3.15000,prps,1,5606
89531,89.531,1,4004,54004,lowband_largesig_r01,prps,1375,-75,-0.626336,23,0,23,0.06021386,3.45000,prps,1,5610
89551,89.551,1,4004,54004,lowband_largesig_r01,prps,1370,-80,-0.670358,25,0,25,0.06544985,3.75000,prps,1,5614
89571,89.571,1,4004,54004,lowband_largesig_r01,prps,1368,-82,-0.689115,28,0,28,0.07330382,4.20000,prps,1,5618
89591,89.591,1,4004,54004,lowband_largesig_r01,prps,1369,-81,-0.677935,31,0,31,0.08115781,4.65000,prps,1,5622
89611,89.611,1,4004,54004,lowband_largesig_r01,prps,1374,-76,-0.636378,34,0,34,0.08901179,5.10000,prps,1,5626
89631,89.631,1,4004,54004,lowband_largesig_r01,prps,1382,-68,-0.568161,35,0,35,0.09162979,5.25000,prps,1,5630
89651,89.651,1,4004,54004,lowband_largesig_r01,prps,1393,-57,-0.480410,35,0,35,0.09162979,5.25000,prps,1,5634
89671,89.671,1,4004,54004,lowband_largesig_r01,prps,1404,-46,-0.382385,35,0,35,0.09162979,5.25000,prps,1,5638
89691,89.691,1,4004,54004,lowband_largesig_r01,prps,1416,-34,-0.283944,32,0,32,0.08377580,4.80000,prps,1,5642
89711,89.711,1,4004,54004,lowband_largesig_r01,prps,1427,-23,-0.194010,27,0,27,0.07068583,4.05000,prps,1,5646
89731,89.731,1,4004,54004,lowband_largesig_r01,prps,1436,-14,-0.119320,21,0,21,0.05497787,3.15000,prps,1,5650
89751,89.751,1,4004,54004,lowband_largesig_r01,prps,1442,-8,-0.063652,14,0,14,0.03665191,2.10000,prps,1,5654
89771,89.771,1,4004,54004,lowband_largesig_r01,prps,1447,-3,-0.027635,8,0,8,0.02094395,1.20000,prps,1,5658
89791,89.791,1,4004,54004,lowband_largesig_r01,prps,1449,-1,-0.009128,4,0,4,0.01047198,0.60000,prps,1,5662
89811,89.811,1,4004,54004,lowband_largesig_r01,prps,1450,0,-0.004061,2,0,2,0.00523599,0.30000,prps,1,5666
89831,89.831,1,4004,54004,lowband_largesig_r01,prps,1449,-1,-0.007530,1,0,1,0.00261799,0.15000,prps,1,5670
89851,89.851,1,4004,54004,lowband_largesig_r01,prps,1448,-2,-0.014920,1,0,1,0.00261799,0.15000,prps,1,5674
89871,89.871,1,4004,54004,lowband_largesig_r01,prps,1447,-3,-0.022825,0,0,0,0.00000000,0.00000,prps,1,5678
89891,89.891,1,4004,54004,lowband_largesig_r01,prps,1446,-4,-0.029582,0,0,0,0.00000000,0.00000,prps,1,5682
89911,89.911,1,4004,54004,lowband_largesig_r01,prps,1446,-4,-0.035341,0,0,0,0.00000000,0.00000,prps,1,5686
89931,89.931,1,4004,54004,lowband_largesig_r01,prps,1445,-5,-0.041662,0,0,0,0.00000000,0.00000,prps,1,5690
89951,89.951,1,4004,54004,lowband_largesig_r01,prps,1444,-6,-0.050766,1,0,1,0.00261799,0.15000,prps,1,5694
89971,89.971,1,4004,54004,lowband_largesig_r01,prps,1442,-8,-0.064594,1,0,1,0.00261799,0.15000,prps,1,5698
89991,89.991,1,4004,54004,lowband_largesig_r01,prps,1440,-10,-0.083919,1,0,1,0.00261799,0.15000,prps,1,5702
90011,90.011,1,4004,54004,lowband_largesig_r01,prps,1437,-13,-0.107686,1,0,1,0.00261799,0.15000,prps,1,5706
90031,90.031,1,4004,54004,lowband_largesig_r01,prps,1434,-16,-0.132779,1,0,1,0.00261799,0.15000,prps,1,5710
90051,90.051,1,4004,54004,lowband_largesig_r01,prps,1432,-18,-0.154255,1,0,1,0.00261799,0.15000,prps,1,5714
90071,90.071,1,4004,54004,lowband_largesig_r01,prps,1430,-20,-0.166049,3,0,3,0.00785398,0.45000,prps,1,5718
90091,90.091,1,4004,54004,lowband_largesig_r01,prps,1431,-19,-0.162015,4,0,4,0.01047198,0.60000,prps,1,5722
90111,90.111,1,4004,54004,lowband_largesig_r01,prps,1434,-16,-0.137129,5,0,5,0.01308997,0.75000,prps,1,5726
90131,90.131,1,4004,54004,lowband_largesig_r01,prps,1439,-11,-0.088596,5,0,5,0.01308997,0.75000,prps,1,5730
90151,90.151,1,4004,54004,lowband_largesig_r01,prps,1448,-2,-0.016667,5,0,5,0.01308997,0.75000,prps,1,5734
90171,90.171,1,4004,54004,lowband_largesig_r01,prps,1459,9,0.075033,5,0,5,0.01308997,0.75000,prps,1,5738
90191,90.191,1,4004,54004,lowband_largesig_r01,prps,1471,21,0.179746,3,0,3,0.00785398,0.45000,prps,1,5742
90211,90.211,1,4004,54004,lowband_largesig_r01,prps,1484,34,0.288375,0,0,0,0.00000000,0.00000,prps,1,5746
90231,90.231,1,4004,54004,lowband_largesig_r01,prps,1496,46,0.390720,-6,0,-6,-0.01570796,-0.90000,prps,1,5750
90251,90.251,1,4004,54004,lowband_largesig_r01,prps,1507,57,0.476950,-13,0,-13,-0.03403392,-1.95000,prps,1,5754
90271,90.271,1,4004,54004,lowband_largesig_r01,prps,1514,64,0.539052,-21,0,-21,-0.05497787,-3.15000,prps,1,5758
90291,90.291,1,4004,54004,lowband_largesig_r01,prps,1518,68,0.572026,-28,0,-28,-0.07330382,-4.20000,prps,1,5762
90311,90.311,1,4004,54004,lowband_largesig_r01,prps,1518,68,0.574584,-35,0,-35,-0.09162979,-5.25000,prps,1,5766
90331,90.331,1,4004,54004,lowband_largesig_r01,prps,1515,65,0.549260,-39,0,-39,-0.10210176,-5.85000,prps,1,5770
90351,90.351,1,4004,54004,lowband_largesig_r01,prps,1510,60,0.501890,-42,0,-42,-0.10995574,-6.30000,prps,1,5774
90371,90.371,1,4004,54004,lowband_largesig_r01,prps,1502,52,0.440555,-42,0,-42,-0.10995574,-6.30000,prps,1,5778
90391,90.391,1,4004,54004,lowband_largesig_r01,prps,1495,45,0.374194,-41,0,-41,-0.10733775,-6.15000,prps,1,5782
90411,90.411,1,4004,54004,lowband_largesig_r01,prps,1487,37,0.311114,-40,0,-40,-0.10471976,-6.00000,prps,1,5786
90431,90.431,1,4004,54004,lowband_largesig_r01,prps,1481,31,0.257680,-37,0,-37,-0.09686577,-5.55000,prps,1,5790
90451,90.451,1,4004,54004,lowband_largesig_r01,prps,1476,26,0.217409,-34,0,-34,-0.08901179,-5.10000,prps,1,5794
90471,90.471,1,4004,54004,lowband_largesig_r01,prps,1473,23,0.190631,-30,0,-30,-0.07853982,-4.50000,prps,1,5798
90491,90.491,1,4004,54004,lowband_largesig_r01,prps,1471,21,0.174762,-26,0,-26,-0.06806784,-3.90000,prps,1,5802
90511,90.511,1,4004,54004,lowband_largesig_r01,prps,1470,20,0.165130,-24,0,-24,-0.06283185,-3.60000,prps,1,5806
90531,90.531,1,4004,54004,lowband_largesig_r01,prps,1469,19,0.156178,-22,0,-22,-0.05759586,-3.30000,prps,1,5810
90551,90.551,1,4004,54004,lowband_largesig_r01,prps,1467,17,0.142816,-22,0,-22,-0.05759586,-3.30000,prps,1,5814
90571,90.571,1,4004,54004,lowband_largesig_r01,prps,1464,14,0.121637,-20,0,-20,-0.05235988,-3.00000,prps,1,5818
90591,90.591,1,4004,54004,lowband_largesig_r01,prps,1461,11,0.091766,-18,0,-18,-0.04712389,-2.70000,prps,1,5822
90611,90.611,1,4004,54004,lowband_largesig_r01,prps,1457,7,0.055164,-16,0,-16,-0.04188790,-2.40000,prps,1,5826
90631,90.631,1,4004,54004,lowband_largesig_r01,prps,1452,2,0.016313,-14,0,-14,-0.03665191,-2.10000,prps,1,5830
90651,90.651,1,4004,54004,lowband_largesig_r01,prps,1448,-2,-0.018656,-13,0,-13,-0.03403392,-1.95000,prps,1,5834
90671,90.671,1,4004,54004,lowband_largesig_r01,prps,1445,-5,-0.043237,-11,0,-11,-0.02879793,-1.65000,prps,1,5838
90691,90.691,1,4004,54004,lowband_largesig_r01,prps,1444,-6,-0.051970,-9,0,-9,-0.02356194,-1.35000,prps,1,5842
90711,90.711,1,4004,54004,lowband_largesig_r01,prps,1445,-5,-0.041730,-6,0,-6,-0.01570796,-0.90000,prps,1,5846
90731,90.731,1,4004,54004,lowband_largesig_r01,prps,1448,-2,-0.012616,-4,0,-4,-0.01047198,-0.60000,prps,1,5850
90751,90.751,1,4004,54004,lowband_largesig_r01,prps,1454,4,0.031768,-4,0,-4,-0.01047198,-0.60000,prps,1,5854
90771,90.771,1,4004,54004,lowband_largesig_r01,prps,1460,10,0.084725,-4,0,-4,-0.01047198,-0.60000,prps,1,5858
90791,90.791,1,4004,54004,lowband_largesig_r01,prps,1466,16,0.137523,-4,0,-4,-0.01047198,-0.60000,prps,1,5862
90811,90.811,1,4004,54004,lowband_largesig_r01,prps,1472,22,0.180946,-4,0,-4,-0.01047198,-0.60000,prps,1,5866
90831,90.831,1,4004,54004,lowband_largesig_r01,prps,1475,25,0.207057,-6,0,-6,-0.01570796,-0.90000,prps,1,5870
90851,90.851,1,4004,54004,lowband_largesig_r01,prps,1475,25,0.210844,-7,0,-7,-0.01832596,-1.05000,prps,1,5874
90871,90.871,1,4004,54004,lowband_largesig_r01,prps,1473,23,0.191446,-11,0,-11,-0.02879793,-1.65000,prps,1,5878
90891,90.891,1,4004,54004,lowband_largesig_r01,prps,1468,18,0.152674,-14,0,-14,-0.03665191,-2.10000,prps,1,5882
90911,90.911,1,4004,54004,lowband_largesig_r01,prps,1462,12,0.102712,-16,0,-16,-0.04188790,-2.40000,prps,1,5886
90931,90.931,1,4004,54004,lowband_largesig_r01,prps,1456,6,0.052980,-16,0,-16,-0.04188790,-2.40000,prps,1,5890
90951,90.951,1,4004,54004,lowband_largesig_r01,prps,1452,2,0.016317,-15,0,-15,-0.03926991,-2.25000,prps,1,5894
90971,90.971,1,4004,54004,lowband_largesig_r01,prps,1451,1,0.004776,-14,0,-14,-0.03665191,-2.10000,prps,1,5898
90991,90.991,1,4004,54004,lowband_largesig_r01,prps,1453,3,0.027397,-11,0,-11,-0.02879793,-1.65000,prps,1,5902
91011,91.011,1,4004,54004,lowband_largesig_r01,prps,1461,11,0.088341,-9,0,-9,-0.02356194,-1.35000,prps,1,5906
91031,91.031,1,4004,54004,lowband_largesig_r01,prps,1472,22,0.185758,-8,0,-8,-0.02094395,-1.20000,prps,1,5910
91051,91.051,1,4004,54004,lowband_largesig_r01,prps,1487,37,0.311594,-8,0,-8,-0.02094395,-1.20000,prps,1,5914
91071,91.071,1,4004,54004,lowband_largesig_r01,prps,1504,54,0.452459,-11,0,-11,-0.02879793,-1.65000,prps,1,5918
91091,91.091,1,4004,54004,lowband_largesig_r01,prps,1520,70,0.591423,-17,0,-17,-0.04450589,-2.55000,prps,1,5922
91111,91.111,1,4004,54004,lowband_largesig_r01,prps,1535,85,0.710519,-25,0,-25,-0.06544985,-3.75000,prps,1,5926
91131,91.131,1,4004,54004,lowband_largesig_r01,prps,1544,94,0.793540,-34,0,-34,-0.08901179,-5.10000,prps,1,5930
91151,91.151,1,4004,54004,lowband_largesig_r01,prps,1549,99,0.828688,-43,0,-43,-0.11257374,-6.45000,prps,1,5934
91171,91.171,1,4004,54004,lowband_largesig_r01,prps,1546,96,0.810631,-51,0,-51,-0.13351768,-7.65000,prps,1,5938
91191,91.191,1,4004,54004,lowband_largesig_r01,prps,1538,88,0.741596,-55,0,-55,-0.14398966,-8.25000,prps,1,5942
91211,91.211,1,4004,54004,lowband_largesig_r01,prps,1525,75,0.631298,-56,0,-56,-0.14660765,-8.40000,prps,1,5946
91231,91.231,1,4004,54004,lowband_largesig_r01,prps,1509,59,0.495664,-55,0,-55,-0.14398966,-8.25000,prps,1,5950
91251,91.251,1,4004,54004,lowband_largesig_r01,prps,1492,42,0.354531,-53,0,-53,-0.13875367,-7.95000,prps,1,5954
91271,91.271,1,4004,54004,lowband_largesig_r01,prps,1477,27,0.228642,-48,0,-48,-0.12566370,-7.20000,prps,1,5958
91291,91.291,1,4004,54004,lowband_largesig_r01,prps,1466,16,0.136432,-40,0,-40,-0.10471976,-6.00000,prps,1,5962
91311,91.311,1,4004,54004,lowband_largesig_r01,prps,1461,11,0.091074,-33,0,-33,-0.08639380,-4.95000,prps,1,5966
91331,91.331,1,4004,54004,lowband_largesig_r01,prps,1462,12,0.098296,-24,0,-24,-0.06283185,-3.60000,prps,1,5970
91351,91.351,1,4004,54004,lowband_largesig_r01,prps,1468,18,0.155301,-18,0,-18,-0.04712389,-2.70000,prps,1,5974
91371,91.371,1,4004,54004,lowband_largesig_r01,prps,1480,30,0.250995,-16,0,-16,-0.04188790,-2.40000,prps,1,5978
91391,91.391,1,4004,54004,lowband_largesig_r01,prps,1494,44,0.367504,-16,0,-16,-0.04188790,-2.40000,prps,1,5982
91411,91.411,1,4004,54004,lowband_largesig_r01,prps,1507,57,0.482751,-17,0,-17,-0.04450589,-2.55000,prps,1,5986
91431,91.431,1,4004,54004,lowband_largesig_r01,prps,1518,68,0.573722,-22,0,-22,-0.05759586,-3.30000,prps,1,5990
91451,91.451,1,4004,54004,lowband_largesig_r01,prps,1524,74,0.619897,-28,0,-28,-0.07330382,-4.20000,prps,1,5994
91471,91.471,1,4004,54004,lowband_largesig_r01,prps,1522,72,0.606358,-35,0,-35,-0.09162979,-5.25000,prps,1,5998
91491,91.491,1,4004,54004,lowband_largesig_r01,prps,1513,63,0.526063,-41,0,-41,-0.10733775,-6.15000,prps,1,6002
91511,91.511,1,4004,54004,lowband_largesig_r01,prps,1495,45,0.380978,-44,0,-44,-0.11519173,-6.60000,prps,1,6006
91531,91.531,1,4004,54004,lowband_largesig_r01,prps,1472,22,0.181889,-44,0,-44,-0.11519173,-6.60000,prps,1,6010
91551,91.551,1,4004,54004,lowband_largesig_r01,prps,1444,-6,-0.053054,-40,0,-40,-0.10471976,-6.00000,prps,1,6014
91571,91.571,1,4004,54004,lowband_largesig_r01,prps,1414,-36,-0.300828,-30,0,-30,-0.07853982,-4.50000,prps,1,6018
91591,91.591,1,4004,54004,lowband_largesig_r01,prps,1386,-64,-0.536666,-16,0,-16,-0.04188790,-2.40000,prps,1,6022
91611,91.611,1,4004,54004,lowband_largesig_r01,prps,1362,-88,-0.737347,0,0,0,0.00000000,0.00000,prps,1,6026
91631,91.631,1,4004,54004,lowband_largesig_r01,prps,1345,-105,-0.884164,16,0,16,0.04188790,2.40000,prps,1,6030
91651,91.651,1,4004,54004,lowband_largesig_r01,prps,1335,-115,-0.965139,31,0,31,0.08115781,4.65000,prps,1,6034
91671,91.671,1,4004,54004,lowband_largesig_r01,prps,1334,-116,-0.976208,44,0,44,0.11519173,6.60000,prps,1,6038
91691,91.691,1,4004,54004,lowband_largesig_r01,prps,1340,-110,-0.921240,55,0,55,0.14398966,8.25000,prps,1,6042
91711,91.711,1,4004,54004,lowband_largesig_r01,prps,1353,-97,-0.810978,59,0,59,0.15446164,8.85000,prps,1,6046
91731,91.731,1,4004,54004,lowband_largesig_r01,prps,1371,-79,-0.661112,59,0,59,0.15446164,8.85000,prps,1,6050
91751,91.751,1,4004,54004,lowband_largesig_r01,prps,1392,-58,-0.489841,56,0,56,0.14660765,8.40000,prps,1,6054
91771,91.771,1,4004,54004,lowband_largesig_r01,prps,1412,-38,-0.315339,50,0,50,0.13089970,7.50000,prps,1,6058
91791,91.791,1,4004,54004,lowband_largesig_r01,prps,1432,-18,-0.153499,41,0,41,0.10733775,6.15000,prps,1,6062
91811,91.811,1,4004,54004,lowband_largesig_r01,prps,1448,-2,-0.016291,30,0,30,0.07853982,4.50000,prps,1,6066
91831,91.831,1,4004,54004,lowband_largesig_r01,prps,1461,11,0.089085,17,0,17,0.04450589,2.55000,prps,1,6070
91851,91.851,1,4004,54004,lowband_largesig_r01,prps,1469,19,0.160199,5,0,5,0.01308997,0.75000,prps,1,6074
91871,91.871,1,4004,54004,lowband_largesig_r01,prps,1474,24,0.198654,-3,0,-3,-0.00785398,-0.45000,prps,1,6078
91891,91.891,1,4004,54004,lowband_largesig_r01,prps,1475,25,0.208812,-10,0,-10,-0.02617994,-1.50000,prps,1,6082
91911,91.911,1,4004,54004,lowband_largesig_r01,prps,1473,23,0.196303,-15,0,-15,-0.03926991,-2.25000,prps,1,6086
91931,91.931,1,4004,54004,lowband_largesig_r01,prps,1470,20,0.166596,-18,0,-18,-0.04712389,-2.70000,prps,1,6090
91951,91.951,1,4004,54004,lowband_largesig_r01,prps,1465,15,0.123910,-18,0,-18,-0.04712389,-2.70000,prps,1,6094
91971,91.971,1,4004,54004,lowband_largesig_r01,prps,1458,8,0.070639,-17,0,-17,-0.04450589,-2.55000,prps,1,6098
91991,91.991,1,4004,54004,lowband_largesig_r01,prps,1451,1,0.007353,-16,0,-16,-0.04188790,-2.40000,prps,1,6102
92011,92.011,1,4004,54004,lowband_largesig_r01,prps,1442,-8,-0.066678,-15,0,-15,-0.03926991,-2.25000,prps,1,6106
92031,92.031,1,4004,54004,lowband_largesig_r01,prps,1432,-18,-0.152608,-12,0,-12,-0.03141592,-1.80000,prps,1,6110
92051,92.051,1,4004,54004,lowband_largesig_r01,prps,1420,-30,-0.250995,-7,0,-7,-0.01832596,-1.05000,prps,1,6114
92071,92.071,1,4004,54004,lowband_largesig_r01,prps,1407,-43,-0.360893,-1,0,-1,-0.00261799,-0.15000,prps,1,6118
92091,92.091,1,4004,54004,lowband_largesig_r01,prps,1393,-57,-0.479266,5,0,5,0.01308997,0.75000,prps,1,6122
92111,92.111,1,4004,54004,lowband_largesig_r01,prps,1378,-72,-0.600865,11,0,11,0.02879793,1.65000,prps,1,6126
92131,92.131,1,4004,54004,lowband_largesig_r01,prps,1364,-86,-0.718608,17,0,17,0.04450589,2.55000,prps,1,6130
92151,92.151,1,4004,54004,lowband_largesig_r01,prps,1352,-98,-0.824407,23,0,23,0.06021386,3.45000,prps,1,6134
92171,92.171,1,4004,54004,lowband_largesig_r01,prps,1342,-108,-0.910283,31,0,31,0.08115781,4.65000,prps,1,6138
92191,92.191,1,4004,54004,lowband_largesig_r01,prps,1335,-115,-0.969567,39,0,39,0.10210176,5.85000,prps,1,6142
92211,92.211,1,4004,54004,lowband_largesig_r01,prps,1331,-119,-0.997937,47,0,47,0.12304571,7.05000,prps,1,6146
92231,92.231,1,4004,54004,lowband_largesig_r01,prps,1332,-118,-0.994109,54,0,54,0.14137166,8.10000,prps,1,6150
92251,92.251,1,4004,54004,lowband_largesig_r01,prps,1336,-114,-0.960033,59,0,59,0.15446164,8.85000,prps,1,6154
92271,92.271,1,4004,54004,lowband_largesig_r01,prps,1343,-107,-0.900556,60,0,60,0.15707964,9.00000,prps,1,6158
92291,92.291,1,4004,54004,lowband_largesig_r01,prps,1352,-98,-0.822616,60,0,60,0.15707964,9.00000,prps,1,6162
92311,92.311,1,4004,54004,lowband_largesig_r01,prps,1363,-87,-0.734103,59,0,59,0.15446164,8.85000,prps,1,6166
92331,92.331,1,4004,54004,lowband_largesig_r01,prps,1374,-76,-0.642611,57,0,57,0.14922565,8.55000,prps,1,6170
92351,92.351,1,4004,54004,lowband_largesig_r01,prps,1384,-66,-0.554309,54,0,54,0.14137166,8.10000,prps,1,6174
92371,92.371,1,4004,54004,lowband_largesig_r01,prps,1394,-56,-0.473120,48,0,48,0.12566370,7.20000,prps,1,6178
92391,92.391,1,4004,54004,lowband_largesig_r01,prps,1402,-48,-0.400380,42,0,42,0.10995574,6.30000,prps,1,6182
92411,92.411,1,4004,54004,lowband_largesig_r01,prps,1410,-40,-0.335003,35,0,35,0.09162979,5.25000,prps,1,6186
92431,92.431,1,4004,54004,lowband_largesig_r01,prps,1417,-33,-0.274121,29,0,29,0.07592182,4.35000,prps,1,6190
92451,92.451,1,4004,54004,lowband_largesig_r01,prps,1425,-25,-0.214050,23,0,23,0.06021386,3.45000,prps,1,6194
92471,92.471,1,4004,54004,lowband_largesig_r01,prps,1432,-18,-0.151392,17,0,17,0.04450589,2.55000,prps,1,6198
92491,92.491,1,4004,54004,lowband_largesig_r01,prps,1440,-10,-0.084030,13,0,13,0.03403392,1.95000,prps,1,6202
92511,92.511,1,4004,54004,lowband_largesig_r01,prps,1449,-1,-0.011823,10,0,10,0.02617994,1.50000,prps,1,6206
92531,92.531,1,4004,54004,lowband_largesig_r01,prps,1458,8,0.063147,7,0,7,0.01832596,1.05000,prps,1,6210
92551,92.551,1,4004,54004,lowband_largesig_r01,prps,1466,16,0.136836,4,0,4,0.01047198,0.60000,prps,1,6214
92571,92.571,1,4004,54004,lowband_largesig_r01,prps,1474,24,0.203965,0,0,0,0.00000000,0.00000,prps,1,6218
92591,92.591,1,4004,54004,lowband_largesig_r01,prps,1481,31,0.259063,-3,0,-3,-0.00785398,-0.45000,prps,1,6222
92611,92.611,1,4004,54004,lowband_largesig_r01,prps,1485,35,0.297626,-7,0,-7,-0.01832596,-1.05000,prps,1,6226
92631,92.631,1,4004,54004,lowband_largesig_r01,prps,1488,38,0.317153,-12,0,-12,-0.03141592,-1.80000,prps,1,6230
92651,92.651,1,4004,54004,lowband_largesig_r01,prps,1488,38,0.317846,-17,0,-17,-0.04450589,-2.55000,prps,1,6234
92671,92.671,1,4004,54004,lowband_largesig_r01,prps,1486,36,0.302810,-20,0,-20,-0.05235988,-3.00000,prps,1,6238
92691,92.691,1,4004,54004,lowband_largesig_r01,prps,1483,33,0.277690,-23,0,-23,-0.06021386,-3.45000,prps,1,6242
92711,92.711,1,4004,54004,lowband_largesig_r01,prps,1480,30,0.249787,-24,0,-24,-0.06283185,-3.60000,prps,1,6246
92731,92.731,1,4004,54004,lowband_largesig_r01,prps,1477,27,0.226803,-24,0,-24,-0.06283185,-3.60000,prps,1,6250
92751,92.751,1,4004,54004,lowband_largesig_r01,prps,1476,26,0.215436,-24,0,-24,-0.06283185,-3.60000,prps,1,6254
92771,92.771,1,4004,54004,lowband_largesig_r01,prps,1476,26,0.220088,-24,0,-24,-0.06283185,-3.60000,prps,1,6258
92791,92.791,1,4004,54004,lowband_largesig_r01,prps,1479,29,0.241935,-24,0,-24,-0.06283185,-3.60000,prps,1,6262
92811,92.811,1,4004,54004,lowband_largesig_r01,prps,1483,33,0.278556,-24,0,-24,-0.06283185,-3.60000,prps,1,6266
92831,92.831,1,4004,54004,lowband_largesig_r01,prps,1489,39,0.324213,-24,0,-24,-0.06283185,-3.60000,prps,1,6270
92851,92.851,1,4004,54004,lowband_largesig_r01,prps,1494,44,0.370750,-24,0,-24,-0.06283185,-3.60000,prps,1,6274
92871,92.871,1,4004,54004,lowband_largesig_r01,prps,1499,49,0.408993,-24,0,-24,-0.06283185,-3.60000,prps,1,6278
92891,92.891,1,4004,54004,lowband_largesig_r01,prps,1501,51,0.430387,-24,0,-24,-0.06283185,-3.60000,prps,1,6282
92911,92.911,1,4004,54004,lowband_largesig_r01,prps,1501,51,0.428604,-26,0,-26,-0.06806784,-3.90000,prps,1,6286
92931,92.931,1,4004,54004,lowband_largesig_r01,prps,1498,48,0.400816,-29,0,-29,-0.07592182,-4.35000,prps,1,6290
92951,92.951,1,4004,54004,lowband_largesig_r01,prps,1491,41,0.348394,-30,0,-30,-0.07853982,-4.50000,prps,1,6294
92971,92.971,1,4004,54004,lowband_largesig_r01,prps,1483,33,0.276885,-29,0,-29,-0.07592182,-4.35000,prps,1,6298
92991,92.991,1,4004,54004,lowband_largesig_r01,prps,1473,23,0.195254,-29,0,-29,-0.07592182,-4.35000,prps,1,6302
93011,93.011,1,4004,54004,lowband_largesig_r01,prps,1464,14,0.114495,-27,0,-27,-0.07068583,-4.05000,prps,1,6306
93031,93.031,1,4004,54004,lowband_largesig_r01,prps,1455,5,0.045848,-25,0,-25,-0.06544985,-3.75000,prps,1,6310
93051,93.051,1,4004,54004,lowband_largesig_r01,prps,1450,0,-0.001086,-21,0,-21,-0.05497787,-3.15000,prps,1,6314
93071,93.071,1,4004,54004,lowband_largesig_r01,prps,1448,-2,-0.019987,-17,0,-17,-0.04450589,-2.55000,prps,1,6318
93091,93.091,1,4004,54004,lowband_largesig_r01,prps,1449,-1,-0.008928,-12,0,-12,-0.03141592,-1.80000,prps,1,6322
93111,93.111,1,4004,54004,lowband_largesig_r01,prps,1453,3,0.029242,-8,0,-8,-0.02094395,-1.20000,prps,1,6326
93131,93.131,1,4004,54004,lowband_largesig_r01,prps,1460,10,0.087346,-6,0,-6,-0.01570796,-0.90000,prps,1,6330
93151,93.151,1,4004,54004,lowband_largesig_r01,prps,1468,18,0.155067,-6,0,-6,-0.01570796,-0.90000,prps,1,6334
93171,93.171,1,4004,54004,lowband_largesig_r01,prps,1476,26,0.220697,-6,0,-6,-0.01570796,-0.90000,prps,1,6338
93191,93.191,1,4004,54004,lowband_largesig_r01,prps,1483,33,0.273138,-6,0,-6,-0.01570796,-0.90000,prps,1,6342
93211,93.211,1,4004,54004,lowband_largesig_r01,prps,1486,36,0.303805,-9,0,-9,-0.02356194,-1.35000,prps,1,6346
93231,93.231,1,4004,54004,lowband_largesig_r01,prps,1487,37,0.308094,-14,0,-14,-0.03665191,-2.10000,prps,1,6350
93251,93.251,1,4004,54004,lowband_largesig_r01,prps,1484,34,0.286150,-18,0,-18,-0.04712389,-2.70000,prps,1,6354
93271,93.271,1,4004,54004,lowband_largesig_r01,prps,1479,29,0.242785,-21,0,-21,-0.05497787,-3.15000,prps,1,6358
93291,93.291,1,4004,54004,lowband_largesig_r01,prps,1472,22,0.186563,-21,0,-21,-0.05497787,-3.15000,prps,1,6362
93311,93.311,1,4004,54004,lowband_largesig_r01,prps,1465,15,0.128198,-21,0,-21,-0.05497787,-3.15000,prps,1,6366
93331,93.331,1,4004,54004,lowband_largesig_r01,prps,1459,9,0.078551,-21,0,-21,-0.05497787,-3.15000,prps,1,6370
93351,93.351,1,4004,54004,lowband_largesig_r01,prps,1456,6,0.046586,-20,0,-20,-0.05235988,-3.00000,prps,1,6374
93371,93.371,1,4004,54004,lowband_largesig_r01,prps,1454,4,0.037657,-18,0,-18,-0.04712389,-2.70000,prps,1,6378
93391,93.391,1,4004,54004,lowband_largesig_r01,prps,1456,6,0.052448,-15,0,-15,-0.03926991,-2.25000,prps,1,6382
93411,93.411,1,4004,54004,lowband_largesig_r01,prps,1460,10,0.086770,-13,0,-13,-0.03403392,-1.95000,prps,1,6386
93431,93.431,1,4004,54004,lowband_largesig_r01,prps,1466,16,0.132274,-12,0,-12,-0.03141592,-1.80000,prps,1,6390
93451,93.451,1,4004,54004,lowband_largesig_r01,prps,1471,21,0.177979,-12,0,-12,-0.03141592,-1.80000,prps,1,6394
93471,93.471,1,4004,54004,lowband_largesig_r01,prps,1475,25,0.212349,-13,0,-13,-0.03403392,-1.95000,prps,1,6398
93491,93.491,1,4004,54004,lowband_largesig_r01,prps,1477,27,0.225560,-13,0,-13,-0.03403392,-1.95000,prps,1,6402
93511,93.511,1,4004,54004,lowband_largesig_r01,prps,1475,25,0.211550,-13,0,-13,-0.03403392,-1.95000,prps,1,6406
93531,93.531,1,4004,54004,lowband_largesig_r01,prps,1470,20,0.169463,-15,0,-15,-0.03926991,-2.25000,prps,1,6410
93551,93.551,1,4004,54004,lowband_largesig_r01,prps,1462,12,0.104215,-15,0,-15,-0.03926991,-2.25000,prps,1,6414
93571,93.571,1,4004,54004,lowband_largesig_r01,prps,1453,3,0.026018,-14,0,-14,-0.03665191,-2.10000,prps,1,6418
93591,93.591,1,4004,54004,lowband_largesig_r01,prps,1444,-6,-0.051068,-14,0,-14,-0.03665191,-2.10000,prps,1,6422
93611,93.611,1,4004,54004,lowband_largesig_r01,prps,1437,-13,-0.111373,-12,0,-12,-0.03141592,-1.80000,prps,1,6426
93631,93.631,1,4004,54004,lowband_largesig_r01,prps,1433,-17,-0.140273,-8,0,-8,-0.02094395,-1.20000,prps,1,6430
93651,93.651,1,4004,54004,lowband_largesig_r01,prps,1435,-15,-0.126822,-3,0,-3,-0.00785398,-0.45000,prps,1,6434
93671,93.671,1,4004,54004,lowband_largesig_r01,prps,1442,-8,-0.065927,1,0,1,0.00261799,0.15000,prps,1,6438
93691,93.691,1,4004,54004,lowband_largesig_r01,prps,1455,5,0.040338,3,0,3,0.00785398,0.45000,prps,1,6442
93711,93.711,1,4004,54004,lowband_largesig_r01,prps,1472,22,0.182527,2,0,2,0.00523599,0.30000,prps,1,6446
93731,93.731,1,4004,54004,lowband_largesig_r01,prps,1491,41,0.344798,0,0,0,0.00000000,0.00000,prps,1,6450
93751,93.751,1,4004,54004,lowband_largesig_r01,prps,1510,60,0.506957,-6,0,-6,-0.01570796,-0.90000,prps,1,6454
93771,93.771,1,4004,54004,lowband_largesig_r01,prps,1527,77,0.647267,-15,0,-15,-0.03926991,-2.25000,prps,1,6458
93791,93.791,1,4004,54004,lowband_largesig_r01,prps,1539,89,0.745608,-26,0,-26,-0.06806784,-3.90000,prps,1,6462
93811,93.811,1,4004,54004,lowband_largesig_r01,prps,1544,94,0.786473,-37,0,-37,-0.09686577,-5.55000,prps,1,6466
93831,93.831,1,4004,54004,lowband_largesig_r01,prps,1541,91,0.761352,-47,0,-47,-0.12304571,-7.05000,prps,1,6470
93851,93.851,1,4004,54004,lowband_largesig_r01,prps,1530,80,0.670096,-53,0,-53,-0.13875367,-7.95000,prps,1,6474
93871,93.871,1,4004,54004,lowband_largesig_r01,prps,1512,62,0.521065,-53,0,-53,-0.13875367,-7.95000,prps,1,6478
93891,93.891,1,4004,54004,lowband_largesig_r01,prps,1489,39,0.330003,-52,0,-52,-0.13613568,-7.80000,prps,1,6482
93911,93.911,1,4004,54004,lowband_largesig_r01,prps,1464,14,0.117826,-48,0,-48,-0.12566370,-7.20000,prps,1,6486
93931,93.931,1,4004,54004,lowband_largesig_r01,prps,1439,-11,-0.092340,-40,0,-40,-0.10471976,-6.00000,prps,1,6490
93951,93.951,1,4004,54004,lowband_largesig_r01,prps,1417,-33,-0.278418,-28,0,-28,-0.07330382,-4.20000,prps,1,6494
93971,93.971,1,4004,54004,lowband_largesig_r01,prps,1400,-50,-0.422436,-14,0,-14,-0.03665191,-2.10000,prps,1,6498
93991,93.991,1,4004,54004,lowband_largesig_r01,prps,1389,-61,-0.512917,2,0,2,0.00523599,0.30000,prps,1,6502
94011,94.011,1,4004,54004,lowband_largesig_r01,prps,1385,-65,-0.546252,14,0,14,0.03665191,2.10000,prps,1,6506
94031,94.031,1,4004,54004,lowband_largesig_r01,prps,1387,-63,-0.526874,23,0,23,0.06021386,3.45000,prps,1,6510
94051,94.051,1,4004,54004,lowband_largesig_r01,prps,1395,-55,-0.466232,26,0,26,0.06806784,3.90000,prps,1,6514
94071,94.071,1,4004,54004,lowband_largesig_r01,prps,1405,-45,-0.380766,26,0,26,0.06806784,3.90000,prps,1,6518
94091,94.091,1,4004,54004,lowband_largesig_r01,prps,1416,-34,-0.289215,25,0,25,0.06544985,3.75000,prps,1,6522
94111,94.111,1,4004,54004,lowband_largesig_r01,prps,1425,-25,-0.209703,23,0,23,0.06021386,3.45000,prps,1,6526
94131,94.131,1,4004,54004,lowband_largesig_r01,prps,1431,-19,-0.157058,19,0,19,0.04974188,2.85000,prps,1,6530
94151,94.151,1,4004,54004,lowband_largesig_r01,prps,1433,-17,-0.140752,14,0,14,0.03665191,2.10000,prps,1,6534
94171,94.171,1,4004,54004,lowband_largesig_r01,prps,1431,-19,-0.163768,10,0,10,0.02617994,1.50000,prps,1,6538
94191,94.191,1,4004,54004,lowband_largesig_r01,prps,1424,-26,-0.222515,8,0,8,0.02094395,1.20000,prps,1,6542
94211,94.211,1,4004,54004,lowband_largesig_r01,prps,1413,-37,-0.307740,8,0,8,0.02094395,1.20000,prps,1,6546
94231,94.231,1,4004,54004,lowband_largesig_r01,prps,1402,-48,-0.406256,8,0,8,0.02094395,1.20000,prps,1,6550
94251,94.251,1,4004,54004,lowband_largesig_r01,prps,1390,-60,-0.503156,10,0,10,0.02617994,1.50000,prps,1,6554
94271,94.271,1,4004,54004,lowband_largesig_r01,prps,1380,-70,-0.584145,14,0,14,0.03665191,2.10000,prps,1,6558
94291,94.291,1,4004,54004,lowband_largesig_r01,prps,1374,-76,-0.637616,19,0,19,0.04974188,2.85000,prps,1,6562
94311,94.311,1,4004,54004,lowband_largesig_r01,prps,1372,-78,-0.656168,23,0,23,0.06021386,3.45000,prps,1,6566
94331,94.331,1,4004,54004,lowband_largesig_r01,prps,1374,-76,-0.637368,28,0,28,0.07330382,4.20000,prps,1,6570
94351,94.351,1,4004,54004,lowband_largesig_r01,prps,1381,-69,-0.583703,32,0,32,0.08377580,4.80000,prps,1,6574
94371,94.371,1,4004,54004,lowband_largesig_r01,prps,1390,-60,-0.501798,34,0,34,0.08901179,5.10000,prps,1,6578
94391,94.391,1,4004,54004,lowband_largesig_r01,prps,1402,-48,-0.401098,34,0,34,0.08901179,5.10000,prps,1,6582
94411,94.411,1,4004,54004,lowband_largesig_r01,prps,1415,-35,-0.292268,32,0,32,0.08377580,4.80000,prps,1,6586
94431,94.431,1,4004,54004,lowband_largesig_r01,prps,1428,-22,-0.185620,28,0,28,0.07330382,4.20000,prps,1,6590
94451,94.451,1,4004,54004,lowband_largesig_r01,prps,1439,-11,-0.089787,22,0,22,0.05759586,3.30000,prps,1,6594
94471,94.471,1,4004,54004,lowband_largesig_r01,prps,1449,-1,-0.010867,14,0,14,0.03665191,2.10000,prps,1,6598
94491,94.491,1,4004,54004,lowband_largesig_r01,prps,1456,6,0.047915,8,0,8,0.02094395,1.20000,prps,1,6602
94511,94.511,1,4004,54004,lowband_largesig_r01,prps,1460,10,0.086028,2,0,2,0.00523599,0.30000,prps,1,6606
94531,94.531,1,4004,54004,lowband_largesig_r01,prps,1463,13,0.105071,-1,0,-1,-0.00261799,-0.15000,prps,1,6610
94551,94.551,1,4004,54004,lowband_largesig_r01,prps,1463,13,0.107979,-4,0,-4,-0.01047198,-0.60000,prps,1,6614
94571,94.571,1,4004,54004,lowband_largesig_r01,prps,1462,12,0.098220,-6,0,-6,-0.01570796,-0.90000,prps,1,6618
94591,94.591,1,4004,54004,lowband_largesig_r01,prps,1459,9,0.079148,-6,0,-6,-0.01570796,-0.90000,prps,1,6622
94611,94.611,1,4004,54004,lowband_largesig_r01,prps,1456,6,0.053624,-6,0,-6,-0.01570796,-0.90000,prps,1,6626
94631,94.631,1,4004,54004,lowband_largesig_r01,prps,1453,3,0.023966,-6,0,-6,-0.01570796,-0.90000,prps,1,6630
94651,94.651,1,4004,54004,lowband_largesig_r01,prps,1449,-1,-0.007828,-6,0,-6,-0.01570796,-0.90000,prps,1,6634
94671,94.671,1,4004,54004,lowband_largesig_r01,prps,1445,-5,-0.039693,-5,0,-5,-0.01308997,-0.75000,prps,1,6638
94691,94.691,1,4004,54004,lowband_largesig_r01,prps,1442,-8,-0.069089,-4,0,-4,-0.01047198,-0.60000,prps,1,6642
94711,94.711,1,4004,54004,lowband_largesig_r01,prps,1439,-11,-0.092733,-2,0,-2,-0.00523599,-0.30000,prps,1,6646
94731,94.731,1,4004,54004,lowband_largesig_r01,prps,1437,-13,-0.106606,-1,0,-1,-0.00261799,-0.15000,prps,1,6650
94751,94.751,1,4004,54004,lowband_largesig_r01,prps,1437,-13,-0.106279,1,0,1,0.00261799,0.15000,prps,1,6654
94771,94.771,1,4004,54004,lowband_largesig_r01,prps,1440,-10,-0.087550,1,0,1,0.00261799,0.15000,prps,1,6658
94791,94.791,1,4004,54004,lowband_largesig_r01,prps,1444,-6,-0.047296,2,0,2,0.00523599,0.30000,prps,1,6662
94811,94.811,1,4004,54004,lowband_largesig_r01,prps,1452,2,0.015636,2,0,2,0.00523599,0.30000,prps,1,6666
94831,94.831,1,4004,54004,lowband_largesig_r01,prps,1462,12,0.099673,2,0,2,0.00523599,0.30000,prps,1,6670
94851,94.851,1,4004,54004,lowband_largesig_r01,prps,1474,24,0.200111,1,0,1,0.00261799,0.15000,prps,1,6674
94871,94.871,1,4004,54004,lowband_largesig_r01,prps,1487,37,0.309171,-2,0,-2,-0.00523599,-0.30000,prps,1,6678
94891,94.891,1,4004,54004,lowband_largesig_r01,prps,1500,50,0.416603,-6,0,-6,-0.01570796,-0.90000,prps,1,6682
94911,94.911,1,4004,54004,lowband_largesig_r01,prps,1511,61,0.510781,-14,0,-14,-0.03665191,-2.10000,prps,1,6686
94931,94.931,1,4004,54004,lowband_largesig_r01,prps,1519,69,0.580168,-22,0,-22,-0.05759586,-3.30000,prps,1,6690
94951,94.951,1,4004,54004,lowband_largesig_r01,prps,1523,73,0.614928,-30,0,-30,-0.07853982,-4.50000,prps,1,6694
94971,94.971,1,4004,54004,lowband_largesig_r01,prps,1522,72,0.608423,-37,0,-37,-0.09686577,-5.55000,prps,1,6698
94991,94.991,1,4004,54004,lowband_largesig_r01,prps,1516,66,0.558350,-43,0,-43,-0.11257374,-6.45000,prps,1,6702
95011,95.011,1,4004,54004,lowband_largesig_r01,prps,1506,56,0.467293,-45,0,-45,-0.11780972,-6.75000,prps,1,6706
95031,95.031,1,4004,54004,lowband_largesig_r01,prps,1491,41,0.342587,-45,0,-45,-0.11780972,-6.75000,prps,1,6710
95051,95.051,1,4004,54004,lowband_largesig_r01,prps,1473,23,0.195468,-43,0,-43,-0.11257374,-6.45000,prps,1,6714
95071,95.071,1,4004,54004,lowband_largesig_r01,prps,1455,5,0.039633,-37,0,-37,-0.09686577,-5.55000,prps,1,6718
95091,95.091,1,4004,54004,lowband_largesig_r01,prps,1437,-13,-0.110576,-29,0,-29,-0.07592182,-4.35000,prps,1,6722
95111,95.111,1,4004,54004,lowband_largesig_r01,prps,1421,-29,-0.242080,-19,0,-19,-0.04974188,-2.85000,prps,1,6726
95131,95.131,1,4004,54004,lowband_largesig_r01,prps,1409,-41,-0.344761,-9,0,-9,-0.02356194,-1.35000,prps,1,6730
95151,95.151,1,4004,54004,lowband_largesig_r01,prps,1401,-49,-0.412673,2,0,2,0.00523599,0.30000,prps,1,6734
95171,95.171,1,4004,54004,lowband_largesig_r01,prps,1397,-53,-0.444573,11,0,11,0.02879793,1.65000,prps,1,6738
95191,95.191,1,4004,54004,lowband_largesig_r01,prps,1397,-53,-0.443703,17,0,17,0.04450589,2.55000,prps,1,6742
95211,95.211,1,4004,54004,lowband_largesig_r01,prps,1400,-50,-0.416857,19,0,19,0.04974188,2.85000,prps,1,6746
95231,95.231,1,4004,54004,lowband_largesig_r01,prps,1406,-44,-0.372933,20,0,20,0.05235988,3.00000,prps,1,6750
95251,95.251,1,4004,54004,lowband_largesig_r01,prps,1412,-38,-0.321211,20,0,20,0.05235988,3.00000,prps,1,6754
95271,95.271,1,4004,54004,lowband_largesig_r01,prps,1418,-32,-0.269684,19,0,19,0.04974188,2.85000,prps,1,6758
95291,95.291,1,4004,54004,lowband_largesig_r01,prps,1423,-27,-0.223732,18,0,18,0.04712389,2.70000,prps,1,6762
95311,95.311,1,4004,54004,lowband_largesig_r01,prps,1428,-22,-0.185375,16,0,16,0.04188790,2.40000,prps,1,6766
95331,95.331,1,4004,54004,lowband_largesig_r01,prps,1432,-18,-0.153238,13,0,13,0.03403392,1.95000,prps,1,6770
95351,95.351,1,4004,54004,lowband_largesig_r01,prps,1435,-15,-0.123208,10,0,10,0.02617994,1.50000,prps,1,6774
95371,95.371,1,4004,54004,lowband_largesig_r01,prps,1439,-11,-0.089667,9,0,9,0.02356194,1.35000,prps,1,6778
95391,95.391,1,4004,54004,lowband_largesig_r01,prps,1444,-6,-0.047042,7,0,7,0.01832596,1.05000,prps,1,6782
95411,95.411,1,4004,54004,lowband_largesig_r01,prps,1451,1,0.008634,5,0,5,0.01308997,0.75000,prps,1,6786
95431,95.431,1,4004,54004,lowband_largesig_r01,prps,1459,9,0.078454,4,0,4,0.01047198,0.60000,prps,1,6790
95451,95.451,1,4004,54004,lowband_largesig_r01,prps,1469,19,0.159931,1,0,1,0.00261799,0.15000,prps,1,6794
95471,95.471,1,4004,54004,lowband_largesig_r01,prps,1479,29,0.247017,-2,0,-2,-0.00523599,-0.30000,prps,1,6798
95491,95.491,1,4004,54004,lowband_largesig_r01,prps,1489,39,0.330880,-5,0,-5,-0.01308997,-0.75000,prps,1,6802
95511,95.511,1,4004,54004,lowband_largesig_r01,prps,1498,48,0.401303,-10,0,-10,-0.02617994,-1.50000,prps,1,6806
95531,95.531,1,4004,54004,lowband_largesig_r01,prps,1503,53,0.448496,-17,0,-17,-0.04450589,-2.55000,prps,1,6810
95551,95.551,1,4004,54004,lowband_largesig_r01,prps,1505,55,0.464982,-24,0,-24,-0.06283185,-3.60000,prps,1,6814
95571,95.571,1,4004,54004,lowband_largesig_r01,prps,1503,53,0.447201,-29,0,-29,-0.07592182,-4.35000,prps,1,6818
95591,95.591,1,4004,54004,lowband_largesig_r01,prps,1497,47,0.396535,-32,0,-32,-0.08377580,-4.80000,prps,1,6822
95611,95.611,1,4004,54004,lowband_largesig_r01,prps,1488,38,0.319524,-33,0,-33,-0.08639380,-4.95000,prps,1,6826
95631,95.631,1,4004,54004,lowband_largesig_r01,prps,1477,27,0.227188,-32,0,-32,-0.08377580,-4.80000,prps,1,6830
95651,95.651,1,4004,54004,lowband_largesig_r01,prps,1466,16,0.133537,-30,0,-30,-0.07853982,-4.50000,prps,1,6834
95671,95.671,1,4004,54004,lowband_largesig_r01,prps,1456,6,0.053475,-27,0,-27,-0.07068583,-4.05000,prps,1,6838
95691,95.691,1,4004,54004,lowband_largesig_r01,prps,1450,0,0.000453,-22,0,-22,-0.05759586,-3.30000,prps,1,6842
95711,95.711,1,4004,54004,lowband_largesig_r01,prps,1448,-2,-0.015760,-18,0,-18,-0.04712389,-2.70000,prps,1,6846
95731,95.731,1,4004,54004,lowband_largesig_r01,prps,1451,1,0.009212,-13,0,-13,-0.03403392,-1.95000,prps,1,6850
95751,95.751,1,4004,54004,lowband_largesig_r01,prps,1459,9,0.073451,-8,0,-8,-0.02094395,-1.20000,prps,1,6854
95771,95.771,1,4004,54004,lowband_largesig_r01,prps,1470,20,0.168841,-6,0,-6,-0.01570796,-0.90000,prps,1,6858
95791,95.791,1,4004,54004,lowband_largesig_r01,prps,1484,34,0.282165,-6,0,-6,-0.01570796,-0.90000,prps,1,6862
95811,95.811,1,4004,54004,lowband_largesig_r01,prps,1497,47,0.397040,-8,0,-8,-0.02094395,-1.20000,prps,1,6866
95831,95.831,1,4004,54004,lowband_largesig_r01,prps,1509,59,0.496398,-14,0,-14,-0.03665191,-2.10000,prps,1,6870
95851,95.851,1,4004,54004,lowband_largesig_r01,prps,1517,67,0.565101,-22,0,-22,-0.05759586,-3.30000,prps,1,6874
95871,95.871,1,4004,54004,lowband_largesig_r01,prps,1520,70,0.592270,-30,0,-30,-0.07853982,-4.50000,prps,1,6878
95891,95.891,1,4004,54004,lowband_largesig_r01,prps,1518,68,0.572936,-37,0,-37,-0.09686577,-5.55000,prps,1,6882
95911,95.911,1,4004,54004,lowband_largesig_r01,prps,1511,61,0.508745,-42,0,-42,-0.10995574,-6.30000,prps,1,6886
95931,95.931,1,4004,54004,lowband_largesig_r01,prps,1499,49,0.407598,-44,0,-44,-0.11519173,-6.60000,prps,1,6890
95951,95.951,1,4004,54004,lowband_largesig_r01,prps,1484,34,0.282278,-42,0,-42,-0.10995574,-6.30000,prps,1,6894
95971,95.971,1,4004,54004,lowband_largesig_r01,prps,1468,18,0.148315,-39,0,-39,-0.10210176,-5.85000,prps,1,6898
95991,95.991,1,4004,54004,lowband_largesig_r01,prps,1453,3,0.021428,-34,0,-34,-0.08901179,-5.10000,prps,1,6902
96011,96.011,1,4004,54004,lowband_largesig_r01,prps,1440,-10,-0.085007,-26,0,-26,-0.06806784,-3.90000,prps,1,6906
96031,96.031,1,4004,54004,lowband_largesig_r01,prps,1431,-19,-0.162041,-17,0,-17,-0.04450589,-2.55000,prps,1,6910
96051,96.051,1,4004,54004,lowband_largesig_r01,prps,1425,-25,-0.206441,-9,0,-9,-0.02356194,-1.35000,prps,1,6914
96071,96.071,1,4004,54004,lowband_largesig_r01,prps,1424,-26,-0.220960,-1,0,-1,-0.00261799,-0.15000,prps,1,6918
96091,96.091,1,4004,54004,lowband_largesig_r01,prps,1425,-25,-0.213563,5,0,5,0.01308997,0.75000,prps,1,6922
96111,96.111,1,4004,54004,lowband_largesig_r01,prps,1427,-23,-0.195731,6,0,6,0.01570796,0.90000,prps,1,6926
96131,96.131,1,4004,54004,lowband_largesig_r01,prps,1429,-21,-0.180162,7,0,7,0.01832596,1.05000,prps,1,6930
96151,96.151,1,4004,54004,lowband_largesig_r01,prps,1429,-21,-0.178260,7,0,7,0.01832596,1.05000,prps,1,6934
96171,96.171,1,4004,54004,lowband_largesig_r01,prps,1426,-24,-0.197858,7,0,7,0.01832596,1.05000,prps,1,6938
96191,96.191,1,4004,54004,lowband_largesig_r01,prps,1421,-29,-0.241584,7,0,7,0.01832596,1.05000,prps,1,6942
96211,96.211,1,4004,54004,lowband_largesig_r01,prps,1414,-36,-0.306151,8,0,8,0.02094395,1.20000,prps,1,6946
96231,96.231,1,4004,54004,lowband_largesig_r01,prps,1404,-46,-0.382724,9,0,9,0.02356194,1.35000,prps,1,6950
96251,96.251,1,4004,54004,lowband_largesig_r01,prps,1395,-55,-0.458298,11,0,11,0.02879793,1.65000,prps,1,6954
96271,96.271,1,4004,54004,lowband_largesig_r01,prps,1388,-62,-0.517875,14,0,14,0.03665191,2.10000,prps,1,6958
96291,96.291,1,4004,54004,lowband_largesig_r01,prps,1385,-65,-0.547073,17,0,17,0.04450589,2.55000,prps,1,6962
96311,96.311,1,4004,54004,lowband_largesig_r01,prps,1386,-64,-0.534738,19,0,19,0.04974188,2.85000,prps,1,6966
96331,96.331,1,4004,54004,lowband_largesig_r01,prps,1393,-57,-0.475093,22,0,22,0.05759586,3.30000,prps,1,6970
96351,96.351,1,4004,54004,lowband_largesig_r01,prps,1406,-44,-0.369082,23,0,23,0.06021386,3.45000,prps,1,6974
96371,96.371,1,4004,54004,lowband_largesig_r01,prps,1423,-27,-0.224656,23,0,23,0.06021386,3.45000,prps,1,6978
96391,96.391,1,4004,54004,lowband_largesig_r01,prps,1443,-7,-0.055934,23,0,23,0.06021386,3.45000,prps,1,6982
96411,96.411,1,4004,54004,lowband_largesig_r01,prps,1464,14,0.118630,18,0,18,0.04712389,2.70000,prps,1,6986
96431,96.431,1,4004,54004,lowband_largesig_r01,prps,1483,33,0.278796,8,0,8,0.02094395,1.20000,prps,1,6990
96451,96.451,1,4004,54004,lowband_largesig_r01,prps,1498,48,0.405404,-1,0,-1,-0.00261799,-0.15000,prps,1,6994
96471,96.471,1,4004,54004,lowband_largesig_r01,prps,1507,57,0.483103,-9,0,-9,-0.02356194,-1.35000,prps,1,6998
96491,96.491,1,4004,54004,lowband_largesig_r01,prps,1510,60,0.502533,-20,0,-20,-0.05235988,-3.00000,prps,1,7002
96511,96.511,1,4004,54004,lowband_largesig_r01,prps,1505,55,0.461600,-29,0,-29,-0.07592182,-4.35000,prps,1,7006
96531,96.531,1,4004,54004,lowband_largesig_r01,prps,1494,44,0.365688,-34,0,-34,-0.08901179,-5.10000,prps,1,7010
96551,96.551,1,4004,54004,lowband_largesig_r01,prps,1477,27,0.226776,-35,0,-35,-0.09162979,-5.25000,prps,1,7014
96571,96.571,1,4004,54004,lowband_largesig_r01,prps,1457,7,0.061625,-33,0,-33,-0.08639380,-4.95000,prps,1,7018
96591,96.591,1,4004,54004,lowband_largesig_r01,prps,1437,-13,-0.110666,-28,0,-28,-0.07330382,-4.20000,prps,1,7022
96611,96.611,1,4004,54004,lowband_largesig_r01,prps,1418,-32,-0.271344,-20,0,-20,-0.05235988,-3.00000,prps,1,7026
96631,96.631,1,4004,54004,lowband_largesig_r01,prps,1402,-48,-0.404516,-10,0,-10,-0.02617994,-1.50000,prps,1,7030
96651,96.651,1,4004,54004,lowband_largesig_r01,prps,1391,-59,-0.499107,2,0,2,0.00523599,0.30000,prps,1,7034
96671,96.671,1,4004,54004,lowband_largesig_r01,prps,1385,-65,-0.550021,12,0,12,0.03141592,1.80000,prps,1,7038
96691,96.691,1,4004,54004,lowband_largesig_r01,prps,1384,-66,-0.558342,21,0,21,0.05497787,3.15000,prps,1,7042
96711,96.711,1,4004,54004,lowband_largesig_r01,prps,1387,-63,-0.530626,26,0,26,0.06806784,3.90000,prps,1,7046
96731,96.731,1,4004,54004,lowband_largesig_r01,prps,1393,-57,-0.477444,28,0,28,0.07330382,4.20000,prps,1,7050
96751,96.751,1,4004,54004,lowband_largesig_r01,prps,1401,-49,-0.411451,28,0,28,0.07330382,4.20000,prps,1,7054
96771,96.771,1,4004,54004,lowband_largesig_r01,prps,1409,-41,-0.345314,28,0,28,0.07330382,4.20000,prps,1,7058
96791,96.791,1,4004,54004,lowband_largesig_r01,prps,1416,-34,-0.289840,25,0,25,0.06544985,3.75000,prps,1,7062
96811,96.811,1,4004,54004,lowband_largesig_r01,prps,1420,-30,-0.252568,22,0,22,0.05759586,3.30000,prps,1,7066
96831,96.831,1,4004,54004,lowband_largesig_r01,prps,1422,-28,-0.237006,19,0,19,0.04974188,2.85000,prps,1,7070
96851,96.851,1,4004,54004,lowband_largesig_r01,prps,1421,-29,-0.242576,15,0,15,0.03926991,2.25000,prps,1,7074
96871,96.871,1,4004,54004,lowband_largesig_r01,prps,1418,-32,-0.265188,13,0,13,0.03403392,1.95000,prps,1,7078
96891,96.891,1,4004,54004,lowband_largesig_r01,prps,1415,-35,-0.298290,13,0,13,0.03403392,1.95000,prps,1,7082
96911,96.911,1,4004,54004,lowband_largesig_r01,prps,1410,-40,-0.334166,13,0,13,0.03403392,1.95000,prps,1,7086
96931,96.931,1,4004,54004,lowband_largesig_r01,prps,1407,-43,-0.365223,13,0,13,0.03403392,1.95000,prps,1,7090
96951,96.951,1,4004,54004,lowband_largesig_r01,prps,1404,-46,-0.385076,13,0,13,0.03403392,1.95000,prps,1,7094
96971,96.971,1,4004,54004,lowband_largesig_r01,prps,1404,-46,-0.389250,13,0,13,0.03403392,1.95000,prps,1,7098
96991,96.991,1,4004,54004,lowband_largesig_r01,prps,1405,-45,-0.375462,13,0,13,0.03403392,1.95000,prps,1,7102
97011,97.011,1,4004,54004,lowband_largesig_r01,prps,1409,-41,-0.343496,14,0,14,0.03665191,2.10000,prps,1,7106
97031,97.031,1,4004,54004,lowband_largesig_r01,prps,1415,-35,-0.294778,15,0,15,0.03926991,2.25000,prps,1,7110
97051,97.051,1,4004,54004,lowband_largesig_r01,prps,1422,-28,-0.231802,15,0,15,0.03926991,2.25000,prps,1,7114
97071,97.071,1,4004,54004,lowband_largesig_r01,prps,1431,-19,-0.157570,14,0,14,0.03665191,2.10000,prps,1,7118
97091,97.091,1,4004,54004,lowband_largesig_r01,prps,1441,-9,-0.075183,12,0,12,0.03141592,1.80000,prps,1,7122
97111,97.111,1,4004,54004,lowband_largesig_r01,prps,1451,1,0.012343,10,0,10,0.02617994,1.50000,prps,1,7126
97131,97.131,1,4004,54004,lowband_largesig_r01,prps,1462,12,0.102017,6,0,6,0.01570796,0.90000,prps,1,7130
97151,97.151,1,4004,54004,lowband_largesig_r01,prps,1473,23,0.190634,3,0,3,0.00785398,0.45000,prps,1,7134
97171,97.171,1,4004,54004,lowband_largesig_r01,prps,1483,33,0.274480,-2,0,-2,-0.00523599,-0.30000,prps,1,7138
97191,97.191,1,4004,54004,lowband_largesig_r01,prps,1492,42,0.349100,-6,0,-6,-0.01570796,-0.90000,prps,1,7142
97211,97.211,1,4004,54004,lowband_largesig_r01,prps,1499,49,0.409292,-12,0,-12,-0.03141592,-1.80000,prps,1,7146
97231,97.231,1,4004,54004,lowband_largesig_r01,prps,1503,53,0.449380,-19,0,-19,-0.04974188,-2.85000,prps,1,7150
97251,97.251,1,4004,54004,lowband_largesig_r01,prps,1505,55,0.463814,-24,0,-24,-0.06283185,-3.60000,prps,1,7154
97271,97.271,1,4004,54004,lowband_largesig_r01,prps,1503,53,0.448019,-30,0,-30,-0.07853982,-4.50000,prps,1,7158
97291,97.291,1,4004,54004,lowband_largesig_r01,prps,1498,48,0.399365,-32,0,-32,-0.08377580,-4.80000,prps,1,7162
97311,97.311,1,4004,54004,lowband_largesig_r01,prps,1488,38,0.318072,-33,0,-33,-0.08639380,-4.95000,prps,1,7166
97331,97.331,1,4004,54004,lowband_largesig_r01,prps,1475,25,0.207844,-33,0,-33,-0.08639380,-4.95000,prps,1,7170
97351,97.351,1,4004,54004,lowband_largesig_r01,prps,1459,9,0.076057,-32,0,-32,-0.08377580,-4.80000,prps,1,7174
97371,97.371,1,4004,54004,lowband_largesig_r01,prps,1442,-8,-0.066605,-27,0,-27,-0.07068583,-4.05000,prps,1,7178
97391,97.391,1,4004,54004,lowband_largesig_r01,prps,1425,-25,-0.207102,-20,0,-20,-0.05235988,-3.00000,prps,1,7182
97411,97.411,1,4004,54004,lowband_largesig_r01,prps,1411,-39,-0.331481,-12,0,-12,-0.03141592,-1.80000,prps,1,7186
97431,97.431,1,4004,54004,lowband_largesig_r01,prps,1399,-51,-0.426624,-2,0,-2,-0.00523599,-0.30000,prps,1,7190
97451,97.451,1,4004,54004,lowband_largesig_r01,prps,1393,-57,-0.482044,8,0,8,0.02094395,1.20000,prps,1,7194
97471,97.471,1,4004,54004,lowband_largesig_r01,prps,1392,-58,-0.491448,16,0,16,0.04188790,2.40000,prps,1,7198
97491,97.491,1,4004,54004,lowband_largesig_r01,prps,1396,-54,-0.453776,21,0,21,0.05497787,3.15000,prps,1,7202
97511,97.511,1,4004,54004,lowband_largesig_r01,prps,1406,-44,-0.373530,23,0,23,0.06021386,3.45000,prps,1,7206
97531,97.531,1,4004,54004,lowband_largesig_r01,prps,1419,-31,-0.260292,23,0,23,0.06021386,3.45000,prps,1,7210
97551,97.551,1,4004,54004,lowband_largesig_r01,prps,1435,-15,-0.127461,21,0,21,0.05497787,3.15000,prps,1,7214
97571,97.571,1,4004,54004,lowband_largesig_r01,prps,1451,1,0.009616,16,0,16,0.04188790,2.40000,prps,1,7218
97591,97.591,1,4004,54004,lowband_largesig_r01,prps,1466,16,0.135846,9,0,9,0.02356194,1.35000,prps,1,7222
97611,97.611,1,4004,54004,lowband_largesig_r01,prps,1478,28,0.238583,4,0,4,0.01047198,0.60000,prps,1,7226
97631,97.631,1,4004,54004,lowband_largesig_r01,prps,1487,37,0.309461,-3,0,-3,-0.00785398,-0.45000,prps,1,7230
97651,97.651,1,4004,54004,lowband_largesig_r01,prps,1491,41,0.345570,-8,0,-8,-0.02094395,-1.20000,prps,1,7234
97671,97.671,1,4004,54004,lowband_largesig_r01,prps,1492,42,0.349756,-15,0,-15,-0.03926991,-2.25000,prps,1,7238
97691,97.691,1,4004,54004,lowband_largesig_r01,prps,1489,39,0.330017,-21,0,-21,-0.05497787,-3.15000,prps,1,7242
97711,97.711,1,4004,54004,lowband_largesig_r01,prps,1485,35,0.298052,-25,0,-25,-0.06544985,-3.75000,prps,1,7246
97731,97.731,1,4004,54004,lowband_largesig_r01,prps,1482,32,0.267217,-27,0,-27,-0.07068583,-4.05000,prps,1,7250
97751,97.751,1,4004,54004,lowband_largesig_r01,prps,1480,30,0.250214,-26,0,-26,-0.06806784,-3.90000,prps,1,7254
97771,97.771,1,4004,54004,lowband_largesig_r01,prps,1481,31,0.256893,-26,0,-26,-0.06806784,-3.90000,prps,1,7258
97791,97.791,1,4004,54004,lowband_largesig_r01,prps,1485,35,0.292540,-26,0,-26,-0.06806784,-3.90000,prps,1,7262
97811,97.811,1,4004,54004,lowband_largesig_r01,prps,1492,42,0.356926,-26,0,-26,-0.06806784,-3.90000,prps,1,7266
97831,97.831,1,4004,54004,lowband_largesig_r01,prps,1503,53,0.444290,-27,0,-27,-0.07068583,-4.05000,prps,1,7270
97851,97.851,1,4004,54004,lowband_largesig_r01,prps,1515,65,0.544240,-29,0,-29,-0.07592182,-4.35000,prps,1,7274
97871,97.871,1,4004,54004,lowband_largesig_r01,prps,1527,77,0.643442,-31,0,-31,-0.08115781,-4.65000,prps,1,7278
97891,97.891,1,4004,54004,lowband_largesig_r01,prps,1537,87,0.727784,-34,0,-34,-0.08901179,-5.10000,prps,1,7282
97911,97.911,1,4004,54004,lowband_largesig_r01,prps,1543,93,0.784663,-40,0,-40,-0.10471976,-6.00000,prps,1,7286
97931,97.931,1,4004,54004,lowband_largesig_r01,prps,1546,96,0.805008,-46,0,-46,-0.12042772,-6.90000,prps,1,7290
97951,97.951,1,4004,54004,lowband_largesig_r01,prps,1543,93,0.784682,-52,0,-52,-0.13613568,-7.80000,prps,1,7294
97971,97.971,1,4004,54004,lowband_largesig_r01,prps,1536,86,0.725056,-54,0,-54,-0.14137166,-8.10000,prps,1,7298
97991,97.991,1,4004,54004,lowband_largesig_r01,prps,1525,75,0.632638,-55,0,-55,-0.14398966,-8.25000,prps,1,7302
98011,98.011,1,4004,54004,lowband_largesig_r01,prps,1512,62,0.517861,-55,0,-55,-0.14398966,-8.25000,prps,1,7306
98031,98.031,1,4004,54004,lowband_largesig_r01,prps,1497,47,0.393233,-53,0,-53,-0.13875367,-7.95000,prps,1,7310
98051,98.051,1,4004,54004,lowband_largesig_r01,prps,1482,32,0.271194,-49,0,-49,-0.12828170,-7.35000,prps,1,7314
98071,98.071,1,4004,54004,lowband_largesig_r01,prps,1469,19,0.162056,-42,0,-42,-0.10995574,-6.30000,prps,1,7318
98091,98.091,1,4004,54004,lowband_largesig_r01,prps,1459,9,0.072394,-34,0,-34,-0.08901179,-5.10000,prps,1,7322
98111,98.111,1,4004,54004,lowband_largesig_r01,prps,1450,0,0.004169,-27,0,-27,-0.07068583,-4.05000,prps,1,7326
98131,98.131,1,4004,54004,lowband_largesig_r01,prps,1445,-5,-0.045268,-19,0,-19,-0.04974188,-2.85000,prps,1,7330
98151,98.151,1,4004,54004,lowband_largesig_r01,prps,1440,-10,-0.082295,-12,0,-12,-0.03141592,-1.80000,prps,1,7334
98171,98.171,1,4004,54004,lowband_largesig_r01,prps,1436,-14,-0.115445,-7,0,-7,-0.01832596,-1.05000,prps,1,7338
98191,98.191,1,4004,54004,lowband_largesig_r01,prps,1432,-18,-0.153421,-2,0,-2,-0.00523599,-0.30000,prps,1,7342
98211,98.211,1,4004,54004,lowband_largesig_r01,prps,1426,-24,-0.203074,1,0,1,0.00261799,0.15000,prps,1,7346
98231,98.231,1,4004,54004,lowband_largesig_r01,prps,1418,-32,-0.267745,4,0,4,0.01047198,0.60000,prps,1,7350
98251,98.251,1,4004,54004,lowband_largesig_r01,prps,1409,-41,-0.346263,5,0,5,0.01308997,0.75000,prps,1,7354
98271,98.271,1,4004,54004,lowband_largesig_r01,prps,1398,-52,-0.432839,7,0,7,0.01832596,1.05000,prps,1,7358
98291,98.291,1,4004,54004,lowband_largesig_r01,prps,1388,-62,-0.517862,10,0,10,0.02617994,1.50000,prps,1,7362
98311,98.311,1,4004,54004,lowband_largesig_r01,prps,1380,-70,-0.589518,15,0,15,0.03926991,2.25000,prps,1,7366
98331,98.331,1,4004,54004,lowband_largesig_r01,prps,1374,-76,-0.635920,20,0,20,0.05235988,3.00000,prps,1,7370
98351,98.351,1,4004,54004,lowband_largesig_r01,prps,1373,-77,-0.647417,24,0,24,0.06283185,3.60000,prps,1,7374
98371,98.371,1,4004,54004,lowband_largesig_r01,prps,1376,-74,-0.618627,28,0,28,0.07330382,4.20000,prps,1,7378
98391,98.391,1,4004,54004,lowband_largesig_r01,prps,1385,-65,-0.549850,32,0,32,0.08377580,4.80000,prps,1,7382
98411,98.411,1,4004,54004,lowband_largesig_r01,prps,1397,-53,-0.447559,34,0,34,0.08901179,5.10000,prps,1,7386
98431,98.431,1,4004,54004,lowband_largesig_r01,prps,1411,-39,-0.323856,33,0,33,0.08639380,4.95000,prps,1,7390
98451,98.451,1,4004,54004,lowband_largesig_r01,prps,1427,-23,-0.194933,29,0,29,0.07592182,4.35000,prps,1,7394
98471,98.471,1,4004,54004,lowband_largesig_r01,prps,1441,-9,-0.078766,23,0,23,0.06021386,3.45000,prps,1,7398
98491,98.491,1,4004,54004,lowband_largesig_r01,prps,1451,1,0.007604,15,0,15,0.03926991,2.25000,prps,1,7402
98511,98.511,1,4004,54004,lowband_largesig_r01,prps,1456,6,0.050754,7,0,7,0.01832596,1.05000,prps,1,7406
98531,98.531,1,4004,54004,lowband_largesig_r01,prps,1455,5,0.043110,2,0,2,0.00523599,0.30000,prps,1,7410
98551,98.551,1,4004,54004,lowband_largesig_r01,prps,1448,-2,-0.015681,-2,0,-2,-0.00523599,-0.30000,prps,1,7414
98571,98.571,1,4004,54004,lowband_largesig_r01,prps,1436,-14,-0.118448,-3,0,-3,-0.00785398,-0.45000,prps,1,7418
98591,98.591,1,4004,54004,lowband_largesig_r01,prps,1420,-30,-0.251346,-2,0,-2,-0.00523599,-0.30000,prps,1,7422
98611,98.611,1,4004,54004,lowband_largesig_r01,prps,1403,-47,-0.395736,1,0,1,0.00261799,0.15000,prps,1,7426
98631,98.631,1,4004,54004,lowband_largesig_r01,prps,1387,-63,-0.530808,6,0,6,0.01570796,0.90000,prps,1,7430
98651,98.651,1,4004,54004,lowband_largesig_r01,prps,1374,-76,-0.636534,12,0,12,0.03141592,1.80000,prps,1,7434
98671,98.671,1,4004,54004,lowband_largesig_r01,prps,1367,-83,-0.696507,19,0,19,0.04974188,2.85000,prps,1,7438
98691,98.691,1,4004,54004,lowband_largesig_r01,prps,1367,-83,-0.700205,26,0,26,0.06806784,3.90000,prps,1,7442
98711,98.711,1,4004,54004,lowband_largesig_r01,prps,1373,-77,-0.644363,32,0,32,0.08377580,4.80000,prps,1,7446
98731,98.731,1,4004,54004,lowband_largesig_r01,prps,1387,-63,-0.533228,35,0,35,0.09162979,5.25000,prps,1,7450
98751,98.751,1,4004,54004,lowband_largesig_r01,prps,1405,-45,-0.377710,37,0,37,0.09686577,5.55000,prps,1,7454
98771,98.771,1,4004,54004,lowband_largesig_r01,prps,1427,-23,-0.193567,35,0,35,0.09162979,5.25000,prps,1,7458
98791,98.791,1,4004,54004,lowband_largesig_r01,prps,1450,0,0.001049,29,0,29,0.07592182,4.35000,prps,1,7462
98811,98.811,1,4004,54004,lowband_largesig_r01,prps,1472,22,0.188286,19,0,19,0.04974188,2.85000,prps,1,7466
98831,98.831,1,4004,54004,lowband_largesig_r01,prps,1492,42,0.353085,6,0,6,0.01570796,0.90000,prps,1,7470
98851,98.851,1,4004,54004,lowband_largesig_r01,prps,1508,58,0.485101,-5,0,-5,-0.01308997,-0.75000,prps,1,7474
98871,98.871,1,4004,54004,lowband_largesig_r01,prps,1519,69,0.579752,-16,0,-16,-0.04188790,-2.40000,prps,1,7478
98891,98.891,1,4004,54004,lowband_largesig_r01,prps,1526,76,0.638288,-27,0,-27,-0.07068583,-4.05000,prps,1,7482
98911,98.911,1,4004,54004,lowband_largesig_r01,prps,1529,79,0.666909,-36,0,-36,-0.09424778,-5.40000,prps,1,7486
98931,98.931,1,4004,54004,lowband_largesig_r01,prps,1530,80,0.675131,-44,0,-44,-0.11519173,-6.60000,prps,1,7490
98951,98.951,1,4004,54004,lowband_largesig_r01,prps,1530,80,0.673715,-49,0,-49,-0.12828170,-7.35000,prps,1,7494
98971,98.971,1,4004,54004,lowband_largesig_r01,prps,1530,80,0.672539,-51,0,-51,-0.13351768,-7.65000,prps,1,7498
98991,98.991,1,4004,54004,lowband_largesig_r01,prps,1531,81,0.678766,-51,0,-51,-0.13351768,-7.65000,prps,1,7502
99011,99.011,1,4004,54004,lowband_largesig_r01,prps,1533,83,0.695630,-51,0,-51,-0.13351768,-7.65000,prps,1,7506
99031,99.031,1,4004,54004,lowband_largesig_r01,prps,1536,86,0.722014,-51,0,-51,-0.13351768,-7.65000,prps,1,7510
99051,99.051,1,4004,54004,lowband_largesig_r01,prps,1540,90,0.752855,-51,0,-51,-0.13351768,-7.65000,prps,1,7514
99071,99.071,1,4004,54004,lowband_largesig_r01,prps,1543,93,0.780282,-52,0,-52,-0.13613568,-7.80000,prps,1,7518
99091,99.091,1,4004,54004,lowband_largesig_r01,prps,1545,95,0.795261,-54,0,-54,-0.14137166,-8.10000,prps,1,7522
99111,99.111,1,4004,54004,lowband_largesig_r01,prps,1544,94,0.789415,-55,0,-55,-0.14398966,-8.25000,prps,1,7526
99131,99.131,1,4004,54004,lowband_largesig_r01,prps,1540,90,0.756724,-56,0,-56,-0.14660765,-8.40000,prps,1,7530
99151,99.151,1,4004,54004,lowband_largesig_r01,prps,1533,83,0.694780,-56,0,-56,-0.14660765,-8.40000,prps,1,7534
99171,99.171,1,4004,54004,lowband_largesig_r01,prps,1522,72,0.605409,-55,0,-55,-0.14398966,-8.25000,prps,1,7538
99191,99.191,1,4004,54004,lowband_largesig_r01,prps,1509,59,0.494555,-54,0,-54,-0.14137166,-8.10000,prps,1,7542
99211,99.211,1,4004,54004,lowband_largesig_r01,prps,1494,44,0.371473,-52,0,-52,-0.13613568,-7.80000,prps,1,7546
99231,99.231,1,4004,54004,lowband_largesig_r01,prps,1479,29,0.247384,-47,0,-47,-0.12304571,-7.05000,prps,1,7550
99251,99.251,1,4004,54004,lowband_largesig_r01,prps,1466,16,0.133836,-41,0,-41,-0.10733775,-6.15000,prps,1,7554
99271,99.271,1,4004,54004,lowband_largesig_r01,prps,1455,5,0.041047,-33,0,-33,-0.08639380,-4.95000,prps,1,7558
99291,99.291,1,4004,54004,lowband_largesig_r01,prps,1447,-3,-0.023491,-24,0,-24,-0.06283185,-3.60000,prps,1,7562
99311,99.311,1,4004,54004,lowband_largesig_r01,prps,1443,-7,-0.055940,-16,0,-16,-0.04188790,-2.40000,prps,1,7566
99331,99.331,1,4004,54004,lowband_largesig_r01,prps,1443,-7,-0.056452,-9,0,-9,-0.02356194,-1.35000,prps,1,7570
99351,99.351,1,4004,54004,lowband_largesig_r01,prps,1447,-3,-0.028903,-4,0,-4,-0.01047198,-0.60000,prps,1,7574
99371,99.371,1,4004,54004,lowband_largesig_r01,prps,1452,2,0.019885,-3,0,-3,-0.00785398,-0.45000,prps,1,7578
99391,99.391,1,4004,54004,lowband_largesig_r01,prps,1460,10,0.081270,-2,0,-2,-0.00523599,-0.30000,prps,1,7582
99411,99.411,1,4004,54004,lowband_largesig_r01,prps,1467,17,0.146039,-3,0,-3,-0.00785398,-0.45000,prps,1,7586
99431,99.431,1,4004,54004,lowband_largesig_r01,prps,1474,24,0.205570,-3,0,-3,-0.00785398,-0.45000,prps,1,7590
99451,99.451,1,4004,54004,lowband_largesig_r01,prps,1480,30,0.252722,-4,0,-4,-0.01047198,-0.60000,prps,1,7594
99471,99.471,1,4004,54004,lowband_largesig_r01,prps,1484,34,0.282359,-8,0,-8,-0.02094395,-1.20000,prps,1,7598
99491,99.491,1,4004,54004,lowband_largesig_r01,prps,1485,35,0.291457,-13,0,-13,-0.03403392,-1.95000,prps,1,7602
99511,99.511,1,4004,54004,lowband_largesig_r01,prps,1483,33,0.278885,-17,0,-17,-0.04450589,-2.55000,prps,1,7606
99531,99.531,1,4004,54004,lowband_largesig_r01,prps,1479,29,0.244949,-20,0,-20,-0.05235988,-3.00000,prps,1,7610
99551,99.551,1,4004,54004,lowband_largesig_r01,prps,1473,23,0.190879,-22,0,-22,-0.05759586,-3.30000,prps,1,7614
99571,99.571,1,4004,54004,lowband_largesig_r01,prps,1464,14,0.118388,-22,0,-22,-0.05759586,-3.30000,prps,1,7618
99591,99.591,1,4004,54004,lowband_largesig_r01,prps,1454,4,0.029436,-21,0,-21,-0.05497787,-3.15000,prps,1,7622
99611,99.611,1,4004,54004,lowband_largesig_r01,prps,1441,-9,-0.073776,-19,0,-19,-0.04974188,-2.85000,prps,1,7626
99631,99.631,1,4004,54004,lowband_largesig_r01,prps,1428,-22,-0.188583,-15,0,-15,-0.03926991,-2.25000,prps,1,7630
99651,99.651,1,4004,54004,lowband_largesig_r01,prps,1413,-37,-0.311510,-8,0,-8,-0.02094395,-1.20000,prps,1,7634
99671,99.671,1,4004,54004,lowband_largesig_r01,prps,1398,-52,-0.437943,-1,0,-1,-0.00261799,-0.15000,prps,1,7638
99691,99.691,1,4004,54004,lowband_largesig_r01,prps,1383,-67,-0.561950,7,0,7,0.01832596,1.05000,prps,1,7642
99711,99.711,1,4004,54004,lowband_largesig_r01,prps,1370,-80,-0.676408,14,0,14,0.03665191,2.10000,prps,1,7646
99731,99.731,1,4004,54004,lowband_largesig_r01,prps,1358,-92,-0.773474,21,0,21,0.05497787,3.15000,prps,1,7650
99751,99.751,1,4004,54004,lowband_largesig_r01,prps,1349,-101,-0.845422,28,0,28,0.07330382,4.20000,prps,1,7654
99771,99.771,1,4004,54004,lowband_largesig_r01,prps,1345,-105,-0.885726,36,0,36,0.09424778,5.40000,prps,1,7658
99791,99.791,1,4004,54004,lowband_largesig_r01,prps,1344,-106,-0.890239,42,0,42,0.10995574,6.30000,prps,1,7662
99811,99.811,1,4004,54004,lowband_largesig_r01,prps,1348,-102,-0.858224,48,0,48,0.12566370,7.20000,prps,1,7666
99831,99.831,1,4004,54004,lowband_largesig_r01,prps,1356,-94,-0.793043,50,0,50,0.13089970,7.50000,prps,1,7670
99851,99.851,1,4004,54004,lowband_largesig_r01,prps,1366,-84,-0.702289,50,0,50,0.13089970,7.50000,prps,1,7674
99871,99.871,1,4004,54004,lowband_largesig_r01,prps,1379,-71,-0.597267,49,0,49,0.12828170,7.35000,prps,1,7678
99891,99.891,1,4004,54004,lowband_largesig_r01,prps,1391,-59,-0.491829,48,0,48,0.12566370,7.20000,prps,1,7682
99911,99.911,1,4004,54004,lowband_largesig_r01,prps,1402,-48,-0.400661,43,0,43,0.11257374,6.45000,prps,1,7686
99931,99.931,1,4004,54004,lowband_largesig_r01,prps,1410,-40,-0.337272,37,0,37,0.09686577,5.55000,prps,1,7690
99951,99.951,1,4004,54004,lowband_largesig_r01,prps,1413,-37,-0.311970,31,0,31,0.08115781,4.65000,prps,1,7694
99971,99.971,1,4004,54004,lowband_largesig_r01,prps,1411,-39,-0.330156,24,0,24,0.06283185,3.60000,prps,1,7698
99991,99.991,1,4004,54004,lowband_largesig_r01,prps,1403,-47,-0.391243,19,0,19,0.04974188,2.85000,prps,1,7702
100011,100.011,1,4004,54004,lowband_largesig_r01,prps,1392,-58,-0.488412,16,0,16,0.04188790,2.40000,prps,1,7706
100031,100.031,1,4004,54004,lowband_largesig_r01,prps,1377,-73,-0.609297,16,0,16,0.04188790,2.40000,prps,1,7710
100051,100.051,1,4004,54004,lowband_largesig_r01,prps,1362,-88,-0.737545,19,0,19,0.04974188,2.85000,prps,1,7714
100071,100.071,1,4004,54004,lowband_largesig_r01,prps,1348,-102,-0.855049,25,0,25,0.06544985,3.75000,prps,1,7718
100091,100.091,1,4004,54004,lowband_largesig_r01,prps,1338,-112,-0.944530,33,0,33,0.08639380,4.95000,prps,1,7722
100111,100.111,1,4004,54004,lowband_largesig_r01,prps,1332,-118,-0.992076,41,0,41,0.10733775,6.15000,prps,1,7726
100131,100.131,1,4004,54004,lowband_largesig_r01,prps,1332,-118,-0.989240,49,0,49,0.12828170,7.35000,prps,1,7730
100151,100.151,1,4004,54004,lowband_largesig_r01,prps,1339,-111,-0.934352,57,0,57,0.14922565,8.55000,prps,1,7734
100171,100.171,1,4004,54004,lowband_largesig_r01,prps,1351,-99,-0.832825,59,0,59,0.15446164,8.85000,prps,1,7738
100191,100.191,1,4004,54004,lowband_largesig_r01,prps,1367,-83,-0.696385,59,0,59,0.15446164,8.85000,prps,1,7742
100211,100.211,1,4004,54004,lowband_largesig_r01,prps,1386,-64,-0.541326,57,0,57,0.14922565,8.55000,prps,1,7746
100231,100.231,1,4004,54004,lowband_largesig_r01,prps,1404,-46,-0.386065,51,0,51,0.13351768,7.65000,prps,1,7750
100251,100.251,1,4004,54004,lowband_largesig_r01,prps,1420,-30,-0.248363,43,0,43,0.11257374,6.45000,prps,1,7754
100271,100.271,1,4004,54004,lowband_largesig_r01,prps,1433,-17,-0.142666,34,0,34,0.08901179,5.10000,prps,1,7758
100291,100.291,1,4004,54004,lowband_largesig_r01,prps,1441,-9,-0.077966,22,0,22,0.05759586,3.30000,prps,1,7762
100311,100.311,1,4004,54004,lowband_largesig_r01,prps,1443,-7,-0.056551,12,0,12,0.03141592,1.80000,prps,1,7766
100331,100.331,1,4004,54004,lowband_largesig_r01,prps,1441,-9,-0.073811,5,0,5,0.01308997,0.75000,prps,1,7770
100351,100.351,1,4004,54004,lowband_largesig_r01,prps,1436,-14,-0.119142,2,0,2,0.00523599,0.30000,prps,1,7774
100371,100.371,1,4004,54004,lowband_largesig_r01,prps,1429,-21,-0.177786,2,0,2,0.00523599,0.30000,prps,1,7778
100391,100.391,1,4004,54004,lowband_largesig_r01,prps,1422,-28,-0.233300,3,0,3,0.00785398,0.45000,prps,1,7782
100427,100.427,1,4004,54004,lowband_largesig_r01,prps,1418,-32,-0.270242,6,0,6,0.01570796,0.90000,prps,1,7786
100447,100.447,1,4004,54004,lowband_largesig_r01,prps,1417,-33,-0.276643,7,0,7,0.01832596,1.05000,prps,1,7790
100467,100.467,1,4004,54004,lowband_largesig_r01,prps,1421,-29,-0.245845,8,0,8,0.02094395,1.20000,prps,1,7794
100487,100.487,1,4004,54004,lowband_largesig_r01,prps,1429,-21,-0.177438,9,0,9,0.02356194,1.35000,prps,1,7798
100507,100.507,1,4004,54004,lowband_largesig_r01,prps,1441,-9,-0.077137,9,0,9,0.02356194,1.35000,prps,1,7802
100527,100.527,1,4004,54004,lowband_largesig_r01,prps,1455,5,0.044342,8,0,8,0.02094395,1.20000,prps,1,7806
100547,100.547,1,4004,54004,lowband_largesig_r01,prps,1471,21,0.173205,5,0,5,0.01308997,0.75000,prps,1,7810
100567,100.567,1,4004,54004,lowband_largesig_r01,prps,1485,35,0.294957,1,0,1,0.00261799,0.15000,prps,1,7814
100587,100.587,1,4004,54004,lowband_largesig_r01,prps,1497,47,0.396817,-5,0,-5,-0.01308997,-0.75000,prps,1,7818
100607,100.607,1,4004,54004,lowband_largesig_r01,prps,1506,56,0.469765,-12,0,-12,-0.03141592,-1.80000,prps,1,7822
100627,100.627,1,4004,54004,lowband_largesig_r01,prps,1511,61,0.509875,-21,0,-21,-0.05497787,-3.15000,prps,1,7826
100647,100.647,1,4004,54004,lowband_largesig_r01,prps,1512,62,0.518714,-28,0,-28,-0.07330382,-4.20000,prps,1,7830
100667,100.667,1,4004,54004,lowband_largesig_r01,prps,1510,60,0.502781,-34,0,-34,-0.08901179,-5.10000,prps,1,7834
100687,100.687,1,4004,54004,lowband_largesig_r01,prps,1506,56,0.472082,-36,0,-36,-0.09424778,-5.40000,prps,1,7838
100707,100.707,1,4004,54004,lowband_largesig_r01,prps,1502,52,0.438142,-37,0,-37,-0.09686577,-5.55000,prps,1,7842
100727,100.727,1,4004,54004,lowband_largesig_r01,prps,1499,49,0.411791,-37,0,-37,-0.09686577,-5.55000,prps,1,7846
100747,100.747,1,4004,54004,lowband_largesig_r01,prps,1498,48,0.401148,-36,0,-36,-0.09424778,-5.40000,prps,1,7850
100767,100.767,1,4004,54004,lowband_largesig_r01,prps,1499,49,0.410160,-36,0,-36,-0.09424778,-5.40000,prps,1,7854
100787,100.787,1,4004,54004,lowband_largesig_r01,prps,1502,52,0.437945,-35,0,-35,-0.09162979,-5.25000,prps,1,7858
100807,100.807,1,4004,54004,lowband_largesig_r01,prps,1507,57,0.479062,-35,0,-35,-0.09162979,-5.25000,prps,1,7862
100827,100.827,1,4004,54004,lowband_largesig_r01,prps,1512,62,0.524642,-35,0,-35,-0.09162979,-5.25000,prps,1,7866
100847,100.847,1,4004,54004,lowband_largesig_r01,prps,1517,67,0.564175,-36,0,-36,-0.09424778,-5.40000,prps,1,7870
100867,100.867,1,4004,54004,lowband_largesig_r01,prps,1520,70,0.587615,-37,0,-37,-0.09686577,-5.55000,prps,1,7874
100887,100.887,1,4004,54004,lowband_largesig_r01,prps,1520,70,0.587426,-39,0,-39,-0.10210176,-5.85000,prps,1,7878
100907,100.907,1,4004,54004,lowband_largesig_r01,prps,1517,67,0.560169,-41,0,-41,-0.10733775,-6.15000,prps,1,7882
100927,100.927,1,4004,54004,lowband_largesig_r01,prps,1510,60,0.507357,-43,0,-43,-0.11257374,-6.45000,prps,1,7886
100947,100.947,1,4004,54004,lowband_largesig_r01,prps,1502,52,0.435392,-43,0,-43,-0.11257374,-6.45000,prps,1,7890
100967,100.967,1,4004,54004,lowband_largesig_r01,prps,1492,42,0.354584,-42,0,-42,-0.10995574,-6.30000,prps,1,7894
100987,100.987,1,4004,54004,lowband_largesig_r01,prps,1483,33,0.277414,-40,0,-40,-0.10471976,-6.00000,prps,1,7898
101007,101.007,1,4004,54004,lowband_largesig_r01,prps,1476,26,0.216341,-37,0,-37,-0.09686577,-5.55000,prps,1,7902
101027,101.027,1,4004,54004,lowband_largesig_r01,prps,1472,22,0.181530,-32,0,-32,-0.08377580,-4.80000,prps,1,7906
101047,101.047,1,4004,54004,lowband_largesig_r01,prps,1471,21,0.178905,-27,0,-27,-0.07068583,-4.05000,prps,1,7910
101067,101.067,1,4004,54004,lowband_largesig_r01,prps,1475,25,0.208881,-23,0,-23,-0.06021386,-3.45000,prps,1,7914
101087,101.087,1,4004,54004,lowband_largesig_r01,prps,1482,32,0.266014,-21,0,-21,-0.05497787,-3.15000,prps,1,7918
101107,101.107,1,4004,54004,lowband_largesig_r01,prps,1490,40,0.339648,-21,0,-21,-0.05497787,-3.15000,prps,1,7922
101127,101.127,1,4004,54004,lowband_largesig_r01,prps,1499,49,0.415474,-22,0,-22,-0.05759586,-3.30000,prps,1,7926
101147,101.147,1,4004,54004,lowband_largesig_r01,prps,1507,57,0.477757,-24,0,-24,-0.06283185,-3.60000,prps,1,7930
101167,101.167,1,4004,54004,lowband_largesig_r01,prps,1511,61,0.511876,-28,0,-28,-0.07330382,-4.20000,prps,1,7934
101187,101.187,1,4004,54004,lowband_largesig_r01,prps,1510,60,0.506746,-31,0,-31,-0.08115781,-4.65000,prps,1,7938
101207,101.207,1,4004,54004,lowband_largesig_r01,prps,1504,54,0.456748,-34,0,-34,-0.08901179,-5.10000,prps,1,7942
101227,101.227,1,4004,54004,lowband_largesig_r01,prps,1493,43,0.362816,-35,0,-35,-0.09162979,-5.25000,prps,1,7946
101247,101.247,1,4004,54004,lowband_largesig_r01,prps,1478,28,0.232525,-35,0,-35,-0.09162979,-5.25000,prps,1,7950
101267,101.267,1,4004,54004,lowband_largesig_r01,prps,1459,9,0.079145,-33,0,-33,-0.08639380,-4.95000,prps,1,7954
101287,101.287,1,4004,54004,lowband_largesig_r01,prps,1440,-10,-0.080181,-27,0,-27,-0.07068583,-4.05000,prps,1,7958
101307,101.307,1,4004,54004,lowband_largesig_r01,prps,1423,-27,-0.226860,-21,0,-21,-0.05497787,-3.15000,prps,1,7962
101327,101.327,1,4004,54004,lowband_largesig_r01,prps,1409,-41,-0.343466,-12,0,-12,-0.03141592,-1.80000,prps,1,7966
101347,101.347,1,4004,54004,lowband_largesig_r01,prps,1400,-50,-0.416170,0,0,0,0.00000000,0.00000,prps,1,7970
101367,101.367,1,4004,54004,lowband_largesig_r01,prps,1398,-52,-0.436594,9,0,9,0.02356194,1.35000,prps,1,7974
101387,101.387,1,4004,54004,lowband_largesig_r01,prps,1402,-48,-0.402822,17,0,17,0.04450589,2.55000,prps,1,7978
101407,101.407,1,4004,54004,lowband_largesig_r01,prps,1412,-38,-0.319446,19,0,19,0.04974188,2.85000,prps,1,7982
101427,101.427,1,4004,54004,lowband_largesig_r01,prps,1427,-23,-0.196665,19,0,19,0.04974188,2.85000,prps,1,7986
101447,101.447,1,4004,54004,lowband_largesig_r01,prps,1444,-6,-0.048620,17,0,17,0.04450589,2.55000,prps,1,7990
101467,101.467,1,4004,54004,lowband_largesig_r01,prps,1463,13,0.108745,11,0,11,0.02879793,1.65000,prps,1,7994
101487,101.487,1,4004,54004,lowband_largesig_r01,prps,1481,31,0.259948,5,0,5,0.01308997,0.75000,prps,1,7998
119849,119.849,1,4004,54004,lowband_largesig_r01,prps,1497,47,0.391993,-4,0,-4,-0.01047198,-0.60000,prps,2,2
119869,119.869,1,4004,54004,lowband_largesig_r01,prps,1509,59,0.495869,-7,0,-7,-0.01832596,-1.05000,prps,2,6
119889,119.889,1,4004,54004,lowband_largesig_r01,prps,1518,68,0.567320,-16,0,-16,-0.04188790,-2.40000,prps,2,10
119909,119.909,1,4004,54004,lowband_largesig_r01,prps,1522,72,0.606829,-26,0,-26,-0.06806784,-3.90000,prps,2,14
119929,119.929,1,4004,54004,lowband_largesig_r01,prps,1524,74,0.618870,-35,0,-35,-0.09162979,-5.25000,prps,2,18
119949,119.949,1,4004,54004,lowband_largesig_r01,prps,1523,73,0.610642,-43,0,-43,-0.11257374,-6.45000,prps,2,22
119969,119.969,1,4004,54004,lowband_largesig_r01,prps,1520,70,0.590502,-46,0,-46,-0.12042772,-6.90000,prps,2,26
119989,119.989,1,4004,54004,lowband_largesig_r01,prps,1517,67,0.566430,-47,0,-47,-0.12304571,-7.05000,prps,2,30
120009,120.009,1,4004,54004,lowband_largesig_r01,prps,1515,65,0.544738,-47,0,-47,-0.12304571,-7.05000,prps,2,34
120029,120.029,1,4004,54004,lowband_largesig_r01,prps,1513,63,0.529256,-46,0,-46,-0.12042772,-6.90000,prps,2,38
120049,120.049,1,4004,54004,lowband_largesig_r01,prps,1512,62,0.521058,-45,0,-45,-0.11780972,-6.75000,prps,2,42
120069,120.069,1,4004,54004,lowband_largesig_r01,prps,1512,62,0.518721,-45,0,-45,-0.11780972,-6.75000,prps,2,46
120089,120.089,1,4004,54004,lowband_largesig_r01,prps,1512,62,0.519018,-44,0,-44,-0.11519173,-6.60000,prps,2,50
120109,120.109,1,4004,54004,lowband_largesig_r01,prps,1512,62,0.517837,-43,0,-43,-0.11257374,-6.45000,prps,2,54
120129,120.129,1,4004,54004,lowband_largesig_r01,prps,1511,61,0.511140,-43,0,-43,-0.11257374,-6.45000,prps,2,58
120149,120.149,1,4004,54004,lowband_largesig_r01,prps,1509,59,0.495758,-43,0,-43,-0.11257374,-6.45000,prps,2,62
120169,120.169,1,4004,54004,lowband_largesig_r01,prps,1506,56,0.469870,-43,0,-43,-0.11257374,-6.45000,prps,2,66
120189,120.189,1,4004,54004,lowband_largesig_r01,prps,1502,52,0.433118,-42,0,-42,-0.10995574,-6.30000,prps,2,70
120209,120.209,1,4004,54004,lowband_largesig_r01,prps,1496,46,0.386350,-41,0,-41,-0.10733775,-6.15000,prps,2,74
120229,120.229,1,4004,54004,lowband_largesig_r01,prps,1489,39,0.331126,-40,0,-40,-0.10471976,-6.00000,prps,2,78
120249,120.249,1,4004,54004,lowband_largesig_r01,prps,1482,32,0.269099,-38,0,-38,-0.09948376,-5.70000,prps,2,82
120269,120.269,1,4004,54004,lowband_largesig_r01,prps,1474,24,0.201468,-35,0,-35,-0.09162979,-5.25000,prps,2,86
120289,120.289,1,4004,54004,lowband_largesig_r01,prps,1465,15,0.128633,-32,0,-32,-0.08377580,-4.80000,prps,2,90
120309,120.309,1,4004,54004,lowband_largesig_r01,prps,1456,6,0.050161,-27,0,-27,-0.07068583,-4.05000,prps,2,94
120329,120.329,1,4004,54004,lowband_largesig_r01,prps,1446,-4,-0.034928,-23,0,-23,-0.06021386,-3.45000,prps,2,98
120349,120.349,1,4004,54004,lowband_largesig_r01,prps,1435,-15,-0.127602,-18,0,-18,-0.04712389,-2.70000,prps,2,102
120369,120.369,1,4004,54004,lowband_largesig_r01,prps,1423,-27,-0.228127,-12,0,-12,-0.03141592,-1.80000,prps,2,106
120389,120.389,1,4004,54004,lowband_largesig_r01,prps,1410,-40,-0.335395,-4,0,-4,-0.01047198,-0.60000,prps,2,110
120409,120.409,1,4004,54004,lowband_largesig_r01,prps,1397,-53,-0.446469,3,0,3,0.00785398,0.45000,prps,2,114
120429,120.429,1,4004,54004,lowband_largesig_r01,prps,1384,-66,-0.556465,9,0,9,0.02356194,1.35000,prps,2,118
120449,120.449,1,4004,54004,lowband_largesig_r01,prps,1372,-78,-0.658861,15,0,15,0.03926991,2.25000,prps,2,122
120469,120.469,1,4004,54004,lowband_largesig_r01,prps,1361,-89,-0.746221,21,0,21,0.05497787,3.15000,prps,2,126
120489,120.489,1,4004,54004,lowband_largesig_r01,prps,1353,-97,-0.811230,27,0,27,0.07068583,4.05000,prps,2,130
120509,120.509,1,4004,54004,lowband_largesig_r01,prps,1349,-101,-0.847869,34,0,34,0.08901179,5.10000,prps,2,134
120529,120.529,1,4004,54004,lowband_largesig_r01,prps,1349,-101,-0.852520,40,0,40,0.10471976,6.00000,prps,2,138
120549,120.549,1,4004,54004,lowband_largesig_r01,prps,1352,-98,-0.824757,45,0,45,0.11780972,6.75000,prps,2,142
120569,120.569,1,4004,54004,lowband_largesig_r01,prps,1359,-91,-0.767676,48,0,48,0.12566370,7.20000,prps,2,146
120589,120.589,1,4004,54004,lowband_largesig_r01,prps,1368,-82,-0.687628,48,0,48,0.12566370,7.20000,prps,2,150
120609,120.609,1,4004,54004,lowband_largesig_r01,prps,1379,-71,-0.593390,48,0,48,0.12566370,7.20000,prps,2,154
120629,120.629,1,4004,54004,lowband_largesig_r01,prps,1391,-59,-0.494866,47,0,47,0.12304571,7.05000,prps,2,158
120649,120.649,1,4004,54004,lowband_largesig_r01,prps,1402,-48,-0.401539,45,0,45,0.11780972,6.75000,prps,2,162
120669,120.669,1,4004,54004,lowband_largesig_r01,prps,1412,-38,-0.320930,38,0,38,0.09948376,5.70000,prps,2,166
120689,120.689,1,4004,54004,lowband_largesig_r01,prps,1419,-31,-0.257367,32,0,32,0.08377580,4.80000,prps,2,170
120709,120.709,1,4004,54004,lowband_largesig_r01,prps,1425,-25,-0.211284,24,0,24,0.06283185,3.60000,prps,2,174
120729,120.729,1,4004,54004,lowband_largesig_r01,prps,1429,-21,-0.179226,18,0,18,0.04712389,2.70000,prps,2,178
120749,120.749,1,4004,54004,lowband_largesig_r01,prps,1432,-18,-0.154586,12,0,12,0.03141592,1.80000,prps,2,182
120769,120.769,1,4004,54004,lowband_largesig_r01,prps,1435,-15,-0.128988,9,0,9,0.02356194,1.35000,prps,2,186
120789,120.789,1,4004,54004,lowband_largesig_r01,prps,1439,-11,-0.094077,7,0,7,0.01832596,1.05000,prps,2,190
120809,120.809,1,4004,54004,lowband_largesig_r01,prps,1445,-5,-0.043435,6,0,6,0.01570796,0.90000,prps,2,194
120829,120.829,1,4004,54004,lowband_largesig_r01,prps,1453,3,0.025755,4,0,4,0.01047198,0.60000,prps,2,198
120849,120.849,1,4004,54004,lowband_largesig_r01,prps,1463,13,0.111599,3,0,3,0.00785398,0.45000,prps,2,202
120869,120.869,1,4004,54004,lowband_largesig_r01,prps,1475,25,0.207184,0,0,0,0.00000000,0.00000,prps,2,206
120889,120.889,1,4004,54004,lowband_largesig_r01,prps,1486,36,0.301198,-3,0,-3,-0.00785398,-0.45000,prps,2,210
120909,120.909,1,4004,54004,lowband_largesig_r01,prps,1495,45,0.379411,-7,0,-7,-0.01832596,-1.05000,prps,2,214
120929,120.929,1,4004,54004,lowband_largesig_r01,prps,1501,51,0.426841,-13,0,-13,-0.03403392,-1.95000,prps,2,218
120949,120.949,1,4004,54004,lowband_largesig_r01,prps,1501,51,0.430262,-20,0,-20,-0.05235988,-3.00000,prps,2,222
120969,120.969,1,4004,54004,lowband_largesig_r01,prps,1495,45,0.380653,-26,0,-26,-0.06806784,-3.90000,prps,2,226
120989,120.989,1,4004,54004,lowband_largesig_r01,prps,1483,33,0.275171,-28,0,-28,-0.07330382,-4.20000,prps,2,230
121009,121.009,1,4004,54004,lowband_largesig_r01,prps,1464,14,0.118287,-28,0,-28,-0.07330382,-4.20000,prps,2,234
121029,121.029,1,4004,54004,lowband_largesig_r01,prps,1441,-9,-0.078148,-26,0,-26,-0.06806784,-3.90000,prps,2,238
121049,121.049,1,4004,54004,lowband_largesig_r01,prps,1415,-35,-0.295977,-22,0,-22,-0.05759586,-3.30000,prps,2,242
121069,121.069,1,4004,54004,lowband_largesig_r01,prps,1389,-61,-0.512850,-13,0,-13,-0.03403392,-1.95000,prps,2,246
121089,121.089,1,4004,54004,lowband_largesig_r01,prps,1366,-84,-0.705067,0,0,0,0.00000000,0.00000,prps,2,250
121109,121.109,1,4004,54004,lowband_largesig_r01,prps,1349,-101,-0.850762,13,0,13,0.03403392,1.95000,prps,2,254
121129,121.129,1,4004,54004,lowband_largesig_r01,prps,1339,-111,-0.932933,26,0,26,0.06806784,3.90000,prps,2,258
121149,121.149,1,4004,54004,lowband_largesig_r01,prps,1338,-112,-0.941865,37,0,37,0.09686577,5.55000,prps,2,262
121169,121.169,1,4004,54004,lowband_largesig_r01,prps,1346,-104,-0.876553,48,0,48,0.12566370,7.20000,prps,2,266
121189,121.189,1,4004,54004,lowband_largesig_r01,prps,1361,-89,-0.744909,54,0,54,0.14137166,8.10000,prps,2,270
121209,121.209,1,4004,54004,lowband_largesig_r01,prps,1383,-67,-0.562710,55,0,55,0.14398966,8.25000,prps,2,274
121229,121.229,1,4004,54004,lowband_largesig_r01,prps,1408,-42,-0.351430,53,0,53,0.13875367,7.95000,prps,2,278
121249,121.249,1,4004,54004,lowband_largesig_r01,prps,1434,-16,-0.135302,45,0,45,0.11780972,6.75000,prps,2,282
121269,121.269,1,4004,54004,lowband_largesig_r01,prps,1457,7,0.061952,34,0,34,0.08901179,5.10000,prps,2,286
121289,121.289,1,4004,54004,lowband_largesig_r01,prps,1476,26,0.220238,20,0,20,0.05235988,3.00000,prps,2,290
121309,121.309,1,4004,54004,lowband_largesig_r01,prps,1489,39,0.325568,5,0,5,0.01308997,0.75000,prps,2,294
121329,121.329,1,4004,54004,lowband_largesig_r01,prps,1494,44,0.371571,-8,0,-8,-0.02094395,-1.20000,prps,2,298
121349,121.349,1,4004,54004,lowband_largesig_r01,prps,1493,43,0.359818,-19,0,-19,-0.04974188,-2.85000,prps,2,302
121369,121.369,1,4004,54004,lowband_largesig_r01,prps,1486,36,0.298972,-26,0,-26,-0.06806784,-3.90000,prps,2,306
121389,121.389,1,4004,54004,lowband_largesig_r01,prps,1474,24,0.202942,-29,0,-29,-0.07592182,-4.35000,prps,2,310
121409,121.409,1,4004,54004,lowband_largesig_r01,prps,1461,11,0.088372,-28,0,-28,-0.07330382,-4.20000,prps,2,314
121429,121.429,1,4004,54004,lowband_largesig_r01,prps,1447,-3,-0.028098,-25,0,-25,-0.06544985,-3.75000,prps,2,318
121449,121.449,1,4004,54004,lowband_largesig_r01,prps,1434,-16,-0.132348,-20,0,-20,-0.05235988,-3.00000,prps,2,322
121469,121.469,1,4004,54004,lowband_largesig_r01,prps,1424,-26,-0.214681,-13,0,-13,-0.03403392,-1.95000,prps,2,326
121489,121.489,1,4004,54004,lowband_largesig_r01,prps,1418,-32,-0.270824,-5,0,-5,-0.01308997,-0.75000,prps,2,330
121509,121.509,1,4004,54004,lowband_largesig_r01,prps,1414,-36,-0.301925,2,0,2,0.00523599,0.30000,prps,2,334
121529,121.529,1,4004,54004,lowband_largesig_r01,prps,1413,-37,-0.313598,7,0,7,0.01832596,1.05000,prps,2,338
121549,121.549,1,4004,54004,lowband_largesig_r01,prps,1413,-37,-0.314246,11,0,11,0.02879793,1.65000,prps,2,342
121569,121.569,1,4004,54004,lowband_largesig_r01,prps,1413,-37,-0.312996,14,0,14,0.03665191,2.10000,prps,2,346
121589,121.589,1,4004,54004,lowband_largesig_r01,prps,1412,-38,-0.317647,14,0,14,0.03665191,2.10000,prps,2,350
121609,121.609,1,4004,54004,lowband_largesig_r01,prps,1410,-40,-0.333001,14,0,14,0.03665191,2.10000,prps,2,354
121629,121.629,1,4004,54004,lowband_largesig_r01,prps,1407,-43,-0.359884,14,0,14,0.03665191,2.10000,prps,2,358
121649,121.649,1,4004,54004,lowband_largesig_r01,prps,1403,-47,-0.395006,14,0,14,0.03665191,2.10000,prps,2,362
121669,121.669,1,4004,54004,lowband_largesig_r01,prps,1399,-51,-0.431677,15,0,15,0.03926991,2.25000,prps,2,366
121689,121.689,1,4004,54004,lowband_largesig_r01,prps,1395,-55,-0.461212,15,0,15,0.03926991,2.25000,prps,2,370
121709,121.709,1,4004,54004,lowband_largesig_r01,prps,1394,-56,-0.474758,16,0,16,0.04188790,2.40000,prps,2,374
121729,121.729,1,4004,54004,lowband_largesig_r01,prps,1395,-55,-0.465182,17,0,17,0.04450589,2.55000,prps,2,378
121749,121.749,1,4004,54004,lowband_largesig_r01,prps,1399,-51,-0.428659,19,0,19,0.04974188,2.85000,prps,2,382
121769,121.769,1,4004,54004,lowband_largesig_r01,prps,1406,-44,-0.365665,20,0,20,0.05235988,3.00000,prps,2,386
121789,121.789,1,4004,54004,lowband_largesig_r01,prps,1417,-33,-0.281172,20,0,20,0.05235988,3.00000,prps,2,390
121809,121.809,1,4004,54004,lowband_largesig_r01,prps,1428,-22,-0.184003,19,0,19,0.04974188,2.85000,prps,2,394
121829,121.829,1,4004,54004,lowband_largesig_r01,prps,1440,-10,-0.085456,17,0,17,0.04450589,2.55000,prps,2,398
121849,121.849,1,4004,54004,lowband_largesig_r01,prps,1450,0,0.002568,13,0,13,0.03403392,1.95000,prps,2,402
121869,121.869,1,4004,54004,lowband_largesig_r01,prps,1458,8,0.069589,8,0,8,0.02094395,1.20000,prps,2,406
121889,121.889,1,4004,54004,lowband_largesig_r01,prps,1463,13,0.108379,4,0,4,0.01047198,0.60000,prps,2,410
121909,121.909,1,4004,54004,lowband_largesig_r01,prps,1464,14,0.116255,0,0,0,0.00000000,0.00000,prps,2,414
121929,121.929,1,4004,54004,lowband_largesig_r01,prps,1461,11,0.095620,-3,0,-3,-0.00785398,-0.45000,prps,2,418
121949,121.949,1,4004,54004,lowband_largesig_r01,prps,1456,6,0.053617,-6,0,-6,-0.01570796,-0.90000,prps,2,422
121969,121.969,1,4004,54004,lowband_largesig_r01,prps,1450,0,0.000988,-6,0,-6,-0.01570796,-0.90000,prps,2,426
121989,121.989,1,4004,54004,lowband_largesig_r01,prps,1444,-6,-0.049708,-5,0,-5,-0.01308997,-0.75000,prps,2,430
122009,122.009,1,4004,54004,lowband_largesig_r01,prps,1440,-10,-0.086188,-5,0,-5,-0.01308997,-0.75000,prps,2,434
122029,122.029,1,4004,54004,lowband_largesig_r01,prps,1438,-12,-0.098505,-4,0,-4,-0.01047198,-0.60000,prps,2,438
122049,122.049,1,4004,54004,lowband_largesig_r01,prps,1440,-10,-0.080719,-3,0,-3,-0.00785398,-0.45000,prps,2,442
122069,122.069,1,4004,54004,lowband_largesig_r01,prps,1446,-4,-0.031902,-1,0,-1,-0.00261799,-0.15000,prps,2,446
122089,122.089,1,4004,54004,lowband_largesig_r01,prps,1455,5,0.043706,-1,0,-1,-0.00261799,-0.15000,prps,2,450
122109,122.109,1,4004,54004,lowband_largesig_r01,prps,1466,16,0.137395,-1,0,-1,-0.00261799,-0.15000,prps,2,454
122129,122.129,1,4004,54004,lowband_largesig_r01,prps,1478,28,0.237428,-1,0,-1,-0.00261799,-0.15000,prps,2,458
122149,122.149,1,4004,54004,lowband_largesig_r01,prps,1489,39,0.330972,-3,0,-3,-0.00785398,-0.45000,prps,2,462
122169,122.169,1,4004,54004,lowband_largesig_r01,prps,1498,48,0.406201,-7,0,-7,-0.01832596,-1.05000,prps,2,466
122189,122.189,1,4004,54004,lowband_largesig_r01,prps,1504,54,0.454204,-14,0,-14,-0.03665191,-2.10000,prps,2,470
122209,122.209,1,4004,54004,lowband_largesig_r01,prps,1506,56,0.470394,-22,0,-22,-0.05759586,-3.30000,prps,2,474
122229,122.229,1,4004,54004,lowband_largesig_r01,prps,1504,54,0.455203,-28,0,-28,-0.07330382,-4.20000,prps,2,478
122249,122.249,1,4004,54004,lowband_largesig_r01,prps,1499,49,0.413933,-32,0,-32,-0.08377580,-4.80000,prps,2,482
122269,122.269,1,4004,54004,lowband_largesig_r01,prps,1492,42,0.355844,-34,0,-34,-0.08901179,-5.10000,prps,2,486
122289,122.289,1,4004,54004,lowband_largesig_r01,prps,1485,35,0.292612,-33,0,-33,-0.08639380,-4.95000,prps,2,490
122309,122.309,1,4004,54004,lowband_largesig_r01,prps,1478,28,0.236451,-32,0,-32,-0.08377580,-4.80000,prps,2,494
122329,122.329,1,4004,54004,lowband_largesig_r01,prps,1474,24,0.198204,-30,0,-30,-0.07853982,-4.50000,prps,2,498
122349,122.349,1,4004,54004,lowband_largesig_r01,prps,1472,22,0.185708,-27,0,-27,-0.07068583,-4.05000,prps,2,502
122369,122.369,1,4004,54004,lowband_largesig_r01,prps,1474,24,0.202692,-26,0,-26,-0.06806784,-3.90000,prps,2,506
122389,122.389,1,4004,54004,lowband_largesig_r01,prps,1480,30,0.248359,-24,0,-24,-0.06283185,-3.60000,prps,2,510
122409,122.409,1,4004,54004,lowband_largesig_r01,prps,1488,38,0.317677,-23,0,-23,-0.06021386,-3.45000,prps,2,514
122429,122.429,1,4004,54004,lowband_largesig_r01,prps,1498,48,0.402306,-23,0,-23,-0.06021386,-3.45000,prps,2,518
122449,122.449,1,4004,54004,lowband_largesig_r01,prps,1509,59,0.491951,-23,0,-23,-0.06021386,-3.45000,prps,2,522
122469,122.469,1,4004,54004,lowband_largesig_r01,prps,1519,69,0.575918,-25,0,-25,-0.06544985,-3.75000,prps,2,526
122489,122.489,1,4004,54004,lowband_largesig_r01,prps,1527,77,0.644588,-29,0,-29,-0.07592182,-4.35000,prps,2,530
122509,122.509,1,4004,54004,lowband_largesig_r01,prps,1532,82,0.690595,-34,0,-34,-0.08901179,-5.10000,prps,2,534
122529,122.529,1,4004,54004,lowband_largesig_r01,prps,1534,84,0.709541,-40,0,-40,-0.10471976,-6.00000,prps,2,538
122549,122.549,1,4004,54004,lowband_largesig_r01,prps,1533,83,0.700180,-45,0,-45,-0.11780972,-6.75000,prps,2,542
122569,122.569,1,4004,54004,lowband_largesig_r01,prps,1529,79,0.664119,-49,0,-49,-0.12828170,-7.35000,prps,2,546
122589,122.589,1,4004,54004,lowband_largesig_r01,prps,1522,72,0.605138,-50,0,-50,-0.13089970,-7.50000,prps,2,550
122609,122.609,1,4004,54004,lowband_largesig_r01,prps,1513,63,0.528322,-50,0,-50,-0.13089970,-7.50000,prps,2,554
122629,122.629,1,4004,54004,lowband_largesig_r01,prps,1502,52,0.439191,-49,0,-49,-0.12828170,-7.35000,prps,2,558
122649,122.649,1,4004,54004,lowband_largesig_r01,prps,1491,41,0.342991,-47,0,-47,-0.12304571,-7.05000,prps,2,562
122669,122.669,1,4004,54004,lowband_largesig_r01,prps,1479,29,0.244278,-43,0,-43,-0.11257374,-6.45000,prps,2,566
122689,122.689,1,4004,54004,lowband_largesig_r01,prps,1467,17,0.146818,-38,0,-38,-0.09948376,-5.70000,prps,2,570
122709,122.709,1,4004,54004,lowband_largesig_r01,prps,1456,6,0.053761,-32,0,-32,-0.08377580,-4.80000,prps,2,574
122729,122.729,1,4004,54004,lowband_largesig_r01,prps,1446,-4,-0.032003,-25,0,-25,-0.06544985,-3.75000,prps,2,578
122749,122.749,1,4004,54004,lowband_largesig_r01,prps,1437,-13,-0.107484,-18,0,-18,-0.04712389,-2.70000,prps,2,582
122769,122.769,1,4004,54004,lowband_largesig_r01,prps,1430,-20,-0.169342,-12,0,-12,-0.03141592,-1.80000,prps,2,586
122789,122.789,1,4004,54004,lowband_largesig_r01,prps,1425,-25,-0.213905,-5,0,-5,-0.01308997,-0.75000,prps,2,590
122809,122.809,1,4004,54004,lowband_largesig_r01,prps,1422,-28,-0.237466,0,0,0,0.00000000,0.00000,prps,2,594
122829,122.829,1,4004,54004,lowband_largesig_r01,prps,1422,-28,-0.236880,5,0,5,0.01308997,0.75000,prps,2,598
122849,122.849,1,4004,54004,lowband_largesig_r01,prps,1425,-25,-0.210317,7,0,7,0.01832596,1.05000,prps,2,602
122869,122.869,1,4004,54004,lowband_largesig_r01,prps,1431,-19,-0.158039,7,0,7,0.01832596,1.05000,prps,2,606
122889,122.889,1,4004,54004,lowband_largesig_r01,prps,1440,-10,-0.082997,7,0,7,0.01832596,1.05000,prps,2,610
122909,122.909,1,4004,54004,lowband_largesig_r01,prps,1451,1,0.008937,7,0,7,0.01832596,1.05000,prps,2,614
122929,122.929,1,4004,54004,lowband_largesig_r01,prps,1463,13,0.109206,6,0,6,0.01570796,0.90000,prps,2,618
122949,122.949,1,4004,54004,lowband_largesig_r01,prps,1475,25,0.207338,3,0,3,0.00785398,0.45000,prps,2,622
122969,122.969,1,4004,54004,lowband_largesig_r01,prps,1485,35,0.292174,-2,0,-2,-0.00523599,-0.30000,prps,2,626
122989,122.989,1,4004,54004,lowband_largesig_r01,prps,1492,42,0.353405,-7,0,-7,-0.01832596,-1.05000,prps,2,630
123009,123.009,1,4004,54004,lowband_largesig_r01,prps,1496,46,0.383161,-12,0,-12,-0.03141592,-1.80000,prps,2,634
123029,123.029,1,4004,54004,lowband_largesig_r01,prps,1495,45,0.377411,-19,0,-19,-0.04974188,-2.85000,prps,2,638
123049,123.049,1,4004,54004,lowband_largesig_r01,prps,1490,40,0.336873,-24,0,-24,-0.06283185,-3.60000,prps,2,642
123069,123.069,1,4004,54004,lowband_largesig_r01,prps,1482,32,0.267251,-28,0,-28,-0.07330382,-4.20000,prps,2,646
123089,123.089,1,4004,54004,lowband_largesig_r01,prps,1471,21,0.178700,-28,0,-28,-0.07330382,-4.20000,prps,2,650
123109,123.109,1,4004,54004,lowband_largesig_r01,prps,1460,10,0.084532,-26,0,-26,-0.06806784,-3.90000,prps,2,654
123129,123.129,1,4004,54004,lowband_largesig_r01,prps,1450,0,-0.000662,-25,0,-25,-0.06544985,-3.75000,prps,2,658
123149,123.149,1,4004,54004,lowband_largesig_r01,prps,1442,-8,-0.063212,-20,0,-20,-0.05235988,-3.00000,prps,2,662
123169,123.169,1,4004,54004,lowband_largesig_r01,prps,1439,-11,-0.092539,-14,0,-14,-0.03665191,-2.10000,prps,2,666
123189,123.189,1,4004,54004,lowband_largesig_r01,prps,1440,-10,-0.082942,-9,0,-9,-0.02356194,-1.35000,prps,2,670
123209,123.209,1,4004,54004,lowband_largesig_r01,prps,1446,-4,-0.034685,-4,0,-4,-0.01047198,-0.60000,prps,2,674
123229,123.229,1,4004,54004,lowband_largesig_r01,prps,1455,5,0.045823,0,0,0,0.00000000,0.00000,prps,2,678
123249,123.249,1,4004,54004,lowband_largesig_r01,prps,1467,17,0.146820,0,0,0,0.00000000,0.00000,prps,2,682
123269,123.269,1,4004,54004,lowband_largesig_r01,prps,1480,30,0.252870,-2,0,-2,-0.00523599,-0.30000,prps,2,686
123289,123.289,1,4004,54004,lowband_largesig_r01,prps,1491,41,0.347177,-5,0,-5,-0.01308997,-0.75000,prps,2,690
123309,123.309,1,4004,54004,lowband_largesig_r01,prps,1499,49,0.414173,-10,0,-10,-0.02617994,-1.50000,prps,2,694
123329,123.329,1,4004,54004,lowband_largesig_r01,prps,1503,53,0.441982,-16,0,-16,-0.04188790,-2.40000,prps,2,698
123349,123.349,1,4004,54004,lowband_largesig_r01,prps,1500,50,0.424329,-24,0,-24,-0.06283185,-3.60000,prps,2,702
123369,123.369,1,4004,54004,lowband_largesig_r01,prps,1493,43,0.361596,-29,0,-29,-0.07592182,-4.35000,prps,2,706
123389,123.389,1,4004,54004,lowband_largesig_r01,prps,1481,31,0.260814,-32,0,-32,-0.08377580,-4.80000,prps,2,710
123409,123.409,1,4004,54004,lowband_largesig_r01,prps,1466,16,0.134590,-32,0,-32,-0.08377580,-4.80000,prps,2,714
123429,123.429,1,4004,54004,lowband_largesig_r01,prps,1450,0,-0.000880,-29,0,-29,-0.07592182,-4.35000,prps,2,718
123449,123.449,1,4004,54004,lowband_largesig_r01,prps,1435,-15,-0.128397,-24,0,-24,-0.06283185,-3.60000,prps,2,722
123469,123.469,1,4004,54004,lowband_largesig_r01,prps,1422,-28,-0.232516,-16,0,-16,-0.04188790,-2.40000,prps,2,726
123489,123.489,1,4004,54004,lowband_largesig_r01,prps,1414,-36,-0.302034,-8,0,-8,-0.02094395,-1.20000,prps,2,730
123509,123.509,1,4004,54004,lowband_largesig_r01,prps,1411,-39,-0.331783,2,0,2,0.00523599,0.30000,prps,2,734
123529,123.529,1,4004,54004,lowband_largesig_r01,prps,1412,-38,-0.323430,9,0,9,0.02356194,1.35000,prps,2,738
123549,123.549,1,4004,54004,lowband_largesig_r01,prps,1416,-34,-0.285139,14,0,14,0.03665191,2.10000,prps,2,742
123569,123.569,1,4004,54004,lowband_largesig_r01,prps,1423,-27,-0.230151,16,0,16,0.04188790,2.40000,prps,2,746
123589,123.589,1,4004,54004,lowband_largesig_r01,prps,1429,-21,-0.174497,15,0,15,0.03926991,2.25000,prps,2,750
123609,123.609,1,4004,54004,lowband_largesig_r01,prps,1434,-16,-0.134233,12,0,12,0.03141592,1.80000,prps,2,754
123629,123.629,1,4004,54004,lowband_largesig_r01,prps,1435,-15,-0.122642,8,0,8,0.02094395,1.20000,prps,2,758
123649,123.649,1,4004,54004,lowband_largesig_r01,prps,1432,-18,-0.147879,6,0,6,0.01570796,0.90000,prps,2,762
123669,123.669,1,4004,54004,lowband_largesig_r01,prps,1425,-25,-0.211457,5,0,5,0.01308997,0.75000,prps,2,766
123689,123.689,1,4004,54004,lowband_largesig_r01,prps,1413,-37,-0.307820,5,0,5,0.01308997,0.75000,prps,2,770
123709,123.709,1,4004,54004,lowband_largesig_r01,prps,1399,-51,-0.425095,7,0,7,0.01832596,1.05000,prps,2,774
123729,123.729,1,4004,54004,lowband_largesig_r01,prps,1385,-65,-0.546906,10,0,10,0.02617994,1.50000,prps,2,778
123749,123.749,1,4004,54004,lowband_largesig_r01,prps,1372,-78,-0.654951,15,0,15,0.03926991,2.25000,prps,2,782
123769,123.769,1,4004,54004,lowband_largesig_r01,prps,1363,-87,-0.731933,20,0,20,0.05235988,3.00000,prps,2,786
123789,123.789,1,4004,54004,lowband_largesig_r01,prps,1359,-91,-0.764358,26,0,26,0.06806784,3.90000,prps,2,790
123809,123.809,1,4004,54004,lowband_largesig_r01,prps,1361,-89,-0.744758,32,0,32,0.08377580,4.80000,prps,2,794
123829,123.829,1,4004,54004,lowband_largesig_r01,prps,1370,-80,-0.672967,37,0,37,0.09686577,5.55000,prps,2,798
123849,123.849,1,4004,54004,lowband_largesig_r01,prps,1384,-66,-0.556248,39,0,39,0.10210176,5.85000,prps,2,802
123869,123.869,1,4004,54004,lowband_largesig_r01,prps,1401,-49,-0.408265,39,0,39,0.10210176,5.85000,prps,2,806
123889,123.889,1,4004,54004,lowband_largesig_r01,prps,1421,-29,-0.247050,38,0,38,0.09948376,5.70000,prps,2,810
123909,123.909,1,4004,54004,lowband_largesig_r01,prps,1439,-11,-0.092327,33,0,33,0.08639380,4.95000,prps,2,814
123929,123.929,1,4004,54004,lowband_largesig_r01,prps,1454,4,0.037409,23,0,23,0.06021386,3.45000,prps,2,818
123949,123.949,1,4004,54004,lowband_largesig_r01,prps,1465,15,0.127564,12,0,12,0.03141592,1.80000,prps,2,822
123969,123.969,1,4004,54004,lowband_largesig_r01,prps,1470,20,0.169468,2,0,2,0.00523599,0.30000,prps,2,826
123989,123.989,1,4004,54004,lowband_largesig_r01,prps,1469,19,0.161448,-6,0,-6,-0.01570796,-0.90000,prps,2,830
124009,124.009,1,4004,54004,lowband_largesig_r01,prps,1463,13,0.108799,-9,0,-9,-0.02356194,-1.35000,prps,2,834
124029,124.029,1,4004,54004,lowband_largesig_r01,prps,1453,3,0.022703,-12,0,-12,-0.03141592,-1.80000,prps,2,838
124049,124.049,1,4004,54004,lowband_largesig_r01,prps,1440,-10,-0.081706,-12,0,-12,-0.03141592,-1.80000,prps,2,842
124069,124.069,1,4004,54004,lowband_largesig_r01,prps,1428,-22,-0.187773,-10,0,-10,-0.02617994,-1.50000,prps,2,846
124089,124.089,1,4004,54004,lowband_largesig_r01,prps,1417,-33,-0.279864,-5,0,-5,-0.01308997,-0.75000,prps,2,850
124109,124.109,1,4004,54004,lowband_largesig_r01,prps,1409,-41,-0.345588,1,0,1,0.00261799,0.15000,prps,2,854
124129,124.129,1,4004,54004,lowband_largesig_r01,prps,1405,-45,-0.377376,7,0,7,0.01832596,1.05000,prps,2,858
124149,124.149,1,4004,54004,lowband_largesig_r01,prps,1406,-44,-0.373189,11,0,11,0.02879793,1.65000,prps,2,862
124169,124.169,1,4004,54004,lowband_largesig_r01,prps,1410,-40,-0.336300,15,0,15,0.03926991,2.25000,prps,2,866
124189,124.189,1,4004,54004,lowband_largesig_r01,prps,1417,-33,-0.274240,15,0,15,0.03926991,2.25000,prps,2,870
124209,124.209,1,4004,54004,lowband_largesig_r01,prps,1427,-23,-0.197148,15,0,15,0.03926991,2.25000,prps,2,874
124229,124.229,1,4004,54004,lowband_largesig_r01,prps,1436,-14,-0.115850,14,0,14,0.03665191,2.10000,prps,2,878
124249,124.249,1,4004,54004,lowband_largesig_r01,prps,1445,-5,-0.040002,12,0,12,0.03141592,1.80000,prps,2,882
124269,124.269,1,4004,54004,lowband_largesig_r01,prps,1453,3,0.023352,10,0,10,0.02617994,1.50000,prps,2,886
124289,124.289,1,4004,54004,lowband_largesig_r01,prps,1458,8,0.070617,6,0,6,0.01570796,0.90000,prps,2,890
124309,124.309,1,4004,54004,lowband_largesig_r01,prps,1462,12,0.101737,2,0,2,0.00523599,0.30000,prps,2,894
124329,124.329,1,4004,54004,lowband_largesig_r01,prps,1464,14,0.119601,-1,0,-1,-0.00261799,-0.15000,prps,2,898
124349,124.349,1,4004,54004,lowband_largesig_r01,prps,1465,15,0.128913,-3,0,-3,-0.00785398,-0.45000,prps,2,902
124369,124.369,1,4004,54004,lowband_largesig_r01,prps,1466,16,0.134787,-6,0,-6,-0.01570796,-0.90000,prps,2,906
124389,124.389,1,4004,54004,lowband_largesig_r01,prps,1467,17,0.141370,-9,0,-9,-0.02356194,-1.35000,prps,2,910
124409,124.409,1,4004,54004,lowband_largesig_r01,prps,1468,18,0.150758,-10,0,-10,-0.02617994,-1.50000,prps,2,914
124429,124.429,1,4004,54004,lowband_largesig_r01,prps,1469,19,0.162449,-11,0,-11,-0.02879793,-1.65000,prps,2,918
124449,124.449,1,4004,54004,lowband_largesig_r01,prps,1471,21,0.173407,-11,0,-11,-0.02879793,-1.65000,prps,2,922
124469,124.469,1,4004,54004,lowband_largesig_r01,prps,1471,21,0.178742,-11,0,-11,-0.02879793,-1.65000,prps,2,926
124489,124.489,1,4004,54004,lowband_largesig_r01,prps,1471,21,0.172854,-11,0,-11,-0.02879793,-1.65000,prps,2,930
124509,124.509,1,4004,54004,lowband_largesig_r01,prps,1468,18,0.150823,-11,0,-11,-0.02879793,-1.65000,prps,2,934
124529,124.529,1,4004,54004,lowband_largesig_r01,prps,1463,13,0.109737,-11,0,-11,-0.02879793,-1.65000,prps,2,938
124561,124.561,1,4004,54004,lowband_largesig_r01,prps,1456,6,0.049724,-11,0,-11,-0.02879793,-1.65000,prps,2,942
124581,124.581,1,4004,54004,lowband_largesig_r01,prps,1447,-3,-0.025571,-11,0,-11,-0.02879793,-1.65000,prps,2,946
124601,124.601,1,4004,54004,lowband_largesig_r01,prps,1437,-13,-0.109158,-11,0,-11,-0.02879793,-1.65000,prps,2,950
124621,124.621,1,4004,54004,lowband_largesig_r01,prps,1427,-23,-0.191522,-9,0,-9,-0.02356194,-1.35000,prps,2,954
124641,124.641,1,4004,54004,lowband_largesig_r01,prps,1419,-31,-0.261979,-4,0,-4,-0.01047198,-0.60000,prps,2,958
124661,124.661,1,4004,54004,lowband_largesig_r01,prps,1413,-37,-0.310339,1,0,1,0.00261799,0.15000,prps,2,962
124681,124.681,1,4004,54004,lowband_largesig_r01,prps,1411,-39,-0.328583,6,0,6,0.01570796,0.90000,prps,2,966
124701,124.701,1,4004,54004,lowband_largesig_r01,prps,1413,-37,-0.312276,10,0,10,0.02617994,1.50000,prps,2,970
124721,124.721,1,4004,54004,lowband_largesig_r01,prps,1419,-31,-0.261453,13,0,13,0.03403392,1.95000,prps,2,974
124741,124.741,1,4004,54004,lowband_largesig_r01,prps,1428,-22,-0.180829,14,0,14,0.03665191,2.10000,prps,2,978
124761,124.761,1,4004,54004,lowband_largesig_r01,prps,1441,-9,-0.079271,13,0,13,0.03403392,1.95000,prps,2,982
124781,124.781,1,4004,54004,lowband_largesig_r01,prps,1454,4,0.031370,11,0,11,0.02879793,1.65000,prps,2,986
124801,124.801,1,4004,54004,lowband_largesig_r01,prps,1466,16,0.137904,6,0,6,0.01570796,0.90000,prps,2,990
124821,124.821,1,4004,54004,lowband_largesig_r01,prps,1477,27,0.227633,1,0,1,0.00261799,0.15000,prps,2,994
124841,124.841,1,4004,54004,lowband_largesig_r01,prps,1485,35,0.290099,-3,0,-3,-0.00785398,-0.45000,prps,2,998
124861,124.861,1,4004,54004,lowband_largesig_r01,prps,1488,38,0.318460,-9,0,-9,-0.02356194,-1.35000,prps,2,1002
124881,124.881,1,4004,54004,lowband_largesig_r01,prps,1487,37,0.310297,-14,0,-14,-0.03665191,-2.10000,prps,2,1006
124901,124.901,1,4004,54004,lowband_largesig_r01,prps,1482,32,0.267750,-19,0,-19,-0.04974188,-2.85000,prps,2,1010
124921,124.921,1,4004,54004,lowband_largesig_r01,prps,1473,23,0.196988,-23,0,-23,-0.06021386,-3.45000,prps,2,1014
124941,124.941,1,4004,54004,lowband_largesig_r01,prps,1463,13,0.107139,-24,0,-24,-0.06283185,-3.60000,prps,2,1018
124961,124.961,1,4004,54004,lowband_largesig_r01,prps,1451,1,0.008880,-23,0,-23,-0.06021386,-3.45000,prps,2,1022
124981,124.981,1,4004,54004,lowband_largesig_r01,prps,1440,-10,-0.087059,-21,0,-21,-0.05497787,-3.15000,prps,2,1026
125001,125.001,1,4004,54004,lowband_largesig_r01,prps,1430,-20,-0.171236,-14,0,-14,-0.03665191,-2.10000,prps,2,1030
125021,125.021,1,4004,54004,lowband_largesig_r01,prps,1422,-28,-0.236478,-8,0,-8,-0.02094395,-1.20000,prps,2,1034
125041,125.041,1,4004,54004,lowband_largesig_r01,prps,1417,-33,-0.278388,-1,0,-1,-0.00261799,-0.15000,prps,2,1038
125061,125.061,1,4004,54004,lowband_largesig_r01,prps,1415,-35,-0.295343,5,0,5,0.01308997,0.75000,prps,2,1042
125081,125.081,1,4004,54004,lowband_largesig_r01,prps,1416,-34,-0.288063,9,0,9,0.02356194,1.35000,prps,2,1046
125101,125.101,1,4004,54004,lowband_largesig_r01,prps,1419,-31,-0.258900,11,0,11,0.02879793,1.65000,prps,2,1050
125121,125.121,1,4004,54004,lowband_largesig_r01,prps,1425,-25,-0.211027,12,0,12,0.03141592,1.80000,prps,2,1054
125141,125.141,1,4004,54004,lowband_largesig_r01,prps,1432,-18,-0.147729,12,0,12,0.03141592,1.80000,prps,2,1058
125161,125.161,1,4004,54004,lowband_largesig_r01,prps,1441,-9,-0.071939,12,0,12,0.03141592,1.80000,prps,2,1062
125181,125.181,1,4004,54004,lowband_largesig_r01,prps,1452,2,0.013895,11,0,11,0.02879793,1.65000,prps,2,1066
125201,125.201,1,4004,54004,lowband_largesig_r01,prps,1463,13,0.107606,7,0,7,0.01832596,1.05000,prps,2,1070
125221,125.221,1,4004,54004,lowband_largesig_r01,prps,1475,25,0.206869,2,0,2,0.00523599,0.30000,prps,2,1074
125241,125.241,1,4004,54004,lowband_largesig_r01,prps,1487,37,0.308658,-3,0,-3,-0.00785398,-0.45000,prps,2,1078
125261,125.261,1,4004,54004,lowband_largesig_r01,prps,1499,49,0.408793,-8,0,-8,-0.02094395,-1.20000,prps,2,1082
125281,125.281,1,4004,54004,lowband_largesig_r01,prps,1510,60,0.501736,-15,0,-15,-0.03926991,-2.25000,prps,2,1086
125301,125.301,1,4004,54004,lowband_largesig_r01,prps,1519,69,0.580746,-23,0,-23,-0.06021386,-3.45000,prps,2,1090
125321,125.321,1,4004,54004,lowband_largesig_r01,prps,1526,76,0.638458,-31,0,-31,-0.08115781,-4.65000,prps,2,1094
125341,125.341,1,4004,54004,lowband_largesig_r01,prps,1529,79,0.667806,-37,0,-37,-0.09686577,-5.55000,prps,2,1098
125361,125.361,1,4004,54004,lowband_largesig_r01,prps,1529,79,0.663155,-44,0,-44,-0.11519173,-6.60000,prps,2,1102
125381,125.381,1,4004,54004,lowband_largesig_r01,prps,1524,74,0.621443,-48,0,-48,-0.12566370,-7.20000,prps,2,1106
125401,125.401,1,4004,54004,lowband_largesig_r01,prps,1515,65,0.543087,-49,0,-49,-0.12828170,-7.35000,prps,2,1110
125421,125.421,1,4004,54004,lowband_largesig_r01,prps,1501,51,0.432445,-48,0,-48,-0.12566370,-7.20000,prps,2,1114
125441,125.441,1,4004,54004,lowband_largesig_r01,prps,1485,35,0.297680,-47,0,-47,-0.12304571,-7.05000,prps,2,1118
125461,125.461,1,4004,54004,lowband_largesig_r01,prps,1468,18,0.149979,-43,0,-43,-0.11257374,-6.45000,prps,2,1122
125481,125.481,1,4004,54004,lowband_largesig_r01,prps,1450,0,0.002198,-35,0,-35,-0.09162979,-5.25000,prps,2,1126
125501,125.501,1,4004,54004,lowband_largesig_r01,prps,1434,-16,-0.132892,-27,0,-27,-0.07068583,-4.05000,prps,2,1130
125521,125.521,1,4004,54004,lowband_largesig_r01,prps,1421,-29,-0.244477,-16,0,-16,-0.04188790,-2.40000,prps,2,1134
125541,125.541,1,4004,54004,lowband_largesig_r01,prps,1411,-39,-0.325388,-6,0,-6,-0.01570796,-0.90000,prps,2,1138
125561,125.561,1,4004,54004,lowband_largesig_r01,prps,1406,-44,-0.373283,4,0,4,0.01047198,0.60000,prps,2,1142
125581,125.581,1,4004,54004,lowband_largesig_r01,prps,1403,-47,-0.391090,12,0,12,0.03141592,1.80000,prps,2,1146
125601,125.601,1,4004,54004,lowband_largesig_r01,prps,1404,-46,-0.386598,16,0,16,0.04188790,2.40000,prps,2,1150
125621,125.621,1,4004,54004,lowband_largesig_r01,prps,1406,-44,-0.371194,18,0,18,0.04712389,2.70000,prps,2,1154
125641,125.641,1,4004,54004,lowband_largesig_r01,prps,1407,-43,-0.357920,18,0,18,0.04712389,2.70000,prps,2,1158
125661,125.661,1,4004,54004,lowband_largesig_r01,prps,1407,-43,-0.359156,17,0,17,0.04450589,2.55000,prps,2,1162
125681,125.681,1,4004,54004,lowband_largesig_r01,prps,1404,-46,-0.384284,17,0,17,0.04450589,2.55000,prps,2,1166
125701,125.701,1,4004,54004,lowband_largesig_r01,prps,1398,-52,-0.437746,17,0,17,0.04450589,2.55000,prps,2,1170
125721,125.721,1,4004,54004,lowband_largesig_r01,prps,1388,-62,-0.517840,18,0,18,0.04712389,2.70000,prps,2,1174
125741,125.741,1,4004,54004,lowband_largesig_r01,prps,1377,-73,-0.616505,20,0,20,0.05235988,3.00000,prps,2,1178
125761,125.761,1,4004,54004,lowband_largesig_r01,prps,1364,-86,-0.720173,23,0,23,0.06021386,3.45000,prps,2,1182
125781,125.781,1,4004,54004,lowband_largesig_r01,prps,1353,-97,-0.811607,27,0,27,0.07068583,4.05000,prps,2,1186
125801,125.801,1,4004,54004,lowband_largesig_r01,prps,1346,-104,-0.872472,33,0,33,0.08639380,4.95000,prps,2,1190
125821,125.821,1,4004,54004,lowband_largesig_r01,prps,1345,-105,-0.886238,39,0,39,0.10210176,5.85000,prps,2,1194
125841,125.841,1,4004,54004,lowband_largesig_r01,prps,1350,-100,-0.840978,46,0,46,0.12042772,6.90000,prps,2,1198
125861,125.861,1,4004,54004,lowband_largesig_r01,prps,1363,-87,-0.731582,50,0,50,0.13089970,7.50000,prps,2,1202
125881,125.881,1,4004,54004,lowband_largesig_r01,prps,1383,-67,-0.561030,50,0,50,0.13089970,7.50000,prps,2,1206
125901,125.901,1,4004,54004,lowband_largesig_r01,prps,1409,-41,-0.340478,48,0,48,0.12566370,7.20000,prps,2,1210
125921,125.921,1,4004,54004,lowband_largesig_r01,prps,1440,-10,-0.088104,42,0,42,0.10995574,6.30000,prps,2,1214
125941,125.941,1,4004,54004,lowband_largesig_r01,prps,1471,21,0.173120,31,0,31,0.08115781,4.65000,prps,2,1218
125961,125.961,1,4004,54004,lowband_largesig_r01,prps,1500,50,0.418442,16,0,16,0.04188790,2.40000,prps,2,1222
125981,125.981,1,4004,54004,lowband_largesig_r01,prps,1524,74,0.624643,-1,0,-1,-0.00261799,-0.15000,prps,2,1226
126001,126.001,1,4004,54004,lowband_largesig_r01,prps,1542,92,0.773175,-17,0,-17,-0.04450589,-2.55000,prps,2,1230
126021,126.021,1,4004,54004,lowband_largesig_r01,prps,1551,101,0.852628,-32,0,-32,-0.08377580,-4.80000,prps,2,1234
126041,126.041,1,4004,54004,lowband_largesig_r01,prps,1552,102,0.860157,-48,0,-48,-0.12566370,-7.20000,prps,2,1238
126061,126.061,1,4004,54004,lowband_largesig_r01,prps,1545,95,0.801654,-57,0,-57,-0.14922565,-8.55000,prps,2,1242
126081,126.081,1,4004,54004,lowband_largesig_r01,prps,1532,82,0.690651,-60,0,-60,-0.15707964,-9.00000,prps,2,1246
126101,126.101,1,4004,54004,lowband_largesig_r01,prps,1515,65,0.546143,-59,0,-59,-0.15446164,-8.85000,prps,2,1250
126121,126.121,1,4004,54004,lowband_largesig_r01,prps,1496,46,0.389672,-57,0,-57,-0.14922565,-8.55000,prps,2,1254
126141,126.141,1,4004,54004,lowband_largesig_r01,prps,1479,29,0.242160,-51,0,-51,-0.13351768,-7.65000,prps,2,1258
126161,126.161,1,4004,54004,lowband_largesig_r01,prps,1464,14,0.120959,-43,0,-43,-0.11257374,-6.45000,prps,2,1262
126181,126.181,1,4004,54004,lowband_largesig_r01,prps,1454,4,0.037593,-34,0,-34,-0.08901179,-5.10000,prps,2,1266
126201,126.201,1,4004,54004,lowband_largesig_r01,prps,1450,0,-0.003484,-25,0,-25,-0.06544985,-3.75000,prps,2,1270
126221,126.221,1,4004,54004,lowband_largesig_r01,prps,1449,-1,-0.004956,-15,0,-15,-0.03926991,-2.25000,prps,2,1274
126241,126.241,1,4004,54004,lowband_largesig_r01,prps,1453,3,0.024422,-9,0,-9,-0.02356194,-1.35000,prps,2,1278
126261,126.261,1,4004,54004,lowband_largesig_r01,prps,1459,9,0.071820,-6,0,-6,-0.01570796,-0.90000,prps,2,1282
126281,126.281,1,4004,54004,lowband_largesig_r01,prps,1465,15,0.122884,-5,0,-5,-0.01308997,-0.75000,prps,2,1286
126301,126.301,1,4004,54004,lowband_largesig_r01,prps,1470,20,0.164394,-6,0,-6,-0.01570796,-0.90000,prps,2,1290
126321,126.321,1,4004,54004,lowband_largesig_r01,prps,1472,22,0.186589,-6,0,-6,-0.01570796,-0.90000,prps,2,1294
126341,126.341,1,4004,54004,lowband_largesig_r01,prps,1472,22,0.184773,-7,0,-7,-0.01832596,-1.05000,prps,2,1298
126361,126.361,1,4004,54004,lowband_largesig_r01,prps,1469,19,0.159953,-10,0,-10,-0.02617994,-1.50000,prps,2,1302
126381,126.381,1,4004,54004,lowband_largesig_r01,prps,1464,14,0.118439,-12,0,-12,-0.03141592,-1.80000,prps,2,1306
126401,126.401,1,4004,54004,lowband_largesig_r01,prps,1458,8,0.070498,-14,0,-14,-0.03665191,-2.10000,prps,2,1310
126421,126.421,1,4004,54004,lowband_largesig_r01,prps,1453,3,0.028342,-14,0,-14,-0.03665191,-2.10000,prps,2,1314
126441,126.441,1,4004,54004,lowband_largesig_r01,prps,1450,0,0.003789,-13,0,-13,-0.03403392,-1.95000,prps,2,1318
126461,126.461,1,4004,54004,lowband_largesig_r01,prps,1451,1,0.006048,-11,0,-11,-0.02879793,-1.65000,prps,2,1322
126481,126.481,1,4004,54004,lowband_largesig_r01,prps,1455,5,0.039978,-9,0,-9,-0.02356194,-1.35000,prps,2,1326
126501,126.501,1,4004,54004,lowband_largesig_r01,prps,1463,13,0.105138,-7,0,-7,-0.01832596,-1.05000,prps,2,1330
126521,126.521,1,4004,54004,lowband_largesig_r01,prps,1473,23,0.195761,-7,0,-7,-0.01832596,-1.05000,prps,2,1334
126541,126.541,1,4004,54004,lowband_largesig_r01,prps,1486,36,0.301652,-7,0,-7,-0.01832596,-1.05000,prps,2,1338
126561,126.561,1,4004,54004,lowband_largesig_r01,prps,1499,49,0.409830,-9,0,-9,-0.02356194,-1.35000,prps,2,1342
126581,126.581,1,4004,54004,lowband_largesig_r01,prps,1510,60,0.506624,-15,0,-15,-0.03926991,-2.25000,prps,2,1346
126601,126.601,1,4004,54004,lowband_largesig_r01,prps,1519,69,0.579856,-22,0,-22,-0.05759586,-3.30000,prps,2,1350
126621,126.621,1,4004,54004,lowband_largesig_r01,prps,1524,74,0.620740,-30,0,-30,-0.07853982,-4.50000,prps,2,1354
126641,126.641,1,4004,54004,lowband_largesig_r01,prps,1524,74,0.625192,-36,0,-36,-0.09424778,-5.40000,prps,2,1358
126661,126.661,1,4004,54004,lowband_largesig_r01,prps,1521,71,0.594334,-42,0,-42,-0.10995574,-6.30000,prps,2,1362
126681,126.681,1,4004,54004,lowband_largesig_r01,prps,1514,64,0.534153,-46,0,-46,-0.12042772,-6.90000,prps,2,1366
126701,126.701,1,4004,54004,lowband_largesig_r01,prps,1504,54,0.454374,-46,0,-46,-0.12042772,-6.90000,prps,2,1370
126721,126.721,1,4004,54004,lowband_largesig_r01,prps,1494,44,0.366799,-45,0,-45,-0.11780972,-6.75000,prps,2,1374
126741,126.741,1,4004,54004,lowband_largesig_r01,prps,1484,34,0.283376,-42,0,-42,-0.10995574,-6.30000,prps,2,1378
126761,126.761,1,4004,54004,lowband_largesig_r01,prps,1476,26,0.214363,-37,0,-37,-0.09686577,-5.55000,prps,2,1382
126781,126.781,1,4004,54004,lowband_largesig_r01,prps,1470,20,0.166862,-32,0,-32,-0.08377580,-4.80000,prps,2,1386
126801,126.801,1,4004,54004,lowband_largesig_r01,prps,1467,17,0.143979,-27,0,-27,-0.07068583,-4.05000,prps,2,1390
126821,126.821,1,4004,54004,lowband_largesig_r01,prps,1467,17,0.144688,-23,0,-23,-0.06021386,-3.45000,prps,2,1394
126841,126.841,1,4004,54004,lowband_largesig_r01,prps,1470,20,0.164391,-20,0,-20,-0.05235988,-3.00000,prps,2,1398
126861,126.861,1,4004,54004,lowband_largesig_r01,prps,1473,23,0.196037,-19,0,-19,-0.04974188,-2.85000,prps,2,1402
126881,126.881,1,4004,54004,lowband_largesig_r01,prps,1478,28,0.231546,-19,0,-19,-0.04974188,-2.85000,prps,2,1406
126901,126.901,1,4004,54004,lowband_largesig_r01,prps,1481,31,0.263281,-19,0,-19,-0.04974188,-2.85000,prps,2,1410
126921,126.921,1,4004,54004,lowband_largesig_r01,prps,1484,34,0.285286,-19,0,-19,-0.04974188,-2.85000,prps,2,1414
126941,126.941,1,4004,54004,lowband_largesig_r01,prps,1485,35,0.294087,-19,0,-19,-0.04974188,-2.85000,prps,2,1418
126961,126.961,1,4004,54004,lowband_largesig_r01,prps,1484,34,0.288934,-19,0,-19,-0.04974188,-2.85000,prps,2,1422
126981,126.981,1,4004,54004,lowband_largesig_r01,prps,1482,32,0.271478,-20,0,-20,-0.05235988,-3.00000,prps,2,1426
127001,127.001,1,4004,54004,lowband_largesig_r01,prps,1479,29,0.245004,-21,0,-21,-0.05497787,-3.15000,prps,2,1430
127021,127.021,1,4004,54004,lowband_largesig_r01,prps,1475,25,0.213379,-21,0,-21,-0.05497787,-3.15000,prps,2,1434
127041,127.041,1,4004,54004,lowband_largesig_r01,prps,1471,21,0.179978,-21,0,-21,-0.05497787,-3.15000,prps,2,1438
127061,127.061,1,4004,54004,lowband_largesig_r01,prps,1467,17,0.146805,-21,0,-21,-0.05497787,-3.15000,prps,2,1442
127081,127.081,1,4004,54004,lowband_largesig_r01,prps,1464,14,0.113997,-20,0,-20,-0.05235988,-3.00000,prps,2,1446
127101,127.101,1,4004,54004,lowband_largesig_r01,prps,1459,9,0.079811,-19,0,-19,-0.04974188,-2.85000,prps,2,1450
127121,127.121,1,4004,54004,lowband_largesig_r01,prps,1455,5,0.041104,-18,0,-18,-0.04712389,-2.70000,prps,2,1454
127141,127.141,1,4004,54004,lowband_largesig_r01,prps,1449,-1,-0.005816,-16,0,-16,-0.04188790,-2.40000,prps,2,1458
127161,127.161,1,4004,54004,lowband_largesig_r01,prps,1442,-8,-0.064123,-14,0,-14,-0.03665191,-2.10000,prps,2,1462
127181,127.181,1,4004,54004,lowband_largesig_r01,prps,1434,-16,-0.135441,-11,0,-11,-0.02879793,-1.65000,prps,2,1466
127201,127.201,1,4004,54004,lowband_largesig_r01,prps,1424,-26,-0.219056,-7,0,-7,-0.01832596,-1.05000,prps,2,1470
127221,127.221,1,4004,54004,lowband_largesig_r01,prps,1413,-37,-0.311557,-2,0,-2,-0.00523599,-0.30000,prps,2,1474
127241,127.241,1,4004,54004,lowband_largesig_r01,prps,1402,-48,-0.407008,3,0,3,0.00785398,0.45000,prps,2,1478
127261,127.261,1,4004,54004,lowband_largesig_r01,prps,1391,-59,-0.497641,8,0,8,0.02094395,1.20000,prps,2,1482
127281,127.281,1,4004,54004,lowband_largesig_r01,prps,1382,-68,-0.574973,14,0,14,0.03665191,2.10000,prps,2,1486
127301,127.301,1,4004,54004,lowband_largesig_r01,prps,1375,-75,-0.631149,18,0,18,0.04712389,2.70000,prps,2,1490
127321,127.321,1,4004,54004,lowband_largesig_r01,prps,1371,-79,-0.660274,23,0,23,0.06021386,3.45000,prps,2,1494
127341,127.341,1,4004,54004,lowband_largesig_r01,prps,1372,-78,-0.659488,28,0,28,0.07330382,4.20000,prps,2,1498
127361,127.361,1,4004,54004,lowband_largesig_r01,prps,1375,-75,-0.629578,32,0,32,0.08377580,4.80000,prps,2,1502
127381,127.381,1,4004,54004,lowband_largesig_r01,prps,1382,-68,-0.575011,34,0,34,0.08901179,5.10000,prps,2,1506
127401,127.401,1,4004,54004,lowband_largesig_r01,prps,1390,-60,-0.503350,35,0,35,0.09162979,5.25000,prps,2,1510
127421,127.421,1,4004,54004,lowband_largesig_r01,prps,1400,-50,-0.424161,35,0,35,0.09162979,5.25000,prps,2,1514
127441,127.441,1,4004,54004,lowband_largesig_r01,prps,1409,-41,-0.347574,34,0,34,0.08901179,5.10000,prps,2,1518
127461,127.461,1,4004,54004,lowband_largesig_r01,prps,1416,-34,-0.282760,30,0,30,0.07853982,4.50000,prps,2,1522
127481,127.481,1,4004,54004,lowband_largesig_r01,prps,1422,-28,-0.236569,24,0,24,0.06283185,3.60000,prps,2,1526
127501,127.501,1,4004,54004,lowband_largesig_r01,prps,1425,-25,-0.212570,19,0,19,0.04974188,2.85000,prps,2,1530
127521,127.521,1,4004,54004,lowband_largesig_r01,prps,1425,-25,-0.210646,15,0,15,0.03926991,2.25000,prps,2,1534
127541,127.541,1,4004,54004,lowband_largesig_r01,prps,1423,-27,-0.227217,12,0,12,0.03141592,1.80000,prps,2,1538
127561,127.561,1,4004,54004,lowband_largesig_r01,prps,1420,-30,-0.256007,12,0,12,0.03141592,1.80000,prps,2,1542
127581,127.581,1,4004,54004,lowband_largesig_r01,prps,1416,-34,-0.289245,12,0,12,0.03141592,1.80000,prps,2,1546
127601,127.601,1,4004,54004,lowband_largesig_r01,prps,1412,-38,-0.319038,12,0,12,0.03141592,1.80000,prps,2,1550
127621,127.621,1,4004,54004,lowband_largesig_r01,prps,1410,-40,-0.338688,12,0,12,0.03141592,1.80000,prps,2,1554
127641,127.641,1,4004,54004,lowband_largesig_r01,prps,1409,-41,-0.343703,13,0,13,0.03403392,1.95000,prps,2,1558
127661,127.661,1,4004,54004,lowband_largesig_r01,prps,1410,-40,-0.332343,13,0,13,0.03403392,1.95000,prps,2,1562
127681,127.681,1,4004,54004,lowband_largesig_r01,prps,1414,-36,-0.305609,13,0,13,0.03403392,1.95000,prps,2,1566
127701,127.701,1,4004,54004,lowband_largesig_r01,prps,1418,-32,-0.266713,14,0,14,0.03665191,2.10000,prps,2,1570
127721,127.721,1,4004,54004,lowband_largesig_r01,prps,1424,-26,-0.220161,14,0,14,0.03665191,2.10000,prps,2,1574
127741,127.741,1,4004,54004,lowband_largesig_r01,prps,1430,-20,-0.170649,14,0,14,0.03665191,2.10000,prps,2,1578
127761,127.761,1,4004,54004,lowband_largesig_r01,prps,1435,-15,-0.122018,14,0,14,0.03665191,2.10000,prps,2,1582
127781,127.781,1,4004,54004,lowband_largesig_r01,prps,1441,-9,-0.076493,13,0,13,0.03403392,1.95000,prps,2,1586
127801,127.801,1,4004,54004,lowband_largesig_r01,prps,1446,-4,-0.034364,11,0,11,0.02879793,1.65000,prps,2,1590
127821,127.821,1,4004,54004,lowband_largesig_r01,prps,1451,1,0.005794,7,0,7,0.01832596,1.05000,prps,2,1594
127841,127.841,1,4004,54004,lowband_largesig_r01,prps,1456,6,0.046439,4,0,4,0.01047198,0.60000,prps,2,1598
127861,127.861,1,4004,54004,lowband_largesig_r01,prps,1461,11,0.090023,1,0,1,0.00261799,0.15000,prps,2,1602
127881,127.881,1,4004,54004,lowband_largesig_r01,prps,1466,16,0.137850,-1,0,-1,-0.00261799,-0.15000,prps,2,1606
127901,127.901,1,4004,54004,lowband_largesig_r01,prps,1473,23,0.189077,-3,0,-3,-0.00785398,-0.45000,prps,2,1610
127921,127.921,1,4004,54004,lowband_largesig_r01,prps,1479,29,0.240117,-6,0,-6,-0.01570796,-0.90000,prps,2,1614
127941,127.941,1,4004,54004,lowband_largesig_r01,prps,1484,34,0.284611,-9,0,-9,-0.02356194,-1.35000,prps,2,1618
127961,127.961,1,4004,54004,lowband_largesig_r01,prps,1487,37,0.314071,-13,0,-13,-0.03403392,-1.95000,prps,2,1622
127981,127.981,1,4004,54004,lowband_largesig_r01,prps,1488,38,0.319111,-17,0,-17,-0.04450589,-2.55000,prps,2,1626
128001,128.001,1,4004,54004,lowband_largesig_r01,prps,1485,35,0.291119,-21,0,-21,-0.05497787,-3.15000,prps,2,1630
128021,128.021,1,4004,54004,lowband_largesig_r01,prps,1477,27,0.224071,-23,0,-23,-0.06021386,-3.45000,prps,2,1634
128041,128.041,1,4004,54004,lowband_largesig_r01,prps,1464,14,0.116167,-24,0,-24,-0.06283185,-3.60000,prps,2,1638
128061,128.061,1,4004,54004,lowband_largesig_r01,prps,1447,-3,-0.029052,-23,0,-23,-0.06021386,-3.45000,prps,2,1642
128081,128.081,1,4004,54004,lowband_largesig_r01,prps,1426,-24,-0.202349,-20,0,-20,-0.05235988,-3.00000,prps,2,1646
128101,128.101,1,4004,54004,lowband_largesig_r01,prps,1404,-46,-0.389367,-12,0,-12,-0.03141592,-1.80000,prps,2,1650
128121,128.121,1,4004,54004,lowband_largesig_r01,prps,1382,-68,-0.572107,-2,0,-2,-0.00523599,-0.30000,prps,2,1654
128141,128.141,1,4004,54004,lowband_largesig_r01,prps,1363,-87,-0.731157,10,0,10,0.02617994,1.50000,prps,2,1658
128161,128.161,1,4004,54004,lowband_largesig_r01,prps,1349,-101,-0.848357,20,0,20,0.05235988,3.00000,prps,2,1662
128181,128.181,1,4004,54004,lowband_largesig_r01,prps,1342,-108,-0.909493,31,0,31,0.08115781,4.65000,prps,2,1666
128201,128.201,1,4004,54004,lowband_largesig_r01,prps,1342,-108,-0.906606,40,0,40,0.10471976,6.00000,prps,2,1670
128221,128.221,1,4004,54004,lowband_largesig_r01,prps,1350,-100,-0.839493,49,0,49,0.12828170,7.35000,prps,2,1674
128241,128.241,1,4004,54004,lowband_largesig_r01,prps,1365,-85,-0.716141,52,0,52,0.13613568,7.80000,prps,2,1678
128261,128.261,1,4004,54004,lowband_largesig_r01,prps,1384,-66,-0.551967,52,0,52,0.13613568,7.80000,prps,2,1682
128281,128.281,1,4004,54004,lowband_largesig_r01,prps,1406,-44,-0.367911,49,0,49,0.12828170,7.35000,prps,2,1686
128301,128.301,1,4004,54004,lowband_largesig_r01,prps,1428,-22,-0.187660,42,0,42,0.10995574,6.30000,prps,2,1690
128321,128.321,1,4004,54004,lowband_largesig_r01,prps,1446,-4,-0.034382,32,0,32,0.08377580,4.80000,prps,2,1694
128341,128.341,1,4004,54004,lowband_largesig_r01,prps,1459,9,0.072542,20,0,20,0.05235988,3.00000,prps,2,1698
128361,128.361,1,4004,54004,lowband_largesig_r01,prps,1464,14,0.120278,8,0,8,0.02094395,1.20000,prps,2,1702
128381,128.381,1,4004,54004,lowband_largesig_r01,prps,1462,12,0.104376,-2,0,-2,-0.00523599,-0.30000,prps,2,1706
128401,128.401,1,4004,54004,lowband_largesig_r01,prps,1453,3,0.029376,-7,0,-7,-0.01832596,-1.05000,prps,2,1710
128421,128.421,1,4004,54004,lowband_largesig_r01,prps,1439,-11,-0.091908,-8,0,-8,-0.02094395,-1.20000,prps,2,1714
128441,128.441,1,4004,54004,lowband_largesig_r01,prps,1421,-29,-0.240319,-6,0,-6,-0.01570796,-0.90000,prps,2,1718
128461,128.461,1,4004,54004,lowband_largesig_r01,prps,1403,-47,-0.393228,-2,0,-2,-0.00523599,-0.30000,prps,2,1722
128481,128.481,1,4004,54004,lowband_largesig_r01,prps,1387,-63,-0.527884,5,0,5,0.01308997,0.75000,prps,2,1726
128501,128.501,1,4004,54004,lowband_largesig_r01,prps,1376,-74,-0.624735,12,0,12,0.03141592,1.80000,prps,2,1730
128521,128.521,1,4004,54004,lowband_largesig_r01,prps,1370,-80,-0.670209,19,0,19,0.04974188,2.85000,prps,2,1734
128541,128.541,1,4004,54004,lowband_largesig_r01,prps,1372,-78,-0.658538,26,0,26,0.06806784,3.90000,prps,2,1738
128561,128.561,1,4004,54004,lowband_largesig_r01,prps,1380,-70,-0.592349,31,0,31,0.08115781,4.65000,prps,2,1742
128581,128.581,1,4004,54004,lowband_largesig_r01,prps,1393,-57,-0.481970,34,0,34,0.08901179,5.10000,prps,2,1746
128601,128.601,1,4004,54004,lowband_largesig_r01,prps,1409,-41,-0.343561,35,0,35,0.09162979,5.25000,prps,2,1750
128621,128.621,1,4004,54004,lowband_largesig_r01,prps,1427,-23,-0.196414,32,0,32,0.08377580,4.80000,prps,2,1754
128641,128.641,1,4004,54004,lowband_largesig_r01,prps,1443,-7,-0.059849,25,0,25,0.06544985,3.75000,prps,2,1758
128661,128.661,1,4004,54004,lowband_largesig_r01,prps,1456,6,0.049786,16,0,16,0.04188790,2.40000,prps,2,1762
128681,128.681,1,4004,54004,lowband_largesig_r01,prps,1464,14,0.121547,7,0,7,0.01832596,1.05000,prps,2,1766
128701,128.701,1,4004,54004,lowband_largesig_r01,prps,1468,18,0.151387,0,0,0,0.00000000,0.00000,prps,2,1770
128721,128.721,1,4004,54004,lowband_largesig_r01,prps,1467,17,0.142501,-6,0,-6,-0.01570796,-0.90000,prps,2,1774
128741,128.741,1,4004,54004,lowband_largesig_r01,prps,1462,12,0.104507,-10,0,-10,-0.02617994,-1.50000,prps,2,1778
128761,128.761,1,4004,54004,lowband_largesig_r01,prps,1456,6,0.051642,-11,0,-11,-0.02879793,-1.65000,prps,2,1782
128781,128.781,1,4004,54004,lowband_largesig_r01,prps,1450,0,0.000282,-11,0,-11,-0.02879793,-1.65000,prps,2,1786
128801,128.801,1,4004,54004,lowband_largesig_r01,prps,1446,-4,-0.033773,-10,0,-10,-0.02617994,-1.50000,prps,2,1790
128821,128.821,1,4004,54004,lowband_largesig_r01,prps,1446,-4,-0.037814,-9,0,-9,-0.02356194,-1.35000,prps,2,1794
128841,128.841,1,4004,54004,lowband_largesig_r01,prps,1450,0,-0.004134,-6,0,-6,-0.01570796,-0.90000,prps,2,1798
128861,128.861,1,4004,54004,lowband_largesig_r01,prps,1458,8,0.068943,-5,0,-5,-0.01308997,-0.75000,prps,2,1802
128881,128.881,1,4004,54004,lowband_largesig_r01,prps,1471,21,0.177055,-4,0,-4,-0.01047198,-0.60000,prps,2,1806
128901,128.901,1,4004,54004,lowband_largesig_r01,prps,1487,37,0.310747,-5,0,-5,-0.01308997,-0.75000,prps,2,1810
128921,128.921,1,4004,54004,lowband_largesig_r01,prps,1504,54,0.457196,-7,0,-7,-0.01832596,-1.05000,prps,2,1814
128941,128.941,1,4004,54004,lowband_largesig_r01,prps,1522,72,0.602364,-13,0,-13,-0.03403392,-1.95000,prps,2,1818
128961,128.961,1,4004,54004,lowband_largesig_r01,prps,1537,87,0.733231,-23,0,-23,-0.06021386,-3.45000,prps,2,1822
128981,128.981,1,4004,54004,lowband_largesig_r01,prps,1550,100,0.839701,-34,0,-34,-0.08901179,-5.10000,prps,2,1826
129001,129.001,1,4004,54004,lowband_largesig_r01,prps,1559,109,0.915920,-45,0,-45,-0.11780972,-6.75000,prps,2,1830
129021,129.021,1,4004,54004,lowband_largesig_r01,prps,1564,114,0.960787,-54,0,-54,-0.14137166,-8.10000,prps,2,1834
129041,129.041,1,4004,54004,lowband_largesig_r01,prps,1566,116,0.977648,-62,0,-62,-0.16231562,-9.30000,prps,2,1838
129061,129.061,1,4004,54004,lowband_largesig_r01,prps,1566,116,0.973266,-67,0,-67,-0.17540560,-10.05000,prps,2,1842
129081,129.081,1,4004,54004,lowband_largesig_r01,prps,1564,114,0.956302,-70,0,-70,-0.18325958,-10.50000,prps,2,1846
129101,129.101,1,4004,54004,lowband_largesig_r01,prps,1561,111,0.935595,-71,0,-71,-0.18587756,-10.65000,prps,2,1850
129121,129.121,1,4004,54004,lowband_largesig_r01,prps,1559,109,0.918571,-71,0,-71,-0.18587756,-10.65000,prps,2,1854
129141,129.141,1,4004,54004,lowband_largesig_r01,prps,1558,108,0.910049,-70,0,-70,-0.18325958,-10.50000,prps,2,1858
129161,129.161,1,4004,54004,lowband_largesig_r01,prps,1558,108,0.911626,-69,0,-69,-0.18064158,-10.35000,prps,2,1862
129181,129.181,1,4004,54004,lowband_largesig_r01,prps,1560,110,0.921730,-68,0,-68,-0.17802358,-10.20000,prps,2,1866
129201,129.201,1,4004,54004,lowband_largesig_r01,prps,1561,111,0.936262,-68,0,-68,-0.17802358,-10.20000,prps,2,1870
129221,129.221,1,4004,54004,lowband_largesig_r01,prps,1563,113,0.949690,-68,0,-68,-0.17802358,-10.20000,prps,2,1874
129241,129.241,1,4004,54004,lowband_largesig_r01,prps,1564,114,0.956332,-68,0,-68,-0.17802358,-10.20000,prps,2,1878
129261,129.261,1,4004,54004,lowband_largesig_r01,prps,1563,113,0.951580,-68,0,-68,-0.17802358,-10.20000,prps,2,1882
129281,129.281,1,4004,54004,lowband_largesig_r01,prps,1561,111,0.932832,-68,0,-68,-0.17802358,-10.20000,prps,2,1886
129301,129.301,1,4004,54004,lowband_largesig_r01,prps,1557,107,0.899934,-68,0,-68,-0.17802358,-10.20000,prps,2,1890
129321,129.321,1,4004,54004,lowband_largesig_r01,prps,1552,102,0.855101,-68,0,-68,-0.17802358,-10.20000,prps,2,1894
129341,129.341,1,4004,54004,lowband_largesig_r01,prps,1545,95,0.802316,-67,0,-67,-0.17540560,-10.05000,prps,2,1898
129361,129.361,1,4004,54004,lowband_largesig_r01,prps,1539,89,0.746380,-66,0,-66,-0.17278760,-9.90000,prps,2,1902
129381,129.381,1,4004,54004,lowband_largesig_r01,prps,1532,82,0.691788,-65,0,-65,-0.17016960,-9.75000,prps,2,1906
129401,129.401,1,4004,54004,lowband_largesig_r01,prps,1526,76,0.641700,-62,0,-62,-0.16231562,-9.30000,prps,2,1910
129421,129.421,1,4004,54004,lowband_largesig_r01,prps,1521,71,0.597185,-59,0,-59,-0.15446164,-8.85000,prps,2,1914
129441,129.441,1,4004,54004,lowband_largesig_r01,prps,1516,66,0.556929,-56,0,-56,-0.14660765,-8.40000,prps,2,1918
129461,129.461,1,4004,54004,lowband_largesig_r01,prps,1512,62,0.517448,-52,0,-52,-0.13613568,-7.80000,prps,2,1922
129481,129.481,1,4004,54004,lowband_largesig_r01,prps,1506,56,0.473773,-49,0,-49,-0.12828170,-7.35000,prps,2,1926
129501,129.501,1,4004,54004,lowband_largesig_r01,prps,1500,50,0.420479,-47,0,-47,-0.12304571,-7.05000,prps,2,1930
129521,129.521,1,4004,54004,lowband_largesig_r01,prps,1492,42,0.352858,-45,0,-45,-0.11780972,-6.75000,prps,2,1934
129541,129.541,1,4004,54004,lowband_largesig_r01,prps,1482,32,0.267993,-42,0,-42,-0.10995574,-6.30000,prps,2,1938
129561,129.561,1,4004,54004,lowband_largesig_r01,prps,1470,20,0.165537,-37,0,-37,-0.09686577,-5.55000,prps,2,1942
129581,129.581,1,4004,54004,lowband_largesig_r01,prps,1456,6,0.048032,-32,0,-32,-0.08377580,-4.80000,prps,2,1946
129601,129.601,1,4004,54004,lowband_largesig_r01,prps,1441,-9,-0.079310,-25,0,-25,-0.06544985,-3.75000,prps,2,1950
129621,129.621,1,4004,54004,lowband_largesig_r01,prps,1425,-25,-0.209315,-18,0,-18,-0.04712389,-2.70000,prps,2,1954
129641,129.641,1,4004,54004,lowband_largesig_r01,prps,1410,-40,-0.333921,-9,0,-9,-0.02356194,-1.35000,prps,2,1958
129661,129.661,1,4004,54004,lowband_largesig_r01,prps,1397,-53,-0.445436,0,0,0,0.00000000,0.00000,prps,2,1962
129681,129.681,1,4004,54004,lowband_largesig_r01,prps,1386,-64,-0.537714,9,0,9,0.02356194,1.35000,prps,2,1966
129701,129.701,1,4004,54004,lowband_largesig_r01,prps,1378,-72,-0.607067,17,0,17,0.04450589,2.55000,prps,2,1970
129721,129.721,1,4004,54004,lowband_largesig_r01,prps,1372,-78,-0.652706,22,0,22,0.05759586,3.30000,prps,2,1974
129741,129.741,1,4004,54004,lowband_largesig_r01,prps,1369,-81,-0.676670,27,0,27,0.07068583,4.05000,prps,2,1978
129761,129.761,1,4004,54004,lowband_largesig_r01,prps,1369,-81,-0.683224,32,0,32,0.08377580,4.80000,prps,2,1982
129781,129.781,1,4004,54004,lowband_largesig_r01,prps,1369,-81,-0.677879,35,0,35,0.09162979,5.25000,prps,2,1986
129801,129.801,1,4004,54004,lowband_largesig_r01,prps,1371,-79,-0.666210,36,0,36,0.09424778,5.40000,prps,2,1990
129821,129.821,1,4004,54004,lowband_largesig_r01,prps,1372,-78,-0.652712,37,0,37,0.09686577,5.55000,prps,2,1994
129841,129.841,1,4004,54004,lowband_largesig_r01,prps,1374,-76,-0.639929,38,0,38,0.09948376,5.70000,prps,2,1998
129861,129.861,1,4004,54004,lowband_largesig_r01,prps,1375,-75,-0.628025,38,0,38,0.09948376,5.70000,prps,2,2002
129881,129.881,1,4004,54004,lowband_largesig_r01,prps,1377,-73,-0.614897,38,0,38,0.09948376,5.70000,prps,2,2006
129901,129.901,1,4004,54004,lowband_largesig_r01,prps,1379,-71,-0.596809,38,0,38,0.09948376,5.70000,prps,2,2010
129921,129.921,1,4004,54004,lowband_largesig_r01,prps,1382,-68,-0.569433,38,0,38,0.09948376,5.70000,prps,2,2014
129941,129.941,1,4004,54004,lowband_largesig_r01,prps,1387,-63,-0.529094,38,0,38,0.09948376,5.70000,prps,2,2018
129961,129.961,1,4004,54004,lowband_largesig_r01,prps,1394,-56,-0.473967,37,0,37,0.09686577,5.55000,prps,2,2022
129981,129.981,1,4004,54004,lowband_largesig_r01,prps,1402,-48,-0.404974,34,0,34,0.08901179,5.10000,prps,2,2026
130001,130.001,1,4004,54004,lowband_largesig_r01,prps,1411,-39,-0.326185,29,0,29,0.07592182,4.35000,prps,2,2030
130021,130.021,1,4004,54004,lowband_largesig_r01,prps,1421,-29,-0.244600,24,0,24,0.06283185,3.60000,prps,2,2034
130041,130.041,1,4004,54004,lowband_largesig_r01,prps,1430,-20,-0.169326,20,0,20,0.05235988,3.00000,prps,2,2038
130061,130.061,1,4004,54004,lowband_largesig_r01,prps,1437,-13,-0.110250,16,0,16,0.04188790,2.40000,prps,2,2042
130081,130.081,1,4004,54004,lowband_largesig_r01,prps,1441,-9,-0.076440,12,0,12,0.03141592,1.80000,prps,2,2046
130101,130.101,1,4004,54004,lowband_largesig_r01,prps,1441,-9,-0.074534,9,0,9,0.02356194,1.35000,prps,2,2050
130121,130.121,1,4004,54004,lowband_largesig_r01,prps,1437,-13,-0.107433,6,0,6,0.01570796,0.90000,prps,2,2054
130141,130.141,1,4004,54004,lowband_largesig_r01,prps,1429,-21,-0.173517,5,0,5,0.01308997,0.75000,prps,2,2058
130161,130.161,1,4004,54004,lowband_largesig_r01,prps,1418,-32,-0.266575,5,0,5,0.01308997,0.75000,prps,2,2062
130181,130.181,1,4004,54004,lowband_largesig_r01,prps,1405,-45,-0.376480,5,0,5,0.01308997,0.75000,prps,2,2066
130201,130.201,1,4004,54004,lowband_largesig_r01,prps,1392,-58,-0.490513,7,0,7,0.01832596,1.05000,prps,2,2070
130221,130.221,1,4004,54004,lowband_largesig_r01,prps,1379,-71,-0.595143,12,0,12,0.03141592,1.80000,prps,2,2074
130241,130.241,1,4004,54004,lowband_largesig_r01,prps,1369,-81,-0.677973,18,0,18,0.04712389,2.70000,prps,2,2078
130261,130.261,1,4004,54004,lowband_largesig_r01,prps,1363,-87,-0.729508,23,0,23,0.06021386,3.45000,prps,2,2082
130281,130.281,1,4004,54004,lowband_largesig_r01,prps,1361,-89,-0.744468,29,0,29,0.07592182,4.35000,prps,2,2086
130301,130.301,1,4004,54004,lowband_largesig_r01,prps,1364,-86,-0.722406,35,0,35,0.09162979,5.25000,prps,2,2090
130321,130.321,1,4004,54004,lowband_largesig_r01,prps,1371,-79,-0.667539,38,0,38,0.09948376,5.70000,prps,2,2094
130341,130.341,1,4004,54004,lowband_largesig_r01,prps,1380,-70,-0.587806,40,0,40,0.10471976,6.00000,prps,2,2098
130361,130.361,1,4004,54004,lowband_largesig_r01,prps,1391,-59,-0.493355,40,0,40,0.10471976,6.00000,prps,2,2102
130381,130.381,1,4004,54004,lowband_largesig_r01,prps,1403,-47,-0.394705,39,0,39,0.10210176,5.85000,prps,2,2106
130401,130.401,1,4004,54004,lowband_largesig_r01,prps,1414,-36,-0.300933,36,0,36,0.09424778,5.40000,prps,2,2110
130421,130.421,1,4004,54004,lowband_largesig_r01,prps,1424,-26,-0.218213,29,0,29,0.07592182,4.35000,prps,2,2114
130441,130.441,1,4004,54004,lowband_largesig_r01,prps,1432,-18,-0.148974,22,0,22,0.05759586,3.30000,prps,2,2118
130461,130.461,1,4004,54004,lowband_largesig_r01,prps,1439,-11,-0.091834,16,0,16,0.04188790,2.40000,prps,2,2122
130481,130.481,1,4004,54004,lowband_largesig_r01,prps,1445,-5,-0.042322,10,0,10,0.02617994,1.50000,prps,2,2126
130501,130.501,1,4004,54004,lowband_largesig_r01,prps,1451,1,0.005747,5,0,5,0.01308997,0.75000,prps,2,2130
130521,130.521,1,4004,54004,lowband_largesig_r01,prps,1457,7,0.058512,2,0,2,0.00523599,0.30000,prps,2,2134
130541,130.541,1,4004,54004,lowband_largesig_r01,prps,1464,14,0.120251,0,0,0,0.00000000,0.00000,prps,2,2138
130561,130.561,1,4004,54004,lowband_largesig_r01,prps,1473,23,0.191893,-2,0,-2,-0.00523599,-0.30000,prps,2,2142
130581,130.581,1,4004,54004,lowband_largesig_r01,prps,1482,32,0.270150,-5,0,-5,-0.01308997,-0.75000,prps,2,2146
130601,130.601,1,4004,54004,lowband_largesig_r01,prps,1491,41,0.347496,-8,0,-8,-0.02094395,-1.20000,prps,2,2150
130621,130.621,1,4004,54004,lowband_largesig_r01,prps,1499,49,0.413039,-13,0,-13,-0.03403392,-1.95000,prps,2,2154
130641,130.641,1,4004,54004,lowband_largesig_r01,prps,1504,54,0.454195,-19,0,-19,-0.04974188,-2.85000,prps,2,2158
130661,130.661,1,4004,54004,lowband_largesig_r01,prps,1505,55,0.458890,-25,0,-25,-0.06544985,-3.75000,prps,2,2162
130681,130.681,1,4004,54004,lowband_largesig_r01,prps,1500,50,0.417936,-29,0,-29,-0.07592182,-4.35000,prps,2,2166
130701,130.701,1,4004,54004,lowband_largesig_r01,prps,1489,39,0.327152,-32,0,-32,-0.08377580,-4.80000,prps,2,2170
130721,130.721,1,4004,54004,lowband_largesig_r01,prps,1472,22,0.188833,-32,0,-32,-0.08377580,-4.80000,prps,2,2174
130741,130.741,1,4004,54004,lowband_largesig_r01,prps,1451,1,0.012270,-30,0,-30,-0.07853982,-4.50000,prps,2,2178
130761,130.761,1,4004,54004,lowband_largesig_r01,prps,1428,-22,-0.186849,-25,0,-25,-0.06544985,-3.75000,prps,2,2182
130781,130.781,1,4004,54004,lowband_largesig_r01,prps,1404,-46,-0.388112,-17,0,-17,-0.04450589,-2.55000,prps,2,2186
130801,130.801,1,4004,54004,lowband_largesig_r01,prps,1382,-68,-0.568944,-6,0,-6,-0.01570796,-0.90000,prps,2,2190
130821,130.821,1,4004,54004,lowband_largesig_r01,prps,1366,-84,-0.707659,8,0,8,0.02094395,1.20000,prps,2,2194
130841,130.841,1,4004,54004,lowband_largesig_r01,prps,1356,-94,-0.786569,21,0,21,0.05497787,3.15000,prps,2,2198
130861,130.861,1,4004,54004,lowband_largesig_r01,prps,1355,-95,-0.794639,32,0,32,0.08377580,4.80000,prps,2,2202
130881,130.881,1,4004,54004,lowband_largesig_r01,prps,1363,-87,-0.729271,40,0,40,0.10471976,6.00000,prps,2,2206
130901,130.901,1,4004,54004,lowband_largesig_r01,prps,1379,-71,-0.596901,43,0,43,0.11257374,6.45000,prps,2,2210
130921,130.921,1,4004,54004,lowband_largesig_r01,prps,1401,-49,-0.412286,44,0,44,0.11519173,6.60000,prps,2,2214
130941,130.941,1,4004,54004,lowband_largesig_r01,prps,1427,-23,-0.196578,41,0,41,0.10733775,6.15000,prps,2,2218
130961,130.961,1,4004,54004,lowband_largesig_r01,prps,1453,3,0.025571,32,0,32,0.08377580,4.80000,prps,2,2222
130981,130.981,1,4004,54004,lowband_largesig_r01,prps,1477,27,0.229420,20,0,20,0.05235988,3.00000,prps,2,2226
131001,131.001,1,4004,54004,lowband_largesig_r01,prps,1497,47,0.393565,6,0,6,0.01570796,0.90000,prps,2,2230
131021,131.021,1,4004,54004,lowband_largesig_r01,prps,1510,60,0.502863,-7,0,-7,-0.01832596,-1.05000,prps,2,2234
131041,131.041,1,4004,54004,lowband_largesig_r01,prps,1515,65,0.550415,-20,0,-20,-0.05235988,-3.00000,prps,2,2238
131061,131.061,1,4004,54004,lowband_largesig_r01,prps,1514,64,0.538317,-31,0,-31,-0.08115781,-4.65000,prps,2,2242
131081,131.081,1,4004,54004,lowband_largesig_r01,prps,1507,57,0.477074,-38,0,-38,-0.09948376,-5.70000,prps,2,2246
131101,131.101,1,4004,54004,lowband_largesig_r01,prps,1496,46,0.383792,-40,0,-40,-0.10471976,-6.00000,prps,2,2250
131121,131.121,1,4004,54004,lowband_largesig_r01,prps,1483,33,0.279439,-39,0,-39,-0.10210176,-5.85000,prps,2,2254
131141,131.141,1,4004,54004,lowband_largesig_r01,prps,1472,22,0.185607,-37,0,-37,-0.09686577,-5.55000,prps,2,2258
131161,131.161,1,4004,54004,lowband_largesig_r01,prps,1464,14,0.121275,-32,0,-32,-0.08377580,-4.80000,prps,2,2262
131181,131.181,1,4004,54004,lowband_largesig_r01,prps,1462,12,0.100069,-26,0,-26,-0.06806784,-3.90000,prps,2,2266
131201,131.201,1,4004,54004,lowband_largesig_r01,prps,1465,15,0.128403,-21,0,-21,-0.05497787,-3.15000,prps,2,2270
131221,131.221,1,4004,54004,lowband_largesig_r01,prps,1474,24,0.204765,-18,0,-18,-0.04712389,-2.70000,prps,2,2274
131241,131.241,1,4004,54004,lowband_largesig_r01,prps,1488,38,0.320205,-17,0,-17,-0.04450589,-2.55000,prps,2,2278
131261,131.261,1,4004,54004,lowband_largesig_r01,prps,1505,55,0.459897,-17,0,-17,-0.04450589,-2.55000,prps,2,2282
131281,131.281,1,4004,54004,lowband_largesig_r01,prps,1522,72,0.605499,-21,0,-21,-0.05497787,-3.15000,prps,2,2286
131301,131.301,1,4004,54004,lowband_largesig_r01,prps,1538,88,0.737910,-28,0,-28,-0.07330382,-4.20000,prps,2,2290
131321,131.321,1,4004,54004,lowband_largesig_r01,prps,1550,100,0.839977,-35,0,-35,-0.09162979,-5.25000,prps,2,2294
131341,131.341,1,4004,54004,lowband_largesig_r01,prps,1557,107,0.898762,-45,0,-45,-0.11780972,-6.75000,prps,2,2298
131361,131.361,1,4004,54004,lowband_largesig_r01,prps,1558,108,0.907038,-53,0,-53,-0.13875367,-7.95000,prps,2,2302
131381,131.381,1,4004,54004,lowband_largesig_r01,prps,1553,103,0.863845,-60,0,-60,-0.15707964,-9.00000,prps,2,2306
131401,131.401,1,4004,54004,lowband_largesig_r01,prps,1542,92,0.774093,-65,0,-65,-0.17016960,-9.75000,prps,2,2310
131421,131.421,1,4004,54004,lowband_largesig_r01,prps,1527,77,0.647357,-66,0,-66,-0.17278760,-9.90000,prps,2,2314
131441,131.441,1,4004,54004,lowband_largesig_r01,prps,1509,59,0.496112,-63,0,-63,-0.16493360,-9.45000,prps,2,2318
131461,131.461,1,4004,54004,lowband_largesig_r01,prps,1490,40,0.333743,-57,0,-57,-0.14922565,-8.55000,prps,2,2322
131481,131.481,1,4004,54004,lowband_largesig_r01,prps,1471,21,0.172676,-50,0,-50,-0.13089970,-7.50000,prps,2,2326
131501,131.501,1,4004,54004,lowband_largesig_r01,prps,1453,3,0.022911,-41,0,-41,-0.10733775,-6.15000,prps,2,2330
131521,131.521,1,4004,54004,lowband_largesig_r01,prps,1437,-13,-0.108850,-30,0,-30,-0.07853982,-4.50000,prps,2,2334
131541,131.541,1,4004,54004,lowband_largesig_r01,prps,1424,-26,-0.219394,-19,0,-19,-0.04974188,-2.85000,prps,2,2338
131561,131.561,1,4004,54004,lowband_largesig_r01,prps,1413,-37,-0.308577,-8,0,-8,-0.02094395,-1.20000,prps,2,2342
131581,131.581,1,4004,54004,lowband_largesig_r01,prps,1405,-45,-0.378444,2,0,2,0.00523599,0.30000,prps,2,2346
131601,131.601,1,4004,54004,lowband_largesig_r01,prps,1399,-51,-0.432120,10,0,10,0.02617994,1.50000,prps,2,2350
131621,131.621,1,4004,54004,lowband_largesig_r01,prps,1394,-56,-0.472715,16,0,16,0.04188790,2.40000,prps,2,2354
131641,131.641,1,4004,54004,lowband_largesig_r01,prps,1390,-60,-0.502486,19,0,19,0.04974188,2.85000,prps,2,2358
131661,131.661,1,4004,54004,lowband_largesig_r01,prps,1388,-62,-0.522377,22,0,22,0.05759586,3.30000,prps,2,2362
131681,131.681,1,4004,54004,lowband_largesig_r01,prps,1387,-63,-0.532027,23,0,23,0.06021386,3.45000,prps,2,2366
131701,131.701,1,4004,54004,lowband_largesig_r01,prps,1387,-63,-0.530184,24,0,24,0.06283185,3.60000,prps,2,2370
131721,131.721,1,4004,54004,lowband_largesig_r01,prps,1389,-61,-0.515394,25,0,25,0.06544985,3.75000,prps,2,2374
131741,131.741,1,4004,54004,lowband_largesig_r01,prps,1392,-58,-0.486797,26,0,26,0.06806784,3.90000,prps,2,2378
131761,131.761,1,4004,54004,lowband_largesig_r01,prps,1397,-53,-0.444810,26,0,26,0.06806784,3.90000,prps,2,2382
131781,131.781,1,4004,54004,lowband_largesig_r01,prps,1403,-47,-0.391530,26,0,26,0.06806784,3.90000,prps,2,2386
131801,131.801,1,4004,54004,lowband_largesig_r01,prps,1411,-39,-0.330751,25,0,25,0.06544985,3.75000,prps,2,2390
131821,131.821,1,4004,54004,lowband_largesig_r01,prps,1418,-32,-0.267565,24,0,24,0.06283185,3.60000,prps,2,2394
131841,131.841,1,4004,54004,lowband_largesig_r01,prps,1425,-25,-0.207620,22,0,22,0.05759586,3.30000,prps,2,2398
131861,131.861,1,4004,54004,lowband_largesig_r01,prps,1431,-19,-0.156172,17,0,17,0.04450589,2.55000,prps,2,2402
131881,131.881,1,4004,54004,lowband_largesig_r01,prps,1436,-14,-0.117133,13,0,13,0.03403392,1.95000,prps,2,2406
131901,131.901,1,4004,54004,lowband_largesig_r01,prps,1439,-11,-0.092308,11,0,11,0.02879793,1.65000,prps,2,2410
131921,131.921,1,4004,54004,lowband_largesig_r01,prps,1440,-10,-0.080996,8,0,8,0.02094395,1.20000,prps,2,2414
131941,131.941,1,4004,54004,lowband_largesig_r01,prps,1440,-10,-0.080048,6,0,6,0.01570796,0.90000,prps,2,2418
131961,131.961,1,4004,54004,lowband_largesig_r01,prps,1440,-10,-0.084404,4,0,4,0.01047198,0.60000,prps,2,2422
131981,131.981,1,4004,54004,lowband_largesig_r01,prps,1440,-10,-0.088011,4,0,4,0.01047198,0.60000,prps,2,2426
132001,132.001,1,4004,54004,lowband_largesig_r01,prps,1440,-10,-0.084973,4,0,4,0.01047198,0.60000,prps,2,2430
132021,132.021,1,4004,54004,lowband_largesig_r01,prps,1442,-8,-0.070701,4,0,4,0.01047198,0.60000,prps,2,2434
132041,132.041,1,4004,54004,lowband_largesig_r01,prps,1445,-5,-0.042856,4,0,4,0.01047198,0.60000,prps,2,2438
132061,132.061,1,4004,54004,lowband_largesig_r01,prps,1450,0,-0.001890,4,0,4,0.01047198,0.60000,prps,2,2442
132081,132.081,1,4004,54004,lowband_largesig_r01,prps,1456,6,0.048936,2,0,2,0.00523599,0.30000,prps,2,2446
132101,132.101,1,4004,54004,lowband_largesig_r01,prps,1462,12,0.104077,0,0,0,0.00000000,0.00000,prps,2,2450
132121,132.121,1,4004,54004,lowband_largesig_r01,prps,1469,19,0.156681,-1,0,-1,-0.00261799,-0.15000,prps,2,2454
132141,132.141,1,4004,54004,lowband_largesig_r01,prps,1474,24,0.199858,-3,0,-3,-0.00785398,-0.45000,prps,2,2458
132161,132.161,1,4004,54004,lowband_largesig_r01,prps,1477,27,0.227995,-6,0,-6,-0.01570796,-0.90000,prps,2,2462
132181,132.181,1,4004,54004,lowband_largesig_r01,prps,1478,28,0.237879,-10,0,-10,-0.02617994,-1.50000,prps,2,2466
132201,132.201,1,4004,54004,lowband_largesig_r01,prps,1477,27,0.229405,-13,0,-13,-0.03403392,-1.95000,prps,2,2470
132221,132.221,1,4004,54004,lowband_largesig_r01,prps,1474,24,0.205716,-16,0,-16,-0.04188790,-2.40000,prps,2,2474
132241,132.241,1,4004,54004,lowband_largesig_r01,prps,1471,21,0.172733,-17,0,-17,-0.04450589,-2.55000,prps,2,2478
132261,132.261,1,4004,54004,lowband_largesig_r01,prps,1466,16,0.138152,-17,0,-17,-0.04450589,-2.55000,prps,2,2482
132281,132.281,1,4004,54004,lowband_largesig_r01,prps,1463,13,0.110061,-17,0,-17,-0.04450589,-2.55000,prps,2,2486
132301,132.301,1,4004,54004,lowband_largesig_r01,prps,1461,11,0.095435,-17,0,-17,-0.04450589,-2.55000,prps,2,2490
132321,132.321,1,4004,54004,lowband_largesig_r01,prps,1462,12,0.098790,-17,0,-17,-0.04450589,-2.55000,prps,2,2494
132341,132.341,1,4004,54004,lowband_largesig_r01,prps,1464,14,0.121229,-16,0,-16,-0.04188790,-2.40000,prps,2,2498
132361,132.361,1,4004,54004,lowband_largesig_r01,prps,1469,19,0.160096,-16,0,-16,-0.04188790,-2.40000,prps,2,2502
132381,132.381,1,4004,54004,lowband_largesig_r01,prps,1475,25,0.209302,-16,0,-16,-0.04188790,-2.40000,prps,2,2506
132401,132.401,1,4004,54004,lowband_largesig_r01,prps,1481,31,0.260285,-16,0,-16,-0.04188790,-2.40000,prps,2,2510
132421,132.421,1,4004,54004,lowband_largesig_r01,prps,1486,36,0.303460,-17,0,-17,-0.04450589,-2.55000,prps,2,2514
132441,132.441,1,4004,54004,lowband_largesig_r01,prps,1489,39,0.329893,-17,0,-17,-0.04450589,-2.55000,prps,2,2518
132461,132.461,1,4004,54004,lowband_largesig_r01,prps,1490,40,0.332915,-20,0,-20,-0.05235988,-3.00000,prps,2,2522
132481,132.481,1,4004,54004,lowband_largesig_r01,prps,1487,37,0.309373,-22,0,-22,-0.05759586,-3.30000,prps,2,2526
132501,132.501,1,4004,54004,lowband_largesig_r01,prps,1481,31,0.260288,-25,0,-25,-0.06544985,-3.75000,prps,2,2530
132521,132.521,1,4004,54004,lowband_largesig_r01,prps,1473,23,0.190794,-26,0,-26,-0.06806784,-3.90000,prps,2,2534
132541,132.541,1,4004,54004,lowband_largesig_r01,prps,1463,13,0.109340,-25,0,-25,-0.06544985,-3.75000,prps,2,2538
132561,132.561,1,4004,54004,lowband_largesig_r01,prps,1453,3,0.026298,-23,0,-23,-0.06021386,-3.45000,prps,2,2542
132581,132.581,1,4004,54004,lowband_largesig_r01,prps,1444,-6,-0.047792,-20,0,-20,-0.05235988,-3.00000,prps,2,2546
132601,132.601,1,4004,54004,lowband_largesig_r01,prps,1438,-12,-0.104020,-15,0,-15,-0.03926991,-2.25000,prps,2,2550
132621,132.621,1,4004,54004,lowband_largesig_r01,prps,1434,-16,-0.136644,-10,0,-10,-0.02617994,-1.50000,prps,2,2554
132641,132.641,1,4004,54004,lowband_largesig_r01,prps,1433,-17,-0.144056,-5,0,-5,-0.01308997,-0.75000,prps,2,2558
132661,132.661,1,4004,54004,lowband_largesig_r01,prps,1435,-15,-0.129020,0,0,0,0.00000000,0.00000,prps,2,2562
132681,132.681,1,4004,54004,lowband_largesig_r01,prps,1438,-12,-0.098107,3,0,3,0.00785398,0.45000,prps,2,2566
132701,132.701,1,4004,54004,lowband_largesig_r01,prps,1443,-7,-0.060430,3,0,3,0.00785398,0.45000,prps,2,2570
132721,132.721,1,4004,54004,lowband_largesig_r01,prps,1447,-3,-0.025886,3,0,3,0.00785398,0.45000,prps,2,2574
132741,132.741,1,4004,54004,lowband_largesig_r01,prps,1450,0,-0.003229,3,0,3,0.00785398,0.45000,prps,2,2578
132761,132.761,1,4004,54004,lowband_largesig_r01,prps,1450,0,0.001676,3,0,3,0.00785398,0.45000,prps,2,2582
132781,132.781,1,4004,54004,lowband_largesig_r01,prps,1448,-2,-0.012898,2,0,2,0.00523599,0.30000,prps,2,2586
132801,132.801,1,4004,54004,lowband_largesig_r01,prps,1445,-5,-0.044049,1,0,1,0.00261799,0.15000,prps,2,2590
132821,132.821,1,4004,54004,lowband_largesig_r01,prps,1440,-10,-0.084615,1,0,1,0.00261799,0.15000,prps,2,2594
132841,132.841,1,4004,54004,lowband_largesig_r01,prps,1435,-15,-0.124366,1,0,1,0.00261799,0.15000,prps,2,2598
132861,132.861,1,4004,54004,lowband_largesig_r01,prps,1432,-18,-0.151828,1,0,1,0.00261799,0.15000,prps,2,2602
132881,132.881,1,4004,54004,lowband_largesig_r01,prps,1431,-19,-0.156441,2,0,2,0.00523599,0.30000,prps,2,2606
132901,132.901,1,4004,54004,lowband_largesig_r01,prps,1434,-16,-0.130653,3,0,3,0.00785398,0.45000,prps,2,2610
132921,132.921,1,4004,54004,lowband_largesig_r01,prps,1441,-9,-0.071593,3,0,3,0.00785398,0.45000,prps,2,2614
132941,132.941,1,4004,54004,lowband_largesig_r01,prps,1452,2,0.018003,3,0,3,0.00785398,0.45000,prps,2,2618
132961,132.961,1,4004,54004,lowband_largesig_r01,prps,1465,15,0.129809,3,0,3,0.00785398,0.45000,prps,2,2622
132981,132.981,1,4004,54004,lowband_largesig_r01,prps,1480,30,0.250884,1,0,1,0.00261799,0.15000,prps,2,2626
133001,133.001,1,4004,54004,lowband_largesig_r01,prps,1493,43,0.365494,-4,0,-4,-0.01047198,-0.60000,prps,2,2630
133021,133.021,1,4004,54004,lowband_largesig_r01,prps,1504,54,0.457476,-10,0,-10,-0.02617994,-1.50000,prps,2,2634
133041,133.041,1,4004,54004,lowband_largesig_r01,prps,1511,61,0.512774,-18,0,-18,-0.04712389,-2.70000,prps,2,2638
133061,133.061,1,4004,54004,lowband_largesig_r01,prps,1512,62,0.521714,-26,0,-26,-0.06806784,-3.90000,prps,2,2642
133081,133.081,1,4004,54004,lowband_largesig_r01,prps,1507,57,0.480638,-32,0,-32,-0.08377580,-4.80000,prps,2,2646
133101,133.101,1,4004,54004,lowband_largesig_r01,prps,1497,47,0.392594,-35,0,-35,-0.09162979,-5.25000,prps,2,2650
133121,133.121,1,4004,54004,lowband_largesig_r01,prps,1482,32,0.266976,-36,0,-36,-0.09424778,-5.40000,prps,2,2654
133141,133.141,1,4004,54004,lowband_largesig_r01,prps,1464,14,0.118128,-35,0,-35,-0.09162979,-5.25000,prps,2,2658
133161,133.161,1,4004,54004,lowband_largesig_r01,prps,1446,-4,-0.036844,-30,0,-30,-0.07853982,-4.50000,prps,2,2662
133181,133.181,1,4004,54004,lowband_largesig_r01,prps,1428,-22,-0.180713,-23,0,-23,-0.06021386,-3.45000,prps,2,2666
133201,133.201,1,4004,54004,lowband_largesig_r01,prps,1414,-36,-0.298782,-14,0,-14,-0.03665191,-2.10000,prps,2,2670
133221,133.221,1,4004,54004,lowband_largesig_r01,prps,1405,-45,-0.381106,-3,0,-3,-0.00785398,-0.45000,prps,2,2674
133241,133.241,1,4004,54004,lowband_largesig_r01,prps,1400,-50,-0.423912,7,0,7,0.01832596,1.05000,prps,2,2678
133261,133.261,1,4004,54004,lowband_largesig_r01,prps,1399,-51,-0.429987,15,0,15,0.03926991,2.25000,prps,2,2682
133281,133.281,1,4004,54004,lowband_largesig_r01,prps,1401,-49,-0.407955,18,0,18,0.04712389,2.70000,prps,2,2686
133301,133.301,1,4004,54004,lowband_largesig_r01,prps,1406,-44,-0.370576,19,0,19,0.04974188,2.85000,prps,2,2690
133321,133.321,1,4004,54004,lowband_largesig_r01,prps,1410,-40,-0.332357,19,0,19,0.04974188,2.85000,prps,2,2694
133341,133.341,1,4004,54004,lowband_largesig_r01,prps,1413,-37,-0.306877,18,0,18,0.04712389,2.70000,prps,2,2698
133361,133.361,1,4004,54004,lowband_largesig_r01,prps,1414,-36,-0.304275,18,0,18,0.04712389,2.70000,prps,2,2702
133381,133.381,1,4004,54004,lowband_largesig_r01,prps,1411,-39,-0.329358,17,0,17,0.04450589,2.55000,prps,2,2706
133401,133.401,1,4004,54004,lowband_largesig_r01,prps,1405,-45,-0.380621,16,0,16,0.04188790,2.40000,prps,2,2710
133421,133.421,1,4004,54004,lowband_largesig_r01,prps,1396,-54,-0.450385,16,0,16,0.04188790,2.40000,prps,2,2714
133441,133.441,1,4004,54004,lowband_largesig_r01,prps,1387,-63,-0.526019,16,0,16,0.04188790,2.40000,prps,2,2718
133461,133.461,1,4004,54004,lowband_largesig_r01,prps,1380,-70,-0.592053,18,0,18,0.04712389,2.70000,prps,2,2722
133481,133.481,1,4004,54004,lowband_largesig_r01,prps,1375,-75,-0.632840,22,0,22,0.05759586,3.30000,prps,2,2726
133501,133.501,1,4004,54004,lowband_largesig_r01,prps,1374,-76,-0.635311,26,0,26,0.06806784,3.90000,prps,2,2730
133521,133.521,1,4004,54004,lowband_largesig_r01,prps,1380,-70,-0.591380,29,0,29,0.07592182,4.35000,prps,2,2734
133541,133.541,1,4004,54004,lowband_largesig_r01,prps,1391,-59,-0.499569,32,0,32,0.08377580,4.80000,prps,2,2738
133561,133.561,1,4004,54004,lowband_largesig_r01,prps,1406,-44,-0.365602,33,0,33,0.08639380,4.95000,prps,2,2742
133581,133.581,1,4004,54004,lowband_largesig_r01,prps,1426,-24,-0.201838,32,0,32,0.08377580,4.80000,prps,2,2746
133601,133.601,1,4004,54004,lowband_largesig_r01,prps,1447,-3,-0.025637,26,0,26,0.06806784,3.90000,prps,2,2750
133621,133.621,1,4004,54004,lowband_largesig_r01,prps,1467,17,0.143098,17,0,17,0.04450589,2.55000,prps,2,2754
133641,133.641,1,4004,54004,lowband_largesig_r01,prps,1484,34,0.284808,6,0,6,0.01570796,0.90000,prps,2,2758
133661,133.661,1,4004,54004,lowband_largesig_r01,prps,1496,46,0.383147,-3,0,-3,-0.00785398,-0.45000,prps,2,2762
133681,133.681,1,4004,54004,lowband_largesig_r01,prps,1501,51,0.427386,-12,0,-12,-0.03141592,-1.80000,prps,2,2766
133701,133.701,1,4004,54004,lowband_largesig_r01,prps,1499,49,0.413978,-21,0,-21,-0.05497787,-3.15000,prps,2,2770
133721,133.721,1,4004,54004,lowband_largesig_r01,prps,1491,41,0.347066,-29,0,-29,-0.07592182,-4.35000,prps,2,2774
133741,133.741,1,4004,54004,lowband_largesig_r01,prps,1478,28,0.237857,-32,0,-32,-0.08377580,-4.80000,prps,2,2778
133761,133.761,1,4004,54004,lowband_largesig_r01,prps,1462,12,0.102993,-31,0,-31,-0.08115781,-4.65000,prps,2,2782
133781,133.781,1,4004,54004,lowband_largesig_r01,prps,1445,-5,-0.037830,-27,0,-27,-0.07068583,-4.05000,prps,2,2786
133801,133.801,1,4004,54004,lowband_largesig_r01,prps,1430,-20,-0.164598,-20,0,-20,-0.05235988,-3.00000,prps,2,2790
133821,133.821,1,4004,54004,lowband_largesig_r01,prps,1419,-31,-0.259673,-12,0,-12,-0.03141592,-1.80000,prps,2,2794
133841,133.841,1,4004,54004,lowband_largesig_r01,prps,1413,-37,-0.310038,-3,0,-3,-0.00785398,-0.45000,prps,2,2798
133861,133.861,1,4004,54004,lowband_largesig_r01,prps,1413,-37,-0.308800,5,0,5,0.01308997,0.75000,prps,2,2802
133881,133.881,1,4004,54004,lowband_largesig_r01,prps,1420,-30,-0.255761,10,0,10,0.02617994,1.50000,prps,2,2806
133901,133.901,1,4004,54004,lowband_largesig_r01,prps,1431,-19,-0.157047,13,0,13,0.03403392,1.95000,prps,2,2810
133921,133.921,1,4004,54004,lowband_largesig_r01,prps,1447,-3,-0.023905,13,0,13,0.03403392,1.95000,prps,2,2814
133941,133.941,1,4004,54004,lowband_largesig_r01,prps,1465,15,0.129085,11,0,11,0.02879793,1.65000,prps,2,2818
133961,133.961,1,4004,54004,lowband_largesig_r01,prps,1484,34,0.286074,5,0,5,0.01308997,0.75000,prps,2,2822
133981,133.981,1,4004,54004,lowband_largesig_r01,prps,1501,51,0.431964,-2,0,-2,-0.00523599,-0.30000,prps,2,2826
134001,134.001,1,4004,54004,lowband_largesig_r01,prps,1516,66,0.554085,-10,0,-10,-0.02617994,-1.50000,prps,2,2830
134021,134.021,1,4004,54004,lowband_largesig_r01,prps,1527,77,0.643340,-21,0,-21,-0.05497787,-3.15000,prps,2,2834
134041,134.041,1,4004,54004,lowband_largesig_r01,prps,1533,83,0.694720,-32,0,-32,-0.08377580,-4.80000,prps,2,2838
134061,134.061,1,4004,54004,lowband_largesig_r01,prps,1534,84,0.707202,-41,0,-41,-0.10733775,-6.15000,prps,2,2842
134081,134.081,1,4004,54004,lowband_largesig_r01,prps,1531,81,0.683160,-48,0,-48,-0.12566370,-7.20000,prps,2,2846
134101,134.101,1,4004,54004,lowband_largesig_r01,prps,1525,75,0.627475,-50,0,-50,-0.13089970,-7.50000,prps,2,2850
134121,134.121,1,4004,54004,lowband_largesig_r01,prps,1515,65,0.546536,-51,0,-51,-0.13351768,-7.65000,prps,2,2854
134141,134.141,1,4004,54004,lowband_largesig_r01,prps,1503,53,0.447356,-50,0,-50,-0.13089970,-7.50000,prps,2,2858
134161,134.161,1,4004,54004,lowband_largesig_r01,prps,1490,40,0.336911,-47,0,-47,-0.12304571,-7.05000,prps,2,2862
134181,134.181,1,4004,54004,lowband_largesig_r01,prps,1476,26,0.221776,-42,0,-42,-0.10995574,-6.30000,prps,2,2866
134201,134.201,1,4004,54004,lowband_largesig_r01,prps,1463,13,0.108039,-36,0,-36,-0.09424778,-5.40000,prps,2,2870
134221,134.221,1,4004,54004,lowband_largesig_r01,prps,1450,0,0.001400,-30,0,-30,-0.07853982,-4.50000,prps,2,2874
134241,134.241,1,4004,54004,lowband_largesig_r01,prps,1439,-11,-0.092674,-22,0,-22,-0.05759586,-3.30000,prps,2,2878
134261,134.261,1,4004,54004,lowband_largesig_r01,prps,1430,-20,-0.168868,-15,0,-15,-0.03926991,-2.25000,prps,2,2882
134281,134.281,1,4004,54004,lowband_largesig_r01,prps,1424,-26,-0.222131,-7,0,-7,-0.01832596,-1.05000,prps,2,2886
134301,134.301,1,4004,54004,lowband_largesig_r01,prps,1420,-30,-0.248019,0,0,0,0.00000000,0.00000,prps,2,2890
134321,134.321,1,4004,54004,lowband_largesig_r01,prps,1421,-29,-0.243253,5,0,5,0.01308997,0.75000,prps,2,2894
134341,134.341,1,4004,54004,lowband_largesig_r01,prps,1425,-25,-0.206398,9,0,9,0.02356194,1.35000,prps,2,2898
134361,134.361,1,4004,54004,lowband_largesig_r01,prps,1434,-16,-0.138519,10,0,10,0.02617994,1.50000,prps,2,2902
134381,134.381,1,4004,54004,lowband_largesig_r01,prps,1445,-5,-0.043637,9,0,9,0.02356194,1.35000,prps,2,2906
134401,134.401,1,4004,54004,lowband_largesig_r01,prps,1458,8,0.071162,8,0,8,0.02094395,1.20000,prps,2,2910
134421,134.421,1,4004,54004,lowband_largesig_r01,prps,1473,23,0.196068,5,0,5,0.01308997,0.75000,prps,2,2914
134441,134.441,1,4004,54004,lowband_largesig_r01,prps,1488,38,0.319376,0,0,0,0.00000000,0.00000,prps,2,2918
134461,134.461,1,4004,54004,lowband_largesig_r01,prps,1501,51,0.428718,-6,0,-6,-0.01570796,-0.90000,prps,2,2922
134481,134.481,1,4004,54004,lowband_largesig_r01,prps,1511,61,0.512552,-14,0,-14,-0.03665191,-2.10000,prps,2,2926
134501,134.501,1,4004,54004,lowband_largesig_r01,prps,1517,67,0.561691,-23,0,-23,-0.06021386,-3.45000,prps,2,2930
134521,134.521,1,4004,54004,lowband_largesig_r01,prps,1518,68,0.570618,-31,0,-31,-0.08115781,-4.65000,prps,2,2934
134541,134.541,1,4004,54004,lowband_largesig_r01,prps,1514,64,0.538348,-38,0,-38,-0.09948376,-5.70000,prps,2,2938
134561,134.561,1,4004,54004,lowband_largesig_r01,prps,1506,56,0.468677,-41,0,-41,-0.10733775,-6.15000,prps,2,2942
134581,134.581,1,4004,54004,lowband_largesig_r01,prps,1494,44,0.369733,-42,0,-42,-0.10995574,-6.30000,prps,2,2946
134601,134.601,1,4004,54004,lowband_largesig_r01,prps,1480,30,0.252866,-40,0,-40,-0.10471976,-6.00000,prps,2,2950
134621,134.621,1,4004,54004,lowband_largesig_r01,prps,1466,16,0.131032,-37,0,-37,-0.09686577,-5.55000,prps,2,2954
134641,134.641,1,4004,54004,lowband_largesig_r01,prps,1452,2,0.016918,-31,0,-31,-0.08115781,-4.65000,prps,2,2958
134661,134.661,1,4004,54004,lowband_largesig_r01,prps,1441,-9,-0.078902,-24,0,-24,-0.06283185,-3.60000,prps,2,2962
134681,134.681,1,4004,54004,lowband_largesig_r01,prps,1432,-18,-0.149465,-16,0,-16,-0.04188790,-2.40000,prps,2,2966
134701,134.701,1,4004,54004,lowband_largesig_r01,prps,1427,-23,-0.192334,-9,0,-9,-0.02356194,-1.35000,prps,2,2970
134721,134.721,1,4004,54004,lowband_largesig_r01,prps,1425,-25,-0.209757,-2,0,-2,-0.00523599,-0.30000,prps,2,2974
134741,134.741,1,4004,54004,lowband_largesig_r01,prps,1425,-25,-0.208053,3,0,3,0.00785398,0.45000,prps,2,2978
134761,134.761,1,4004,54004,lowband_largesig_r01,prps,1427,-23,-0.196320,5,0,5,0.01308997,0.75000,prps,2,2982
134781,134.781,1,4004,54004,lowband_largesig_r01,prps,1428,-22,-0.184673,6,0,6,0.01570796,0.90000,prps,2,2986
134801,134.801,1,4004,54004,lowband_largesig_r01,prps,1428,-22,-0.182344,6,0,6,0.01570796,0.90000,prps,2,2990
134821,134.821,1,4004,54004,lowband_largesig_r01,prps,1427,-23,-0.195941,6,0,6,0.01570796,0.90000,prps,2,2994
134841,134.841,1,4004,54004,lowband_largesig_r01,prps,1423,-27,-0.228197,6,0,6,0.01570796,0.90000,prps,2,2998
134861,134.861,1,4004,54004,lowband_largesig_r01,prps,1417,-33,-0.277423,6,0,6,0.01570796,0.90000,prps,2,3002
134881,134.881,1,4004,54004,lowband_largesig_r01,prps,1410,-40,-0.337766,8,0,8,0.02094395,1.20000,prps,2,3006
134901,134.901,1,4004,54004,lowband_largesig_r01,prps,1402,-48,-0.400236,11,0,11,0.02879793,1.65000,prps,2,3010
134921,134.921,1,4004,54004,lowband_largesig_r01,prps,1396,-54,-0.454316,13,0,13,0.03403392,1.95000,prps,2,3014
134941,134.941,1,4004,54004,lowband_largesig_r01,prps,1392,-58,-0.489887,14,0,14,0.03665191,2.10000,prps,2,3018
134961,134.961,1,4004,54004,lowband_largesig_r01,prps,1391,-59,-0.499117,16,0,16,0.04188790,2.40000,prps,2,3022
134981,134.981,1,4004,54004,lowband_largesig_r01,prps,1393,-57,-0.477968,18,0,18,0.04712389,2.70000,prps,2,3026
135001,135.001,1,4004,54004,lowband_largesig_r01,prps,1399,-51,-0.427071,20,0,20,0.05235988,3.00000,prps,2,3030
135021,135.021,1,4004,54004,lowband_largesig_r01,prps,1408,-42,-0.351767,21,0,21,0.05497787,3.15000,prps,2,3034
135041,135.041,1,4004,54004,lowband_largesig_r01,prps,1419,-31,-0.261334,21,0,21,0.05497787,3.15000,prps,2,3038
135061,135.061,1,4004,54004,lowband_largesig_r01,prps,1430,-20,-0.167499,20,0,20,0.05235988,3.00000,prps,2,3042
135081,135.081,1,4004,54004,lowband_largesig_r01,prps,1440,-10,-0.082496,16,0,16,0.04188790,2.40000,prps,2,3046
135101,135.101,1,4004,54004,lowband_largesig_r01,prps,1448,-2,-0.017023,11,0,11,0.02879793,1.65000,prps,2,3050
135121,135.121,1,4004,54004,lowband_largesig_r01,prps,1453,3,0.021559,7,0,7,0.01832596,1.05000,prps,2,3054
135141,135.141,1,4004,54004,lowband_largesig_r01,prps,1454,4,0.030446,3,0,3,0.00785398,0.45000,prps,2,3058
135161,135.161,1,4004,54004,lowband_largesig_r01,prps,1451,1,0.011818,1,0,1,0.00261799,0.15000,prps,2,3062
135181,135.181,1,4004,54004,lowband_largesig_r01,prps,1447,-3,-0.027615,-1,0,-1,-0.00261799,-0.15000,prps,2,3066
135201,135.201,1,4004,54004,lowband_largesig_r01,prps,1441,-9,-0.077885,-2,0,-2,-0.00523599,-0.30000,prps,2,3070
135221,135.221,1,4004,54004,lowband_largesig_r01,prps,1435,-15,-0.127621,-1,0,-1,-0.00261799,-0.15000,prps,2,3074
135241,135.241,1,4004,54004,lowband_largesig_r01,prps,1430,-20,-0.166172,-1,0,-1,-0.00261799,-0.15000,prps,2,3078
135261,135.261,1,4004,54004,lowband_largesig_r01,prps,1428,-22,-0.185611,0,0,0,0.00000000,0.00000,prps,2,3082
135281,135.281,1,4004,54004,lowband_largesig_r01,prps,1428,-22,-0.182266,2,0,2,0.00523599,0.30000,prps,2,3086
135301,135.301,1,4004,54004,lowband_largesig_r01,prps,1431,-19,-0.157483,4,0,4,0.01047198,0.60000,prps,2,3090
135321,135.321,1,4004,54004,lowband_largesig_r01,prps,1436,-14,-0.117467,5,0,5,0.01308997,0.75000,prps,2,3094
135341,135.341,1,4004,54004,lowband_largesig_r01,prps,1441,-9,-0.072224,5,0,5,0.01308997,0.75000,prps,2,3098
135361,135.361,1,4004,54004,lowband_largesig_r01,prps,1446,-4,-0.033756,4,0,4,0.01047198,0.60000,prps,2,3102
135381,135.381,1,4004,54004,lowband_largesig_r01,prps,1448,-2,-0.013832,4,0,4,0.01047198,0.60000,prps,2,3106
135401,135.401,1,4004,54004,lowband_largesig_r01,prps,1447,-3,-0.021709,4,0,4,0.01047198,0.60000,prps,2,3110
135421,135.421,1,4004,54004,lowband_largesig_r01,prps,1443,-7,-0.062219,3,0,3,0.00785398,0.45000,prps,2,3114
135441,135.441,1,4004,54004,lowband_largesig_r01,prps,1434,-16,-0.134567,2,0,2,0.00523599,0.30000,prps,2,3118
135461,135.461,1,4004,54004,lowband_largesig_r01,prps,1422,-28,-0.232075,2,0,2,0.00523599,0.30000,prps,2,3122
135481,135.481,1,4004,54004,lowband_largesig_r01,prps,1409,-41,-0.342942,3,0,3,0.00785398,0.45000,prps,2,3126
135501,135.501,1,4004,54004,lowband_largesig_r01,prps,1396,-54,-0.451921,6,0,6,0.01570796,0.90000,prps,2,3130
135521,135.521,1,4004,54004,lowband_largesig_r01,prps,1385,-65,-0.542652,10,0,10,0.02617994,1.50000,prps,2,3134
135541,135.541,1,4004,54004,lowband_largesig_r01,prps,1379,-71,-0.600264,16,0,16,0.04188790,2.40000,prps,2,3138
135561,135.561,1,4004,54004,lowband_largesig_r01,prps,1377,-73,-0.613818,20,0,20,0.05235988,3.00000,prps,2,3142
135581,135.581,1,4004,54004,lowband_largesig_r01,prps,1381,-69,-0.578174,25,0,25,0.06544985,3.75000,prps,2,3146
135601,135.601,1,4004,54004,lowband_largesig_r01,prps,1391,-59,-0.494959,28,0,28,0.07330382,4.20000,prps,2,3150
135621,135.621,1,4004,54004,lowband_largesig_r01,prps,1406,-44,-0.372467,29,0,29,0.07592182,4.35000,prps,2,3154
135641,135.641,1,4004,54004,lowband_largesig_r01,prps,1423,-27,-0.224473,29,0,29,0.07592182,4.35000,prps,2,3158
135661,135.661,1,4004,54004,lowband_largesig_r01,prps,1442,-8,-0.068177,25,0,25,0.06544985,3.75000,prps,2,3162
135681,135.681,1,4004,54004,lowband_largesig_r01,prps,1459,9,0.078425,17,0,17,0.04450589,2.55000,prps,2,3166
135701,135.701,1,4004,54004,lowband_largesig_r01,prps,1474,24,0.199287,8,0,8,0.02094395,1.20000,prps,2,3170
135721,135.721,1,4004,54004,lowband_largesig_r01,prps,1484,34,0.282744,0,0,0,0.00000000,0.00000,prps,2,3174
135741,135.741,1,4004,54004,lowband_largesig_r01,prps,1488,38,0.323216,-8,0,-8,-0.02094395,-1.20000,prps,2,3178
135761,135.761,1,4004,54004,lowband_largesig_r01,prps,1488,38,0.321921,-14,0,-14,-0.03665191,-2.10000,prps,2,3182
135781,135.781,1,4004,54004,lowband_largesig_r01,prps,1484,34,0.286468,-20,0,-20,-0.05235988,-3.00000,prps,2,3186
135801,135.801,1,4004,54004,lowband_largesig_r01,prps,1477,27,0.229418,-24,0,-24,-0.06283185,-3.60000,prps,2,3190
135821,135.821,1,4004,54004,lowband_largesig_r01,prps,1470,20,0.166049,-25,0,-25,-0.06544985,-3.75000,prps,2,3194
135841,135.841,1,4004,54004,lowband_largesig_r01,prps,1463,13,0.111705,-24,0,-24,-0.06283185,-3.60000,prps,2,3198
135861,135.861,1,4004,54004,lowband_largesig_r01,prps,1459,9,0.079171,-23,0,-23,-0.06021386,-3.45000,prps,2,3202
135881,135.881,1,4004,54004,lowband_largesig_r01,prps,1459,9,0.076514,-21,0,-21,-0.05497787,-3.15000,prps,2,3206
135901,135.901,1,4004,54004,lowband_largesig_r01,prps,1463,13,0.105738,-18,0,-18,-0.04712389,-2.70000,prps,2,3210
135921,135.921,1,4004,54004,lowband_largesig_r01,prps,1469,19,0.162477,-16,0,-16,-0.04188790,-2.40000,prps,2,3214
135941,135.941,1,4004,54004,lowband_largesig_r01,prps,1478,28,0.236760,-15,0,-15,-0.03926991,-2.25000,prps,2,3218
135961,135.961,1,4004,54004,lowband_largesig_r01,prps,1487,37,0.314724,-15,0,-15,-0.03926991,-2.25000,prps,2,3222
135981,135.981,1,4004,54004,lowband_largesig_r01,prps,1495,45,0.380965,-15,0,-15,-0.03926991,-2.25000,prps,2,3226
136001,136.001,1,4004,54004,lowband_largesig_r01,prps,1500,50,0.421146,-18,0,-18,-0.04712389,-2.70000,prps,2,3230
136021,136.021,1,4004,54004,lowband_largesig_r01,prps,1501,51,0.424428,-22,0,-22,-0.05759586,-3.30000,prps,2,3234
136041,136.041,1,4004,54004,lowband_largesig_r01,prps,1496,46,0.385313,-26,0,-26,-0.06806784,-3.90000,prps,2,3238
136061,136.061,1,4004,54004,lowband_largesig_r01,prps,1486,36,0.304629,-30,0,-30,-0.07853982,-4.50000,prps,2,3242
136081,136.081,1,4004,54004,lowband_largesig_r01,prps,1473,23,0.189480,-30,0,-30,-0.07853982,-4.50000,prps,2,3246
136101,136.101,1,4004,54004,lowband_largesig_r01,prps,1456,6,0.052213,-29,0,-29,-0.07592182,-4.35000,prps,2,3250
136121,136.121,1,4004,54004,lowband_largesig_r01,prps,1439,-11,-0.091438,-25,0,-25,-0.06544985,-3.75000,prps,2,3254
136141,136.141,1,4004,54004,lowband_largesig_r01,prps,1423,-27,-0.224695,-19,0,-19,-0.04974188,-2.85000,prps,2,3258
136161,136.161,1,4004,54004,lowband_largesig_r01,prps,1410,-40,-0.332201,-10,0,-10,-0.02617994,-1.50000,prps,2,3262
136181,136.181,1,4004,54004,lowband_largesig_r01,prps,1402,-48,-0.402198,1,0,1,0.00261799,0.15000,prps,2,3266
136201,136.201,1,4004,54004,lowband_largesig_r01,prps,1399,-51,-0.428084,10,0,10,0.02617994,1.50000,prps,2,3270
136221,136.221,1,4004,54004,lowband_largesig_r01,prps,1401,-49,-0.409141,16,0,16,0.04188790,2.40000,prps,2,3274
136241,136.241,1,4004,54004,lowband_largesig_r01,prps,1408,-42,-0.350331,19,0,19,0.04974188,2.85000,prps,2,3278
136261,136.261,1,4004,54004,lowband_largesig_r01,prps,1419,-31,-0.261250,19,0,19,0.04974188,2.85000,prps,2,3282
136281,136.281,1,4004,54004,lowband_largesig_r01,prps,1432,-18,-0.154454,18,0,18,0.04712389,2.70000,prps,2,3286
136301,136.301,1,4004,54004,lowband_largesig_r01,prps,1445,-5,-0.043426,15,0,15,0.03926991,2.25000,prps,2,3290
136321,136.321,1,4004,54004,lowband_largesig_r01,prps,1457,7,0.059428,9,0,9,0.02356194,1.35000,prps,2,3294
136341,136.341,1,4004,54004,lowband_largesig_r01,prps,1467,17,0.144480,5,0,5,0.01308997,0.75000,prps,2,3298
136361,136.361,1,4004,54004,lowband_largesig_r01,prps,1475,25,0.205993,0,0,0,0.00000000,0.00000,prps,2,3302
136381,136.381,1,4004,54004,lowband_largesig_r01,prps,1479,29,0.242531,-4,0,-4,-0.01047198,-0.60000,prps,2,3306
136401,136.401,1,4004,54004,lowband_largesig_r01,prps,1481,31,0.256647,-9,0,-9,-0.02356194,-1.35000,prps,2,3310
136421,136.421,1,4004,54004,lowband_largesig_r01,prps,1480,30,0.253960,-13,0,-13,-0.03403392,-1.95000,prps,2,3314
136441,136.441,1,4004,54004,lowband_largesig_r01,prps,1479,29,0.241831,-17,0,-17,-0.04450589,-2.55000,prps,2,3318
136461,136.461,1,4004,54004,lowband_largesig_r01,prps,1477,27,0.227893,-20,0,-20,-0.05235988,-3.00000,prps,2,3322
136481,136.481,1,4004,54004,lowband_largesig_r01,prps,1476,26,0.218703,-20,0,-20,-0.05235988,-3.00000,prps,2,3326
136501,136.501,1,4004,54004,lowband_largesig_r01,prps,1476,26,0.218732,-20,0,-20,-0.05235988,-3.00000,prps,2,3330
136521,136.521,1,4004,54004,lowband_largesig_r01,prps,1477,27,0.229835,-20,0,-20,-0.05235988,-3.00000,prps,2,3334
136541,136.541,1,4004,54004,lowband_largesig_r01,prps,1480,30,0.251242,-20,0,-20,-0.05235988,-3.00000,prps,2,3338
136561,136.561,1,4004,54004,lowband_largesig_r01,prps,1483,33,0.280011,-20,0,-20,-0.05235988,-3.00000,prps,2,3342
136581,136.581,1,4004,54004,lowband_largesig_r01,prps,1487,37,0.311816,-21,0,-21,-0.05497787,-3.15000,prps,2,3346
136601,136.601,1,4004,54004,lowband_largesig_r01,prps,1491,41,0.341861,-21,0,-21,-0.05497787,-3.15000,prps,2,3350
136621,136.621,1,4004,54004,lowband_largesig_r01,prps,1494,44,0.365759,-22,0,-22,-0.05759586,-3.30000,prps,2,3354
136641,136.641,1,4004,54004,lowband_largesig_r01,prps,1495,45,0.380185,-23,0,-23,-0.06021386,-3.45000,prps,2,3358
136661,136.661,1,4004,54004,lowband_largesig_r01,prps,1496,46,0.383217,-26,0,-26,-0.06806784,-3.90000,prps,2,3362
136681,136.681,1,4004,54004,lowband_largesig_r01,prps,1495,45,0.374341,-28,0,-28,-0.07330382,-4.20000,prps,2,3366
136701,136.701,1,4004,54004,lowband_largesig_r01,prps,1492,42,0.354168,-30,0,-30,-0.07853982,-4.50000,prps,2,3370
136721,136.721,1,4004,54004,lowband_largesig_r01,prps,1489,39,0.323989,-30,0,-30,-0.07853982,-4.50000,prps,2,3374
136753,136.753,1,4004,54004,lowband_largesig_r01,prps,1484,34,0.285296,-29,0,-29,-0.07592182,-4.35000,prps,2,3378
136773,136.773,1,4004,54004,lowband_largesig_r01,prps,1478,28,0.239436,-29,0,-29,-0.07592182,-4.35000,prps,2,3382
136793,136.793,1,4004,54004,lowband_largesig_r01,prps,1472,22,0.187475,-27,0,-27,-0.07068583,-4.05000,prps,2,3386
136813,136.813,1,4004,54004,lowband_largesig_r01,prps,1466,16,0.130338,-26,0,-26,-0.06806784,-3.90000,prps,2,3390
136833,136.833,1,4004,54004,lowband_largesig_r01,prps,1458,8,0.069166,-24,0,-24,-0.06283185,-3.60000,prps,2,3394
136853,136.853,1,4004,54004,lowband_largesig_r01,prps,1451,1,0.005816,-22,0,-22,-0.05759586,-3.30000,prps,2,3398
136873,136.873,1,4004,54004,lowband_largesig_r01,prps,1443,-7,-0.056667,-18,0,-18,-0.04712389,-2.70000,prps,2,3402
136893,136.893,1,4004,54004,lowband_largesig_r01,prps,1436,-14,-0.113763,-14,0,-14,-0.03665191,-2.10000,prps,2,3406
136913,136.913,1,4004,54004,lowband_largesig_r01,prps,1431,-19,-0.159512,-9,0,-9,-0.02356194,-1.35000,prps,2,3410
136933,136.933,1,4004,54004,lowband_largesig_r01,prps,1428,-22,-0.186956,-4,0,-4,-0.01047198,-0.60000,prps,2,3414
136953,136.953,1,4004,54004,lowband_largesig_r01,prps,1428,-22,-0.188989,1,0,1,0.00261799,0.15000,prps,2,3418
136973,136.973,1,4004,54004,lowband_largesig_r01,prps,1431,-19,-0.159517,4,0,4,0.01047198,0.60000,prps,2,3422
136993,136.993,1,4004,54004,lowband_largesig_r01,prps,1439,-11,-0.094751,5,0,5,0.01308997,0.75000,prps,2,3426
137013,137.013,1,4004,54004,lowband_largesig_r01,prps,1451,1,0.005601,5,0,5,0.01308997,0.75000,prps,2,3430
137033,137.033,1,4004,54004,lowband_largesig_r01,prps,1466,16,0.137478,5,0,5,0.01308997,0.75000,prps,2,3434
137053,137.053,1,4004,54004,lowband_largesig_r01,prps,1485,35,0.292186,3,0,3,0.00785398,0.45000,prps,2,3438
137073,137.073,1,4004,54004,lowband_largesig_r01,prps,1504,54,0.456803,-2,0,-2,-0.00523599,-0.30000,prps,2,3442
137093,137.093,1,4004,54004,lowband_largesig_r01,prps,1523,73,0.615313,-9,0,-9,-0.02356194,-1.35000,prps,2,3446
137113,137.113,1,4004,54004,lowband_largesig_r01,prps,1539,89,0.750375,-19,0,-19,-0.04974188,-2.85000,prps,2,3450
137133,137.133,1,4004,54004,lowband_largesig_r01,prps,1551,101,0.845484,-32,0,-32,-0.08377580,-4.80000,prps,2,3454
137153,137.153,1,4004,54004,lowband_largesig_r01,prps,1556,106,0.887254,-43,0,-43,-0.11257374,-6.45000,prps,2,3458
137173,137.173,1,4004,54004,lowband_largesig_r01,prps,1553,103,0.867439,-53,0,-53,-0.13875367,-7.95000,prps,2,3462
137193,137.193,1,4004,54004,lowband_largesig_r01,prps,1543,93,0.784380,-61,0,-61,-0.15969762,-9.15000,prps,2,3466
137213,137.213,1,4004,54004,lowband_largesig_r01,prps,1527,77,0.643604,-65,0,-65,-0.17016960,-9.75000,prps,2,3470
137233,137.233,1,4004,54004,lowband_largesig_r01,prps,1504,54,0.457445,-65,0,-65,-0.17016960,-9.75000,prps,2,3474
137253,137.253,1,4004,54004,lowband_largesig_r01,prps,1479,29,0.243677,-59,0,-59,-0.15446164,-8.85000,prps,2,3478
137273,137.273,1,4004,54004,lowband_largesig_r01,prps,1453,3,0.023345,-49,0,-49,-0.12828170,-7.35000,prps,2,3482
137293,137.293,1,4004,54004,lowband_largesig_r01,prps,1428,-22,-0.181923,-38,0,-38,-0.09948376,-5.70000,prps,2,3486
137313,137.313,1,4004,54004,lowband_largesig_r01,prps,1408,-42,-0.352727,-25,0,-25,-0.06544985,-3.75000,prps,2,3490
137333,137.333,1,4004,54004,lowband_largesig_r01,prps,1394,-56,-0.474412,-10,0,-10,-0.02617994,-1.50000,prps,2,3494
137353,137.353,1,4004,54004,lowband_largesig_r01,prps,1386,-64,-0.538913,5,0,5,0.01308997,0.75000,prps,2,3498
137373,137.373,1,4004,54004,lowband_largesig_r01,prps,1385,-65,-0.545649,17,0,17,0.04450589,2.55000,prps,2,3502
137393,137.393,1,4004,54004,lowband_largesig_r01,prps,1390,-60,-0.501327,23,0,23,0.06021386,3.45000,prps,2,3506
137413,137.413,1,4004,54004,lowband_largesig_r01,prps,1400,-50,-0.418710,27,0,27,0.07068583,4.05000,prps,2,3510
137433,137.433,1,4004,54004,lowband_largesig_r01,prps,1413,-37,-0.314542,27,0,27,0.07068583,4.05000,prps,2,3514
137453,137.453,1,4004,54004,lowband_largesig_r01,prps,1425,-25,-0.206959,26,0,26,0.06806784,3.90000,prps,2,3518
137473,137.473,1,4004,54004,lowband_largesig_r01,prps,1437,-13,-0.112818,21,0,21,0.05497787,3.15000,prps,2,3522
137493,137.493,1,4004,54004,lowband_largesig_r01,prps,1445,-5,-0.045349,15,0,15,0.03926991,2.25000,prps,2,3526
137513,137.513,1,4004,54004,lowband_largesig_r01,prps,1449,-1,-0.012496,9,0,9,0.02356194,1.35000,prps,2,3530
137533,137.533,1,4004,54004,lowband_largesig_r01,prps,1448,-2,-0.016183,5,0,5,0.01308997,0.75000,prps,2,3534
137553,137.553,1,4004,54004,lowband_largesig_r01,prps,1444,-6,-0.052597,2,0,2,0.00523599,0.30000,prps,2,3538
137573,137.573,1,4004,54004,lowband_largesig_r01,prps,1437,-13,-0.113379,1,0,1,0.00261799,0.15000,prps,2,3542
137593,137.593,1,4004,54004,lowband_largesig_r01,prps,1428,-22,-0.187494,1,0,1,0.00261799,0.15000,prps,2,3546
137613,137.613,1,4004,54004,lowband_largesig_r01,prps,1419,-31,-0.263428,2,0,2,0.00523599,0.30000,prps,2,3550
137633,137.633,1,4004,54004,lowband_largesig_r01,prps,1411,-39,-0.331300,4,0,4,0.01047198,0.60000,prps,2,3554
137653,137.653,1,4004,54004,lowband_largesig_r01,prps,1404,-46,-0.384534,6,0,6,0.01570796,0.90000,prps,2,3558
137673,137.673,1,4004,54004,lowband_largesig_r01,prps,1400,-50,-0.420787,10,0,10,0.02617994,1.50000,prps,2,3562
137693,137.693,1,4004,54004,lowband_largesig_r01,prps,1397,-53,-0.441996,13,0,13,0.03403392,1.95000,prps,2,3566
137713,137.713,1,4004,54004,lowband_largesig_r01,prps,1396,-54,-0.453561,17,0,17,0.04450589,2.55000,prps,2,3570
137733,137.733,1,4004,54004,lowband_largesig_r01,prps,1395,-55,-0.462826,18,0,18,0.04712389,2.70000,prps,2,3574
137753,137.753,1,4004,54004,lowband_largesig_r01,prps,1393,-57,-0.477181,19,0,19,0.04974188,2.85000,prps,2,3578
137773,137.773,1,4004,54004,lowband_largesig_r01,prps,1390,-60,-0.502131,20,0,20,0.05235988,3.00000,prps,2,3582
137793,137.793,1,4004,54004,lowband_largesig_r01,prps,1386,-64,-0.539738,21,0,21,0.05497787,3.15000,prps,2,3586
137813,137.813,1,4004,54004,lowband_largesig_r01,prps,1380,-70,-0.587726,23,0,23,0.06021386,3.45000,prps,2,3590
137833,137.833,1,4004,54004,lowband_largesig_r01,prps,1374,-76,-0.639447,25,0,25,0.06544985,3.75000,prps,2,3594
137853,137.853,1,4004,54004,lowband_largesig_r01,prps,1369,-81,-0.684750,27,0,27,0.07068583,4.05000,prps,2,3598
137873,137.873,1,4004,54004,lowband_largesig_r01,prps,1365,-85,-0.711605,30,0,30,0.07853982,4.50000,prps,2,3602
137893,137.893,1,4004,54004,lowband_largesig_r01,prps,1366,-84,-0.708216,33,0,33,0.08639380,4.95000,prps,2,3606
137913,137.913,1,4004,54004,lowband_largesig_r01,prps,1371,-79,-0.665261,35,0,35,0.09162979,5.25000,prps,2,3610
137933,137.933,1,4004,54004,lowband_largesig_r01,prps,1381,-69,-0.577829,37,0,37,0.09686577,5.55000,prps,2,3614
137953,137.953,1,4004,54004,lowband_largesig_r01,prps,1397,-53,-0.446732,37,0,37,0.09686577,5.55000,prps,2,3618
137973,137.973,1,4004,54004,lowband_largesig_r01,prps,1417,-33,-0.278892,36,0,36,0.09424778,5.40000,prps,2,3622
137993,137.993,1,4004,54004,lowband_largesig_r01,prps,1440,-10,-0.086742,32,0,32,0.08377580,4.80000,prps,2,3626
138013,138.013,1,4004,54004,lowband_largesig_r01,prps,1463,13,0.113329,23,0,23,0.06021386,3.45000,prps,2,3630
138033,138.033,1,4004,54004,lowband_largesig_r01,prps,1486,36,0.303223,12,0,12,0.03141592,1.80000,prps,2,3634
138053,138.053,1,4004,54004,lowband_largesig_r01,prps,1505,55,0.465740,2,0,2,0.00523599,0.30000,prps,2,3638
138073,138.073,1,4004,54004,lowband_largesig_r01,prps,1520,70,0.587100,-9,0,-9,-0.02356194,-1.35000,prps,2,3642
138093,138.093,1,4004,54004,lowband_largesig_r01,prps,1528,78,0.658972,-21,0,-21,-0.05497787,-3.15000,prps,2,3646
138113,138.113,1,4004,54004,lowband_largesig_r01,prps,1531,81,0.679669,-32,0,-32,-0.08377580,-4.80000,prps,2,3650
138133,138.133,1,4004,54004,lowband_largesig_r01,prps,1528,78,0.654303,-42,0,-42,-0.10995574,-6.30000,prps,2,3654
138153,138.153,1,4004,54004,lowband_largesig_r01,prps,1521,71,0.593866,-47,0,-47,-0.12304571,-7.05000,prps,2,3658
138173,138.173,1,4004,54004,lowband_largesig_r01,prps,1511,61,0.513385,-48,0,-48,-0.12566370,-7.20000,prps,2,3662
138193,138.193,1,4004,54004,lowband_largesig_r01,prps,1501,51,0.429448,-47,0,-47,-0.12304571,-7.05000,prps,2,3666
138213,138.213,1,4004,54004,lowband_largesig_r01,prps,1493,43,0.357513,-46,0,-46,-0.12042772,-6.90000,prps,2,3670
138233,138.233,1,4004,54004,lowband_largesig_r01,prps,1487,37,0.309428,-43,0,-43,-0.11257374,-6.45000,prps,2,3674
138253,138.253,1,4004,54004,lowband_largesig_r01,prps,1485,35,0.291575,-38,0,-38,-0.09948376,-5.70000,prps,2,3678
138273,138.273,1,4004,54004,lowband_largesig_r01,prps,1486,36,0.303942,-34,0,-34,-0.08901179,-5.10000,prps,2,3682
138293,138.293,1,4004,54004,lowband_largesig_r01,prps,1490,40,0.340247,-31,0,-31,-0.08115781,-4.65000,prps,2,3686
138313,138.313,1,4004,54004,lowband_largesig_r01,prps,1496,46,0.389104,-28,0,-28,-0.07330382,-4.20000,prps,2,3690
138333,138.333,1,4004,54004,lowband_largesig_r01,prps,1502,52,0.436016,-29,0,-29,-0.07592182,-4.35000,prps,2,3694
138353,138.353,1,4004,54004,lowband_largesig_r01,prps,1505,55,0.465860,-29,0,-29,-0.07592182,-4.35000,prps,2,3698
138373,138.373,1,4004,54004,lowband_largesig_r01,prps,1505,55,0.465447,-30,0,-30,-0.07853982,-4.50000,prps,2,3702
138393,138.393,1,4004,54004,lowband_largesig_r01,prps,1501,51,0.425746,-30,0,-30,-0.07853982,-4.50000,prps,2,3706
138413,138.413,1,4004,54004,lowband_largesig_r01,prps,1491,41,0.343395,-32,0,-32,-0.08377580,-4.80000,prps,2,3710
138433,138.433,1,4004,54004,lowband_largesig_r01,prps,1476,26,0.221281,-32,0,-32,-0.08377580,-4.80000,prps,2,3714
138453,138.453,1,4004,54004,lowband_largesig_r01,prps,1458,8,0.068107,-31,0,-31,-0.08115781,-4.65000,prps,2,3718
138473,138.473,1,4004,54004,lowband_largesig_r01,prps,1438,-12,-0.102971,-28,0,-28,-0.07330382,-4.20000,prps,2,3722
138493,138.493,1,4004,54004,lowband_largesig_r01,prps,1417,-33,-0.276383,-22,0,-22,-0.05759586,-3.30000,prps,2,3726
138513,138.513,1,4004,54004,lowband_largesig_r01,prps,1398,-52,-0.436518,-12,0,-12,-0.03141592,-1.80000,prps,2,3730
138533,138.533,1,4004,54004,lowband_largesig_r01,prps,1382,-68,-0.570036,0,0,0,0.00000000,0.00000,prps,2,3734
138553,138.553,1,4004,54004,lowband_largesig_r01,prps,1371,-79,-0.667752,12,0,12,0.03141592,1.80000,prps,2,3738
138573,138.573,1,4004,54004,lowband_largesig_r01,prps,1364,-86,-0.725792,21,0,21,0.05497787,3.15000,prps,2,3742
138593,138.593,1,4004,54004,lowband_largesig_r01,prps,1361,-89,-0.745867,30,0,30,0.07853982,4.50000,prps,2,3746
138613,138.613,1,4004,54004,lowband_largesig_r01,prps,1363,-87,-0.734653,37,0,37,0.09686577,5.55000,prps,2,3750
138633,138.633,1,4004,54004,lowband_largesig_r01,prps,1366,-84,-0.702420,41,0,41,0.10733775,6.15000,prps,2,3754
138653,138.653,1,4004,54004,lowband_largesig_r01,prps,1371,-79,-0.661160,42,0,42,0.10995574,6.30000,prps,2,3758
138673,138.673,1,4004,54004,lowband_largesig_r01,prps,1376,-74,-0.622544,42,0,42,0.10995574,6.30000,prps,2,3762
138693,138.693,1,4004,54004,lowband_largesig_r01,prps,1379,-71,-0.596055,42,0,42,0.10995574,6.30000,prps,2,3766
138713,138.713,1,4004,54004,lowband_largesig_r01,prps,1380,-70,-0.587591,42,0,42,0.10995574,6.30000,prps,2,3770
138733,138.733,1,4004,54004,lowband_largesig_r01,prps,1379,-71,-0.598741,41,0,41,0.10733775,6.15000,prps,2,3774
138753,138.753,1,4004,54004,lowband_largesig_r01,prps,1375,-75,-0.626807,40,0,40,0.10471976,6.00000,prps,2,3778
138773,138.773,1,4004,54004,lowband_largesig_r01,prps,1371,-79,-0.665539,38,0,38,0.09948376,5.70000,prps,2,3782
138793,138.793,1,4004,54004,lowband_largesig_r01,prps,1366,-84,-0.706389,37,0,37,0.09686577,5.55000,prps,2,3786
138813,138.813,1,4004,54004,lowband_largesig_r01,prps,1362,-88,-0.740064,38,0,38,0.09948376,5.70000,prps,2,3790
138833,138.833,1,4004,54004,lowband_largesig_r01,prps,1360,-90,-0.758079,38,0,38,0.09948376,5.70000,prps,2,3794
138853,138.853,1,4004,54004,lowband_largesig_r01,prps,1360,-90,-0.754054,40,0,40,0.10471976,6.00000,prps,2,3798
138873,138.873,1,4004,54004,lowband_largesig_r01,prps,1364,-86,-0.724560,41,0,41,0.10733775,6.15000,prps,2,3802
138893,138.893,1,4004,54004,lowband_largesig_r01,prps,1370,-80,-0.669403,42,0,42,0.10995574,6.30000,prps,2,3806
138913,138.913,1,4004,54004,lowband_largesig_r01,prps,1380,-70,-0.591357,42,0,42,0.10995574,6.30000,prps,2,3810
138933,138.933,1,4004,54004,lowband_largesig_r01,prps,1391,-59,-0.495443,42,0,42,0.10995574,6.30000,prps,2,3814
138953,138.953,1,4004,54004,lowband_largesig_r01,prps,1404,-46,-0.387933,41,0,41,0.10733775,6.15000,prps,2,3818
138973,138.973,1,4004,54004,lowband_largesig_r01,prps,1417,-33,-0.275287,38,0,38,0.09948376,5.70000,prps,2,3822
138993,138.993,1,4004,54004,lowband_largesig_r01,prps,1431,-19,-0.163235,31,0,31,0.08115781,4.65000,prps,2,3826
139013,139.013,1,4004,54004,lowband_largesig_r01,prps,1443,-7,-0.056156,23,0,23,0.06021386,3.45000,prps,2,3830
139033,139.033,1,4004,54004,lowband_largesig_r01,prps,1455,5,0.043167,15,0,15,0.03926991,2.25000,prps,2,3834
139053,139.053,1,4004,54004,lowband_largesig_r01,prps,1466,16,0.133410,6,0,6,0.01570796,0.90000,prps,2,3838
139073,139.073,1,4004,54004,lowband_largesig_r01,prps,1475,25,0.214271,0,0,0,0.00000000,0.00000,prps,2,3842
139093,139.093,1,4004,54004,lowband_largesig_r01,prps,1484,34,0.285895,-6,0,-6,-0.01570796,-0.90000,prps,2,3846
139113,139.113,1,4004,54004,lowband_largesig_r01,prps,1491,41,0.348297,-10,0,-10,-0.02617994,-1.50000,prps,2,3850
139133,139.133,1,4004,54004,lowband_largesig_r01,prps,1498,48,0.400969,-16,0,-16,-0.04188790,-2.40000,prps,2,3854
139153,139.153,1,4004,54004,lowband_largesig_r01,prps,1503,53,0.442746,-21,0,-21,-0.05497787,-3.15000,prps,2,3858
139173,139.173,1,4004,54004,lowband_largesig_r01,prps,1506,56,0.472002,-25,0,-25,-0.06544985,-3.75000,prps,2,3862
139193,139.193,1,4004,54004,lowband_largesig_r01,prps,1508,58,0.487105,-29,0,-29,-0.07592182,-4.35000,prps,2,3866
139213,139.213,1,4004,54004,lowband_largesig_r01,prps,1508,58,0.487033,-31,0,-31,-0.08115781,-4.65000,prps,2,3870
139233,139.233,1,4004,54004,lowband_largesig_r01,prps,1506,56,0.471996,-34,0,-34,-0.08901179,-5.10000,prps,2,3874
139253,139.253,1,4004,54004,lowband_largesig_r01,prps,1503,53,0.443881,-35,0,-35,-0.09162979,-5.25000,prps,2,3878
139273,139.273,1,4004,54004,lowband_largesig_r01,prps,1498,48,0.406398,-35,0,-35,-0.09162979,-5.25000,prps,2,3882
139293,139.293,1,4004,54004,lowband_largesig_r01,prps,1493,43,0.364821,-35,0,-35,-0.09162979,-5.25000,prps,2,3886
139313,139.313,1,4004,54004,lowband_largesig_r01,prps,1489,39,0.325339,-34,0,-34,-0.08901179,-5.10000,prps,2,3890
139333,139.333,1,4004,54004,lowband_largesig_r01,prps,1485,35,0.294107,-33,0,-33,-0.08639380,-4.95000,prps,2,3894
139353,139.353,1,4004,54004,lowband_largesig_r01,prps,1483,33,0.276146,-32,0,-32,-0.08377580,-4.80000,prps,2,3898
139373,139.373,1,4004,54004,lowband_largesig_r01,prps,1483,33,0.274326,-31,0,-31,-0.08115781,-4.65000,prps,2,3902
139393,139.393,1,4004,54004,lowband_largesig_r01,prps,1484,34,0.288621,-29,0,-29,-0.07592182,-4.35000,prps,2,3906
139413,139.413,1,4004,54004,lowband_largesig_r01,prps,1488,38,0.315848,-28,0,-28,-0.07330382,-4.20000,prps,2,3910
139433,139.433,1,4004,54004,lowband_largesig_r01,prps,1492,42,0.349972,-28,0,-28,-0.07330382,-4.20000,prps,2,3914
139453,139.453,1,4004,54004,lowband_largesig_r01,prps,1496,46,0.382983,-28,0,-28,-0.07330382,-4.20000,prps,2,3918
139473,139.473,1,4004,54004,lowband_largesig_r01,prps,1498,48,0.406244,-28,0,-28,-0.07330382,-4.20000,prps,2,3922
139493,139.493,1,4004,54004,lowband_largesig_r01,prps,1499,49,0.412086,-28,0,-28,-0.07330382,-4.20000,prps,2,3926
139513,139.513,1,4004,54004,lowband_largesig_r01,prps,1497,47,0.395388,-28,0,-28,-0.07330382,-4.20000,prps,2,3930
139533,139.533,1,4004,54004,lowband_largesig_r01,prps,1492,42,0.354842,-29,0,-29,-0.07592182,-4.35000,prps,2,3934
139553,139.553,1,4004,54004,lowband_largesig_r01,prps,1485,35,0.293638,-29,0,-29,-0.07592182,-4.35000,prps,2,3938
139573,139.573,1,4004,54004,lowband_largesig_r01,prps,1476,26,0.219413,-29,0,-29,-0.07592182,-4.35000,prps,2,3942
139593,139.593,1,4004,54004,lowband_largesig_r01,prps,1467,17,0.143392,-29,0,-29,-0.07592182,-4.35000,prps,2,3946
139613,139.613,1,4004,54004,lowband_largesig_r01,prps,1459,9,0.078809,-27,0,-27,-0.07068583,-4.05000,prps,2,3950
139633,139.633,1,4004,54004,lowband_largesig_r01,prps,1455,5,0.038849,-24,0,-24,-0.06283185,-3.60000,prps,2,3954
139653,139.653,1,4004,54004,lowband_largesig_r01,prps,1454,4,0.034404,-20,0,-20,-0.05235988,-3.00000,prps,2,3958
139673,139.673,1,4004,54004,lowband_largesig_r01,prps,1459,9,0.072029,-16,0,-16,-0.04188790,-2.40000,prps,2,3962
139693,139.693,1,4004,54004,lowband_largesig_r01,prps,1468,18,0.152457,-12,0,-12,-0.03141592,-1.80000,prps,2,3966
139713,139.713,1,4004,54004,lowband_largesig_r01,prps,1482,32,0.269950,-11,0,-11,-0.02879793,-1.65000,prps,2,3970
139733,139.733,1,4004,54004,lowband_largesig_r01,prps,1499,49,0.412656,-11,0,-11,-0.02879793,-1.65000,prps,2,3974
139753,139.753,1,4004,54004,lowband_largesig_r01,prps,1517,67,0.563955,-14,0,-14,-0.03665191,-2.10000,prps,2,3978
139773,139.773,1,4004,54004,lowband_largesig_r01,prps,1534,84,0.704647,-21,0,-21,-0.05497787,-3.15000,prps,2,3982
139793,139.793,1,4004,54004,lowband_largesig_r01,prps,1547,97,0.815644,-31,0,-31,-0.08115781,-4.65000,prps,2,3986
139813,139.813,1,4004,54004,lowband_largesig_r01,prps,1555,105,0.880786,-40,0,-40,-0.10471976,-6.00000,prps,2,3990
139833,139.833,1,4004,54004,lowband_largesig_r01,prps,1556,106,0.889312,-50,0,-50,-0.13089970,-7.50000,prps,2,3994
139853,139.853,1,4004,54004,lowband_largesig_r01,prps,1550,100,0.837604,-57,0,-57,-0.14922565,-8.55000,prps,2,3998
139873,139.873,1,4004,54004,lowband_largesig_r01,prps,1537,87,0.729903,-63,0,-63,-0.16493360,-9.45000,prps,2,4002
139893,139.893,1,4004,54004,lowband_largesig_r01,prps,1519,69,0.577856,-63,0,-63,-0.16493360,-9.45000,prps,2,4006
139913,139.913,1,4004,54004,lowband_largesig_r01,prps,1497,47,0.398957,-60,0,-60,-0.15707964,-9.00000,prps,2,4010
139933,139.933,1,4004,54004,lowband_largesig_r01,prps,1475,25,0.214085,-54,0,-54,-0.14137166,-8.10000,prps,2,4014
139953,139.953,1,4004,54004,lowband_largesig_r01,prps,1455,5,0.044540,-46,0,-46,-0.12042772,-6.90000,prps,2,4018
139973,139.973,1,4004,54004,lowband_largesig_r01,prps,1439,-11,-0.090991,-35,0,-35,-0.09162979,-5.25000,prps,2,4022
139993,139.993,1,4004,54004,lowband_largesig_r01,prps,1429,-21,-0.179054,-23,0,-23,-0.06021386,-3.45000,prps,2,4026
140013,140.013,1,4004,54004,lowband_largesig_r01,prps,1425,-25,-0.213239,-12,0,-12,-0.03141592,-1.80000,prps,2,4030
140033,140.033,1,4004,54004,lowband_largesig_r01,prps,1427,-23,-0.194893,-1,0,-1,-0.00261799,-0.15000,prps,2,4034
140053,140.053,1,4004,54004,lowband_largesig_r01,prps,1434,-16,-0.132660,4,0,4,0.01047198,0.60000,prps,2,4038
140073,140.073,1,4004,54004,lowband_largesig_r01,prps,1445,-5,-0.040909,5,0,5,0.01308997,0.75000,prps,2,4042
140093,140.093,1,4004,54004,lowband_largesig_r01,prps,1457,7,0.062655,5,0,5,0.01308997,0.75000,prps,2,4046
140113,140.113,1,4004,54004,lowband_largesig_r01,prps,1469,19,0.159826,3,0,3,0.00785398,0.45000,prps,2,4050
140133,140.133,1,4004,54004,lowband_largesig_r01,prps,1478,28,0.234697,0,0,0,0.00000000,0.00000,prps,2,4054
140153,140.153,1,4004,54004,lowband_largesig_r01,prps,1483,33,0.276004,-5,0,-5,-0.01308997,-0.75000,prps,2,4058
140173,140.173,1,4004,54004,lowband_largesig_r01,prps,1483,33,0.278624,-10,0,-10,-0.02617994,-1.50000,prps,2,4062
140193,140.193,1,4004,54004,lowband_largesig_r01,prps,1479,29,0.244042,-15,0,-15,-0.03926991,-2.25000,prps,2,4066
140213,140.213,1,4004,54004,lowband_largesig_r01,prps,1471,21,0.179725,-18,0,-18,-0.04712389,-2.70000,prps,2,4070
140233,140.233,1,4004,54004,lowband_largesig_r01,prps,1462,12,0.097556,-18,0,-18,-0.04712389,-2.70000,prps,2,4074
140253,140.253,1,4004,54004,lowband_largesig_r01,prps,1451,1,0.011631,-17,0,-17,-0.04450589,-2.55000,prps,2,4078
140273,140.273,1,4004,54004,lowband_largesig_r01,prps,1442,-8,-0.064212,-16,0,-16,-0.04188790,-2.40000,prps,2,4082
140293,140.293,1,4004,54004,lowband_largesig_r01,prps,1436,-14,-0.118679,-13,0,-13,-0.03403392,-1.95000,prps,2,4086
140313,140.313,1,4004,54004,lowband_largesig_r01,prps,1433,-17,-0.144755,-8,0,-8,-0.02094395,-1.20000,prps,2,4090
140333,140.333,1,4004,54004,lowband_largesig_r01,prps,1433,-17,-0.140614,-3,0,-3,-0.00785398,-0.45000,prps,2,4094
140353,140.353,1,4004,54004,lowband_largesig_r01,prps,1437,-13,-0.109577,1,0,1,0.00261799,0.15000,prps,2,4098
140373,140.373,1,4004,54004,lowband_largesig_r01,prps,1443,-7,-0.059170,2,0,2,0.00523599,0.30000,prps,2,4102
140393,140.393,1,4004,54004,lowband_largesig_r01,prps,1450,0,0.000517,2,0,2,0.00523599,0.30000,prps,2,4106
140413,140.413,1,4004,54004,lowband_largesig_r01,prps,1457,7,0.058839,2,0,2,0.00523599,0.30000,prps,2,4110
140433,140.433,1,4004,54004,lowband_largesig_r01,prps,1463,13,0.106602,2,0,2,0.00523599,0.30000,prps,2,4114
140453,140.453,1,4004,54004,lowband_largesig_r01,prps,1466,16,0.137691,1,0,1,0.00261799,0.15000,prps,2,4118
140473,140.473,1,4004,54004,lowband_largesig_r01,prps,1468,18,0.150026,-1,0,-1,-0.00261799,-0.15000,prps,2,4122
140493,140.493,1,4004,54004,lowband_largesig_r01,prps,1467,17,0.145690,-4,0,-4,-0.01047198,-0.60000,prps,2,4126
140513,140.513,1,4004,54004,lowband_largesig_r01,prps,1465,15,0.130214,-7,0,-7,-0.01832596,-1.05000,prps,2,4130
140533,140.533,1,4004,54004,lowband_largesig_r01,prps,1463,13,0.111177,-9,0,-9,-0.02356194,-1.35000,prps,2,4134
140553,140.553,1,4004,54004,lowband_largesig_r01,prps,1461,11,0.096391,-11,0,-11,-0.02879793,-1.65000,prps,2,4138
140573,140.573,1,4004,54004,lowband_largesig_r01,prps,1461,11,0.092034,-11,0,-11,-0.02879793,-1.65000,prps,2,4142
140593,140.593,1,4004,54004,lowband_largesig_r01,prps,1462,12,0.101085,-11,0,-11,-0.02879793,-1.65000,prps,2,4146
140613,140.613,1,4004,54004,lowband_largesig_r01,prps,1465,15,0.122381,-11,0,-11,-0.02879793,-1.65000,prps,2,4150
140633,140.633,1,4004,54004,lowband_largesig_r01,prps,1468,18,0.150491,-11,0,-11,-0.02879793,-1.65000,prps,2,4154
140653,140.653,1,4004,54004,lowband_largesig_r01,prps,1471,21,0.176452,-11,0,-11,-0.02879793,-1.65000,prps,2,4158
140673,140.673,1,4004,54004,lowband_largesig_r01,prps,1473,23,0.189271,-13,0,-13,-0.03403392,-1.95000,prps,2,4162
140693,140.693,1,4004,54004,lowband_largesig_r01,prps,1471,21,0.177930,-14,0,-14,-0.03665191,-2.10000,prps,2,4166
140713,140.713,1,4004,54004,lowband_largesig_r01,prps,1466,16,0.133547,-15,0,-15,-0.03926991,-2.25000,prps,2,4170
140733,140.733,1,4004,54004,lowband_largesig_r01,prps,1456,6,0.051322,-15,0,-15,-0.03926991,-2.25000,prps,2,4174
140753,140.753,1,4004,54004,lowband_largesig_r01,prps,1442,-8,-0.068100,-14,0,-14,-0.03665191,-2.10000,prps,2,4178
140773,140.773,1,4004,54004,lowband_largesig_r01,prps,1424,-26,-0.218111,-12,0,-12,-0.03141592,-1.80000,prps,2,4182
140793,140.793,1,4004,54004,lowband_largesig_r01,prps,1404,-46,-0.386580,-6,0,-6,-0.01570796,-0.90000,prps,2,4186
140813,140.813,1,4004,54004,lowband_largesig_r01,prps,1384,-66,-0.557226,2,0,2,0.00523599,0.30000,prps,2,4190
140833,140.833,1,4004,54004,lowband_largesig_r01,prps,1365,-85,-0.711717,9,0,9,0.02356194,1.35000,prps,2,4194
140853,140.853,1,4004,54004,lowband_largesig_r01,prps,1351,-99,-0.832188,18,0,18,0.04712389,2.70000,prps,2,4198
140873,140.873,1,4004,54004,lowband_largesig_r01,prps,1342,-108,-0.903775,27,0,27,0.07068583,4.05000,prps,2,4202
140893,140.893,1,4004,54004,lowband_largesig_r01,prps,1341,-109,-0.916787,37,0,37,0.09686577,5.55000,prps,2,4206
140913,140.913,1,4004,54004,lowband_largesig_r01,prps,1347,-103,-0.868153,45,0,45,0.11780972,6.75000,prps,2,4210
140933,140.933,1,4004,54004,lowband_largesig_r01,prps,1359,-91,-0.761950,52,0,52,0.13613568,7.80000,prps,2,4214
140953,140.953,1,4004,54004,lowband_largesig_r01,prps,1378,-72,-0.608908,53,0,53,0.13875367,7.95000,prps,2,4218
140973,140.973,1,4004,54004,lowband_largesig_r01,prps,1399,-51,-0.425004,52,0,52,0.13613568,7.80000,prps,2,4222
140993,140.993,1,4004,54004,lowband_largesig_r01,prps,1423,-27,-0.229356,46,0,46,0.12042772,6.90000,prps,2,4226
141013,141.013,1,4004,54004,lowband_largesig_r01,prps,1445,-5,-0.041750,37,0,37,0.09686577,5.55000,prps,2,4230
141033,141.033,1,4004,54004,lowband_largesig_r01,prps,1464,14,0.119818,25,0,25,0.06544985,3.75000,prps,2,4234
141053,141.053,1,4004,54004,lowband_largesig_r01,prps,1479,29,0.241233,12,0,12,0.03141592,1.80000,prps,2,4238
141073,141.073,1,4004,54004,lowband_largesig_r01,prps,1487,37,0.313695,0,0,0,0.00000000,0.00000,prps,2,4242
141093,141.093,1,4004,54004,lowband_largesig_r01,prps,1490,40,0.334323,-11,0,-11,-0.02879793,-1.65000,prps,2,4246
141113,141.113,1,4004,54004,lowband_largesig_r01,prps,1486,36,0.305912,-19,0,-19,-0.04974188,-2.85000,prps,2,4250
141133,141.133,1,4004,54004,lowband_largesig_r01,prps,1478,28,0.235930,-24,0,-24,-0.06283185,-3.60000,prps,2,4254
141153,141.153,1,4004,54004,lowband_largesig_r01,prps,1466,16,0.134990,-25,0,-25,-0.06544985,-3.75000,prps,2,4258
141173,141.173,1,4004,54004,lowband_largesig_r01,prps,1452,2,0.015072,-25,0,-25,-0.06544985,-3.75000,prps,2,4262
141193,141.193,1,4004,54004,lowband_largesig_r01,prps,1437,-13,-0.112198,-23,0,-23,-0.06021386,-3.45000,prps,2,4266
141213,141.213,1,4004,54004,lowband_largesig_r01,prps,1422,-28,-0.236945,-17,0,-17,-0.04450589,-2.55000,prps,2,4270
141233,141.233,1,4004,54004,lowband_largesig_r01,prps,1408,-42,-0.351943,-8,0,-8,-0.02094395,-1.20000,prps,2,4274
141253,141.253,1,4004,54004,lowband_largesig_r01,prps,1396,-54,-0.452914,2,0,2,0.00523599,0.30000,prps,2,4278
141273,141.273,1,4004,54004,lowband_largesig_r01,prps,1386,-64,-0.538285,10,0,10,0.02617994,1.50000,prps,2,4282
141293,141.293,1,4004,54004,lowband_largesig_r01,prps,1378,-72,-0.608508,17,0,17,0.04450589,2.55000,prps,2,4286
141313,141.313,1,4004,54004,lowband_largesig_r01,prps,1371,-79,-0.665156,22,0,22,0.05759586,3.30000,prps,2,4290
141333,141.333,1,4004,54004,lowband_largesig_r01,prps,1366,-84,-0.709999,27,0,27,0.07068583,4.05000,prps,2,4294
141353,141.353,1,4004,54004,lowband_largesig_r01,prps,1361,-89,-0.744273,31,0,31,0.08115781,4.65000,prps,2,4298
141373,141.373,1,4004,54004,lowband_largesig_r01,prps,1359,-91,-0.768260,35,0,35,0.09162979,5.25000,prps,2,4302
141393,141.393,1,4004,54004,lowband_largesig_r01,prps,1357,-93,-0.781269,38,0,38,0.09948376,5.70000,prps,2,4306
141413,141.413,1,4004,54004,lowband_largesig_r01,prps,1357,-93,-0.781944,41,0,41,0.10733775,6.15000,prps,2,4310
141433,141.433,1,4004,54004,lowband_largesig_r01,prps,1359,-91,-0.768837,42,0,42,0.10995574,6.30000,prps,2,4314
141453,141.453,1,4004,54004,lowband_largesig_r01,prps,1362,-88,-0.741050,44,0,44,0.11519173,6.60000,prps,2,4318
141473,141.473,1,4004,54004,lowband_largesig_r01,prps,1367,-83,-0.698792,45,0,45,0.11780972,6.75000,prps,2,4322
141493,141.493,1,4004,54004,lowband_largesig_r01,prps,1373,-77,-0.643703,45,0,45,0.11780972,6.75000,prps,2,4326
141513,141.513,1,4004,54004,lowband_largesig_r01,prps,1381,-69,-0.578843,45,0,45,0.11780972,6.75000,prps,2,4330
141533,141.533,1,4004,54004,lowband_largesig_r01,prps,1390,-60,-0.508343,45,0,45,0.11780972,6.75000,prps,2,4334
141553,141.553,1,4004,54004,lowband_largesig_r01,prps,1398,-52,-0.436769,44,0,44,0.11519173,6.60000,prps,2,4338
141573,141.573,1,4004,54004,lowband_largesig_r01,prps,1406,-44,-0.368349,40,0,40,0.10471976,6.00000,prps,2,4342
141593,141.593,1,4004,54004,lowband_largesig_r01,prps,1414,-36,-0.306214,34,0,34,0.08901179,5.10000,prps,2,4346
141613,141.613,1,4004,54004,lowband_largesig_r01,prps,1420,-30,-0.251846,27,0,27,0.07068583,4.05000,prps,2,4350
141633,141.633,1,4004,54004,lowband_largesig_r01,prps,1426,-24,-0.204853,21,0,21,0.05497787,3.15000,prps,2,4354
141653,141.653,1,4004,54004,lowband_largesig_r01,prps,1431,-19,-0.163159,16,0,16,0.04188790,2.40000,prps,2,4358
141673,141.673,1,4004,54004,lowband_largesig_r01,prps,1435,-15,-0.123580,12,0,12,0.03141592,1.80000,prps,2,4362
141693,141.693,1,4004,54004,lowband_largesig_r01,prps,1440,-10,-0.082695,9,0,9,0.02356194,1.35000,prps,2,4366
141713,141.713,1,4004,54004,lowband_largesig_r01,prps,1445,-5,-0.037832,7,0,7,0.01832596,1.05000,prps,2,4370
141733,141.733,1,4004,54004,lowband_largesig_r01,prps,1451,1,0.012029,6,0,6,0.01570796,0.90000,prps,2,4374
141753,141.753,1,4004,54004,lowband_largesig_r01,prps,1458,8,0.065648,4,0,4,0.01047198,0.60000,prps,2,4378
141773,141.773,1,4004,54004,lowband_largesig_r01,prps,1464,14,0.119382,2,0,2,0.00523599,0.30000,prps,2,4382
141793,141.793,1,4004,54004,lowband_largesig_r01,prps,1470,20,0.167557,0,0,0,0.00000000,0.00000,prps,2,4386
141813,141.813,1,4004,54004,lowband_largesig_r01,prps,1474,24,0.203367,-2,0,-2,-0.00523599,-0.30000,prps,2,4390
141833,141.833,1,4004,54004,lowband_largesig_r01,prps,1476,26,0.220137,-6,0,-6,-0.01570796,-0.90000,prps,2,4394
141853,141.853,1,4004,54004,lowband_largesig_r01,prps,1475,25,0.212759,-10,0,-10,-0.02617994,-1.50000,prps,2,4398
141873,141.873,1,4004,54004,lowband_largesig_r01,prps,1471,21,0.179012,-14,0,-14,-0.03665191,-2.10000,prps,2,4402
141893,141.893,1,4004,54004,lowband_largesig_r01,prps,1464,14,0.120518,-16,0,-16,-0.04188790,-2.40000,prps,2,4406
141913,141.913,1,4004,54004,lowband_largesig_r01,prps,1455,5,0.043095,-16,0,-16,-0.04188790,-2.40000,prps,2,4410
141933,141.933,1,4004,54004,lowband_largesig_r01,prps,1445,-5,-0.043608,-15,0,-15,-0.03926991,-2.25000,prps,2,4414
141953,141.953,1,4004,54004,lowband_largesig_r01,prps,1435,-15,-0.127202,-14,0,-14,-0.03665191,-2.10000,prps,2,4418
141973,141.973,1,4004,54004,lowband_largesig_r01,prps,1427,-23,-0.194243,-10,0,-10,-0.02617994,-1.50000,prps,2,4422
141993,141.993,1,4004,54004,lowband_largesig_r01,prps,1422,-28,-0.232273,-3,0,-3,-0.00785398,-0.45000,prps,2,4426
142013,142.013,1,4004,54004,lowband_largesig_r01,prps,1422,-28,-0.231875,2,0,2,0.00523599,0.30000,prps,2,4430
142033,142.033,1,4004,54004,lowband_largesig_r01,prps,1428,-22,-0.188402,5,0,5,0.01308997,0.75000,prps,2,4434
142053,142.053,1,4004,54004,lowband_largesig_r01,prps,1438,-12,-0.103065,6,0,6,0.01570796,0.90000,prps,2,4438
142073,142.073,1,4004,54004,lowband_largesig_r01,prps,1452,2,0.016864,6,0,6,0.01570796,0.90000,prps,2,4442
142093,142.093,1,4004,54004,lowband_largesig_r01,prps,1469,19,0.158792,5,0,5,0.01308997,0.75000,prps,2,4446
142113,142.113,1,4004,54004,lowband_largesig_r01,prps,1486,36,0.306449,2,0,2,0.00523599,0.30000,prps,2,4450
142133,142.133,1,4004,54004,lowband_largesig_r01,prps,1503,53,0.442183,-3,0,-3,-0.00785398,-0.45000,prps,2,4454
142153,142.153,1,4004,54004,lowband_largesig_r01,prps,1515,65,0.549586,-11,0,-11,-0.02879793,-1.65000,prps,2,4458
142173,142.173,1,4004,54004,lowband_largesig_r01,prps,1523,73,0.616019,-21,0,-21,-0.05497787,-3.15000,prps,2,4462
142193,142.193,1,4004,54004,lowband_largesig_r01,prps,1526,76,0.634628,-31,0,-31,-0.08115781,-4.65000,prps,2,4466
142213,142.213,1,4004,54004,lowband_largesig_r01,prps,1522,72,0.605520,-39,0,-39,-0.10210176,-5.85000,prps,2,4470
142233,142.233,1,4004,54004,lowband_largesig_r01,prps,1514,64,0.535858,-45,0,-45,-0.11780972,-6.75000,prps,2,4474
142253,142.253,1,4004,54004,lowband_largesig_r01,prps,1502,52,0.438862,-46,0,-46,-0.12042772,-6.90000,prps,2,4478
142273,142.273,1,4004,54004,lowband_largesig_r01,prps,1489,39,0.331826,-45,0,-45,-0.11780972,-6.75000,prps,2,4482
142293,142.293,1,4004,54004,lowband_largesig_r01,prps,1478,28,0.233465,-43,0,-43,-0.11257374,-6.45000,prps,2,4486
142313,142.313,1,4004,54004,lowband_largesig_r01,prps,1469,19,0.161007,-37,0,-37,-0.09686577,-5.55000,prps,2,4490
142333,142.333,1,4004,54004,lowband_largesig_r01,prps,1465,15,0.127479,-31,0,-31,-0.08115781,-4.65000,prps,2,4494
142353,142.353,1,4004,54004,lowband_largesig_r01,prps,1467,17,0.139648,-25,0,-25,-0.06544985,-3.75000,prps,2,4498
142373,142.373,1,4004,54004,lowband_largesig_r01,prps,1473,23,0.196943,-21,0,-21,-0.05497787,-3.15000,prps,2,4502
142393,142.393,1,4004,54004,lowband_largesig_r01,prps,1485,35,0.291538,-19,0,-19,-0.04974188,-2.85000,prps,2,4506
142413,142.413,1,4004,54004,lowband_largesig_r01,prps,1499,49,0.409596,-19,0,-19,-0.04974188,-2.85000,prps,2,4510
142433,142.433,1,4004,54004,lowband_largesig_r01,prps,1513,63,0.533480,-21,0,-21,-0.05497787,-3.15000,prps,2,4514
142453,142.453,1,4004,54004,lowband_largesig_r01,prps,1527,77,0.644568,-25,0,-25,-0.06544985,-3.75000,prps,2,4518
142473,142.473,1,4004,54004,lowband_largesig_r01,prps,1536,86,0.726228,-32,0,-32,-0.08377580,-4.80000,prps,2,4522
142493,142.493,1,4004,54004,lowband_largesig_r01,prps,1541,91,0.766465,-38,0,-38,-0.09948376,-5.70000,prps,2,4526
142513,142.513,1,4004,54004,lowband_largesig_r01,prps,1540,90,0.759818,-46,0,-46,-0.12042772,-6.90000,prps,2,4530
142533,142.533,1,4004,54004,lowband_largesig_r01,prps,1534,84,0.708197,-51,0,-51,-0.13351768,-7.65000,prps,2,4534
142553,142.553,1,4004,54004,lowband_largesig_r01,prps,1524,74,0.620536,-53,0,-53,-0.13875367,-7.95000,prps,2,4538
142573,142.573,1,4004,54004,lowband_largesig_r01,prps,1511,61,0.511318,-54,0,-54,-0.14137166,-8.10000,prps,2,4542
142593,142.593,1,4004,54004,lowband_largesig_r01,prps,1497,47,0.398224,-52,0,-52,-0.13613568,-7.80000,prps,2,4546
142613,142.613,1,4004,54004,lowband_largesig_r01,prps,1486,36,0.299292,-48,0,-48,-0.12566370,-7.20000,prps,2,4550
142633,142.633,1,4004,54004,lowband_largesig_r01,prps,1477,27,0.230049,-43,0,-43,-0.11257374,-6.45000,prps,2,4554
142653,142.653,1,4004,54004,lowband_largesig_r01,prps,1474,24,0.201077,-36,0,-36,-0.09424778,-5.40000,prps,2,4558
142673,142.673,1,4004,54004,lowband_largesig_r01,prps,1476,26,0.216407,-30,0,-30,-0.07853982,-4.50000,prps,2,4562
142693,142.693,1,4004,54004,lowband_largesig_r01,prps,1482,32,0.272971,-26,0,-26,-0.06806784,-3.90000,prps,2,4566
142713,142.713,1,4004,54004,lowband_largesig_r01,prps,1493,43,0.361202,-26,0,-26,-0.06806784,-3.90000,prps,2,4570
142733,142.733,1,4004,54004,lowband_largesig_r01,prps,1506,56,0.466634,-26,0,-26,-0.06806784,-3.90000,prps,2,4574
142753,142.753,1,4004,54004,lowband_largesig_r01,prps,1518,68,0.572246,-27,0,-27,-0.07068583,-4.05000,prps,2,4578
142773,142.773,1,4004,54004,lowband_largesig_r01,prps,1529,79,0.661134,-30,0,-30,-0.07853982,-4.50000,prps,2,4582
142793,142.793,1,4004,54004,lowband_largesig_r01,prps,1536,86,0.719087,-35,0,-35,-0.09162979,-5.25000,prps,2,4586
142813,142.813,1,4004,54004,lowband_largesig_r01,prps,1538,88,0.736634,-41,0,-41,-0.10733775,-6.15000,prps,2,4590
142833,142.833,1,4004,54004,lowband_largesig_r01,prps,1535,85,0.710271,-47,0,-47,-0.12304571,-7.05000,prps,2,4594
142853,142.853,1,4004,54004,lowband_largesig_r01,prps,1526,76,0.642684,-51,0,-51,-0.13351768,-7.65000,prps,2,4598
142873,142.873,1,4004,54004,lowband_largesig_r01,prps,1514,64,0.541984,-51,0,-51,-0.13351768,-7.65000,prps,2,4602
142893,142.893,1,4004,54004,lowband_largesig_r01,prps,1500,50,0.420118,-51,0,-51,-0.13351768,-7.65000,prps,2,4606
142913,142.913,1,4004,54004,lowband_largesig_r01,prps,1485,35,0.290762,-49,0,-49,-0.12828170,-7.35000,prps,2,4610
142933,142.933,1,4004,54004,lowband_largesig_r01,prps,1470,20,0.167072,-44,0,-44,-0.11519173,-6.60000,prps,2,4614
142953,142.953,1,4004,54004,lowband_largesig_r01,prps,1457,7,0.059681,-37,0,-37,-0.09686577,-5.55000,prps,2,4618
142973,142.973,1,4004,54004,lowband_largesig_r01,prps,1447,-3,-0.024734,-29,0,-29,-0.07592182,-4.35000,prps,2,4622
142993,142.993,1,4004,54004,lowband_largesig_r01,prps,1440,-10,-0.084091,-20,0,-20,-0.05235988,-3.00000,prps,2,4626
143013,143.013,1,4004,54004,lowband_largesig_r01,prps,1436,-14,-0.120696,-13,0,-13,-0.03403392,-1.95000,prps,2,4630
143033,143.033,1,4004,54004,lowband_largesig_r01,prps,1433,-17,-0.140266,-6,0,-6,-0.01570796,-0.90000,prps,2,4634
143053,143.053,1,4004,54004,lowband_largesig_r01,prps,1432,-18,-0.150401,0,0,0,0.00000000,0.00000,prps,2,4638
143073,143.073,1,4004,54004,lowband_largesig_r01,prps,1431,-19,-0.158823,2,0,2,0.00523599,0.30000,prps,2,4642
143093,143.093,1,4004,54004,lowband_largesig_r01,prps,1430,-20,-0.171725,4,0,4,0.01047198,0.60000,prps,2,4646
143113,143.113,1,4004,54004,lowband_largesig_r01,prps,1427,-23,-0.192524,4,0,4,0.01047198,0.60000,prps,2,4650
143133,143.133,1,4004,54004,lowband_largesig_r01,prps,1424,-26,-0.221265,4,0,4,0.01047198,0.60000,prps,2,4654
143153,143.153,1,4004,54004,lowband_largesig_r01,prps,1420,-30,-0.254749,5,0,5,0.01308997,0.75000,prps,2,4658
143173,143.173,1,4004,54004,lowband_largesig_r01,prps,1416,-34,-0.287364,6,0,6,0.01570796,0.90000,prps,2,4662
143193,143.193,1,4004,54004,lowband_largesig_r01,prps,1413,-37,-0.312423,7,0,7,0.01832596,1.05000,prps,2,4666
143213,143.213,1,4004,54004,lowband_largesig_r01,prps,1411,-39,-0.323755,9,0,9,0.02356194,1.35000,prps,2,4670
143233,143.233,1,4004,54004,lowband_largesig_r01,prps,1412,-38,-0.317222,10,0,10,0.02617994,1.50000,prps,2,4674
143253,143.253,1,4004,54004,lowband_largesig_r01,prps,1415,-35,-0.291869,12,0,12,0.03141592,1.80000,prps,2,4678
143273,143.273,1,4004,54004,lowband_largesig_r01,prps,1420,-30,-0.250474,13,0,13,0.03403392,1.95000,prps,2,4682
143293,143.293,1,4004,54004,lowband_largesig_r01,prps,1426,-24,-0.199366,13,0,13,0.03403392,1.95000,prps,2,4686
143313,143.313,1,4004,54004,lowband_largesig_r01,prps,1432,-18,-0.147546,13,0,13,0.03403392,1.95000,prps,2,4690
143333,143.333,1,4004,54004,lowband_largesig_r01,prps,1437,-13,-0.105248,13,0,13,0.03403392,1.95000,prps,2,4694
143353,143.353,1,4004,54004,lowband_largesig_r01,prps,1440,-10,-0.082181,13,0,13,0.03403392,1.95000,prps,2,4698
143373,143.373,1,4004,54004,lowband_largesig_r01,prps,1440,-10,-0.085780,12,0,12,0.03141592,1.80000,prps,2,4702
143393,143.393,1,4004,54004,lowband_largesig_r01,prps,1436,-14,-0.119768,8,0,8,0.02094395,1.20000,prps,2,4706
143413,143.413,1,4004,54004,lowband_largesig_r01,prps,1428,-22,-0.183303,6,0,6,0.01570796,0.90000,prps,2,4710
143433,143.433,1,4004,54004,lowband_largesig_r01,prps,1418,-32,-0.270853,6,0,6,0.01570796,0.90000,prps,2,4714
143453,143.453,1,4004,54004,lowband_largesig_r01,prps,1406,-44,-0.372860,6,0,6,0.01570796,0.90000,prps,2,4718
143473,143.473,1,4004,54004,lowband_largesig_r01,prps,1393,-57,-0.477073,8,0,8,0.02094395,1.20000,prps,2,4722
143493,143.493,1,4004,54004,lowband_largesig_r01,prps,1382,-68,-0.570347,12,0,12,0.03141592,1.80000,prps,2,4726
143513,143.513,1,4004,54004,lowband_largesig_r01,prps,1374,-76,-0.640612,17,0,17,0.04450589,2.55000,prps,2,4730
143533,143.533,1,4004,54004,lowband_largesig_r01,prps,1369,-81,-0.678684,21,0,21,0.05497787,3.15000,prps,2,4734
143553,143.553,1,4004,54004,lowband_largesig_r01,prps,1369,-81,-0.679644,27,0,27,0.07068583,4.05000,prps,2,4738
143573,143.573,1,4004,54004,lowband_largesig_r01,prps,1373,-77,-0.643544,31,0,31,0.08115781,4.65000,prps,2,4742
143593,143.593,1,4004,54004,lowband_largesig_r01,prps,1382,-68,-0.575360,34,0,34,0.08901179,5.10000,prps,2,4746
143613,143.613,1,4004,54004,lowband_largesig_r01,prps,1392,-58,-0.484199,34,0,34,0.08901179,5.10000,prps,2,4750
143633,143.633,1,4004,54004,lowband_largesig_r01,prps,1405,-45,-0.381923,34,0,34,0.08901179,5.10000,prps,2,4754
143653,143.653,1,4004,54004,lowband_largesig_r01,prps,1417,-33,-0.281405,33,0,33,0.08639380,4.95000,prps,2,4758
143673,143.673,1,4004,54004,lowband_largesig_r01,prps,1427,-23,-0.194723,29,0,29,0.07592182,4.35000,prps,2,4762
143693,143.693,1,4004,54004,lowband_largesig_r01,prps,1434,-16,-0.131557,22,0,22,0.05759586,3.30000,prps,2,4766
143713,143.713,1,4004,54004,lowband_largesig_r01,prps,1438,-12,-0.098038,15,0,15,0.03926991,2.25000,prps,2,4770
143733,143.733,1,4004,54004,lowband_largesig_r01,prps,1439,-11,-0.096190,9,0,9,0.02356194,1.35000,prps,2,4774
143753,143.753,1,4004,54004,lowband_largesig_r01,prps,1435,-15,-0.124004,5,0,5,0.01308997,0.75000,prps,2,4778
143773,143.773,1,4004,54004,lowband_largesig_r01,prps,1429,-21,-0.176070,4,0,4,0.01047198,0.60000,prps,2,4782
143793,143.793,1,4004,54004,lowband_largesig_r01,prps,1421,-29,-0.244625,4,0,4,0.01047198,0.60000,prps,2,4786
143813,143.813,1,4004,54004,lowband_largesig_r01,prps,1412,-38,-0.320783,5,0,5,0.01308997,0.75000,prps,2,4790
143833,143.833,1,4004,54004,lowband_largesig_r01,prps,1403,-47,-0.395743,6,0,6,0.01570796,0.90000,prps,2,4794
143853,143.853,1,4004,54004,lowband_largesig_r01,prps,1395,-55,-0.461761,9,0,9,0.02356194,1.35000,prps,2,4798
143873,143.873,1,4004,54004,lowband_largesig_r01,prps,1389,-61,-0.512771,13,0,13,0.03403392,1.95000,prps,2,4802
143893,143.893,1,4004,54004,lowband_largesig_r01,prps,1385,-65,-0.544600,17,0,17,0.04450589,2.55000,prps,2,4806
143913,143.913,1,4004,54004,lowband_largesig_r01,prps,1384,-66,-0.554827,20,0,20,0.05235988,3.00000,prps,2,4810
143933,143.933,1,4004,54004,lowband_largesig_r01,prps,1385,-65,-0.542386,23,0,23,0.06021386,3.45000,prps,2,4814
143953,143.953,1,4004,54004,lowband_largesig_r01,prps,1390,-60,-0.507088,25,0,25,0.06544985,3.75000,prps,2,4818
143973,143.973,1,4004,54004,lowband_largesig_r01,prps,1397,-53,-0.449202,25,0,25,0.06544985,3.75000,prps,2,4822
143993,143.993,1,4004,54004,lowband_largesig_r01,prps,1406,-44,-0.369246,25,0,25,0.06544985,3.75000,prps,2,4826
144013,144.013,1,4004,54004,lowband_largesig_r01,prps,1418,-32,-0.268036,25,0,25,0.06544985,3.75000,prps,2,4830
144033,144.033,1,4004,54004,lowband_largesig_r01,prps,1433,-17,-0.146992,24,0,24,0.06283185,3.60000,prps,2,4834
144053,144.053,1,4004,54004,lowband_largesig_r01,prps,1449,-1,-0.008612,21,0,21,0.05497787,3.15000,prps,2,4838
144073,144.073,1,4004,54004,lowband_largesig_r01,prps,1467,17,0.143027,13,0,13,0.03403392,1.95000,prps,2,4842
144093,144.093,1,4004,54004,lowband_largesig_r01,prps,1486,36,0.301921,5,0,5,0.01308997,0.75000,prps,2,4846
144113,144.113,1,4004,54004,lowband_largesig_r01,prps,1505,55,0.460099,-2,0,-2,-0.00523599,-0.30000,prps,2,4850
144133,144.133,1,4004,54004,lowband_largesig_r01,prps,1522,72,0.607989,-10,0,-10,-0.02617994,-1.50000,prps,2,4854
144153,144.153,1,4004,54004,lowband_largesig_r01,prps,1537,87,0.735235,-21,0,-21,-0.05497787,-3.15000,prps,2,4858
144173,144.173,1,4004,54004,lowband_largesig_r01,prps,1549,99,0.831870,-33,0,-33,-0.08639380,-4.95000,prps,2,4862
144193,144.193,1,4004,54004,lowband_largesig_r01,prps,1556,106,0.889714,-44,0,-44,-0.11519173,-6.60000,prps,2,4866
144213,144.213,1,4004,54004,lowband_largesig_r01,prps,1558,108,0.903739,-54,0,-54,-0.14137166,-8.10000,prps,2,4870
144233,144.233,1,4004,54004,lowband_largesig_r01,prps,1554,104,0.873169,-61,0,-61,-0.15969762,-9.15000,prps,2,4874
144253,144.253,1,4004,54004,lowband_largesig_r01,prps,1545,95,0.802071,-66,0,-66,-0.17278760,-9.90000,prps,2,4878
144273,144.273,1,4004,54004,lowband_largesig_r01,prps,1533,83,0.699256,-66,0,-66,-0.17278760,-9.90000,prps,2,4882
144293,144.293,1,4004,54004,lowband_largesig_r01,prps,1519,69,0.577456,-64,0,-64,-0.16755160,-9.60000,prps,2,4886
144313,144.313,1,4004,54004,lowband_largesig_r01,prps,1504,54,0.451799,-61,0,-61,-0.15969762,-9.15000,prps,2,4890
144333,144.333,1,4004,54004,lowband_largesig_r01,prps,1490,40,0.337811,-54,0,-54,-0.14137166,-8.10000,prps,2,4894
144353,144.353,1,4004,54004,lowband_largesig_r01,prps,1480,30,0.249195,-48,0,-48,-0.12566370,-7.20000,prps,2,4898
144373,144.373,1,4004,54004,lowband_largesig_r01,prps,1473,23,0.195770,-41,0,-41,-0.10733775,-6.15000,prps,2,4902
144393,144.393,1,4004,54004,lowband_largesig_r01,prps,1472,22,0.181875,-34,0,-34,-0.08901179,-5.10000,prps,2,4906
144413,144.413,1,4004,54004,lowband_largesig_r01,prps,1474,24,0.205557,-27,0,-27,-0.07068583,-4.05000,prps,2,4910
144433,144.433,1,4004,54004,lowband_largesig_r01,prps,1481,31,0.258697,-24,0,-24,-0.06283185,-3.60000,prps,2,4914
144453,144.453,1,4004,54004,lowband_largesig_r01,prps,1489,39,0.328103,-23,0,-23,-0.06021386,-3.45000,prps,2,4918
144473,144.473,1,4004,54004,lowband_largesig_r01,prps,1497,47,0.397437,-23,0,-23,-0.06021386,-3.45000,prps,2,4922
144493,144.493,1,4004,54004,lowband_largesig_r01,prps,1504,54,0.449697,-23,0,-23,-0.06021386,-3.45000,prps,2,4926
144513,144.513,1,4004,54004,lowband_largesig_r01,prps,1506,56,0.469876,-25,0,-25,-0.06544985,-3.75000,prps,2,4930
144533,144.533,1,4004,54004,lowband_largesig_r01,prps,1503,53,0.447374,-28,0,-28,-0.07330382,-4.20000,prps,2,4934
144553,144.553,1,4004,54004,lowband_largesig_r01,prps,1495,45,0.377772,-31,0,-31,-0.08115781,-4.65000,prps,2,4938
144573,144.573,1,4004,54004,lowband_largesig_r01,prps,1481,31,0.263662,-33,0,-33,-0.08639380,-4.95000,prps,2,4942
144593,144.593,1,4004,54004,lowband_largesig_r01,prps,1464,14,0.114388,-32,0,-32,-0.08377580,-4.80000,prps,2,4946
144613,144.613,1,4004,54004,lowband_largesig_r01,prps,1443,-7,-0.055291,-28,0,-28,-0.07330382,-4.20000,prps,2,4950
144633,144.633,1,4004,54004,lowband_largesig_r01,prps,1423,-27,-0.227402,-22,0,-22,-0.05759586,-3.30000,prps,2,4954
144653,144.653,1,4004,54004,lowband_largesig_r01,prps,1404,-46,-0.383490,-14,0,-14,-0.03665191,-2.10000,prps,2,4958
144673,144.673,1,4004,54004,lowband_largesig_r01,prps,1390,-60,-0.507444,-3,0,-3,-0.00785398,-0.45000,prps,2,4962
144693,144.693,1,4004,54004,lowband_largesig_r01,prps,1380,-70,-0.587949,8,0,8,0.02094395,1.20000,prps,2,4966
144713,144.713,1,4004,54004,lowband_largesig_r01,prps,1376,-74,-0.620168,18,0,18,0.04712389,2.70000,prps,2,4970
144733,144.733,1,4004,54004,lowband_largesig_r01,prps,1378,-72,-0.606383,26,0,26,0.06806784,3.90000,prps,2,4974
144753,144.753,1,4004,54004,lowband_largesig_r01,prps,1384,-66,-0.555471,32,0,32,0.08377580,4.80000,prps,2,4978
144773,144.773,1,4004,54004,lowband_largesig_r01,prps,1393,-57,-0.481313,33,0,33,0.08639380,4.95000,prps,2,4982
144793,144.793,1,4004,54004,lowband_largesig_r01,prps,1402,-48,-0.400391,33,0,33,0.08639380,4.95000,prps,2,4986
144813,144.813,1,4004,54004,lowband_largesig_r01,prps,1411,-39,-0.328970,30,0,30,0.07853982,4.50000,prps,2,4990
144833,144.833,1,4004,54004,lowband_largesig_r01,prps,1417,-33,-0.280336,26,0,26,0.06806784,3.90000,prps,2,4994
144853,144.853,1,4004,54004,lowband_largesig_r01,prps,1419,-31,-0.262549,22,0,22,0.05759586,3.30000,prps,2,4998
144873,144.873,1,4004,54004,lowband_largesig_r01,prps,1417,-33,-0.277093,18,0,18,0.04712389,2.70000,prps,2,5002
144893,144.893,1,4004,54004,lowband_largesig_r01,prps,1412,-38,-0.318642,14,0,14,0.03665191,2.10000,prps,2,5006
144913,144.913,1,4004,54004,lowband_largesig_r01,prps,1405,-45,-0.375993,12,0,12,0.03141592,1.80000,prps,2,5010
144933,144.933,1,4004,54004,lowband_largesig_r01,prps,1398,-52,-0.434015,13,0,13,0.03403392,1.95000,prps,2,5014
144953,144.953,1,4004,54004,lowband_largesig_r01,prps,1393,-57,-0.476285,14,0,14,0.03665191,2.10000,prps,2,5018
144973,144.973,1,4004,54004,lowband_largesig_r01,prps,1392,-58,-0.487982,16,0,16,0.04188790,2.40000,prps,2,5022
144993,144.993,1,4004,54004,lowband_largesig_r01,prps,1395,-55,-0.458560,18,0,18,0.04712389,2.70000,prps,2,5026
145013,145.013,1,4004,54004,lowband_largesig_r01,prps,1404,-46,-0.383750,20,0,20,0.05235988,3.00000,prps,2,5030
145033,145.033,1,4004,54004,lowband_largesig_r01,prps,1418,-32,-0.266560,21,0,21,0.05497787,3.15000,prps,2,5034
145053,145.053,1,4004,54004,lowband_largesig_r01,prps,1436,-14,-0.117112,20,0,20,0.05235988,3.00000,prps,2,5038
145073,145.073,1,4004,54004,lowband_largesig_r01,prps,1456,6,0.048673,18,0,18,0.04712389,2.70000,prps,2,5042
145093,145.093,1,4004,54004,lowband_largesig_r01,prps,1475,25,0.211323,12,0,12,0.03141592,1.80000,prps,2,5046
145113,145.113,1,4004,54004,lowband_largesig_r01,prps,1492,42,0.350639,4,0,4,0.01047198,0.60000,prps,2,5050
145133,145.133,1,4004,54004,lowband_largesig_r01,prps,1503,53,0.448639,-4,0,-4,-0.01047198,-0.60000,prps,2,5054
145153,145.153,1,4004,54004,lowband_largesig_r01,prps,1509,59,0.492169,-13,0,-13,-0.03403392,-1.95000,prps,2,5058
145173,145.173,1,4004,54004,lowband_largesig_r01,prps,1506,56,0.474755,-23,0,-23,-0.06021386,-3.45000,prps,2,5062
145193,145.193,1,4004,54004,lowband_largesig_r01,prps,1497,47,0.397446,-31,0,-31,-0.08115781,-4.65000,prps,2,5066
145213,145.213,1,4004,54004,lowband_largesig_r01,prps,1482,32,0.268517,-35,0,-35,-0.09162979,-5.25000,prps,2,5070
145233,145.233,1,4004,54004,lowband_largesig_r01,prps,1462,12,0.102124,-34,0,-34,-0.08901179,-5.10000,prps,2,5074
145253,145.253,1,4004,54004,lowband_largesig_r01,prps,1440,-10,-0.083858,-30,0,-30,-0.07853982,-4.50000,prps,2,5078
145273,145.273,1,4004,54004,lowband_largesig_r01,prps,1418,-32,-0.270429,-22,0,-22,-0.05759586,-3.30000,prps,2,5082
145293,145.293,1,4004,54004,lowband_largesig_r01,prps,1398,-52,-0.440095,-13,0,-13,-0.03403392,-1.95000,prps,2,5086
145313,145.313,1,4004,54004,lowband_largesig_r01,prps,1381,-69,-0.579089,-1,0,-1,-0.00261799,-0.15000,prps,2,5090
145333,145.333,1,4004,54004,lowband_largesig_r01,prps,1369,-81,-0.678889,11,0,11,0.02879793,1.65000,prps,2,5094
145353,145.353,1,4004,54004,lowband_largesig_r01,prps,1362,-88,-0.736801,22,0,22,0.05759586,3.30000,prps,2,5098
145373,145.373,1,4004,54004,lowband_largesig_r01,prps,1360,-90,-0.755599,32,0,32,0.08377580,4.80000,prps,2,5102
145393,145.393,1,4004,54004,lowband_largesig_r01,prps,1362,-88,-0.742331,38,0,38,0.09948376,5.70000,prps,2,5106
145413,145.413,1,4004,54004,lowband_largesig_r01,prps,1366,-84,-0.706556,43,0,43,0.11257374,6.45000,prps,2,5110
145433,145.433,1,4004,54004,lowband_largesig_r01,prps,1372,-78,-0.658348,44,0,44,0.11519173,6.60000,prps,2,5114
145453,145.453,1,4004,54004,lowband_largesig_r01,prps,1378,-72,-0.606432,44,0,44,0.11519173,6.60000,prps,2,5118
145473,145.473,1,4004,54004,lowband_largesig_r01,prps,1384,-66,-0.556770,43,0,43,0.11257374,6.45000,prps,2,5122
145493,145.493,1,4004,54004,lowband_largesig_r01,prps,1389,-61,-0.511817,42,0,42,0.10995574,6.30000,prps,2,5126
145513,145.513,1,4004,54004,lowband_largesig_r01,prps,1394,-56,-0.470539,39,0,39,0.10210176,5.85000,prps,2,5130
145533,145.533,1,4004,54004,lowband_largesig_r01,prps,1399,-51,-0.429136,35,0,35,0.09162979,5.25000,prps,2,5134
145553,145.553,1,4004,54004,lowband_largesig_r01,prps,1405,-45,-0.382294,31,0,31,0.08115781,4.65000,prps,2,5138
145573,145.573,1,4004,54004,lowband_largesig_r01,prps,1411,-39,-0.324694,28,0,28,0.07330382,4.20000,prps,2,5142
145593,145.593,1,4004,54004,lowband_largesig_r01,prps,1420,-30,-0.252473,25,0,25,0.06544985,3.75000,prps,2,5146
145613,145.613,1,4004,54004,lowband_largesig_r01,prps,1430,-20,-0.164346,21,0,21,0.05497787,3.15000,prps,2,5150
145633,145.633,1,4004,54004,lowband_largesig_r01,prps,1443,-7,-0.062182,17,0,17,0.04450589,2.55000,prps,2,5154
145653,145.653,1,4004,54004,lowband_largesig_r01,prps,1456,6,0.049070,12,0,12,0.03141592,1.80000,prps,2,5158
145673,145.673,1,4004,54004,lowband_largesig_r01,prps,1469,19,0.162089,7,0,7,0.01832596,1.05000,prps,2,5162
145693,145.693,1,4004,54004,lowband_largesig_r01,prps,1482,32,0.268368,2,0,2,0.00523599,0.30000,prps,2,5166
145713,145.713,1,4004,54004,lowband_largesig_r01,prps,1493,43,0.359665,-3,0,-3,-0.00785398,-0.45000,prps,2,5170
145733,145.733,1,4004,54004,lowband_largesig_r01,prps,1501,51,0.429422,-10,0,-10,-0.02617994,-1.50000,prps,2,5174
145753,145.753,1,4004,54004,lowband_largesig_r01,prps,1506,56,0.473898,-18,0,-18,-0.04712389,-2.70000,prps,2,5178
145773,145.773,1,4004,54004,lowband_largesig_r01,prps,1509,59,0.492799,-25,0,-25,-0.06544985,-3.75000,prps,2,5182
145793,145.793,1,4004,54004,lowband_largesig_r01,prps,1508,58,0.489295,-31,0,-31,-0.08115781,-4.65000,prps,2,5186
145813,145.813,1,4004,54004,lowband_largesig_r01,prps,1506,56,0.469416,-34,0,-34,-0.08901179,-5.10000,prps,2,5190
145833,145.833,1,4004,54004,lowband_largesig_r01,prps,1502,52,0.440956,-36,0,-36,-0.09424778,-5.40000,prps,2,5194
145853,145.853,1,4004,54004,lowband_largesig_r01,prps,1499,49,0.412089,-36,0,-36,-0.09424778,-5.40000,prps,2,5198
145873,145.873,1,4004,54004,lowband_largesig_r01,prps,1496,46,0.389950,-36,0,-36,-0.09424778,-5.40000,prps,2,5202
145893,145.893,1,4004,54004,lowband_largesig_r01,prps,1495,45,0.379448,-35,0,-35,-0.09162979,-5.25000,prps,2,5206
145913,145.913,1,4004,54004,lowband_largesig_r01,prps,1496,46,0.382530,-35,0,-35,-0.09162979,-5.25000,prps,2,5210
145933,145.933,1,4004,54004,lowband_largesig_r01,prps,1497,47,0.398012,-34,0,-34,-0.08901179,-5.10000,prps,2,5214
145953,145.953,1,4004,54004,lowband_largesig_r01,prps,1500,50,0.422016,-33,0,-33,-0.08639380,-4.95000,prps,2,5218
145973,145.973,1,4004,54004,lowband_largesig_r01,prps,1503,53,0.448909,-33,0,-33,-0.08639380,-4.95000,prps,2,5222
145993,145.993,1,4004,54004,lowband_largesig_r01,prps,1506,56,0.472557,-34,0,-34,-0.08901179,-5.10000,prps,2,5226
146013,146.013,1,4004,54004,lowband_largesig_r01,prps,1508,58,0.487659,-34,0,-34,-0.08901179,-5.10000,prps,2,5230
146033,146.033,1,4004,54004,lowband_largesig_r01,prps,1508,58,0.490902,-34,0,-34,-0.08901179,-5.10000,prps,2,5234
146053,146.053,1,4004,54004,lowband_largesig_r01,prps,1507,57,0.481710,-34,0,-34,-0.08901179,-5.10000,prps,2,5238
146073,146.073,1,4004,54004,lowband_largesig_r01,prps,1505,55,0.462456,-34,0,-34,-0.08901179,-5.10000,prps,2,5242
146093,146.093,1,4004,54004,lowband_largesig_r01,prps,1502,52,0.438073,-34,0,-34,-0.08901179,-5.10000,prps,2,5246
146113,146.113,1,4004,54004,lowband_largesig_r01,prps,1499,49,0.415164,-34,0,-34,-0.08901179,-5.10000,prps,2,5250
146133,146.133,1,4004,54004,lowband_largesig_r01,prps,1498,48,0.400746,-34,0,-34,-0.08901179,-5.10000,prps,2,5254
146153,146.153,1,4004,54004,lowband_largesig_r01,prps,1498,48,0.400878,-34,0,-34,-0.08901179,-5.10000,prps,2,5258
146173,146.173,1,4004,54004,lowband_largesig_r01,prps,1500,50,0.419422,-34,0,-34,-0.08901179,-5.10000,prps,2,5262
146193,146.193,1,4004,54004,lowband_largesig_r01,prps,1504,54,0.457162,-34,0,-34,-0.08901179,-5.10000,prps,2,5266
146213,146.213,1,4004,54004,lowband_largesig_r01,prps,1511,61,0.511448,-34,0,-34,-0.08901179,-5.10000,prps,2,5270
146233,146.233,1,4004,54004,lowband_largesig_r01,prps,1519,69,0.576432,-34,0,-34,-0.08901179,-5.10000,prps,2,5274
146253,146.253,1,4004,54004,lowband_largesig_r01,prps,1527,77,0.643850,-34,0,-34,-0.08901179,-5.10000,prps,2,5278
146273,146.273,1,4004,54004,lowband_largesig_r01,prps,1534,84,0.704215,-35,0,-35,-0.09162979,-5.25000,prps,2,5282
146293,146.293,1,4004,54004,lowband_largesig_r01,prps,1539,89,0.748212,-40,0,-40,-0.10471976,-6.00000,prps,2,5286
146313,146.313,1,4004,54004,lowband_largesig_r01,prps,1541,91,0.768037,-45,0,-45,-0.11780972,-6.75000,prps,2,5290
146333,146.333,1,4004,54004,lowband_largesig_r01,prps,1540,90,0.758469,-50,0,-50,-0.13089970,-7.50000,prps,2,5294
146353,146.353,1,4004,54004,lowband_largesig_r01,prps,1535,85,0.717489,-52,0,-52,-0.13613568,-7.80000,prps,2,5298
146373,146.373,1,4004,54004,lowband_largesig_r01,prps,1527,77,0.646365,-53,0,-53,-0.13875367,-7.95000,prps,2,5302
146393,146.393,1,4004,54004,lowband_largesig_r01,prps,1515,65,0.549208,-53,0,-53,-0.13875367,-7.95000,prps,2,5306
146413,146.413,1,4004,54004,lowband_largesig_r01,prps,1501,51,0.432127,-52,0,-52,-0.13613568,-7.80000,prps,2,5310
146433,146.433,1,4004,54004,lowband_largesig_r01,prps,1486,36,0.302152,-50,0,-50,-0.13089970,-7.50000,prps,2,5314
146453,146.453,1,4004,54004,lowband_largesig_r01,prps,1470,20,0.166154,-45,0,-45,-0.11780972,-6.75000,prps,2,5318
146473,146.473,1,4004,54004,lowband_largesig_r01,prps,1454,4,0.029972,-38,0,-38,-0.09948376,-5.70000,prps,2,5322
146493,146.493,1,4004,54004,lowband_largesig_r01,prps,1438,-12,-0.102100,-30,0,-30,-0.07853982,-4.50000,prps,2,5326
146513,146.513,1,4004,54004,lowband_largesig_r01,prps,1423,-27,-0.227376,-20,0,-20,-0.05235988,-3.00000,prps,2,5330
146533,146.533,1,4004,54004,lowband_largesig_r01,prps,1409,-41,-0.344417,-11,0,-11,-0.02879793,-1.65000,prps,2,5334
146553,146.553,1,4004,54004,lowband_largesig_r01,prps,1396,-54,-0.452364,0,0,0,0.00000000,0.00000,prps,2,5338
146573,146.573,1,4004,54004,lowband_largesig_r01,prps,1385,-65,-0.550137,9,0,9,0.02356194,1.35000,prps,2,5342
146593,146.593,1,4004,54004,lowband_largesig_r01,prps,1374,-76,-0.635729,16,0,16,0.04188790,2.40000,prps,2,5346
146613,146.613,1,4004,54004,lowband_largesig_r01,prps,1366,-84,-0.705793,22,0,22,0.05759586,3.30000,prps,2,5350
146633,146.633,1,4004,54004,lowband_largesig_r01,prps,1360,-90,-0.755658,28,0,28,0.07330382,4.20000,prps,2,5354
146653,146.653,1,4004,54004,lowband_largesig_r01,prps,1357,-93,-0.779849,33,0,33,0.08639380,4.95000,prps,2,5358
146673,146.673,1,4004,54004,lowband_largesig_r01,prps,1358,-92,-0.773040,37,0,37,0.09686577,5.55000,prps,2,5362
146693,146.693,1,4004,54004,lowband_largesig_r01,prps,1363,-87,-0.731280,42,0,42,0.10995574,6.30000,prps,2,5366
146713,146.713,1,4004,54004,lowband_largesig_r01,prps,1372,-78,-0.653272,43,0,43,0.11257374,6.45000,prps,2,5370
146733,146.733,1,4004,54004,lowband_largesig_r01,prps,1386,-64,-0.541421,43,0,43,0.11257374,6.45000,prps,2,5374
146753,146.753,1,4004,54004,lowband_largesig_r01,prps,1402,-48,-0.402387,42,0,42,0.10995574,6.30000,prps,2,5378
146773,146.773,1,4004,54004,lowband_largesig_r01,prps,1421,-29,-0.246973,39,0,39,0.10210176,5.85000,prps,2,5382
146793,146.793,1,4004,54004,lowband_largesig_r01,prps,1439,-11,-0.089260,32,0,32,0.08377580,4.80000,prps,2,5386
146813,146.813,1,4004,54004,lowband_largesig_r01,prps,1457,7,0.054961,23,0,23,0.06021386,3.45000,prps,2,5390
146833,146.833,1,4004,54004,lowband_largesig_r01,prps,1470,20,0.170248,12,0,12,0.03141592,1.80000,prps,2,5394
146853,146.853,1,4004,54004,lowband_largesig_r01,prps,1479,29,0.243783,2,0,2,0.00523599,0.30000,prps,2,5398
146873,146.873,1,4004,54004,lowband_largesig_r01,prps,1482,32,0.267470,-7,0,-7,-0.01832596,-1.05000,prps,2,5402
146893,146.893,1,4004,54004,lowband_largesig_r01,prps,1479,29,0.239512,-14,0,-14,-0.03665191,-2.10000,prps,2,5406
146913,146.913,1,4004,54004,lowband_largesig_r01,prps,1470,20,0.165150,-19,0,-19,-0.04974188,-2.85000,prps,2,5410
146933,146.933,1,4004,54004,lowband_largesig_r01,prps,1457,7,0.056375,-19,0,-19,-0.04974188,-2.85000,prps,2,5414
146953,146.953,1,4004,54004,lowband_largesig_r01,prps,1442,-8,-0.069407,-18,0,-18,-0.04712389,-2.70000,prps,2,5418
146973,146.973,1,4004,54004,lowband_largesig_r01,prps,1427,-23,-0.191621,-16,0,-16,-0.04188790,-2.40000,prps,2,5422
146993,146.993,1,4004,54004,lowband_largesig_r01,prps,1416,-34,-0.289370,-10,0,-10,-0.02617994,-1.50000,prps,2,5426
147013,147.013,1,4004,54004,lowband_largesig_r01,prps,1409,-41,-0.344480,-2,0,-2,-0.00523599,-0.30000,prps,2,5430
147033,147.033,1,4004,54004,lowband_largesig_r01,prps,1409,-41,-0.344268,6,0,6,0.01570796,0.90000,prps,2,5434
147053,147.053,1,4004,54004,lowband_largesig_r01,prps,1416,-34,-0.283595,12,0,12,0.03141592,1.80000,prps,2,5438
147073,147.073,1,4004,54004,lowband_largesig_r01,prps,1430,-20,-0.165868,15,0,15,0.03926991,2.25000,prps,2,5442
147093,147.093,1,4004,54004,lowband_largesig_r01,prps,1450,0,-0.002787,13,0,13,0.03403392,1.95000,prps,2,5446
147113,147.113,1,4004,54004,lowband_largesig_r01,prps,1472,22,0.187137,10,0,10,0.02617994,1.50000,prps,2,5450
147133,147.133,1,4004,54004,lowband_largesig_r01,prps,1495,45,0.381108,4,0,4,0.01047198,0.60000,prps,2,5454
147153,147.153,1,4004,54004,lowband_largesig_r01,prps,1516,66,0.555244,-3,0,-3,-0.00785398,-0.45000,prps,2,5458
147173,147.173,1,4004,54004,lowband_largesig_r01,prps,1532,82,0.687966,-13,0,-13,-0.03403392,-1.95000,prps,2,5462
147193,147.193,1,4004,54004,lowband_largesig_r01,prps,1541,91,0.763067,-25,0,-25,-0.06544985,-3.75000,prps,2,5466
147213,147.213,1,4004,54004,lowband_largesig_r01,prps,1542,92,0.771988,-38,0,-38,-0.09948376,-5.70000,prps,2,5470
147233,147.233,1,4004,54004,lowband_largesig_r01,prps,1535,85,0.714959,-50,0,-50,-0.13089970,-7.50000,prps,2,5474
147253,147.253,1,4004,54004,lowband_largesig_r01,prps,1521,71,0.600830,-54,0,-54,-0.14137166,-8.10000,prps,2,5478
147273,147.273,1,4004,54004,lowband_largesig_r01,prps,1503,53,0.445625,-54,0,-54,-0.14137166,-8.10000,prps,2,5482
147293,147.293,1,4004,54004,lowband_largesig_r01,prps,1482,32,0.270061,-51,0,-51,-0.13351768,-7.65000,prps,2,5486
147313,147.313,1,4004,54004,lowband_largesig_r01,prps,1461,11,0.096418,-46,0,-46,-0.12042772,-6.90000,prps,2,5490
147333,147.333,1,4004,54004,lowband_largesig_r01,prps,1443,-7,-0.054738,-37,0,-37,-0.09686577,-5.55000,prps,2,5494
147353,147.353,1,4004,54004,lowband_largesig_r01,prps,1430,-20,-0.167477,-27,0,-27,-0.07068583,-4.05000,prps,2,5498
147373,147.373,1,4004,54004,lowband_largesig_r01,prps,1422,-28,-0.232631,-15,0,-15,-0.03926991,-2.25000,prps,2,5502
147393,147.393,1,4004,54004,lowband_largesig_r01,prps,1420,-30,-0.248795,-4,0,-4,-0.01047198,-0.60000,prps,2,5506
147413,147.413,1,4004,54004,lowband_largesig_r01,prps,1424,-26,-0.222111,4,0,4,0.01047198,0.60000,prps,2,5510
147433,147.433,1,4004,54004,lowband_largesig_r01,prps,1430,-20,-0.164874,7,0,7,0.01832596,1.05000,prps,2,5514
147453,147.453,1,4004,54004,lowband_largesig_r01,prps,1439,-11,-0.093246,7,0,7,0.01832596,1.05000,prps,2,5518
147473,147.473,1,4004,54004,lowband_largesig_r01,prps,1447,-3,-0.024466,7,0,7,0.01832596,1.05000,prps,2,5522
147493,147.493,1,4004,54004,lowband_largesig_r01,prps,1453,3,0.025988,6,0,6,0.01570796,0.90000,prps,2,5526
147513,147.513,1,4004,54004,lowband_largesig_r01,prps,1456,6,0.046794,5,0,5,0.01308997,0.75000,prps,2,5530
147533,147.533,1,4004,54004,lowband_largesig_r01,prps,1454,4,0.032408,2,0,2,0.00523599,0.30000,prps,2,5534
147553,147.553,1,4004,54004,lowband_largesig_r01,prps,1448,-2,-0.016369,-1,0,-1,-0.00261799,-0.15000,prps,2,5538
147573,147.573,1,4004,54004,lowband_largesig_r01,prps,1439,-11,-0.092883,-2,0,-2,-0.00523599,-0.30000,prps,2,5542
147593,147.593,1,4004,54004,lowband_largesig_r01,prps,1428,-22,-0.186092,-1,0,-1,-0.00261799,-0.15000,prps,2,5546
147613,147.613,1,4004,54004,lowband_largesig_r01,prps,1416,-34,-0.282691,1,0,1,0.00261799,0.15000,prps,2,5550
147633,147.633,1,4004,54004,lowband_largesig_r01,prps,1406,-44,-0.369522,4,0,4,0.01047198,0.60000,prps,2,5554
147653,147.653,1,4004,54004,lowband_largesig_r01,prps,1398,-52,-0.435851,7,0,7,0.01832596,1.05000,prps,2,5558
147673,147.673,1,4004,54004,lowband_largesig_r01,prps,1393,-57,-0.475118,11,0,11,0.02879793,1.65000,prps,2,5562
147693,147.693,1,4004,54004,lowband_largesig_r01,prps,1392,-58,-0.485890,15,0,15,0.03926991,2.25000,prps,2,5566
147713,147.713,1,4004,54004,lowband_largesig_r01,prps,1394,-56,-0.471875,18,0,18,0.04712389,2.70000,prps,2,5570
147733,147.733,1,4004,54004,lowband_largesig_r01,prps,1398,-52,-0.441034,20,0,20,0.05235988,3.00000,prps,2,5574
147753,147.753,1,4004,54004,lowband_largesig_r01,prps,1402,-48,-0.403967,21,0,21,0.05497787,3.15000,prps,2,5578
147773,147.773,1,4004,54004,lowband_largesig_r01,prps,1406,-44,-0.371899,21,0,21,0.05497787,3.15000,prps,2,5582
147793,147.793,1,4004,54004,lowband_largesig_r01,prps,1408,-42,-0.354598,21,0,21,0.05497787,3.15000,prps,2,5586
147813,147.813,1,4004,54004,lowband_largesig_r01,prps,1407,-43,-0.358628,21,0,21,0.05497787,3.15000,prps,2,5590
147833,147.833,1,4004,54004,lowband_largesig_r01,prps,1404,-46,-0.386199,21,0,21,0.05497787,3.15000,prps,2,5594
147853,147.853,1,4004,54004,lowband_largesig_r01,prps,1398,-52,-0.434818,21,0,21,0.05497787,3.15000,prps,2,5598
147873,147.873,1,4004,54004,lowband_largesig_r01,prps,1391,-59,-0.497764,21,0,21,0.05497787,3.15000,prps,2,5602
147893,147.893,1,4004,54004,lowband_largesig_r01,prps,1383,-67,-0.565295,21,0,21,0.05497787,3.15000,prps,2,5606
147913,147.913,1,4004,54004,lowband_largesig_r01,prps,1375,-75,-0.626336,21,0,21,0.05497787,3.15000,prps,2,5610
147933,147.933,1,4004,54004,lowband_largesig_r01,prps,1370,-80,-0.670358,23,0,23,0.06021386,3.45000,prps,2,5614
147953,147.953,1,4004,54004,lowband_largesig_r01,prps,1368,-82,-0.689115,26,0,26,0.06806784,3.90000,prps,2,5618
147973,147.973,1,4004,54004,lowband_largesig_r01,prps,1369,-81,-0.677935,30,0,30,0.07853982,4.50000,prps,2,5622
147993,147.993,1,4004,54004,lowband_largesig_r01,prps,1374,-76,-0.636378,34,0,34,0.08901179,5.10000,prps,2,5626
148013,148.013,1,4004,54004,lowband_largesig_r01,prps,1382,-68,-0.568161,35,0,35,0.09162979,5.25000,prps,2,5630
148033,148.033,1,4004,54004,lowband_largesig_r01,prps,1393,-57,-0.480410,35,0,35,0.09162979,5.25000,prps,2,5634
148053,148.053,1,4004,54004,lowband_largesig_r01,prps,1404,-46,-0.382385,34,0,34,0.08901179,5.10000,prps,2,5638
148073,148.073,1,4004,54004,lowband_largesig_r01,prps,1416,-34,-0.283944,32,0,32,0.08377580,4.80000,prps,2,5642
148093,148.093,1,4004,54004,lowband_largesig_r01,prps,1427,-23,-0.194010,27,0,27,0.07068583,4.05000,prps,2,5646
148113,148.113,1,4004,54004,lowband_largesig_r01,prps,1436,-14,-0.119320,21,0,21,0.05497787,3.15000,prps,2,5650
148133,148.133,1,4004,54004,lowband_largesig_r01,prps,1442,-8,-0.063652,15,0,15,0.03926991,2.25000,prps,2,5654
148153,148.153,1,4004,54004,lowband_largesig_r01,prps,1447,-3,-0.027635,9,0,9,0.02356194,1.35000,prps,2,5658
148173,148.173,1,4004,54004,lowband_largesig_r01,prps,1449,-1,-0.009128,5,0,5,0.01308997,0.75000,prps,2,5662
148193,148.193,1,4004,54004,lowband_largesig_r01,prps,1450,0,-0.004061,2,0,2,0.00523599,0.30000,prps,2,5666
148213,148.213,1,4004,54004,lowband_largesig_r01,prps,1449,-1,-0.007530,1,0,1,0.00261799,0.15000,prps,2,5670
148233,148.233,1,4004,54004,lowband_largesig_r01,prps,1448,-2,-0.014920,0,0,0,0.00000000,0.00000,prps,2,5674
148253,148.253,1,4004,54004,lowband_largesig_r01,prps,1447,-3,-0.022825,0,0,0,0.00000000,0.00000,prps,2,5678
148273,148.273,1,4004,54004,lowband_largesig_r01,prps,1446,-4,-0.029582,0,0,0,0.00000000,0.00000,prps,2,5682
148293,148.293,1,4004,54004,lowband_largesig_r01,prps,1446,-4,-0.035341,0,0,0,0.00000000,0.00000,prps,2,5686
148313,148.313,1,4004,54004,lowband_largesig_r01,prps,1445,-5,-0.041662,0,0,0,0.00000000,0.00000,prps,2,5690
148333,148.333,1,4004,54004,lowband_largesig_r01,prps,1444,-6,-0.050766,0,0,0,0.00000000,0.00000,prps,2,5694
148353,148.353,1,4004,54004,lowband_largesig_r01,prps,1442,-8,-0.064594,0,0,0,0.00000000,0.00000,prps,2,5698
148373,148.373,1,4004,54004,lowband_largesig_r01,prps,1440,-10,-0.083919,0,0,0,0.00000000,0.00000,prps,2,5702
148393,148.393,1,4004,54004,lowband_largesig_r01,prps,1437,-13,-0.107686,0,0,0,0.00000000,0.00000,prps,2,5706
148413,148.413,1,4004,54004,lowband_largesig_r01,prps,1434,-16,-0.132779,1,0,1,0.00261799,0.15000,prps,2,5710
148433,148.433,1,4004,54004,lowband_largesig_r01,prps,1432,-18,-0.154255,1,0,1,0.00261799,0.15000,prps,2,5714
148453,148.453,1,4004,54004,lowband_largesig_r01,prps,1430,-20,-0.166049,2,0,2,0.00523599,0.30000,prps,2,5718
148473,148.473,1,4004,54004,lowband_largesig_r01,prps,1431,-19,-0.162015,3,0,3,0.00785398,0.45000,prps,2,5722
148493,148.493,1,4004,54004,lowband_largesig_r01,prps,1434,-16,-0.137129,4,0,4,0.01047198,0.60000,prps,2,5726
148513,148.513,1,4004,54004,lowband_largesig_r01,prps,1439,-11,-0.088596,4,0,4,0.01047198,0.60000,prps,2,5730
148533,148.533,1,4004,54004,lowband_largesig_r01,prps,1448,-2,-0.016667,4,0,4,0.01047198,0.60000,prps,2,5734
148553,148.553,1,4004,54004,lowband_largesig_r01,prps,1459,9,0.075033,4,0,4,0.01047198,0.60000,prps,2,5738
148573,148.573,1,4004,54004,lowband_largesig_r01,prps,1471,21,0.179746,3,0,3,0.00785398,0.45000,prps,2,5742
148593,148.593,1,4004,54004,lowband_largesig_r01,prps,1484,34,0.288375,1,0,1,0.00261799,0.15000,prps,2,5746
148613,148.613,1,4004,54004,lowband_largesig_r01,prps,1496,46,0.390720,-4,0,-4,-0.01047198,-0.60000,prps,2,5750
148633,148.633,1,4004,54004,lowband_largesig_r01,prps,1507,57,0.476950,-11,0,-11,-0.02879793,-1.65000,prps,2,5754
148653,148.653,1,4004,54004,lowband_largesig_r01,prps,1514,64,0.539052,-19,0,-19,-0.04974188,-2.85000,prps,2,5758
148673,148.673,1,4004,54004,lowband_largesig_r01,prps,1518,68,0.572026,-27,0,-27,-0.07068583,-4.05000,prps,2,5762
148693,148.693,1,4004,54004,lowband_largesig_r01,prps,1518,68,0.574584,-34,0,-34,-0.08901179,-5.10000,prps,2,5766
148713,148.713,1,4004,54004,lowband_largesig_r01,prps,1515,65,0.549260,-39,0,-39,-0.10210176,-5.85000,prps,2,5770
148733,148.733,1,4004,54004,lowband_largesig_r01,prps,1510,60,0.501890,-42,0,-42,-0.10995574,-6.30000,prps,2,5774
148753,148.753,1,4004,54004,lowband_largesig_r01,prps,1502,52,0.440555,-43,0,-43,-0.11257374,-6.45000,prps,2,5778
148773,148.773,1,4004,54004,lowband_largesig_r01,prps,1495,45,0.374194,-42,0,-42,-0.10995574,-6.30000,prps,2,5782
148793,148.793,1,4004,54004,lowband_largesig_r01,prps,1487,37,0.311114,-41,0,-41,-0.10733775,-6.15000,prps,2,5786
148813,148.813,1,4004,54004,lowband_largesig_r01,prps,1481,31,0.257680,-38,0,-38,-0.09948376,-5.70000,prps,2,5790
148833,148.833,1,4004,54004,lowband_largesig_r01,prps,1476,26,0.217409,-35,0,-35,-0.09162979,-5.25000,prps,2,5794
148853,148.853,1,4004,54004,lowband_largesig_r01,prps,1473,23,0.190631,-30,0,-30,-0.07853982,-4.50000,prps,2,5798
148873,148.873,1,4004,54004,lowband_largesig_r01,prps,1471,21,0.174762,-26,0,-26,-0.06806784,-3.90000,prps,2,5802
148893,148.893,1,4004,54004,lowband_largesig_r01,prps,1470,20,0.165130,-23,0,-23,-0.06021386,-3.45000,prps,2,5806
148929,148.929,1,4004,54004,lowband_largesig_r01,prps,1469,19,0.156178,-22,0,-22,-0.05759586,-3.30000,prps,2,5810
148949,148.949,1,4004,54004,lowband_largesig_r01,prps,1467,17,0.142816,-21,0,-21,-0.05497787,-3.15000,prps,2,5814
148969,148.969,1,4004,54004,lowband_largesig_r01,prps,1464,14,0.121637,-20,0,-20,-0.05235988,-3.00000,prps,2,5818
148989,148.989,1,4004,54004,lowband_largesig_r01,prps,1461,11,0.091766,-18,0,-18,-0.04712389,-2.70000,prps,2,5822
149009,149.009,1,4004,54004,lowband_largesig_r01,prps,1457,7,0.055164,-17,0,-17,-0.04450589,-2.55000,prps,2,5826
149029,149.029,1,4004,54004,lowband_largesig_r01,prps,1452,2,0.016313,-15,0,-15,-0.03926991,-2.25000,prps,2,5830
149049,149.049,1,4004,54004,lowband_largesig_r01,prps,1448,-2,-0.018656,-12,0,-12,-0.03141592,-1.80000,prps,2,5834
149069,149.069,1,4004,54004,lowband_largesig_r01,prps,1445,-5,-0.043237,-10,0,-10,-0.02617994,-1.50000,prps,2,5838
149089,149.089,1,4004,54004,lowband_largesig_r01,prps,1444,-6,-0.051970,-8,0,-8,-0.02094395,-1.20000,prps,2,5842
149109,149.109,1,4004,54004,lowband_largesig_r01,prps,1445,-5,-0.041730,-6,0,-6,-0.01570796,-0.90000,prps,2,5846
149129,149.129,1,4004,54004,lowband_largesig_r01,prps,1448,-2,-0.012616,-5,0,-5,-0.01308997,-0.75000,prps,2,5850
149149,149.149,1,4004,54004,lowband_largesig_r01,prps,1454,4,0.031768,-4,0,-4,-0.01047198,-0.60000,prps,2,5854
149169,149.169,1,4004,54004,lowband_largesig_r01,prps,1460,10,0.084725,-4,0,-4,-0.01047198,-0.60000,prps,2,5858
149189,149.189,1,4004,54004,lowband_largesig_r01,prps,1466,16,0.137523,-4,0,-4,-0.01047198,-0.60000,prps,2,5862
149209,149.209,1,4004,54004,lowband_largesig_r01,prps,1472,22,0.180946,-5,0,-5,-0.01308997,-0.75000,prps,2,5866
149229,149.229,1,4004,54004,lowband_largesig_r01,prps,1475,25,0.207057,-6,0,-6,-0.01570796,-0.90000,prps,2,5870
149249,149.249,1,4004,54004,lowband_largesig_r01,prps,1475,25,0.210844,-7,0,-7,-0.01832596,-1.05000,prps,2,5874
149269,149.269,1,4004,54004,lowband_largesig_r01,prps,1473,23,0.191446,-11,0,-11,-0.02879793,-1.65000,prps,2,5878
149289,149.289,1,4004,54004,lowband_largesig_r01,prps,1468,18,0.152674,-15,0,-15,-0.03926991,-2.25000,prps,2,5882
149309,149.309,1,4004,54004,lowband_largesig_r01,prps,1462,12,0.102712,-16,0,-16,-0.04188790,-2.40000,prps,2,5886
149329,149.329,1,4004,54004,lowband_largesig_r01,prps,1456,6,0.052980,-16,0,-16,-0.04188790,-2.40000,prps,2,5890
149349,149.349,1,4004,54004,lowband_largesig_r01,prps,1452,2,0.016317,-15,0,-15,-0.03926991,-2.25000,prps,2,5894
149369,149.369,1,4004,54004,lowband_largesig_r01,prps,1451,1,0.004776,-13,0,-13,-0.03403392,-1.95000,prps,2,5898
149389,149.389,1,4004,54004,lowband_largesig_r01,prps,1453,3,0.027397,-11,0,-11,-0.02879793,-1.65000,prps,2,5902
149409,149.409,1,4004,54004,lowband_largesig_r01,prps,1461,11,0.088341,-8,0,-8,-0.02094395,-1.20000,prps,2,5906
149429,149.429,1,4004,54004,lowband_largesig_r01,prps,1472,22,0.185758,-7,0,-7,-0.01832596,-1.05000,prps,2,5910
149449,149.449,1,4004,54004,lowband_largesig_r01,prps,1487,37,0.311594,-8,0,-8,-0.02094395,-1.20000,prps,2,5914
149469,149.469,1,4004,54004,lowband_largesig_r01,prps,1504,54,0.452459,-10,0,-10,-0.02617994,-1.50000,prps,2,5918
149489,149.489,1,4004,54004,lowband_largesig_r01,prps,1520,70,0.591423,-16,0,-16,-0.04188790,-2.40000,prps,2,5922
149509,149.509,1,4004,54004,lowband_largesig_r01,prps,1535,85,0.710519,-23,0,-23,-0.06021386,-3.45000,prps,2,5926
149529,149.529,1,4004,54004,lowband_largesig_r01,prps,1544,94,0.793540,-33,0,-33,-0.08639380,-4.95000,prps,2,5930
149549,149.549,1,4004,54004,lowband_largesig_r01,prps,1549,99,0.828688,-42,0,-42,-0.10995574,-6.30000,prps,2,5934
149569,149.569,1,4004,54004,lowband_largesig_r01,prps,1546,96,0.810631,-51,0,-51,-0.13351768,-7.65000,prps,2,5938
149589,149.589,1,4004,54004,lowband_largesig_r01,prps,1538,88,0.741596,-55,0,-55,-0.14398966,-8.25000,prps,2,5942
149609,149.609,1,4004,54004,lowband_largesig_r01,prps,1525,75,0.631298,-55,0,-55,-0.14398966,-8.25000,prps,2,5946
149629,149.629,1,4004,54004,lowband_largesig_r01,prps,1509,59,0.495664,-55,0,-55,-0.14398966,-8.25000,prps,2,5950
149649,149.649,1,4004,54004,lowband_largesig_r01,prps,1492,42,0.354531,-53,0,-53,-0.13875367,-7.95000,prps,2,5954
149669,149.669,1,4004,54004,lowband_largesig_r01,prps,1477,27,0.228642,-49,0,-49,-0.12828170,-7.35000,prps,2,5958
149689,149.689,1,4004,54004,lowband_largesig_r01,prps,1466,16,0.136432,-41,0,-41,-0.10733775,-6.15000,prps,2,5962
149709,149.709,1,4004,54004,lowband_largesig_r01,prps,1461,11,0.091074,-33,0,-33,-0.08639380,-4.95000,prps,2,5966
149729,149.729,1,4004,54004,lowband_largesig_r01,prps,1462,12,0.098296,-25,0,-25,-0.06544985,-3.75000,prps,2,5970
149749,149.749,1,4004,54004,lowband_largesig_r01,prps,1468,18,0.155301,-19,0,-19,-0.04974188,-2.85000,prps,2,5974
149769,149.769,1,4004,54004,lowband_largesig_r01,prps,1480,30,0.250995,-16,0,-16,-0.04188790,-2.40000,prps,2,5978
149789,149.789,1,4004,54004,lowband_largesig_r01,prps,1494,44,0.367504,-16,0,-16,-0.04188790,-2.40000,prps,2,5982
149809,149.809,1,4004,54004,lowband_largesig_r01,prps,1507,57,0.482751,-18,0,-18,-0.04712389,-2.70000,prps,2,5986
149829,149.829,1,4004,54004,lowband_largesig_r01,prps,1518,68,0.573722,-22,0,-22,-0.05759586,-3.30000,prps,2,5990
149849,149.849,1,4004,54004,lowband_largesig_r01,prps,1524,74,0.619897,-29,0,-29,-0.07592182,-4.35000,prps,2,5994
149869,149.869,1,4004,54004,lowband_largesig_r01,prps,1522,72,0.606358,-35,0,-35,-0.09162979,-5.25000,prps,2,5998
149889,149.889,1,4004,54004,lowband_largesig_r01,prps,1513,63,0.526063,-40,0,-40,-0.10471976,-6.00000,prps,2,6002
149909,149.909,1,4004,54004,lowband_largesig_r01,prps,1495,45,0.380978,-43,0,-43,-0.11257374,-6.45000,prps,2,6006
149929,149.929,1,4004,54004,lowband_largesig_r01,prps,1472,22,0.181889,-42,0,-42,-0.10995574,-6.30000,prps,2,6010
149949,149.949,1,4004,54004,lowband_largesig_r01,prps,1444,-6,-0.053054,-39,0,-39,-0.10210176,-5.85000,prps,2,6014
149969,149.969,1,4004,54004,lowband_largesig_r01,prps,1414,-36,-0.300828,-30,0,-30,-0.07853982,-4.50000,prps,2,6018
149989,149.989,1,4004,54004,lowband_largesig_r01,prps,1386,-64,-0.536666,-17,0,-17,-0.04450589,-2.55000,prps,2,6022
150009,150.009,1,4004,54004,lowband_largesig_r01,prps,1362,-88,-0.737347,-2,0,-2,-0.00523599,-0.30000,prps,2,6026
150029,150.029,1,4004,54004,lowband_largesig_r01,prps,1345,-105,-0.884164,14,0,14,0.03665191,2.10000,prps,2,6030
150049,150.049,1,4004,54004,lowband_largesig_r01,prps,1335,-115,-0.965139,29,0,29,0.07592182,4.35000,prps,2,6034
150069,150.069,1,4004,54004,lowband_largesig_r01,prps,1334,-116,-0.976208,43,0,43,0.11257374,6.45000,prps,2,6038
150089,150.089,1,4004,54004,lowband_largesig_r01,prps,1340,-110,-0.921240,54,0,54,0.14137166,8.10000,prps,2,6042
150109,150.109,1,4004,54004,lowband_largesig_r01,prps,1353,-97,-0.810978,59,0,59,0.15446164,8.85000,prps,2,6046
150129,150.129,1,4004,54004,lowband_largesig_r01,prps,1371,-79,-0.661112,57,0,57,0.14922565,8.55000,prps,2,6050
150149,150.149,1,4004,54004,lowband_largesig_r01,prps,1392,-58,-0.489841,55,0,55,0.14398966,8.25000,prps,2,6054
150169,150.169,1,4004,54004,lowband_largesig_r01,prps,1412,-38,-0.315339,50,0,50,0.13089970,7.50000,prps,2,6058
150189,150.189,1,4004,54004,lowband_largesig_r01,prps,1432,-18,-0.153499,41,0,41,0.10733775,6.15000,prps,2,6062
150209,150.209,1,4004,54004,lowband_largesig_r01,prps,1448,-2,-0.016291,31,0,31,0.08115781,4.65000,prps,2,6066
150229,150.229,1,4004,54004,lowband_largesig_r01,prps,1461,11,0.089085,18,0,18,0.04712389,2.70000,prps,2,6070
150249,150.249,1,4004,54004,lowband_largesig_r01,prps,1469,19,0.160199,6,0,6,0.01570796,0.90000,prps,2,6074
150269,150.269,1,4004,54004,lowband_largesig_r01,prps,1474,24,0.198654,-3,0,-3,-0.00785398,-0.45000,prps,2,6078
150289,150.289,1,4004,54004,lowband_largesig_r01,prps,1475,25,0.208812,-9,0,-9,-0.02356194,-1.35000,prps,2,6082
150309,150.309,1,4004,54004,lowband_largesig_r01,prps,1473,23,0.196303,-15,0,-15,-0.03926991,-2.25000,prps,2,6086
150329,150.329,1,4004,54004,lowband_largesig_r01,prps,1470,20,0.166596,-17,0,-17,-0.04450589,-2.55000,prps,2,6090
150349,150.349,1,4004,54004,lowband_largesig_r01,prps,1465,15,0.123910,-18,0,-18,-0.04712389,-2.70000,prps,2,6094
150369,150.369,1,4004,54004,lowband_largesig_r01,prps,1458,8,0.070639,-17,0,-17,-0.04450589,-2.55000,prps,2,6098
150389,150.389,1,4004,54004,lowband_largesig_r01,prps,1451,1,0.007353,-16,0,-16,-0.04188790,-2.40000,prps,2,6102
150409,150.409,1,4004,54004,lowband_largesig_r01,prps,1442,-8,-0.066678,-15,0,-15,-0.03926991,-2.25000,prps,2,6106
150429,150.429,1,4004,54004,lowband_largesig_r01,prps,1432,-18,-0.152608,-12,0,-12,-0.03141592,-1.80000,prps,2,6110
150449,150.449,1,4004,54004,lowband_largesig_r01,prps,1420,-30,-0.250995,-7,0,-7,-0.01832596,-1.05000,prps,2,6114
150469,150.469,1,4004,54004,lowband_largesig_r01,prps,1407,-43,-0.360893,-1,0,-1,-0.00261799,-0.15000,prps,2,6118
150489,150.489,1,4004,54004,lowband_largesig_r01,prps,1393,-57,-0.479266,5,0,5,0.01308997,0.75000,prps,2,6122
150509,150.509,1,4004,54004,lowband_largesig_r01,prps,1378,-72,-0.600865,10,0,10,0.02617994,1.50000,prps,2,6126
150529,150.529,1,4004,54004,lowband_largesig_r01,prps,1364,-86,-0.718608,17,0,17,0.04450589,2.55000,prps,2,6130
150549,150.549,1,4004,54004,lowband_largesig_r01,prps,1352,-98,-0.824407,23,0,23,0.06021386,3.45000,prps,2,6134
150569,150.569,1,4004,54004,lowband_largesig_r01,prps,1342,-108,-0.910283,30,0,30,0.07853982,4.50000,prps,2,6138
150589,150.589,1,4004,54004,lowband_largesig_r01,prps,1335,-115,-0.969567,38,0,38,0.09948376,5.70000,prps,2,6142
150609,150.609,1,4004,54004,lowband_largesig_r01,prps,1331,-119,-0.997937,46,0,46,0.12042772,6.90000,prps,2,6146
150629,150.629,1,4004,54004,lowband_largesig_r01,prps,1332,-118,-0.994109,53,0,53,0.13875367,7.95000,prps,2,6150
150649,150.649,1,4004,54004,lowband_largesig_r01,prps,1336,-114,-0.960033,58,0,58,0.15184364,8.70000,prps,2,6154
150669,150.669,1,4004,54004,lowband_largesig_r01,prps,1343,-107,-0.900556,59,0,59,0.15446164,8.85000,prps,2,6158
150689,150.689,1,4004,54004,lowband_largesig_r01,prps,1352,-98,-0.822616,59,0,59,0.15446164,8.85000,prps,2,6162
150709,150.709,1,4004,54004,lowband_largesig_r01,prps,1363,-87,-0.734103,58,0,58,0.15184364,8.70000,prps,2,6166
150729,150.729,1,4004,54004,lowband_largesig_r01,prps,1374,-76,-0.642611,57,0,57,0.14922565,8.55000,prps,2,6170
150749,150.749,1,4004,54004,lowband_largesig_r01,prps,1384,-66,-0.554309,54,0,54,0.14137166,8.10000,prps,2,6174
150769,150.769,1,4004,54004,lowband_largesig_r01,prps,1394,-56,-0.473120,48,0,48,0.12566370,7.20000,prps,2,6178
150789,150.789,1,4004,54004,lowband_largesig_r01,prps,1402,-48,-0.400380,42,0,42,0.10995574,6.30000,prps,2,6182
150809,150.809,1,4004,54004,lowband_largesig_r01,prps,1410,-40,-0.335003,36,0,36,0.09424778,5.40000,prps,2,6186
150829,150.829,1,4004,54004,lowband_largesig_r01,prps,1417,-33,-0.274121,30,0,30,0.07853982,4.50000,prps,2,6190
150849,150.849,1,4004,54004,lowband_largesig_r01,prps,1425,-25,-0.214050,23,0,23,0.06021386,3.45000,prps,2,6194
150869,150.869,1,4004,54004,lowband_largesig_r01,prps,1432,-18,-0.151392,18,0,18,0.04712389,2.70000,prps,2,6198
150889,150.889,1,4004,54004,lowband_largesig_r01,prps,1440,-10,-0.084030,13,0,13,0.03403392,1.95000,prps,2,6202
150909,150.909,1,4004,54004,lowband_largesig_r01,prps,1449,-1,-0.011823,10,0,10,0.02617994,1.50000,prps,2,6206
150929,150.929,1,4004,54004,lowband_largesig_r01,prps,1458,8,0.063147,6,0,6,0.01570796,0.90000,prps,2,6210
150949,150.949,1,4004,54004,lowband_largesig_r01,prps,1466,16,0.136836,4,0,4,0.01047198,0.60000,prps,2,6214
150969,150.969,1,4004,54004,lowband_largesig_r01,prps,1474,24,0.203965,1,0,1,0.00261799,0.15000,prps,2,6218
150989,150.989,1,4004,54004,lowband_largesig_r01,prps,1481,31,0.259063,-3,0,-3,-0.00785398,-0.45000,prps,2,6222
151009,151.009,1,4004,54004,lowband_largesig_r01,prps,1485,35,0.297626,-6,0,-6,-0.01570796,-0.90000,prps,2,6226
151029,151.029,1,4004,54004,lowband_largesig_r01,prps,1488,38,0.317153,-12,0,-12,-0.03141592,-1.80000,prps,2,6230
151049,151.049,1,4004,54004,lowband_largesig_r01,prps,1488,38,0.317846,-17,0,-17,-0.04450589,-2.55000,prps,2,6234
151069,151.069,1,4004,54004,lowband_largesig_r01,prps,1486,36,0.302810,-20,0,-20,-0.05235988,-3.00000,prps,2,6238
151089,151.089,1,4004,54004,lowband_largesig_r01,prps,1483,33,0.277690,-23,0,-23,-0.06021386,-3.45000,prps,2,6242
151109,151.109,1,4004,54004,lowband_largesig_r01,prps,1480,30,0.249787,-24,0,-24,-0.06283185,-3.60000,prps,2,6246
151129,151.129,1,4004,54004,lowband_largesig_r01,prps,1477,27,0.226803,-24,0,-24,-0.06283185,-3.60000,prps,2,6250
151149,151.149,1,4004,54004,lowband_largesig_r01,prps,1476,26,0.215436,-24,0,-24,-0.06283185,-3.60000,prps,2,6254
151169,151.169,1,4004,54004,lowband_largesig_r01,prps,1476,26,0.220088,-23,0,-23,-0.06021386,-3.45000,prps,2,6258
151189,151.189,1,4004,54004,lowband_largesig_r01,prps,1479,29,0.241935,-23,0,-23,-0.06021386,-3.45000,prps,2,6262
151209,151.209,1,4004,54004,lowband_largesig_r01,prps,1483,33,0.278556,-23,0,-23,-0.06021386,-3.45000,prps,2,6266
151229,151.229,1,4004,54004,lowband_largesig_r01,prps,1489,39,0.324213,-23,0,-23,-0.06021386,-3.45000,prps,2,6270
151249,151.249,1,4004,54004,lowband_largesig_r01,prps,1494,44,0.370750,-23,0,-23,-0.06021386,-3.45000,prps,2,6274
151269,151.269,1,4004,54004,lowband_largesig_r01,prps,1499,49,0.408993,-24,0,-24,-0.06283185,-3.60000,prps,2,6278
151289,151.289,1,4004,54004,lowband_largesig_r01,prps,1501,51,0.430387,-26,0,-26,-0.06806784,-3.90000,prps,2,6282
151309,151.309,1,4004,54004,lowband_largesig_r01,prps,1501,51,0.428604,-28,0,-28,-0.07330382,-4.20000,prps,2,6286
151329,151.329,1,4004,54004,lowband_largesig_r01,prps,1498,48,0.400816,-28,0,-28,-0.07330382,-4.20000,prps,2,6290
151349,151.349,1,4004,54004,lowband_largesig_r01,prps,1491,41,0.348394,-28,0,-28,-0.07330382,-4.20000,prps,2,6294
151369,151.369,1,4004,54004,lowband_largesig_r01,prps,1483,33,0.276885,-28,0,-28,-0.07330382,-4.20000,prps,2,6298
151389,151.389,1,4004,54004,lowband_largesig_r01,prps,1473,23,0.195254,-27,0,-27,-0.07068583,-4.05000,prps,2,6302
151409,151.409,1,4004,54004,lowband_largesig_r01,prps,1464,14,0.114495,-27,0,-27,-0.07068583,-4.05000,prps,2,6306
151429,151.429,1,4004,54004,lowband_largesig_r01,prps,1455,5,0.045848,-25,0,-25,-0.06544985,-3.75000,prps,2,6310
151449,151.449,1,4004,54004,lowband_largesig_r01,prps,1450,0,-0.001086,-22,0,-22,-0.05759586,-3.30000,prps,2,6314
151469,151.469,1,4004,54004,lowband_largesig_r01,prps,1448,-2,-0.019987,-17,0,-17,-0.04450589,-2.55000,prps,2,6318
151489,151.489,1,4004,54004,lowband_largesig_r01,prps,1449,-1,-0.008928,-13,0,-13,-0.03403392,-1.95000,prps,2,6322
151509,151.509,1,4004,54004,lowband_largesig_r01,prps,1453,3,0.029242,-8,0,-8,-0.02094395,-1.20000,prps,2,6326
151529,151.529,1,4004,54004,lowband_largesig_r01,prps,1460,10,0.087346,-6,0,-6,-0.01570796,-0.90000,prps,2,6330
151549,151.549,1,4004,54004,lowband_largesig_r01,prps,1468,18,0.155067,-6,0,-6,-0.01570796,-0.90000,prps,2,6334
151569,151.569,1,4004,54004,lowband_largesig_r01,prps,1476,26,0.220697,-6,0,-6,-0.01570796,-0.90000,prps,2,6338
151589,151.589,1,4004,54004,lowband_largesig_r01,prps,1483,33,0.273138,-6,0,-6,-0.01570796,-0.90000,prps,2,6342
151609,151.609,1,4004,54004,lowband_largesig_r01,prps,1486,36,0.303805,-8,0,-8,-0.02094395,-1.20000,prps,2,6346
151629,151.629,1,4004,54004,lowband_largesig_r01,prps,1487,37,0.308094,-13,0,-13,-0.03403392,-1.95000,prps,2,6350
151649,151.649,1,4004,54004,lowband_largesig_r01,prps,1484,34,0.286150,-18,0,-18,-0.04712389,-2.70000,prps,2,6354
151669,151.669,1,4004,54004,lowband_largesig_r01,prps,1479,29,0.242785,-21,0,-21,-0.05497787,-3.15000,prps,2,6358
151689,151.689,1,4004,54004,lowband_largesig_r01,prps,1472,22,0.186563,-22,0,-22,-0.05759586,-3.30000,prps,2,6362
151709,151.709,1,4004,54004,lowband_largesig_r01,prps,1465,15,0.128198,-21,0,-21,-0.05497787,-3.15000,prps,2,6366
151729,151.729,1,4004,54004,lowband_largesig_r01,prps,1459,9,0.078551,-21,0,-21,-0.05497787,-3.15000,prps,2,6370
151749,151.749,1,4004,54004,lowband_largesig_r01,prps,1456,6,0.046586,-21,0,-21,-0.05497787,-3.15000,prps,2,6374
151769,151.769,1,4004,54004,lowband_largesig_r01,prps,1454,4,0.037657,-19,0,-19,-0.04974188,-2.85000,prps,2,6378
151789,151.789,1,4004,54004,lowband_largesig_r01,prps,1456,6,0.052448,-16,0,-16,-0.04188790,-2.40000,prps,2,6382
151809,151.809,1,4004,54004,lowband_largesig_r01,prps,1460,10,0.086770,-13,0,-13,-0.03403392,-1.95000,prps,2,6386
151829,151.829,1,4004,54004,lowband_largesig_r01,prps,1466,16,0.132274,-11,0,-11,-0.02879793,-1.65000,prps,2,6390
151849,151.849,1,4004,54004,lowband_largesig_r01,prps,1471,21,0.177979,-11,0,-11,-0.02879793,-1.65000,prps,2,6394
151869,151.869,1,4004,54004,lowband_largesig_r01,prps,1475,25,0.212349,-11,0,-11,-0.02879793,-1.65000,prps,2,6398
151889,151.889,1,4004,54004,lowband_largesig_r01,prps,1477,27,0.225560,-11,0,-11,-0.02879793,-1.65000,prps,2,6402
151909,151.909,1,4004,54004,lowband_largesig_r01,prps,1475,25,0.211550,-11,0,-11,-0.02879793,-1.65000,prps,2,6406
151929,151.929,1,4004,54004,lowband_largesig_r01,prps,1470,20,0.169463,-13,0,-13,-0.03403392,-1.95000,prps,2,6410
151949,151.949,1,4004,54004,lowband_largesig_r01,prps,1462,12,0.104215,-16,0,-16,-0.04188790,-2.40000,prps,2,6414
151969,151.969,1,4004,54004,lowband_largesig_r01,prps,1453,3,0.026018,-17,0,-17,-0.04450589,-2.55000,prps,2,6418
151989,151.989,1,4004,54004,lowband_largesig_r01,prps,1444,-6,-0.051068,-15,0,-15,-0.03926991,-2.25000,prps,2,6422
152009,152.009,1,4004,54004,lowband_largesig_r01,prps,1437,-13,-0.111373,-13,0,-13,-0.03403392,-1.95000,prps,2,6426
152029,152.029,1,4004,54004,lowband_largesig_r01,prps,1433,-17,-0.140273,-8,0,-8,-0.02094395,-1.20000,prps,2,6430
152049,152.049,1,4004,54004,lowband_largesig_r01,prps,1435,-15,-0.126822,-3,0,-3,-0.00785398,-0.45000,prps,2,6434
152069,152.069,1,4004,54004,lowband_largesig_r01,prps,1442,-8,-0.065927,1,0,1,0.00261799,0.15000,prps,2,6438
152089,152.089,1,4004,54004,lowband_largesig_r01,prps,1455,5,0.040338,1,0,1,0.00261799,0.15000,prps,2,6442
152109,152.109,1,4004,54004,lowband_largesig_r01,prps,1472,22,0.182527,1,0,1,0.00261799,0.15000,prps,2,6446
152129,152.129,1,4004,54004,lowband_largesig_r01,prps,1491,41,0.344798,0,0,0,0.00000000,0.00000,prps,2,6450
152149,152.149,1,4004,54004,lowband_largesig_r01,prps,1510,60,0.506957,-4,0,-4,-0.01047198,-0.60000,prps,2,6454
152169,152.169,1,4004,54004,lowband_largesig_r01,prps,1527,77,0.647267,-13,0,-13,-0.03403392,-1.95000,prps,2,6458
152189,152.189,1,4004,54004,lowband_largesig_r01,prps,1539,89,0.745608,-24,0,-24,-0.06283185,-3.60000,prps,2,6462
152209,152.209,1,4004,54004,lowband_largesig_r01,prps,1544,94,0.786473,-36,0,-36,-0.09424778,-5.40000,prps,2,6466
152229,152.229,1,4004,54004,lowband_largesig_r01,prps,1541,91,0.761352,-46,0,-46,-0.12042772,-6.90000,prps,2,6470
152249,152.249,1,4004,54004,lowband_largesig_r01,prps,1530,80,0.670096,-52,0,-52,-0.13613568,-7.80000,prps,2,6474
152269,152.269,1,4004,54004,lowband_largesig_r01,prps,1512,62,0.521065,-53,0,-53,-0.13875367,-7.95000,prps,2,6478
152289,152.289,1,4004,54004,lowband_largesig_r01,prps,1489,39,0.330003,-52,0,-52,-0.13613568,-7.80000,prps,2,6482
152309,152.309,1,4004,54004,lowband_largesig_r01,prps,1464,14,0.117826,-48,0,-48,-0.12566370,-7.20000,prps,2,6486
152329,152.329,1,4004,54004,lowband_largesig_r01,prps,1439,-11,-0.092340,-40,0,-40,-0.10471976,-6.00000,prps,2,6490
152349,152.349,1,4004,54004,lowband_largesig_r01,prps,1417,-33,-0.278418,-29,0,-29,-0.07592182,-4.35000,prps,2,6494
152369,152.369,1,4004,54004,lowband_largesig_r01,prps,1400,-50,-0.422436,-15,0,-15,-0.03926991,-2.25000,prps,2,6498
152389,152.389,1,4004,54004,lowband_largesig_r01,prps,1389,-61,-0.512917,0,0,0,0.00000000,0.00000,prps,2,6502
152409,152.409,1,4004,54004,lowband_largesig_r01,prps,1385,-65,-0.546252,13,0,13,0.03403392,1.95000,prps,2,6506
152429,152.429,1,4004,54004,lowband_largesig_r01,prps,1387,-63,-0.526874,22,0,22,0.05759586,3.30000,prps,2,6510
152449,152.449,1,4004,54004,lowband_largesig_r01,prps,1395,-55,-0.466232,26,0,26,0.06806784,3.90000,prps,2,6514
152469,152.469,1,4004,54004,lowband_largesig_r01,prps,1405,-45,-0.380766,26,0,26,0.06806784,3.90000,prps,2,6518
152489,152.489,1,4004,54004,lowband_largesig_r01,prps,1416,-34,-0.289215,26,0,26,0.06806784,3.90000,prps,2,6522
152509,152.509,1,4004,54004,lowband_largesig_r01,prps,1425,-25,-0.209703,24,0,24,0.06283185,3.60000,prps,2,6526
152529,152.529,1,4004,54004,lowband_largesig_r01,prps,1431,-19,-0.157058,20,0,20,0.05235988,3.00000,prps,2,6530
152549,152.549,1,4004,54004,lowband_largesig_r01,prps,1433,-17,-0.140752,15,0,15,0.03926991,2.25000,prps,2,6534
152569,152.569,1,4004,54004,lowband_largesig_r01,prps,1431,-19,-0.163768,10,0,10,0.02617994,1.50000,prps,2,6538
152589,152.589,1,4004,54004,lowband_largesig_r01,prps,1424,-26,-0.222515,7,0,7,0.01832596,1.05000,prps,2,6542
152609,152.609,1,4004,54004,lowband_largesig_r01,prps,1413,-37,-0.307740,7,0,7,0.01832596,1.05000,prps,2,6546
152629,152.629,1,4004,54004,lowband_largesig_r01,prps,1402,-48,-0.406256,8,0,8,0.02094395,1.20000,prps,2,6550
152649,152.649,1,4004,54004,lowband_largesig_r01,prps,1390,-60,-0.503156,10,0,10,0.02617994,1.50000,prps,2,6554
152669,152.669,1,4004,54004,lowband_largesig_r01,prps,1380,-70,-0.584145,14,0,14,0.03665191,2.10000,prps,2,6558
152689,152.689,1,4004,54004,lowband_largesig_r01,prps,1374,-76,-0.637616,18,0,18,0.04712389,2.70000,prps,2,6562
152709,152.709,1,4004,54004,lowband_largesig_r01,prps,1372,-78,-0.656168,23,0,23,0.06021386,3.45000,prps,2,6566
152729,152.729,1,4004,54004,lowband_largesig_r01,prps,1374,-76,-0.637368,28,0,28,0.07330382,4.20000,prps,2,6570
152749,152.749,1,4004,54004,lowband_largesig_r01,prps,1381,-69,-0.583703,32,0,32,0.08377580,4.80000,prps,2,6574
152769,152.769,1,4004,54004,lowband_largesig_r01,prps,1390,-60,-0.501798,35,0,35,0.09162979,5.25000,prps,2,6578
152789,152.789,1,4004,54004,lowband_largesig_r01,prps,1402,-48,-0.401098,34,0,34,0.08901179,5.10000,prps,2,6582
152809,152.809,1,4004,54004,lowband_largesig_r01,prps,1415,-35,-0.292268,32,0,32,0.08377580,4.80000,prps,2,6586
152829,152.829,1,4004,54004,lowband_largesig_r01,prps,1428,-22,-0.185620,28,0,28,0.07330382,4.20000,prps,2,6590
152849,152.849,1,4004,54004,lowband_largesig_r01,prps,1439,-11,-0.089787,22,0,22,0.05759586,3.30000,prps,2,6594
152869,152.869,1,4004,54004,lowband_largesig_r01,prps,1449,-1,-0.010867,15,0,15,0.03926991,2.25000,prps,2,6598
152889,152.889,1,4004,54004,lowband_largesig_r01,prps,1456,6,0.047915,8,0,8,0.02094395,1.20000,prps,2,6602
152909,152.909,1,4004,54004,lowband_largesig_r01,prps,1460,10,0.086028,3,0,3,0.00785398,0.45000,prps,2,6606
152929,152.929,1,4004,54004,lowband_largesig_r01,prps,1463,13,0.105071,-1,0,-1,-0.00261799,-0.15000,prps,2,6610
152949,152.949,1,4004,54004,lowband_largesig_r01,prps,1463,13,0.107979,-4,0,-4,-0.01047198,-0.60000,prps,2,6614
152969,152.969,1,4004,54004,lowband_largesig_r01,prps,1462,12,0.098220,-6,0,-6,-0.01570796,-0.90000,prps,2,6618
152989,152.989,1,4004,54004,lowband_largesig_r01,prps,1459,9,0.079148,-6,0,-6,-0.01570796,-0.90000,prps,2,6622
153009,153.009,1,4004,54004,lowband_largesig_r01,prps,1456,6,0.053624,-6,0,-6,-0.01570796,-0.90000,prps,2,6626
153029,153.029,1,4004,54004,lowband_largesig_r01,prps,1453,3,0.023966,-6,0,-6,-0.01570796,-0.90000,prps,2,6630
153049,153.049,1,4004,54004,lowband_largesig_r01,prps,1449,-1,-0.007828,-6,0,-6,-0.01570796,-0.90000,prps,2,6634
153069,153.069,1,4004,54004,lowband_largesig_r01,prps,1445,-5,-0.039693,-5,0,-5,-0.01308997,-0.75000,prps,2,6638
153089,153.089,1,4004,54004,lowband_largesig_r01,prps,1442,-8,-0.069089,-5,0,-5,-0.01308997,-0.75000,prps,2,6642
153109,153.109,1,4004,54004,lowband_largesig_r01,prps,1439,-11,-0.092733,-5,0,-5,-0.01308997,-0.75000,prps,2,6646
153129,153.129,1,4004,54004,lowband_largesig_r01,prps,1437,-13,-0.106606,-4,0,-4,-0.01047198,-0.60000,prps,2,6650
153149,153.149,1,4004,54004,lowband_largesig_r01,prps,1437,-13,-0.106279,-2,0,-2,-0.00523599,-0.30000,prps,2,6654
153169,153.169,1,4004,54004,lowband_largesig_r01,prps,1440,-10,-0.087550,1,0,1,0.00261799,0.15000,prps,2,6658
153189,153.189,1,4004,54004,lowband_largesig_r01,prps,1444,-6,-0.047296,2,0,2,0.00523599,0.30000,prps,2,6662
153209,153.209,1,4004,54004,lowband_largesig_r01,prps,1452,2,0.015636,2,0,2,0.00523599,0.30000,prps,2,6666
153229,153.229,1,4004,54004,lowband_largesig_r01,prps,1462,12,0.099673,2,0,2,0.00523599,0.30000,prps,2,6670
153249,153.249,1,4004,54004,lowband_largesig_r01,prps,1474,24,0.200111,1,0,1,0.00261799,0.15000,prps,2,6674
153269,153.269,1,4004,54004,lowband_largesig_r01,prps,1487,37,0.309171,-1,0,-1,-0.00261799,-0.15000,prps,2,6678
153289,153.289,1,4004,54004,lowband_largesig_r01,prps,1500,50,0.416603,-6,0,-6,-0.01570796,-0.90000,prps,2,6682
153309,153.309,1,4004,54004,lowband_largesig_r01,prps,1511,61,0.510781,-12,0,-12,-0.03141592,-1.80000,prps,2,6686
153329,153.329,1,4004,54004,lowband_largesig_r01,prps,1519,69,0.580168,-21,0,-21,-0.05497787,-3.15000,prps,2,6690
153349,153.349,1,4004,54004,lowband_largesig_r01,prps,1523,73,0.614928,-29,0,-29,-0.07592182,-4.35000,prps,2,6694
153369,153.369,1,4004,54004,lowband_largesig_r01,prps,1522,72,0.608423,-36,0,-36,-0.09424778,-5.40000,prps,2,6698
153389,153.389,1,4004,54004,lowband_largesig_r01,prps,1516,66,0.558350,-42,0,-42,-0.10995574,-6.30000,prps,2,6702
153409,153.409,1,4004,54004,lowband_largesig_r01,prps,1506,56,0.467293,-45,0,-45,-0.11780972,-6.75000,prps,2,6706
153429,153.429,1,4004,54004,lowband_largesig_r01,prps,1491,41,0.342587,-46,0,-46,-0.12042772,-6.90000,prps,2,6710
153449,153.449,1,4004,54004,lowband_largesig_r01,prps,1473,23,0.195468,-43,0,-43,-0.11257374,-6.45000,prps,2,6714
153469,153.469,1,4004,54004,lowband_largesig_r01,prps,1455,5,0.039633,-38,0,-38,-0.09948376,-5.70000,prps,2,6718
153489,153.489,1,4004,54004,lowband_largesig_r01,prps,1437,-13,-0.110576,-30,0,-30,-0.07853982,-4.50000,prps,2,6722
153509,153.509,1,4004,54004,lowband_largesig_r01,prps,1421,-29,-0.242080,-20,0,-20,-0.05235988,-3.00000,prps,2,6726
153529,153.529,1,4004,54004,lowband_largesig_r01,prps,1409,-41,-0.344761,-10,0,-10,-0.02617994,-1.50000,prps,2,6730
153549,153.549,1,4004,54004,lowband_largesig_r01,prps,1401,-49,-0.412673,1,0,1,0.00261799,0.15000,prps,2,6734
153569,153.569,1,4004,54004,lowband_largesig_r01,prps,1397,-53,-0.444573,10,0,10,0.02617994,1.50000,prps,2,6738
153589,153.589,1,4004,54004,lowband_largesig_r01,prps,1397,-53,-0.443703,16,0,16,0.04188790,2.40000,prps,2,6742
153609,153.609,1,4004,54004,lowband_largesig_r01,prps,1400,-50,-0.416857,19,0,19,0.04974188,2.85000,prps,2,6746
153629,153.629,1,4004,54004,lowband_largesig_r01,prps,1406,-44,-0.372933,19,0,19,0.04974188,2.85000,prps,2,6750
153649,153.649,1,4004,54004,lowband_largesig_r01,prps,1412,-38,-0.321211,19,0,19,0.04974188,2.85000,prps,2,6754
153669,153.669,1,4004,54004,lowband_largesig_r01,prps,1418,-32,-0.269684,19,0,19,0.04974188,2.85000,prps,2,6758
153689,153.689,1,4004,54004,lowband_largesig_r01,prps,1423,-27,-0.223732,18,0,18,0.04712389,2.70000,prps,2,6762
153709,153.709,1,4004,54004,lowband_largesig_r01,prps,1428,-22,-0.185375,16,0,16,0.04188790,2.40000,prps,2,6766
153729,153.729,1,4004,54004,lowband_largesig_r01,prps,1432,-18,-0.153238,13,0,13,0.03403392,1.95000,prps,2,6770
153749,153.749,1,4004,54004,lowband_largesig_r01,prps,1435,-15,-0.123208,12,0,12,0.03141592,1.80000,prps,2,6774
153769,153.769,1,4004,54004,lowband_largesig_r01,prps,1439,-11,-0.089667,10,0,10,0.02617994,1.50000,prps,2,6778
153789,153.789,1,4004,54004,lowband_largesig_r01,prps,1444,-6,-0.047042,8,0,8,0.02094395,1.20000,prps,2,6782
153809,153.809,1,4004,54004,lowband_largesig_r01,prps,1451,1,0.008634,6,0,6,0.01570796,0.90000,prps,2,6786
153829,153.829,1,4004,54004,lowband_largesig_r01,prps,1459,9,0.078454,4,0,4,0.01047198,0.60000,prps,2,6790
153849,153.849,1,4004,54004,lowband_largesig_r01,prps,1469,19,0.159931,2,0,2,0.00523599,0.30000,prps,2,6794
153869,153.869,1,4004,54004,lowband_largesig_r01,prps,1479,29,0.247017,-1,0,-1,-0.00261799,-0.15000,prps,2,6798
153889,153.889,1,4004,54004,lowband_largesig_r01,prps,1489,39,0.330880,-4,0,-4,-0.01047198,-0.60000,prps,2,6802
153909,153.909,1,4004,54004,lowband_largesig_r01,prps,1498,48,0.401303,-9,0,-9,-0.02356194,-1.35000,prps,2,6806
153929,153.929,1,4004,54004,lowband_largesig_r01,prps,1503,53,0.448496,-16,0,-16,-0.04188790,-2.40000,prps,2,6810
153949,153.949,1,4004,54004,lowband_largesig_r01,prps,1505,55,0.464982,-23,0,-23,-0.06021386,-3.45000,prps,2,6814
153969,153.969,1,4004,54004,lowband_largesig_r01,prps,1503,53,0.447201,-28,0,-28,-0.07330382,-4.20000,prps,2,6818
153989,153.989,1,4004,54004,lowband_largesig_r01,prps,1497,47,0.396535,-32,0,-32,-0.08377580,-4.80000,prps,2,6822
154009,154.009,1,4004,54004,lowband_largesig_r01,prps,1488,38,0.319524,-34,0,-34,-0.08901179,-5.10000,prps,2,6826
154029,154.029,1,4004,54004,lowband_largesig_r01,prps,1477,27,0.227188,-33,0,-33,-0.08639380,-4.95000,prps,2,6830
154049,154.049,1,4004,54004,lowband_largesig_r01,prps,1466,16,0.133537,-31,0,-31,-0.08115781,-4.65000,prps,2,6834
154069,154.069,1,4004,54004,lowband_largesig_r01,prps,1456,6,0.053475,-28,0,-28,-0.07330382,-4.20000,prps,2,6838
154089,154.089,1,4004,54004,lowband_largesig_r01,prps,1450,0,0.000453,-23,0,-23,-0.06021386,-3.45000,prps,2,6842
154109,154.109,1,4004,54004,lowband_largesig_r01,prps,1448,-2,-0.015760,-18,0,-18,-0.04712389,-2.70000,prps,2,6846
154129,154.129,1,4004,54004,lowband_largesig_r01,prps,1451,1,0.009212,-13,0,-13,-0.03403392,-1.95000,prps,2,6850
154149,154.149,1,4004,54004,lowband_largesig_r01,prps,1459,9,0.073451,-8,0,-8,-0.02094395,-1.20000,prps,2,6854
154169,154.169,1,4004,54004,lowband_largesig_r01,prps,1470,20,0.168841,-6,0,-6,-0.01570796,-0.90000,prps,2,6858
154189,154.189,1,4004,54004,lowband_largesig_r01,prps,1484,34,0.282165,-6,0,-6,-0.01570796,-0.90000,prps,2,6862
154209,154.209,1,4004,54004,lowband_largesig_r01,prps,1497,47,0.397040,-8,0,-8,-0.02094395,-1.20000,prps,2,6866
154229,154.229,1,4004,54004,lowband_largesig_r01,prps,1509,59,0.496398,-14,0,-14,-0.03665191,-2.10000,prps,2,6870
154249,154.249,1,4004,54004,lowband_largesig_r01,prps,1517,67,0.565101,-22,0,-22,-0.05759586,-3.30000,prps,2,6874
154269,154.269,1,4004,54004,lowband_largesig_r01,prps,1520,70,0.592270,-30,0,-30,-0.07853982,-4.50000,prps,2,6878
154289,154.289,1,4004,54004,lowband_largesig_r01,prps,1518,68,0.572936,-36,0,-36,-0.09424778,-5.40000,prps,2,6882
154309,154.309,1,4004,54004,lowband_largesig_r01,prps,1511,61,0.508745,-42,0,-42,-0.10995574,-6.30000,prps,2,6886
154329,154.329,1,4004,54004,lowband_largesig_r01,prps,1499,49,0.407598,-43,0,-43,-0.11257374,-6.45000,prps,2,6890
154349,154.349,1,4004,54004,lowband_largesig_r01,prps,1484,34,0.282278,-42,0,-42,-0.10995574,-6.30000,prps,2,6894
154369,154.369,1,4004,54004,lowband_largesig_r01,prps,1468,18,0.148315,-40,0,-40,-0.10471976,-6.00000,prps,2,6898
154389,154.389,1,4004,54004,lowband_largesig_r01,prps,1453,3,0.021428,-33,0,-33,-0.08639380,-4.95000,prps,2,6902
154409,154.409,1,4004,54004,lowband_largesig_r01,prps,1440,-10,-0.085007,-26,0,-26,-0.06806784,-3.90000,prps,2,6906
154429,154.429,1,4004,54004,lowband_largesig_r01,prps,1431,-19,-0.162041,-18,0,-18,-0.04712389,-2.70000,prps,2,6910
154449,154.449,1,4004,54004,lowband_largesig_r01,prps,1425,-25,-0.206441,-10,0,-10,-0.02617994,-1.50000,prps,2,6914
154469,154.469,1,4004,54004,lowband_largesig_r01,prps,1424,-26,-0.220960,-2,0,-2,-0.00523599,-0.30000,prps,2,6918
154489,154.489,1,4004,54004,lowband_largesig_r01,prps,1425,-25,-0.213563,4,0,4,0.01047198,0.60000,prps,2,6922
154509,154.509,1,4004,54004,lowband_largesig_r01,prps,1427,-23,-0.195731,6,0,6,0.01570796,0.90000,prps,2,6926
154529,154.529,1,4004,54004,lowband_largesig_r01,prps,1429,-21,-0.180162,7,0,7,0.01832596,1.05000,prps,2,6930
154549,154.549,1,4004,54004,lowband_largesig_r01,prps,1429,-21,-0.178260,7,0,7,0.01832596,1.05000,prps,2,6934
154569,154.569,1,4004,54004,lowband_largesig_r01,prps,1426,-24,-0.197858,7,0,7,0.01832596,1.05000,prps,2,6938
154589,154.589,1,4004,54004,lowband_largesig_r01,prps,1421,-29,-0.241584,7,0,7,0.01832596,1.05000,prps,2,6942
154609,154.609,1,4004,54004,lowband_largesig_r01,prps,1414,-36,-0.306151,8,0,8,0.02094395,1.20000,prps,2,6946
154629,154.629,1,4004,54004,lowband_largesig_r01,prps,1404,-46,-0.382724,9,0,9,0.02356194,1.35000,prps,2,6950
154649,154.649,1,4004,54004,lowband_largesig_r01,prps,1395,-55,-0.458298,10,0,10,0.02617994,1.50000,prps,2,6954
154669,154.669,1,4004,54004,lowband_largesig_r01,prps,1388,-62,-0.517875,13,0,13,0.03403392,1.95000,prps,2,6958
154689,154.689,1,4004,54004,lowband_largesig_r01,prps,1385,-65,-0.547073,16,0,16,0.04188790,2.40000,prps,2,6962
154709,154.709,1,4004,54004,lowband_largesig_r01,prps,1386,-64,-0.534738,19,0,19,0.04974188,2.85000,prps,2,6966
154729,154.729,1,4004,54004,lowband_largesig_r01,prps,1393,-57,-0.475093,22,0,22,0.05759586,3.30000,prps,2,6970
154749,154.749,1,4004,54004,lowband_largesig_r01,prps,1406,-44,-0.369082,24,0,24,0.06283185,3.60000,prps,2,6974
154769,154.769,1,4004,54004,lowband_largesig_r01,prps,1423,-27,-0.224656,24,0,24,0.06283185,3.60000,prps,2,6978
154789,154.789,1,4004,54004,lowband_largesig_r01,prps,1443,-7,-0.055934,23,0,23,0.06021386,3.45000,prps,2,6982
154809,154.809,1,4004,54004,lowband_largesig_r01,prps,1464,14,0.118630,18,0,18,0.04712389,2.70000,prps,2,6986
154829,154.829,1,4004,54004,lowband_largesig_r01,prps,1483,33,0.278796,9,0,9,0.02356194,1.35000,prps,2,6990
154849,154.849,1,4004,54004,lowband_largesig_r01,prps,1498,48,0.405404,0,0,0,0.00000000,0.00000,prps,2,6994
154869,154.869,1,4004,54004,lowband_largesig_r01,prps,1507,57,0.483103,-8,0,-8,-0.02094395,-1.20000,prps,2,6998
154889,154.889,1,4004,54004,lowband_largesig_r01,prps,1510,60,0.502533,-18,0,-18,-0.04712389,-2.70000,prps,2,7002
154909,154.909,1,4004,54004,lowband_largesig_r01,prps,1505,55,0.461600,-27,0,-27,-0.07068583,-4.05000,prps,2,7006
154929,154.929,1,4004,54004,lowband_largesig_r01,prps,1494,44,0.365688,-33,0,-33,-0.08639380,-4.95000,prps,2,7010
154949,154.949,1,4004,54004,lowband_largesig_r01,prps,1477,27,0.226776,-35,0,-35,-0.09162979,-5.25000,prps,2,7014
154969,154.969,1,4004,54004,lowband_largesig_r01,prps,1457,7,0.061625,-33,0,-33,-0.08639380,-4.95000,prps,2,7018
154989,154.989,1,4004,54004,lowband_largesig_r01,prps,1437,-13,-0.110666,-29,0,-29,-0.07592182,-4.35000,prps,2,7022
155009,155.009,1,4004,54004,lowband_largesig_r01,prps,1418,-32,-0.271344,-21,0,-21,-0.05497787,-3.15000,prps,2,7026
155029,155.029,1,4004,54004,lowband_largesig_r01,prps,1402,-48,-0.404516,-11,0,-11,-0.02879793,-1.65000,prps,2,7030
155049,155.049,1,4004,54004,lowband_largesig_r01,prps,1391,-59,-0.499107,1,0,1,0.00261799,0.15000,prps,2,7034
155069,155.069,1,4004,54004,lowband_largesig_r01,prps,1385,-65,-0.550021,11,0,11,0.02879793,1.65000,prps,2,7038
155089,155.089,1,4004,54004,lowband_largesig_r01,prps,1384,-66,-0.558342,21,0,21,0.05497787,3.15000,prps,2,7042
155109,155.109,1,4004,54004,lowband_largesig_r01,prps,1387,-63,-0.530626,26,0,26,0.06806784,3.90000,prps,2,7046
155129,155.129,1,4004,54004,lowband_largesig_r01,prps,1393,-57,-0.477444,29,0,29,0.07592182,4.35000,prps,2,7050
155149,155.149,1,4004,54004,lowband_largesig_r01,prps,1401,-49,-0.411451,29,0,29,0.07592182,4.35000,prps,2,7054
155169,155.169,1,4004,54004,lowband_largesig_r01,prps,1409,-41,-0.345314,28,0,28,0.07330382,4.20000,prps,2,7058
155189,155.189,1,4004,54004,lowband_largesig_r01,prps,1416,-34,-0.289840,26,0,26,0.06806784,3.90000,prps,2,7062
155209,155.209,1,4004,54004,lowband_largesig_r01,prps,1420,-30,-0.252568,23,0,23,0.06021386,3.45000,prps,2,7066
155229,155.229,1,4004,54004,lowband_largesig_r01,prps,1422,-28,-0.237006,19,0,19,0.04974188,2.85000,prps,2,7070
155249,155.249,1,4004,54004,lowband_largesig_r01,prps,1421,-29,-0.242576,16,0,16,0.04188790,2.40000,prps,2,7074
155269,155.269,1,4004,54004,lowband_largesig_r01,prps,1418,-32,-0.265188,13,0,13,0.03403392,1.95000,prps,2,7078
155289,155.289,1,4004,54004,lowband_largesig_r01,prps,1415,-35,-0.298290,12,0,12,0.03141592,1.80000,prps,2,7082
155309,155.309,1,4004,54004,lowband_largesig_r01,prps,1410,-40,-0.334166,12,0,12,0.03141592,1.80000,prps,2,7086
155329,155.329,1,4004,54004,lowband_largesig_r01,prps,1407,-43,-0.365223,13,0,13,0.03403392,1.95000,prps,2,7090
155349,155.349,1,4004,54004,lowband_largesig_r01,prps,1404,-46,-0.385076,13,0,13,0.03403392,1.95000,prps,2,7094
155369,155.369,1,4004,54004,lowband_largesig_r01,prps,1404,-46,-0.389250,13,0,13,0.03403392,1.95000,prps,2,7098
155389,155.389,1,4004,54004,lowband_largesig_r01,prps,1405,-45,-0.375462,14,0,14,0.03665191,2.10000,prps,2,7102
155409,155.409,1,4004,54004,lowband_largesig_r01,prps,1409,-41,-0.343496,14,0,14,0.03665191,2.10000,prps,2,7106
155429,155.429,1,4004,54004,lowband_largesig_r01,prps,1415,-35,-0.294778,15,0,15,0.03926991,2.25000,prps,2,7110
155449,155.449,1,4004,54004,lowband_largesig_r01,prps,1422,-28,-0.231802,15,0,15,0.03926991,2.25000,prps,2,7114
155469,155.469,1,4004,54004,lowband_largesig_r01,prps,1431,-19,-0.157570,15,0,15,0.03926991,2.25000,prps,2,7118
155489,155.489,1,4004,54004,lowband_largesig_r01,prps,1441,-9,-0.075183,13,0,13,0.03403392,1.95000,prps,2,7122
155509,155.509,1,4004,54004,lowband_largesig_r01,prps,1451,1,0.012343,10,0,10,0.02617994,1.50000,prps,2,7126
155529,155.529,1,4004,54004,lowband_largesig_r01,prps,1462,12,0.102017,7,0,7,0.01832596,1.05000,prps,2,7130
155549,155.549,1,4004,54004,lowband_largesig_r01,prps,1473,23,0.190634,3,0,3,0.00785398,0.45000,prps,2,7134
155569,155.569,1,4004,54004,lowband_largesig_r01,prps,1483,33,0.274480,-1,0,-1,-0.00261799,-0.15000,prps,2,7138
155589,155.589,1,4004,54004,lowband_largesig_r01,prps,1492,42,0.349100,-6,0,-6,-0.01570796,-0.90000,prps,2,7142
155609,155.609,1,4004,54004,lowband_largesig_r01,prps,1499,49,0.409292,-11,0,-11,-0.02879793,-1.65000,prps,2,7146
155629,155.629,1,4004,54004,lowband_largesig_r01,prps,1503,53,0.449380,-18,0,-18,-0.04712389,-2.70000,prps,2,7150
155649,155.649,1,4004,54004,lowband_largesig_r01,prps,1505,55,0.463814,-24,0,-24,-0.06283185,-3.60000,prps,2,7154
155669,155.669,1,4004,54004,lowband_largesig_r01,prps,1503,53,0.448019,-29,0,-29,-0.07592182,-4.35000,prps,2,7158
155689,155.689,1,4004,54004,lowband_largesig_r01,prps,1498,48,0.399365,-33,0,-33,-0.08639380,-4.95000,prps,2,7162
155709,155.709,1,4004,54004,lowband_largesig_r01,prps,1488,38,0.318072,-33,0,-33,-0.08639380,-4.95000,prps,2,7166
155729,155.729,1,4004,54004,lowband_largesig_r01,prps,1475,25,0.207844,-33,0,-33,-0.08639380,-4.95000,prps,2,7170
155749,155.749,1,4004,54004,lowband_largesig_r01,prps,1459,9,0.076057,-32,0,-32,-0.08377580,-4.80000,prps,2,7174
155769,155.769,1,4004,54004,lowband_largesig_r01,prps,1442,-8,-0.066605,-27,0,-27,-0.07068583,-4.05000,prps,2,7178
155789,155.789,1,4004,54004,lowband_largesig_r01,prps,1425,-25,-0.207102,-21,0,-21,-0.05497787,-3.15000,prps,2,7182
155809,155.809,1,4004,54004,lowband_largesig_r01,prps,1411,-39,-0.331481,-13,0,-13,-0.03403392,-1.95000,prps,2,7186
155829,155.829,1,4004,54004,lowband_largesig_r01,prps,1399,-51,-0.426624,-2,0,-2,-0.00523599,-0.30000,prps,2,7190
155849,155.849,1,4004,54004,lowband_largesig_r01,prps,1393,-57,-0.482044,7,0,7,0.01832596,1.05000,prps,2,7194
155869,155.869,1,4004,54004,lowband_largesig_r01,prps,1392,-58,-0.491448,15,0,15,0.03926991,2.25000,prps,2,7198
155889,155.889,1,4004,54004,lowband_largesig_r01,prps,1396,-54,-0.453776,21,0,21,0.05497787,3.15000,prps,2,7202
155909,155.909,1,4004,54004,lowband_largesig_r01,prps,1406,-44,-0.373530,24,0,24,0.06283185,3.60000,prps,2,7206
155929,155.929,1,4004,54004,lowband_largesig_r01,prps,1419,-31,-0.260292,24,0,24,0.06283185,3.60000,prps,2,7210
155949,155.949,1,4004,54004,lowband_largesig_r01,prps,1435,-15,-0.127461,23,0,23,0.06021386,3.45000,prps,2,7214
155969,155.969,1,4004,54004,lowband_largesig_r01,prps,1451,1,0.009616,18,0,18,0.04712389,2.70000,prps,2,7218
155989,155.989,1,4004,54004,lowband_largesig_r01,prps,1466,16,0.135846,10,0,10,0.02617994,1.50000,prps,2,7222
156009,156.009,1,4004,54004,lowband_largesig_r01,prps,1478,28,0.238583,4,0,4,0.01047198,0.60000,prps,2,7226
156029,156.029,1,4004,54004,lowband_largesig_r01,prps,1487,37,0.309461,-2,0,-2,-0.00523599,-0.30000,prps,2,7230
156049,156.049,1,4004,54004,lowband_largesig_r01,prps,1491,41,0.345570,-8,0,-8,-0.02094395,-1.20000,prps,2,7234
156069,156.069,1,4004,54004,lowband_largesig_r01,prps,1492,42,0.349756,-15,0,-15,-0.03926991,-2.25000,prps,2,7238
156089,156.089,1,4004,54004,lowband_largesig_r01,prps,1489,39,0.330017,-20,0,-20,-0.05235988,-3.00000,prps,2,7242
156109,156.109,1,4004,54004,lowband_largesig_r01,prps,1485,35,0.298052,-25,0,-25,-0.06544985,-3.75000,prps,2,7246
156129,156.129,1,4004,54004,lowband_largesig_r01,prps,1482,32,0.267217,-27,0,-27,-0.07068583,-4.05000,prps,2,7250
156149,156.149,1,4004,54004,lowband_largesig_r01,prps,1480,30,0.250214,-26,0,-26,-0.06806784,-3.90000,prps,2,7254
156169,156.169,1,4004,54004,lowband_largesig_r01,prps,1481,31,0.256893,-26,0,-26,-0.06806784,-3.90000,prps,2,7258
156189,156.189,1,4004,54004,lowband_largesig_r01,prps,1485,35,0.292540,-26,0,-26,-0.06806784,-3.90000,prps,2,7262
156209,156.209,1,4004,54004,lowband_largesig_r01,prps,1492,42,0.356926,-26,0,-26,-0.06806784,-3.90000,prps,2,7266
156229,156.229,1,4004,54004,lowband_largesig_r01,prps,1503,53,0.444290,-26,0,-26,-0.06806784,-3.90000,prps,2,7270
156249,156.249,1,4004,54004,lowband_largesig_r01,prps,1515,65,0.544240,-29,0,-29,-0.07592182,-4.35000,prps,2,7274
156269,156.269,1,4004,54004,lowband_largesig_r01,prps,1527,77,0.643442,-31,0,-31,-0.08115781,-4.65000,prps,2,7278
156289,156.289,1,4004,54004,lowband_largesig_r01,prps,1537,87,0.727784,-34,0,-34,-0.08901179,-5.10000,prps,2,7282
156309,156.309,1,4004,54004,lowband_largesig_r01,prps,1543,93,0.784663,-40,0,-40,-0.10471976,-6.00000,prps,2,7286
156329,156.329,1,4004,54004,lowband_largesig_r01,prps,1546,96,0.805008,-46,0,-46,-0.12042772,-6.90000,prps,2,7290
156349,156.349,1,4004,54004,lowband_largesig_r01,prps,1543,93,0.784682,-51,0,-51,-0.13351768,-7.65000,prps,2,7294
156369,156.369,1,4004,54004,lowband_largesig_r01,prps,1536,86,0.725056,-55,0,-55,-0.14398966,-8.25000,prps,2,7298
156389,156.389,1,4004,54004,lowband_largesig_r01,prps,1525,75,0.632638,-56,0,-56,-0.14660765,-8.40000,prps,2,7302
156409,156.409,1,4004,54004,lowband_largesig_r01,prps,1512,62,0.517861,-55,0,-55,-0.14398966,-8.25000,prps,2,7306
156429,156.429,1,4004,54004,lowband_largesig_r01,prps,1497,47,0.393233,-54,0,-54,-0.14137166,-8.10000,prps,2,7310
156449,156.449,1,4004,54004,lowband_largesig_r01,prps,1482,32,0.271194,-50,0,-50,-0.13089970,-7.50000,prps,2,7314
156469,156.469,1,4004,54004,lowband_largesig_r01,prps,1469,19,0.162056,-43,0,-43,-0.11257374,-6.45000,prps,2,7318
156489,156.489,1,4004,54004,lowband_largesig_r01,prps,1459,9,0.072394,-35,0,-35,-0.09162979,-5.25000,prps,2,7322
156509,156.509,1,4004,54004,lowband_largesig_r01,prps,1450,0,0.004169,-28,0,-28,-0.07330382,-4.20000,prps,2,7326
156529,156.529,1,4004,54004,lowband_largesig_r01,prps,1445,-5,-0.045268,-19,0,-19,-0.04974188,-2.85000,prps,2,7330
156549,156.549,1,4004,54004,lowband_largesig_r01,prps,1440,-10,-0.082295,-13,0,-13,-0.03403392,-1.95000,prps,2,7334
156569,156.569,1,4004,54004,lowband_largesig_r01,prps,1436,-14,-0.115445,-7,0,-7,-0.01832596,-1.05000,prps,2,7338
156589,156.589,1,4004,54004,lowband_largesig_r01,prps,1432,-18,-0.153421,-2,0,-2,-0.00523599,-0.30000,prps,2,7342
156609,156.609,1,4004,54004,lowband_largesig_r01,prps,1426,-24,-0.203074,1,0,1,0.00261799,0.15000,prps,2,7346
156629,156.629,1,4004,54004,lowband_largesig_r01,prps,1418,-32,-0.267745,3,0,3,0.00785398,0.45000,prps,2,7350
156649,156.649,1,4004,54004,lowband_largesig_r01,prps,1409,-41,-0.346263,5,0,5,0.01308997,0.75000,prps,2,7354
156669,156.669,1,4004,54004,lowband_largesig_r01,prps,1398,-52,-0.432839,7,0,7,0.01832596,1.05000,prps,2,7358
156689,156.689,1,4004,54004,lowband_largesig_r01,prps,1388,-62,-0.517862,10,0,10,0.02617994,1.50000,prps,2,7362
156709,156.709,1,4004,54004,lowband_largesig_r01,prps,1380,-70,-0.589518,15,0,15,0.03926991,2.25000,prps,2,7366
156729,156.729,1,4004,54004,lowband_largesig_r01,prps,1374,-76,-0.635920,20,0,20,0.05235988,3.00000,prps,2,7370
156749,156.749,1,4004,54004,lowband_largesig_r01,prps,1373,-77,-0.647417,24,0,24,0.06283185,3.60000,prps,2,7374
156769,156.769,1,4004,54004,lowband_largesig_r01,prps,1376,-74,-0.618627,28,0,28,0.07330382,4.20000,prps,2,7378
156789,156.789,1,4004,54004,lowband_largesig_r01,prps,1385,-65,-0.549850,32,0,32,0.08377580,4.80000,prps,2,7382
156809,156.809,1,4004,54004,lowband_largesig_r01,prps,1397,-53,-0.447559,34,0,34,0.08901179,5.10000,prps,2,7386
156829,156.829,1,4004,54004,lowband_largesig_r01,prps,1411,-39,-0.323856,33,0,33,0.08639380,4.95000,prps,2,7390
156849,156.849,1,4004,54004,lowband_largesig_r01,prps,1427,-23,-0.194933,30,0,30,0.07853982,4.50000,prps,2,7394
156869,156.869,1,4004,54004,lowband_largesig_r01,prps,1441,-9,-0.078766,24,0,24,0.06283185,3.60000,prps,2,7398
156889,156.889,1,4004,54004,lowband_largesig_r01,prps,1451,1,0.007604,16,0,16,0.04188790,2.40000,prps,2,7402
156909,156.909,1,4004,54004,lowband_largesig_r01,prps,1456,6,0.050754,8,0,8,0.02094395,1.20000,prps,2,7406
156929,156.929,1,4004,54004,lowband_largesig_r01,prps,1455,5,0.043110,2,0,2,0.00523599,0.30000,prps,2,7410
156949,156.949,1,4004,54004,lowband_largesig_r01,prps,1448,-2,-0.015681,-2,0,-2,-0.00523599,-0.30000,prps,2,7414
156969,156.969,1,4004,54004,lowband_largesig_r01,prps,1436,-14,-0.118448,-3,0,-3,-0.00785398,-0.45000,prps,2,7418
156989,156.989,1,4004,54004,lowband_largesig_r01,prps,1420,-30,-0.251346,-2,0,-2,-0.00523599,-0.30000,prps,2,7422
157009,157.009,1,4004,54004,lowband_largesig_r01,prps,1403,-47,-0.395736,0,0,0,0.00000000,0.00000,prps,2,7426
157029,157.029,1,4004,54004,lowband_largesig_r01,prps,1387,-63,-0.530808,5,0,5,0.01308997,0.75000,prps,2,7430
157049,157.049,1,4004,54004,lowband_largesig_r01,prps,1374,-76,-0.636534,11,0,11,0.02879793,1.65000,prps,2,7434
157069,157.069,1,4004,54004,lowband_largesig_r01,prps,1367,-83,-0.696507,19,0,19,0.04974188,2.85000,prps,2,7438
157089,157.089,1,4004,54004,lowband_largesig_r01,prps,1367,-83,-0.700205,25,0,25,0.06544985,3.75000,prps,2,7442
157109,157.109,1,4004,54004,lowband_largesig_r01,prps,1373,-77,-0.644363,31,0,31,0.08115781,4.65000,prps,2,7446
157129,157.129,1,4004,54004,lowband_largesig_r01,prps,1387,-63,-0.533228,35,0,35,0.09162979,5.25000,prps,2,7450
157149,157.149,1,4004,54004,lowband_largesig_r01,prps,1405,-45,-0.377710,36,0,36,0.09424778,5.40000,prps,2,7454
157169,157.169,1,4004,54004,lowband_largesig_r01,prps,1427,-23,-0.193567,34,0,34,0.08901179,5.10000,prps,2,7458
157189,157.189,1,4004,54004,lowband_largesig_r01,prps,1450,0,0.001049,29,0,29,0.07592182,4.35000,prps,2,7462
157209,157.209,1,4004,54004,lowband_largesig_r01,prps,1472,22,0.188286,18,0,18,0.04712389,2.70000,prps,2,7466
157229,157.229,1,4004,54004,lowband_largesig_r01,prps,1492,42,0.353085,7,0,7,0.01832596,1.05000,prps,2,7470
157249,157.249,1,4004,54004,lowband_largesig_r01,prps,1508,58,0.485101,-3,0,-3,-0.00785398,-0.45000,prps,2,7474
157269,157.269,1,4004,54004,lowband_largesig_r01,prps,1519,69,0.579752,-14,0,-14,-0.03665191,-2.10000,prps,2,7478
157289,157.289,1,4004,54004,lowband_largesig_r01,prps,1526,76,0.638288,-24,0,-24,-0.06283185,-3.60000,prps,2,7482
157309,157.309,1,4004,54004,lowband_largesig_r01,prps,1529,79,0.666909,-34,0,-34,-0.08901179,-5.10000,prps,2,7486
157329,157.329,1,4004,54004,lowband_largesig_r01,prps,1530,80,0.675131,-42,0,-42,-0.10995574,-6.30000,prps,2,7490
157349,157.349,1,4004,54004,lowband_largesig_r01,prps,1530,80,0.673715,-47,0,-47,-0.12304571,-7.05000,prps,2,7494
157369,157.369,1,4004,54004,lowband_largesig_r01,prps,1530,80,0.672539,-48,0,-48,-0.12566370,-7.20000,prps,2,7498
157389,157.389,1,4004,54004,lowband_largesig_r01,prps,1531,81,0.678766,-49,0,-49,-0.12828170,-7.35000,prps,2,7502
157409,157.409,1,4004,54004,lowband_largesig_r01,prps,1533,83,0.695630,-49,0,-49,-0.12828170,-7.35000,prps,2,7506
157429,157.429,1,4004,54004,lowband_largesig_r01,prps,1536,86,0.722014,-49,0,-49,-0.12828170,-7.35000,prps,2,7510
157449,157.449,1,4004,54004,lowband_largesig_r01,prps,1540,90,0.752855,-49,0,-49,-0.12828170,-7.35000,prps,2,7514
157469,157.469,1,4004,54004,lowband_largesig_r01,prps,1543,93,0.780282,-50,0,-50,-0.13089970,-7.50000,prps,2,7518
157489,157.489,1,4004,54004,lowband_largesig_r01,prps,1545,95,0.795261,-53,0,-53,-0.13875367,-7.95000,prps,2,7522
157509,157.509,1,4004,54004,lowband_largesig_r01,prps,1544,94,0.789415,-54,0,-54,-0.14137166,-8.10000,prps,2,7526
157529,157.529,1,4004,54004,lowband_largesig_r01,prps,1540,90,0.756724,-55,0,-55,-0.14398966,-8.25000,prps,2,7530
157549,157.549,1,4004,54004,lowband_largesig_r01,prps,1533,83,0.694780,-56,0,-56,-0.14660765,-8.40000,prps,2,7534
157569,157.569,1,4004,54004,lowband_largesig_r01,prps,1522,72,0.605409,-55,0,-55,-0.14398966,-8.25000,prps,2,7538
157589,157.589,1,4004,54004,lowband_largesig_r01,prps,1509,59,0.494555,-55,0,-55,-0.14398966,-8.25000,prps,2,7542
157609,157.609,1,4004,54004,lowband_largesig_r01,prps,1494,44,0.371473,-53,0,-53,-0.13875367,-7.95000,prps,2,7546
157629,157.629,1,4004,54004,lowband_largesig_r01,prps,1479,29,0.247384,-48,0,-48,-0.12566370,-7.20000,prps,2,7550
157649,157.649,1,4004,54004,lowband_largesig_r01,prps,1466,16,0.133836,-42,0,-42,-0.10995574,-6.30000,prps,2,7554
157669,157.669,1,4004,54004,lowband_largesig_r01,prps,1455,5,0.041047,-35,0,-35,-0.09162979,-5.25000,prps,2,7558
157689,157.689,1,4004,54004,lowband_largesig_r01,prps,1447,-3,-0.023491,-26,0,-26,-0.06806784,-3.90000,prps,2,7562
157709,157.709,1,4004,54004,lowband_largesig_r01,prps,1443,-7,-0.055940,-18,0,-18,-0.04712389,-2.70000,prps,2,7566
157729,157.729,1,4004,54004,lowband_largesig_r01,prps,1443,-7,-0.056452,-11,0,-11,-0.02879793,-1.65000,prps,2,7570
157749,157.749,1,4004,54004,lowband_largesig_r01,prps,1447,-3,-0.028903,-6,0,-6,-0.01570796,-0.90000,prps,2,7574
157769,157.769,1,4004,54004,lowband_largesig_r01,prps,1452,2,0.019885,-3,0,-3,-0.00785398,-0.45000,prps,2,7578
157789,157.789,1,4004,54004,lowband_largesig_r01,prps,1460,10,0.081270,-3,0,-3,-0.00785398,-0.45000,prps,2,7582
157809,157.809,1,4004,54004,lowband_largesig_r01,prps,1467,17,0.146039,-3,0,-3,-0.00785398,-0.45000,prps,2,7586
157829,157.829,1,4004,54004,lowband_largesig_r01,prps,1474,24,0.205570,-3,0,-3,-0.00785398,-0.45000,prps,2,7590
157849,157.849,1,4004,54004,lowband_largesig_r01,prps,1480,30,0.252722,-5,0,-5,-0.01308997,-0.75000,prps,2,7594
157869,157.869,1,4004,54004,lowband_largesig_r01,prps,1484,34,0.282359,-8,0,-8,-0.02094395,-1.20000,prps,2,7598
157889,157.889,1,4004,54004,lowband_largesig_r01,prps,1485,35,0.291457,-13,0,-13,-0.03403392,-1.95000,prps,2,7602
157909,157.909,1,4004,54004,lowband_largesig_r01,prps,1483,33,0.278885,-17,0,-17,-0.04450589,-2.55000,prps,2,7606
157929,157.929,1,4004,54004,lowband_largesig_r01,prps,1479,29,0.244949,-20,0,-20,-0.05235988,-3.00000,prps,2,7610
157949,157.949,1,4004,54004,lowband_largesig_r01,prps,1473,23,0.190879,-22,0,-22,-0.05759586,-3.30000,prps,2,7614
157969,157.969,1,4004,54004,lowband_largesig_r01,prps,1464,14,0.118388,-22,0,-22,-0.05759586,-3.30000,prps,2,7618
157989,157.989,1,4004,54004,lowband_largesig_r01,prps,1454,4,0.029436,-20,0,-20,-0.05235988,-3.00000,prps,2,7622
158009,158.009,1,4004,54004,lowband_largesig_r01,prps,1441,-9,-0.073776,-19,0,-19,-0.04974188,-2.85000,prps,2,7626
158029,158.029,1,4004,54004,lowband_largesig_r01,prps,1428,-22,-0.188583,-15,0,-15,-0.03926991,-2.25000,prps,2,7630
158049,158.049,1,4004,54004,lowband_largesig_r01,prps,1413,-37,-0.311510,-9,0,-9,-0.02356194,-1.35000,prps,2,7634
158069,158.069,1,4004,54004,lowband_largesig_r01,prps,1398,-52,-0.437943,-1,0,-1,-0.00261799,-0.15000,prps,2,7638
158089,158.089,1,4004,54004,lowband_largesig_r01,prps,1383,-67,-0.561950,7,0,7,0.01832596,1.05000,prps,2,7642
158109,158.109,1,4004,54004,lowband_largesig_r01,prps,1370,-80,-0.676408,14,0,14,0.03665191,2.10000,prps,2,7646
158129,158.129,1,4004,54004,lowband_largesig_r01,prps,1358,-92,-0.773474,21,0,21,0.05497787,3.15000,prps,2,7650
158149,158.149,1,4004,54004,lowband_largesig_r01,prps,1349,-101,-0.845422,28,0,28,0.07330382,4.20000,prps,2,7654
158169,158.169,1,4004,54004,lowband_largesig_r01,prps,1345,-105,-0.885726,35,0,35,0.09162979,5.25000,prps,2,7658
158189,158.189,1,4004,54004,lowband_largesig_r01,prps,1344,-106,-0.890239,42,0,42,0.10995574,6.30000,prps,2,7662
158209,158.209,1,4004,54004,lowband_largesig_r01,prps,1348,-102,-0.858224,48,0,48,0.12566370,7.20000,prps,2,7666
158229,158.229,1,4004,54004,lowband_largesig_r01,prps,1356,-94,-0.793043,51,0,51,0.13351768,7.65000,prps,2,7670
158249,158.249,1,4004,54004,lowband_largesig_r01,prps,1366,-84,-0.702289,52,0,52,0.13613568,7.80000,prps,2,7674
158269,158.269,1,4004,54004,lowband_largesig_r01,prps,1379,-71,-0.597267,51,0,51,0.13351768,7.65000,prps,2,7678
158289,158.289,1,4004,54004,lowband_largesig_r01,prps,1391,-59,-0.491829,49,0,49,0.12828170,7.35000,prps,2,7682
158309,158.309,1,4004,54004,lowband_largesig_r01,prps,1402,-48,-0.400661,44,0,44,0.11519173,6.60000,prps,2,7686
158329,158.329,1,4004,54004,lowband_largesig_r01,prps,1410,-40,-0.337272,38,0,38,0.09948376,5.70000,prps,2,7690
158349,158.349,1,4004,54004,lowband_largesig_r01,prps,1413,-37,-0.311970,32,0,32,0.08377580,4.80000,prps,2,7694
158369,158.369,1,4004,54004,lowband_largesig_r01,prps,1411,-39,-0.330156,25,0,25,0.06544985,3.75000,prps,2,7698
158389,158.389,1,4004,54004,lowband_largesig_r01,prps,1403,-47,-0.391243,20,0,20,0.05235988,3.00000,prps,2,7702
158409,158.409,1,4004,54004,lowband_largesig_r01,prps,1392,-58,-0.488412,16,0,16,0.04188790,2.40000,prps,2,7706
158429,158.429,1,4004,54004,lowband_largesig_r01,prps,1377,-73,-0.609297,16,0,16,0.04188790,2.40000,prps,2,7710
158449,158.449,1,4004,54004,lowband_largesig_r01,prps,1362,-88,-0.737545,19,0,19,0.04974188,2.85000,prps,2,7714
158469,158.469,1,4004,54004,lowband_largesig_r01,prps,1348,-102,-0.855049,25,0,25,0.06544985,3.75000,prps,2,7718
158489,158.489,1,4004,54004,lowband_largesig_r01,prps,1338,-112,-0.944530,33,0,33,0.08639380,4.95000,prps,2,7722
158509,158.509,1,4004,54004,lowband_largesig_r01,prps,1332,-118,-0.992076,41,0,41,0.10733775,6.15000,prps,2,7726
158529,158.529,1,4004,54004,lowband_largesig_r01,prps,1332,-118,-0.989240,49,0,49,0.12828170,7.35000,prps,2,7730
158549,158.549,1,4004,54004,lowband_largesig_r01,prps,1339,-111,-0.934352,56,0,56,0.14660765,8.40000,prps,2,7734
158569,158.569,1,4004,54004,lowband_largesig_r01,prps,1351,-99,-0.832825,59,0,59,0.15446164,8.85000,prps,2,7738
158589,158.589,1,4004,54004,lowband_largesig_r01,prps,1367,-83,-0.696385,59,0,59,0.15446164,8.85000,prps,2,7742
158609,158.609,1,4004,54004,lowband_largesig_r01,prps,1386,-64,-0.541326,57,0,57,0.14922565,8.55000,prps,2,7746
158629,158.629,1,4004,54004,lowband_largesig_r01,prps,1404,-46,-0.386065,53,0,53,0.13875367,7.95000,prps,2,7750
158649,158.649,1,4004,54004,lowband_largesig_r01,prps,1420,-30,-0.248363,44,0,44,0.11519173,6.60000,prps,2,7754
158669,158.669,1,4004,54004,lowband_largesig_r01,prps,1433,-17,-0.142666,35,0,35,0.09162979,5.25000,prps,2,7758
158689,158.689,1,4004,54004,lowband_largesig_r01,prps,1441,-9,-0.077966,24,0,24,0.06283185,3.60000,prps,2,7762
158709,158.709,1,4004,54004,lowband_largesig_r01,prps,1443,-7,-0.056551,13,0,13,0.03403392,1.95000,prps,2,7766
158729,158.729,1,4004,54004,lowband_largesig_r01,prps,1441,-9,-0.073811,5,0,5,0.01308997,0.75000,prps,2,7770
158749,158.749,1,4004,54004,lowband_largesig_r01,prps,1436,-14,-0.119142,2,0,2,0.00523599,0.30000,prps,2,7774
158769,158.769,1,4004,54004,lowband_largesig_r01,prps,1429,-21,-0.177786,2,0,2,0.00523599,0.30000,prps,2,7778
158789,158.789,1,4004,54004,lowband_largesig_r01,prps,1422,-28,-0.233300,3,0,3,0.00785398,0.45000,prps,2,7782
158809,158.809,1,4004,54004,lowband_largesig_r01,prps,1418,-32,-0.270242,4,0,4,0.01047198,0.60000,prps,2,7786
158829,158.829,1,4004,54004,lowband_largesig_r01,prps,1417,-33,-0.276643,6,0,6,0.01570796,0.90000,prps,2,7790
158849,158.849,1,4004,54004,lowband_largesig_r01,prps,1421,-29,-0.245845,7,0,7,0.01832596,1.05000,prps,2,7794
158869,158.869,1,4004,54004,lowband_largesig_r01,prps,1429,-21,-0.177438,9,0,9,0.02356194,1.35000,prps,2,7798
158889,158.889,1,4004,54004,lowband_largesig_r01,prps,1441,-9,-0.077137,10,0,10,0.02617994,1.50000,prps,2,7802
158909,158.909,1,4004,54004,lowband_largesig_r01,prps,1455,5,0.044342,9,0,9,0.02356194,1.35000,prps,2,7806
158929,158.929,1,4004,54004,lowband_largesig_r01,prps,1471,21,0.173205,7,0,7,0.01832596,1.05000,prps,2,7810
158949,158.949,1,4004,54004,lowband_largesig_r01,prps,1485,35,0.294957,2,0,2,0.00523599,0.30000,prps,2,7814
158969,158.969,1,4004,54004,lowband_largesig_r01,prps,1497,47,0.396817,-4,0,-4,-0.01047198,-0.60000,prps,2,7818
158989,158.989,1,4004,54004,lowband_largesig_r01,prps,1506,56,0.469765,-11,0,-11,-0.02879793,-1.65000,prps,2,7822
159009,159.009,1,4004,54004,lowband_largesig_r01,prps,1511,61,0.509875,-20,0,-20,-0.05235988,-3.00000,prps,2,7826
159029,159.029,1,4004,54004,lowband_largesig_r01,prps,1512,62,0.518714,-28,0,-28,-0.07330382,-4.20000,prps,2,7830
159049,159.049,1,4004,54004,lowband_largesig_r01,prps,1510,60,0.502781,-34,0,-34,-0.08901179,-5.10000,prps,2,7834
159069,159.069,1,4004,54004,lowband_largesig_r01,prps,1506,56,0.472082,-36,0,-36,-0.09424778,-5.40000,prps,2,7838
159089,159.089,1,4004,54004,lowband_largesig_r01,prps,1502,52,0.438142,-37,0,-37,-0.09686577,-5.55000,prps,2,7842
159109,159.109,1,4004,54004,lowband_largesig_r01,prps,1499,49,0.411791,-37,0,-37,-0.09686577,-5.55000,prps,2,7846
159129,159.129,1,4004,54004,lowband_largesig_r01,prps,1498,48,0.401148,-37,0,-37,-0.09686577,-5.55000,prps,2,7850
159149,159.149,1,4004,54004,lowband_largesig_r01,prps,1499,49,0.410160,-36,0,-36,-0.09424778,-5.40000,prps,2,7854
159169,159.169,1,4004,54004,lowband_largesig_r01,prps,1502,52,0.437945,-35,0,-35,-0.09162979,-5.25000,prps,2,7858
159189,159.189,1,4004,54004,lowband_largesig_r01,prps,1507,57,0.479062,-34,0,-34,-0.08901179,-5.10000,prps,2,7862
159209,159.209,1,4004,54004,lowband_largesig_r01,prps,1512,62,0.524642,-34,0,-34,-0.08901179,-5.10000,prps,2,7866
159229,159.229,1,4004,54004,lowband_largesig_r01,prps,1517,67,0.564175,-34,0,-34,-0.08901179,-5.10000,prps,2,7870
159249,159.249,1,4004,54004,lowband_largesig_r01,prps,1520,70,0.587615,-36,0,-36,-0.09424778,-5.40000,prps,2,7874
159269,159.269,1,4004,54004,lowband_largesig_r01,prps,1520,70,0.587426,-38,0,-38,-0.09948376,-5.70000,prps,2,7878
159289,159.289,1,4004,54004,lowband_largesig_r01,prps,1517,67,0.560169,-41,0,-41,-0.10733775,-6.15000,prps,2,7882
159309,159.309,1,4004,54004,lowband_largesig_r01,prps,1510,60,0.507357,-43,0,-43,-0.11257374,-6.45000,prps,2,7886
159329,159.329,1,4004,54004,lowband_largesig_r01,prps,1502,52,0.435392,-43,0,-43,-0.11257374,-6.45000,prps,2,7890
159349,159.349,1,4004,54004,lowband_largesig_r01,prps,1492,42,0.354584,-42,0,-42,-0.10995574,-6.30000,prps,2,7894
159369,159.369,1,4004,54004,lowband_largesig_r01,prps,1483,33,0.277414,-41,0,-41,-0.10733775,-6.15000,prps,2,7898
159389,159.389,1,4004,54004,lowband_largesig_r01,prps,1476,26,0.216341,-37,0,-37,-0.09686577,-5.55000,prps,2,7902
159409,159.409,1,4004,54004,lowband_largesig_r01,prps,1472,22,0.181530,-33,0,-33,-0.08639380,-4.95000,prps,2,7906
159429,159.429,1,4004,54004,lowband_largesig_r01,prps,1471,21,0.178905,-27,0,-27,-0.07068583,-4.05000,prps,2,7910
159449,159.449,1,4004,54004,lowband_largesig_r01,prps,1475,25,0.208881,-23,0,-23,-0.06021386,-3.45000,prps,2,7914
159469,159.469,1,4004,54004,lowband_largesig_r01,prps,1482,32,0.266014,-22,0,-22,-0.05759586,-3.30000,prps,2,7918
159489,159.489,1,4004,54004,lowband_largesig_r01,prps,1490,40,0.339648,-22,0,-22,-0.05759586,-3.30000,prps,2,7922
159509,159.509,1,4004,54004,lowband_largesig_r01,prps,1499,49,0.415474,-22,0,-22,-0.05759586,-3.30000,prps,2,7926
159529,159.529,1,4004,54004,lowband_largesig_r01,prps,1507,57,0.477757,-23,0,-23,-0.06021386,-3.45000,prps,2,7930
159549,159.549,1,4004,54004,lowband_largesig_r01,prps,1511,61,0.511876,-26,0,-26,-0.06806784,-3.90000,prps,2,7934
159569,159.569,1,4004,54004,lowband_largesig_r01,prps,1510,60,0.506746,-30,0,-30,-0.07853982,-4.50000,prps,2,7938
159589,159.589,1,4004,54004,lowband_largesig_r01,prps,1504,54,0.456748,-34,0,-34,-0.08901179,-5.10000,prps,2,7942
159609,159.609,1,4004,54004,lowband_largesig_r01,prps,1493,43,0.362816,-36,0,-36,-0.09424778,-5.40000,prps,2,7946
159629,159.629,1,4004,54004,lowband_largesig_r01,prps,1478,28,0.232525,-36,0,-36,-0.09424778,-5.40000,prps,2,7950
159649,159.649,1,4004,54004,lowband_largesig_r01,prps,1459,9,0.079145,-34,0,-34,-0.08901179,-5.10000,prps,2,7954
159669,159.669,1,4004,54004,lowband_largesig_r01,prps,1440,-10,-0.080181,-29,0,-29,-0.07592182,-4.35000,prps,2,7958
159689,159.689,1,4004,54004,lowband_largesig_r01,prps,1423,-27,-0.226860,-21,0,-21,-0.05497787,-3.15000,prps,2,7962
159709,159.709,1,4004,54004,lowband_largesig_r01,prps,1409,-41,-0.343466,-12,0,-12,-0.03141592,-1.80000,prps,2,7966
159729,159.729,1,4004,54004,lowband_largesig_r01,prps,1400,-50,-0.416170,-1,0,-1,-0.00261799,-0.15000,prps,2,7970
159749,159.749,1,4004,54004,lowband_largesig_r01,prps,1398,-52,-0.436594,8,0,8,0.02094395,1.20000,prps,2,7974
159769,159.769,1,4004,54004,lowband_largesig_r01,prps,1402,-48,-0.402822,16,0,16,0.04188790,2.40000,prps,2,7978
159789,159.789,1,4004,54004,lowband_largesig_r01,prps,1412,-38,-0.319446,18,0,18,0.04712389,2.70000,prps,2,7982
159809,159.809,1,4004,54004,lowband_largesig_r01,prps,1427,-23,-0.196665,18,0,18,0.04712389,2.70000,prps,2,7986
159829,159.829,1,4004,54004,lowband_largesig_r01,prps,1444,-6,-0.048620,17,0,17,0.04450589,2.55000,prps,2,7990
159849,159.849,1,4004,54004,lowband_largesig_r01,prps,1463,13,0.108745,13,0,13,0.03403392,1.95000,prps,2,7994
159869,159.869,1,4004,54004,lowband_largesig_r01,prps,1481,31,0.259948,6,0,6,0.01570796,0.90000,prps,2,7998
178462,178.462,1,4004,54004,lowband_largesig_r01,prps,1497,47,0.391993,-3,0,-3,-0.00785398,-0.45000,prps,3,2
178482,178.482,1,4004,54004,lowband_largesig_r01,prps,1509,59,0.495869,-4,0,-4,-0.01047198,-0.60000,prps,3,6
178502,178.502,1,4004,54004,lowband_largesig_r01,prps,1518,68,0.567320,-13,0,-13,-0.03403392,-1.95000,prps,3,10
178522,178.522,1,4004,54004,lowband_largesig_r01,prps,1522,72,0.606829,-23,0,-23,-0.06021386,-3.45000,prps,3,14
178542,178.542,1,4004,54004,lowband_largesig_r01,prps,1524,74,0.618870,-33,0,-33,-0.08639380,-4.95000,prps,3,18
178562,178.562,1,4004,54004,lowband_largesig_r01,prps,1523,73,0.610642,-41,0,-41,-0.10733775,-6.15000,prps,3,22
178582,178.582,1,4004,54004,lowband_largesig_r01,prps,1520,70,0.590502,-46,0,-46,-0.12042772,-6.90000,prps,3,26
178602,178.602,1,4004,54004,lowband_largesig_r01,prps,1517,67,0.566430,-47,0,-47,-0.12304571,-7.05000,prps,3,30
178622,178.622,1,4004,54004,lowband_largesig_r01,prps,1515,65,0.544738,-47,0,-47,-0.12304571,-7.05000,prps,3,34
178642,178.642,1,4004,54004,lowband_largesig_r01,prps,1513,63,0.529256,-46,0,-46,-0.12042772,-6.90000,prps,3,38
178662,178.662,1,4004,54004,lowband_largesig_r01,prps,1512,62,0.521058,-46,0,-46,-0.12042772,-6.90000,prps,3,42
178682,178.682,1,4004,54004,lowband_largesig_r01,prps,1512,62,0.518721,-45,0,-45,-0.11780972,-6.75000,prps,3,46
178702,178.702,1,4004,54004,lowband_largesig_r01,prps,1512,62,0.519018,-44,0,-44,-0.11519173,-6.60000,prps,3,50
178722,178.722,1,4004,54004,lowband_largesig_r01,prps,1512,62,0.517837,-43,0,-43,-0.11257374,-6.45000,prps,3,54
178742,178.742,1,4004,54004,lowband_largesig_r01,prps,1511,61,0.511140,-43,0,-43,-0.11257374,-6.45000,prps,3,58
178762,178.762,1,4004,54004,lowband_largesig_r01,prps,1509,59,0.495758,-43,0,-43,-0.11257374,-6.45000,prps,3,62
178782,178.782,1,4004,54004,lowband_largesig_r01,prps,1506,56,0.469870,-43,0,-43,-0.11257374,-6.45000,prps,3,66
178802,178.802,1,4004,54004,lowband_largesig_r01,prps,1502,52,0.433118,-43,0,-43,-0.11257374,-6.45000,prps,3,70
178822,178.822,1,4004,54004,lowband_largesig_r01,prps,1496,46,0.386350,-41,0,-41,-0.10733775,-6.15000,prps,3,74
178842,178.842,1,4004,54004,lowband_largesig_r01,prps,1489,39,0.331126,-39,0,-39,-0.10210176,-5.85000,prps,3,78
178862,178.862,1,4004,54004,lowband_largesig_r01,prps,1482,32,0.269099,-38,0,-38,-0.09948376,-5.70000,prps,3,82
178882,178.882,1,4004,54004,lowband_largesig_r01,prps,1474,24,0.201468,-35,0,-35,-0.09162979,-5.25000,prps,3,86
178902,178.902,1,4004,54004,lowband_largesig_r01,prps,1465,15,0.128633,-32,0,-32,-0.08377580,-4.80000,prps,3,90
178922,178.922,1,4004,54004,lowband_largesig_r01,prps,1456,6,0.050161,-27,0,-27,-0.07068583,-4.05000,prps,3,94
178942,178.942,1,4004,54004,lowband_largesig_r01,prps,1446,-4,-0.034928,-22,0,-22,-0.05759586,-3.30000,prps,3,98
178962,178.962,1,4004,54004,lowband_largesig_r01,prps,1435,-15,-0.127602,-17,0,-17,-0.04450589,-2.55000,prps,3,102
178982,178.982,1,4004,54004,lowband_largesig_r01,prps,1423,-27,-0.228127,-11,0,-11,-0.02879793,-1.65000,prps,3,106
179002,179.002,1,4004,54004,lowband_largesig_r01,prps,1410,-40,-0.335395,-5,0,-5,-0.01308997,-0.75000,prps,3,110
179022,179.022,1,4004,54004,lowband_largesig_r01,prps,1397,-53,-0.446469,2,0,2,0.00523599,0.30000,prps,3,114
179042,179.042,1,4004,54004,lowband_largesig_r01,prps,1384,-66,-0.556465,8,0,8,0.02094395,1.20000,prps,3,118
179062,179.062,1,4004,54004,lowband_largesig_r01,prps,1372,-78,-0.658861,15,0,15,0.03926991,2.25000,prps,3,122
179082,179.082,1,4004,54004,lowband_largesig_r01,prps,1361,-89,-0.746221,20,0,20,0.05235988,3.00000,prps,3,126
179102,179.102,1,4004,54004,lowband_largesig_r01,prps,1353,-97,-0.811230,26,0,26,0.06806784,3.90000,prps,3,130
179122,179.122,1,4004,54004,lowband_largesig_r01,prps,1349,-101,-0.847869,33,0,33,0.08639380,4.95000,prps,3,134
179142,179.142,1,4004,54004,lowband_largesig_r01,prps,1349,-101,-0.852520,39,0,39,0.10210176,5.85000,prps,3,138
179162,179.162,1,4004,54004,lowband_largesig_r01,prps,1352,-98,-0.824757,44,0,44,0.11519173,6.60000,prps,3,142
179182,179.182,1,4004,54004,lowband_largesig_r01,prps,1359,-91,-0.767676,48,0,48,0.12566370,7.20000,prps,3,146
179202,179.202,1,4004,54004,lowband_largesig_r01,prps,1368,-82,-0.687628,49,0,49,0.12828170,7.35000,prps,3,150
179222,179.222,1,4004,54004,lowband_largesig_r01,prps,1379,-71,-0.593390,48,0,48,0.12566370,7.20000,prps,3,154
179242,179.242,1,4004,54004,lowband_largesig_r01,prps,1391,-59,-0.494866,48,0,48,0.12566370,7.20000,prps,3,158
179262,179.262,1,4004,54004,lowband_largesig_r01,prps,1402,-48,-0.401539,44,0,44,0.11519173,6.60000,prps,3,162
179282,179.282,1,4004,54004,lowband_largesig_r01,prps,1412,-38,-0.320930,39,0,39,0.10210176,5.85000,prps,3,166
179302,179.302,1,4004,54004,lowband_largesig_r01,prps,1419,-31,-0.257367,32,0,32,0.08377580,4.80000,prps,3,170
179322,179.322,1,4004,54004,lowband_largesig_r01,prps,1425,-25,-0.211284,25,0,25,0.06544985,3.75000,prps,3,174
179342,179.342,1,4004,54004,lowband_largesig_r01,prps,1429,-21,-0.179226,18,0,18,0.04712389,2.70000,prps,3,178
179362,179.362,1,4004,54004,lowband_largesig_r01,prps,1432,-18,-0.154586,13,0,13,0.03403392,1.95000,prps,3,182
179382,179.382,1,4004,54004,lowband_largesig_r01,prps,1435,-15,-0.128988,9,0,9,0.02356194,1.35000,prps,3,186
179402,179.402,1,4004,54004,lowband_largesig_r01,prps,1439,-11,-0.094077,7,0,7,0.01832596,1.05000,prps,3,190
179422,179.422,1,4004,54004,lowband_largesig_r01,prps,1445,-5,-0.043435,6,0,6,0.01570796,0.90000,prps,3,194
179442,179.442,1,4004,54004,lowband_largesig_r01,prps,1453,3,0.025755,6,0,6,0.01570796,0.90000,prps,3,198
179462,179.462,1,4004,54004,lowband_largesig_r01,prps,1463,13,0.111599,4,0,4,0.01047198,0.60000,prps,3,202
179482,179.482,1,4004,54004,lowband_largesig_r01,prps,1475,25,0.207184,2,0,2,0.00523599,0.30000,prps,3,206
179502,179.502,1,4004,54004,lowband_largesig_r01,prps,1486,36,0.301198,-2,0,-2,-0.00523599,-0.30000,prps,3,210
179522,179.522,1,4004,54004,lowband_largesig_r01,prps,1495,45,0.379411,-6,0,-6,-0.01570796,-0.90000,prps,3,214
179542,179.542,1,4004,54004,lowband_largesig_r01,prps,1501,51,0.426841,-12,0,-12,-0.03141592,-1.80000,prps,3,218
179562,179.562,1,4004,54004,lowband_largesig_r01,prps,1501,51,0.430262,-20,0,-20,-0.05235988,-3.00000,prps,3,222
179582,179.582,1,4004,54004,lowband_largesig_r01,prps,1495,45,0.380653,-25,0,-25,-0.06544985,-3.75000,prps,3,226
179602,179.602,1,4004,54004,lowband_largesig_r01,prps,1483,33,0.275171,-30,0,-30,-0.07853982,-4.50000,prps,3,230
179622,179.622,1,4004,54004,lowband_largesig_r01,prps,1464,14,0.118287,-31,0,-31,-0.08115781,-4.65000,prps,3,234
179642,179.642,1,4004,54004,lowband_largesig_r01,prps,1441,-9,-0.078148,-27,0,-27,-0.07068583,-4.05000,prps,3,238
179662,179.662,1,4004,54004,lowband_largesig_r01,prps,1415,-35,-0.295977,-21,0,-21,-0.05497787,-3.15000,prps,3,242
179682,179.682,1,4004,54004,lowband_largesig_r01,prps,1389,-61,-0.512850,-13,0,-13,-0.03403392,-1.95000,prps,3,246
179702,179.702,1,4004,54004,lowband_largesig_r01,prps,1366,-84,-0.705067,0,0,0,0.00000000,0.00000,prps,3,250
179722,179.722,1,4004,54004,lowband_largesig_r01,prps,1349,-101,-0.850762,13,0,13,0.03403392,1.95000,prps,3,254
179742,179.742,1,4004,54004,lowband_largesig_r01,prps,1339,-111,-0.932933,26,0,26,0.06806784,3.90000,prps,3,258
179762,179.762,1,4004,54004,lowband_largesig_r01,prps,1338,-112,-0.941865,37,0,37,0.09686577,5.55000,prps,3,262
179782,179.782,1,4004,54004,lowband_largesig_r01,prps,1346,-104,-0.876553,48,0,48,0.12566370,7.20000,prps,3,266
179802,179.802,1,4004,54004,lowband_largesig_r01,prps,1361,-89,-0.744909,55,0,55,0.14398966,8.25000,prps,3,270
179822,179.822,1,4004,54004,lowband_largesig_r01,prps,1383,-67,-0.562710,56,0,56,0.14660765,8.40000,prps,3,274
179842,179.842,1,4004,54004,lowband_largesig_r01,prps,1408,-42,-0.351430,54,0,54,0.14137166,8.10000,prps,3,278
179862,179.862,1,4004,54004,lowband_largesig_r01,prps,1434,-16,-0.135302,45,0,45,0.11780972,6.75000,prps,3,282
179882,179.882,1,4004,54004,lowband_largesig_r01,prps,1457,7,0.061952,34,0,34,0.08901179,5.10000,prps,3,286
179902,179.902,1,4004,54004,lowband_largesig_r01,prps,1476,26,0.220238,20,0,20,0.05235988,3.00000,prps,3,290
179922,179.922,1,4004,54004,lowband_largesig_r01,prps,1489,39,0.325568,6,0,6,0.01570796,0.90000,prps,3,294
179942,179.942,1,4004,54004,lowband_largesig_r01,prps,1494,44,0.371571,-7,0,-7,-0.01832596,-1.05000,prps,3,298
179962,179.962,1,4004,54004,lowband_largesig_r01,prps,1493,43,0.359818,-19,0,-19,-0.04974188,-2.85000,prps,3,302
179982,179.982,1,4004,54004,lowband_largesig_r01,prps,1486,36,0.298972,-27,0,-27,-0.07068583,-4.05000,prps,3,306
180002,180.002,1,4004,54004,lowband_largesig_r01,prps,1474,24,0.202942,-29,0,-29,-0.07592182,-4.35000,prps,3,310
180022,180.022,1,4004,54004,lowband_largesig_r01,prps,1461,11,0.088372,-28,0,-28,-0.07330382,-4.20000,prps,3,314
180042,180.042,1,4004,54004,lowband_largesig_r01,prps,1447,-3,-0.028098,-26,0,-26,-0.06806784,-3.90000,prps,3,318
180062,180.062,1,4004,54004,lowband_largesig_r01,prps,1434,-16,-0.132348,-21,0,-21,-0.05497787,-3.15000,prps,3,322
180082,180.082,1,4004,54004,lowband_largesig_r01,prps,1424,-26,-0.214681,-14,0,-14,-0.03665191,-2.10000,prps,3,326
180102,180.102,1,4004,54004,lowband_largesig_r01,prps,1418,-32,-0.270824,-7,0,-7,-0.01832596,-1.05000,prps,3,330
180122,180.122,1,4004,54004,lowband_largesig_r01,prps,1414,-36,-0.301925,1,0,1,0.00261799,0.15000,prps,3,334
180142,180.142,1,4004,54004,lowband_largesig_r01,prps,1413,-37,-0.313598,7,0,7,0.01832596,1.05000,prps,3,338
180162,180.162,1,4004,54004,lowband_largesig_r01,prps,1413,-37,-0.314246,11,0,11,0.02879793,1.65000,prps,3,342
180182,180.182,1,4004,54004,lowband_largesig_r01,prps,1413,-37,-0.312996,12,0,12,0.03141592,1.80000,prps,3,346
180202,180.202,1,4004,54004,lowband_largesig_r01,prps,1412,-38,-0.317647,14,0,14,0.03665191,2.10000,prps,3,350
180222,180.222,1,4004,54004,lowband_largesig_r01,prps,1410,-40,-0.333001,15,0,15,0.03926991,2.25000,prps,3,354
180242,180.242,1,4004,54004,lowband_largesig_r01,prps,1407,-43,-0.359884,15,0,15,0.03926991,2.25000,prps,3,358
180262,180.262,1,4004,54004,lowband_largesig_r01,prps,1403,-47,-0.395006,15,0,15,0.03926991,2.25000,prps,3,362
180282,180.282,1,4004,54004,lowband_largesig_r01,prps,1399,-51,-0.431677,16,0,16,0.04188790,2.40000,prps,3,366
180302,180.302,1,4004,54004,lowband_largesig_r01,prps,1395,-55,-0.461212,16,0,16,0.04188790,2.40000,prps,3,370
180322,180.322,1,4004,54004,lowband_largesig_r01,prps,1394,-56,-0.474758,17,0,17,0.04450589,2.55000,prps,3,374
180342,180.342,1,4004,54004,lowband_largesig_r01,prps,1395,-55,-0.465182,18,0,18,0.04712389,2.70000,prps,3,378
180362,180.362,1,4004,54004,lowband_largesig_r01,prps,1399,-51,-0.428659,20,0,20,0.05235988,3.00000,prps,3,382
180382,180.382,1,4004,54004,lowband_largesig_r01,prps,1406,-44,-0.365665,21,0,21,0.05497787,3.15000,prps,3,386
180402,180.402,1,4004,54004,lowband_largesig_r01,prps,1417,-33,-0.281172,21,0,21,0.05497787,3.15000,prps,3,390
180422,180.422,1,4004,54004,lowband_largesig_r01,prps,1428,-22,-0.184003,20,0,20,0.05235988,3.00000,prps,3,394
180442,180.442,1,4004,54004,lowband_largesig_r01,prps,1440,-10,-0.085456,18,0,18,0.04712389,2.70000,prps,3,398
180462,180.462,1,4004,54004,lowband_largesig_r01,prps,1450,0,0.002568,13,0,13,0.03403392,1.95000,prps,3,402
180482,180.482,1,4004,54004,lowband_largesig_r01,prps,1458,8,0.069589,8,0,8,0.02094395,1.20000,prps,3,406
180502,180.502,1,4004,54004,lowband_largesig_r01,prps,1463,13,0.108379,4,0,4,0.01047198,0.60000,prps,3,410
180522,180.522,1,4004,54004,lowband_largesig_r01,prps,1464,14,0.116255,0,0,0,0.00000000,0.00000,prps,3,414
180542,180.542,1,4004,54004,lowband_largesig_r01,prps,1461,11,0.095620,-4,0,-4,-0.01047198,-0.60000,prps,3,418
180562,180.562,1,4004,54004,lowband_largesig_r01,prps,1456,6,0.053617,-6,0,-6,-0.01570796,-0.90000,prps,3,422
180582,180.582,1,4004,54004,lowband_largesig_r01,prps,1450,0,0.000988,-7,0,-7,-0.01832596,-1.05000,prps,3,426
180602,180.602,1,4004,54004,lowband_largesig_r01,prps,1444,-6,-0.049708,-6,0,-6,-0.01570796,-0.90000,prps,3,430
180622,180.622,1,4004,54004,lowband_largesig_r01,prps,1440,-10,-0.086188,-6,0,-6,-0.01570796,-0.90000,prps,3,434
180642,180.642,1,4004,54004,lowband_largesig_r01,prps,1438,-12,-0.098505,-4,0,-4,-0.01047198,-0.60000,prps,3,438
180662,180.662,1,4004,54004,lowband_largesig_r01,prps,1440,-10,-0.080719,-3,0,-3,-0.00785398,-0.45000,prps,3,442
180682,180.682,1,4004,54004,lowband_largesig_r01,prps,1446,-4,-0.031902,-1,0,-1,-0.00261799,-0.15000,prps,3,446
180702,180.702,1,4004,54004,lowband_largesig_r01,prps,1455,5,0.043706,-1,0,-1,-0.00261799,-0.15000,prps,3,450
180722,180.722,1,4004,54004,lowband_largesig_r01,prps,1466,16,0.137395,-1,0,-1,-0.00261799,-0.15000,prps,3,454
180742,180.742,1,4004,54004,lowband_largesig_r01,prps,1478,28,0.237428,-2,0,-2,-0.00523599,-0.30000,prps,3,458
180762,180.762,1,4004,54004,lowband_largesig_r01,prps,1489,39,0.330972,-3,0,-3,-0.00785398,-0.45000,prps,3,462
180782,180.782,1,4004,54004,lowband_largesig_r01,prps,1498,48,0.406201,-7,0,-7,-0.01832596,-1.05000,prps,3,466
180802,180.802,1,4004,54004,lowband_largesig_r01,prps,1504,54,0.454204,-14,0,-14,-0.03665191,-2.10000,prps,3,470
180822,180.822,1,4004,54004,lowband_largesig_r01,prps,1506,56,0.470394,-22,0,-22,-0.05759586,-3.30000,prps,3,474
180842,180.842,1,4004,54004,lowband_largesig_r01,prps,1504,54,0.455203,-28,0,-28,-0.07330382,-4.20000,prps,3,478
180862,180.862,1,4004,54004,lowband_largesig_r01,prps,1499,49,0.413933,-32,0,-32,-0.08377580,-4.80000,prps,3,482
180882,180.882,1,4004,54004,lowband_largesig_r01,prps,1492,42,0.355844,-34,0,-34,-0.08901179,-5.10000,prps,3,486
180902,180.902,1,4004,54004,lowband_largesig_r01,prps,1485,35,0.292612,-33,0,-33,-0.08639380,-4.95000,prps,3,490
180922,180.922,1,4004,54004,lowband_largesig_r01,prps,1478,28,0.236451,-32,0,-32,-0.08377580,-4.80000,prps,3,494
180942,180.942,1,4004,54004,lowband_largesig_r01,prps,1474,24,0.198204,-30,0,-30,-0.07853982,-4.50000,prps,3,498
180962,180.962,1,4004,54004,lowband_largesig_r01,prps,1472,22,0.185708,-28,0,-28,-0.07330382,-4.20000,prps,3,502
180982,180.982,1,4004,54004,lowband_largesig_r01,prps,1474,24,0.202692,-26,0,-26,-0.06806784,-3.90000,prps,3,506
181002,181.002,1,4004,54004,lowband_largesig_r01,prps,1480,30,0.248359,-23,0,-23,-0.06021386,-3.45000,prps,3,510
181022,181.022,1,4004,54004,lowband_largesig_r01,prps,1488,38,0.317677,-23,0,-23,-0.06021386,-3.45000,prps,3,514
181042,181.042,1,4004,54004,lowband_largesig_r01,prps,1498,48,0.402306,-23,0,-23,-0.06021386,-3.45000,prps,3,518
181062,181.062,1,4004,54004,lowband_largesig_r01,prps,1509,59,0.491951,-24,0,-24,-0.06283185,-3.60000,prps,3,522
181082,181.082,1,4004,54004,lowband_largesig_r01,prps,1519,69,0.575918,-27,0,-27,-0.07068583,-4.05000,prps,3,526
181102,181.102,1,4004,54004,lowband_largesig_r01,prps,1527,77,0.644588,-30,0,-30,-0.07853982,-4.50000,prps,3,530
181122,181.122,1,4004,54004,lowband_largesig_r01,prps,1532,82,0.690595,-34,0,-34,-0.08901179,-5.10000,prps,3,534
181142,181.142,1,4004,54004,lowband_largesig_r01,prps,1534,84,0.709541,-40,0,-40,-0.10471976,-6.00000,prps,3,538
181162,181.162,1,4004,54004,lowband_largesig_r01,prps,1533,83,0.700180,-45,0,-45,-0.11780972,-6.75000,prps,3,542
181182,181.182,1,4004,54004,lowband_largesig_r01,prps,1529,79,0.664119,-49,0,-49,-0.12828170,-7.35000,prps,3,546
181202,181.202,1,4004,54004,lowband_largesig_r01,prps,1522,72,0.605138,-50,0,-50,-0.13089970,-7.50000,prps,3,550
181222,181.222,1,4004,54004,lowband_largesig_r01,prps,1513,63,0.528322,-50,0,-50,-0.13089970,-7.50000,prps,3,554
181242,181.242,1,4004,54004,lowband_largesig_r01,prps,1502,52,0.439191,-49,0,-49,-0.12828170,-7.35000,prps,3,558
181262,181.262,1,4004,54004,lowband_largesig_r01,prps,1491,41,0.342991,-46,0,-46,-0.12042772,-6.90000,prps,3,562
181282,181.282,1,4004,54004,lowband_largesig_r01,prps,1479,29,0.244278,-43,0,-43,-0.11257374,-6.45000,prps,3,566
181302,181.302,1,4004,54004,lowband_largesig_r01,prps,1467,17,0.146818,-38,0,-38,-0.09948376,-5.70000,prps,3,570
181322,181.322,1,4004,54004,lowband_largesig_r01,prps,1456,6,0.053761,-32,0,-32,-0.08377580,-4.80000,prps,3,574
181342,181.342,1,4004,54004,lowband_largesig_r01,prps,1446,-4,-0.032003,-25,0,-25,-0.06544985,-3.75000,prps,3,578
181362,181.362,1,4004,54004,lowband_largesig_r01,prps,1437,-13,-0.107484,-19,0,-19,-0.04974188,-2.85000,prps,3,582
181382,181.382,1,4004,54004,lowband_largesig_r01,prps,1430,-20,-0.169342,-12,0,-12,-0.03141592,-1.80000,prps,3,586
181402,181.402,1,4004,54004,lowband_largesig_r01,prps,1425,-25,-0.213905,-6,0,-6,-0.01570796,-0.90000,prps,3,590
181422,181.422,1,4004,54004,lowband_largesig_r01,prps,1422,-28,-0.237466,0,0,0,0.00000000,0.00000,prps,3,594
181442,181.442,1,4004,54004,lowband_largesig_r01,prps,1422,-28,-0.236880,5,0,5,0.01308997,0.75000,prps,3,598
181462,181.462,1,4004,54004,lowband_largesig_r01,prps,1425,-25,-0.210317,7,0,7,0.01832596,1.05000,prps,3,602
181482,181.482,1,4004,54004,lowband_largesig_r01,prps,1431,-19,-0.158039,8,0,8,0.02094395,1.20000,prps,3,606
181502,181.502,1,4004,54004,lowband_largesig_r01,prps,1440,-10,-0.082997,8,0,8,0.02094395,1.20000,prps,3,610
181522,181.522,1,4004,54004,lowband_largesig_r01,prps,1451,1,0.008937,7,0,7,0.01832596,1.05000,prps,3,614
181542,181.542,1,4004,54004,lowband_largesig_r01,prps,1463,13,0.109206,6,0,6,0.01570796,0.90000,prps,3,618
181562,181.562,1,4004,54004,lowband_largesig_r01,prps,1475,25,0.207338,3,0,3,0.00785398,0.45000,prps,3,622
181582,181.582,1,4004,54004,lowband_largesig_r01,prps,1485,35,0.292174,-2,0,-2,-0.00523599,-0.30000,prps,3,626
181602,181.602,1,4004,54004,lowband_largesig_r01,prps,1492,42,0.353405,-7,0,-7,-0.01832596,-1.05000,prps,3,630
181622,181.622,1,4004,54004,lowband_largesig_r01,prps,1496,46,0.383161,-12,0,-12,-0.03141592,-1.80000,prps,3,634
181642,181.642,1,4004,54004,lowband_largesig_r01,prps,1495,45,0.377411,-18,0,-18,-0.04712389,-2.70000,prps,3,638
181662,181.662,1,4004,54004,lowband_largesig_r01,prps,1490,40,0.336873,-24,0,-24,-0.06283185,-3.60000,prps,3,642
181682,181.682,1,4004,54004,lowband_largesig_r01,prps,1482,32,0.267251,-28,0,-28,-0.07330382,-4.20000,prps,3,646
181702,181.702,1,4004,54004,lowband_largesig_r01,prps,1471,21,0.178700,-29,0,-29,-0.07592182,-4.35000,prps,3,650
181722,181.722,1,4004,54004,lowband_largesig_r01,prps,1460,10,0.084532,-27,0,-27,-0.07068583,-4.05000,prps,3,654
181742,181.742,1,4004,54004,lowband_largesig_r01,prps,1450,0,-0.000662,-25,0,-25,-0.06544985,-3.75000,prps,3,658
181762,181.762,1,4004,54004,lowband_largesig_r01,prps,1442,-8,-0.063212,-20,0,-20,-0.05235988,-3.00000,prps,3,662
181782,181.782,1,4004,54004,lowband_largesig_r01,prps,1439,-11,-0.092539,-15,0,-15,-0.03926991,-2.25000,prps,3,666
181802,181.802,1,4004,54004,lowband_largesig_r01,prps,1440,-10,-0.082942,-9,0,-9,-0.02356194,-1.35000,prps,3,670
181822,181.822,1,4004,54004,lowband_largesig_r01,prps,1446,-4,-0.034685,-4,0,-4,-0.01047198,-0.60000,prps,3,674
181842,181.842,1,4004,54004,lowband_largesig_r01,prps,1455,5,0.045823,0,0,0,0.00000000,0.00000,prps,3,678
181862,181.862,1,4004,54004,lowband_largesig_r01,prps,1467,17,0.146820,0,0,0,0.00000000,0.00000,prps,3,682
181882,181.882,1,4004,54004,lowband_largesig_r01,prps,1480,30,0.252870,-1,0,-1,-0.00261799,-0.15000,prps,3,686
181902,181.902,1,4004,54004,lowband_largesig_r01,prps,1491,41,0.347177,-4,0,-4,-0.01047198,-0.60000,prps,3,690
181922,181.922,1,4004,54004,lowband_largesig_r01,prps,1499,49,0.414173,-9,0,-9,-0.02356194,-1.35000,prps,3,694
181942,181.942,1,4004,54004,lowband_largesig_r01,prps,1503,53,0.441982,-16,0,-16,-0.04188790,-2.40000,prps,3,698
181962,181.962,1,4004,54004,lowband_largesig_r01,prps,1500,50,0.424329,-23,0,-23,-0.06021386,-3.45000,prps,3,702
181982,181.982,1,4004,54004,lowband_largesig_r01,prps,1493,43,0.361596,-29,0,-29,-0.07592182,-4.35000,prps,3,706
182002,182.002,1,4004,54004,lowband_largesig_r01,prps,1481,31,0.260814,-31,0,-31,-0.08115781,-4.65000,prps,3,710
182022,182.022,1,4004,54004,lowband_largesig_r01,prps,1466,16,0.134590,-31,0,-31,-0.08115781,-4.65000,prps,3,714
182042,182.042,1,4004,54004,lowband_largesig_r01,prps,1450,0,-0.000880,-28,0,-28,-0.07330382,-4.20000,prps,3,718
182062,182.062,1,4004,54004,lowband_largesig_r01,prps,1435,-15,-0.128397,-24,0,-24,-0.06283185,-3.60000,prps,3,722
182082,182.082,1,4004,54004,lowband_largesig_r01,prps,1422,-28,-0.232516,-17,0,-17,-0.04450589,-2.55000,prps,3,726
182102,182.102,1,4004,54004,lowband_largesig_r01,prps,1414,-36,-0.302034,-8,0,-8,-0.02094395,-1.20000,prps,3,730
182122,182.122,1,4004,54004,lowband_largesig_r01,prps,1411,-39,-0.331783,1,0,1,0.00261799,0.15000,prps,3,734
182142,182.142,1,4004,54004,lowband_largesig_r01,prps,1412,-38,-0.323430,8,0,8,0.02094395,1.20000,prps,3,738
182162,182.162,1,4004,54004,lowband_largesig_r01,prps,1416,-34,-0.285139,13,0,13,0.03403392,1.95000,prps,3,742
182182,182.182,1,4004,54004,lowband_largesig_r01,prps,1423,-27,-0.230151,13,0,13,0.03403392,1.95000,prps,3,746
182202,182.202,1,4004,54004,lowband_largesig_r01,prps,1429,-21,-0.174497,13,0,13,0.03403392,1.95000,prps,3,750
182222,182.222,1,4004,54004,lowband_largesig_r01,prps,1434,-16,-0.134233,13,0,13,0.03403392,1.95000,prps,3,754
182242,182.242,1,4004,54004,lowband_largesig_r01,prps,1435,-15,-0.122642,12,0,12,0.03141592,1.80000,prps,3,758
182262,182.262,1,4004,54004,lowband_largesig_r01,prps,1432,-18,-0.147879,10,0,10,0.02617994,1.50000,prps,3,762
182282,182.282,1,4004,54004,lowband_largesig_r01,prps,1425,-25,-0.211457,8,0,8,0.02094395,1.20000,prps,3,766
182302,182.302,1,4004,54004,lowband_largesig_r01,prps,1413,-37,-0.307820,7,0,7,0.01832596,1.05000,prps,3,770
182322,182.322,1,4004,54004,lowband_largesig_r01,prps,1399,-51,-0.425095,8,0,8,0.02094395,1.20000,prps,3,774
182342,182.342,1,4004,54004,lowband_largesig_r01,prps,1385,-65,-0.546906,10,0,10,0.02617994,1.50000,prps,3,778
182362,182.362,1,4004,54004,lowband_largesig_r01,prps,1372,-78,-0.654951,15,0,15,0.03926991,2.25000,prps,3,782
182382,182.382,1,4004,54004,lowband_largesig_r01,prps,1363,-87,-0.731933,20,0,20,0.05235988,3.00000,prps,3,786
182402,182.402,1,4004,54004,lowband_largesig_r01,prps,1359,-91,-0.764358,25,0,25,0.06544985,3.75000,prps,3,790
182422,182.422,1,4004,54004,lowband_largesig_r01,prps,1361,-89,-0.744758,32,0,32,0.08377580,4.80000,prps,3,794
182442,182.442,1,4004,54004,lowband_largesig_r01,prps,1370,-80,-0.672967,37,0,37,0.09686577,5.55000,prps,3,798
182462,182.462,1,4004,54004,lowband_largesig_r01,prps,1384,-66,-0.556248,41,0,41,0.10733775,6.15000,prps,3,802
182482,182.482,1,4004,54004,lowband_largesig_r01,prps,1401,-49,-0.408265,41,0,41,0.10733775,6.15000,prps,3,806
182502,182.502,1,4004,54004,lowband_largesig_r01,prps,1421,-29,-0.247050,39,0,39,0.10210176,5.85000,prps,3,810
182522,182.522,1,4004,54004,lowband_largesig_r01,prps,1439,-11,-0.092327,33,0,33,0.08639380,4.95000,prps,3,814
182542,182.542,1,4004,54004,lowband_largesig_r01,prps,1454,4,0.037409,23,0,23,0.06021386,3.45000,prps,3,818
182562,182.562,1,4004,54004,lowband_largesig_r01,prps,1465,15,0.127564,12,0,12,0.03141592,1.80000,prps,3,822
182582,182.582,1,4004,54004,lowband_largesig_r01,prps,1470,20,0.169468,3,0,3,0.00785398,0.45000,prps,3,826
182602,182.602,1,4004,54004,lowband_largesig_r01,prps,1469,19,0.161448,-5,0,-5,-0.01308997,-0.75000,prps,3,830
182622,182.622,1,4004,54004,lowband_largesig_r01,prps,1463,13,0.108799,-10,0,-10,-0.02617994,-1.50000,prps,3,834
182642,182.642,1,4004,54004,lowband_largesig_r01,prps,1453,3,0.022703,-12,0,-12,-0.03141592,-1.80000,prps,3,838
182662,182.662,1,4004,54004,lowband_largesig_r01,prps,1440,-10,-0.081706,-12,0,-12,-0.03141592,-1.80000,prps,3,842
182682,182.682,1,4004,54004,lowband_largesig_r01,prps,1428,-22,-0.187773,-10,0,-10,-0.02617994,-1.50000,prps,3,846
182702,182.702,1,4004,54004,lowband_largesig_r01,prps,1417,-33,-0.279864,-6,0,-6,-0.01570796,-0.90000,prps,3,850
182722,182.722,1,4004,54004,lowband_largesig_r01,prps,1409,-41,-0.345588,0,0,0,0.00000000,0.00000,prps,3,854
182742,182.742,1,4004,54004,lowband_largesig_r01,prps,1405,-45,-0.377376,6,0,6,0.01570796,0.90000,prps,3,858
182762,182.762,1,4004,54004,lowband_largesig_r01,prps,1406,-44,-0.373189,10,0,10,0.02617994,1.50000,prps,3,862
182782,182.782,1,4004,54004,lowband_largesig_r01,prps,1410,-40,-0.336300,14,0,14,0.03665191,2.10000,prps,3,866
182802,182.802,1,4004,54004,lowband_largesig_r01,prps,1417,-33,-0.274240,15,0,15,0.03926991,2.25000,prps,3,870
182822,182.822,1,4004,54004,lowband_largesig_r01,prps,1427,-23,-0.197148,15,0,15,0.03926991,2.25000,prps,3,874
182842,182.842,1,4004,54004,lowband_largesig_r01,prps,1436,-14,-0.115850,14,0,14,0.03665191,2.10000,prps,3,878
182862,182.862,1,4004,54004,lowband_largesig_r01,prps,1445,-5,-0.040002,13,0,13,0.03403392,1.95000,prps,3,882
182882,182.882,1,4004,54004,lowband_largesig_r01,prps,1453,3,0.023352,10,0,10,0.02617994,1.50000,prps,3,886
182902,182.902,1,4004,54004,lowband_largesig_r01,prps,1458,8,0.070617,6,0,6,0.01570796,0.90000,prps,3,890
182922,182.922,1,4004,54004,lowband_largesig_r01,prps,1462,12,0.101737,3,0,3,0.00785398,0.45000,prps,3,894
182942,182.942,1,4004,54004,lowband_largesig_r01,prps,1464,14,0.119601,0,0,0,0.00000000,0.00000,prps,3,898
182962,182.962,1,4004,54004,lowband_largesig_r01,prps,1465,15,0.128913,-3,0,-3,-0.00785398,-0.45000,prps,3,902
182982,182.982,1,4004,54004,lowband_largesig_r01,prps,1466,16,0.134787,-6,0,-6,-0.01570796,-0.90000,prps,3,906
183002,183.002,1,4004,54004,lowband_largesig_r01,prps,1467,17,0.141370,-8,0,-8,-0.02094395,-1.20000,prps,3,910
183022,183.022,1,4004,54004,lowband_largesig_r01,prps,1468,18,0.150758,-8,0,-8,-0.02094395,-1.20000,prps,3,914
183042,183.042,1,4004,54004,lowband_largesig_r01,prps,1469,19,0.162449,-10,0,-10,-0.02617994,-1.50000,prps,3,918
183062,183.062,1,4004,54004,lowband_largesig_r01,prps,1471,21,0.173407,-11,0,-11,-0.02879793,-1.65000,prps,3,922
183082,183.082,1,4004,54004,lowband_largesig_r01,prps,1471,21,0.178742,-12,0,-12,-0.03141592,-1.80000,prps,3,926
183102,183.102,1,4004,54004,lowband_largesig_r01,prps,1471,21,0.172854,-12,0,-12,-0.03141592,-1.80000,prps,3,930
183122,183.122,1,4004,54004,lowband_largesig_r01,prps,1468,18,0.150823,-12,0,-12,-0.03141592,-1.80000,prps,3,934
183142,183.142,1,4004,54004,lowband_largesig_r01,prps,1463,13,0.109737,-12,0,-12,-0.03141592,-1.80000,prps,3,938
183162,183.162,1,4004,54004,lowband_largesig_r01,prps,1456,6,0.049724,-12,0,-12,-0.03141592,-1.80000,prps,3,942
183182,183.182,1,4004,54004,lowband_largesig_r01,prps,1447,-3,-0.025571,-11,0,-11,-0.02879793,-1.65000,prps,3,946
183202,183.202,1,4004,54004,lowband_largesig_r01,prps,1437,-13,-0.109158,-11,0,-11,-0.02879793,-1.65000,prps,3,950
183222,183.222,1,4004,54004,lowband_largesig_r01,prps,1427,-23,-0.191522,-8,0,-8,-0.02094395,-1.20000,prps,3,954
183242,183.242,1,4004,54004,lowband_largesig_r01,prps,1419,-31,-0.261979,-3,0,-3,-0.00785398,-0.45000,prps,3,958
183262,183.262,1,4004,54004,lowband_largesig_r01,prps,1413,-37,-0.310339,2,0,2,0.00523599,0.30000,prps,3,962
183282,183.282,1,4004,54004,lowband_largesig_r01,prps,1411,-39,-0.328583,6,0,6,0.01570796,0.90000,prps,3,966
183302,183.302,1,4004,54004,lowband_largesig_r01,prps,1413,-37,-0.312276,9,0,9,0.02356194,1.35000,prps,3,970
183322,183.322,1,4004,54004,lowband_largesig_r01,prps,1419,-31,-0.261453,12,0,12,0.03141592,1.80000,prps,3,974
183342,183.342,1,4004,54004,lowband_largesig_r01,prps,1428,-22,-0.180829,14,0,14,0.03665191,2.10000,prps,3,978
183362,183.362,1,4004,54004,lowband_largesig_r01,prps,1441,-9,-0.079271,14,0,14,0.03665191,2.10000,prps,3,982
183382,183.382,1,4004,54004,lowband_largesig_r01,prps,1454,4,0.031370,13,0,13,0.03403392,1.95000,prps,3,986
183402,183.402,1,4004,54004,lowband_largesig_r01,prps,1466,16,0.137904,10,0,10,0.02617994,1.50000,prps,3,990
183422,183.422,1,4004,54004,lowband_largesig_r01,prps,1477,27,0.227633,4,0,4,0.01047198,0.60000,prps,3,994
183442,183.442,1,4004,54004,lowband_largesig_r01,prps,1485,35,0.290099,-2,0,-2,-0.00523599,-0.30000,prps,3,998
183462,183.462,1,4004,54004,lowband_largesig_r01,prps,1488,38,0.318460,-8,0,-8,-0.02094395,-1.20000,prps,3,1002
183482,183.482,1,4004,54004,lowband_largesig_r01,prps,1487,37,0.310297,-13,0,-13,-0.03403392,-1.95000,prps,3,1006
183502,183.502,1,4004,54004,lowband_largesig_r01,prps,1482,32,0.267750,-18,0,-18,-0.04712389,-2.70000,prps,3,1010
183522,183.522,1,4004,54004,lowband_largesig_r01,prps,1473,23,0.196988,-22,0,-22,-0.05759586,-3.30000,prps,3,1014
183542,183.542,1,4004,54004,lowband_largesig_r01,prps,1463,13,0.107139,-23,0,-23,-0.06021386,-3.45000,prps,3,1018
183562,183.562,1,4004,54004,lowband_largesig_r01,prps,1451,1,0.008880,-22,0,-22,-0.05759586,-3.30000,prps,3,1022
183582,183.582,1,4004,54004,lowband_largesig_r01,prps,1440,-10,-0.087059,-20,0,-20,-0.05235988,-3.00000,prps,3,1026
183602,183.602,1,4004,54004,lowband_largesig_r01,prps,1430,-20,-0.171236,-15,0,-15,-0.03926991,-2.25000,prps,3,1030
183622,183.622,1,4004,54004,lowband_largesig_r01,prps,1422,-28,-0.236478,-9,0,-9,-0.02356194,-1.35000,prps,3,1034
183642,183.642,1,4004,54004,lowband_largesig_r01,prps,1417,-33,-0.278388,-2,0,-2,-0.00523599,-0.30000,prps,3,1038
183662,183.662,1,4004,54004,lowband_largesig_r01,prps,1415,-35,-0.295343,4,0,4,0.01047198,0.60000,prps,3,1042
183682,183.682,1,4004,54004,lowband_largesig_r01,prps,1416,-34,-0.288063,9,0,9,0.02356194,1.35000,prps,3,1046
183702,183.702,1,4004,54004,lowband_largesig_r01,prps,1419,-31,-0.258900,12,0,12,0.03141592,1.80000,prps,3,1050
183722,183.722,1,4004,54004,lowband_largesig_r01,prps,1425,-25,-0.211027,12,0,12,0.03141592,1.80000,prps,3,1054
183742,183.742,1,4004,54004,lowband_largesig_r01,prps,1432,-18,-0.147729,13,0,13,0.03403392,1.95000,prps,3,1058
183762,183.762,1,4004,54004,lowband_largesig_r01,prps,1441,-9,-0.071939,12,0,12,0.03141592,1.80000,prps,3,1062
183782,183.782,1,4004,54004,lowband_largesig_r01,prps,1452,2,0.013895,11,0,11,0.02879793,1.65000,prps,3,1066
183802,183.802,1,4004,54004,lowband_largesig_r01,prps,1463,13,0.107606,8,0,8,0.02094395,1.20000,prps,3,1070
183822,183.822,1,4004,54004,lowband_largesig_r01,prps,1475,25,0.206869,3,0,3,0.00785398,0.45000,prps,3,1074
183842,183.842,1,4004,54004,lowband_largesig_r01,prps,1487,37,0.308658,-2,0,-2,-0.00523599,-0.30000,prps,3,1078
183862,183.862,1,4004,54004,lowband_largesig_r01,prps,1499,49,0.408793,-7,0,-7,-0.01832596,-1.05000,prps,3,1082
183882,183.882,1,4004,54004,lowband_largesig_r01,prps,1510,60,0.501736,-13,0,-13,-0.03403392,-1.95000,prps,3,1086
183902,183.902,1,4004,54004,lowband_largesig_r01,prps,1519,69,0.580746,-21,0,-21,-0.05497787,-3.15000,prps,3,1090
183922,183.922,1,4004,54004,lowband_largesig_r01,prps,1526,76,0.638458,-30,0,-30,-0.07853982,-4.50000,prps,3,1094
183942,183.942,1,4004,54004,lowband_largesig_r01,prps,1529,79,0.667806,-36,0,-36,-0.09424778,-5.40000,prps,3,1098
183962,183.962,1,4004,54004,lowband_largesig_r01,prps,1529,79,0.663155,-43,0,-43,-0.11257374,-6.45000,prps,3,1102
183982,183.982,1,4004,54004,lowband_largesig_r01,prps,1524,74,0.621443,-47,0,-47,-0.12304571,-7.05000,prps,3,1106
184002,184.002,1,4004,54004,lowband_largesig_r01,prps,1515,65,0.543087,-48,0,-48,-0.12566370,-7.20000,prps,3,1110
184022,184.022,1,4004,54004,lowband_largesig_r01,prps,1501,51,0.432445,-48,0,-48,-0.12566370,-7.20000,prps,3,1114
184042,184.042,1,4004,54004,lowband_largesig_r01,prps,1485,35,0.297680,-47,0,-47,-0.12304571,-7.05000,prps,3,1118
184062,184.062,1,4004,54004,lowband_largesig_r01,prps,1468,18,0.149979,-44,0,-44,-0.11519173,-6.60000,prps,3,1122
184082,184.082,1,4004,54004,lowband_largesig_r01,prps,1450,0,0.002198,-37,0,-37,-0.09686577,-5.55000,prps,3,1126
184102,184.102,1,4004,54004,lowband_largesig_r01,prps,1434,-16,-0.132892,-29,0,-29,-0.07592182,-4.35000,prps,3,1130
184122,184.122,1,4004,54004,lowband_largesig_r01,prps,1421,-29,-0.244477,-19,0,-19,-0.04974188,-2.85000,prps,3,1134
184142,184.142,1,4004,54004,lowband_largesig_r01,prps,1411,-39,-0.325388,-9,0,-9,-0.02356194,-1.35000,prps,3,1138
184162,184.162,1,4004,54004,lowband_largesig_r01,prps,1406,-44,-0.373283,1,0,1,0.00261799,0.15000,prps,3,1142
184182,184.182,1,4004,54004,lowband_largesig_r01,prps,1403,-47,-0.391090,10,0,10,0.02617994,1.50000,prps,3,1146
184202,184.202,1,4004,54004,lowband_largesig_r01,prps,1404,-46,-0.386598,16,0,16,0.04188790,2.40000,prps,3,1150
184222,184.222,1,4004,54004,lowband_largesig_r01,prps,1406,-44,-0.371194,18,0,18,0.04712389,2.70000,prps,3,1154
184242,184.242,1,4004,54004,lowband_largesig_r01,prps,1407,-43,-0.357920,19,0,19,0.04974188,2.85000,prps,3,1158
184262,184.262,1,4004,54004,lowband_largesig_r01,prps,1407,-43,-0.359156,19,0,19,0.04974188,2.85000,prps,3,1162
184282,184.282,1,4004,54004,lowband_largesig_r01,prps,1404,-46,-0.384284,19,0,19,0.04974188,2.85000,prps,3,1166
184302,184.302,1,4004,54004,lowband_largesig_r01,prps,1398,-52,-0.437746,19,0,19,0.04974188,2.85000,prps,3,1170
184322,184.322,1,4004,54004,lowband_largesig_r01,prps,1388,-62,-0.517840,20,0,20,0.05235988,3.00000,prps,3,1174
184342,184.342,1,4004,54004,lowband_largesig_r01,prps,1377,-73,-0.616505,20,0,20,0.05235988,3.00000,prps,3,1178
184362,184.362,1,4004,54004,lowband_largesig_r01,prps,1364,-86,-0.720173,22,0,22,0.05759586,3.30000,prps,3,1182
184382,184.382,1,4004,54004,lowband_largesig_r01,prps,1353,-97,-0.811607,26,0,26,0.06806784,3.90000,prps,3,1186
184402,184.402,1,4004,54004,lowband_largesig_r01,prps,1346,-104,-0.872472,32,0,32,0.08377580,4.80000,prps,3,1190
184422,184.422,1,4004,54004,lowband_largesig_r01,prps,1345,-105,-0.886238,38,0,38,0.09948376,5.70000,prps,3,1194
184442,184.442,1,4004,54004,lowband_largesig_r01,prps,1350,-100,-0.840978,44,0,44,0.11519173,6.60000,prps,3,1198
184462,184.462,1,4004,54004,lowband_largesig_r01,prps,1363,-87,-0.731582,48,0,48,0.12566370,7.20000,prps,3,1202
184482,184.482,1,4004,54004,lowband_largesig_r01,prps,1383,-67,-0.561030,49,0,49,0.12828170,7.35000,prps,3,1206
184502,184.502,1,4004,54004,lowband_largesig_r01,prps,1409,-41,-0.340478,48,0,48,0.12566370,7.20000,prps,3,1210
184538,184.538,1,4004,54004,lowband_largesig_r01,prps,1440,-10,-0.088104,36,0,36,0.09424778,5.40000,prps,3,1214
184554,184.554,1,4004,54004,lowband_largesig_r01,prps,1471,21,0.173120,26,0,26,0.06806784,3.90000,prps,3,1218
184574,184.574,1,4004,54004,lowband_largesig_r01,prps,1500,50,0.418442,12,0,12,0.03141592,1.80000,prps,3,1222
184594,184.594,1,4004,54004,lowband_largesig_r01,prps,1524,74,0.624643,-2,0,-2,-0.00523599,-0.30000,prps,3,1226
184614,184.614,1,4004,54004,lowband_largesig_r01,prps,1542,92,0.773175,-16,0,-16,-0.04188790,-2.40000,prps,3,1230
184634,184.634,1,4004,54004,lowband_largesig_r01,prps,1551,101,0.852628,-31,0,-31,-0.08115781,-4.65000,prps,3,1234
184654,184.654,1,4004,54004,lowband_largesig_r01,prps,1552,102,0.860157,-45,0,-45,-0.11780972,-6.75000,prps,3,1238
184674,184.674,1,4004,54004,lowband_largesig_r01,prps,1545,95,0.801654,-56,0,-56,-0.14660765,-8.40000,prps,3,1242
184694,184.694,1,4004,54004,lowband_largesig_r01,prps,1532,82,0.690651,-59,0,-59,-0.15446164,-8.85000,prps,3,1246
184714,184.714,1,4004,54004,lowband_largesig_r01,prps,1515,65,0.546143,-60,0,-60,-0.15707964,-9.00000,prps,3,1250
184734,184.734,1,4004,54004,lowband_largesig_r01,prps,1496,46,0.389672,-57,0,-57,-0.14922565,-8.55000,prps,3,1254
184754,184.754,1,4004,54004,lowband_largesig_r01,prps,1479,29,0.242160,-51,0,-51,-0.13351768,-7.65000,prps,3,1258
184774,184.774,1,4004,54004,lowband_largesig_r01,prps,1464,14,0.120959,-44,0,-44,-0.11519173,-6.60000,prps,3,1262
184794,184.794,1,4004,54004,lowband_largesig_r01,prps,1454,4,0.037593,-35,0,-35,-0.09162979,-5.25000,prps,3,1266
184814,184.814,1,4004,54004,lowband_largesig_r01,prps,1450,0,-0.003484,-25,0,-25,-0.06544985,-3.75000,prps,3,1270
184834,184.834,1,4004,54004,lowband_largesig_r01,prps,1449,-1,-0.004956,-16,0,-16,-0.04188790,-2.40000,prps,3,1274
184854,184.854,1,4004,54004,lowband_largesig_r01,prps,1453,3,0.024422,-9,0,-9,-0.02356194,-1.35000,prps,3,1278
184874,184.874,1,4004,54004,lowband_largesig_r01,prps,1459,9,0.071820,-6,0,-6,-0.01570796,-0.90000,prps,3,1282
184894,184.894,1,4004,54004,lowband_largesig_r01,prps,1465,15,0.122884,-6,0,-6,-0.01570796,-0.90000,prps,3,1286
184914,184.914,1,4004,54004,lowband_largesig_r01,prps,1470,20,0.164394,-6,0,-6,-0.01570796,-0.90000,prps,3,1290
184934,184.934,1,4004,54004,lowband_largesig_r01,prps,1472,22,0.186589,-6,0,-6,-0.01570796,-0.90000,prps,3,1294
184954,184.954,1,4004,54004,lowband_largesig_r01,prps,1472,22,0.184773,-8,0,-8,-0.02094395,-1.20000,prps,3,1298
184974,184.974,1,4004,54004,lowband_largesig_r01,prps,1469,19,0.159953,-10,0,-10,-0.02617994,-1.50000,prps,3,1302
184994,184.994,1,4004,54004,lowband_largesig_r01,prps,1464,14,0.118439,-12,0,-12,-0.03141592,-1.80000,prps,3,1306
185014,185.014,1,4004,54004,lowband_largesig_r01,prps,1458,8,0.070498,-14,0,-14,-0.03665191,-2.10000,prps,3,1310
185034,185.034,1,4004,54004,lowband_largesig_r01,prps,1453,3,0.028342,-13,0,-13,-0.03403392,-1.95000,prps,3,1314
185054,185.054,1,4004,54004,lowband_largesig_r01,prps,1450,0,0.003789,-12,0,-12,-0.03141592,-1.80000,prps,3,1318
185074,185.074,1,4004,54004,lowband_largesig_r01,prps,1451,1,0.006048,-11,0,-11,-0.02879793,-1.65000,prps,3,1322
185094,185.094,1,4004,54004,lowband_largesig_r01,prps,1455,5,0.039978,-9,0,-9,-0.02356194,-1.35000,prps,3,1326
185114,185.114,1,4004,54004,lowband_largesig_r01,prps,1463,13,0.105138,-8,0,-8,-0.02094395,-1.20000,prps,3,1330
185134,185.134,1,4004,54004,lowband_largesig_r01,prps,1473,23,0.195761,-8,0,-8,-0.02094395,-1.20000,prps,3,1334
185154,185.154,1,4004,54004,lowband_largesig_r01,prps,1486,36,0.301652,-8,0,-8,-0.02094395,-1.20000,prps,3,1338
185174,185.174,1,4004,54004,lowband_largesig_r01,prps,1499,49,0.409830,-9,0,-9,-0.02356194,-1.35000,prps,3,1342
185194,185.194,1,4004,54004,lowband_largesig_r01,prps,1510,60,0.506624,-14,0,-14,-0.03665191,-2.10000,prps,3,1346
185214,185.214,1,4004,54004,lowband_largesig_r01,prps,1519,69,0.579856,-22,0,-22,-0.05759586,-3.30000,prps,3,1350
185234,185.234,1,4004,54004,lowband_largesig_r01,prps,1524,74,0.620740,-29,0,-29,-0.07592182,-4.35000,prps,3,1354
185254,185.254,1,4004,54004,lowband_largesig_r01,prps,1524,74,0.625192,-36,0,-36,-0.09424778,-5.40000,prps,3,1358
185274,185.274,1,4004,54004,lowband_largesig_r01,prps,1521,71,0.594334,-43,0,-43,-0.11257374,-6.45000,prps,3,1362
185294,185.294,1,4004,54004,lowband_largesig_r01,prps,1514,64,0.534153,-46,0,-46,-0.12042772,-6.90000,prps,3,1366
185314,185.314,1,4004,54004,lowband_largesig_r01,prps,1504,54,0.454374,-46,0,-46,-0.12042772,-6.90000,prps,3,1370
185334,185.334,1,4004,54004,lowband_largesig_r01,prps,1494,44,0.366799,-45,0,-45,-0.11780972,-6.75000,prps,3,1374
185354,185.354,1,4004,54004,lowband_largesig_r01,prps,1484,34,0.283376,-43,0,-43,-0.11257374,-6.45000,prps,3,1378
185374,185.374,1,4004,54004,lowband_largesig_r01,prps,1476,26,0.214363,-38,0,-38,-0.09948376,-5.70000,prps,3,1382
185394,185.394,1,4004,54004,lowband_largesig_r01,prps,1470,20,0.166862,-33,0,-33,-0.08639380,-4.95000,prps,3,1386
185414,185.414,1,4004,54004,lowband_largesig_r01,prps,1467,17,0.143979,-28,0,-28,-0.07330382,-4.20000,prps,3,1390
185434,185.434,1,4004,54004,lowband_largesig_r01,prps,1467,17,0.144688,-23,0,-23,-0.06021386,-3.45000,prps,3,1394
185454,185.454,1,4004,54004,lowband_largesig_r01,prps,1470,20,0.164391,-20,0,-20,-0.05235988,-3.00000,prps,3,1398
185474,185.474,1,4004,54004,lowband_largesig_r01,prps,1473,23,0.196037,-19,0,-19,-0.04974188,-2.85000,prps,3,1402
185494,185.494,1,4004,54004,lowband_largesig_r01,prps,1478,28,0.231546,-19,0,-19,-0.04974188,-2.85000,prps,3,1406
185514,185.514,1,4004,54004,lowband_largesig_r01,prps,1481,31,0.263281,-19,0,-19,-0.04974188,-2.85000,prps,3,1410
185534,185.534,1,4004,54004,lowband_largesig_r01,prps,1484,34,0.285286,-19,0,-19,-0.04974188,-2.85000,prps,3,1414
185554,185.554,1,4004,54004,lowband_largesig_r01,prps,1485,35,0.294087,-19,0,-19,-0.04974188,-2.85000,prps,3,1418
185574,185.574,1,4004,54004,lowband_largesig_r01,prps,1484,34,0.288934,-19,0,-19,-0.04974188,-2.85000,prps,3,1422
185594,185.594,1,4004,54004,lowband_largesig_r01,prps,1482,32,0.271478,-21,0,-21,-0.05497787,-3.15000,prps,3,1426
185614,185.614,1,4004,54004,lowband_largesig_r01,prps,1479,29,0.245004,-23,0,-23,-0.06021386,-3.45000,prps,3,1430
185634,185.634,1,4004,54004,lowband_largesig_r01,prps,1475,25,0.213379,-23,0,-23,-0.06021386,-3.45000,prps,3,1434
185654,185.654,1,4004,54004,lowband_largesig_r01,prps,1471,21,0.179978,-23,0,-23,-0.06021386,-3.45000,prps,3,1438
185674,185.674,1,4004,54004,lowband_largesig_r01,prps,1467,17,0.146805,-23,0,-23,-0.06021386,-3.45000,prps,3,1442
185694,185.694,1,4004,54004,lowband_largesig_r01,prps,1464,14,0.113997,-22,0,-22,-0.05759586,-3.30000,prps,3,1446
185714,185.714,1,4004,54004,lowband_largesig_r01,prps,1459,9,0.079811,-21,0,-21,-0.05497787,-3.15000,prps,3,1450
185734,185.734,1,4004,54004,lowband_largesig_r01,prps,1455,5,0.041104,-20,0,-20,-0.05235988,-3.00000,prps,3,1454
185754,185.754,1,4004,54004,lowband_largesig_r01,prps,1449,-1,-0.005816,-17,0,-17,-0.04450589,-2.55000,prps,3,1458
185774,185.774,1,4004,54004,lowband_largesig_r01,prps,1442,-8,-0.064123,-14,0,-14,-0.03665191,-2.10000,prps,3,1462
185794,185.794,1,4004,54004,lowband_largesig_r01,prps,1434,-16,-0.135441,-11,0,-11,-0.02879793,-1.65000,prps,3,1466
185814,185.814,1,4004,54004,lowband_largesig_r01,prps,1424,-26,-0.219056,-7,0,-7,-0.01832596,-1.05000,prps,3,1470
185834,185.834,1,4004,54004,lowband_largesig_r01,prps,1413,-37,-0.311557,-2,0,-2,-0.00523599,-0.30000,prps,3,1474
185854,185.854,1,4004,54004,lowband_largesig_r01,prps,1402,-48,-0.407008,3,0,3,0.00785398,0.45000,prps,3,1478
185874,185.874,1,4004,54004,lowband_largesig_r01,prps,1391,-59,-0.497641,8,0,8,0.02094395,1.20000,prps,3,1482
185894,185.894,1,4004,54004,lowband_largesig_r01,prps,1382,-68,-0.574973,14,0,14,0.03665191,2.10000,prps,3,1486
185914,185.914,1,4004,54004,lowband_largesig_r01,prps,1375,-75,-0.631149,19,0,19,0.04974188,2.85000,prps,3,1490
185934,185.934,1,4004,54004,lowband_largesig_r01,prps,1371,-79,-0.660274,23,0,23,0.06021386,3.45000,prps,3,1494
185954,185.954,1,4004,54004,lowband_largesig_r01,prps,1372,-78,-0.659488,28,0,28,0.07330382,4.20000,prps,3,1498
185974,185.974,1,4004,54004,lowband_largesig_r01,prps,1375,-75,-0.629578,32,0,32,0.08377580,4.80000,prps,3,1502
185994,185.994,1,4004,54004,lowband_largesig_r01,prps,1382,-68,-0.575011,34,0,34,0.08901179,5.10000,prps,3,1506
186014,186.014,1,4004,54004,lowband_largesig_r01,prps,1390,-60,-0.503350,34,0,34,0.08901179,5.10000,prps,3,1510
186034,186.034,1,4004,54004,lowband_largesig_r01,prps,1400,-50,-0.424161,33,0,33,0.08639380,4.95000,prps,3,1514
186054,186.054,1,4004,54004,lowband_largesig_r01,prps,1409,-41,-0.347574,32,0,32,0.08377580,4.80000,prps,3,1518
186074,186.074,1,4004,54004,lowband_largesig_r01,prps,1416,-34,-0.282760,30,0,30,0.07853982,4.50000,prps,3,1522
186094,186.094,1,4004,54004,lowband_largesig_r01,prps,1422,-28,-0.236569,25,0,25,0.06544985,3.75000,prps,3,1526
186114,186.114,1,4004,54004,lowband_largesig_r01,prps,1425,-25,-0.212570,20,0,20,0.05235988,3.00000,prps,3,1530
186134,186.134,1,4004,54004,lowband_largesig_r01,prps,1425,-25,-0.210646,16,0,16,0.04188790,2.40000,prps,3,1534
186154,186.154,1,4004,54004,lowband_largesig_r01,prps,1423,-27,-0.227217,12,0,12,0.03141592,1.80000,prps,3,1538
186174,186.174,1,4004,54004,lowband_largesig_r01,prps,1420,-30,-0.256007,11,0,11,0.02879793,1.65000,prps,3,1542
186194,186.194,1,4004,54004,lowband_largesig_r01,prps,1416,-34,-0.289245,11,0,11,0.02879793,1.65000,prps,3,1546
186214,186.214,1,4004,54004,lowband_largesig_r01,prps,1412,-38,-0.319038,12,0,12,0.03141592,1.80000,prps,3,1550
186234,186.234,1,4004,54004,lowband_largesig_r01,prps,1410,-40,-0.338688,12,0,12,0.03141592,1.80000,prps,3,1554
186254,186.254,1,4004,54004,lowband_largesig_r01,prps,1409,-41,-0.343703,13,0,13,0.03403392,1.95000,prps,3,1558
186274,186.274,1,4004,54004,lowband_largesig_r01,prps,1410,-40,-0.332343,13,0,13,0.03403392,1.95000,prps,3,1562
186294,186.294,1,4004,54004,lowband_largesig_r01,prps,1414,-36,-0.305609,13,0,13,0.03403392,1.95000,prps,3,1566
186314,186.314,1,4004,54004,lowband_largesig_r01,prps,1418,-32,-0.266713,14,0,14,0.03665191,2.10000,prps,3,1570
186334,186.334,1,4004,54004,lowband_largesig_r01,prps,1424,-26,-0.220161,14,0,14,0.03665191,2.10000,prps,3,1574
186354,186.354,1,4004,54004,lowband_largesig_r01,prps,1430,-20,-0.170649,14,0,14,0.03665191,2.10000,prps,3,1578
186374,186.374,1,4004,54004,lowband_largesig_r01,prps,1435,-15,-0.122018,14,0,14,0.03665191,2.10000,prps,3,1582
186394,186.394,1,4004,54004,lowband_largesig_r01,prps,1441,-9,-0.076493,13,0,13,0.03403392,1.95000,prps,3,1586
186414,186.414,1,4004,54004,lowband_largesig_r01,prps,1446,-4,-0.034364,11,0,11,0.02879793,1.65000,prps,3,1590
186434,186.434,1,4004,54004,lowband_largesig_r01,prps,1451,1,0.005794,8,0,8,0.02094395,1.20000,prps,3,1594
186454,186.454,1,4004,54004,lowband_largesig_r01,prps,1456,6,0.046439,5,0,5,0.01308997,0.75000,prps,3,1598
186474,186.474,1,4004,54004,lowband_largesig_r01,prps,1461,11,0.090023,2,0,2,0.00523599,0.30000,prps,3,1602
186494,186.494,1,4004,54004,lowband_largesig_r01,prps,1466,16,0.137850,0,0,0,0.00000000,0.00000,prps,3,1606
186514,186.514,1,4004,54004,lowband_largesig_r01,prps,1473,23,0.189077,-2,0,-2,-0.00523599,-0.30000,prps,3,1610
186534,186.534,1,4004,54004,lowband_largesig_r01,prps,1479,29,0.240117,-5,0,-5,-0.01308997,-0.75000,prps,3,1614
186554,186.554,1,4004,54004,lowband_largesig_r01,prps,1484,34,0.284611,-8,0,-8,-0.02094395,-1.20000,prps,3,1618
186574,186.574,1,4004,54004,lowband_largesig_r01,prps,1487,37,0.314071,-11,0,-11,-0.02879793,-1.65000,prps,3,1622
186594,186.594,1,4004,54004,lowband_largesig_r01,prps,1488,38,0.319111,-16,0,-16,-0.04188790,-2.40000,prps,3,1626
186614,186.614,1,4004,54004,lowband_largesig_r01,prps,1485,35,0.291119,-20,0,-20,-0.05235988,-3.00000,prps,3,1630
186634,186.634,1,4004,54004,lowband_largesig_r01,prps,1477,27,0.224071,-22,0,-22,-0.05759586,-3.30000,prps,3,1634
186654,186.654,1,4004,54004,lowband_largesig_r01,prps,1464,14,0.116167,-23,0,-23,-0.06021386,-3.45000,prps,3,1638
186674,186.674,1,4004,54004,lowband_largesig_r01,prps,1447,-3,-0.029052,-22,0,-22,-0.05759586,-3.30000,prps,3,1642
186694,186.694,1,4004,54004,lowband_largesig_r01,prps,1426,-24,-0.202349,-20,0,-20,-0.05235988,-3.00000,prps,3,1646
186714,186.714,1,4004,54004,lowband_largesig_r01,prps,1404,-46,-0.389367,-12,0,-12,-0.03141592,-1.80000,prps,3,1650
186734,186.734,1,4004,54004,lowband_largesig_r01,prps,1382,-68,-0.572107,-3,0,-3,-0.00785398,-0.45000,prps,3,1654
186754,186.754,1,4004,54004,lowband_largesig_r01,prps,1363,-87,-0.731157,9,0,9,0.02356194,1.35000,prps,3,1658
186774,186.774,1,4004,54004,lowband_largesig_r01,prps,1349,-101,-0.848357,20,0,20,0.05235988,3.00000,prps,3,1662
186794,186.794,1,4004,54004,lowband_largesig_r01,prps,1342,-108,-0.909493,30,0,30,0.07853982,4.50000,prps,3,1666
186814,186.814,1,4004,54004,lowband_largesig_r01,prps,1342,-108,-0.906606,40,0,40,0.10471976,6.00000,prps,3,1670
186834,186.834,1,4004,54004,lowband_largesig_r01,prps,1350,-100,-0.839493,48,0,48,0.12566370,7.20000,prps,3,1674
186854,186.854,1,4004,54004,lowband_largesig_r01,prps,1365,-85,-0.716141,54,0,54,0.14137166,8.10000,prps,3,1678
186874,186.874,1,4004,54004,lowband_largesig_r01,prps,1384,-66,-0.551967,56,0,56,0.14660765,8.40000,prps,3,1682
186894,186.894,1,4004,54004,lowband_largesig_r01,prps,1406,-44,-0.367911,53,0,53,0.13875367,7.95000,prps,3,1686
186914,186.914,1,4004,54004,lowband_largesig_r01,prps,1428,-22,-0.187660,45,0,45,0.11780972,6.75000,prps,3,1690
186934,186.934,1,4004,54004,lowband_largesig_r01,prps,1446,-4,-0.034382,34,0,34,0.08901179,5.10000,prps,3,1694
186954,186.954,1,4004,54004,lowband_largesig_r01,prps,1459,9,0.072542,20,0,20,0.05235988,3.00000,prps,3,1698
186974,186.974,1,4004,54004,lowband_largesig_r01,prps,1464,14,0.120278,8,0,8,0.02094395,1.20000,prps,3,1702
186994,186.994,1,4004,54004,lowband_largesig_r01,prps,1462,12,0.104376,-2,0,-2,-0.00523599,-0.30000,prps,3,1706
187014,187.014,1,4004,54004,lowband_largesig_r01,prps,1453,3,0.029376,-7,0,-7,-0.01832596,-1.05000,prps,3,1710
187034,187.034,1,4004,54004,lowband_largesig_r01,prps,1439,-11,-0.091908,-8,0,-8,-0.02094395,-1.20000,prps,3,1714
187054,187.054,1,4004,54004,lowband_largesig_r01,prps,1421,-29,-0.240319,-6,0,-6,-0.01570796,-0.90000,prps,3,1718
187074,187.074,1,4004,54004,lowband_largesig_r01,prps,1403,-47,-0.393228,-2,0,-2,-0.00523599,-0.30000,prps,3,1722
187094,187.094,1,4004,54004,lowband_largesig_r01,prps,1387,-63,-0.527884,5,0,5,0.01308997,0.75000,prps,3,1726
187114,187.114,1,4004,54004,lowband_largesig_r01,prps,1376,-74,-0.624735,12,0,12,0.03141592,1.80000,prps,3,1730
187134,187.134,1,4004,54004,lowband_largesig_r01,prps,1370,-80,-0.670209,19,0,19,0.04974188,2.85000,prps,3,1734
187154,187.154,1,4004,54004,lowband_largesig_r01,prps,1372,-78,-0.658538,25,0,25,0.06544985,3.75000,prps,3,1738
187174,187.174,1,4004,54004,lowband_largesig_r01,prps,1380,-70,-0.592349,31,0,31,0.08115781,4.65000,prps,3,1742
187194,187.194,1,4004,54004,lowband_largesig_r01,prps,1393,-57,-0.481970,33,0,33,0.08639380,4.95000,prps,3,1746
187214,187.214,1,4004,54004,lowband_largesig_r01,prps,1409,-41,-0.343561,34,0,34,0.08901179,5.10000,prps,3,1750
187234,187.234,1,4004,54004,lowband_largesig_r01,prps,1427,-23,-0.196414,32,0,32,0.08377580,4.80000,prps,3,1754
187254,187.254,1,4004,54004,lowband_largesig_r01,prps,1443,-7,-0.059849,25,0,25,0.06544985,3.75000,prps,3,1758
187274,187.274,1,4004,54004,lowband_largesig_r01,prps,1456,6,0.049786,17,0,17,0.04450589,2.55000,prps,3,1762
187294,187.294,1,4004,54004,lowband_largesig_r01,prps,1464,14,0.121547,9,0,9,0.02356194,1.35000,prps,3,1766
187314,187.314,1,4004,54004,lowband_largesig_r01,prps,1468,18,0.151387,1,0,1,0.00261799,0.15000,prps,3,1770
187334,187.334,1,4004,54004,lowband_largesig_r01,prps,1467,17,0.142501,-5,0,-5,-0.01308997,-0.75000,prps,3,1774
187354,187.354,1,4004,54004,lowband_largesig_r01,prps,1462,12,0.104507,-8,0,-8,-0.02094395,-1.20000,prps,3,1778
187374,187.374,1,4004,54004,lowband_largesig_r01,prps,1456,6,0.051642,-9,0,-9,-0.02356194,-1.35000,prps,3,1782
187394,187.394,1,4004,54004,lowband_largesig_r01,prps,1450,0,0.000282,-9,0,-9,-0.02356194,-1.35000,prps,3,1786
187414,187.414,1,4004,54004,lowband_largesig_r01,prps,1446,-4,-0.033773,-8,0,-8,-0.02094395,-1.20000,prps,3,1790
187434,187.434,1,4004,54004,lowband_largesig_r01,prps,1446,-4,-0.037814,-8,0,-8,-0.02094395,-1.20000,prps,3,1794
187454,187.454,1,4004,54004,lowband_largesig_r01,prps,1450,0,-0.004134,-6,0,-6,-0.01570796,-0.90000,prps,3,1798
187474,187.474,1,4004,54004,lowband_largesig_r01,prps,1458,8,0.068943,-5,0,-5,-0.01308997,-0.75000,prps,3,1802
187494,187.494,1,4004,54004,lowband_largesig_r01,prps,1471,21,0.177055,-5,0,-5,-0.01308997,-0.75000,prps,3,1806
187514,187.514,1,4004,54004,lowband_largesig_r01,prps,1487,37,0.310747,-6,0,-6,-0.01570796,-0.90000,prps,3,1810
187534,187.534,1,4004,54004,lowband_largesig_r01,prps,1504,54,0.457196,-8,0,-8,-0.02094395,-1.20000,prps,3,1814
187554,187.554,1,4004,54004,lowband_largesig_r01,prps,1522,72,0.602364,-14,0,-14,-0.03665191,-2.10000,prps,3,1818
187574,187.574,1,4004,54004,lowband_largesig_r01,prps,1537,87,0.733231,-24,0,-24,-0.06283185,-3.60000,prps,3,1822
187594,187.594,1,4004,54004,lowband_largesig_r01,prps,1550,100,0.839701,-33,0,-33,-0.08639380,-4.95000,prps,3,1826
187614,187.614,1,4004,54004,lowband_largesig_r01,prps,1559,109,0.915920,-44,0,-44,-0.11519173,-6.60000,prps,3,1830
187634,187.634,1,4004,54004,lowband_largesig_r01,prps,1564,114,0.960787,-53,0,-53,-0.13875367,-7.95000,prps,3,1834
187654,187.654,1,4004,54004,lowband_largesig_r01,prps,1566,116,0.977648,-61,0,-61,-0.15969762,-9.15000,prps,3,1838
187674,187.674,1,4004,54004,lowband_largesig_r01,prps,1566,116,0.973266,-67,0,-67,-0.17540560,-10.05000,prps,3,1842
187694,187.694,1,4004,54004,lowband_largesig_r01,prps,1564,114,0.956302,-70,0,-70,-0.18325958,-10.50000,prps,3,1846
187714,187.714,1,4004,54004,lowband_largesig_r01,prps,1561,111,0.935595,-70,0,-70,-0.18325958,-10.50000,prps,3,1850
187734,187.734,1,4004,54004,lowband_largesig_r01,prps,1559,109,0.918571,-70,0,-70,-0.18325958,-10.50000,prps,3,1854
187754,187.754,1,4004,54004,lowband_largesig_r01,prps,1558,108,0.910049,-70,0,-70,-0.18325958,-10.50000,prps,3,1858
187774,187.774,1,4004,54004,lowband_largesig_r01,prps,1558,108,0.911626,-69,0,-69,-0.18064158,-10.35000,prps,3,1862
187794,187.794,1,4004,54004,lowband_largesig_r01,prps,1560,110,0.921730,-69,0,-69,-0.18064158,-10.35000,prps,3,1866
187814,187.814,1,4004,54004,lowband_largesig_r01,prps,1561,111,0.936262,-69,0,-69,-0.18064158,-10.35000,prps,3,1870
187834,187.834,1,4004,54004,lowband_largesig_r01,prps,1563,113,0.949690,-69,0,-69,-0.18064158,-10.35000,prps,3,1874
187854,187.854,1,4004,54004,lowband_largesig_r01,prps,1564,114,0.956332,-69,0,-69,-0.18064158,-10.35000,prps,3,1878
187874,187.874,1,4004,54004,lowband_largesig_r01,prps,1563,113,0.951580,-69,0,-69,-0.18064158,-10.35000,prps,3,1882
187894,187.894,1,4004,54004,lowband_largesig_r01,prps,1561,111,0.932832,-69,0,-69,-0.18064158,-10.35000,prps,3,1886
187914,187.914,1,4004,54004,lowband_largesig_r01,prps,1557,107,0.899934,-69,0,-69,-0.18064158,-10.35000,prps,3,1890
187934,187.934,1,4004,54004,lowband_largesig_r01,prps,1552,102,0.855101,-69,0,-69,-0.18064158,-10.35000,prps,3,1894
187954,187.954,1,4004,54004,lowband_largesig_r01,prps,1545,95,0.802316,-68,0,-68,-0.17802358,-10.20000,prps,3,1898
187974,187.974,1,4004,54004,lowband_largesig_r01,prps,1539,89,0.746380,-67,0,-67,-0.17540560,-10.05000,prps,3,1902
187994,187.994,1,4004,54004,lowband_largesig_r01,prps,1532,82,0.691788,-65,0,-65,-0.17016960,-9.75000,prps,3,1906
188014,188.014,1,4004,54004,lowband_largesig_r01,prps,1526,76,0.641700,-63,0,-63,-0.16493360,-9.45000,prps,3,1910
188034,188.034,1,4004,54004,lowband_largesig_r01,prps,1521,71,0.597185,-59,0,-59,-0.15446164,-8.85000,prps,3,1914
188054,188.054,1,4004,54004,lowband_largesig_r01,prps,1516,66,0.556929,-56,0,-56,-0.14660765,-8.40000,prps,3,1918
188074,188.074,1,4004,54004,lowband_largesig_r01,prps,1512,62,0.517448,-53,0,-53,-0.13875367,-7.95000,prps,3,1922
188094,188.094,1,4004,54004,lowband_largesig_r01,prps,1506,56,0.473773,-50,0,-50,-0.13089970,-7.50000,prps,3,1926
188114,188.114,1,4004,54004,lowband_largesig_r01,prps,1500,50,0.420479,-47,0,-47,-0.12304571,-7.05000,prps,3,1930
188134,188.134,1,4004,54004,lowband_largesig_r01,prps,1492,42,0.352858,-45,0,-45,-0.11780972,-6.75000,prps,3,1934
188154,188.154,1,4004,54004,lowband_largesig_r01,prps,1482,32,0.267993,-42,0,-42,-0.10995574,-6.30000,prps,3,1938
188174,188.174,1,4004,54004,lowband_largesig_r01,prps,1470,20,0.165537,-38,0,-38,-0.09948376,-5.70000,prps,3,1942
188194,188.194,1,4004,54004,lowband_largesig_r01,prps,1456,6,0.048032,-33,0,-33,-0.08639380,-4.95000,prps,3,1946
188214,188.214,1,4004,54004,lowband_largesig_r01,prps,1441,-9,-0.079310,-26,0,-26,-0.06806784,-3.90000,prps,3,1950
188234,188.234,1,4004,54004,lowband_largesig_r01,prps,1425,-25,-0.209315,-19,0,-19,-0.04974188,-2.85000,prps,3,1954
188254,188.254,1,4004,54004,lowband_largesig_r01,prps,1410,-40,-0.333921,-10,0,-10,-0.02617994,-1.50000,prps,3,1958
188274,188.274,1,4004,54004,lowband_largesig_r01,prps,1397,-53,-0.445436,-1,0,-1,-0.00261799,-0.15000,prps,3,1962
188294,188.294,1,4004,54004,lowband_largesig_r01,prps,1386,-64,-0.537714,8,0,8,0.02094395,1.20000,prps,3,1966
188314,188.314,1,4004,54004,lowband_largesig_r01,prps,1378,-72,-0.607067,16,0,16,0.04188790,2.40000,prps,3,1970
188334,188.334,1,4004,54004,lowband_largesig_r01,prps,1372,-78,-0.652706,22,0,22,0.05759586,3.30000,prps,3,1974
188354,188.354,1,4004,54004,lowband_largesig_r01,prps,1369,-81,-0.676670,27,0,27,0.07068583,4.05000,prps,3,1978
188374,188.374,1,4004,54004,lowband_largesig_r01,prps,1369,-81,-0.683224,32,0,32,0.08377580,4.80000,prps,3,1982
188394,188.394,1,4004,54004,lowband_largesig_r01,prps,1369,-81,-0.677879,34,0,34,0.08901179,5.10000,prps,3,1986
188414,188.414,1,4004,54004,lowband_largesig_r01,prps,1371,-79,-0.666210,35,0,35,0.09162979,5.25000,prps,3,1990
188434,188.434,1,4004,54004,lowband_largesig_r01,prps,1372,-78,-0.652712,37,0,37,0.09686577,5.55000,prps,3,1994
188454,188.454,1,4004,54004,lowband_largesig_r01,prps,1374,-76,-0.639929,37,0,37,0.09686577,5.55000,prps,3,1998
188474,188.474,1,4004,54004,lowband_largesig_r01,prps,1375,-75,-0.628025,37,0,37,0.09686577,5.55000,prps,3,2002
188494,188.494,1,4004,54004,lowband_largesig_r01,prps,1377,-73,-0.614897,37,0,37,0.09686577,5.55000,prps,3,2006
188514,188.514,1,4004,54004,lowband_largesig_r01,prps,1379,-71,-0.596809,37,0,37,0.09686577,5.55000,prps,3,2010
188534,188.534,1,4004,54004,lowband_largesig_r01,prps,1382,-68,-0.569433,37,0,37,0.09686577,5.55000,prps,3,2014
188554,188.554,1,4004,54004,lowband_largesig_r01,prps,1387,-63,-0.529094,37,0,37,0.09686577,5.55000,prps,3,2018
188574,188.574,1,4004,54004,lowband_largesig_r01,prps,1394,-56,-0.473967,37,0,37,0.09686577,5.55000,prps,3,2022
188594,188.594,1,4004,54004,lowband_largesig_r01,prps,1402,-48,-0.404974,37,0,37,0.09686577,5.55000,prps,3,2026
188614,188.614,1,4004,54004,lowband_largesig_r01,prps,1411,-39,-0.326185,35,0,35,0.09162979,5.25000,prps,3,2030
188634,188.634,1,4004,54004,lowband_largesig_r01,prps,1421,-29,-0.244600,31,0,31,0.08115781,4.65000,prps,3,2034
188654,188.654,1,4004,54004,lowband_largesig_r01,prps,1430,-20,-0.169326,24,0,24,0.06283185,3.60000,prps,3,2038
188674,188.674,1,4004,54004,lowband_largesig_r01,prps,1437,-13,-0.110250,17,0,17,0.04450589,2.55000,prps,3,2042
188694,188.694,1,4004,54004,lowband_largesig_r01,prps,1441,-9,-0.076440,11,0,11,0.02879793,1.65000,prps,3,2046
188714,188.714,1,4004,54004,lowband_largesig_r01,prps,1441,-9,-0.074534,7,0,7,0.01832596,1.05000,prps,3,2050
188734,188.734,1,4004,54004,lowband_largesig_r01,prps,1437,-13,-0.107433,4,0,4,0.01047198,0.60000,prps,3,2054
188754,188.754,1,4004,54004,lowband_largesig_r01,prps,1429,-21,-0.173517,3,0,3,0.00785398,0.45000,prps,3,2058
188774,188.774,1,4004,54004,lowband_largesig_r01,prps,1418,-32,-0.266575,3,0,3,0.00785398,0.45000,prps,3,2062
188794,188.794,1,4004,54004,lowband_largesig_r01,prps,1405,-45,-0.376480,5,0,5,0.01308997,0.75000,prps,3,2066
188814,188.814,1,4004,54004,lowband_largesig_r01,prps,1392,-58,-0.490513,7,0,7,0.01832596,1.05000,prps,3,2070
188834,188.834,1,4004,54004,lowband_largesig_r01,prps,1379,-71,-0.595143,12,0,12,0.03141592,1.80000,prps,3,2074
188854,188.854,1,4004,54004,lowband_largesig_r01,prps,1369,-81,-0.677973,18,0,18,0.04712389,2.70000,prps,3,2078
188874,188.874,1,4004,54004,lowband_largesig_r01,prps,1363,-87,-0.729508,23,0,23,0.06021386,3.45000,prps,3,2082
188894,188.894,1,4004,54004,lowband_largesig_r01,prps,1361,-89,-0.744468,29,0,29,0.07592182,4.35000,prps,3,2086
188914,188.914,1,4004,54004,lowband_largesig_r01,prps,1364,-86,-0.722406,35,0,35,0.09162979,5.25000,prps,3,2090
188934,188.934,1,4004,54004,lowband_largesig_r01,prps,1371,-79,-0.667539,39,0,39,0.10210176,5.85000,prps,3,2094
188954,188.954,1,4004,54004,lowband_largesig_r01,prps,1380,-70,-0.587806,41,0,41,0.10733775,6.15000,prps,3,2098
188974,188.974,1,4004,54004,lowband_largesig_r01,prps,1391,-59,-0.493355,41,0,41,0.10733775,6.15000,prps,3,2102
188994,188.994,1,4004,54004,lowband_largesig_r01,prps,1403,-47,-0.394705,39,0,39,0.10210176,5.85000,prps,3,2106
189014,189.014,1,4004,54004,lowband_largesig_r01,prps,1414,-36,-0.300933,36,0,36,0.09424778,5.40000,prps,3,2110
189034,189.034,1,4004,54004,lowband_largesig_r01,prps,1424,-26,-0.218213,29,0,29,0.07592182,4.35000,prps,3,2114
189054,189.054,1,4004,54004,lowband_largesig_r01,prps,1432,-18,-0.148974,22,0,22,0.05759586,3.30000,prps,3,2118
189074,189.074,1,4004,54004,lowband_largesig_r01,prps,1439,-11,-0.091834,16,0,16,0.04188790,2.40000,prps,3,2122
189094,189.094,1,4004,54004,lowband_largesig_r01,prps,1445,-5,-0.042322,10,0,10,0.02617994,1.50000,prps,3,2126
189114,189.114,1,4004,54004,lowband_largesig_r01,prps,1451,1,0.005747,5,0,5,0.01308997,0.75000,prps,3,2130
189134,189.134,1,4004,54004,lowband_largesig_r01,prps,1457,7,0.058512,3,0,3,0.00785398,0.45000,prps,3,2134
189154,189.154,1,4004,54004,lowband_largesig_r01,prps,1464,14,0.120251,1,0,1,0.00261799,0.15000,prps,3,2138
189174,189.174,1,4004,54004,lowband_largesig_r01,prps,1473,23,0.191893,-1,0,-1,-0.00261799,-0.15000,prps,3,2142
189194,189.194,1,4004,54004,lowband_largesig_r01,prps,1482,32,0.270150,-4,0,-4,-0.01047198,-0.60000,prps,3,2146
189214,189.214,1,4004,54004,lowband_largesig_r01,prps,1491,41,0.347496,-8,0,-8,-0.02094395,-1.20000,prps,3,2150
189234,189.234,1,4004,54004,lowband_largesig_r01,prps,1499,49,0.413039,-13,0,-13,-0.03403392,-1.95000,prps,3,2154
189254,189.254,1,4004,54004,lowband_largesig_r01,prps,1504,54,0.454195,-19,0,-19,-0.04974188,-2.85000,prps,3,2158
189274,189.274,1,4004,54004,lowband_largesig_r01,prps,1505,55,0.458890,-25,0,-25,-0.06544985,-3.75000,prps,3,2162
189294,189.294,1,4004,54004,lowband_largesig_r01,prps,1500,50,0.417936,-29,0,-29,-0.07592182,-4.35000,prps,3,2166
189314,189.314,1,4004,54004,lowband_largesig_r01,prps,1489,39,0.327152,-32,0,-32,-0.08377580,-4.80000,prps,3,2170
189334,189.334,1,4004,54004,lowband_largesig_r01,prps,1472,22,0.188833,-33,0,-33,-0.08639380,-4.95000,prps,3,2174
189354,189.354,1,4004,54004,lowband_largesig_r01,prps,1451,1,0.012270,-32,0,-32,-0.08377580,-4.80000,prps,3,2178
189374,189.374,1,4004,54004,lowband_largesig_r01,prps,1428,-22,-0.186849,-27,0,-27,-0.07068583,-4.05000,prps,3,2182
189394,189.394,1,4004,54004,lowband_largesig_r01,prps,1404,-46,-0.388112,-18,0,-18,-0.04712389,-2.70000,prps,3,2186
189414,189.414,1,4004,54004,lowband_largesig_r01,prps,1382,-68,-0.568944,-6,0,-6,-0.01570796,-0.90000,prps,3,2190
189434,189.434,1,4004,54004,lowband_largesig_r01,prps,1366,-84,-0.707659,7,0,7,0.01832596,1.05000,prps,3,2194
189454,189.454,1,4004,54004,lowband_largesig_r01,prps,1356,-94,-0.786569,19,0,19,0.04974188,2.85000,prps,3,2198
189474,189.474,1,4004,54004,lowband_largesig_r01,prps,1355,-95,-0.794639,29,0,29,0.07592182,4.35000,prps,3,2202
189494,189.494,1,4004,54004,lowband_largesig_r01,prps,1363,-87,-0.729271,39,0,39,0.10210176,5.85000,prps,3,2206
189514,189.514,1,4004,54004,lowband_largesig_r01,prps,1379,-71,-0.596901,44,0,44,0.11519173,6.60000,prps,3,2210
189534,189.534,1,4004,54004,lowband_largesig_r01,prps,1401,-49,-0.412286,45,0,45,0.11780972,6.75000,prps,3,2214
189554,189.554,1,4004,54004,lowband_largesig_r01,prps,1427,-23,-0.196578,43,0,43,0.11257374,6.45000,prps,3,2218
189574,189.574,1,4004,54004,lowband_largesig_r01,prps,1453,3,0.025571,35,0,35,0.09162979,5.25000,prps,3,2222
189594,189.594,1,4004,54004,lowband_largesig_r01,prps,1477,27,0.229420,22,0,22,0.05759586,3.30000,prps,3,2226
189614,189.614,1,4004,54004,lowband_largesig_r01,prps,1497,47,0.393565,8,0,8,0.02094395,1.20000,prps,3,2230
189634,189.634,1,4004,54004,lowband_largesig_r01,prps,1510,60,0.502863,-7,0,-7,-0.01832596,-1.05000,prps,3,2234
189654,189.654,1,4004,54004,lowband_largesig_r01,prps,1515,65,0.550415,-19,0,-19,-0.04974188,-2.85000,prps,3,2238
189674,189.674,1,4004,54004,lowband_largesig_r01,prps,1514,64,0.538317,-31,0,-31,-0.08115781,-4.65000,prps,3,2242
189694,189.694,1,4004,54004,lowband_largesig_r01,prps,1507,57,0.477074,-38,0,-38,-0.09948376,-5.70000,prps,3,2246
189714,189.714,1,4004,54004,lowband_largesig_r01,prps,1496,46,0.383792,-42,0,-42,-0.10995574,-6.30000,prps,3,2250
189734,189.734,1,4004,54004,lowband_largesig_r01,prps,1483,33,0.279439,-41,0,-41,-0.10733775,-6.15000,prps,3,2254
189754,189.754,1,4004,54004,lowband_largesig_r01,prps,1472,22,0.185607,-37,0,-37,-0.09686577,-5.55000,prps,3,2258
189774,189.774,1,4004,54004,lowband_largesig_r01,prps,1464,14,0.121275,-31,0,-31,-0.08115781,-4.65000,prps,3,2262
189794,189.794,1,4004,54004,lowband_largesig_r01,prps,1462,12,0.100069,-26,0,-26,-0.06806784,-3.90000,prps,3,2266
189814,189.814,1,4004,54004,lowband_largesig_r01,prps,1465,15,0.128403,-21,0,-21,-0.05497787,-3.15000,prps,3,2270
189834,189.834,1,4004,54004,lowband_largesig_r01,prps,1474,24,0.204765,-18,0,-18,-0.04712389,-2.70000,prps,3,2274
189854,189.854,1,4004,54004,lowband_largesig_r01,prps,1488,38,0.320205,-17,0,-17,-0.04450589,-2.55000,prps,3,2278
189874,189.874,1,4004,54004,lowband_largesig_r01,prps,1505,55,0.459897,-18,0,-18,-0.04712389,-2.70000,prps,3,2282
189894,189.894,1,4004,54004,lowband_largesig_r01,prps,1522,72,0.605499,-20,0,-20,-0.05235988,-3.00000,prps,3,2286
189914,189.914,1,4004,54004,lowband_largesig_r01,prps,1538,88,0.737910,-26,0,-26,-0.06806784,-3.90000,prps,3,2290
189934,189.934,1,4004,54004,lowband_largesig_r01,prps,1550,100,0.839977,-34,0,-34,-0.08901179,-5.10000,prps,3,2294
189954,189.954,1,4004,54004,lowband_largesig_r01,prps,1557,107,0.898762,-44,0,-44,-0.11519173,-6.60000,prps,3,2298
189974,189.974,1,4004,54004,lowband_largesig_r01,prps,1558,108,0.907038,-53,0,-53,-0.13875367,-7.95000,prps,3,2302
189994,189.994,1,4004,54004,lowband_largesig_r01,prps,1553,103,0.863845,-60,0,-60,-0.15707964,-9.00000,prps,3,2306
190014,190.014,1,4004,54004,lowband_largesig_r01,prps,1542,92,0.774093,-65,0,-65,-0.17016960,-9.75000,prps,3,2310
190034,190.034,1,4004,54004,lowband_largesig_r01,prps,1527,77,0.647357,-65,0,-65,-0.17016960,-9.75000,prps,3,2314
190054,190.054,1,4004,54004,lowband_largesig_r01,prps,1509,59,0.496112,-63,0,-63,-0.16493360,-9.45000,prps,3,2318
190074,190.074,1,4004,54004,lowband_largesig_r01,prps,1490,40,0.333743,-57,0,-57,-0.14922565,-8.55000,prps,3,2322
190094,190.094,1,4004,54004,lowband_largesig_r01,prps,1471,21,0.172676,-50,0,-50,-0.13089970,-7.50000,prps,3,2326
190114,190.114,1,4004,54004,lowband_largesig_r01,prps,1453,3,0.022911,-41,0,-41,-0.10733775,-6.15000,prps,3,2330
190134,190.134,1,4004,54004,lowband_largesig_r01,prps,1437,-13,-0.108850,-31,0,-31,-0.08115781,-4.65000,prps,3,2334
190154,190.154,1,4004,54004,lowband_largesig_r01,prps,1424,-26,-0.219394,-20,0,-20,-0.05235988,-3.00000,prps,3,2338
190174,190.174,1,4004,54004,lowband_largesig_r01,prps,1413,-37,-0.308577,-9,0,-9,-0.02356194,-1.35000,prps,3,2342
190194,190.194,1,4004,54004,lowband_largesig_r01,prps,1405,-45,-0.378444,1,0,1,0.00261799,0.15000,prps,3,2346
190214,190.214,1,4004,54004,lowband_largesig_r01,prps,1399,-51,-0.432120,9,0,9,0.02356194,1.35000,prps,3,2350
190234,190.234,1,4004,54004,lowband_largesig_r01,prps,1394,-56,-0.472715,16,0,16,0.04188790,2.40000,prps,3,2354
190254,190.254,1,4004,54004,lowband_largesig_r01,prps,1390,-60,-0.502486,19,0,19,0.04974188,2.85000,prps,3,2358
190274,190.274,1,4004,54004,lowband_largesig_r01,prps,1388,-62,-0.522377,21,0,21,0.05497787,3.15000,prps,3,2362
190294,190.294,1,4004,54004,lowband_largesig_r01,prps,1387,-63,-0.532027,22,0,22,0.05759586,3.30000,prps,3,2366
190314,190.314,1,4004,54004,lowband_largesig_r01,prps,1387,-63,-0.530184,24,0,24,0.06283185,3.60000,prps,3,2370
190334,190.334,1,4004,54004,lowband_largesig_r01,prps,1389,-61,-0.515394,25,0,25,0.06544985,3.75000,prps,3,2374
190354,190.354,1,4004,54004,lowband_largesig_r01,prps,1392,-58,-0.486797,26,0,26,0.06806784,3.90000,prps,3,2378
190374,190.374,1,4004,54004,lowband_largesig_r01,prps,1397,-53,-0.444810,26,0,26,0.06806784,3.90000,prps,3,2382
190394,190.394,1,4004,54004,lowband_largesig_r01,prps,1403,-47,-0.391530,26,0,26,0.06806784,3.90000,prps,3,2386
190414,190.414,1,4004,54004,lowband_largesig_r01,prps,1411,-39,-0.330751,25,0,25,0.06544985,3.75000,prps,3,2390
190434,190.434,1,4004,54004,lowband_largesig_r01,prps,1418,-32,-0.267565,24,0,24,0.06283185,3.60000,prps,3,2394
190454,190.454,1,4004,54004,lowband_largesig_r01,prps,1425,-25,-0.207620,21,0,21,0.05497787,3.15000,prps,3,2398
190474,190.474,1,4004,54004,lowband_largesig_r01,prps,1431,-19,-0.156172,17,0,17,0.04450589,2.55000,prps,3,2402
190494,190.494,1,4004,54004,lowband_largesig_r01,prps,1436,-14,-0.117133,13,0,13,0.03403392,1.95000,prps,3,2406
190514,190.514,1,4004,54004,lowband_largesig_r01,prps,1439,-11,-0.092308,10,0,10,0.02617994,1.50000,prps,3,2410
190534,190.534,1,4004,54004,lowband_largesig_r01,prps,1440,-10,-0.080996,8,0,8,0.02094395,1.20000,prps,3,2414
190554,190.554,1,4004,54004,lowband_largesig_r01,prps,1440,-10,-0.080048,6,0,6,0.01570796,0.90000,prps,3,2418
190574,190.574,1,4004,54004,lowband_largesig_r01,prps,1440,-10,-0.084404,5,0,5,0.01308997,0.75000,prps,3,2422
190594,190.594,1,4004,54004,lowband_largesig_r01,prps,1440,-10,-0.088011,4,0,4,0.01047198,0.60000,prps,3,2426
190614,190.614,1,4004,54004,lowband_largesig_r01,prps,1440,-10,-0.084973,4,0,4,0.01047198,0.60000,prps,3,2430
190634,190.634,1,4004,54004,lowband_largesig_r01,prps,1442,-8,-0.070701,4,0,4,0.01047198,0.60000,prps,3,2434
190654,190.654,1,4004,54004,lowband_largesig_r01,prps,1445,-5,-0.042856,4,0,4,0.01047198,0.60000,prps,3,2438
190674,190.674,1,4004,54004,lowband_largesig_r01,prps,1450,0,-0.001890,4,0,4,0.01047198,0.60000,prps,3,2442
190694,190.694,1,4004,54004,lowband_largesig_r01,prps,1456,6,0.048936,2,0,2,0.00523599,0.30000,prps,3,2446
190714,190.714,1,4004,54004,lowband_largesig_r01,prps,1462,12,0.104077,0,0,0,0.00000000,0.00000,prps,3,2450
190734,190.734,1,4004,54004,lowband_largesig_r01,prps,1469,19,0.156681,-1,0,-1,-0.00261799,-0.15000,prps,3,2454
190754,190.754,1,4004,54004,lowband_largesig_r01,prps,1474,24,0.199858,-4,0,-4,-0.01047198,-0.60000,prps,3,2458
190774,190.774,1,4004,54004,lowband_largesig_r01,prps,1477,27,0.227995,-6,0,-6,-0.01570796,-0.90000,prps,3,2462
190794,190.794,1,4004,54004,lowband_largesig_r01,prps,1478,28,0.237879,-9,0,-9,-0.02356194,-1.35000,prps,3,2466
190814,190.814,1,4004,54004,lowband_largesig_r01,prps,1477,27,0.229405,-13,0,-13,-0.03403392,-1.95000,prps,3,2470
190834,190.834,1,4004,54004,lowband_largesig_r01,prps,1474,24,0.205716,-16,0,-16,-0.04188790,-2.40000,prps,3,2474
190854,190.854,1,4004,54004,lowband_largesig_r01,prps,1471,21,0.172733,-18,0,-18,-0.04712389,-2.70000,prps,3,2478
190874,190.874,1,4004,54004,lowband_largesig_r01,prps,1466,16,0.138152,-19,0,-19,-0.04974188,-2.85000,prps,3,2482
190894,190.894,1,4004,54004,lowband_largesig_r01,prps,1463,13,0.110061,-18,0,-18,-0.04712389,-2.70000,prps,3,2486
190914,190.914,1,4004,54004,lowband_largesig_r01,prps,1461,11,0.095435,-18,0,-18,-0.04712389,-2.70000,prps,3,2490
190934,190.934,1,4004,54004,lowband_largesig_r01,prps,1462,12,0.098790,-17,0,-17,-0.04450589,-2.55000,prps,3,2494
190954,190.954,1,4004,54004,lowband_largesig_r01,prps,1464,14,0.121229,-16,0,-16,-0.04188790,-2.40000,prps,3,2498
190974,190.974,1,4004,54004,lowband_largesig_r01,prps,1469,19,0.160096,-15,0,-15,-0.03926991,-2.25000,prps,3,2502
190994,190.994,1,4004,54004,lowband_largesig_r01,prps,1475,25,0.209302,-15,0,-15,-0.03926991,-2.25000,prps,3,2506
191014,191.014,1,4004,54004,lowband_largesig_r01,prps,1481,31,0.260285,-15,0,-15,-0.03926991,-2.25000,prps,3,2510
191034,191.034,1,4004,54004,lowband_largesig_r01,prps,1486,36,0.303460,-15,0,-15,-0.03926991,-2.25000,prps,3,2514
191054,191.054,1,4004,54004,lowband_largesig_r01,prps,1489,39,0.329893,-16,0,-16,-0.04188790,-2.40000,prps,3,2518
191074,191.074,1,4004,54004,lowband_largesig_r01,prps,1490,40,0.332915,-18,0,-18,-0.04712389,-2.70000,prps,3,2522
191094,191.094,1,4004,54004,lowband_largesig_r01,prps,1487,37,0.309373,-21,0,-21,-0.05497787,-3.15000,prps,3,2526
191114,191.114,1,4004,54004,lowband_largesig_r01,prps,1481,31,0.260288,-23,0,-23,-0.06021386,-3.45000,prps,3,2530
191134,191.134,1,4004,54004,lowband_largesig_r01,prps,1473,23,0.190794,-24,0,-24,-0.06283185,-3.60000,prps,3,2534
191154,191.154,1,4004,54004,lowband_largesig_r01,prps,1463,13,0.109340,-24,0,-24,-0.06283185,-3.60000,prps,3,2538
191174,191.174,1,4004,54004,lowband_largesig_r01,prps,1453,3,0.026298,-23,0,-23,-0.06021386,-3.45000,prps,3,2542
191194,191.194,1,4004,54004,lowband_largesig_r01,prps,1444,-6,-0.047792,-20,0,-20,-0.05235988,-3.00000,prps,3,2546
191214,191.214,1,4004,54004,lowband_largesig_r01,prps,1438,-12,-0.104020,-15,0,-15,-0.03926991,-2.25000,prps,3,2550
191234,191.234,1,4004,54004,lowband_largesig_r01,prps,1434,-16,-0.136644,-10,0,-10,-0.02617994,-1.50000,prps,3,2554
191254,191.254,1,4004,54004,lowband_largesig_r01,prps,1433,-17,-0.144056,-5,0,-5,-0.01308997,-0.75000,prps,3,2558
191274,191.274,1,4004,54004,lowband_largesig_r01,prps,1435,-15,-0.129020,0,0,0,0.00000000,0.00000,prps,3,2562
191294,191.294,1,4004,54004,lowband_largesig_r01,prps,1438,-12,-0.098107,3,0,3,0.00785398,0.45000,prps,3,2566
191314,191.314,1,4004,54004,lowband_largesig_r01,prps,1443,-7,-0.060430,3,0,3,0.00785398,0.45000,prps,3,2570
191334,191.334,1,4004,54004,lowband_largesig_r01,prps,1447,-3,-0.025886,3,0,3,0.00785398,0.45000,prps,3,2574
191354,191.354,1,4004,54004,lowband_largesig_r01,prps,1450,0,-0.003229,3,0,3,0.00785398,0.45000,prps,3,2578
191374,191.374,1,4004,54004,lowband_largesig_r01,prps,1450,0,0.001676,2,0,2,0.00523599,0.30000,prps,3,2582
191394,191.394,1,4004,54004,lowband_largesig_r01,prps,1448,-2,-0.012898,2,0,2,0.00523599,0.30000,prps,3,2586
191414,191.414,1,4004,54004,lowband_largesig_r01,prps,1445,-5,-0.044049,1,0,1,0.00261799,0.15000,prps,3,2590
191434,191.434,1,4004,54004,lowband_largesig_r01,prps,1440,-10,-0.084615,1,0,1,0.00261799,0.15000,prps,3,2594
191454,191.454,1,4004,54004,lowband_largesig_r01,prps,1435,-15,-0.124366,1,0,1,0.00261799,0.15000,prps,3,2598
191474,191.474,1,4004,54004,lowband_largesig_r01,prps,1432,-18,-0.151828,1,0,1,0.00261799,0.15000,prps,3,2602
191494,191.494,1,4004,54004,lowband_largesig_r01,prps,1431,-19,-0.156441,2,0,2,0.00523599,0.30000,prps,3,2606
191514,191.514,1,4004,54004,lowband_largesig_r01,prps,1434,-16,-0.130653,2,0,2,0.00523599,0.30000,prps,3,2610
191534,191.534,1,4004,54004,lowband_largesig_r01,prps,1441,-9,-0.071593,2,0,2,0.00523599,0.30000,prps,3,2614
191554,191.554,1,4004,54004,lowband_largesig_r01,prps,1452,2,0.018003,2,0,2,0.00523599,0.30000,prps,3,2618
191574,191.574,1,4004,54004,lowband_largesig_r01,prps,1465,15,0.129809,2,0,2,0.00523599,0.30000,prps,3,2622
191594,191.594,1,4004,54004,lowband_largesig_r01,prps,1480,30,0.250884,1,0,1,0.00261799,0.15000,prps,3,2626
191614,191.614,1,4004,54004,lowband_largesig_r01,prps,1493,43,0.365494,-3,0,-3,-0.00785398,-0.45000,prps,3,2630
191634,191.634,1,4004,54004,lowband_largesig_r01,prps,1504,54,0.457476,-9,0,-9,-0.02356194,-1.35000,prps,3,2634
191654,191.654,1,4004,54004,lowband_largesig_r01,prps,1511,61,0.512774,-18,0,-18,-0.04712389,-2.70000,prps,3,2638
191674,191.674,1,4004,54004,lowband_largesig_r01,prps,1512,62,0.521714,-26,0,-26,-0.06806784,-3.90000,prps,3,2642
191694,191.694,1,4004,54004,lowband_largesig_r01,prps,1507,57,0.480638,-33,0,-33,-0.08639380,-4.95000,prps,3,2646
191714,191.714,1,4004,54004,lowband_largesig_r01,prps,1497,47,0.392594,-37,0,-37,-0.09686577,-5.55000,prps,3,2650
191734,191.734,1,4004,54004,lowband_largesig_r01,prps,1482,32,0.266976,-38,0,-38,-0.09948376,-5.70000,prps,3,2654
191754,191.754,1,4004,54004,lowband_largesig_r01,prps,1464,14,0.118128,-36,0,-36,-0.09424778,-5.40000,prps,3,2658
191774,191.774,1,4004,54004,lowband_largesig_r01,prps,1446,-4,-0.036844,-32,0,-32,-0.08377580,-4.80000,prps,3,2662
191794,191.794,1,4004,54004,lowband_largesig_r01,prps,1428,-22,-0.180713,-24,0,-24,-0.06283185,-3.60000,prps,3,2666
191814,191.814,1,4004,54004,lowband_largesig_r01,prps,1414,-36,-0.298782,-15,0,-15,-0.03926991,-2.25000,prps,3,2670
191834,191.834,1,4004,54004,lowband_largesig_r01,prps,1405,-45,-0.381106,-5,0,-5,-0.01308997,-0.75000,prps,3,2674
191854,191.854,1,4004,54004,lowband_largesig_r01,prps,1400,-50,-0.423912,5,0,5,0.01308997,0.75000,prps,3,2678
191874,191.874,1,4004,54004,lowband_largesig_r01,prps,1399,-51,-0.429987,13,0,13,0.03403392,1.95000,prps,3,2682
191894,191.894,1,4004,54004,lowband_largesig_r01,prps,1401,-49,-0.407955,18,0,18,0.04712389,2.70000,prps,3,2686
191914,191.914,1,4004,54004,lowband_largesig_r01,prps,1406,-44,-0.370576,19,0,19,0.04974188,2.85000,prps,3,2690
191934,191.934,1,4004,54004,lowband_largesig_r01,prps,1410,-40,-0.332357,19,0,19,0.04974188,2.85000,prps,3,2694
191954,191.954,1,4004,54004,lowband_largesig_r01,prps,1413,-37,-0.306877,19,0,19,0.04974188,2.85000,prps,3,2698
191974,191.974,1,4004,54004,lowband_largesig_r01,prps,1414,-36,-0.304275,19,0,19,0.04974188,2.85000,prps,3,2702
191994,191.994,1,4004,54004,lowband_largesig_r01,prps,1411,-39,-0.329358,18,0,18,0.04712389,2.70000,prps,3,2706
192014,192.014,1,4004,54004,lowband_largesig_r01,prps,1405,-45,-0.380621,17,0,17,0.04450589,2.55000,prps,3,2710
192034,192.034,1,4004,54004,lowband_largesig_r01,prps,1396,-54,-0.450385,16,0,16,0.04188790,2.40000,prps,3,2714
192054,192.054,1,4004,54004,lowband_largesig_r01,prps,1387,-63,-0.526019,16,0,16,0.04188790,2.40000,prps,3,2718
192074,192.074,1,4004,54004,lowband_largesig_r01,prps,1380,-70,-0.592053,18,0,18,0.04712389,2.70000,prps,3,2722
192094,192.094,1,4004,54004,lowband_largesig_r01,prps,1375,-75,-0.632840,21,0,21,0.05497787,3.15000,prps,3,2726
192114,192.114,1,4004,54004,lowband_largesig_r01,prps,1374,-76,-0.635311,25,0,25,0.06544985,3.75000,prps,3,2730
192134,192.134,1,4004,54004,lowband_largesig_r01,prps,1380,-70,-0.591380,29,0,29,0.07592182,4.35000,prps,3,2734
192154,192.154,1,4004,54004,lowband_largesig_r01,prps,1391,-59,-0.499569,32,0,32,0.08377580,4.80000,prps,3,2738
192174,192.174,1,4004,54004,lowband_largesig_r01,prps,1406,-44,-0.365602,33,0,33,0.08639380,4.95000,prps,3,2742
192194,192.194,1,4004,54004,lowband_largesig_r01,prps,1426,-24,-0.201838,32,0,32,0.08377580,4.80000,prps,3,2746
192214,192.214,1,4004,54004,lowband_largesig_r01,prps,1447,-3,-0.025637,27,0,27,0.07068583,4.05000,prps,3,2750
192234,192.234,1,4004,54004,lowband_largesig_r01,prps,1467,17,0.143098,18,0,18,0.04712389,2.70000,prps,3,2754
192254,192.254,1,4004,54004,lowband_largesig_r01,prps,1484,34,0.284808,8,0,8,0.02094395,1.20000,prps,3,2758
192274,192.274,1,4004,54004,lowband_largesig_r01,prps,1496,46,0.383147,-1,0,-1,-0.00261799,-0.15000,prps,3,2762
192294,192.294,1,4004,54004,lowband_largesig_r01,prps,1501,51,0.427386,-10,0,-10,-0.02617994,-1.50000,prps,3,2766
192314,192.314,1,4004,54004,lowband_largesig_r01,prps,1499,49,0.413978,-20,0,-20,-0.05235988,-3.00000,prps,3,2770
192334,192.334,1,4004,54004,lowband_largesig_r01,prps,1491,41,0.347066,-27,0,-27,-0.07068583,-4.05000,prps,3,2774
192354,192.354,1,4004,54004,lowband_largesig_r01,prps,1478,28,0.237857,-30,0,-30,-0.07853982,-4.50000,prps,3,2778
192374,192.374,1,4004,54004,lowband_largesig_r01,prps,1462,12,0.102993,-30,0,-30,-0.07853982,-4.50000,prps,3,2782
192394,192.394,1,4004,54004,lowband_largesig_r01,prps,1445,-5,-0.037830,-27,0,-27,-0.07068583,-4.05000,prps,3,2786
192414,192.414,1,4004,54004,lowband_largesig_r01,prps,1430,-20,-0.164598,-22,0,-22,-0.05759586,-3.30000,prps,3,2790
192434,192.434,1,4004,54004,lowband_largesig_r01,prps,1419,-31,-0.259673,-14,0,-14,-0.03665191,-2.10000,prps,3,2794
192454,192.454,1,4004,54004,lowband_largesig_r01,prps,1413,-37,-0.310038,-5,0,-5,-0.01308997,-0.75000,prps,3,2798
192474,192.474,1,4004,54004,lowband_largesig_r01,prps,1413,-37,-0.308800,5,0,5,0.01308997,0.75000,prps,3,2802
192494,192.494,1,4004,54004,lowband_largesig_r01,prps,1420,-30,-0.255761,11,0,11,0.02879793,1.65000,prps,3,2806
192514,192.514,1,4004,54004,lowband_largesig_r01,prps,1431,-19,-0.157047,13,0,13,0.03403392,1.95000,prps,3,2810
192534,192.534,1,4004,54004,lowband_largesig_r01,prps,1447,-3,-0.023905,13,0,13,0.03403392,1.95000,prps,3,2814
192554,192.554,1,4004,54004,lowband_largesig_r01,prps,1465,15,0.129085,11,0,11,0.02879793,1.65000,prps,3,2818
192574,192.574,1,4004,54004,lowband_largesig_r01,prps,1484,34,0.286074,5,0,5,0.01308997,0.75000,prps,3,2822
192594,192.594,1,4004,54004,lowband_largesig_r01,prps,1501,51,0.431964,-2,0,-2,-0.00523599,-0.30000,prps,3,2826
192614,192.614,1,4004,54004,lowband_largesig_r01,prps,1516,66,0.554085,-10,0,-10,-0.02617994,-1.50000,prps,3,2830
192634,192.634,1,4004,54004,lowband_largesig_r01,prps,1527,77,0.643340,-20,0,-20,-0.05235988,-3.00000,prps,3,2834
192654,192.654,1,4004,54004,lowband_largesig_r01,prps,1533,83,0.694720,-31,0,-31,-0.08115781,-4.65000,prps,3,2838
192674,192.674,1,4004,54004,lowband_largesig_r01,prps,1534,84,0.707202,-40,0,-40,-0.10471976,-6.00000,prps,3,2842
192694,192.694,1,4004,54004,lowband_largesig_r01,prps,1531,81,0.683160,-48,0,-48,-0.12566370,-7.20000,prps,3,2846
192714,192.714,1,4004,54004,lowband_largesig_r01,prps,1525,75,0.627475,-51,0,-51,-0.13351768,-7.65000,prps,3,2850
192734,192.734,1,4004,54004,lowband_largesig_r01,prps,1515,65,0.546536,-51,0,-51,-0.13351768,-7.65000,prps,3,2854
192754,192.754,1,4004,54004,lowband_largesig_r01,prps,1503,53,0.447356,-50,0,-50,-0.13089970,-7.50000,prps,3,2858
192774,192.774,1,4004,54004,lowband_largesig_r01,prps,1490,40,0.336911,-48,0,-48,-0.12566370,-7.20000,prps,3,2862
192794,192.794,1,4004,54004,lowband_largesig_r01,prps,1476,26,0.221776,-44,0,-44,-0.11519173,-6.60000,prps,3,2866
192814,192.814,1,4004,54004,lowband_largesig_r01,prps,1463,13,0.108039,-38,0,-38,-0.09948376,-5.70000,prps,3,2870
192834,192.834,1,4004,54004,lowband_largesig_r01,prps,1450,0,0.001400,-31,0,-31,-0.08115781,-4.65000,prps,3,2874
192854,192.854,1,4004,54004,lowband_largesig_r01,prps,1439,-11,-0.092674,-23,0,-23,-0.06021386,-3.45000,prps,3,2878
192874,192.874,1,4004,54004,lowband_largesig_r01,prps,1430,-20,-0.168868,-15,0,-15,-0.03926991,-2.25000,prps,3,2882
192894,192.894,1,4004,54004,lowband_largesig_r01,prps,1424,-26,-0.222131,-8,0,-8,-0.02094395,-1.20000,prps,3,2886
192914,192.914,1,4004,54004,lowband_largesig_r01,prps,1420,-30,-0.248019,0,0,0,0.00000000,0.00000,prps,3,2890
192934,192.934,1,4004,54004,lowband_largesig_r01,prps,1421,-29,-0.243253,5,0,5,0.01308997,0.75000,prps,3,2894
192954,192.954,1,4004,54004,lowband_largesig_r01,prps,1425,-25,-0.206398,6,0,6,0.01570796,0.90000,prps,3,2898
192974,192.974,1,4004,54004,lowband_largesig_r01,prps,1434,-16,-0.138519,7,0,7,0.01832596,1.05000,prps,3,2902
192994,192.994,1,4004,54004,lowband_largesig_r01,prps,1445,-5,-0.043637,7,0,7,0.01832596,1.05000,prps,3,2906
193014,193.014,1,4004,54004,lowband_largesig_r01,prps,1458,8,0.071162,6,0,6,0.01570796,0.90000,prps,3,2910
193034,193.034,1,4004,54004,lowband_largesig_r01,prps,1473,23,0.196068,5,0,5,0.01308997,0.75000,prps,3,2914
193054,193.054,1,4004,54004,lowband_largesig_r01,prps,1488,38,0.319376,1,0,1,0.00261799,0.15000,prps,3,2918
193074,193.074,1,4004,54004,lowband_largesig_r01,prps,1501,51,0.428718,-6,0,-6,-0.01570796,-0.90000,prps,3,2922
193094,193.094,1,4004,54004,lowband_largesig_r01,prps,1511,61,0.512552,-13,0,-13,-0.03403392,-1.95000,prps,3,2926
193114,193.114,1,4004,54004,lowband_largesig_r01,prps,1517,67,0.561691,-22,0,-22,-0.05759586,-3.30000,prps,3,2930
193134,193.134,1,4004,54004,lowband_largesig_r01,prps,1518,68,0.570618,-30,0,-30,-0.07853982,-4.50000,prps,3,2934
193154,193.154,1,4004,54004,lowband_largesig_r01,prps,1514,64,0.538348,-37,0,-37,-0.09686577,-5.55000,prps,3,2938
193174,193.174,1,4004,54004,lowband_largesig_r01,prps,1506,56,0.468677,-42,0,-42,-0.10995574,-6.30000,prps,3,2942
193194,193.194,1,4004,54004,lowband_largesig_r01,prps,1494,44,0.369733,-42,0,-42,-0.10995574,-6.30000,prps,3,2946
193214,193.214,1,4004,54004,lowband_largesig_r01,prps,1480,30,0.252866,-41,0,-41,-0.10733775,-6.15000,prps,3,2950
193234,193.234,1,4004,54004,lowband_largesig_r01,prps,1466,16,0.131032,-38,0,-38,-0.09948376,-5.70000,prps,3,2954
193254,193.254,1,4004,54004,lowband_largesig_r01,prps,1452,2,0.016918,-32,0,-32,-0.08377580,-4.80000,prps,3,2958
193274,193.274,1,4004,54004,lowband_largesig_r01,prps,1441,-9,-0.078902,-25,0,-25,-0.06544985,-3.75000,prps,3,2962
193294,193.294,1,4004,54004,lowband_largesig_r01,prps,1432,-18,-0.149465,-17,0,-17,-0.04450589,-2.55000,prps,3,2966
193314,193.314,1,4004,54004,lowband_largesig_r01,prps,1427,-23,-0.192334,-9,0,-9,-0.02356194,-1.35000,prps,3,2970
193334,193.334,1,4004,54004,lowband_largesig_r01,prps,1425,-25,-0.209757,-2,0,-2,-0.00523599,-0.30000,prps,3,2974
193354,193.354,1,4004,54004,lowband_largesig_r01,prps,1425,-25,-0.208053,3,0,3,0.00785398,0.45000,prps,3,2978
193374,193.374,1,4004,54004,lowband_largesig_r01,prps,1427,-23,-0.196320,5,0,5,0.01308997,0.75000,prps,3,2982
193394,193.394,1,4004,54004,lowband_largesig_r01,prps,1428,-22,-0.184673,6,0,6,0.01570796,0.90000,prps,3,2986
193414,193.414,1,4004,54004,lowband_largesig_r01,prps,1428,-22,-0.182344,6,0,6,0.01570796,0.90000,prps,3,2990
193434,193.434,1,4004,54004,lowband_largesig_r01,prps,1427,-23,-0.195941,6,0,6,0.01570796,0.90000,prps,3,2994
193454,193.454,1,4004,54004,lowband_largesig_r01,prps,1423,-27,-0.228197,7,0,7,0.01832596,1.05000,prps,3,2998
193474,193.474,1,4004,54004,lowband_largesig_r01,prps,1417,-33,-0.277423,7,0,7,0.01832596,1.05000,prps,3,3002
193494,193.494,1,4004,54004,lowband_largesig_r01,prps,1410,-40,-0.337766,8,0,8,0.02094395,1.20000,prps,3,3006
193514,193.514,1,4004,54004,lowband_largesig_r01,prps,1402,-48,-0.400236,10,0,10,0.02617994,1.50000,prps,3,3010
193534,193.534,1,4004,54004,lowband_largesig_r01,prps,1396,-54,-0.454316,12,0,12,0.03141592,1.80000,prps,3,3014
193554,193.554,1,4004,54004,lowband_largesig_r01,prps,1392,-58,-0.489887,14,0,14,0.03665191,2.10000,prps,3,3018
193574,193.574,1,4004,54004,lowband_largesig_r01,prps,1391,-59,-0.499117,16,0,16,0.04188790,2.40000,prps,3,3022
193594,193.594,1,4004,54004,lowband_largesig_r01,prps,1393,-57,-0.477968,18,0,18,0.04712389,2.70000,prps,3,3026
193614,193.614,1,4004,54004,lowband_largesig_r01,prps,1399,-51,-0.427071,20,0,20,0.05235988,3.00000,prps,3,3030
193634,193.634,1,4004,54004,lowband_largesig_r01,prps,1408,-42,-0.351767,21,0,21,0.05497787,3.15000,prps,3,3034
193654,193.654,1,4004,54004,lowband_largesig_r01,prps,1419,-31,-0.261334,21,0,21,0.05497787,3.15000,prps,3,3038
193674,193.674,1,4004,54004,lowband_largesig_r01,prps,1430,-20,-0.167499,20,0,20,0.05235988,3.00000,prps,3,3042
193694,193.694,1,4004,54004,lowband_largesig_r01,prps,1440,-10,-0.082496,18,0,18,0.04712389,2.70000,prps,3,3046
193714,193.714,1,4004,54004,lowband_largesig_r01,prps,1448,-2,-0.017023,12,0,12,0.03141592,1.80000,prps,3,3050
193734,193.734,1,4004,54004,lowband_largesig_r01,prps,1453,3,0.021559,7,0,7,0.01832596,1.05000,prps,3,3054
193754,193.754,1,4004,54004,lowband_largesig_r01,prps,1454,4,0.030446,3,0,3,0.00785398,0.45000,prps,3,3058
193774,193.774,1,4004,54004,lowband_largesig_r01,prps,1451,1,0.011818,1,0,1,0.00261799,0.15000,prps,3,3062
193794,193.794,1,4004,54004,lowband_largesig_r01,prps,1447,-3,-0.027615,-1,0,-1,-0.00261799,-0.15000,prps,3,3066
193814,193.814,1,4004,54004,lowband_largesig_r01,prps,1441,-9,-0.077885,-1,0,-1,-0.00261799,-0.15000,prps,3,3070
193834,193.834,1,4004,54004,lowband_largesig_r01,prps,1435,-15,-0.127621,0,0,0,0.00000000,0.00000,prps,3,3074
193854,193.854,1,4004,54004,lowband_largesig_r01,prps,1430,-20,-0.166172,0,0,0,0.00000000,0.00000,prps,3,3078
193874,193.874,1,4004,54004,lowband_largesig_r01,prps,1428,-22,-0.185611,0,0,0,0.00000000,0.00000,prps,3,3082
193894,193.894,1,4004,54004,lowband_largesig_r01,prps,1428,-22,-0.182266,2,0,2,0.00523599,0.30000,prps,3,3086
193914,193.914,1,4004,54004,lowband_largesig_r01,prps,1431,-19,-0.157483,4,0,4,0.01047198,0.60000,prps,3,3090
193934,193.934,1,4004,54004,lowband_largesig_r01,prps,1436,-14,-0.117467,4,0,4,0.01047198,0.60000,prps,3,3094
193954,193.954,1,4004,54004,lowband_largesig_r01,prps,1441,-9,-0.072224,4,0,4,0.01047198,0.60000,prps,3,3098
193974,193.974,1,4004,54004,lowband_largesig_r01,prps,1446,-4,-0.033756,4,0,4,0.01047198,0.60000,prps,3,3102
193994,193.994,1,4004,54004,lowband_largesig_r01,prps,1448,-2,-0.013832,4,0,4,0.01047198,0.60000,prps,3,3106
194014,194.014,1,4004,54004,lowband_largesig_r01,prps,1447,-3,-0.021709,4,0,4,0.01047198,0.60000,prps,3,3110
194034,194.034,1,4004,54004,lowband_largesig_r01,prps,1443,-7,-0.062219,3,0,3,0.00785398,0.45000,prps,3,3114
194054,194.054,1,4004,54004,lowband_largesig_r01,prps,1434,-16,-0.134567,2,0,2,0.00523599,0.30000,prps,3,3118
194074,194.074,1,4004,54004,lowband_largesig_r01,prps,1422,-28,-0.232075,2,0,2,0.00523599,0.30000,prps,3,3122
194094,194.094,1,4004,54004,lowband_largesig_r01,prps,1409,-41,-0.342942,3,0,3,0.00785398,0.45000,prps,3,3126
194114,194.114,1,4004,54004,lowband_largesig_r01,prps,1396,-54,-0.451921,5,0,5,0.01308997,0.75000,prps,3,3130
194134,194.134,1,4004,54004,lowband_largesig_r01,prps,1385,-65,-0.542652,10,0,10,0.02617994,1.50000,prps,3,3134
194154,194.154,1,4004,54004,lowband_largesig_r01,prps,1379,-71,-0.600264,15,0,15,0.03926991,2.25000,prps,3,3138
194174,194.174,1,4004,54004,lowband_largesig_r01,prps,1377,-73,-0.613818,20,0,20,0.05235988,3.00000,prps,3,3142
194194,194.194,1,4004,54004,lowband_largesig_r01,prps,1381,-69,-0.578174,24,0,24,0.06283185,3.60000,prps,3,3146
194214,194.214,1,4004,54004,lowband_largesig_r01,prps,1391,-59,-0.494959,28,0,28,0.07330382,4.20000,prps,3,3150
194234,194.234,1,4004,54004,lowband_largesig_r01,prps,1406,-44,-0.372467,29,0,29,0.07592182,4.35000,prps,3,3154
194254,194.254,1,4004,54004,lowband_largesig_r01,prps,1423,-27,-0.224473,29,0,29,0.07592182,4.35000,prps,3,3158
194274,194.274,1,4004,54004,lowband_largesig_r01,prps,1442,-8,-0.068177,26,0,26,0.06806784,3.90000,prps,3,3162
194294,194.294,1,4004,54004,lowband_largesig_r01,prps,1459,9,0.078425,18,0,18,0.04712389,2.70000,prps,3,3166
194314,194.314,1,4004,54004,lowband_largesig_r01,prps,1474,24,0.199287,9,0,9,0.02356194,1.35000,prps,3,3170
194334,194.334,1,4004,54004,lowband_largesig_r01,prps,1484,34,0.282744,1,0,1,0.00261799,0.15000,prps,3,3174
194354,194.354,1,4004,54004,lowband_largesig_r01,prps,1488,38,0.323216,-6,0,-6,-0.01570796,-0.90000,prps,3,3178
194374,194.374,1,4004,54004,lowband_largesig_r01,prps,1488,38,0.321921,-13,0,-13,-0.03403392,-1.95000,prps,3,3182
194394,194.394,1,4004,54004,lowband_largesig_r01,prps,1484,34,0.286468,-20,0,-20,-0.05235988,-3.00000,prps,3,3186
194414,194.414,1,4004,54004,lowband_largesig_r01,prps,1477,27,0.229418,-24,0,-24,-0.06283185,-3.60000,prps,3,3190
194434,194.434,1,4004,54004,lowband_largesig_r01,prps,1470,20,0.166049,-24,0,-24,-0.06283185,-3.60000,prps,3,3194
194454,194.454,1,4004,54004,lowband_largesig_r01,prps,1463,13,0.111705,-24,0,-24,-0.06283185,-3.60000,prps,3,3198
194474,194.474,1,4004,54004,lowband_largesig_r01,prps,1459,9,0.079171,-23,0,-23,-0.06021386,-3.45000,prps,3,3202
194494,194.494,1,4004,54004,lowband_largesig_r01,prps,1459,9,0.076514,-21,0,-21,-0.05497787,-3.15000,prps,3,3206
194514,194.514,1,4004,54004,lowband_largesig_r01,prps,1463,13,0.105738,-19,0,-19,-0.04974188,-2.85000,prps,3,3210
194534,194.534,1,4004,54004,lowband_largesig_r01,prps,1469,19,0.162477,-16,0,-16,-0.04188790,-2.40000,prps,3,3214
194554,194.554,1,4004,54004,lowband_largesig_r01,prps,1478,28,0.236760,-15,0,-15,-0.03926991,-2.25000,prps,3,3218
194574,194.574,1,4004,54004,lowband_largesig_r01,prps,1487,37,0.314724,-16,0,-16,-0.04188790,-2.40000,prps,3,3222
194594,194.594,1,4004,54004,lowband_largesig_r01,prps,1495,45,0.380965,-16,0,-16,-0.04188790,-2.40000,prps,3,3226
194614,194.614,1,4004,54004,lowband_largesig_r01,prps,1500,50,0.421146,-19,0,-19,-0.04974188,-2.85000,prps,3,3230
194634,194.634,1,4004,54004,lowband_largesig_r01,prps,1501,51,0.424428,-23,0,-23,-0.06021386,-3.45000,prps,3,3234
194654,194.654,1,4004,54004,lowband_largesig_r01,prps,1496,46,0.385313,-27,0,-27,-0.07068583,-4.05000,prps,3,3238
194674,194.674,1,4004,54004,lowband_largesig_r01,prps,1486,36,0.304629,-29,0,-29,-0.07592182,-4.35000,prps,3,3242
194694,194.694,1,4004,54004,lowband_largesig_r01,prps,1473,23,0.189480,-30,0,-30,-0.07853982,-4.50000,prps,3,3246
194714,194.714,1,4004,54004,lowband_largesig_r01,prps,1456,6,0.052213,-28,0,-28,-0.07330382,-4.20000,prps,3,3250
194734,194.734,1,4004,54004,lowband_largesig_r01,prps,1439,-11,-0.091438,-26,0,-26,-0.06806784,-3.90000,prps,3,3254
194754,194.754,1,4004,54004,lowband_largesig_r01,prps,1423,-27,-0.224695,-20,0,-20,-0.05235988,-3.00000,prps,3,3258
194774,194.774,1,4004,54004,lowband_largesig_r01,prps,1410,-40,-0.332201,-11,0,-11,-0.02879793,-1.65000,prps,3,3262
194794,194.794,1,4004,54004,lowband_largesig_r01,prps,1402,-48,-0.402198,-1,0,-1,-0.00261799,-0.15000,prps,3,3266
194814,194.814,1,4004,54004,lowband_largesig_r01,prps,1399,-51,-0.428084,8,0,8,0.02094395,1.20000,prps,3,3270
194834,194.834,1,4004,54004,lowband_largesig_r01,prps,1401,-49,-0.409141,15,0,15,0.03926991,2.25000,prps,3,3274
194854,194.854,1,4004,54004,lowband_largesig_r01,prps,1408,-42,-0.350331,17,0,17,0.04450589,2.55000,prps,3,3278
194874,194.874,1,4004,54004,lowband_largesig_r01,prps,1419,-31,-0.261250,17,0,17,0.04450589,2.55000,prps,3,3282
194894,194.894,1,4004,54004,lowband_largesig_r01,prps,1432,-18,-0.154454,17,0,17,0.04450589,2.55000,prps,3,3286
194914,194.914,1,4004,54004,lowband_largesig_r01,prps,1445,-5,-0.043426,14,0,14,0.03665191,2.10000,prps,3,3290
194934,194.934,1,4004,54004,lowband_largesig_r01,prps,1457,7,0.059428,10,0,10,0.02617994,1.50000,prps,3,3294
194954,194.954,1,4004,54004,lowband_largesig_r01,prps,1467,17,0.144480,5,0,5,0.01308997,0.75000,prps,3,3298
194974,194.974,1,4004,54004,lowband_largesig_r01,prps,1475,25,0.205993,1,0,1,0.00261799,0.15000,prps,3,3302
194994,194.994,1,4004,54004,lowband_largesig_r01,prps,1479,29,0.242531,-4,0,-4,-0.01047198,-0.60000,prps,3,3306
195014,195.014,1,4004,54004,lowband_largesig_r01,prps,1481,31,0.256647,-8,0,-8,-0.02094395,-1.20000,prps,3,3310
195034,195.034,1,4004,54004,lowband_largesig_r01,prps,1480,30,0.253960,-13,0,-13,-0.03403392,-1.95000,prps,3,3314
195054,195.054,1,4004,54004,lowband_largesig_r01,prps,1479,29,0.241831,-17,0,-17,-0.04450589,-2.55000,prps,3,3318
195074,195.074,1,4004,54004,lowband_largesig_r01,prps,1477,27,0.227893,-20,0,-20,-0.05235988,-3.00000,prps,3,3322
195094,195.094,1,4004,54004,lowband_largesig_r01,prps,1476,26,0.218703,-21,0,-21,-0.05497787,-3.15000,prps,3,3326
195114,195.114,1,4004,54004,lowband_largesig_r01,prps,1476,26,0.218732,-21,0,-21,-0.05497787,-3.15000,prps,3,3330
195134,195.134,1,4004,54004,lowband_largesig_r01,prps,1477,27,0.229835,-21,0,-21,-0.05497787,-3.15000,prps,3,3334
195154,195.154,1,4004,54004,lowband_largesig_r01,prps,1480,30,0.251242,-21,0,-21,-0.05497787,-3.15000,prps,3,3338
195174,195.174,1,4004,54004,lowband_largesig_r01,prps,1483,33,0.280011,-21,0,-21,-0.05497787,-3.15000,prps,3,3342
195194,195.194,1,4004,54004,lowband_largesig_r01,prps,1487,37,0.311816,-21,0,-21,-0.05497787,-3.15000,prps,3,3346
195214,195.214,1,4004,54004,lowband_largesig_r01,prps,1491,41,0.341861,-22,0,-22,-0.05759586,-3.30000,prps,3,3350
195234,195.234,1,4004,54004,lowband_largesig_r01,prps,1494,44,0.365759,-23,0,-23,-0.06021386,-3.45000,prps,3,3354
195254,195.254,1,4004,54004,lowband_largesig_r01,prps,1495,45,0.380185,-24,0,-24,-0.06283185,-3.60000,prps,3,3358
195274,195.274,1,4004,54004,lowband_largesig_r01,prps,1496,46,0.383217,-26,0,-26,-0.06806784,-3.90000,prps,3,3362
195294,195.294,1,4004,54004,lowband_largesig_r01,prps,1495,45,0.374341,-28,0,-28,-0.07330382,-4.20000,prps,3,3366
195314,195.314,1,4004,54004,lowband_largesig_r01,prps,1492,42,0.354168,-29,0,-29,-0.07592182,-4.35000,prps,3,3370
195334,195.334,1,4004,54004,lowband_largesig_r01,prps,1489,39,0.323989,-29,0,-29,-0.07592182,-4.35000,prps,3,3374
195354,195.354,1,4004,54004,lowband_largesig_r01,prps,1484,34,0.285296,-28,0,-28,-0.07330382,-4.20000,prps,3,3378
195374,195.374,1,4004,54004,lowband_largesig_r01,prps,1478,28,0.239436,-28,0,-28,-0.07330382,-4.20000,prps,3,3382
195394,195.394,1,4004,54004,lowband_largesig_r01,prps,1472,22,0.187475,-28,0,-28,-0.07330382,-4.20000,prps,3,3386
195414,195.414,1,4004,54004,lowband_largesig_r01,prps,1466,16,0.130338,-27,0,-27,-0.07068583,-4.05000,prps,3,3390
195434,195.434,1,4004,54004,lowband_largesig_r01,prps,1458,8,0.069166,-25,0,-25,-0.06544985,-3.75000,prps,3,3394
195454,195.454,1,4004,54004,lowband_largesig_r01,prps,1451,1,0.005816,-22,0,-22,-0.05759586,-3.30000,prps,3,3398
195474,195.474,1,4004,54004,lowband_largesig_r01,prps,1443,-7,-0.056667,-18,0,-18,-0.04712389,-2.70000,prps,3,3402
195494,195.494,1,4004,54004,lowband_largesig_r01,prps,1436,-14,-0.113763,-13,0,-13,-0.03403392,-1.95000,prps,3,3406
195514,195.514,1,4004,54004,lowband_largesig_r01,prps,1431,-19,-0.159512,-8,0,-8,-0.02094395,-1.20000,prps,3,3410
195534,195.534,1,4004,54004,lowband_largesig_r01,prps,1428,-22,-0.186956,-3,0,-3,-0.00785398,-0.45000,prps,3,3414
195554,195.554,1,4004,54004,lowband_largesig_r01,prps,1428,-22,-0.188989,2,0,2,0.00523599,0.30000,prps,3,3418
195574,195.574,1,4004,54004,lowband_largesig_r01,prps,1431,-19,-0.159517,5,0,5,0.01308997,0.75000,prps,3,3422
195594,195.594,1,4004,54004,lowband_largesig_r01,prps,1439,-11,-0.094751,5,0,5,0.01308997,0.75000,prps,3,3426
195614,195.614,1,4004,54004,lowband_largesig_r01,prps,1451,1,0.005601,5,0,5,0.01308997,0.75000,prps,3,3430
195634,195.634,1,4004,54004,lowband_largesig_r01,prps,1466,16,0.137478,4,0,4,0.01047198,0.60000,prps,3,3434
195654,195.654,1,4004,54004,lowband_largesig_r01,prps,1485,35,0.292186,2,0,2,0.00523599,0.30000,prps,3,3438
195674,195.674,1,4004,54004,lowband_largesig_r01,prps,1504,54,0.456803,-3,0,-3,-0.00785398,-0.45000,prps,3,3442
195694,195.694,1,4004,54004,lowband_largesig_r01,prps,1523,73,0.615313,-10,0,-10,-0.02617994,-1.50000,prps,3,3446
195714,195.714,1,4004,54004,lowband_largesig_r01,prps,1539,89,0.750375,-21,0,-21,-0.05497787,-3.15000,prps,3,3450
195734,195.734,1,4004,54004,lowband_largesig_r01,prps,1551,101,0.845484,-33,0,-33,-0.08639380,-4.95000,prps,3,3454
195754,195.754,1,4004,54004,lowband_largesig_r01,prps,1556,106,0.887254,-45,0,-45,-0.11780972,-6.75000,prps,3,3458
195774,195.774,1,4004,54004,lowband_largesig_r01,prps,1553,103,0.867439,-54,0,-54,-0.14137166,-8.10000,prps,3,3462
195794,195.794,1,4004,54004,lowband_largesig_r01,prps,1543,93,0.784380,-61,0,-61,-0.15969762,-9.15000,prps,3,3466
195814,195.814,1,4004,54004,lowband_largesig_r01,prps,1527,77,0.643604,-64,0,-64,-0.16755160,-9.60000,prps,3,3470
195834,195.834,1,4004,54004,lowband_largesig_r01,prps,1504,54,0.457445,-63,0,-63,-0.16493360,-9.45000,prps,3,3474
195854,195.854,1,4004,54004,lowband_largesig_r01,prps,1479,29,0.243677,-56,0,-56,-0.14660765,-8.40000,prps,3,3478
195874,195.874,1,4004,54004,lowband_largesig_r01,prps,1453,3,0.023345,-47,0,-47,-0.12304571,-7.05000,prps,3,3482
195894,195.894,1,4004,54004,lowband_largesig_r01,prps,1428,-22,-0.181923,-36,0,-36,-0.09424778,-5.40000,prps,3,3486
195914,195.914,1,4004,54004,lowband_largesig_r01,prps,1408,-42,-0.352727,-23,0,-23,-0.06021386,-3.45000,prps,3,3490
195934,195.934,1,4004,54004,lowband_largesig_r01,prps,1394,-56,-0.474412,-8,0,-8,-0.02094395,-1.20000,prps,3,3494
195954,195.954,1,4004,54004,lowband_largesig_r01,prps,1386,-64,-0.538913,6,0,6,0.01570796,0.90000,prps,3,3498
195974,195.974,1,4004,54004,lowband_largesig_r01,prps,1385,-65,-0.545649,18,0,18,0.04712389,2.70000,prps,3,3502
195994,195.994,1,4004,54004,lowband_largesig_r01,prps,1390,-60,-0.501327,25,0,25,0.06544985,3.75000,prps,3,3506
196014,196.014,1,4004,54004,lowband_largesig_r01,prps,1400,-50,-0.418710,27,0,27,0.07068583,4.05000,prps,3,3510
196034,196.034,1,4004,54004,lowband_largesig_r01,prps,1413,-37,-0.314542,26,0,26,0.06806784,3.90000,prps,3,3514
196054,196.054,1,4004,54004,lowband_largesig_r01,prps,1425,-25,-0.206959,24,0,24,0.06283185,3.60000,prps,3,3518
196074,196.074,1,4004,54004,lowband_largesig_r01,prps,1437,-13,-0.112818,20,0,20,0.05235988,3.00000,prps,3,3522
196094,196.094,1,4004,54004,lowband_largesig_r01,prps,1445,-5,-0.045349,15,0,15,0.03926991,2.25000,prps,3,3526
196114,196.114,1,4004,54004,lowband_largesig_r01,prps,1449,-1,-0.012496,9,0,9,0.02356194,1.35000,prps,3,3530
196134,196.134,1,4004,54004,lowband_largesig_r01,prps,1448,-2,-0.016183,4,0,4,0.01047198,0.60000,prps,3,3534
196154,196.154,1,4004,54004,lowband_largesig_r01,prps,1444,-6,-0.052597,1,0,1,0.00261799,0.15000,prps,3,3538
196174,196.174,1,4004,54004,lowband_largesig_r01,prps,1437,-13,-0.113379,1,0,1,0.00261799,0.15000,prps,3,3542
196194,196.194,1,4004,54004,lowband_largesig_r01,prps,1428,-22,-0.187494,1,0,1,0.00261799,0.15000,prps,3,3546
196214,196.214,1,4004,54004,lowband_largesig_r01,prps,1419,-31,-0.263428,1,0,1,0.00261799,0.15000,prps,3,3550
196234,196.234,1,4004,54004,lowband_largesig_r01,prps,1411,-39,-0.331300,3,0,3,0.00785398,0.45000,prps,3,3554
196254,196.254,1,4004,54004,lowband_largesig_r01,prps,1404,-46,-0.384534,6,0,6,0.01570796,0.90000,prps,3,3558
196274,196.274,1,4004,54004,lowband_largesig_r01,prps,1400,-50,-0.420787,9,0,9,0.02356194,1.35000,prps,3,3562
196294,196.294,1,4004,54004,lowband_largesig_r01,prps,1397,-53,-0.441996,14,0,14,0.03665191,2.10000,prps,3,3566
196314,196.314,1,4004,54004,lowband_largesig_r01,prps,1396,-54,-0.453561,17,0,17,0.04450589,2.55000,prps,3,3570
196334,196.334,1,4004,54004,lowband_largesig_r01,prps,1395,-55,-0.462826,18,0,18,0.04712389,2.70000,prps,3,3574
196354,196.354,1,4004,54004,lowband_largesig_r01,prps,1393,-57,-0.477181,19,0,19,0.04974188,2.85000,prps,3,3578
196374,196.374,1,4004,54004,lowband_largesig_r01,prps,1390,-60,-0.502131,20,0,20,0.05235988,3.00000,prps,3,3582
196394,196.394,1,4004,54004,lowband_largesig_r01,prps,1386,-64,-0.539738,21,0,21,0.05497787,3.15000,prps,3,3586
196414,196.414,1,4004,54004,lowband_largesig_r01,prps,1380,-70,-0.587726,23,0,23,0.06021386,3.45000,prps,3,3590
196434,196.434,1,4004,54004,lowband_largesig_r01,prps,1374,-76,-0.639447,26,0,26,0.06806784,3.90000,prps,3,3594
196454,196.454,1,4004,54004,lowband_largesig_r01,prps,1369,-81,-0.684750,28,0,28,0.07330382,4.20000,prps,3,3598
196474,196.474,1,4004,54004,lowband_largesig_r01,prps,1365,-85,-0.711605,31,0,31,0.08115781,4.65000,prps,3,3602
196494,196.494,1,4004,54004,lowband_largesig_r01,prps,1366,-84,-0.708216,33,0,33,0.08639380,4.95000,prps,3,3606
196514,196.514,1,4004,54004,lowband_largesig_r01,prps,1371,-79,-0.665261,35,0,35,0.09162979,5.25000,prps,3,3610
196534,196.534,1,4004,54004,lowband_largesig_r01,prps,1381,-69,-0.577829,36,0,36,0.09424778,5.40000,prps,3,3614
196554,196.554,1,4004,54004,lowband_largesig_r01,prps,1397,-53,-0.446732,36,0,36,0.09424778,5.40000,prps,3,3618
196574,196.574,1,4004,54004,lowband_largesig_r01,prps,1417,-33,-0.278892,35,0,35,0.09162979,5.25000,prps,3,3622
196594,196.594,1,4004,54004,lowband_largesig_r01,prps,1440,-10,-0.086742,30,0,30,0.07853982,4.50000,prps,3,3626
196614,196.614,1,4004,54004,lowband_largesig_r01,prps,1463,13,0.113329,23,0,23,0.06021386,3.45000,prps,3,3630
196634,196.634,1,4004,54004,lowband_largesig_r01,prps,1486,36,0.303223,12,0,12,0.03141592,1.80000,prps,3,3634
196654,196.654,1,4004,54004,lowband_largesig_r01,prps,1505,55,0.465740,1,0,1,0.00261799,0.15000,prps,3,3638
196674,196.674,1,4004,54004,lowband_largesig_r01,prps,1520,70,0.587100,-10,0,-10,-0.02617994,-1.50000,prps,3,3642
196694,196.694,1,4004,54004,lowband_largesig_r01,prps,1528,78,0.658972,-22,0,-22,-0.05759586,-3.30000,prps,3,3646
196726,196.726,1,4004,54004,lowband_largesig_r01,prps,1531,81,0.679669,-40,0,-40,-0.10471976,-6.00000,prps,3,3650
196745,196.745,1,4004,54004,lowband_largesig_r01,prps,1528,78,0.654303,-47,0,-47,-0.12304571,-7.05000,prps,3,3654
196765,196.765,1,4004,54004,lowband_largesig_r01,prps,1521,71,0.593866,-49,0,-49,-0.12828170,-7.35000,prps,3,3658
196785,196.785,1,4004,54004,lowband_largesig_r01,prps,1511,61,0.513385,-49,0,-49,-0.12828170,-7.35000,prps,3,3662
196805,196.805,1,4004,54004,lowband_largesig_r01,prps,1501,51,0.429448,-48,0,-48,-0.12566370,-7.20000,prps,3,3666
196825,196.825,1,4004,54004,lowband_largesig_r01,prps,1493,43,0.357513,-45,0,-45,-0.11780972,-6.75000,prps,3,3670
196845,196.845,1,4004,54004,lowband_largesig_r01,prps,1487,37,0.309428,-42,0,-42,-0.10995574,-6.30000,prps,3,3674
196865,196.865,1,4004,54004,lowband_largesig_r01,prps,1485,35,0.291575,-38,0,-38,-0.09948376,-5.70000,prps,3,3678
196885,196.885,1,4004,54004,lowband_largesig_r01,prps,1486,36,0.303942,-34,0,-34,-0.08901179,-5.10000,prps,3,3682
196905,196.905,1,4004,54004,lowband_largesig_r01,prps,1490,40,0.340247,-30,0,-30,-0.07853982,-4.50000,prps,3,3686
196925,196.925,1,4004,54004,lowband_largesig_r01,prps,1496,46,0.389104,-29,0,-29,-0.07592182,-4.35000,prps,3,3690
196945,196.945,1,4004,54004,lowband_largesig_r01,prps,1502,52,0.436016,-29,0,-29,-0.07592182,-4.35000,prps,3,3694
196965,196.965,1,4004,54004,lowband_largesig_r01,prps,1505,55,0.465860,-29,0,-29,-0.07592182,-4.35000,prps,3,3698
196985,196.985,1,4004,54004,lowband_largesig_r01,prps,1505,55,0.465447,-30,0,-30,-0.07853982,-4.50000,prps,3,3702
197005,197.005,1,4004,54004,lowband_largesig_r01,prps,1501,51,0.425746,-30,0,-30,-0.07853982,-4.50000,prps,3,3706
197025,197.025,1,4004,54004,lowband_largesig_r01,prps,1491,41,0.343395,-31,0,-31,-0.08115781,-4.65000,prps,3,3710
197045,197.045,1,4004,54004,lowband_largesig_r01,prps,1476,26,0.221281,-30,0,-30,-0.07853982,-4.50000,prps,3,3714
197065,197.065,1,4004,54004,lowband_largesig_r01,prps,1458,8,0.068107,-30,0,-30,-0.07853982,-4.50000,prps,3,3718
197085,197.085,1,4004,54004,lowband_largesig_r01,prps,1438,-12,-0.102971,-26,0,-26,-0.06806784,-3.90000,prps,3,3722
197105,197.105,1,4004,54004,lowband_largesig_r01,prps,1417,-33,-0.276383,-20,0,-20,-0.05235988,-3.00000,prps,3,3726
197125,197.125,1,4004,54004,lowband_largesig_r01,prps,1398,-52,-0.436518,-11,0,-11,-0.02879793,-1.65000,prps,3,3730
197145,197.145,1,4004,54004,lowband_largesig_r01,prps,1382,-68,-0.570036,2,0,2,0.00523599,0.30000,prps,3,3734
197165,197.165,1,4004,54004,lowband_largesig_r01,prps,1371,-79,-0.667752,13,0,13,0.03403392,1.95000,prps,3,3738
197185,197.185,1,4004,54004,lowband_largesig_r01,prps,1364,-86,-0.725792,22,0,22,0.05759586,3.30000,prps,3,3742
197205,197.205,1,4004,54004,lowband_largesig_r01,prps,1361,-89,-0.745867,31,0,31,0.08115781,4.65000,prps,3,3746
197225,197.225,1,4004,54004,lowband_largesig_r01,prps,1363,-87,-0.734653,38,0,38,0.09948376,5.70000,prps,3,3750
197245,197.245,1,4004,54004,lowband_largesig_r01,prps,1366,-84,-0.702420,43,0,43,0.11257374,6.45000,prps,3,3754
197265,197.265,1,4004,54004,lowband_largesig_r01,prps,1371,-79,-0.661160,43,0,43,0.11257374,6.45000,prps,3,3758
197285,197.285,1,4004,54004,lowband_largesig_r01,prps,1376,-74,-0.622544,43,0,43,0.11257374,6.45000,prps,3,3762
197305,197.305,1,4004,54004,lowband_largesig_r01,prps,1379,-71,-0.596055,43,0,43,0.11257374,6.45000,prps,3,3766
197325,197.325,1,4004,54004,lowband_largesig_r01,prps,1380,-70,-0.587591,42,0,42,0.10995574,6.30000,prps,3,3770
197345,197.345,1,4004,54004,lowband_largesig_r01,prps,1379,-71,-0.598741,40,0,40,0.10471976,6.00000,prps,3,3774
197365,197.365,1,4004,54004,lowband_largesig_r01,prps,1375,-75,-0.626807,38,0,38,0.09948376,5.70000,prps,3,3778
197385,197.385,1,4004,54004,lowband_largesig_r01,prps,1371,-79,-0.665539,37,0,37,0.09686577,5.55000,prps,3,3782
197405,197.405,1,4004,54004,lowband_largesig_r01,prps,1366,-84,-0.706389,37,0,37,0.09686577,5.55000,prps,3,3786
197425,197.425,1,4004,54004,lowband_largesig_r01,prps,1362,-88,-0.740064,37,0,37,0.09686577,5.55000,prps,3,3790
197445,197.445,1,4004,54004,lowband_largesig_r01,prps,1360,-90,-0.758079,37,0,37,0.09686577,5.55000,prps,3,3794
197465,197.465,1,4004,54004,lowband_largesig_r01,prps,1360,-90,-0.754054,38,0,38,0.09948376,5.70000,prps,3,3798
197485,197.485,1,4004,54004,lowband_largesig_r01,prps,1364,-86,-0.724560,40,0,40,0.10471976,6.00000,prps,3,3802
197505,197.505,1,4004,54004,lowband_largesig_r01,prps,1370,-80,-0.669403,42,0,42,0.10995574,6.30000,prps,3,3806
197525,197.525,1,4004,54004,lowband_largesig_r01,prps,1380,-70,-0.591357,42,0,42,0.10995574,6.30000,prps,3,3810
197545,197.545,1,4004,54004,lowband_largesig_r01,prps,1391,-59,-0.495443,42,0,42,0.10995574,6.30000,prps,3,3814
197565,197.565,1,4004,54004,lowband_largesig_r01,prps,1404,-46,-0.387933,41,0,41,0.10733775,6.15000,prps,3,3818
197585,197.585,1,4004,54004,lowband_largesig_r01,prps,1417,-33,-0.275287,37,0,37,0.09686577,5.55000,prps,3,3822
197605,197.605,1,4004,54004,lowband_largesig_r01,prps,1431,-19,-0.163235,29,0,29,0.07592182,4.35000,prps,3,3826
197625,197.625,1,4004,54004,lowband_largesig_r01,prps,1443,-7,-0.056156,21,0,21,0.05497787,3.15000,prps,3,3830
197645,197.645,1,4004,54004,lowband_largesig_r01,prps,1455,5,0.043167,13,0,13,0.03403392,1.95000,prps,3,3834
197665,197.665,1,4004,54004,lowband_largesig_r01,prps,1466,16,0.133410,6,0,6,0.01570796,0.90000,prps,3,3838
197685,197.685,1,4004,54004,lowband_largesig_r01,prps,1475,25,0.214271,1,0,1,0.00261799,0.15000,prps,3,3842
197705,197.705,1,4004,54004,lowband_largesig_r01,prps,1484,34,0.285895,-4,0,-4,-0.01047198,-0.60000,prps,3,3846
197725,197.725,1,4004,54004,lowband_largesig_r01,prps,1491,41,0.348297,-9,0,-9,-0.02356194,-1.35000,prps,3,3850
197745,197.745,1,4004,54004,lowband_largesig_r01,prps,1498,48,0.400969,-15,0,-15,-0.03926991,-2.25000,prps,3,3854
197765,197.765,1,4004,54004,lowband_largesig_r01,prps,1503,53,0.442746,-20,0,-20,-0.05235988,-3.00000,prps,3,3858
197785,197.785,1,4004,54004,lowband_largesig_r01,prps,1506,56,0.472002,-26,0,-26,-0.06806784,-3.90000,prps,3,3862
197805,197.805,1,4004,54004,lowband_largesig_r01,prps,1508,58,0.487105,-29,0,-29,-0.07592182,-4.35000,prps,3,3866
197825,197.825,1,4004,54004,lowband_largesig_r01,prps,1508,58,0.487033,-32,0,-32,-0.08377580,-4.80000,prps,3,3870
197845,197.845,1,4004,54004,lowband_largesig_r01,prps,1506,56,0.471996,-35,0,-35,-0.09162979,-5.25000,prps,3,3874
197865,197.865,1,4004,54004,lowband_largesig_r01,prps,1503,53,0.443881,-35,0,-35,-0.09162979,-5.25000,prps,3,3878
197885,197.885,1,4004,54004,lowband_largesig_r01,prps,1498,48,0.406398,-35,0,-35,-0.09162979,-5.25000,prps,3,3882
197905,197.905,1,4004,54004,lowband_largesig_r01,prps,1493,43,0.364821,-34,0,-34,-0.08901179,-5.10000,prps,3,3886
197925,197.925,1,4004,54004,lowband_largesig_r01,prps,1489,39,0.325339,-34,0,-34,-0.08901179,-5.10000,prps,3,3890
197945,197.945,1,4004,54004,lowband_largesig_r01,prps,1485,35,0.294107,-34,0,-34,-0.08901179,-5.10000,prps,3,3894
197965,197.965,1,4004,54004,lowband_largesig_r01,prps,1483,33,0.276146,-34,0,-34,-0.08901179,-5.10000,prps,3,3898
197985,197.985,1,4004,54004,lowband_largesig_r01,prps,1483,33,0.274326,-32,0,-32,-0.08377580,-4.80000,prps,3,3902
198005,198.005,1,4004,54004,lowband_largesig_r01,prps,1484,34,0.288621,-30,0,-30,-0.07853982,-4.50000,prps,3,3906
198025,198.025,1,4004,54004,lowband_largesig_r01,prps,1488,38,0.315848,-27,0,-27,-0.07068583,-4.05000,prps,3,3910
198045,198.045,1,4004,54004,lowband_largesig_r01,prps,1492,42,0.349972,-28,0,-28,-0.07330382,-4.20000,prps,3,3914
198065,198.065,1,4004,54004,lowband_largesig_r01,prps,1496,46,0.382983,-28,0,-28,-0.07330382,-4.20000,prps,3,3918
198085,198.085,1,4004,54004,lowband_largesig_r01,prps,1498,48,0.406244,-28,0,-28,-0.07330382,-4.20000,prps,3,3922
198105,198.105,1,4004,54004,lowband_largesig_r01,prps,1499,49,0.412086,-28,0,-28,-0.07330382,-4.20000,prps,3,3926
198125,198.125,1,4004,54004,lowband_largesig_r01,prps,1497,47,0.395388,-28,0,-28,-0.07330382,-4.20000,prps,3,3930
198145,198.145,1,4004,54004,lowband_largesig_r01,prps,1492,42,0.354842,-29,0,-29,-0.07592182,-4.35000,prps,3,3934
198165,198.165,1,4004,54004,lowband_largesig_r01,prps,1485,35,0.293638,-29,0,-29,-0.07592182,-4.35000,prps,3,3938
198185,198.185,1,4004,54004,lowband_largesig_r01,prps,1476,26,0.219413,-29,0,-29,-0.07592182,-4.35000,prps,3,3942
198205,198.205,1,4004,54004,lowband_largesig_r01,prps,1467,17,0.143392,-27,0,-27,-0.07068583,-4.05000,prps,3,3946
198225,198.225,1,4004,54004,lowband_largesig_r01,prps,1459,9,0.078809,-25,0,-25,-0.06544985,-3.75000,prps,3,3950
198245,198.245,1,4004,54004,lowband_largesig_r01,prps,1455,5,0.038849,-22,0,-22,-0.05759586,-3.30000,prps,3,3954
198265,198.265,1,4004,54004,lowband_largesig_r01,prps,1454,4,0.034404,-19,0,-19,-0.04974188,-2.85000,prps,3,3958
198285,198.285,1,4004,54004,lowband_largesig_r01,prps,1459,9,0.072029,-15,0,-15,-0.03926991,-2.25000,prps,3,3962
198305,198.305,1,4004,54004,lowband_largesig_r01,prps,1468,18,0.152457,-12,0,-12,-0.03141592,-1.80000,prps,3,3966
198325,198.325,1,4004,54004,lowband_largesig_r01,prps,1482,32,0.269950,-11,0,-11,-0.02879793,-1.65000,prps,3,3970
198345,198.345,1,4004,54004,lowband_largesig_r01,prps,1499,49,0.412656,-13,0,-13,-0.03403392,-1.95000,prps,3,3974
198365,198.365,1,4004,54004,lowband_largesig_r01,prps,1517,67,0.563955,-17,0,-17,-0.04450589,-2.55000,prps,3,3978
198385,198.385,1,4004,54004,lowband_largesig_r01,prps,1534,84,0.704647,-24,0,-24,-0.06283185,-3.60000,prps,3,3982
198405,198.405,1,4004,54004,lowband_largesig_r01,prps,1547,97,0.815644,-33,0,-33,-0.08639380,-4.95000,prps,3,3986
198425,198.425,1,4004,54004,lowband_largesig_r01,prps,1555,105,0.880786,-42,0,-42,-0.10995574,-6.30000,prps,3,3990
198445,198.445,1,4004,54004,lowband_largesig_r01,prps,1556,106,0.889312,-51,0,-51,-0.13351768,-7.65000,prps,3,3994
198465,198.465,1,4004,54004,lowband_largesig_r01,prps,1550,100,0.837604,-57,0,-57,-0.14922565,-8.55000,prps,3,3998
198485,198.485,1,4004,54004,lowband_largesig_r01,prps,1537,87,0.729903,-61,0,-61,-0.15969762,-9.15000,prps,3,4002
198505,198.505,1,4004,54004,lowband_largesig_r01,prps,1519,69,0.577856,-61,0,-61,-0.15969762,-9.15000,prps,3,4006
198525,198.525,1,4004,54004,lowband_largesig_r01,prps,1497,47,0.398957,-59,0,-59,-0.15446164,-8.85000,prps,3,4010
198545,198.545,1,4004,54004,lowband_largesig_r01,prps,1475,25,0.214085,-52,0,-52,-0.13613568,-7.80000,prps,3,4014
198565,198.565,1,4004,54004,lowband_largesig_r01,prps,1455,5,0.044540,-44,0,-44,-0.11519173,-6.60000,prps,3,4018
198585,198.585,1,4004,54004,lowband_largesig_r01,prps,1439,-11,-0.090991,-33,0,-33,-0.08639380,-4.95000,prps,3,4022
198605,198.605,1,4004,54004,lowband_largesig_r01,prps,1429,-21,-0.179054,-21,0,-21,-0.05497787,-3.15000,prps,3,4026
198625,198.625,1,4004,54004,lowband_largesig_r01,prps,1425,-25,-0.213239,-10,0,-10,-0.02617994,-1.50000,prps,3,4030
198645,198.645,1,4004,54004,lowband_largesig_r01,prps,1427,-23,-0.194893,1,0,1,0.00261799,0.15000,prps,3,4034
198665,198.665,1,4004,54004,lowband_largesig_r01,prps,1434,-16,-0.132660,5,0,5,0.01308997,0.75000,prps,3,4038
198685,198.685,1,4004,54004,lowband_largesig_r01,prps,1445,-5,-0.040909,5,0,5,0.01308997,0.75000,prps,3,4042
198705,198.705,1,4004,54004,lowband_largesig_r01,prps,1457,7,0.062655,5,0,5,0.01308997,0.75000,prps,3,4046
198725,198.725,1,4004,54004,lowband_largesig_r01,prps,1469,19,0.159826,3,0,3,0.00785398,0.45000,prps,3,4050
198745,198.745,1,4004,54004,lowband_largesig_r01,prps,1478,28,0.234697,0,0,0,0.00000000,0.00000,prps,3,4054
198765,198.765,1,4004,54004,lowband_largesig_r01,prps,1483,33,0.276004,-5,0,-5,-0.01308997,-0.75000,prps,3,4058
198785,198.785,1,4004,54004,lowband_largesig_r01,prps,1483,33,0.278624,-9,0,-9,-0.02356194,-1.35000,prps,3,4062
198805,198.805,1,4004,54004,lowband_largesig_r01,prps,1479,29,0.244042,-15,0,-15,-0.03926991,-2.25000,prps,3,4066
198825,198.825,1,4004,54004,lowband_largesig_r01,prps,1471,21,0.179725,-19,0,-19,-0.04974188,-2.85000,prps,3,4070
198845,198.845,1,4004,54004,lowband_largesig_r01,prps,1462,12,0.097556,-21,0,-21,-0.05497787,-3.15000,prps,3,4074
198865,198.865,1,4004,54004,lowband_largesig_r01,prps,1451,1,0.011631,-20,0,-20,-0.05235988,-3.00000,prps,3,4078
198885,198.885,1,4004,54004,lowband_largesig_r01,prps,1442,-8,-0.064212,-18,0,-18,-0.04712389,-2.70000,prps,3,4082
198905,198.905,1,4004,54004,lowband_largesig_r01,prps,1436,-14,-0.118679,-13,0,-13,-0.03403392,-1.95000,prps,3,4086
198925,198.925,1,4004,54004,lowband_largesig_r01,prps,1433,-17,-0.144755,-8,0,-8,-0.02094395,-1.20000,prps,3,4090
198945,198.945,1,4004,54004,lowband_largesig_r01,prps,1433,-17,-0.140614,-3,0,-3,-0.00785398,-0.45000,prps,3,4094
198965,198.965,1,4004,54004,lowband_largesig_r01,prps,1437,-13,-0.109577,2,0,2,0.00523599,0.30000,prps,3,4098
198985,198.985,1,4004,54004,lowband_largesig_r01,prps,1443,-7,-0.059170,4,0,4,0.01047198,0.60000,prps,3,4102
199005,199.005,1,4004,54004,lowband_largesig_r01,prps,1450,0,0.000517,4,0,4,0.01047198,0.60000,prps,3,4106
199025,199.025,1,4004,54004,lowband_largesig_r01,prps,1457,7,0.058839,3,0,3,0.00785398,0.45000,prps,3,4110
199045,199.045,1,4004,54004,lowband_largesig_r01,prps,1463,13,0.106602,2,0,2,0.00523599,0.30000,prps,3,4114
199065,199.065,1,4004,54004,lowband_largesig_r01,prps,1466,16,0.137691,0,0,0,0.00000000,0.00000,prps,3,4118
199085,199.085,1,4004,54004,lowband_largesig_r01,prps,1468,18,0.150026,-2,0,-2,-0.00523599,-0.30000,prps,3,4122
199105,199.105,1,4004,54004,lowband_largesig_r01,prps,1467,17,0.145690,-6,0,-6,-0.01570796,-0.90000,prps,3,4126
199125,199.125,1,4004,54004,lowband_largesig_r01,prps,1465,15,0.130214,-9,0,-9,-0.02356194,-1.35000,prps,3,4130
199145,199.145,1,4004,54004,lowband_largesig_r01,prps,1463,13,0.111177,-10,0,-10,-0.02617994,-1.50000,prps,3,4134
199165,199.165,1,4004,54004,lowband_largesig_r01,prps,1461,11,0.096391,-11,0,-11,-0.02879793,-1.65000,prps,3,4138
199185,199.185,1,4004,54004,lowband_largesig_r01,prps,1461,11,0.092034,-11,0,-11,-0.02879793,-1.65000,prps,3,4142
199205,199.205,1,4004,54004,lowband_largesig_r01,prps,1462,12,0.101085,-11,0,-11,-0.02879793,-1.65000,prps,3,4146
199225,199.225,1,4004,54004,lowband_largesig_r01,prps,1465,15,0.122381,-11,0,-11,-0.02879793,-1.65000,prps,3,4150
199245,199.245,1,4004,54004,lowband_largesig_r01,prps,1468,18,0.150491,-11,0,-11,-0.02879793,-1.65000,prps,3,4154
199265,199.265,1,4004,54004,lowband_largesig_r01,prps,1471,21,0.176452,-11,0,-11,-0.02879793,-1.65000,prps,3,4158
199285,199.285,1,4004,54004,lowband_largesig_r01,prps,1473,23,0.189271,-12,0,-12,-0.03141592,-1.80000,prps,3,4162
199305,199.305,1,4004,54004,lowband_largesig_r01,prps,1471,21,0.177930,-14,0,-14,-0.03665191,-2.10000,prps,3,4166
199325,199.325,1,4004,54004,lowband_largesig_r01,prps,1466,16,0.133547,-14,0,-14,-0.03665191,-2.10000,prps,3,4170
199345,199.345,1,4004,54004,lowband_largesig_r01,prps,1456,6,0.051322,-14,0,-14,-0.03665191,-2.10000,prps,3,4174
199365,199.365,1,4004,54004,lowband_largesig_r01,prps,1442,-8,-0.068100,-13,0,-13,-0.03403392,-1.95000,prps,3,4178
199385,199.385,1,4004,54004,lowband_largesig_r01,prps,1424,-26,-0.218111,-11,0,-11,-0.02879793,-1.65000,prps,3,4182
199405,199.405,1,4004,54004,lowband_largesig_r01,prps,1404,-46,-0.386580,-5,0,-5,-0.01308997,-0.75000,prps,3,4186
199425,199.425,1,4004,54004,lowband_largesig_r01,prps,1384,-66,-0.557226,3,0,3,0.00785398,0.45000,prps,3,4190
199445,199.445,1,4004,54004,lowband_largesig_r01,prps,1365,-85,-0.711717,11,0,11,0.02879793,1.65000,prps,3,4194
199465,199.465,1,4004,54004,lowband_largesig_r01,prps,1351,-99,-0.832188,20,0,20,0.05235988,3.00000,prps,3,4198
199485,199.485,1,4004,54004,lowband_largesig_r01,prps,1342,-108,-0.903775,29,0,29,0.07592182,4.35000,prps,3,4202
199505,199.505,1,4004,54004,lowband_largesig_r01,prps,1341,-109,-0.916787,39,0,39,0.10210176,5.85000,prps,3,4206
199525,199.525,1,4004,54004,lowband_largesig_r01,prps,1347,-103,-0.868153,47,0,47,0.12304571,7.05000,prps,3,4210
199545,199.545,1,4004,54004,lowband_largesig_r01,prps,1359,-91,-0.761950,52,0,52,0.13613568,7.80000,prps,3,4214
199565,199.565,1,4004,54004,lowband_largesig_r01,prps,1378,-72,-0.608908,53,0,53,0.13875367,7.95000,prps,3,4218
199585,199.585,1,4004,54004,lowband_largesig_r01,prps,1399,-51,-0.425004,52,0,52,0.13613568,7.80000,prps,3,4222
199605,199.605,1,4004,54004,lowband_largesig_r01,prps,1423,-27,-0.229356,46,0,46,0.12042772,6.90000,prps,3,4226
199625,199.625,1,4004,54004,lowband_largesig_r01,prps,1445,-5,-0.041750,36,0,36,0.09424778,5.40000,prps,3,4230
199645,199.645,1,4004,54004,lowband_largesig_r01,prps,1464,14,0.119818,23,0,23,0.06021386,3.45000,prps,3,4234
199665,199.665,1,4004,54004,lowband_largesig_r01,prps,1479,29,0.241233,9,0,9,0.02356194,1.35000,prps,3,4238
199685,199.685,1,4004,54004,lowband_largesig_r01,prps,1487,37,0.313695,-3,0,-3,-0.00785398,-0.45000,prps,3,4242
199705,199.705,1,4004,54004,lowband_largesig_r01,prps,1490,40,0.334323,-13,0,-13,-0.03403392,-1.95000,prps,3,4246
199725,199.725,1,4004,54004,lowband_largesig_r01,prps,1486,36,0.305912,-22,0,-22,-0.05759586,-3.30000,prps,3,4250
199745,199.745,1,4004,54004,lowband_largesig_r01,prps,1478,28,0.235930,-27,0,-27,-0.07068583,-4.05000,prps,3,4254
199765,199.765,1,4004,54004,lowband_largesig_r01,prps,1466,16,0.134990,-27,0,-27,-0.07068583,-4.05000,prps,3,4258
199785,199.785,1,4004,54004,lowband_largesig_r01,prps,1452,2,0.015072,-25,0,-25,-0.06544985,-3.75000,prps,3,4262
199805,199.805,1,4004,54004,lowband_largesig_r01,prps,1437,-13,-0.112198,-21,0,-21,-0.05497787,-3.15000,prps,3,4266
199825,199.825,1,4004,54004,lowband_largesig_r01,prps,1422,-28,-0.236945,-14,0,-14,-0.03665191,-2.10000,prps,3,4270
199845,199.845,1,4004,54004,lowband_largesig_r01,prps,1408,-42,-0.351943,-7,0,-7,-0.01832596,-1.05000,prps,3,4274
199865,199.865,1,4004,54004,lowband_largesig_r01,prps,1396,-54,-0.452914,3,0,3,0.00785398,0.45000,prps,3,4278
199885,199.885,1,4004,54004,lowband_largesig_r01,prps,1386,-64,-0.538285,10,0,10,0.02617994,1.50000,prps,3,4282
199905,199.905,1,4004,54004,lowband_largesig_r01,prps,1378,-72,-0.608508,17,0,17,0.04450589,2.55000,prps,3,4286
199925,199.925,1,4004,54004,lowband_largesig_r01,prps,1371,-79,-0.665156,22,0,22,0.05759586,3.30000,prps,3,4290
199945,199.945,1,4004,54004,lowband_largesig_r01,prps,1366,-84,-0.709999,27,0,27,0.07068583,4.05000,prps,3,4294
199965,199.965,1,4004,54004,lowband_largesig_r01,prps,1361,-89,-0.744273,32,0,32,0.08377580,4.80000,prps,3,4298
199985,199.985,1,4004,54004,lowband_largesig_r01,prps,1359,-91,-0.768260,35,0,35,0.09162979,5.25000,prps,3,4302
200005,200.005,1,4004,54004,lowband_largesig_r01,prps,1357,-93,-0.781269,39,0,39,0.10210176,5.85000,prps,3,4306
200025,200.025,1,4004,54004,lowband_largesig_r01,prps,1357,-93,-0.781944,41,0,41,0.10733775,6.15000,prps,3,4310
200045,200.045,1,4004,54004,lowband_largesig_r01,prps,1359,-91,-0.768837,43,0,43,0.11257374,6.45000,prps,3,4314
200065,200.065,1,4004,54004,lowband_largesig_r01,prps,1362,-88,-0.741050,44,0,44,0.11519173,6.60000,prps,3,4318
200085,200.085,1,4004,54004,lowband_largesig_r01,prps,1367,-83,-0.698792,44,0,44,0.11519173,6.60000,prps,3,4322
200105,200.105,1,4004,54004,lowband_largesig_r01,prps,1373,-77,-0.643703,45,0,45,0.11780972,6.75000,prps,3,4326
200125,200.125,1,4004,54004,lowband_largesig_r01,prps,1381,-69,-0.578843,45,0,45,0.11780972,6.75000,prps,3,4330
200145,200.145,1,4004,54004,lowband_largesig_r01,prps,1390,-60,-0.508343,44,0,44,0.11519173,6.60000,prps,3,4334
200165,200.165,1,4004,54004,lowband_largesig_r01,prps,1398,-52,-0.436769,41,0,41,0.10733775,6.15000,prps,3,4338
200185,200.185,1,4004,54004,lowband_largesig_r01,prps,1406,-44,-0.368349,37,0,37,0.09686577,5.55000,prps,3,4342
200205,200.205,1,4004,54004,lowband_largesig_r01,prps,1414,-36,-0.306214,31,0,31,0.08115781,4.65000,prps,3,4346
200225,200.225,1,4004,54004,lowband_largesig_r01,prps,1420,-30,-0.251846,25,0,25,0.06544985,3.75000,prps,3,4350
200245,200.245,1,4004,54004,lowband_largesig_r01,prps,1426,-24,-0.204853,20,0,20,0.05235988,3.00000,prps,3,4354
200265,200.265,1,4004,54004,lowband_largesig_r01,prps,1431,-19,-0.163159,15,0,15,0.03926991,2.25000,prps,3,4358
200285,200.285,1,4004,54004,lowband_largesig_r01,prps,1435,-15,-0.123580,12,0,12,0.03141592,1.80000,prps,3,4362
200305,200.305,1,4004,54004,lowband_largesig_r01,prps,1440,-10,-0.082695,10,0,10,0.02617994,1.50000,prps,3,4366
200325,200.325,1,4004,54004,lowband_largesig_r01,prps,1445,-5,-0.037832,8,0,8,0.02094395,1.20000,prps,3,4370
200345,200.345,1,4004,54004,lowband_largesig_r01,prps,1451,1,0.012029,6,0,6,0.01570796,0.90000,prps,3,4374
200365,200.365,1,4004,54004,lowband_largesig_r01,prps,1458,8,0.065648,4,0,4,0.01047198,0.60000,prps,3,4378
200385,200.385,1,4004,54004,lowband_largesig_r01,prps,1464,14,0.119382,2,0,2,0.00523599,0.30000,prps,3,4382
200405,200.405,1,4004,54004,lowband_largesig_r01,prps,1470,20,0.167557,0,0,0,0.00000000,0.00000,prps,3,4386
200425,200.425,1,4004,54004,lowband_largesig_r01,prps,1474,24,0.203367,-3,0,-3,-0.00785398,-0.45000,prps,3,4390
200445,200.445,1,4004,54004,lowband_largesig_r01,prps,1476,26,0.220137,-7,0,-7,-0.01832596,-1.05000,prps,3,4394
200465,200.465,1,4004,54004,lowband_largesig_r01,prps,1475,25,0.212759,-10,0,-10,-0.02617994,-1.50000,prps,3,4398
200485,200.485,1,4004,54004,lowband_largesig_r01,prps,1471,21,0.179012,-13,0,-13,-0.03403392,-1.95000,prps,3,4402
200505,200.505,1,4004,54004,lowband_largesig_r01,prps,1464,14,0.120518,-15,0,-15,-0.03926991,-2.25000,prps,3,4406
200525,200.525,1,4004,54004,lowband_largesig_r01,prps,1455,5,0.043095,-16,0,-16,-0.04188790,-2.40000,prps,3,4410
200545,200.545,1,4004,54004,lowband_largesig_r01,prps,1445,-5,-0.043608,-14,0,-14,-0.03665191,-2.10000,prps,3,4414
200565,200.565,1,4004,54004,lowband_largesig_r01,prps,1435,-15,-0.127202,-12,0,-12,-0.03141592,-1.80000,prps,3,4418
200585,200.585,1,4004,54004,lowband_largesig_r01,prps,1427,-23,-0.194243,-8,0,-8,-0.02094395,-1.20000,prps,3,4422
200605,200.605,1,4004,54004,lowband_largesig_r01,prps,1422,-28,-0.232273,-2,0,-2,-0.00523599,-0.30000,prps,3,4426
200625,200.625,1,4004,54004,lowband_largesig_r01,prps,1422,-28,-0.231875,3,0,3,0.00785398,0.45000,prps,3,4430
200645,200.645,1,4004,54004,lowband_largesig_r01,prps,1428,-22,-0.188402,6,0,6,0.01570796,0.90000,prps,3,4434
200665,200.665,1,4004,54004,lowband_largesig_r01,prps,1438,-12,-0.103065,6,0,6,0.01570796,0.90000,prps,3,4438
200685,200.685,1,4004,54004,lowband_largesig_r01,prps,1452,2,0.016864,6,0,6,0.01570796,0.90000,prps,3,4442
200705,200.705,1,4004,54004,lowband_largesig_r01,prps,1469,19,0.158792,6,0,6,0.01570796,0.90000,prps,3,4446
200725,200.725,1,4004,54004,lowband_largesig_r01,prps,1486,36,0.306449,4,0,4,0.01047198,0.60000,prps,3,4450
200745,200.745,1,4004,54004,lowband_largesig_r01,prps,1503,53,0.442183,-3,0,-3,-0.00785398,-0.45000,prps,3,4454
200765,200.765,1,4004,54004,lowband_largesig_r01,prps,1515,65,0.549586,-11,0,-11,-0.02879793,-1.65000,prps,3,4458
200785,200.785,1,4004,54004,lowband_largesig_r01,prps,1523,73,0.616019,-22,0,-22,-0.05759586,-3.30000,prps,3,4462
200805,200.805,1,4004,54004,lowband_largesig_r01,prps,1526,76,0.634628,-32,0,-32,-0.08377580,-4.80000,prps,3,4466
200825,200.825,1,4004,54004,lowband_largesig_r01,prps,1522,72,0.605520,-40,0,-40,-0.10471976,-6.00000,prps,3,4470
200845,200.845,1,4004,54004,lowband_largesig_r01,prps,1514,64,0.535858,-47,0,-47,-0.12304571,-7.05000,prps,3,4474
200865,200.865,1,4004,54004,lowband_largesig_r01,prps,1502,52,0.438862,-47,0,-47,-0.12304571,-7.05000,prps,3,4478
200885,200.885,1,4004,54004,lowband_largesig_r01,prps,1489,39,0.331826,-46,0,-46,-0.12042772,-6.90000,prps,3,4482
200905,200.905,1,4004,54004,lowband_largesig_r01,prps,1478,28,0.233465,-42,0,-42,-0.10995574,-6.30000,prps,3,4486
200925,200.925,1,4004,54004,lowband_largesig_r01,prps,1469,19,0.161007,-36,0,-36,-0.09424778,-5.40000,prps,3,4490
200945,200.945,1,4004,54004,lowband_largesig_r01,prps,1465,15,0.127479,-30,0,-30,-0.07853982,-4.50000,prps,3,4494
200965,200.965,1,4004,54004,lowband_largesig_r01,prps,1467,17,0.139648,-25,0,-25,-0.06544985,-3.75000,prps,3,4498
200985,200.985,1,4004,54004,lowband_largesig_r01,prps,1473,23,0.196943,-20,0,-20,-0.05235988,-3.00000,prps,3,4502
201005,201.005,1,4004,54004,lowband_largesig_r01,prps,1485,35,0.291538,-18,0,-18,-0.04712389,-2.70000,prps,3,4506
201025,201.025,1,4004,54004,lowband_largesig_r01,prps,1499,49,0.409596,-18,0,-18,-0.04712389,-2.70000,prps,3,4510
201045,201.045,1,4004,54004,lowband_largesig_r01,prps,1513,63,0.533480,-20,0,-20,-0.05235988,-3.00000,prps,3,4514
201065,201.065,1,4004,54004,lowband_largesig_r01,prps,1527,77,0.644568,-25,0,-25,-0.06544985,-3.75000,prps,3,4518
201085,201.085,1,4004,54004,lowband_largesig_r01,prps,1536,86,0.726228,-31,0,-31,-0.08115781,-4.65000,prps,3,4522
201105,201.105,1,4004,54004,lowband_largesig_r01,prps,1541,91,0.766465,-39,0,-39,-0.10210176,-5.85000,prps,3,4526
201125,201.125,1,4004,54004,lowband_largesig_r01,prps,1540,90,0.759818,-46,0,-46,-0.12042772,-6.90000,prps,3,4530
201145,201.145,1,4004,54004,lowband_largesig_r01,prps,1534,84,0.708197,-51,0,-51,-0.13351768,-7.65000,prps,3,4534
201165,201.165,1,4004,54004,lowband_largesig_r01,prps,1524,74,0.620536,-52,0,-52,-0.13613568,-7.80000,prps,3,4538
201185,201.185,1,4004,54004,lowband_largesig_r01,prps,1511,61,0.511318,-51,0,-51,-0.13351768,-7.65000,prps,3,4542
201205,201.205,1,4004,54004,lowband_largesig_r01,prps,1497,47,0.398224,-50,0,-50,-0.13089970,-7.50000,prps,3,4546
201225,201.225,1,4004,54004,lowband_largesig_r01,prps,1486,36,0.299292,-47,0,-47,-0.12304571,-7.05000,prps,3,4550
201245,201.245,1,4004,54004,lowband_largesig_r01,prps,1477,27,0.230049,-42,0,-42,-0.10995574,-6.30000,prps,3,4554
201265,201.265,1,4004,54004,lowband_largesig_r01,prps,1474,24,0.201077,-36,0,-36,-0.09424778,-5.40000,prps,3,4558
201285,201.285,1,4004,54004,lowband_largesig_r01,prps,1476,26,0.216407,-30,0,-30,-0.07853982,-4.50000,prps,3,4562
201305,201.305,1,4004,54004,lowband_largesig_r01,prps,1482,32,0.272971,-25,0,-25,-0.06544985,-3.75000,prps,3,4566
201325,201.325,1,4004,54004,lowband_largesig_r01,prps,1493,43,0.361202,-24,0,-24,-0.06283185,-3.60000,prps,3,4570
201345,201.345,1,4004,54004,lowband_largesig_r01,prps,1506,56,0.466634,-25,0,-25,-0.06544985,-3.75000,prps,3,4574
201365,201.365,1,4004,54004,lowband_largesig_r01,prps,1518,68,0.572246,-27,0,-27,-0.07068583,-4.05000,prps,3,4578
201385,201.385,1,4004,54004,lowband_largesig_r01,prps,1529,79,0.661134,-30,0,-30,-0.07853982,-4.50000,prps,3,4582
201405,201.405,1,4004,54004,lowband_largesig_r01,prps,1536,86,0.719087,-35,0,-35,-0.09162979,-5.25000,prps,3,4586
201425,201.425,1,4004,54004,lowband_largesig_r01,prps,1538,88,0.736634,-41,0,-41,-0.10733775,-6.15000,prps,3,4590
201445,201.445,1,4004,54004,lowband_largesig_r01,prps,1535,85,0.710271,-48,0,-48,-0.12566370,-7.20000,prps,3,4594
201465,201.465,1,4004,54004,lowband_largesig_r01,prps,1526,76,0.642684,-51,0,-51,-0.13351768,-7.65000,prps,3,4598
201485,201.485,1,4004,54004,lowband_largesig_r01,prps,1514,64,0.541984,-51,0,-51,-0.13351768,-7.65000,prps,3,4602
201505,201.505,1,4004,54004,lowband_largesig_r01,prps,1500,50,0.420118,-50,0,-50,-0.13089970,-7.50000,prps,3,4606
201525,201.525,1,4004,54004,lowband_largesig_r01,prps,1485,35,0.290762,-47,0,-47,-0.12304571,-7.05000,prps,3,4610
201545,201.545,1,4004,54004,lowband_largesig_r01,prps,1470,20,0.167072,-42,0,-42,-0.10995574,-6.30000,prps,3,4614
201565,201.565,1,4004,54004,lowband_largesig_r01,prps,1457,7,0.059681,-35,0,-35,-0.09162979,-5.25000,prps,3,4618
201585,201.585,1,4004,54004,lowband_largesig_r01,prps,1447,-3,-0.024734,-27,0,-27,-0.07068583,-4.05000,prps,3,4622
201605,201.605,1,4004,54004,lowband_largesig_r01,prps,1440,-10,-0.084091,-19,0,-19,-0.04974188,-2.85000,prps,3,4626
201625,201.625,1,4004,54004,lowband_largesig_r01,prps,1436,-14,-0.120696,-12,0,-12,-0.03141592,-1.80000,prps,3,4630
201645,201.645,1,4004,54004,lowband_largesig_r01,prps,1433,-17,-0.140266,-6,0,-6,-0.01570796,-0.90000,prps,3,4634
201665,201.665,1,4004,54004,lowband_largesig_r01,prps,1432,-18,-0.150401,0,0,0,0.00000000,0.00000,prps,3,4638
201685,201.685,1,4004,54004,lowband_largesig_r01,prps,1431,-19,-0.158823,2,0,2,0.00523599,0.30000,prps,3,4642
201705,201.705,1,4004,54004,lowband_largesig_r01,prps,1430,-20,-0.171725,3,0,3,0.00785398,0.45000,prps,3,4646
201725,201.725,1,4004,54004,lowband_largesig_r01,prps,1427,-23,-0.192524,4,0,4,0.01047198,0.60000,prps,3,4650
201745,201.745,1,4004,54004,lowband_largesig_r01,prps,1424,-26,-0.221265,5,0,5,0.01308997,0.75000,prps,3,4654
201765,201.765,1,4004,54004,lowband_largesig_r01,prps,1420,-30,-0.254749,5,0,5,0.01308997,0.75000,prps,3,4658
201785,201.785,1,4004,54004,lowband_largesig_r01,prps,1416,-34,-0.287364,6,0,6,0.01570796,0.90000,prps,3,4662
201805,201.805,1,4004,54004,lowband_largesig_r01,prps,1413,-37,-0.312423,7,0,7,0.01832596,1.05000,prps,3,4666
201825,201.825,1,4004,54004,lowband_largesig_r01,prps,1411,-39,-0.323755,9,0,9,0.02356194,1.35000,prps,3,4670
201845,201.845,1,4004,54004,lowband_largesig_r01,prps,1412,-38,-0.317222,10,0,10,0.02617994,1.50000,prps,3,4674
201865,201.865,1,4004,54004,lowband_largesig_r01,prps,1415,-35,-0.291869,12,0,12,0.03141592,1.80000,prps,3,4678
201885,201.885,1,4004,54004,lowband_largesig_r01,prps,1420,-30,-0.250474,13,0,13,0.03403392,1.95000,prps,3,4682
201905,201.905,1,4004,54004,lowband_largesig_r01,prps,1426,-24,-0.199366,13,0,13,0.03403392,1.95000,prps,3,4686
201925,201.925,1,4004,54004,lowband_largesig_r01,prps,1432,-18,-0.147546,12,0,12,0.03141592,1.80000,prps,3,4690
201945,201.945,1,4004,54004,lowband_largesig_r01,prps,1437,-13,-0.105248,11,0,11,0.02879793,1.65000,prps,3,4694
201965,201.965,1,4004,54004,lowband_largesig_r01,prps,1440,-10,-0.082181,10,0,10,0.02617994,1.50000,prps,3,4698
201985,201.985,1,4004,54004,lowband_largesig_r01,prps,1440,-10,-0.085780,8,0,8,0.02094395,1.20000,prps,3,4702
202005,202.005,1,4004,54004,lowband_largesig_r01,prps,1436,-14,-0.119768,5,0,5,0.01308997,0.75000,prps,3,4706
202025,202.025,1,4004,54004,lowband_largesig_r01,prps,1428,-22,-0.183303,5,0,5,0.01308997,0.75000,prps,3,4710
202045,202.045,1,4004,54004,lowband_largesig_r01,prps,1418,-32,-0.270853,5,0,5,0.01308997,0.75000,prps,3,4714
202065,202.065,1,4004,54004,lowband_largesig_r01,prps,1406,-44,-0.372860,6,0,6,0.01570796,0.90000,prps,3,4718
202085,202.085,1,4004,54004,lowband_largesig_r01,prps,1393,-57,-0.477073,8,0,8,0.02094395,1.20000,prps,3,4722
202105,202.105,1,4004,54004,lowband_largesig_r01,prps,1382,-68,-0.570347,12,0,12,0.03141592,1.80000,prps,3,4726
202125,202.125,1,4004,54004,lowband_largesig_r01,prps,1374,-76,-0.640612,17,0,17,0.04450589,2.55000,prps,3,4730
202145,202.145,1,4004,54004,lowband_largesig_r01,prps,1369,-81,-0.678684,22,0,22,0.05759586,3.30000,prps,3,4734
202165,202.165,1,4004,54004,lowband_largesig_r01,prps,1369,-81,-0.679644,27,0,27,0.07068583,4.05000,prps,3,4738
202185,202.185,1,4004,54004,lowband_largesig_r01,prps,1373,-77,-0.643544,32,0,32,0.08377580,4.80000,prps,3,4742
202205,202.205,1,4004,54004,lowband_largesig_r01,prps,1382,-68,-0.575360,35,0,35,0.09162979,5.25000,prps,3,4746
202225,202.225,1,4004,54004,lowband_largesig_r01,prps,1392,-58,-0.484199,35,0,35,0.09162979,5.25000,prps,3,4750
202245,202.245,1,4004,54004,lowband_largesig_r01,prps,1405,-45,-0.381923,34,0,34,0.08901179,5.10000,prps,3,4754
202265,202.265,1,4004,54004,lowband_largesig_r01,prps,1417,-33,-0.281405,32,0,32,0.08377580,4.80000,prps,3,4758
202285,202.285,1,4004,54004,lowband_largesig_r01,prps,1427,-23,-0.194723,26,0,26,0.06806784,3.90000,prps,3,4762
202305,202.305,1,4004,54004,lowband_largesig_r01,prps,1434,-16,-0.131557,20,0,20,0.05235988,3.00000,prps,3,4766
202325,202.325,1,4004,54004,lowband_largesig_r01,prps,1438,-12,-0.098038,13,0,13,0.03403392,1.95000,prps,3,4770
202345,202.345,1,4004,54004,lowband_largesig_r01,prps,1439,-11,-0.096190,8,0,8,0.02094395,1.20000,prps,3,4774
202365,202.365,1,4004,54004,lowband_largesig_r01,prps,1435,-15,-0.124004,5,0,5,0.01308997,0.75000,prps,3,4778
202385,202.385,1,4004,54004,lowband_largesig_r01,prps,1429,-21,-0.176070,4,0,4,0.01047198,0.60000,prps,3,4782
202405,202.405,1,4004,54004,lowband_largesig_r01,prps,1421,-29,-0.244625,4,0,4,0.01047198,0.60000,prps,3,4786
202425,202.425,1,4004,54004,lowband_largesig_r01,prps,1412,-38,-0.320783,5,0,5,0.01308997,0.75000,prps,3,4790
202445,202.445,1,4004,54004,lowband_largesig_r01,prps,1403,-47,-0.395743,7,0,7,0.01832596,1.05000,prps,3,4794
202465,202.465,1,4004,54004,lowband_largesig_r01,prps,1395,-55,-0.461761,10,0,10,0.02617994,1.50000,prps,3,4798
202485,202.485,1,4004,54004,lowband_largesig_r01,prps,1389,-61,-0.512771,14,0,14,0.03665191,2.10000,prps,3,4802
202505,202.505,1,4004,54004,lowband_largesig_r01,prps,1385,-65,-0.544600,18,0,18,0.04712389,2.70000,prps,3,4806
202525,202.525,1,4004,54004,lowband_largesig_r01,prps,1384,-66,-0.554827,20,0,20,0.05235988,3.00000,prps,3,4810
202545,202.545,1,4004,54004,lowband_largesig_r01,prps,1385,-65,-0.542386,23,0,23,0.06021386,3.45000,prps,3,4814
202565,202.565,1,4004,54004,lowband_largesig_r01,prps,1390,-60,-0.507088,24,0,24,0.06283185,3.60000,prps,3,4818
202585,202.585,1,4004,54004,lowband_largesig_r01,prps,1397,-53,-0.449202,25,0,25,0.06544985,3.75000,prps,3,4822
202605,202.605,1,4004,54004,lowband_largesig_r01,prps,1406,-44,-0.369246,25,0,25,0.06544985,3.75000,prps,3,4826
202625,202.625,1,4004,54004,lowband_largesig_r01,prps,1418,-32,-0.268036,25,0,25,0.06544985,3.75000,prps,3,4830
202645,202.645,1,4004,54004,lowband_largesig_r01,prps,1433,-17,-0.146992,23,0,23,0.06021386,3.45000,prps,3,4834
202665,202.665,1,4004,54004,lowband_largesig_r01,prps,1449,-1,-0.008612,18,0,18,0.04712389,2.70000,prps,3,4838
202685,202.685,1,4004,54004,lowband_largesig_r01,prps,1467,17,0.143027,10,0,10,0.02617994,1.50000,prps,3,4842
202705,202.705,1,4004,54004,lowband_largesig_r01,prps,1486,36,0.301921,4,0,4,0.01047198,0.60000,prps,3,4846
202725,202.725,1,4004,54004,lowband_largesig_r01,prps,1505,55,0.460099,-2,0,-2,-0.00523599,-0.30000,prps,3,4850
202745,202.745,1,4004,54004,lowband_largesig_r01,prps,1522,72,0.607989,-11,0,-11,-0.02879793,-1.65000,prps,3,4854
202765,202.765,1,4004,54004,lowband_largesig_r01,prps,1537,87,0.735235,-22,0,-22,-0.05759586,-3.30000,prps,3,4858
202785,202.785,1,4004,54004,lowband_largesig_r01,prps,1549,99,0.831870,-33,0,-33,-0.08639380,-4.95000,prps,3,4862
202805,202.805,1,4004,54004,lowband_largesig_r01,prps,1556,106,0.889714,-45,0,-45,-0.11780972,-6.75000,prps,3,4866
202825,202.825,1,4004,54004,lowband_largesig_r01,prps,1558,108,0.903739,-54,0,-54,-0.14137166,-8.10000,prps,3,4870
202845,202.845,1,4004,54004,lowband_largesig_r01,prps,1554,104,0.873169,-62,0,-62,-0.16231562,-9.30000,prps,3,4874
202865,202.865,1,4004,54004,lowband_largesig_r01,prps,1545,95,0.802071,-66,0,-66,-0.17278760,-9.90000,prps,3,4878
202885,202.885,1,4004,54004,lowband_largesig_r01,prps,1533,83,0.699256,-66,0,-66,-0.17278760,-9.90000,prps,3,4882
202905,202.905,1,4004,54004,lowband_largesig_r01,prps,1519,69,0.577456,-64,0,-64,-0.16755160,-9.60000,prps,3,4886
202925,202.925,1,4004,54004,lowband_largesig_r01,prps,1504,54,0.451799,-59,0,-59,-0.15446164,-8.85000,prps,3,4890
202945,202.945,1,4004,54004,lowband_largesig_r01,prps,1490,40,0.337811,-53,0,-53,-0.13875367,-7.95000,prps,3,4894
202965,202.965,1,4004,54004,lowband_largesig_r01,prps,1480,30,0.249195,-46,0,-46,-0.12042772,-6.90000,prps,3,4898
202985,202.985,1,4004,54004,lowband_largesig_r01,prps,1473,23,0.195770,-39,0,-39,-0.10210176,-5.85000,prps,3,4902
203005,203.005,1,4004,54004,lowband_largesig_r01,prps,1472,22,0.181875,-32,0,-32,-0.08377580,-4.80000,prps,3,4906
203025,203.025,1,4004,54004,lowband_largesig_r01,prps,1474,24,0.205557,-27,0,-27,-0.07068583,-4.05000,prps,3,4910
203045,203.045,1,4004,54004,lowband_largesig_r01,prps,1481,31,0.258697,-25,0,-25,-0.06544985,-3.75000,prps,3,4914
203065,203.065,1,4004,54004,lowband_largesig_r01,prps,1489,39,0.328103,-25,0,-25,-0.06544985,-3.75000,prps,3,4918
203085,203.085,1,4004,54004,lowband_largesig_r01,prps,1497,47,0.397437,-25,0,-25,-0.06544985,-3.75000,prps,3,4922
203105,203.105,1,4004,54004,lowband_largesig_r01,prps,1504,54,0.449697,-25,0,-25,-0.06544985,-3.75000,prps,3,4926
203125,203.125,1,4004,54004,lowband_largesig_r01,prps,1506,56,0.469876,-27,0,-27,-0.07068583,-4.05000,prps,3,4930
203145,203.145,1,4004,54004,lowband_largesig_r01,prps,1503,53,0.447374,-29,0,-29,-0.07592182,-4.35000,prps,3,4934
203165,203.165,1,4004,54004,lowband_largesig_r01,prps,1495,45,0.377772,-32,0,-32,-0.08377580,-4.80000,prps,3,4938
203185,203.185,1,4004,54004,lowband_largesig_r01,prps,1481,31,0.263662,-34,0,-34,-0.08901179,-5.10000,prps,3,4942
203205,203.205,1,4004,54004,lowband_largesig_r01,prps,1464,14,0.114388,-33,0,-33,-0.08639380,-4.95000,prps,3,4946
203225,203.225,1,4004,54004,lowband_largesig_r01,prps,1443,-7,-0.055291,-29,0,-29,-0.07592182,-4.35000,prps,3,4950
203245,203.245,1,4004,54004,lowband_largesig_r01,prps,1423,-27,-0.227402,-23,0,-23,-0.06021386,-3.45000,prps,3,4954
203265,203.265,1,4004,54004,lowband_largesig_r01,prps,1404,-46,-0.383490,-14,0,-14,-0.03665191,-2.10000,prps,3,4958
203285,203.285,1,4004,54004,lowband_largesig_r01,prps,1390,-60,-0.507444,-3,0,-3,-0.00785398,-0.45000,prps,3,4962
203305,203.305,1,4004,54004,lowband_largesig_r01,prps,1380,-70,-0.587949,9,0,9,0.02356194,1.35000,prps,3,4966
203325,203.325,1,4004,54004,lowband_largesig_r01,prps,1376,-74,-0.620168,18,0,18,0.04712389,2.70000,prps,3,4970
203345,203.345,1,4004,54004,lowband_largesig_r01,prps,1378,-72,-0.606383,25,0,25,0.06544985,3.75000,prps,3,4974
203365,203.365,1,4004,54004,lowband_largesig_r01,prps,1384,-66,-0.555471,30,0,30,0.07853982,4.50000,prps,3,4978
203385,203.385,1,4004,54004,lowband_largesig_r01,prps,1393,-57,-0.481313,31,0,31,0.08115781,4.65000,prps,3,4982
203405,203.405,1,4004,54004,lowband_largesig_r01,prps,1402,-48,-0.400391,31,0,31,0.08115781,4.65000,prps,3,4986
203425,203.425,1,4004,54004,lowband_largesig_r01,prps,1411,-39,-0.328970,30,0,30,0.07853982,4.50000,prps,3,4990
203445,203.445,1,4004,54004,lowband_largesig_r01,prps,1417,-33,-0.280336,26,0,26,0.06806784,3.90000,prps,3,4994
203465,203.465,1,4004,54004,lowband_largesig_r01,prps,1419,-31,-0.262549,22,0,22,0.05759586,3.30000,prps,3,4998
203485,203.485,1,4004,54004,lowband_largesig_r01,prps,1417,-33,-0.277093,18,0,18,0.04712389,2.70000,prps,3,5002
203505,203.505,1,4004,54004,lowband_largesig_r01,prps,1412,-38,-0.318642,14,0,14,0.03665191,2.10000,prps,3,5006
203525,203.525,1,4004,54004,lowband_largesig_r01,prps,1405,-45,-0.375993,14,0,14,0.03665191,2.10000,prps,3,5010
203545,203.545,1,4004,54004,lowband_largesig_r01,prps,1398,-52,-0.434015,15,0,15,0.03926991,2.25000,prps,3,5014
203565,203.565,1,4004,54004,lowband_largesig_r01,prps,1393,-57,-0.476285,16,0,16,0.04188790,2.40000,prps,3,5018
203585,203.585,1,4004,54004,lowband_largesig_r01,prps,1392,-58,-0.487982,17,0,17,0.04450589,2.55000,prps,3,5022
203605,203.605,1,4004,54004,lowband_largesig_r01,prps,1395,-55,-0.458560,19,0,19,0.04974188,2.85000,prps,3,5026
203625,203.625,1,4004,54004,lowband_largesig_r01,prps,1404,-46,-0.383750,20,0,20,0.05235988,3.00000,prps,3,5030
203645,203.645,1,4004,54004,lowband_largesig_r01,prps,1418,-32,-0.266560,20,0,20,0.05235988,3.00000,prps,3,5034
203665,203.665,1,4004,54004,lowband_largesig_r01,prps,1436,-14,-0.117112,19,0,19,0.04974188,2.85000,prps,3,5038
203685,203.685,1,4004,54004,lowband_largesig_r01,prps,1456,6,0.048673,15,0,15,0.03926991,2.25000,prps,3,5042
203705,203.705,1,4004,54004,lowband_largesig_r01,prps,1475,25,0.211323,9,0,9,0.02356194,1.35000,prps,3,5046
203725,203.725,1,4004,54004,lowband_largesig_r01,prps,1492,42,0.350639,2,0,2,0.00523599,0.30000,prps,3,5050
203745,203.745,1,4004,54004,lowband_largesig_r01,prps,1503,53,0.448639,-5,0,-5,-0.01308997,-0.75000,prps,3,5054
203765,203.765,1,4004,54004,lowband_largesig_r01,prps,1509,59,0.492169,-14,0,-14,-0.03665191,-2.10000,prps,3,5058
203785,203.785,1,4004,54004,lowband_largesig_r01,prps,1506,56,0.474755,-24,0,-24,-0.06283185,-3.60000,prps,3,5062
203805,203.805,1,4004,54004,lowband_largesig_r01,prps,1497,47,0.397446,-31,0,-31,-0.08115781,-4.65000,prps,3,5066
203825,203.825,1,4004,54004,lowband_largesig_r01,prps,1482,32,0.268517,-36,0,-36,-0.09424778,-5.40000,prps,3,5070
203845,203.845,1,4004,54004,lowband_largesig_r01,prps,1462,12,0.102124,-35,0,-35,-0.09162979,-5.25000,prps,3,5074
203865,203.865,1,4004,54004,lowband_largesig_r01,prps,1440,-10,-0.083858,-30,0,-30,-0.07853982,-4.50000,prps,3,5078
203885,203.885,1,4004,54004,lowband_largesig_r01,prps,1418,-32,-0.270429,-22,0,-22,-0.05759586,-3.30000,prps,3,5082
203905,203.905,1,4004,54004,lowband_largesig_r01,prps,1398,-52,-0.440095,-12,0,-12,-0.03141592,-1.80000,prps,3,5086
203925,203.925,1,4004,54004,lowband_largesig_r01,prps,1381,-69,-0.579089,1,0,1,0.00261799,0.15000,prps,3,5090
203945,203.945,1,4004,54004,lowband_largesig_r01,prps,1369,-81,-0.678889,13,0,13,0.03403392,1.95000,prps,3,5094
203965,203.965,1,4004,54004,lowband_largesig_r01,prps,1362,-88,-0.736801,23,0,23,0.06021386,3.45000,prps,3,5098
203985,203.985,1,4004,54004,lowband_largesig_r01,prps,1360,-90,-0.755599,33,0,33,0.08639380,4.95000,prps,3,5102
204005,204.005,1,4004,54004,lowband_largesig_r01,prps,1362,-88,-0.742331,40,0,40,0.10471976,6.00000,prps,3,5106
204025,204.025,1,4004,54004,lowband_largesig_r01,prps,1366,-84,-0.706556,44,0,44,0.11519173,6.60000,prps,3,5110
204045,204.045,1,4004,54004,lowband_largesig_r01,prps,1372,-78,-0.658348,44,0,44,0.11519173,6.60000,prps,3,5114
204065,204.065,1,4004,54004,lowband_largesig_r01,prps,1378,-72,-0.606432,43,0,43,0.11257374,6.45000,prps,3,5118
204085,204.085,1,4004,54004,lowband_largesig_r01,prps,1384,-66,-0.556770,43,0,43,0.11257374,6.45000,prps,3,5122
204105,204.105,1,4004,54004,lowband_largesig_r01,prps,1389,-61,-0.511817,42,0,42,0.10995574,6.30000,prps,3,5126
204125,204.125,1,4004,54004,lowband_largesig_r01,prps,1394,-56,-0.470539,40,0,40,0.10471976,6.00000,prps,3,5130
204145,204.145,1,4004,54004,lowband_largesig_r01,prps,1399,-51,-0.429136,35,0,35,0.09162979,5.25000,prps,3,5134
204165,204.165,1,4004,54004,lowband_largesig_r01,prps,1405,-45,-0.382294,31,0,31,0.08115781,4.65000,prps,3,5138
204185,204.185,1,4004,54004,lowband_largesig_r01,prps,1411,-39,-0.324694,27,0,27,0.07068583,4.05000,prps,3,5142
204205,204.205,1,4004,54004,lowband_largesig_r01,prps,1420,-30,-0.252473,24,0,24,0.06283185,3.60000,prps,3,5146
204225,204.225,1,4004,54004,lowband_largesig_r01,prps,1430,-20,-0.164346,20,0,20,0.05235988,3.00000,prps,3,5150
204245,204.245,1,4004,54004,lowband_largesig_r01,prps,1443,-7,-0.062182,16,0,16,0.04188790,2.40000,prps,3,5154
204265,204.265,1,4004,54004,lowband_largesig_r01,prps,1456,6,0.049070,11,0,11,0.02879793,1.65000,prps,3,5158
204285,204.285,1,4004,54004,lowband_largesig_r01,prps,1469,19,0.162089,7,0,7,0.01832596,1.05000,prps,3,5162
204305,204.305,1,4004,54004,lowband_largesig_r01,prps,1482,32,0.268368,2,0,2,0.00523599,0.30000,prps,3,5166
204325,204.325,1,4004,54004,lowband_largesig_r01,prps,1493,43,0.359665,-4,0,-4,-0.01047198,-0.60000,prps,3,5170
204345,204.345,1,4004,54004,lowband_largesig_r01,prps,1501,51,0.429422,-11,0,-11,-0.02879793,-1.65000,prps,3,5174
204365,204.365,1,4004,54004,lowband_largesig_r01,prps,1506,56,0.473898,-19,0,-19,-0.04974188,-2.85000,prps,3,5178
204385,204.385,1,4004,54004,lowband_largesig_r01,prps,1509,59,0.492799,-26,0,-26,-0.06806784,-3.90000,prps,3,5182
204405,204.405,1,4004,54004,lowband_largesig_r01,prps,1508,58,0.489295,-31,0,-31,-0.08115781,-4.65000,prps,3,5186
204425,204.425,1,4004,54004,lowband_largesig_r01,prps,1506,56,0.469416,-35,0,-35,-0.09162979,-5.25000,prps,3,5190
204445,204.445,1,4004,54004,lowband_largesig_r01,prps,1502,52,0.440956,-36,0,-36,-0.09424778,-5.40000,prps,3,5194
204465,204.465,1,4004,54004,lowband_largesig_r01,prps,1499,49,0.412089,-36,0,-36,-0.09424778,-5.40000,prps,3,5198
204485,204.485,1,4004,54004,lowband_largesig_r01,prps,1496,46,0.389950,-36,0,-36,-0.09424778,-5.40000,prps,3,5202
204505,204.505,1,4004,54004,lowband_largesig_r01,prps,1495,45,0.379448,-36,0,-36,-0.09424778,-5.40000,prps,3,5206
204525,204.525,1,4004,54004,lowband_largesig_r01,prps,1496,46,0.382530,-35,0,-35,-0.09162979,-5.25000,prps,3,5210
204545,204.545,1,4004,54004,lowband_largesig_r01,prps,1497,47,0.398012,-35,0,-35,-0.09162979,-5.25000,prps,3,5214
204565,204.565,1,4004,54004,lowband_largesig_r01,prps,1500,50,0.422016,-34,0,-34,-0.08901179,-5.10000,prps,3,5218
204585,204.585,1,4004,54004,lowband_largesig_r01,prps,1503,53,0.448909,-34,0,-34,-0.08901179,-5.10000,prps,3,5222
204605,204.605,1,4004,54004,lowband_largesig_r01,prps,1506,56,0.472557,-34,0,-34,-0.08901179,-5.10000,prps,3,5226
204625,204.625,1,4004,54004,lowband_largesig_r01,prps,1508,58,0.487659,-34,0,-34,-0.08901179,-5.10000,prps,3,5230
204645,204.645,1,4004,54004,lowband_largesig_r01,prps,1508,58,0.490902,-34,0,-34,-0.08901179,-5.10000,prps,3,5234
204665,204.665,1,4004,54004,lowband_largesig_r01,prps,1507,57,0.481710,-34,0,-34,-0.08901179,-5.10000,prps,3,5238
204685,204.685,1,4004,54004,lowband_largesig_r01,prps,1505,55,0.462456,-34,0,-34,-0.08901179,-5.10000,prps,3,5242
204705,204.705,1,4004,54004,lowband_largesig_r01,prps,1502,52,0.438073,-34,0,-34,-0.08901179,-5.10000,prps,3,5246
204725,204.725,1,4004,54004,lowband_largesig_r01,prps,1499,49,0.415164,-34,0,-34,-0.08901179,-5.10000,prps,3,5250
204745,204.745,1,4004,54004,lowband_largesig_r01,prps,1498,48,0.400746,-34,0,-34,-0.08901179,-5.10000,prps,3,5254
204765,204.765,1,4004,54004,lowband_largesig_r01,prps,1498,48,0.400878,-34,0,-34,-0.08901179,-5.10000,prps,3,5258
204785,204.785,1,4004,54004,lowband_largesig_r01,prps,1500,50,0.419422,-34,0,-34,-0.08901179,-5.10000,prps,3,5262
204805,204.805,1,4004,54004,lowband_largesig_r01,prps,1504,54,0.457162,-34,0,-34,-0.08901179,-5.10000,prps,3,5266
204825,204.825,1,4004,54004,lowband_largesig_r01,prps,1511,61,0.511448,-34,0,-34,-0.08901179,-5.10000,prps,3,5270
204845,204.845,1,4004,54004,lowband_largesig_r01,prps,1519,69,0.576432,-34,0,-34,-0.08901179,-5.10000,prps,3,5274
204865,204.865,1,4004,54004,lowband_largesig_r01,prps,1527,77,0.643850,-36,0,-36,-0.09424778,-5.40000,prps,3,5278
204885,204.885,1,4004,54004,lowband_largesig_r01,prps,1534,84,0.704215,-39,0,-39,-0.10210176,-5.85000,prps,3,5282
204905,204.905,1,4004,54004,lowband_largesig_r01,prps,1539,89,0.748212,-43,0,-43,-0.11257374,-6.45000,prps,3,5286
204925,204.925,1,4004,54004,lowband_largesig_r01,prps,1541,91,0.768037,-47,0,-47,-0.12304571,-7.05000,prps,3,5290
204945,204.945,1,4004,54004,lowband_largesig_r01,prps,1540,90,0.758469,-50,0,-50,-0.13089970,-7.50000,prps,3,5294
204965,204.965,1,4004,54004,lowband_largesig_r01,prps,1535,85,0.717489,-52,0,-52,-0.13613568,-7.80000,prps,3,5298
204985,204.985,1,4004,54004,lowband_largesig_r01,prps,1527,77,0.646365,-53,0,-53,-0.13875367,-7.95000,prps,3,5302
205005,205.005,1,4004,54004,lowband_largesig_r01,prps,1515,65,0.549208,-53,0,-53,-0.13875367,-7.95000,prps,3,5306
205025,205.025,1,4004,54004,lowband_largesig_r01,prps,1501,51,0.432127,-52,0,-52,-0.13613568,-7.80000,prps,3,5310
205045,205.045,1,4004,54004,lowband_largesig_r01,prps,1486,36,0.302152,-50,0,-50,-0.13089970,-7.50000,prps,3,5314
205065,205.065,1,4004,54004,lowband_largesig_r01,prps,1470,20,0.166154,-44,0,-44,-0.11519173,-6.60000,prps,3,5318
205085,205.085,1,4004,54004,lowband_largesig_r01,prps,1454,4,0.029972,-37,0,-37,-0.09686577,-5.55000,prps,3,5322
205105,205.105,1,4004,54004,lowband_largesig_r01,prps,1438,-12,-0.102100,-29,0,-29,-0.07592182,-4.35000,prps,3,5326
205125,205.125,1,4004,54004,lowband_largesig_r01,prps,1423,-27,-0.227376,-20,0,-20,-0.05235988,-3.00000,prps,3,5330
205145,205.145,1,4004,54004,lowband_largesig_r01,prps,1409,-41,-0.344417,-10,0,-10,-0.02617994,-1.50000,prps,3,5334
205165,205.165,1,4004,54004,lowband_largesig_r01,prps,1396,-54,-0.452364,1,0,1,0.00261799,0.15000,prps,3,5338
205185,205.185,1,4004,54004,lowband_largesig_r01,prps,1385,-65,-0.550137,10,0,10,0.02617994,1.50000,prps,3,5342
205205,205.205,1,4004,54004,lowband_largesig_r01,prps,1374,-76,-0.635729,18,0,18,0.04712389,2.70000,prps,3,5346
205225,205.225,1,4004,54004,lowband_largesig_r01,prps,1366,-84,-0.705793,23,0,23,0.06021386,3.45000,prps,3,5350
205245,205.245,1,4004,54004,lowband_largesig_r01,prps,1360,-90,-0.755658,29,0,29,0.07592182,4.35000,prps,3,5354
205265,205.265,1,4004,54004,lowband_largesig_r01,prps,1357,-93,-0.779849,33,0,33,0.08639380,4.95000,prps,3,5358
205285,205.285,1,4004,54004,lowband_largesig_r01,prps,1358,-92,-0.773040,38,0,38,0.09948376,5.70000,prps,3,5362
205305,205.305,1,4004,54004,lowband_largesig_r01,prps,1363,-87,-0.731280,41,0,41,0.10733775,6.15000,prps,3,5366
205325,205.325,1,4004,54004,lowband_largesig_r01,prps,1372,-78,-0.653272,43,0,43,0.11257374,6.45000,prps,3,5370
205345,205.345,1,4004,54004,lowband_largesig_r01,prps,1386,-64,-0.541421,44,0,44,0.11519173,6.60000,prps,3,5374
205365,205.365,1,4004,54004,lowband_largesig_r01,prps,1402,-48,-0.402387,42,0,42,0.10995574,6.30000,prps,3,5378
205385,205.385,1,4004,54004,lowband_largesig_r01,prps,1421,-29,-0.246973,38,0,38,0.09948376,5.70000,prps,3,5382
205405,205.405,1,4004,54004,lowband_largesig_r01,prps,1439,-11,-0.089260,30,0,30,0.07853982,4.50000,prps,3,5386
205425,205.425,1,4004,54004,lowband_largesig_r01,prps,1457,7,0.054961,20,0,20,0.05235988,3.00000,prps,3,5390
205445,205.445,1,4004,54004,lowband_largesig_r01,prps,1470,20,0.170248,9,0,9,0.02356194,1.35000,prps,3,5394
205465,205.465,1,4004,54004,lowband_largesig_r01,prps,1479,29,0.243783,1,0,1,0.00261799,0.15000,prps,3,5398
205485,205.485,1,4004,54004,lowband_largesig_r01,prps,1482,32,0.267470,-6,0,-6,-0.01570796,-0.90000,prps,3,5402
205505,205.505,1,4004,54004,lowband_largesig_r01,prps,1479,29,0.239512,-13,0,-13,-0.03403392,-1.95000,prps,3,5406
205525,205.525,1,4004,54004,lowband_largesig_r01,prps,1470,20,0.165150,-18,0,-18,-0.04712389,-2.70000,prps,3,5410
205545,205.545,1,4004,54004,lowband_largesig_r01,prps,1457,7,0.056375,-19,0,-19,-0.04974188,-2.85000,prps,3,5414
205565,205.565,1,4004,54004,lowband_largesig_r01,prps,1442,-8,-0.069407,-18,0,-18,-0.04712389,-2.70000,prps,3,5418
205585,205.585,1,4004,54004,lowband_largesig_r01,prps,1427,-23,-0.191621,-15,0,-15,-0.03926991,-2.25000,prps,3,5422
205605,205.605,1,4004,54004,lowband_largesig_r01,prps,1416,-34,-0.289370,-8,0,-8,-0.02094395,-1.20000,prps,3,5426
205625,205.625,1,4004,54004,lowband_largesig_r01,prps,1409,-41,-0.344480,0,0,0,0.00000000,0.00000,prps,3,5430
205645,205.645,1,4004,54004,lowband_largesig_r01,prps,1409,-41,-0.344268,7,0,7,0.01832596,1.05000,prps,3,5434
205665,205.665,1,4004,54004,lowband_largesig_r01,prps,1416,-34,-0.283595,11,0,11,0.02879793,1.65000,prps,3,5438
205685,205.685,1,4004,54004,lowband_largesig_r01,prps,1430,-20,-0.165868,13,0,13,0.03403392,1.95000,prps,3,5442
205705,205.705,1,4004,54004,lowband_largesig_r01,prps,1450,0,-0.002787,13,0,13,0.03403392,1.95000,prps,3,5446
205725,205.725,1,4004,54004,lowband_largesig_r01,prps,1472,22,0.187137,11,0,11,0.02879793,1.65000,prps,3,5450
205745,205.745,1,4004,54004,lowband_largesig_r01,prps,1495,45,0.381108,4,0,4,0.01047198,0.60000,prps,3,5454
205765,205.765,1,4004,54004,lowband_largesig_r01,prps,1516,66,0.555244,-4,0,-4,-0.01047198,-0.60000,prps,3,5458
205785,205.785,1,4004,54004,lowband_largesig_r01,prps,1532,82,0.687966,-15,0,-15,-0.03926991,-2.25000,prps,3,5462
205805,205.805,1,4004,54004,lowband_largesig_r01,prps,1541,91,0.763067,-27,0,-27,-0.07068583,-4.05000,prps,3,5466
205825,205.825,1,4004,54004,lowband_largesig_r01,prps,1542,92,0.771988,-40,0,-40,-0.10471976,-6.00000,prps,3,5470
205845,205.845,1,4004,54004,lowband_largesig_r01,prps,1535,85,0.714959,-51,0,-51,-0.13351768,-7.65000,prps,3,5474
205865,205.865,1,4004,54004,lowband_largesig_r01,prps,1521,71,0.600830,-54,0,-54,-0.14137166,-8.10000,prps,3,5478
205885,205.885,1,4004,54004,lowband_largesig_r01,prps,1503,53,0.445625,-54,0,-54,-0.14137166,-8.10000,prps,3,5482
205905,205.905,1,4004,54004,lowband_largesig_r01,prps,1482,32,0.270061,-51,0,-51,-0.13351768,-7.65000,prps,3,5486
205925,205.925,1,4004,54004,lowband_largesig_r01,prps,1461,11,0.096418,-44,0,-44,-0.11519173,-6.60000,prps,3,5490
205945,205.945,1,4004,54004,lowband_largesig_r01,prps,1443,-7,-0.054738,-36,0,-36,-0.09424778,-5.40000,prps,3,5494
205965,205.965,1,4004,54004,lowband_largesig_r01,prps,1430,-20,-0.167477,-25,0,-25,-0.06544985,-3.75000,prps,3,5498
205985,205.985,1,4004,54004,lowband_largesig_r01,prps,1422,-28,-0.232631,-14,0,-14,-0.03665191,-2.10000,prps,3,5502
206005,206.005,1,4004,54004,lowband_largesig_r01,prps,1420,-30,-0.248795,-3,0,-3,-0.00785398,-0.45000,prps,3,5506
206025,206.025,1,4004,54004,lowband_largesig_r01,prps,1424,-26,-0.222111,5,0,5,0.01308997,0.75000,prps,3,5510
206045,206.045,1,4004,54004,lowband_largesig_r01,prps,1430,-20,-0.164874,9,0,9,0.02356194,1.35000,prps,3,5514
206065,206.065,1,4004,54004,lowband_largesig_r01,prps,1439,-11,-0.093246,9,0,9,0.02356194,1.35000,prps,3,5518
206085,206.085,1,4004,54004,lowband_largesig_r01,prps,1447,-3,-0.024466,9,0,9,0.02356194,1.35000,prps,3,5522
206105,206.105,1,4004,54004,lowband_largesig_r01,prps,1453,3,0.025988,7,0,7,0.01832596,1.05000,prps,3,5526
206125,206.125,1,4004,54004,lowband_largesig_r01,prps,1456,6,0.046794,4,0,4,0.01047198,0.60000,prps,3,5530
206145,206.145,1,4004,54004,lowband_largesig_r01,prps,1454,4,0.032408,2,0,2,0.00523599,0.30000,prps,3,5534
206165,206.165,1,4004,54004,lowband_largesig_r01,prps,1448,-2,-0.016369,-1,0,-1,-0.00261799,-0.15000,prps,3,5538
206185,206.185,1,4004,54004,lowband_largesig_r01,prps,1439,-11,-0.092883,-2,0,-2,-0.00523599,-0.30000,prps,3,5542
206205,206.205,1,4004,54004,lowband_largesig_r01,prps,1428,-22,-0.186092,-1,0,-1,-0.00261799,-0.15000,prps,3,5546
206225,206.225,1,4004,54004,lowband_largesig_r01,prps,1416,-34,-0.282691,0,0,0,0.00000000,0.00000,prps,3,5550
206245,206.245,1,4004,54004,lowband_largesig_r01,prps,1406,-44,-0.369522,3,0,3,0.00785398,0.45000,prps,3,5554
206265,206.265,1,4004,54004,lowband_largesig_r01,prps,1398,-52,-0.435851,7,0,7,0.01832596,1.05000,prps,3,5558
206285,206.285,1,4004,54004,lowband_largesig_r01,prps,1393,-57,-0.475118,11,0,11,0.02879793,1.65000,prps,3,5562
206305,206.305,1,4004,54004,lowband_largesig_r01,prps,1392,-58,-0.485890,16,0,16,0.04188790,2.40000,prps,3,5566
206325,206.325,1,4004,54004,lowband_largesig_r01,prps,1394,-56,-0.471875,19,0,19,0.04974188,2.85000,prps,3,5570
206345,206.345,1,4004,54004,lowband_largesig_r01,prps,1398,-52,-0.441034,20,0,20,0.05235988,3.00000,prps,3,5574
206365,206.365,1,4004,54004,lowband_largesig_r01,prps,1402,-48,-0.403967,21,0,21,0.05497787,3.15000,prps,3,5578
206385,206.385,1,4004,54004,lowband_largesig_r01,prps,1406,-44,-0.371899,21,0,21,0.05497787,3.15000,prps,3,5582
206405,206.405,1,4004,54004,lowband_largesig_r01,prps,1408,-42,-0.354598,21,0,21,0.05497787,3.15000,prps,3,5586
206425,206.425,1,4004,54004,lowband_largesig_r01,prps,1407,-43,-0.358628,20,0,20,0.05235988,3.00000,prps,3,5590
206445,206.445,1,4004,54004,lowband_largesig_r01,prps,1404,-46,-0.386199,20,0,20,0.05235988,3.00000,prps,3,5594
206465,206.465,1,4004,54004,lowband_largesig_r01,prps,1398,-52,-0.434818,20,0,20,0.05235988,3.00000,prps,3,5598
206485,206.485,1,4004,54004,lowband_largesig_r01,prps,1391,-59,-0.497764,20,0,20,0.05235988,3.00000,prps,3,5602
206505,206.505,1,4004,54004,lowband_largesig_r01,prps,1383,-67,-0.565295,20,0,20,0.05235988,3.00000,prps,3,5606
206525,206.525,1,4004,54004,lowband_largesig_r01,prps,1375,-75,-0.626336,20,0,20,0.05235988,3.00000,prps,3,5610
206545,206.545,1,4004,54004,lowband_largesig_r01,prps,1370,-80,-0.670358,23,0,23,0.06021386,3.45000,prps,3,5614
206565,206.565,1,4004,54004,lowband_largesig_r01,prps,1368,-82,-0.689115,27,0,27,0.07068583,4.05000,prps,3,5618
206585,206.585,1,4004,54004,lowband_largesig_r01,prps,1369,-81,-0.677935,31,0,31,0.08115781,4.65000,prps,3,5622
206605,206.605,1,4004,54004,lowband_largesig_r01,prps,1374,-76,-0.636378,34,0,34,0.08901179,5.10000,prps,3,5626
206625,206.625,1,4004,54004,lowband_largesig_r01,prps,1382,-68,-0.568161,36,0,36,0.09424778,5.40000,prps,3,5630
206645,206.645,1,4004,54004,lowband_largesig_r01,prps,1393,-57,-0.480410,36,0,36,0.09424778,5.40000,prps,3,5634
206665,206.665,1,4004,54004,lowband_largesig_r01,prps,1404,-46,-0.382385,35,0,35,0.09162979,5.25000,prps,3,5638
206685,206.685,1,4004,54004,lowband_largesig_r01,prps,1416,-34,-0.283944,33,0,33,0.08639380,4.95000,prps,3,5642
206705,206.705,1,4004,54004,lowband_largesig_r01,prps,1427,-23,-0.194010,27,0,27,0.07068583,4.05000,prps,3,5646
206725,206.725,1,4004,54004,lowband_largesig_r01,prps,1436,-14,-0.119320,21,0,21,0.05497787,3.15000,prps,3,5650
206745,206.745,1,4004,54004,lowband_largesig_r01,prps,1442,-8,-0.063652,14,0,14,0.03665191,2.10000,prps,3,5654
206765,206.765,1,4004,54004,lowband_largesig_r01,prps,1447,-3,-0.027635,8,0,8,0.02094395,1.20000,prps,3,5658
206785,206.785,1,4004,54004,lowband_largesig_r01,prps,1449,-1,-0.009128,4,0,4,0.01047198,0.60000,prps,3,5662
206805,206.805,1,4004,54004,lowband_largesig_r01,prps,1450,0,-0.004061,1,0,1,0.00261799,0.15000,prps,3,5666
206825,206.825,1,4004,54004,lowband_largesig_r01,prps,1449,-1,-0.007530,-1,0,-1,-0.00261799,-0.15000,prps,3,5670
206845,206.845,1,4004,54004,lowband_largesig_r01,prps,1448,-2,-0.014920,-1,0,-1,-0.00261799,-0.15000,prps,3,5674
206865,206.865,1,4004,54004,lowband_largesig_r01,prps,1447,-3,-0.022825,-1,0,-1,-0.00261799,-0.15000,prps,3,5678
206885,206.885,1,4004,54004,lowband_largesig_r01,prps,1446,-4,-0.029582,-1,0,-1,-0.00261799,-0.15000,prps,3,5682
206905,206.905,1,4004,54004,lowband_largesig_r01,prps,1446,-4,-0.035341,-1,0,-1,-0.00261799,-0.15000,prps,3,5686
206925,206.925,1,4004,54004,lowband_largesig_r01,prps,1445,-5,-0.041662,-1,0,-1,-0.00261799,-0.15000,prps,3,5690
206945,206.945,1,4004,54004,lowband_largesig_r01,prps,1444,-6,-0.050766,-1,0,-1,-0.00261799,-0.15000,prps,3,5694
206965,206.965,1,4004,54004,lowband_largesig_r01,prps,1442,-8,-0.064594,-1,0,-1,-0.00261799,-0.15000,prps,3,5698
206985,206.985,1,4004,54004,lowband_largesig_r01,prps,1440,-10,-0.083919,-1,0,-1,-0.00261799,-0.15000,prps,3,5702
207005,207.005,1,4004,54004,lowband_largesig_r01,prps,1437,-13,-0.107686,0,0,0,0.00000000,0.00000,prps,3,5706
207025,207.025,1,4004,54004,lowband_largesig_r01,prps,1434,-16,-0.132779,0,0,0,0.00000000,0.00000,prps,3,5710
207045,207.045,1,4004,54004,lowband_largesig_r01,prps,1432,-18,-0.154255,2,0,2,0.00523599,0.30000,prps,3,5714
207065,207.065,1,4004,54004,lowband_largesig_r01,prps,1430,-20,-0.166049,3,0,3,0.00785398,0.45000,prps,3,5718
207085,207.085,1,4004,54004,lowband_largesig_r01,prps,1431,-19,-0.162015,4,0,4,0.01047198,0.60000,prps,3,5722
207105,207.105,1,4004,54004,lowband_largesig_r01,prps,1434,-16,-0.137129,4,0,4,0.01047198,0.60000,prps,3,5726
207125,207.125,1,4004,54004,lowband_largesig_r01,prps,1439,-11,-0.088596,4,0,4,0.01047198,0.60000,prps,3,5730
207145,207.145,1,4004,54004,lowband_largesig_r01,prps,1448,-2,-0.016667,4,0,4,0.01047198,0.60000,prps,3,5734
207165,207.165,1,4004,54004,lowband_largesig_r01,prps,1459,9,0.075033,4,0,4,0.01047198,0.60000,prps,3,5738
207185,207.185,1,4004,54004,lowband_largesig_r01,prps,1471,21,0.179746,2,0,2,0.00523599,0.30000,prps,3,5742
207205,207.205,1,4004,54004,lowband_largesig_r01,prps,1484,34,0.288375,-1,0,-1,-0.00261799,-0.15000,prps,3,5746
207225,207.225,1,4004,54004,lowband_largesig_r01,prps,1496,46,0.390720,-6,0,-6,-0.01570796,-0.90000,prps,3,5750
207245,207.245,1,4004,54004,lowband_largesig_r01,prps,1507,57,0.476950,-13,0,-13,-0.03403392,-1.95000,prps,3,5754
207265,207.265,1,4004,54004,lowband_largesig_r01,prps,1514,64,0.539052,-21,0,-21,-0.05497787,-3.15000,prps,3,5758
207285,207.285,1,4004,54004,lowband_largesig_r01,prps,1518,68,0.572026,-28,0,-28,-0.07330382,-4.20000,prps,3,5762
207305,207.305,1,4004,54004,lowband_largesig_r01,prps,1518,68,0.574584,-35,0,-35,-0.09162979,-5.25000,prps,3,5766
207325,207.325,1,4004,54004,lowband_largesig_r01,prps,1515,65,0.549260,-40,0,-40,-0.10471976,-6.00000,prps,3,5770
207345,207.345,1,4004,54004,lowband_largesig_r01,prps,1510,60,0.501890,-42,0,-42,-0.10995574,-6.30000,prps,3,5774
207365,207.365,1,4004,54004,lowband_largesig_r01,prps,1502,52,0.440555,-42,0,-42,-0.10995574,-6.30000,prps,3,5778
207385,207.385,1,4004,54004,lowband_largesig_r01,prps,1495,45,0.374194,-41,0,-41,-0.10733775,-6.15000,prps,3,5782
207405,207.405,1,4004,54004,lowband_largesig_r01,prps,1487,37,0.311114,-39,0,-39,-0.10210176,-5.85000,prps,3,5786
207425,207.425,1,4004,54004,lowband_largesig_r01,prps,1481,31,0.257680,-37,0,-37,-0.09686577,-5.55000,prps,3,5790
207445,207.445,1,4004,54004,lowband_largesig_r01,prps,1476,26,0.217409,-34,0,-34,-0.08901179,-5.10000,prps,3,5794
207465,207.465,1,4004,54004,lowband_largesig_r01,prps,1473,23,0.190631,-30,0,-30,-0.07853982,-4.50000,prps,3,5798
207485,207.485,1,4004,54004,lowband_largesig_r01,prps,1471,21,0.174762,-26,0,-26,-0.06806784,-3.90000,prps,3,5802
207505,207.505,1,4004,54004,lowband_largesig_r01,prps,1470,20,0.165130,-24,0,-24,-0.06283185,-3.60000,prps,3,5806
207525,207.525,1,4004,54004,lowband_largesig_r01,prps,1469,19,0.156178,-22,0,-22,-0.05759586,-3.30000,prps,3,5810
207545,207.545,1,4004,54004,lowband_largesig_r01,prps,1467,17,0.142816,-21,0,-21,-0.05497787,-3.15000,prps,3,5814
207565,207.565,1,4004,54004,lowband_largesig_r01,prps,1464,14,0.121637,-19,0,-19,-0.04974188,-2.85000,prps,3,5818
207585,207.585,1,4004,54004,lowband_largesig_r01,prps,1461,11,0.091766,-18,0,-18,-0.04712389,-2.70000,prps,3,5822
207605,207.605,1,4004,54004,lowband_largesig_r01,prps,1457,7,0.055164,-17,0,-17,-0.04450589,-2.55000,prps,3,5826
207625,207.625,1,4004,54004,lowband_largesig_r01,prps,1452,2,0.016313,-14,0,-14,-0.03665191,-2.10000,prps,3,5830
207645,207.645,1,4004,54004,lowband_largesig_r01,prps,1448,-2,-0.018656,-12,0,-12,-0.03141592,-1.80000,prps,3,5834
207665,207.665,1,4004,54004,lowband_largesig_r01,prps,1445,-5,-0.043237,-10,0,-10,-0.02617994,-1.50000,prps,3,5838
207685,207.685,1,4004,54004,lowband_largesig_r01,prps,1444,-6,-0.051970,-8,0,-8,-0.02094395,-1.20000,prps,3,5842
207705,207.705,1,4004,54004,lowband_largesig_r01,prps,1445,-5,-0.041730,-6,0,-6,-0.01570796,-0.90000,prps,3,5846
207725,207.725,1,4004,54004,lowband_largesig_r01,prps,1448,-2,-0.012616,-4,0,-4,-0.01047198,-0.60000,prps,3,5850
207745,207.745,1,4004,54004,lowband_largesig_r01,prps,1454,4,0.031768,-4,0,-4,-0.01047198,-0.60000,prps,3,5854
207765,207.765,1,4004,54004,lowband_largesig_r01,prps,1460,10,0.084725,-3,0,-3,-0.00785398,-0.45000,prps,3,5858
207785,207.785,1,4004,54004,lowband_largesig_r01,prps,1466,16,0.137523,-3,0,-3,-0.00785398,-0.45000,prps,3,5862
207805,207.805,1,4004,54004,lowband_largesig_r01,prps,1472,22,0.180946,-4,0,-4,-0.01047198,-0.60000,prps,3,5866
207825,207.825,1,4004,54004,lowband_largesig_r01,prps,1475,25,0.207057,-6,0,-6,-0.01570796,-0.90000,prps,3,5870
207845,207.845,1,4004,54004,lowband_largesig_r01,prps,1475,25,0.210844,-8,0,-8,-0.02094395,-1.20000,prps,3,5874
207865,207.865,1,4004,54004,lowband_largesig_r01,prps,1473,23,0.191446,-11,0,-11,-0.02879793,-1.65000,prps,3,5878
207885,207.885,1,4004,54004,lowband_largesig_r01,prps,1468,18,0.152674,-15,0,-15,-0.03926991,-2.25000,prps,3,5882
207905,207.905,1,4004,54004,lowband_largesig_r01,prps,1462,12,0.102712,-16,0,-16,-0.04188790,-2.40000,prps,3,5886
207925,207.925,1,4004,54004,lowband_largesig_r01,prps,1456,6,0.052980,-16,0,-16,-0.04188790,-2.40000,prps,3,5890
207945,207.945,1,4004,54004,lowband_largesig_r01,prps,1452,2,0.016317,-15,0,-15,-0.03926991,-2.25000,prps,3,5894
207965,207.965,1,4004,54004,lowband_largesig_r01,prps,1451,1,0.004776,-14,0,-14,-0.03665191,-2.10000,prps,3,5898
207985,207.985,1,4004,54004,lowband_largesig_r01,prps,1453,3,0.027397,-12,0,-12,-0.03141592,-1.80000,prps,3,5902
208005,208.005,1,4004,54004,lowband_largesig_r01,prps,1461,11,0.088341,-9,0,-9,-0.02356194,-1.35000,prps,3,5906
208025,208.025,1,4004,54004,lowband_largesig_r01,prps,1472,22,0.185758,-9,0,-9,-0.02356194,-1.35000,prps,3,5910
208045,208.045,1,4004,54004,lowband_largesig_r01,prps,1487,37,0.311594,-10,0,-10,-0.02617994,-1.50000,prps,3,5914
208065,208.065,1,4004,54004,lowband_largesig_r01,prps,1504,54,0.452459,-12,0,-12,-0.03141592,-1.80000,prps,3,5918
208085,208.085,1,4004,54004,lowband_largesig_r01,prps,1520,70,0.591423,-17,0,-17,-0.04450589,-2.55000,prps,3,5922
208105,208.105,1,4004,54004,lowband_largesig_r01,prps,1535,85,0.710519,-25,0,-25,-0.06544985,-3.75000,prps,3,5926
208125,208.125,1,4004,54004,lowband_largesig_r01,prps,1544,94,0.793540,-34,0,-34,-0.08901179,-5.10000,prps,3,5930
208145,208.145,1,4004,54004,lowband_largesig_r01,prps,1549,99,0.828688,-43,0,-43,-0.11257374,-6.45000,prps,3,5934
208165,208.165,1,4004,54004,lowband_largesig_r01,prps,1546,96,0.810631,-52,0,-52,-0.13613568,-7.80000,prps,3,5938
208185,208.185,1,4004,54004,lowband_largesig_r01,prps,1538,88,0.741596,-56,0,-56,-0.14660765,-8.40000,prps,3,5942
208205,208.205,1,4004,54004,lowband_largesig_r01,prps,1525,75,0.631298,-57,0,-57,-0.14922565,-8.55000,prps,3,5946
208225,208.225,1,4004,54004,lowband_largesig_r01,prps,1509,59,0.495664,-56,0,-56,-0.14660765,-8.40000,prps,3,5950
208245,208.245,1,4004,54004,lowband_largesig_r01,prps,1492,42,0.354531,-54,0,-54,-0.14137166,-8.10000,prps,3,5954
208265,208.265,1,4004,54004,lowband_largesig_r01,prps,1477,27,0.228642,-48,0,-48,-0.12566370,-7.20000,prps,3,5958
208285,208.285,1,4004,54004,lowband_largesig_r01,prps,1466,16,0.136432,-40,0,-40,-0.10471976,-6.00000,prps,3,5962
208305,208.305,1,4004,54004,lowband_largesig_r01,prps,1461,11,0.091074,-32,0,-32,-0.08377580,-4.80000,prps,3,5966
208325,208.325,1,4004,54004,lowband_largesig_r01,prps,1462,12,0.098296,-24,0,-24,-0.06283185,-3.60000,prps,3,5970
208345,208.345,1,4004,54004,lowband_largesig_r01,prps,1468,18,0.155301,-19,0,-19,-0.04974188,-2.85000,prps,3,5974
208365,208.365,1,4004,54004,lowband_largesig_r01,prps,1480,30,0.250995,-17,0,-17,-0.04450589,-2.55000,prps,3,5978
208385,208.385,1,4004,54004,lowband_largesig_r01,prps,1494,44,0.367504,-17,0,-17,-0.04450589,-2.55000,prps,3,5982
208405,208.405,1,4004,54004,lowband_largesig_r01,prps,1507,57,0.482751,-19,0,-19,-0.04974188,-2.85000,prps,3,5986
208425,208.425,1,4004,54004,lowband_largesig_r01,prps,1518,68,0.573722,-23,0,-23,-0.06021386,-3.45000,prps,3,5990
208445,208.445,1,4004,54004,lowband_largesig_r01,prps,1524,74,0.619897,-29,0,-29,-0.07592182,-4.35000,prps,3,5994
208465,208.465,1,4004,54004,lowband_largesig_r01,prps,1522,72,0.606358,-35,0,-35,-0.09162979,-5.25000,prps,3,5998
208485,208.485,1,4004,54004,lowband_largesig_r01,prps,1513,63,0.526063,-40,0,-40,-0.10471976,-6.00000,prps,3,6002
208505,208.505,1,4004,54004,lowband_largesig_r01,prps,1495,45,0.380978,-44,0,-44,-0.11519173,-6.60000,prps,3,6006
208525,208.525,1,4004,54004,lowband_largesig_r01,prps,1472,22,0.181889,-44,0,-44,-0.11519173,-6.60000,prps,3,6010
208545,208.545,1,4004,54004,lowband_largesig_r01,prps,1444,-6,-0.053054,-39,0,-39,-0.10210176,-5.85000,prps,3,6014
208565,208.565,1,4004,54004,lowband_largesig_r01,prps,1414,-36,-0.300828,-30,0,-30,-0.07853982,-4.50000,prps,3,6018
208585,208.585,1,4004,54004,lowband_largesig_r01,prps,1386,-64,-0.536666,-17,0,-17,-0.04450589,-2.55000,prps,3,6022
208605,208.605,1,4004,54004,lowband_largesig_r01,prps,1362,-88,-0.737347,-1,0,-1,-0.00261799,-0.15000,prps,3,6026
208625,208.625,1,4004,54004,lowband_largesig_r01,prps,1345,-105,-0.884164,15,0,15,0.03926991,2.25000,prps,3,6030
208645,208.645,1,4004,54004,lowband_largesig_r01,prps,1335,-115,-0.965139,30,0,30,0.07853982,4.50000,prps,3,6034
208665,208.665,1,4004,54004,lowband_largesig_r01,prps,1334,-116,-0.976208,43,0,43,0.11257374,6.45000,prps,3,6038
208685,208.685,1,4004,54004,lowband_largesig_r01,prps,1340,-110,-0.921240,55,0,55,0.14398966,8.25000,prps,3,6042
208705,208.705,1,4004,54004,lowband_largesig_r01,prps,1353,-97,-0.810978,61,0,61,0.15969762,9.15000,prps,3,6046
208725,208.725,1,4004,54004,lowband_largesig_r01,prps,1371,-79,-0.661112,62,0,62,0.16231562,9.30000,prps,3,6050
208745,208.745,1,4004,54004,lowband_largesig_r01,prps,1392,-58,-0.489841,58,0,58,0.15184364,8.70000,prps,3,6054
208765,208.765,1,4004,54004,lowband_largesig_r01,prps,1412,-38,-0.315339,49,0,49,0.12828170,7.35000,prps,3,6058
208785,208.785,1,4004,54004,lowband_largesig_r01,prps,1432,-18,-0.153499,40,0,40,0.10471976,6.00000,prps,3,6062
208805,208.805,1,4004,54004,lowband_largesig_r01,prps,1448,-2,-0.016291,28,0,28,0.07330382,4.20000,prps,3,6066
208825,208.825,1,4004,54004,lowband_largesig_r01,prps,1461,11,0.089085,16,0,16,0.04188790,2.40000,prps,3,6070
208845,208.845,1,4004,54004,lowband_largesig_r01,prps,1469,19,0.160199,4,0,4,0.01047198,0.60000,prps,3,6074
208865,208.865,1,4004,54004,lowband_largesig_r01,prps,1474,24,0.198654,-4,0,-4,-0.01047198,-0.60000,prps,3,6078
208885,208.885,1,4004,54004,lowband_largesig_r01,prps,1475,25,0.208812,-10,0,-10,-0.02617994,-1.50000,prps,3,6082
208921,208.921,1,4004,54004,lowband_largesig_r01,prps,1473,23,0.196303,-16,0,-16,-0.04188790,-2.40000,prps,3,6086
208941,208.941,1,4004,54004,lowband_largesig_r01,prps,1470,20,0.166596,-17,0,-17,-0.04450589,-2.55000,prps,3,6090
208961,208.961,1,4004,54004,lowband_largesig_r01,prps,1465,15,0.123910,-17,0,-17,-0.04450589,-2.55000,prps,3,6094
208981,208.981,1,4004,54004,lowband_largesig_r01,prps,1458,8,0.070639,-16,0,-16,-0.04188790,-2.40000,prps,3,6098
209001,209.001,1,4004,54004,lowband_largesig_r01,prps,1451,1,0.007353,-16,0,-16,-0.04188790,-2.40000,prps,3,6102
209021,209.021,1,4004,54004,lowband_largesig_r01,prps,1442,-8,-0.066678,-15,0,-15,-0.03926991,-2.25000,prps,3,6106
209041,209.041,1,4004,54004,lowband_largesig_r01,prps,1432,-18,-0.152608,-12,0,-12,-0.03141592,-1.80000,prps,3,6110
209061,209.061,1,4004,54004,lowband_largesig_r01,prps,1420,-30,-0.250995,-7,0,-7,-0.01832596,-1.05000,prps,3,6114
209081,209.081,1,4004,54004,lowband_largesig_r01,prps,1407,-43,-0.360893,-1,0,-1,-0.00261799,-0.15000,prps,3,6118
209101,209.101,1,4004,54004,lowband_largesig_r01,prps,1393,-57,-0.479266,5,0,5,0.01308997,0.75000,prps,3,6122
209121,209.121,1,4004,54004,lowband_largesig_r01,prps,1378,-72,-0.600865,11,0,11,0.02879793,1.65000,prps,3,6126
209141,209.141,1,4004,54004,lowband_largesig_r01,prps,1364,-86,-0.718608,17,0,17,0.04450589,2.55000,prps,3,6130
209161,209.161,1,4004,54004,lowband_largesig_r01,prps,1352,-98,-0.824407,23,0,23,0.06021386,3.45000,prps,3,6134
209181,209.181,1,4004,54004,lowband_largesig_r01,prps,1342,-108,-0.910283,31,0,31,0.08115781,4.65000,prps,3,6138
209201,209.201,1,4004,54004,lowband_largesig_r01,prps,1335,-115,-0.969567,39,0,39,0.10210176,5.85000,prps,3,6142
209221,209.221,1,4004,54004,lowband_largesig_r01,prps,1331,-119,-0.997937,47,0,47,0.12304571,7.05000,prps,3,6146
209241,209.241,1,4004,54004,lowband_largesig_r01,prps,1332,-118,-0.994109,54,0,54,0.14137166,8.10000,prps,3,6150
209261,209.261,1,4004,54004,lowband_largesig_r01,prps,1336,-114,-0.960033,59,0,59,0.15446164,8.85000,prps,3,6154
209281,209.281,1,4004,54004,lowband_largesig_r01,prps,1343,-107,-0.900556,60,0,60,0.15707964,9.00000,prps,3,6158
209301,209.301,1,4004,54004,lowband_largesig_r01,prps,1352,-98,-0.822616,60,0,60,0.15707964,9.00000,prps,3,6162
209321,209.321,1,4004,54004,lowband_largesig_r01,prps,1363,-87,-0.734103,60,0,60,0.15707964,9.00000,prps,3,6166
209341,209.341,1,4004,54004,lowband_largesig_r01,prps,1374,-76,-0.642611,58,0,58,0.15184364,8.70000,prps,3,6170
209361,209.361,1,4004,54004,lowband_largesig_r01,prps,1384,-66,-0.554309,54,0,54,0.14137166,8.10000,prps,3,6174
209381,209.381,1,4004,54004,lowband_largesig_r01,prps,1394,-56,-0.473120,48,0,48,0.12566370,7.20000,prps,3,6178
209401,209.401,1,4004,54004,lowband_largesig_r01,prps,1402,-48,-0.400380,41,0,41,0.10733775,6.15000,prps,3,6182
209421,209.421,1,4004,54004,lowband_largesig_r01,prps,1410,-40,-0.335003,35,0,35,0.09162979,5.25000,prps,3,6186
209441,209.441,1,4004,54004,lowband_largesig_r01,prps,1417,-33,-0.274121,29,0,29,0.07592182,4.35000,prps,3,6190
209461,209.461,1,4004,54004,lowband_largesig_r01,prps,1425,-25,-0.214050,23,0,23,0.06021386,3.45000,prps,3,6194
209481,209.481,1,4004,54004,lowband_largesig_r01,prps,1432,-18,-0.151392,17,0,17,0.04450589,2.55000,prps,3,6198
209501,209.501,1,4004,54004,lowband_largesig_r01,prps,1440,-10,-0.084030,13,0,13,0.03403392,1.95000,prps,3,6202
209521,209.521,1,4004,54004,lowband_largesig_r01,prps,1449,-1,-0.011823,9,0,9,0.02356194,1.35000,prps,3,6206
209541,209.541,1,4004,54004,lowband_largesig_r01,prps,1458,8,0.063147,6,0,6,0.01570796,0.90000,prps,3,6210
209561,209.561,1,4004,54004,lowband_largesig_r01,prps,1466,16,0.136836,3,0,3,0.00785398,0.45000,prps,3,6214
209581,209.581,1,4004,54004,lowband_largesig_r01,prps,1474,24,0.203965,0,0,0,0.00000000,0.00000,prps,3,6218
209601,209.601,1,4004,54004,lowband_largesig_r01,prps,1481,31,0.259063,-3,0,-3,-0.00785398,-0.45000,prps,3,6222
209621,209.621,1,4004,54004,lowband_largesig_r01,prps,1485,35,0.297626,-7,0,-7,-0.01832596,-1.05000,prps,3,6226
209641,209.641,1,4004,54004,lowband_largesig_r01,prps,1488,38,0.317153,-13,0,-13,-0.03403392,-1.95000,prps,3,6230
209661,209.661,1,4004,54004,lowband_largesig_r01,prps,1488,38,0.317846,-17,0,-17,-0.04450589,-2.55000,prps,3,6234
209681,209.681,1,4004,54004,lowband_largesig_r01,prps,1486,36,0.302810,-21,0,-21,-0.05497787,-3.15000,prps,3,6238
209701,209.701,1,4004,54004,lowband_largesig_r01,prps,1483,33,0.277690,-24,0,-24,-0.06283185,-3.60000,prps,3,6242
209721,209.721,1,4004,54004,lowband_largesig_r01,prps,1480,30,0.249787,-25,0,-25,-0.06544985,-3.75000,prps,3,6246
209741,209.741,1,4004,54004,lowband_largesig_r01,prps,1477,27,0.226803,-25,0,-25,-0.06544985,-3.75000,prps,3,6250
209761,209.761,1,4004,54004,lowband_largesig_r01,prps,1476,26,0.215436,-24,0,-24,-0.06283185,-3.60000,prps,3,6254
209781,209.781,1,4004,54004,lowband_largesig_r01,prps,1476,26,0.220088,-24,0,-24,-0.06283185,-3.60000,prps,3,6258
209801,209.801,1,4004,54004,lowband_largesig_r01,prps,1479,29,0.241935,-24,0,-24,-0.06283185,-3.60000,prps,3,6262
209821,209.821,1,4004,54004,lowband_largesig_r01,prps,1483,33,0.278556,-24,0,-24,-0.06283185,-3.60000,prps,3,6266
209841,209.841,1,4004,54004,lowband_largesig_r01,prps,1489,39,0.324213,-24,0,-24,-0.06283185,-3.60000,prps,3,6270
209861,209.861,1,4004,54004,lowband_largesig_r01,prps,1494,44,0.370750,-25,0,-25,-0.06544985,-3.75000,prps,3,6274
209881,209.881,1,4004,54004,lowband_largesig_r01,prps,1499,49,0.408993,-26,0,-26,-0.06806784,-3.90000,prps,3,6278
209901,209.901,1,4004,54004,lowband_largesig_r01,prps,1501,51,0.430387,-27,0,-27,-0.07068583,-4.05000,prps,3,6282
209921,209.921,1,4004,54004,lowband_largesig_r01,prps,1501,51,0.428604,-28,0,-28,-0.07330382,-4.20000,prps,3,6286
209941,209.941,1,4004,54004,lowband_largesig_r01,prps,1498,48,0.400816,-28,0,-28,-0.07330382,-4.20000,prps,3,6290
209961,209.961,1,4004,54004,lowband_largesig_r01,prps,1491,41,0.348394,-28,0,-28,-0.07330382,-4.20000,prps,3,6294
209981,209.981,1,4004,54004,lowband_largesig_r01,prps,1483,33,0.276885,-28,0,-28,-0.07330382,-4.20000,prps,3,6298
210001,210.001,1,4004,54004,lowband_largesig_r01,prps,1473,23,0.195254,-28,0,-28,-0.07330382,-4.20000,prps,3,6302
210021,210.021,1,4004,54004,lowband_largesig_r01,prps,1464,14,0.114495,-26,0,-26,-0.06806784,-3.90000,prps,3,6306
210041,210.041,1,4004,54004,lowband_largesig_r01,prps,1455,5,0.045848,-25,0,-25,-0.06544985,-3.75000,prps,3,6310
210061,210.061,1,4004,54004,lowband_largesig_r01,prps,1450,0,-0.001086,-21,0,-21,-0.05497787,-3.15000,prps,3,6314
210081,210.081,1,4004,54004,lowband_largesig_r01,prps,1448,-2,-0.019987,-16,0,-16,-0.04188790,-2.40000,prps,3,6318
210101,210.101,1,4004,54004,lowband_largesig_r01,prps,1449,-1,-0.008928,-12,0,-12,-0.03141592,-1.80000,prps,3,6322
210121,210.121,1,4004,54004,lowband_largesig_r01,prps,1453,3,0.029242,-8,0,-8,-0.02094395,-1.20000,prps,3,6326
210141,210.141,1,4004,54004,lowband_largesig_r01,prps,1460,10,0.087346,-6,0,-6,-0.01570796,-0.90000,prps,3,6330
210161,210.161,1,4004,54004,lowband_largesig_r01,prps,1468,18,0.155067,-6,0,-6,-0.01570796,-0.90000,prps,3,6334
210181,210.181,1,4004,54004,lowband_largesig_r01,prps,1476,26,0.220697,-6,0,-6,-0.01570796,-0.90000,prps,3,6338
210201,210.201,1,4004,54004,lowband_largesig_r01,prps,1483,33,0.273138,-6,0,-6,-0.01570796,-0.90000,prps,3,6342
210221,210.221,1,4004,54004,lowband_largesig_r01,prps,1486,36,0.303805,-9,0,-9,-0.02356194,-1.35000,prps,3,6346
210241,210.241,1,4004,54004,lowband_largesig_r01,prps,1487,37,0.308094,-15,0,-15,-0.03926991,-2.25000,prps,3,6350
210261,210.261,1,4004,54004,lowband_largesig_r01,prps,1484,34,0.286150,-19,0,-19,-0.04974188,-2.85000,prps,3,6354
210281,210.281,1,4004,54004,lowband_largesig_r01,prps,1479,29,0.242785,-23,0,-23,-0.06021386,-3.45000,prps,3,6358
210301,210.301,1,4004,54004,lowband_largesig_r01,prps,1472,22,0.186563,-24,0,-24,-0.06283185,-3.60000,prps,3,6362
210321,210.321,1,4004,54004,lowband_largesig_r01,prps,1465,15,0.128198,-24,0,-24,-0.06283185,-3.60000,prps,3,6366
210341,210.341,1,4004,54004,lowband_largesig_r01,prps,1459,9,0.078551,-22,0,-22,-0.05759586,-3.30000,prps,3,6370
210361,210.361,1,4004,54004,lowband_largesig_r01,prps,1456,6,0.046586,-20,0,-20,-0.05235988,-3.00000,prps,3,6374
210381,210.381,1,4004,54004,lowband_largesig_r01,prps,1454,4,0.037657,-18,0,-18,-0.04712389,-2.70000,prps,3,6378
210401,210.401,1,4004,54004,lowband_largesig_r01,prps,1456,6,0.052448,-15,0,-15,-0.03926991,-2.25000,prps,3,6382
210421,210.421,1,4004,54004,lowband_largesig_r01,prps,1460,10,0.086770,-13,0,-13,-0.03403392,-1.95000,prps,3,6386
210441,210.441,1,4004,54004,lowband_largesig_r01,prps,1466,16,0.132274,-13,0,-13,-0.03403392,-1.95000,prps,3,6390
210461,210.461,1,4004,54004,lowband_largesig_r01,prps,1471,21,0.177979,-13,0,-13,-0.03403392,-1.95000,prps,3,6394
210481,210.481,1,4004,54004,lowband_largesig_r01,prps,1475,25,0.212349,-13,0,-13,-0.03403392,-1.95000,prps,3,6398
210501,210.501,1,4004,54004,lowband_largesig_r01,prps,1477,27,0.225560,-13,0,-13,-0.03403392,-1.95000,prps,3,6402
210521,210.521,1,4004,54004,lowband_largesig_r01,prps,1475,25,0.211550,-13,0,-13,-0.03403392,-1.95000,prps,3,6406
210541,210.541,1,4004,54004,lowband_largesig_r01,prps,1470,20,0.169463,-15,0,-15,-0.03926991,-2.25000,prps,3,6410
210561,210.561,1,4004,54004,lowband_largesig_r01,prps,1462,12,0.104215,-16,0,-16,-0.04188790,-2.40000,prps,3,6414
210581,210.581,1,4004,54004,lowband_largesig_r01,prps,1453,3,0.026018,-16,0,-16,-0.04188790,-2.40000,prps,3,6418
210601,210.601,1,4004,54004,lowband_largesig_r01,prps,1444,-6,-0.051068,-15,0,-15,-0.03926991,-2.25000,prps,3,6422
210621,210.621,1,4004,54004,lowband_largesig_r01,prps,1437,-13,-0.111373,-13,0,-13,-0.03403392,-1.95000,prps,3,6426
210641,210.641,1,4004,54004,lowband_largesig_r01,prps,1433,-17,-0.140273,-8,0,-8,-0.02094395,-1.20000,prps,3,6430
210661,210.661,1,4004,54004,lowband_largesig_r01,prps,1435,-15,-0.126822,-3,0,-3,-0.00785398,-0.45000,prps,3,6434
210681,210.681,1,4004,54004,lowband_largesig_r01,prps,1442,-8,-0.065927,1,0,1,0.00261799,0.15000,prps,3,6438
210701,210.701,1,4004,54004,lowband_largesig_r01,prps,1455,5,0.040338,2,0,2,0.00523599,0.30000,prps,3,6442
210721,210.721,1,4004,54004,lowband_largesig_r01,prps,1472,22,0.182527,1,0,1,0.00261799,0.15000,prps,3,6446
210741,210.741,1,4004,54004,lowband_largesig_r01,prps,1491,41,0.344798,-1,0,-1,-0.00261799,-0.15000,prps,3,6450
210761,210.761,1,4004,54004,lowband_largesig_r01,prps,1510,60,0.506957,-6,0,-6,-0.01570796,-0.90000,prps,3,6454
210781,210.781,1,4004,54004,lowband_largesig_r01,prps,1527,77,0.647267,-15,0,-15,-0.03926991,-2.25000,prps,3,6458
210801,210.801,1,4004,54004,lowband_largesig_r01,prps,1539,89,0.745608,-26,0,-26,-0.06806784,-3.90000,prps,3,6462
210821,210.821,1,4004,54004,lowband_largesig_r01,prps,1544,94,0.786473,-37,0,-37,-0.09686577,-5.55000,prps,3,6466
210841,210.841,1,4004,54004,lowband_largesig_r01,prps,1541,91,0.761352,-47,0,-47,-0.12304571,-7.05000,prps,3,6470
210861,210.861,1,4004,54004,lowband_largesig_r01,prps,1530,80,0.670096,-54,0,-54,-0.14137166,-8.10000,prps,3,6474
210881,210.881,1,4004,54004,lowband_largesig_r01,prps,1512,62,0.521065,-56,0,-56,-0.14660765,-8.40000,prps,3,6478
210901,210.901,1,4004,54004,lowband_largesig_r01,prps,1489,39,0.330003,-54,0,-54,-0.14137166,-8.10000,prps,3,6482
210921,210.921,1,4004,54004,lowband_largesig_r01,prps,1464,14,0.117826,-48,0,-48,-0.12566370,-7.20000,prps,3,6486
210941,210.941,1,4004,54004,lowband_largesig_r01,prps,1439,-11,-0.092340,-39,0,-39,-0.10210176,-5.85000,prps,3,6490
210961,210.961,1,4004,54004,lowband_largesig_r01,prps,1417,-33,-0.278418,-28,0,-28,-0.07330382,-4.20000,prps,3,6494
210981,210.981,1,4004,54004,lowband_largesig_r01,prps,1400,-50,-0.422436,-14,0,-14,-0.03665191,-2.10000,prps,3,6498
211001,211.001,1,4004,54004,lowband_largesig_r01,prps,1389,-61,-0.512917,1,0,1,0.00261799,0.15000,prps,3,6502
211021,211.021,1,4004,54004,lowband_largesig_r01,prps,1385,-65,-0.546252,14,0,14,0.03665191,2.10000,prps,3,6506
211041,211.041,1,4004,54004,lowband_largesig_r01,prps,1387,-63,-0.526874,23,0,23,0.06021386,3.45000,prps,3,6510
211061,211.061,1,4004,54004,lowband_largesig_r01,prps,1395,-55,-0.466232,27,0,27,0.07068583,4.05000,prps,3,6514
211081,211.081,1,4004,54004,lowband_largesig_r01,prps,1405,-45,-0.380766,28,0,28,0.07330382,4.20000,prps,3,6518
211101,211.101,1,4004,54004,lowband_largesig_r01,prps,1416,-34,-0.289215,27,0,27,0.07068583,4.05000,prps,3,6522
211121,211.121,1,4004,54004,lowband_largesig_r01,prps,1425,-25,-0.209703,24,0,24,0.06283185,3.60000,prps,3,6526
211141,211.141,1,4004,54004,lowband_largesig_r01,prps,1431,-19,-0.157058,19,0,19,0.04974188,2.85000,prps,3,6530
211161,211.161,1,4004,54004,lowband_largesig_r01,prps,1433,-17,-0.140752,13,0,13,0.03403392,1.95000,prps,3,6534
211181,211.181,1,4004,54004,lowband_largesig_r01,prps,1431,-19,-0.163768,10,0,10,0.02617994,1.50000,prps,3,6538
211201,211.201,1,4004,54004,lowband_largesig_r01,prps,1424,-26,-0.222515,8,0,8,0.02094395,1.20000,prps,3,6542
211221,211.221,1,4004,54004,lowband_largesig_r01,prps,1413,-37,-0.307740,8,0,8,0.02094395,1.20000,prps,3,6546
211241,211.241,1,4004,54004,lowband_largesig_r01,prps,1402,-48,-0.406256,9,0,9,0.02356194,1.35000,prps,3,6550
211261,211.261,1,4004,54004,lowband_largesig_r01,prps,1390,-60,-0.503156,12,0,12,0.03141592,1.80000,prps,3,6554
211281,211.281,1,4004,54004,lowband_largesig_r01,prps,1380,-70,-0.584145,15,0,15,0.03926991,2.25000,prps,3,6558
211301,211.301,1,4004,54004,lowband_largesig_r01,prps,1374,-76,-0.637616,19,0,19,0.04974188,2.85000,prps,3,6562
211321,211.321,1,4004,54004,lowband_largesig_r01,prps,1372,-78,-0.656168,24,0,24,0.06283185,3.60000,prps,3,6566
211341,211.341,1,4004,54004,lowband_largesig_r01,prps,1374,-76,-0.637368,28,0,28,0.07330382,4.20000,prps,3,6570
211361,211.361,1,4004,54004,lowband_largesig_r01,prps,1381,-69,-0.583703,32,0,32,0.08377580,4.80000,prps,3,6574
211381,211.381,1,4004,54004,lowband_largesig_r01,prps,1390,-60,-0.501798,33,0,33,0.08639380,4.95000,prps,3,6578
211401,211.401,1,4004,54004,lowband_largesig_r01,prps,1402,-48,-0.401098,33,0,33,0.08639380,4.95000,prps,3,6582
211421,211.421,1,4004,54004,lowband_largesig_r01,prps,1415,-35,-0.292268,32,0,32,0.08377580,4.80000,prps,3,6586
211441,211.441,1,4004,54004,lowband_largesig_r01,prps,1428,-22,-0.185620,28,0,28,0.07330382,4.20000,prps,3,6590
211461,211.461,1,4004,54004,lowband_largesig_r01,prps,1439,-11,-0.089787,22,0,22,0.05759586,3.30000,prps,3,6594
211481,211.481,1,4004,54004,lowband_largesig_r01,prps,1449,-1,-0.010867,14,0,14,0.03665191,2.10000,prps,3,6598
211501,211.501,1,4004,54004,lowband_largesig_r01,prps,1456,6,0.047915,7,0,7,0.01832596,1.05000,prps,3,6602
211521,211.521,1,4004,54004,lowband_largesig_r01,prps,1460,10,0.086028,2,0,2,0.00523599,0.30000,prps,3,6606
211541,211.541,1,4004,54004,lowband_largesig_r01,prps,1463,13,0.105071,-2,0,-2,-0.00523599,-0.30000,prps,3,6610
211561,211.561,1,4004,54004,lowband_largesig_r01,prps,1463,13,0.107979,-4,0,-4,-0.01047198,-0.60000,prps,3,6614
211581,211.581,1,4004,54004,lowband_largesig_r01,prps,1462,12,0.098220,-6,0,-6,-0.01570796,-0.90000,prps,3,6618
211601,211.601,1,4004,54004,lowband_largesig_r01,prps,1459,9,0.079148,-7,0,-7,-0.01832596,-1.05000,prps,3,6622
211621,211.621,1,4004,54004,lowband_largesig_r01,prps,1456,6,0.053624,-7,0,-7,-0.01832596,-1.05000,prps,3,6626
211641,211.641,1,4004,54004,lowband_largesig_r01,prps,1453,3,0.023966,-7,0,-7,-0.01832596,-1.05000,prps,3,6630
211661,211.661,1,4004,54004,lowband_largesig_r01,prps,1449,-1,-0.007828,-7,0,-7,-0.01832596,-1.05000,prps,3,6634
211681,211.681,1,4004,54004,lowband_largesig_r01,prps,1445,-5,-0.039693,-7,0,-7,-0.01832596,-1.05000,prps,3,6638
211701,211.701,1,4004,54004,lowband_largesig_r01,prps,1442,-8,-0.069089,-7,0,-7,-0.01832596,-1.05000,prps,3,6642
211721,211.721,1,4004,54004,lowband_largesig_r01,prps,1439,-11,-0.092733,-7,0,-7,-0.01832596,-1.05000,prps,3,6646
211741,211.741,1,4004,54004,lowband_largesig_r01,prps,1437,-13,-0.106606,-5,0,-5,-0.01308997,-0.75000,prps,3,6650
211761,211.761,1,4004,54004,lowband_largesig_r01,prps,1437,-13,-0.106279,-2,0,-2,-0.00523599,-0.30000,prps,3,6654
211781,211.781,1,4004,54004,lowband_largesig_r01,prps,1440,-10,-0.087550,1,0,1,0.00261799,0.15000,prps,3,6658
211801,211.801,1,4004,54004,lowband_largesig_r01,prps,1444,-6,-0.047296,1,0,1,0.00261799,0.15000,prps,3,6662
211821,211.821,1,4004,54004,lowband_largesig_r01,prps,1452,2,0.015636,1,0,1,0.00261799,0.15000,prps,3,6666
211841,211.841,1,4004,54004,lowband_largesig_r01,prps,1462,12,0.099673,1,0,1,0.00261799,0.15000,prps,3,6670
211861,211.861,1,4004,54004,lowband_largesig_r01,prps,1474,24,0.200111,1,0,1,0.00261799,0.15000,prps,3,6674
211881,211.881,1,4004,54004,lowband_largesig_r01,prps,1487,37,0.309171,-2,0,-2,-0.00523599,-0.30000,prps,3,6678
211901,211.901,1,4004,54004,lowband_largesig_r01,prps,1500,50,0.416603,-6,0,-6,-0.01570796,-0.90000,prps,3,6682
211921,211.921,1,4004,54004,lowband_largesig_r01,prps,1511,61,0.510781,-14,0,-14,-0.03665191,-2.10000,prps,3,6686
211941,211.941,1,4004,54004,lowband_largesig_r01,prps,1519,69,0.580168,-23,0,-23,-0.06021386,-3.45000,prps,3,6690
211961,211.961,1,4004,54004,lowband_largesig_r01,prps,1523,73,0.614928,-31,0,-31,-0.08115781,-4.65000,prps,3,6694
211981,211.981,1,4004,54004,lowband_largesig_r01,prps,1522,72,0.608423,-38,0,-38,-0.09948376,-5.70000,prps,3,6698
212001,212.001,1,4004,54004,lowband_largesig_r01,prps,1516,66,0.558350,-43,0,-43,-0.11257374,-6.45000,prps,3,6702
212021,212.021,1,4004,54004,lowband_largesig_r01,prps,1506,56,0.467293,-44,0,-44,-0.11519173,-6.60000,prps,3,6706
212041,212.041,1,4004,54004,lowband_largesig_r01,prps,1491,41,0.342587,-44,0,-44,-0.11519173,-6.60000,prps,3,6710
212061,212.061,1,4004,54004,lowband_largesig_r01,prps,1473,23,0.195468,-42,0,-42,-0.10995574,-6.30000,prps,3,6714
212081,212.081,1,4004,54004,lowband_largesig_r01,prps,1455,5,0.039633,-37,0,-37,-0.09686577,-5.55000,prps,3,6718
212101,212.101,1,4004,54004,lowband_largesig_r01,prps,1437,-13,-0.110576,-29,0,-29,-0.07592182,-4.35000,prps,3,6722
212121,212.121,1,4004,54004,lowband_largesig_r01,prps,1421,-29,-0.242080,-20,0,-20,-0.05235988,-3.00000,prps,3,6726
212141,212.141,1,4004,54004,lowband_largesig_r01,prps,1409,-41,-0.344761,-9,0,-9,-0.02356194,-1.35000,prps,3,6730
212161,212.161,1,4004,54004,lowband_largesig_r01,prps,1401,-49,-0.412673,2,0,2,0.00523599,0.30000,prps,3,6734
212181,212.181,1,4004,54004,lowband_largesig_r01,prps,1397,-53,-0.444573,11,0,11,0.02879793,1.65000,prps,3,6738
212201,212.201,1,4004,54004,lowband_largesig_r01,prps,1397,-53,-0.443703,18,0,18,0.04712389,2.70000,prps,3,6742
212221,212.221,1,4004,54004,lowband_largesig_r01,prps,1400,-50,-0.416857,20,0,20,0.05235988,3.00000,prps,3,6746
212241,212.241,1,4004,54004,lowband_largesig_r01,prps,1406,-44,-0.372933,21,0,21,0.05497787,3.15000,prps,3,6750
212261,212.261,1,4004,54004,lowband_largesig_r01,prps,1412,-38,-0.321211,21,0,21,0.05497787,3.15000,prps,3,6754
212281,212.281,1,4004,54004,lowband_largesig_r01,prps,1418,-32,-0.269684,20,0,20,0.05235988,3.00000,prps,3,6758
212301,212.301,1,4004,54004,lowband_largesig_r01,prps,1423,-27,-0.223732,18,0,18,0.04712389,2.70000,prps,3,6762
212321,212.321,1,4004,54004,lowband_largesig_r01,prps,1428,-22,-0.185375,15,0,15,0.03926991,2.25000,prps,3,6766
212341,212.341,1,4004,54004,lowband_largesig_r01,prps,1432,-18,-0.153238,12,0,12,0.03141592,1.80000,prps,3,6770
212361,212.361,1,4004,54004,lowband_largesig_r01,prps,1435,-15,-0.123208,10,0,10,0.02617994,1.50000,prps,3,6774
212381,212.381,1,4004,54004,lowband_largesig_r01,prps,1439,-11,-0.089667,9,0,9,0.02356194,1.35000,prps,3,6778
212401,212.401,1,4004,54004,lowband_largesig_r01,prps,1444,-6,-0.047042,7,0,7,0.01832596,1.05000,prps,3,6782
212421,212.421,1,4004,54004,lowband_largesig_r01,prps,1451,1,0.008634,6,0,6,0.01570796,0.90000,prps,3,6786
212441,212.441,1,4004,54004,lowband_largesig_r01,prps,1459,9,0.078454,4,0,4,0.01047198,0.60000,prps,3,6790
212461,212.461,1,4004,54004,lowband_largesig_r01,prps,1469,19,0.159931,1,0,1,0.00261799,0.15000,prps,3,6794
212481,212.481,1,4004,54004,lowband_largesig_r01,prps,1479,29,0.247017,-1,0,-1,-0.00261799,-0.15000,prps,3,6798
212501,212.501,1,4004,54004,lowband_largesig_r01,prps,1489,39,0.330880,-5,0,-5,-0.01308997,-0.75000,prps,3,6802
212521,212.521,1,4004,54004,lowband_largesig_r01,prps,1498,48,0.401303,-10,0,-10,-0.02617994,-1.50000,prps,3,6806
212541,212.541,1,4004,54004,lowband_largesig_r01,prps,1503,53,0.448496,-17,0,-17,-0.04450589,-2.55000,prps,3,6810
212561,212.561,1,4004,54004,lowband_largesig_r01,prps,1505,55,0.464982,-24,0,-24,-0.06283185,-3.60000,prps,3,6814
212581,212.581,1,4004,54004,lowband_largesig_r01,prps,1503,53,0.447201,-29,0,-29,-0.07592182,-4.35000,prps,3,6818
212601,212.601,1,4004,54004,lowband_largesig_r01,prps,1497,47,0.396535,-33,0,-33,-0.08639380,-4.95000,prps,3,6822
212621,212.621,1,4004,54004,lowband_largesig_r01,prps,1488,38,0.319524,-34,0,-34,-0.08901179,-5.10000,prps,3,6826
212641,212.641,1,4004,54004,lowband_largesig_r01,prps,1477,27,0.227188,-32,0,-32,-0.08377580,-4.80000,prps,3,6830
212661,212.661,1,4004,54004,lowband_largesig_r01,prps,1466,16,0.133537,-30,0,-30,-0.07853982,-4.50000,prps,3,6834
212681,212.681,1,4004,54004,lowband_largesig_r01,prps,1456,6,0.053475,-26,0,-26,-0.06806784,-3.90000,prps,3,6838
212701,212.701,1,4004,54004,lowband_largesig_r01,prps,1450,0,0.000453,-22,0,-22,-0.05759586,-3.30000,prps,3,6842
212721,212.721,1,4004,54004,lowband_largesig_r01,prps,1448,-2,-0.015760,-17,0,-17,-0.04450589,-2.55000,prps,3,6846
212741,212.741,1,4004,54004,lowband_largesig_r01,prps,1451,1,0.009212,-12,0,-12,-0.03141592,-1.80000,prps,3,6850
212761,212.761,1,4004,54004,lowband_largesig_r01,prps,1459,9,0.073451,-8,0,-8,-0.02094395,-1.20000,prps,3,6854
212781,212.781,1,4004,54004,lowband_largesig_r01,prps,1470,20,0.168841,-7,0,-7,-0.01832596,-1.05000,prps,3,6858
212801,212.801,1,4004,54004,lowband_largesig_r01,prps,1484,34,0.282165,-7,0,-7,-0.01832596,-1.05000,prps,3,6862
212821,212.821,1,4004,54004,lowband_largesig_r01,prps,1497,47,0.397040,-10,0,-10,-0.02617994,-1.50000,prps,3,6866
212841,212.841,1,4004,54004,lowband_largesig_r01,prps,1509,59,0.496398,-16,0,-16,-0.04188790,-2.40000,prps,3,6870
212861,212.861,1,4004,54004,lowband_largesig_r01,prps,1517,67,0.565101,-23,0,-23,-0.06021386,-3.45000,prps,3,6874
212881,212.881,1,4004,54004,lowband_largesig_r01,prps,1520,70,0.592270,-30,0,-30,-0.07853982,-4.50000,prps,3,6878
212901,212.901,1,4004,54004,lowband_largesig_r01,prps,1518,68,0.572936,-36,0,-36,-0.09424778,-5.40000,prps,3,6882
212921,212.921,1,4004,54004,lowband_largesig_r01,prps,1511,61,0.508745,-42,0,-42,-0.10995574,-6.30000,prps,3,6886
212941,212.941,1,4004,54004,lowband_largesig_r01,prps,1499,49,0.407598,-43,0,-43,-0.11257374,-6.45000,prps,3,6890
212961,212.961,1,4004,54004,lowband_largesig_r01,prps,1484,34,0.282278,-42,0,-42,-0.10995574,-6.30000,prps,3,6894
212981,212.981,1,4004,54004,lowband_largesig_r01,prps,1468,18,0.148315,-38,0,-38,-0.09948376,-5.70000,prps,3,6898
213001,213.001,1,4004,54004,lowband_largesig_r01,prps,1453,3,0.021428,-32,0,-32,-0.08377580,-4.80000,prps,3,6902
213021,213.021,1,4004,54004,lowband_largesig_r01,prps,1440,-10,-0.085007,-24,0,-24,-0.06283185,-3.60000,prps,3,6906
213041,213.041,1,4004,54004,lowband_largesig_r01,prps,1431,-19,-0.162041,-17,0,-17,-0.04450589,-2.55000,prps,3,6910
213061,213.061,1,4004,54004,lowband_largesig_r01,prps,1425,-25,-0.206441,-8,0,-8,-0.02094395,-1.20000,prps,3,6914
213081,213.081,1,4004,54004,lowband_largesig_r01,prps,1424,-26,-0.220960,-1,0,-1,-0.00261799,-0.15000,prps,3,6918
213101,213.101,1,4004,54004,lowband_largesig_r01,prps,1425,-25,-0.213563,4,0,4,0.01047198,0.60000,prps,3,6922
213121,213.121,1,4004,54004,lowband_largesig_r01,prps,1427,-23,-0.195731,6,0,6,0.01570796,0.90000,prps,3,6926
213141,213.141,1,4004,54004,lowband_largesig_r01,prps,1429,-21,-0.180162,7,0,7,0.01832596,1.05000,prps,3,6930
213161,213.161,1,4004,54004,lowband_largesig_r01,prps,1429,-21,-0.178260,7,0,7,0.01832596,1.05000,prps,3,6934
213181,213.181,1,4004,54004,lowband_largesig_r01,prps,1426,-24,-0.197858,7,0,7,0.01832596,1.05000,prps,3,6938
213201,213.201,1,4004,54004,lowband_largesig_r01,prps,1421,-29,-0.241584,7,0,7,0.01832596,1.05000,prps,3,6942
213221,213.221,1,4004,54004,lowband_largesig_r01,prps,1414,-36,-0.306151,8,0,8,0.02094395,1.20000,prps,3,6946
213241,213.241,1,4004,54004,lowband_largesig_r01,prps,1404,-46,-0.382724,9,0,9,0.02356194,1.35000,prps,3,6950
213261,213.261,1,4004,54004,lowband_largesig_r01,prps,1395,-55,-0.458298,11,0,11,0.02879793,1.65000,prps,3,6954
213281,213.281,1,4004,54004,lowband_largesig_r01,prps,1388,-62,-0.517875,14,0,14,0.03665191,2.10000,prps,3,6958
213301,213.301,1,4004,54004,lowband_largesig_r01,prps,1385,-65,-0.547073,17,0,17,0.04450589,2.55000,prps,3,6962
213321,213.321,1,4004,54004,lowband_largesig_r01,prps,1386,-64,-0.534738,20,0,20,0.05235988,3.00000,prps,3,6966
213341,213.341,1,4004,54004,lowband_largesig_r01,prps,1393,-57,-0.475093,23,0,23,0.06021386,3.45000,prps,3,6970
213361,213.361,1,4004,54004,lowband_largesig_r01,prps,1406,-44,-0.369082,24,0,24,0.06283185,3.60000,prps,3,6974
213381,213.381,1,4004,54004,lowband_largesig_r01,prps,1423,-27,-0.224656,23,0,23,0.06021386,3.45000,prps,3,6978
213401,213.401,1,4004,54004,lowband_largesig_r01,prps,1443,-7,-0.055934,21,0,21,0.05497787,3.15000,prps,3,6982
213421,213.421,1,4004,54004,lowband_largesig_r01,prps,1464,14,0.118630,15,0,15,0.03926991,2.25000,prps,3,6986
213441,213.441,1,4004,54004,lowband_largesig_r01,prps,1483,33,0.278796,7,0,7,0.01832596,1.05000,prps,3,6990
213461,213.461,1,4004,54004,lowband_largesig_r01,prps,1498,48,0.405404,-1,0,-1,-0.00261799,-0.15000,prps,3,6994
213481,213.481,1,4004,54004,lowband_largesig_r01,prps,1507,57,0.483103,-9,0,-9,-0.02356194,-1.35000,prps,3,6998
213501,213.501,1,4004,54004,lowband_largesig_r01,prps,1510,60,0.502533,-19,0,-19,-0.04974188,-2.85000,prps,3,7002
213521,213.521,1,4004,54004,lowband_largesig_r01,prps,1505,55,0.461600,-28,0,-28,-0.07330382,-4.20000,prps,3,7006
213541,213.541,1,4004,54004,lowband_largesig_r01,prps,1494,44,0.365688,-33,0,-33,-0.08639380,-4.95000,prps,3,7010
213561,213.561,1,4004,54004,lowband_largesig_r01,prps,1477,27,0.226776,-35,0,-35,-0.09162979,-5.25000,prps,3,7014
213581,213.581,1,4004,54004,lowband_largesig_r01,prps,1457,7,0.061625,-33,0,-33,-0.08639380,-4.95000,prps,3,7018
213601,213.601,1,4004,54004,lowband_largesig_r01,prps,1437,-13,-0.110666,-27,0,-27,-0.07068583,-4.05000,prps,3,7022
213621,213.621,1,4004,54004,lowband_largesig_r01,prps,1418,-32,-0.271344,-19,0,-19,-0.04974188,-2.85000,prps,3,7026
213641,213.641,1,4004,54004,lowband_largesig_r01,prps,1402,-48,-0.404516,-9,0,-9,-0.02356194,-1.35000,prps,3,7030
213661,213.661,1,4004,54004,lowband_largesig_r01,prps,1391,-59,-0.499107,3,0,3,0.00785398,0.45000,prps,3,7034
213681,213.681,1,4004,54004,lowband_largesig_r01,prps,1385,-65,-0.550021,13,0,13,0.03403392,1.95000,prps,3,7038
213701,213.701,1,4004,54004,lowband_largesig_r01,prps,1384,-66,-0.558342,21,0,21,0.05497787,3.15000,prps,3,7042
213721,213.721,1,4004,54004,lowband_largesig_r01,prps,1387,-63,-0.530626,26,0,26,0.06806784,3.90000,prps,3,7046
213741,213.741,1,4004,54004,lowband_largesig_r01,prps,1393,-57,-0.477444,28,0,28,0.07330382,4.20000,prps,3,7050
213761,213.761,1,4004,54004,lowband_largesig_r01,prps,1401,-49,-0.411451,28,0,28,0.07330382,4.20000,prps,3,7054
213781,213.781,1,4004,54004,lowband_largesig_r01,prps,1409,-41,-0.345314,27,0,27,0.07068583,4.05000,prps,3,7058
213801,213.801,1,4004,54004,lowband_largesig_r01,prps,1416,-34,-0.289840,25,0,25,0.06544985,3.75000,prps,3,7062
213821,213.821,1,4004,54004,lowband_largesig_r01,prps,1420,-30,-0.252568,21,0,21,0.05497787,3.15000,prps,3,7066
213841,213.841,1,4004,54004,lowband_largesig_r01,prps,1422,-28,-0.237006,17,0,17,0.04450589,2.55000,prps,3,7070
213861,213.861,1,4004,54004,lowband_largesig_r01,prps,1421,-29,-0.242576,14,0,14,0.03665191,2.10000,prps,3,7074
213881,213.881,1,4004,54004,lowband_largesig_r01,prps,1418,-32,-0.265188,12,0,12,0.03141592,1.80000,prps,3,7078
213901,213.901,1,4004,54004,lowband_largesig_r01,prps,1415,-35,-0.298290,12,0,12,0.03141592,1.80000,prps,3,7082
213921,213.921,1,4004,54004,lowband_largesig_r01,prps,1410,-40,-0.334166,13,0,13,0.03403392,1.95000,prps,3,7086
213941,213.941,1,4004,54004,lowband_largesig_r01,prps,1407,-43,-0.365223,13,0,13,0.03403392,1.95000,prps,3,7090
213961,213.961,1,4004,54004,lowband_largesig_r01,prps,1404,-46,-0.385076,13,0,13,0.03403392,1.95000,prps,3,7094
213981,213.981,1,4004,54004,lowband_largesig_r01,prps,1404,-46,-0.389250,13,0,13,0.03403392,1.95000,prps,3,7098
214001,214.001,1,4004,54004,lowband_largesig_r01,prps,1405,-45,-0.375462,14,0,14,0.03665191,2.10000,prps,3,7102
214021,214.021,1,4004,54004,lowband_largesig_r01,prps,1409,-41,-0.343496,14,0,14,0.03665191,2.10000,prps,3,7106
214041,214.041,1,4004,54004,lowband_largesig_r01,prps,1415,-35,-0.294778,15,0,15,0.03926991,2.25000,prps,3,7110
214061,214.061,1,4004,54004,lowband_largesig_r01,prps,1422,-28,-0.231802,15,0,15,0.03926991,2.25000,prps,3,7114
214081,214.081,1,4004,54004,lowband_largesig_r01,prps,1431,-19,-0.157570,14,0,14,0.03665191,2.10000,prps,3,7118
214101,214.101,1,4004,54004,lowband_largesig_r01,prps,1441,-9,-0.075183,13,0,13,0.03403392,1.95000,prps,3,7122
214121,214.121,1,4004,54004,lowband_largesig_r01,prps,1451,1,0.012343,10,0,10,0.02617994,1.50000,prps,3,7126
214141,214.141,1,4004,54004,lowband_largesig_r01,prps,1462,12,0.102017,7,0,7,0.01832596,1.05000,prps,3,7130
214161,214.161,1,4004,54004,lowband_largesig_r01,prps,1473,23,0.190634,3,0,3,0.00785398,0.45000,prps,3,7134
214181,214.181,1,4004,54004,lowband_largesig_r01,prps,1483,33,0.274480,-2,0,-2,-0.00523599,-0.30000,prps,3,7138
214201,214.201,1,4004,54004,lowband_largesig_r01,prps,1492,42,0.349100,-7,0,-7,-0.01832596,-1.05000,prps,3,7142
214221,214.221,1,4004,54004,lowband_largesig_r01,prps,1499,49,0.409292,-13,0,-13,-0.03403392,-1.95000,prps,3,7146
214241,214.241,1,4004,54004,lowband_largesig_r01,prps,1503,53,0.449380,-20,0,-20,-0.05235988,-3.00000,prps,3,7150
214261,214.261,1,4004,54004,lowband_largesig_r01,prps,1505,55,0.463814,-26,0,-26,-0.06806784,-3.90000,prps,3,7154
214281,214.281,1,4004,54004,lowband_largesig_r01,prps,1503,53,0.448019,-30,0,-30,-0.07853982,-4.50000,prps,3,7158
214301,214.301,1,4004,54004,lowband_largesig_r01,prps,1498,48,0.399365,-32,0,-32,-0.08377580,-4.80000,prps,3,7162
214321,214.321,1,4004,54004,lowband_largesig_r01,prps,1488,38,0.318072,-33,0,-33,-0.08639380,-4.95000,prps,3,7166
214341,214.341,1,4004,54004,lowband_largesig_r01,prps,1475,25,0.207844,-32,0,-32,-0.08377580,-4.80000,prps,3,7170
214361,214.361,1,4004,54004,lowband_largesig_r01,prps,1459,9,0.076057,-31,0,-31,-0.08115781,-4.65000,prps,3,7174
214381,214.381,1,4004,54004,lowband_largesig_r01,prps,1442,-8,-0.066605,-26,0,-26,-0.06806784,-3.90000,prps,3,7178
214401,214.401,1,4004,54004,lowband_largesig_r01,prps,1425,-25,-0.207102,-20,0,-20,-0.05235988,-3.00000,prps,3,7182
214421,214.421,1,4004,54004,lowband_largesig_r01,prps,1411,-39,-0.331481,-11,0,-11,-0.02879793,-1.65000,prps,3,7186
214441,214.441,1,4004,54004,lowband_largesig_r01,prps,1399,-51,-0.426624,-1,0,-1,-0.00261799,-0.15000,prps,3,7190
214461,214.461,1,4004,54004,lowband_largesig_r01,prps,1393,-57,-0.482044,9,0,9,0.02356194,1.35000,prps,3,7194
214481,214.481,1,4004,54004,lowband_largesig_r01,prps,1392,-58,-0.491448,17,0,17,0.04450589,2.55000,prps,3,7198
214501,214.501,1,4004,54004,lowband_largesig_r01,prps,1396,-54,-0.453776,21,0,21,0.05497787,3.15000,prps,3,7202
214521,214.521,1,4004,54004,lowband_largesig_r01,prps,1406,-44,-0.373530,22,0,22,0.05759586,3.30000,prps,3,7206
214541,214.541,1,4004,54004,lowband_largesig_r01,prps,1419,-31,-0.260292,21,0,21,0.05497787,3.15000,prps,3,7210
214561,214.561,1,4004,54004,lowband_largesig_r01,prps,1435,-15,-0.127461,20,0,20,0.05235988,3.00000,prps,3,7214
214581,214.581,1,4004,54004,lowband_largesig_r01,prps,1451,1,0.009616,16,0,16,0.04188790,2.40000,prps,3,7218
214601,214.601,1,4004,54004,lowband_largesig_r01,prps,1466,16,0.135846,9,0,9,0.02356194,1.35000,prps,3,7222
214621,214.621,1,4004,54004,lowband_largesig_r01,prps,1478,28,0.238583,3,0,3,0.00785398,0.45000,prps,3,7226
214641,214.641,1,4004,54004,lowband_largesig_r01,prps,1487,37,0.309461,-3,0,-3,-0.00785398,-0.45000,prps,3,7230
214661,214.661,1,4004,54004,lowband_largesig_r01,prps,1491,41,0.345570,-9,0,-9,-0.02356194,-1.35000,prps,3,7234
214681,214.681,1,4004,54004,lowband_largesig_r01,prps,1492,42,0.349756,-16,0,-16,-0.04188790,-2.40000,prps,3,7238
214701,214.701,1,4004,54004,lowband_largesig_r01,prps,1489,39,0.330017,-22,0,-22,-0.05759586,-3.30000,prps,3,7242
214721,214.721,1,4004,54004,lowband_largesig_r01,prps,1485,35,0.298052,-26,0,-26,-0.06806784,-3.90000,prps,3,7246
214741,214.741,1,4004,54004,lowband_largesig_r01,prps,1482,32,0.267217,-27,0,-27,-0.07068583,-4.05000,prps,3,7250
214761,214.761,1,4004,54004,lowband_largesig_r01,prps,1480,30,0.250214,-26,0,-26,-0.06806784,-3.90000,prps,3,7254
214781,214.781,1,4004,54004,lowband_largesig_r01,prps,1481,31,0.256893,-25,0,-25,-0.06544985,-3.75000,prps,3,7258
214801,214.801,1,4004,54004,lowband_largesig_r01,prps,1485,35,0.292540,-25,0,-25,-0.06544985,-3.75000,prps,3,7262
214821,214.821,1,4004,54004,lowband_largesig_r01,prps,1492,42,0.356926,-25,0,-25,-0.06544985,-3.75000,prps,3,7266
214841,214.841,1,4004,54004,lowband_largesig_r01,prps,1503,53,0.444290,-26,0,-26,-0.06806784,-3.90000,prps,3,7270
214861,214.861,1,4004,54004,lowband_largesig_r01,prps,1515,65,0.544240,-28,0,-28,-0.07330382,-4.20000,prps,3,7274
214881,214.881,1,4004,54004,lowband_largesig_r01,prps,1527,77,0.643442,-30,0,-30,-0.07853982,-4.50000,prps,3,7278
214901,214.901,1,4004,54004,lowband_largesig_r01,prps,1537,87,0.727784,-33,0,-33,-0.08639380,-4.95000,prps,3,7282
214921,214.921,1,4004,54004,lowband_largesig_r01,prps,1543,93,0.784663,-40,0,-40,-0.10471976,-6.00000,prps,3,7286
214941,214.941,1,4004,54004,lowband_largesig_r01,prps,1546,96,0.805008,-47,0,-47,-0.12304571,-7.05000,prps,3,7290
214961,214.961,1,4004,54004,lowband_largesig_r01,prps,1543,93,0.784682,-52,0,-52,-0.13613568,-7.80000,prps,3,7294
214981,214.981,1,4004,54004,lowband_largesig_r01,prps,1536,86,0.725056,-56,0,-56,-0.14660765,-8.40000,prps,3,7298
215001,215.001,1,4004,54004,lowband_largesig_r01,prps,1525,75,0.632638,-57,0,-57,-0.14922565,-8.55000,prps,3,7302
215021,215.021,1,4004,54004,lowband_largesig_r01,prps,1512,62,0.517861,-56,0,-56,-0.14660765,-8.40000,prps,3,7306
215041,215.041,1,4004,54004,lowband_largesig_r01,prps,1497,47,0.393233,-54,0,-54,-0.14137166,-8.10000,prps,3,7310
215061,215.061,1,4004,54004,lowband_largesig_r01,prps,1482,32,0.271194,-49,0,-49,-0.12828170,-7.35000,prps,3,7314
215081,215.081,1,4004,54004,lowband_largesig_r01,prps,1469,19,0.162056,-42,0,-42,-0.10995574,-6.30000,prps,3,7318
215101,215.101,1,4004,54004,lowband_largesig_r01,prps,1459,9,0.072394,-35,0,-35,-0.09162979,-5.25000,prps,3,7322
215121,215.121,1,4004,54004,lowband_largesig_r01,prps,1450,0,0.004169,-27,0,-27,-0.07068583,-4.05000,prps,3,7326
215141,215.141,1,4004,54004,lowband_largesig_r01,prps,1445,-5,-0.045268,-19,0,-19,-0.04974188,-2.85000,prps,3,7330
215161,215.161,1,4004,54004,lowband_largesig_r01,prps,1440,-10,-0.082295,-12,0,-12,-0.03141592,-1.80000,prps,3,7334
215181,215.181,1,4004,54004,lowband_largesig_r01,prps,1436,-14,-0.115445,-6,0,-6,-0.01570796,-0.90000,prps,3,7338
215201,215.201,1,4004,54004,lowband_largesig_r01,prps,1432,-18,-0.153421,-1,0,-1,-0.00261799,-0.15000,prps,3,7342
215221,215.221,1,4004,54004,lowband_largesig_r01,prps,1426,-24,-0.203074,2,0,2,0.00523599,0.30000,prps,3,7346
215241,215.241,1,4004,54004,lowband_largesig_r01,prps,1418,-32,-0.267745,4,0,4,0.01047198,0.60000,prps,3,7350
215261,215.261,1,4004,54004,lowband_largesig_r01,prps,1409,-41,-0.346263,5,0,5,0.01308997,0.75000,prps,3,7354
215281,215.281,1,4004,54004,lowband_largesig_r01,prps,1398,-52,-0.432839,7,0,7,0.01832596,1.05000,prps,3,7358
215301,215.301,1,4004,54004,lowband_largesig_r01,prps,1388,-62,-0.517862,10,0,10,0.02617994,1.50000,prps,3,7362
215321,215.321,1,4004,54004,lowband_largesig_r01,prps,1380,-70,-0.589518,15,0,15,0.03926991,2.25000,prps,3,7366
215341,215.341,1,4004,54004,lowband_largesig_r01,prps,1374,-76,-0.635920,20,0,20,0.05235988,3.00000,prps,3,7370
215361,215.361,1,4004,54004,lowband_largesig_r01,prps,1373,-77,-0.647417,24,0,24,0.06283185,3.60000,prps,3,7374
215381,215.381,1,4004,54004,lowband_largesig_r01,prps,1376,-74,-0.618627,29,0,29,0.07592182,4.35000,prps,3,7378
215401,215.401,1,4004,54004,lowband_largesig_r01,prps,1385,-65,-0.549850,32,0,32,0.08377580,4.80000,prps,3,7382
215421,215.421,1,4004,54004,lowband_largesig_r01,prps,1397,-53,-0.447559,33,0,33,0.08639380,4.95000,prps,3,7386
215441,215.441,1,4004,54004,lowband_largesig_r01,prps,1411,-39,-0.323856,32,0,32,0.08377580,4.80000,prps,3,7390
215461,215.461,1,4004,54004,lowband_largesig_r01,prps,1427,-23,-0.194933,29,0,29,0.07592182,4.35000,prps,3,7394
215481,215.481,1,4004,54004,lowband_largesig_r01,prps,1441,-9,-0.078766,23,0,23,0.06021386,3.45000,prps,3,7398
215501,215.501,1,4004,54004,lowband_largesig_r01,prps,1451,1,0.007604,15,0,15,0.03926991,2.25000,prps,3,7402
215521,215.521,1,4004,54004,lowband_largesig_r01,prps,1456,6,0.050754,7,0,7,0.01832596,1.05000,prps,3,7406
215541,215.541,1,4004,54004,lowband_largesig_r01,prps,1455,5,0.043110,1,0,1,0.00261799,0.15000,prps,3,7410
215561,215.561,1,4004,54004,lowband_largesig_r01,prps,1448,-2,-0.015681,-2,0,-2,-0.00523599,-0.30000,prps,3,7414
215581,215.581,1,4004,54004,lowband_largesig_r01,prps,1436,-14,-0.118448,-3,0,-3,-0.00785398,-0.45000,prps,3,7418
215601,215.601,1,4004,54004,lowband_largesig_r01,prps,1420,-30,-0.251346,-2,0,-2,-0.00523599,-0.30000,prps,3,7422
215621,215.621,1,4004,54004,lowband_largesig_r01,prps,1403,-47,-0.395736,1,0,1,0.00261799,0.15000,prps,3,7426
215641,215.641,1,4004,54004,lowband_largesig_r01,prps,1387,-63,-0.530808,6,0,6,0.01570796,0.90000,prps,3,7430
215661,215.661,1,4004,54004,lowband_largesig_r01,prps,1374,-76,-0.636534,12,0,12,0.03141592,1.80000,prps,3,7434
215681,215.681,1,4004,54004,lowband_largesig_r01,prps,1367,-83,-0.696507,19,0,19,0.04974188,2.85000,prps,3,7438
215701,215.701,1,4004,54004,lowband_largesig_r01,prps,1367,-83,-0.700205,26,0,26,0.06806784,3.90000,prps,3,7442
215721,215.721,1,4004,54004,lowband_largesig_r01,prps,1373,-77,-0.644363,32,0,32,0.08377580,4.80000,prps,3,7446
215741,215.741,1,4004,54004,lowband_largesig_r01,prps,1387,-63,-0.533228,34,0,34,0.08901179,5.10000,prps,3,7450
215761,215.761,1,4004,54004,lowband_largesig_r01,prps,1405,-45,-0.377710,35,0,35,0.09162979,5.25000,prps,3,7454
215781,215.781,1,4004,54004,lowband_largesig_r01,prps,1427,-23,-0.193567,33,0,33,0.08639380,4.95000,prps,3,7458
215801,215.801,1,4004,54004,lowband_largesig_r01,prps,1450,0,0.001049,27,0,27,0.07068583,4.05000,prps,3,7462
215821,215.821,1,4004,54004,lowband_largesig_r01,prps,1472,22,0.188286,18,0,18,0.04712389,2.70000,prps,3,7466
215841,215.841,1,4004,54004,lowband_largesig_r01,prps,1492,42,0.353085,6,0,6,0.01570796,0.90000,prps,3,7470
215861,215.861,1,4004,54004,lowband_largesig_r01,prps,1508,58,0.485101,-5,0,-5,-0.01308997,-0.75000,prps,3,7474
215881,215.881,1,4004,54004,lowband_largesig_r01,prps,1519,69,0.579752,-15,0,-15,-0.03926991,-2.25000,prps,3,7478
215901,215.901,1,4004,54004,lowband_largesig_r01,prps,1526,76,0.638288,-27,0,-27,-0.07068583,-4.05000,prps,3,7482
215921,215.921,1,4004,54004,lowband_largesig_r01,prps,1529,79,0.666909,-36,0,-36,-0.09424778,-5.40000,prps,3,7486
215941,215.941,1,4004,54004,lowband_largesig_r01,prps,1530,80,0.675131,-45,0,-45,-0.11780972,-6.75000,prps,3,7490
215961,215.961,1,4004,54004,lowband_largesig_r01,prps,1530,80,0.673715,-49,0,-49,-0.12828170,-7.35000,prps,3,7494
215981,215.981,1,4004,54004,lowband_largesig_r01,prps,1530,80,0.672539,-51,0,-51,-0.13351768,-7.65000,prps,3,7498
216001,216.001,1,4004,54004,lowband_largesig_r01,prps,1531,81,0.678766,-52,0,-52,-0.13613568,-7.80000,prps,3,7502
216021,216.021,1,4004,54004,lowband_largesig_r01,prps,1533,83,0.695630,-52,0,-52,-0.13613568,-7.80000,prps,3,7506
216041,216.041,1,4004,54004,lowband_largesig_r01,prps,1536,86,0.722014,-52,0,-52,-0.13613568,-7.80000,prps,3,7510
216061,216.061,1,4004,54004,lowband_largesig_r01,prps,1540,90,0.752855,-52,0,-52,-0.13613568,-7.80000,prps,3,7514
216081,216.081,1,4004,54004,lowband_largesig_r01,prps,1543,93,0.780282,-52,0,-52,-0.13613568,-7.80000,prps,3,7518
216101,216.101,1,4004,54004,lowband_largesig_r01,prps,1545,95,0.795261,-52,0,-52,-0.13613568,-7.80000,prps,3,7522
216121,216.121,1,4004,54004,lowband_largesig_r01,prps,1544,94,0.789415,-52,0,-52,-0.13613568,-7.80000,prps,3,7526
216141,216.141,1,4004,54004,lowband_largesig_r01,prps,1540,90,0.756724,-54,0,-54,-0.14137166,-8.10000,prps,3,7530
216161,216.161,1,4004,54004,lowband_largesig_r01,prps,1533,83,0.694780,-55,0,-55,-0.14398966,-8.25000,prps,3,7534
216181,216.181,1,4004,54004,lowband_largesig_r01,prps,1522,72,0.605409,-54,0,-54,-0.14137166,-8.10000,prps,3,7538
216201,216.201,1,4004,54004,lowband_largesig_r01,prps,1509,59,0.494555,-54,0,-54,-0.14137166,-8.10000,prps,3,7542
216221,216.221,1,4004,54004,lowband_largesig_r01,prps,1494,44,0.371473,-52,0,-52,-0.13613568,-7.80000,prps,3,7546
216241,216.241,1,4004,54004,lowband_largesig_r01,prps,1479,29,0.247384,-47,0,-47,-0.12304571,-7.05000,prps,3,7550
216261,216.261,1,4004,54004,lowband_largesig_r01,prps,1466,16,0.133836,-40,0,-40,-0.10471976,-6.00000,prps,3,7554
216281,216.281,1,4004,54004,lowband_largesig_r01,prps,1455,5,0.041047,-33,0,-33,-0.08639380,-4.95000,prps,3,7558
216301,216.301,1,4004,54004,lowband_largesig_r01,prps,1447,-3,-0.023491,-25,0,-25,-0.06544985,-3.75000,prps,3,7562
216321,216.321,1,4004,54004,lowband_largesig_r01,prps,1443,-7,-0.055940,-17,0,-17,-0.04450589,-2.55000,prps,3,7566
216341,216.341,1,4004,54004,lowband_largesig_r01,prps,1443,-7,-0.056452,-10,0,-10,-0.02617994,-1.50000,prps,3,7570
216361,216.361,1,4004,54004,lowband_largesig_r01,prps,1447,-3,-0.028903,-4,0,-4,-0.01047198,-0.60000,prps,3,7574
216381,216.381,1,4004,54004,lowband_largesig_r01,prps,1452,2,0.019885,-2,0,-2,-0.00523599,-0.30000,prps,3,7578
216401,216.401,1,4004,54004,lowband_largesig_r01,prps,1460,10,0.081270,-1,0,-1,-0.00261799,-0.15000,prps,3,7582
216421,216.421,1,4004,54004,lowband_largesig_r01,prps,1467,17,0.146039,-2,0,-2,-0.00523599,-0.30000,prps,3,7586
216441,216.441,1,4004,54004,lowband_largesig_r01,prps,1474,24,0.205570,-2,0,-2,-0.00523599,-0.30000,prps,3,7590
216461,216.461,1,4004,54004,lowband_largesig_r01,prps,1480,30,0.252722,-4,0,-4,-0.01047198,-0.60000,prps,3,7594
216481,216.481,1,4004,54004,lowband_largesig_r01,prps,1484,34,0.282359,-8,0,-8,-0.02094395,-1.20000,prps,3,7598
216501,216.501,1,4004,54004,lowband_largesig_r01,prps,1485,35,0.291457,-13,0,-13,-0.03403392,-1.95000,prps,3,7602
216521,216.521,1,4004,54004,lowband_largesig_r01,prps,1483,33,0.278885,-18,0,-18,-0.04712389,-2.70000,prps,3,7606
216541,216.541,1,4004,54004,lowband_largesig_r01,prps,1479,29,0.244949,-21,0,-21,-0.05497787,-3.15000,prps,3,7610
216561,216.561,1,4004,54004,lowband_largesig_r01,prps,1473,23,0.190879,-22,0,-22,-0.05759586,-3.30000,prps,3,7614
216581,216.581,1,4004,54004,lowband_largesig_r01,prps,1464,14,0.118388,-22,0,-22,-0.05759586,-3.30000,prps,3,7618
216601,216.601,1,4004,54004,lowband_largesig_r01,prps,1454,4,0.029436,-21,0,-21,-0.05497787,-3.15000,prps,3,7622
216621,216.621,1,4004,54004,lowband_largesig_r01,prps,1441,-9,-0.073776,-19,0,-19,-0.04974188,-2.85000,prps,3,7626
216641,216.641,1,4004,54004,lowband_largesig_r01,prps,1428,-22,-0.188583,-15,0,-15,-0.03926991,-2.25000,prps,3,7630
216661,216.661,1,4004,54004,lowband_largesig_r01,prps,1413,-37,-0.311510,-8,0,-8,-0.02094395,-1.20000,prps,3,7634
216681,216.681,1,4004,54004,lowband_largesig_r01,prps,1398,-52,-0.437943,0,0,0,0.00000000,0.00000,prps,3,7638
216701,216.701,1,4004,54004,lowband_largesig_r01,prps,1383,-67,-0.561950,8,0,8,0.02094395,1.20000,prps,3,7642
216721,216.721,1,4004,54004,lowband_largesig_r01,prps,1370,-80,-0.676408,15,0,15,0.03926991,2.25000,prps,3,7646
216741,216.741,1,4004,54004,lowband_largesig_r01,prps,1358,-92,-0.773474,21,0,21,0.05497787,3.15000,prps,3,7650
216761,216.761,1,4004,54004,lowband_largesig_r01,prps,1349,-101,-0.845422,29,0,29,0.07592182,4.35000,prps,3,7654
216781,216.781,1,4004,54004,lowband_largesig_r01,prps,1345,-105,-0.885726,36,0,36,0.09424778,5.40000,prps,3,7658
216801,216.801,1,4004,54004,lowband_largesig_r01,prps,1344,-106,-0.890239,43,0,43,0.11257374,6.45000,prps,3,7662
216821,216.821,1,4004,54004,lowband_largesig_r01,prps,1348,-102,-0.858224,48,0,48,0.12566370,7.20000,prps,3,7666
216841,216.841,1,4004,54004,lowband_largesig_r01,prps,1356,-94,-0.793043,51,0,51,0.13351768,7.65000,prps,3,7670
216861,216.861,1,4004,54004,lowband_largesig_r01,prps,1366,-84,-0.702289,51,0,51,0.13351768,7.65000,prps,3,7674
216881,216.881,1,4004,54004,lowband_largesig_r01,prps,1379,-71,-0.597267,50,0,50,0.13089970,7.50000,prps,3,7678
216901,216.901,1,4004,54004,lowband_largesig_r01,prps,1391,-59,-0.491829,49,0,49,0.12828170,7.35000,prps,3,7682
216921,216.921,1,4004,54004,lowband_largesig_r01,prps,1402,-48,-0.400661,44,0,44,0.11519173,6.60000,prps,3,7686
216941,216.941,1,4004,54004,lowband_largesig_r01,prps,1410,-40,-0.337272,37,0,37,0.09686577,5.55000,prps,3,7690
216961,216.961,1,4004,54004,lowband_largesig_r01,prps,1413,-37,-0.311970,30,0,30,0.07853982,4.50000,prps,3,7694
216981,216.981,1,4004,54004,lowband_largesig_r01,prps,1411,-39,-0.330156,23,0,23,0.06021386,3.45000,prps,3,7698
217001,217.001,1,4004,54004,lowband_largesig_r01,prps,1403,-47,-0.391243,18,0,18,0.04712389,2.70000,prps,3,7702
217021,217.021,1,4004,54004,lowband_largesig_r01,prps,1392,-58,-0.488412,16,0,16,0.04188790,2.40000,prps,3,7706
217041,217.041,1,4004,54004,lowband_largesig_r01,prps,1377,-73,-0.609297,17,0,17,0.04450589,2.55000,prps,3,7710
217061,217.061,1,4004,54004,lowband_largesig_r01,prps,1362,-88,-0.737545,20,0,20,0.05235988,3.00000,prps,3,7714
217081,217.081,1,4004,54004,lowband_largesig_r01,prps,1348,-102,-0.855049,26,0,26,0.06806784,3.90000,prps,3,7718
217101,217.101,1,4004,54004,lowband_largesig_r01,prps,1338,-112,-0.944530,34,0,34,0.08901179,5.10000,prps,3,7722
217121,217.121,1,4004,54004,lowband_largesig_r01,prps,1332,-118,-0.992076,41,0,41,0.10733775,6.15000,prps,3,7726
217141,217.141,1,4004,54004,lowband_largesig_r01,prps,1332,-118,-0.989240,50,0,50,0.13089970,7.50000,prps,3,7730
217161,217.161,1,4004,54004,lowband_largesig_r01,prps,1339,-111,-0.934352,56,0,56,0.14660765,8.40000,prps,3,7734
217181,217.181,1,4004,54004,lowband_largesig_r01,prps,1351,-99,-0.832825,59,0,59,0.15446164,8.85000,prps,3,7738
217201,217.201,1,4004,54004,lowband_largesig_r01,prps,1367,-83,-0.696385,60,0,60,0.15707964,9.00000,prps,3,7742
217221,217.221,1,4004,54004,lowband_largesig_r01,prps,1386,-64,-0.541326,57,0,57,0.14922565,8.55000,prps,3,7746
217241,217.241,1,4004,54004,lowband_largesig_r01,prps,1404,-46,-0.386065,51,0,51,0.13351768,7.65000,prps,3,7750
217261,217.261,1,4004,54004,lowband_largesig_r01,prps,1420,-30,-0.248363,43,0,43,0.11257374,6.45000,prps,3,7754
217281,217.281,1,4004,54004,lowband_largesig_r01,prps,1433,-17,-0.142666,33,0,33,0.08639380,4.95000,prps,3,7758
217301,217.301,1,4004,54004,lowband_largesig_r01,prps,1441,-9,-0.077966,21,0,21,0.05497787,3.15000,prps,3,7762
217321,217.321,1,4004,54004,lowband_largesig_r01,prps,1443,-7,-0.056551,11,0,11,0.02879793,1.65000,prps,3,7766
217341,217.341,1,4004,54004,lowband_largesig_r01,prps,1441,-9,-0.073811,5,0,5,0.01308997,0.75000,prps,3,7770
217361,217.361,1,4004,54004,lowband_largesig_r01,prps,1436,-14,-0.119142,4,0,4,0.01047198,0.60000,prps,3,7774
217381,217.381,1,4004,54004,lowband_largesig_r01,prps,1429,-21,-0.177786,3,0,3,0.00785398,0.45000,prps,3,7778
217401,217.401,1,4004,54004,lowband_largesig_r01,prps,1422,-28,-0.233300,3,0,3,0.00785398,0.45000,prps,3,7782
217421,217.421,1,4004,54004,lowband_largesig_r01,prps,1418,-32,-0.270242,4,0,4,0.01047198,0.60000,prps,3,7786
217441,217.441,1,4004,54004,lowband_largesig_r01,prps,1417,-33,-0.276643,6,0,6,0.01570796,0.90000,prps,3,7790
217461,217.461,1,4004,54004,lowband_largesig_r01,prps,1421,-29,-0.245845,7,0,7,0.01832596,1.05000,prps,3,7794
217481,217.481,1,4004,54004,lowband_largesig_r01,prps,1429,-21,-0.177438,9,0,9,0.02356194,1.35000,prps,3,7798
217501,217.501,1,4004,54004,lowband_largesig_r01,prps,1441,-9,-0.077137,9,0,9,0.02356194,1.35000,prps,3,7802
217521,217.521,1,4004,54004,lowband_largesig_r01,prps,1455,5,0.044342,8,0,8,0.02094395,1.20000,prps,3,7806
217541,217.541,1,4004,54004,lowband_largesig_r01,prps,1471,21,0.173205,6,0,6,0.01570796,0.90000,prps,3,7810
217561,217.561,1,4004,54004,lowband_largesig_r01,prps,1485,35,0.294957,1,0,1,0.00261799,0.15000,prps,3,7814
217581,217.581,1,4004,54004,lowband_largesig_r01,prps,1497,47,0.396817,-5,0,-5,-0.01308997,-0.75000,prps,3,7818
217601,217.601,1,4004,54004,lowband_largesig_r01,prps,1506,56,0.469765,-13,0,-13,-0.03403392,-1.95000,prps,3,7822
217621,217.621,1,4004,54004,lowband_largesig_r01,prps,1511,61,0.509875,-21,0,-21,-0.05497787,-3.15000,prps,3,7826
217641,217.641,1,4004,54004,lowband_largesig_r01,prps,1512,62,0.518714,-29,0,-29,-0.07592182,-4.35000,prps,3,7830
217661,217.661,1,4004,54004,lowband_largesig_r01,prps,1510,60,0.502781,-36,0,-36,-0.09424778,-5.40000,prps,3,7834
217681,217.681,1,4004,54004,lowband_largesig_r01,prps,1506,56,0.472082,-39,0,-39,-0.10210176,-5.85000,prps,3,7838
217701,217.701,1,4004,54004,lowband_largesig_r01,prps,1502,52,0.438142,-39,0,-39,-0.10210176,-5.85000,prps,3,7842
217721,217.721,1,4004,54004,lowband_largesig_r01,prps,1499,49,0.411791,-39,0,-39,-0.10210176,-5.85000,prps,3,7846
217741,217.741,1,4004,54004,lowband_largesig_r01,prps,1498,48,0.401148,-38,0,-38,-0.09948376,-5.70000,prps,3,7850
217761,217.761,1,4004,54004,lowband_largesig_r01,prps,1499,49,0.410160,-38,0,-38,-0.09948376,-5.70000,prps,3,7854
217781,217.781,1,4004,54004,lowband_largesig_r01,prps,1502,52,0.437945,-37,0,-37,-0.09686577,-5.55000,prps,3,7858
217801,217.801,1,4004,54004,lowband_largesig_r01,prps,1507,57,0.479062,-36,0,-36,-0.09424778,-5.40000,prps,3,7862
217821,217.821,1,4004,54004,lowband_largesig_r01,prps,1512,62,0.524642,-37,0,-37,-0.09686577,-5.55000,prps,3,7866
217841,217.841,1,4004,54004,lowband_largesig_r01,prps,1517,67,0.564175,-37,0,-37,-0.09686577,-5.55000,prps,3,7870
217861,217.861,1,4004,54004,lowband_largesig_r01,prps,1520,70,0.587615,-37,0,-37,-0.09686577,-5.55000,prps,3,7874
217881,217.881,1,4004,54004,lowband_largesig_r01,prps,1520,70,0.587426,-37,0,-37,-0.09686577,-5.55000,prps,3,7878
217901,217.901,1,4004,54004,lowband_largesig_r01,prps,1517,67,0.560169,-40,0,-40,-0.10471976,-6.00000,prps,3,7882
217921,217.921,1,4004,54004,lowband_largesig_r01,prps,1510,60,0.507357,-42,0,-42,-0.10995574,-6.30000,prps,3,7886
217941,217.941,1,4004,54004,lowband_largesig_r01,prps,1502,52,0.435392,-42,0,-42,-0.10995574,-6.30000,prps,3,7890
217961,217.961,1,4004,54004,lowband_largesig_r01,prps,1492,42,0.354584,-41,0,-41,-0.10733775,-6.15000,prps,3,7894
217981,217.981,1,4004,54004,lowband_largesig_r01,prps,1483,33,0.277414,-40,0,-40,-0.10471976,-6.00000,prps,3,7898
218001,218.001,1,4004,54004,lowband_largesig_r01,prps,1476,26,0.216341,-37,0,-37,-0.09686577,-5.55000,prps,3,7902
218021,218.021,1,4004,54004,lowband_largesig_r01,prps,1472,22,0.181530,-32,0,-32,-0.08377580,-4.80000,prps,3,7906
218041,218.041,1,4004,54004,lowband_largesig_r01,prps,1471,21,0.178905,-27,0,-27,-0.07068583,-4.05000,prps,3,7910
218061,218.061,1,4004,54004,lowband_largesig_r01,prps,1475,25,0.208881,-23,0,-23,-0.06021386,-3.45000,prps,3,7914
218081,218.081,1,4004,54004,lowband_largesig_r01,prps,1482,32,0.266014,-22,0,-22,-0.05759586,-3.30000,prps,3,7918
218101,218.101,1,4004,54004,lowband_largesig_r01,prps,1490,40,0.339648,-21,0,-21,-0.05497787,-3.15000,prps,3,7922
218121,218.121,1,4004,54004,lowband_largesig_r01,prps,1499,49,0.415474,-22,0,-22,-0.05759586,-3.30000,prps,3,7926
218141,218.141,1,4004,54004,lowband_largesig_r01,prps,1507,57,0.477757,-24,0,-24,-0.06283185,-3.60000,prps,3,7930
218161,218.161,1,4004,54004,lowband_largesig_r01,prps,1511,61,0.511876,-28,0,-28,-0.07330382,-4.20000,prps,3,7934
218181,218.181,1,4004,54004,lowband_largesig_r01,prps,1510,60,0.506746,-31,0,-31,-0.08115781,-4.65000,prps,3,7938
218201,218.201,1,4004,54004,lowband_largesig_r01,prps,1504,54,0.456748,-35,0,-35,-0.09162979,-5.25000,prps,3,7942
218221,218.221,1,4004,54004,lowband_largesig_r01,prps,1493,43,0.362816,-37,0,-37,-0.09686577,-5.55000,prps,3,7946
218241,218.241,1,4004,54004,lowband_largesig_r01,prps,1478,28,0.232525,-37,0,-37,-0.09686577,-5.55000,prps,3,7950
218261,218.261,1,4004,54004,lowband_largesig_r01,prps,1459,9,0.079145,-35,0,-35,-0.09162979,-5.25000,prps,3,7954
218281,218.281,1,4004,54004,lowband_largesig_r01,prps,1440,-10,-0.080181,-29,0,-29,-0.07592182,-4.35000,prps,3,7958
218301,218.301,1,4004,54004,lowband_largesig_r01,prps,1423,-27,-0.226860,-21,0,-21,-0.05497787,-3.15000,prps,3,7962
218321,218.321,1,4004,54004,lowband_largesig_r01,prps,1409,-41,-0.343466,-11,0,-11,-0.02879793,-1.65000,prps,3,7966
218341,218.341,1,4004,54004,lowband_largesig_r01,prps,1400,-50,-0.416170,0,0,0,0.00000000,0.00000,prps,3,7970
218361,218.361,1,4004,54004,lowband_largesig_r01,prps,1398,-52,-0.436594,9,0,9,0.02356194,1.35000,prps,3,7974
218381,218.381,1,4004,54004,lowband_largesig_r01,prps,1402,-48,-0.402822,16,0,16,0.04188790,2.40000,prps,3,7978
218401,218.401,1,4004,54004,lowband_largesig_r01,prps,1412,-38,-0.319446,16,0,16,0.04188790,2.40000,prps,3,7982
218421,218.421,1,4004,54004,lowband_largesig_r01,prps,1427,-23,-0.196665,16,0,16,0.04188790,2.40000,prps,3,7986
218441,218.441,1,4004,54004,lowband_largesig_r01,prps,1444,-6,-0.048620,15,0,15,0.03926991,2.25000,prps,3,7990
218461,218.461,1,4004,54004,lowband_largesig_r01,prps,1463,13,0.108745,11,0,11,0.02879793,1.65000,prps,3,7994
218481,218.481,1,4004,54004,lowband_largesig_r01,prps,1481,31,0.259948,4,0,4,0.01047198,0.60000,prps,3,7998
237096,237.096,1,4004,54004,lowband_largesig_r01,baseline_post,1450,0,0.000000,-4,0,-4,-0.01047198,-0.60000,baseline_post,-1,-1
237119,237.119,1,4004,54004,lowband_largesig_r01,baseline_post,1450,0,0.000000,-4,0,-4,-0.01047198,-0.60000,baseline_post,-1,-1
237141,237.141,1,4004,54004,lowband_largesig_r01,baseline_post,1450,0,0.000000,-4,0,-4,-0.01047198,-0.60000,baseline_post,-1,-1
237163,237.163,1,4004,54004,lowband_largesig_r01,baseline_post,1450,0,0.000000,-4,0,-4,-0.01047198,-0.60000,baseline_post,-1,-1
237185,237.185,1,4004,54004,lowband_largesig_r01,baseline_post,1450,0,0.000000,-4,0,-4,-0.01047198,-0.60000,baseline_post,-1,-1
237251,237.251,1,4004,54004,lowband_largesig_r01,baseline_post,1450,0,0.000000,-4,0,-4,-0.01047198,-0.60000,baseline_post,-1,-1
237274,237.274,1,4004,54004,lowband_largesig_r01,baseline_post,1450,0,0.000000,-4,0,-4,-0.01047198,-0.60000,baseline_post,-1,-1
237296,237.296,1,4004,54004,lowband_largesig_r01,baseline_post,1450,0,0.000000,-4,0,-4,-0.01047198,-0.60000,baseline_post,-1,-1
237318,237.318,1,4004,54004,lowband_largesig_r01,baseline_post,1450,0,0.000000,-4,0,-4,-0.01047198,-0.60000,baseline_post,-1,-1
237340,237.340,1,4004,54004,lowband_largesig_r01,baseline_post,1450,0,0.000000,-4,0,-4,-0.01047198,-0.60000,baseline_post,-1,-1
237362,237.362,1,4004,54004,lowband_largesig_r01,baseline_post,1450,0,0.000000,-4,0,-4,-0.01047198,-0.60000,baseline_post,-1,-1
237384,237.384,1,4004,54004,lowband_largesig_r01,baseline_post,1450,0,0.000000,-4,0,-4,-0.01047198,-0.60000,baseline_post,-1,-1
237406,237.406,1,4004,54004,lowband_largesig_r01,baseline_post,1450,0,0.000000,-4,0,-4,-0.01047198,-0.60000,baseline_post,-1,-1
237431,237.431,1,4004,54004,lowband_largesig_r01,baseline_post,1450,0,0.000000,-4,0,-4,-0.01047198,-0.60000,baseline_post,-1,-1
237454,237.454,1,4004,54004,lowband_largesig_r01,baseline_post,1450,0,0.000000,-4,0,-4,-0.01047198,-0.60000,baseline_post,-1,-1
237476,237.476,1,4004,54004,lowband_largesig_r01,baseline_post,1450,0,0.000000,-4,0,-4,-0.01047198,-0.60000,baseline_post,-1,-1
237498,237.498,1,4004,54004,lowband_largesig_r01,baseline_post,1450,0,0.000000,-4,0,-4,-0.01047198,-0.60000,baseline_post,-1,-1
237520,237.520,1,4004,54004,lowband_largesig_r01,baseline_post,1450,0,0.000000,-4,0,-4,-0.01047198,-0.60000,baseline_post,-1,-1
237542,237.542,1,4004,54004,lowband_largesig_r01,baseline_post,1450,0,0.000000,-4,0,-4,-0.01047198,-0.60000,baseline_post,-1,-1
237564,237.564,1,4004,54004,lowband_largesig_r01,baseline_post,1450,0,0.000000,-4,0,-4,-0.01047198,-0.60000,baseline_post,-1,-1
237586,237.586,1,4004,54004,lowband_largesig_r01,baseline_post,1450,0,0.000000,-4,0,-4,-0.01047198,-0.60000,baseline_post,-1,-1
237611,237.611,1,4004,54004,lowband_largesig_r01,baseline_post,1450,0,0.000000,-4,0,-4,-0.01047198,-0.60000,baseline_post,-1,-1
237634,237.634,1,4004,54004,lowband_largesig_r01,baseline_post,1450,0,0.000000,-4,0,-4,-0.01047198,-0.60000,baseline_post,-1,-1
237656,237.656,1,4004,54004,lowband_largesig_r01,baseline_post,1450,0,0.000000,-4,0,-4,-0.01047198,-0.60000,baseline_post,-1,-1
237679,237.679,1,4004,54004,lowband_largesig_r01,baseline_post,1450,0,0.000000,-4,0,-4,-0.01047198,-0.60000,baseline_post,-1,-1
237701,237.701,1,4004,54004,lowband_largesig_r01,baseline_post,1450,0,0.000000,-4,0,-4,-0.01047198,-0.60000,baseline_post,-1,-1
237723,237.723,1,4004,54004,lowband_largesig_r01,baseline_post,1450,0,0.000000,-4,0,-4,-0.01047198,-0.60000,baseline_post,-1,-1
237745,237.745,1,4004,54004,lowband_largesig_r01,baseline_post,1450,0,0.000000,-4,0,-4,-0.01047198,-0.60000,baseline_post,-1,-1
237767,237.767,1,4004,54004,lowband_largesig_r01,baseline_post,1450,0,0.000000,-4,0,-4,-0.01047198,-0.60000,baseline_post,-1,-1
237792,237.792,1,4004,54004,lowband_largesig_r01,baseline_post,1450,0,0.000000,-4,0,-4,-0.01047198,-0.60000,baseline_post,-1,-1
237815,237.815,1,4004,54004,lowband_largesig_r01,baseline_post,1450,0,0.000000,-4,0,-4,-0.01047198,-0.60000,baseline_post,-1,-1
237838,237.838,1,4004,54004,lowband_largesig_r01,baseline_post,1450,0,0.000000,-4,0,-4,-0.01047198,-0.60000,baseline_post,-1,-1
237860,237.860,1,4004,54004,lowband_largesig_r01,baseline_post,1450,0,0.000000,-4,0,-4,-0.01047198,-0.60000,baseline_post,-1,-1
237882,237.882,1,4004,54004,lowband_largesig_r01,baseline_post,1450,0,0.000000,-4,0,-4,-0.01047198,-0.60000,baseline_post,-1,-1
237904,237.904,1,4004,54004,lowband_largesig_r01,baseline_post,1450,0,0.000000,-4,0,-4,-0.01047198,-0.60000,baseline_post,-1,-1
237926,237.926,1,4004,54004,lowband_largesig_r01,baseline_post,1450,0,0.000000,-4,0,-4,-0.01047198,-0.60000,baseline_post,-1,-1
237948,237.948,1,4004,54004,lowband_largesig_r01,baseline_post,1450,0,0.000000,-4,0,-4,-0.01047198,-0.60000,baseline_post,-1,-1
238005,238.005,1,4004,54004,lowband_largesig_r01,baseline_post,1450,0,0.000000,-4,0,-4,-0.01047198,-0.60000,baseline_post,-1,-1
238028,238.028,1,4004,54004,lowband_largesig_r01,baseline_post,1450,0,0.000000,-4,0,-4,-0.01047198,-0.60000,baseline_post,-1,-1
238050,238.050,1,4004,54004,lowband_largesig_r01,baseline_post,1450,0,0.000000,-4,0,-4,-0.01047198,-0.60000,baseline_post,-1,-1
238072,238.072,1,4004,54004,lowband_largesig_r01,baseline_post,1450,0,0.000000,-4,0,-4,-0.01047198,-0.60000,baseline_post,-1,-1
238094,238.094,1,4004,54004,lowband_largesig_r01,baseline_post,1450,0,0.000000,-4,0,-4,-0.01047198,-0.60000,baseline_post,-1,-1
238116,238.116,1,4004,54004,lowband_largesig_r01,baseline_post,1450,0,0.000000,-4,0,-4,-0.01047198,-0.60000,baseline_post,-1,-1
238138,238.138,1,4004,54004,lowband_largesig_r01,baseline_post,1450,0,0.000000,-4,0,-4,-0.01047198,-0.60000,baseline_post,-1,-1
238160,238.160,1,4004,54004,lowband_largesig_r01,baseline_post,1450,0,0.000000,-4,0,-4,-0.01047198,-0.60000,baseline_post,-1,-1
238185,238.185,1,4004,54004,lowband_largesig_r01,baseline_post,1450,0,0.000000,-4,0,-4,-0.01047198,-0.60000,baseline_post,-1,-1
238208,238.208,1,4004,54004,lowband_largesig_r01,baseline_post,1450,0,0.000000,-4,0,-4,-0.01047198,-0.60000,baseline_post,-1,-1
238230,238.230,1,4004,54004,lowband_largesig_r01,baseline_post,1450,0,0.000000,-4,0,-4,-0.01047198,-0.60000,baseline_post,-1,-1
238252,238.252,1,4004,54004,lowband_largesig_r01,baseline_post,1450,0,0.000000,-4,0,-4,-0.01047198,-0.60000,baseline_post,-1,-1
238274,238.274,1,4004,54004,lowband_largesig_r01,baseline_post,1450,0,0.000000,-4,0,-4,-0.01047198,-0.60000,baseline_post,-1,-1
238296,238.296,1,4004,54004,lowband_largesig_r01,baseline_post,1450,0,0.000000,-4,0,-4,-0.01047198,-0.60000,baseline_post,-1,-1
238318,238.318,1,4004,54004,lowband_largesig_r01,baseline_post,1450,0,0.000000,-4,0,-4,-0.01047198,-0.60000,baseline_post,-1,-1
238340,238.340,1,4004,54004,lowband_largesig_r01,baseline_post,1450,0,0.000000,-4,0,-4,-0.01047198,-0.60000,baseline_post,-1,-1
238365,238.365,1,4004,54004,lowband_largesig_r01,baseline_post,1450,0,0.000000,-4,0,-4,-0.01047198,-0.60000,baseline_post,-1,-1
238388,238.388,1,4004,54004,lowband_largesig_r01,baseline_post,1450,0,0.000000,-4,0,-4,-0.01047198,-0.60000,baseline_post,-1,-1
238411,238.411,1,4004,54004,lowband_largesig_r01,baseline_post,1450,0,0.000000,-4,0,-4,-0.01047198,-0.60000,baseline_post,-1,-1
238433,238.433,1,4004,54004,lowband_largesig_r01,baseline_post,1450,0,0.000000,-4,0,-4,-0.01047198,-0.60000,baseline_post,-1,-1
238455,238.455,1,4004,54004,lowband_largesig_r01,baseline_post,1450,0,0.000000,-4,0,-4,-0.01047198,-0.60000,baseline_post,-1,-1
238479,238.479,1,4004,54004,lowband_largesig_r01,baseline_post,1450,0,0.000000,-4,0,-4,-0.01047198,-0.60000,baseline_post,-1,-1
238501,238.501,1,4004,54004,lowband_largesig_r01,baseline_post,1450,0,0.000000,-4,0,-4,-0.01047198,-0.60000,baseline_post,-1,-1
238523,238.523,1,4004,54004,lowband_largesig_r01,baseline_post,1450,0,0.000000,-4,0,-4,-0.01047198,-0.60000,baseline_post,-1,-1
238548,238.548,1,4004,54004,lowband_largesig_r01,baseline_post,1450,0,0.000000,-4,0,-4,-0.01047198,-0.60000,baseline_post,-1,-1
238571,238.571,1,4004,54004,lowband_largesig_r01,baseline_post,1450,0,0.000000,-4,0,-4,-0.01047198,-0.60000,baseline_post,-1,-1
238593,238.593,1,4004,54004,lowband_largesig_r01,baseline_post,1450,0,0.000000,-4,0,-4,-0.01047198,-0.60000,baseline_post,-1,-1
238615,238.615,1,4004,54004,lowband_largesig_r01,baseline_post,1450,0,0.000000,-4,0,-4,-0.01047198,-0.60000,baseline_post,-1,-1
238637,238.637,1,4004,54004,lowband_largesig_r01,baseline_post,1450,0,0.000000,-4,0,-4,-0.01047198,-0.60000,baseline_post,-1,-1
238659,238.659,1,4004,54004,lowband_largesig_r01,baseline_post,1450,0,0.000000,-4,0,-4,-0.01047198,-0.60000,baseline_post,-1,-1
238681,238.681,1,4004,54004,lowband_largesig_r01,baseline_post,1450,0,0.000000,-4,0,-4,-0.01047198,-0.60000,baseline_post,-1,-1
238703,238.703,1,4004,54004,lowband_largesig_r01,baseline_post,1450,0,0.000000,-4,0,-4,-0.01047198,-0.60000,baseline_post,-1,-1
238766,238.766,1,4004,54004,lowband_largesig_r01,baseline_post,1450,0,0.000000,-4,0,-4,-0.01047198,-0.60000,baseline_post,-1,-1
238789,238.789,1,4004,54004,lowband_largesig_r01,baseline_post,1450,0,0.000000,-4,0,-4,-0.01047198,-0.60000,baseline_post,-1,-1
238812,238.812,1,4004,54004,lowband_largesig_r01,baseline_post,1450,0,0.000000,-4,0,-4,-0.01047198,-0.60000,baseline_post,-1,-1
238834,238.834,1,4004,54004,lowband_largesig_r01,baseline_post,1450,0,0.000000,-4,0,-4,-0.01047198,-0.60000,baseline_post,-1,-1
238856,238.856,1,4004,54004,lowband_largesig_r01,baseline_post,1450,0,0.000000,-4,0,-4,-0.01047198,-0.60000,baseline_post,-1,-1
238878,238.878,1,4004,54004,lowband_largesig_r01,baseline_post,1450,0,0.000000,-4,0,-4,-0.01047198,-0.60000,baseline_post,-1,-1
238900,238.900,1,4004,54004,lowband_largesig_r01,baseline_post,1450,0,0.000000,-4,0,-4,-0.01047198,-0.60000,baseline_post,-1,-1
238922,238.922,1,4004,54004,lowband_largesig_r01,baseline_post,1450,0,0.000000,-4,0,-4,-0.01047198,-0.60000,baseline_post,-1,-1
238947,238.947,1,4004,54004,lowband_largesig_r01,baseline_post,1450,0,0.000000,-4,0,-4,-0.01047198,-0.60000,baseline_post,-1,-1
238970,238.970,1,4004,54004,lowband_largesig_r01,baseline_post,1450,0,0.000000,-4,0,-4,-0.01047198,-0.60000,baseline_post,-1,-1
238992,238.992,1,4004,54004,lowband_largesig_r01,baseline_post,1450,0,0.000000,-4,0,-4,-0.01047198,-0.60000,baseline_post,-1,-1
239014,239.014,1,4004,54004,lowband_largesig_r01,baseline_post,1450,0,0.000000,-4,0,-4,-0.01047198,-0.60000,baseline_post,-1,-1
239036,239.036,1,4004,54004,lowband_largesig_r01,baseline_post,1450,0,0.000000,-4,0,-4,-0.01047198,-0.60000,baseline_post,-1,-1
239058,239.058,1,4004,54004,lowband_largesig_r01,baseline_post,1450,0,0.000000,-4,0,-4,-0.01047198,-0.60000,baseline_post,-1,-1
239080,239.080,1,4004,54004,lowband_largesig_r01,baseline_post,1450,0,0.000000,-4,0,-4,-0.01047198,-0.60000,baseline_post,-1,-1
