t_ms,t_s,set_index,prps_seed,run_order_seed,run_name,segment,servo_us,command_delta_us,command_norm,count,count_zero,count_delta,theta_rad,theta_deg,phase,period_index,period_sample_index
13,0.013,1,4004,54004,ladder_a11_lin_r02,baseline_pre,1428,0,0.000000,0,0,0,0.00000000,0.00000,baseline_pre,-1,-1
17,0.017,1,4004,54004,ladder_a11_lin_r02,baseline_pre,1428,0,0.000000,0,0,0,0.00000000,0.00000,baseline_pre,-1,-1
22,0.022,1,4004,54004,ladder_a11_lin_r02,baseline_pre,1428,0,0.000000,0,0,0,0.00000000,0.00000,baseline_pre,-1,-1
61,0.061,1,4004,54004,ladder_a11_lin_r02,baseline_pre,1428,0,0.000000,0,0,0,0.00000000,0.00000,baseline_pre,-1,-1
65,0.065,1,4004,54004,ladder_a11_lin_r02,baseline_pre,1428,0,0.000000,0,0,0,0.00000000,0.00000,baseline_pre,-1,-1
70,0.070,1,4004,54004,ladder_a11_lin_r02,baseline_pre,1428,0,0.000000,0,0,0,0.00000000,0.00000,baseline_pre,-1,-1
75,0.075,1,4004,54004,ladder_a11_lin_r02,baseline_pre,1428,0,0.000000,0,0,0,0.00000000,0.00000,baseline_pre,-1,-1
80,0.080,1,4004,54004,ladder_a11_lin_r02,baseline_pre,1428,0,0.000000,0,0,0,0.00000000,0.00000,baseline_pre,-1,-1
86,0.086,1,4004,54004,ladder_a11_lin_r02,baseline_pre,1428,0,0.000000,0,0,0,0.00000000,0.00000,baseline_pre,-1,-1
91,0.091,1,4004,54004,ladder_a11_lin_r02,baseline_pre,1428,0,0.000000,0,0,0,0.00000000,0.00000,baseline_pre,-1,-1
96,0.096,1,4004,54004,ladder_a11_lin_r02,baseline_pre,1428,0,0.000000,0,0,0,0.00000000,0.00000,baseline_pre,-1,-1
101,0.101,1,4004,54004,ladder_a11_lin_r02,baseline_pre,1428,0,0.000000,0,0,0,0.00000000,0.00000,baseline_pre,-1,-1
106,0.106,1,4004,54004,ladder_a11_lin_r02,baseline_pre,1428,0,0.000000,0,0,0,0.00000000,0.00000,baseline_pre,-1,-1
111,0.111,1,4004,54004,ladder_a11_lin_r02,baseline_pre,1428,0,0.000000,0,0,0,0.00000000,0.00000,baseline_pre,-1,-1
116,0.116,1,4004,54004,ladder_a11_lin_r02,baseline_pre,1428,0,0.000000,0,0,0,0.00000000,0.00000,baseline_pre,-1,-1
121,0.121,1,4004,54004,ladder_a11_lin_r02,baseline_pre,1428,0,0.000000,0,0,0,0.00000000,0.00000,baseline_pre,-1,-1
126,0.126,1,4004,54004,ladder_a11_lin_r02,baseline_pre,1428,0,0.000000,0,0,0,0.00000000,0.00000,baseline_pre,-1,-1
132,0.132,1,4004,54004,ladder_a11_lin_r02,baseline_pre,1428,0,0.000000,0,0,0,0.00000000,0.00000,baseline_pre,-1,-1
137,0.137,1,4004,54004,ladder_a11_lin_r02,baseline_pre,1428,0,0.000000,0,0,0,0.00000000,0.00000,baseline_pre,-1,-1
142,0.142,1,4004,54004,ladder_a11_lin_r02,baseline_pre,1428,0,0.000000,0,0,0,0.00000000,0.00000,baseline_pre,-1,-1
147,0.147,1,4004,54004,ladder_a11_lin_r02,baseline_pre,1428,0,0.000000,0,0,0,0.00000000,0.00000,baseline_pre,-1,-1
152,0.152,1,4004,54004,ladder_a11_lin_r02,baseline_pre,1428,0,0.000000,0,0,0,0.00000000,0.00000,baseline_pre,-1,-1
157,0.157,1,4004,54004,ladder_a11_lin_r02,baseline_pre,1428,0,0.000000,0,0,0,0.00000000,0.00000,baseline_pre,-1,-1
162,0.162,1,4004,54004,ladder_a11_lin_r02,baseline_pre,1428,0,0.000000,0,0,0,0.00000000,0.00000,baseline_pre,-1,-1
167,0.167,1,4004,54004,ladder_a11_lin_r02,baseline_pre,1428,0,0.000000,0,0,0,0.00000000,0.00000,baseline_pre,-1,-1
172,0.172,1,4004,54004,ladder_a11_lin_r02,baseline_pre,1428,0,0.000000,0,0,0,0.00000000,0.00000,baseline_pre,-1,-1
178,0.178,1,4004,54004,ladder_a11_lin_r02,baseline_pre,1428,0,0.000000,0,0,0,0.00000000,0.00000,baseline_pre,-1,-1
183,0.183,1,4004,54004,ladder_a11_lin_r02,baseline_pre,1428,0,0.000000,0,0,0,0.00000000,0.00000,baseline_pre,-1,-1
188,0.188,1,4004,54004,ladder_a11_lin_r02,baseline_pre,1428,0,0.000000,0,0,0,0.00000000,0.00000,baseline_pre,-1,-1
193,0.193,1,4004,54004,ladder_a11_lin_r02,baseline_pre,1428,0,0.000000,0,0,0,0.00000000,0.00000,baseline_pre,-1,-1
198,0.198,1,4004,54004,ladder_a11_lin_r02,baseline_pre,1428,0,0.000000,0,0,0,0.00000000,0.00000,baseline_pre,-1,-1
203,0.203,1,4004,54004,ladder_a11_lin_r02,baseline_pre,1428,0,0.000000,0,0,0,0.00000000,0.00000,baseline_pre,-1,-1
208,0.208,1,4004,54004,ladder_a11_lin_r02,baseline_pre,1428,0,0.000000,0,0,0,0.00000000,0.00000,baseline_pre,-1,-1
213,0.213,1,4004,54004,ladder_a11_lin_r02,baseline_pre,1428,0,0.000000,0,0,0,0.00000000,0.00000,baseline_pre,-1,-1
218,0.218,1,4004,54004,ladder_a11_lin_r02,baseline_pre,1428,0,0.000000,0,0,0,0.00000000,0.00000,baseline_pre,-1,-1
254,0.254,1,4004,54004,ladder_a11_lin_r02,baseline_pre,1428,0,0.000000,0,0,0,0.00000000,0.00000,baseline_pre,-1,-1
259,0.259,1,4004,54004,ladder_a11_lin_r02,baseline_pre,1428,0,0.000000,0,0,0,0.00000000,0.00000,baseline_pre,-1,-1
264,0.264,1,4004,54004,ladder_a11_lin_r02,baseline_pre,1428,0,0.000000,0,0,0,0.00000000,0.00000,baseline_pre,-1,-1
269,0.269,1,4004,54004,ladder_a11_lin_r02,baseline_pre,1428,0,0.000000,0,0,0,0.00000000,0.00000,baseline_pre,-1,-1
274,0.274,1,4004,54004,ladder_a11_lin_r02,baseline_pre,1428,0,0.000000,0,0,0,0.00000000,0.00000,baseline_pre,-1,-1
279,0.279,1,4004,54004,ladder_a11_lin_r02,baseline_pre,1428,0,0.000000,0,0,0,0.00000000,0.00000,baseline_pre,-1,-1
284,0.284,1,4004,54004,ladder_a11_lin_r02,baseline_pre,1428,0,0.000000,0,0,0,0.00000000,0.00000,baseline_pre,-1,-1
289,0.289,1,4004,54004,ladder_a11_lin_r02,baseline_pre,1428,0,0.000000,0,0,0,0.00000000,0.00000,baseline_pre,-1,-1
295,0.295,1,4004,54004,ladder_a11_lin_r02,baseline_pre,1428,0,0.000000,0,0,0,0.00000000,0.00000,baseline_pre,-1,-1
300,0.300,1,4004,54004,ladder_a11_lin_r02,baseline_pre,1428,0,0.000000,0,0,0,0.00000000,0.00000,baseline_pre,-1,-1
305,0.305,1,4004,54004,ladder_a11_lin_r02,baseline_pre,1428,0,0.000000,0,0,0,0.00000000,0.00000,baseline_pre,-1,-1
310,0.310,1,4004,54004,ladder_a11_lin_r02,baseline_pre,1428,0,0.000000,0,0,0,0.00000000,0.00000,baseline_pre,-1,-1
315,0.315,1,4004,54004,ladder_a11_lin_r02,baseline_pre,1428,0,0.000000,0,0,0,0.00000000,0.00000,baseline_pre,-1,-1
332,0.332,1,4004,54004,ladder_a11_lin_r02,baseline_pre,1428,0,0.000000,0,0,0,0.00000000,0.00000,baseline_pre,-1,-1
336,0.336,1,4004,54004,ladder_a11_lin_r02,baseline_pre,1428,0,0.000000,0,0,0,0.00000000,0.00000,baseline_pre,-1,-1
341,0.341,1,4004,54004,ladder_a11_lin_r02,baseline_pre,1428,0,0.000000,0,0,0,0.00000000,0.00000,baseline_pre,-1,-1
346,0.346,1,4004,54004,ladder_a11_lin_r02,baseline_pre,1428,0,0.000000,0,0,0,0.00000000,0.00000,baseline_pre,-1,-1
353,0.353,1,4004,54004,ladder_a11_lin_r02,baseline_pre,1428,0,0.000000,0,0,0,0.00000000,0.00000,baseline_pre,-1,-1
357,0.357,1,4004,54004,ladder_a11_lin_r02,baseline_pre,1428,0,0.000000,0,0,0,0.00000000,0.00000,baseline_pre,-1,-1
362,0.362,1,4004,54004,ladder_a11_lin_r02,baseline_pre,1428,0,0.000000,0,0,0,0.00000000,0.00000,baseline_pre,-1,-1
367,0.367,1,4004,54004,ladder_a11_lin_r02,baseline_pre,1428,0,0.000000,0,0,0,0.00000000,0.00000,baseline_pre,-1,-1
372,0.372,1,4004,54004,ladder_a11_lin_r02,baseline_pre,1428,0,0.000000,0,0,0,0.00000000,0.00000,baseline_pre,-1,-1
377,0.377,1,4004,54004,ladder_a11_lin_r02,baseline_pre,1428,0,0.000000,0,0,0,0.00000000,0.00000,baseline_pre,-1,-1
382,0.382,1,4004,54004,ladder_a11_lin_r02,baseline_pre,1428,0,0.000000,0,0,0,0.00000000,0.00000,baseline_pre,-1,-1
387,0.387,1,4004,54004,ladder_a11_lin_r02,baseline_pre,1428,0,0.000000,0,0,0,0.00000000,0.00000,baseline_pre,-1,-1
392,0.392,1,4004,54004,ladder_a11_lin_r02,baseline_pre,1428,0,0.000000,0,0,0,0.00000000,0.00000,baseline_pre,-1,-1
398,0.398,1,4004,54004,ladder_a11_lin_r02,baseline_pre,1428,0,0.000000,0,0,0,0.00000000,0.00000,baseline_pre,-1,-1
403,0.403,1,4004,54004,ladder_a11_lin_r02,baseline_pre,1428,0,0.000000,0,0,0,0.00000000,0.00000,baseline_pre,-1,-1
408,0.408,1,4004,54004,ladder_a11_lin_r02,baseline_pre,1428,0,0.000000,0,0,0,0.00000000,0.00000,baseline_pre,-1,-1
413,0.413,1,4004,54004,ladder_a11_lin_r02,baseline_pre,1428,0,0.000000,0,0,0,0.00000000,0.00000,baseline_pre,-1,-1
418,0.418,1,4004,54004,ladder_a11_lin_r02,baseline_pre,1428,0,0.000000,0,0,0,0.00000000,0.00000,baseline_pre,-1,-1
423,0.423,1,4004,54004,ladder_a11_lin_r02,baseline_pre,1428,0,0.000000,0,0,0,0.00000000,0.00000,baseline_pre,-1,-1
428,0.428,1,4004,54004,ladder_a11_lin_r02,baseline_pre,1428,0,0.000000,0,0,0,0.00000000,0.00000,baseline_pre,-1,-1
433,0.433,1,4004,54004,ladder_a11_lin_r02,baseline_pre,1428,0,0.000000,0,0,0,0.00000000,0.00000,baseline_pre,-1,-1
438,0.438,1,4004,54004,ladder_a11_lin_r02,baseline_pre,1428,0,0.000000,0,0,0,0.00000000,0.00000,baseline_pre,-1,-1
478,0.478,1,4004,54004,ladder_a11_lin_r02,baseline_pre,1428,0,0.000000,0,0,0,0.00000000,0.00000,baseline_pre,-1,-1
483,0.483,1,4004,54004,ladder_a11_lin_r02,baseline_pre,1428,0,0.000000,0,0,0,0.00000000,0.00000,baseline_pre,-1,-1
488,0.488,1,4004,54004,ladder_a11_lin_r02,baseline_pre,1428,0,0.000000,0,0,0,0.00000000,0.00000,baseline_pre,-1,-1
493,0.493,1,4004,54004,ladder_a11_lin_r02,baseline_pre,1428,0,0.000000,0,0,0,0.00000000,0.00000,baseline_pre,-1,-1
498,0.498,1,4004,54004,ladder_a11_lin_r02,baseline_pre,1428,0,0.000000,0,0,0,0.00000000,0.00000,baseline_pre,-1,-1
503,0.503,1,4004,54004,ladder_a11_lin_r02,baseline_pre,1428,0,0.000000,0,0,0,0.00000000,0.00000,baseline_pre,-1,-1
508,0.508,1,4004,54004,ladder_a11_lin_r02,baseline_pre,1428,0,0.000000,0,0,0,0.00000000,0.00000,baseline_pre,-1,-1
513,0.513,1,4004,54004,ladder_a11_lin_r02,baseline_pre,1428,0,0.000000,0,0,0,0.00000000,0.00000,baseline_pre,-1,-1
518,0.518,1,4004,54004,ladder_a11_lin_r02,baseline_pre,1428,0,0.000000,0,0,0,0.00000000,0.00000,baseline_pre,-1,-1
524,0.524,1,4004,54004,ladder_a11_lin_r02,baseline_pre,1428,0,0.000000,0,0,0,0.00000000,0.00000,baseline_pre,-1,-1
529,0.529,1,4004,54004,ladder_a11_lin_r02,baseline_pre,1428,0,0.000000,0,0,0,0.00000000,0.00000,baseline_pre,-1,-1
534,0.534,1,4004,54004,ladder_a11_lin_r02,baseline_pre,1428,0,0.000000,0,0,0,0.00000000,0.00000,baseline_pre,-1,-1
539,0.539,1,4004,54004,ladder_a11_lin_r02,baseline_pre,1428,0,0.000000,0,0,0,0.00000000,0.00000,baseline_pre,-1,-1
544,0.544,1,4004,54004,ladder_a11_lin_r02,baseline_pre,1428,0,0.000000,0,0,0,0.00000000,0.00000,baseline_pre,-1,-1
549,0.549,1,4004,54004,ladder_a11_lin_r02,baseline_pre,1428,0,0.000000,0,0,0,0.00000000,0.00000,baseline_pre,-1,-1
554,0.554,1,4004,54004,ladder_a11_lin_r02,baseline_pre,1428,0,0.000000,0,0,0,0.00000000,0.00000,baseline_pre,-1,-1
559,0.559,1,4004,54004,ladder_a11_lin_r02,baseline_pre,1428,0,0.000000,0,0,0,0.00000000,0.00000,baseline_pre,-1,-1
564,0.564,1,4004,54004,ladder_a11_lin_r02,baseline_pre,1428,0,0.000000,0,0,0,0.00000000,0.00000,baseline_pre,-1,-1
570,0.570,1,4004,54004,ladder_a11_lin_r02,baseline_pre,1428,0,0.000000,0,0,0,0.00000000,0.00000,baseline_pre,-1,-1
575,0.575,1,4004,54004,ladder_a11_lin_r02,baseline_pre,1428,0,0.000000,0,0,0,0.00000000,0.00000,baseline_pre,-1,-1
580,0.580,1,4004,54004,ladder_a11_lin_r02,baseline_pre,1428,0,0.000000,0,0,0,0.00000000,0.00000,baseline_pre,-1,-1
585,0.585,1,4004,54004,ladder_a11_lin_r02,baseline_pre,1428,0,0.000000,0,0,0,0.00000000,0.00000,baseline_pre,-1,-1
590,0.590,1,4004,54004,ladder_a11_lin_r02,baseline_pre,1428,0,0.000000,0,0,0,0.00000000,0.00000,baseline_pre,-1,-1
595,0.595,1,4004,54004,ladder_a11_lin_r02,baseline_pre,1428,0,0.000000,0,0,0,0.00000000,0.00000,baseline_pre,-1,-1
600,0.600,1,4004,54004,ladder_a11_lin_r02,baseline_pre,1428,0,0.000000,0,0,0,0.00000000,0.00000,baseline_pre,-1,-1
605,0.605,1,4004,54004,ladder_a11_lin_r02,baseline_pre,1428,0,0.000000,0,0,0,0.00000000,0.00000,baseline_pre,-1,-1
610,0.610,1,4004,54004,ladder_a11_lin_r02,baseline_pre,1428,0,0.000000,0,0,0,0.00000000,0.00000,baseline_pre,-1,-1
616,0.616,1,4004,54004,ladder_a11_lin_r02,baseline_pre,1428,0,0.000000,0,0,0,0.00000000,0.00000,baseline_pre,-1,-1
621,0.621,1,4004,54004,ladder_a11_lin_r02,baseline_pre,1428,0,0.000000,0,0,0,0.00000000,0.00000,baseline_pre,-1,-1
626,0.626,1,4004,54004,ladder_a11_lin_r02,baseline_pre,1428,0,0.000000,0,0,0,0.00000000,0.00000,baseline_pre,-1,-1
631,0.631,1,4004,54004,ladder_a11_lin_r02,baseline_pre,1428,0,0.000000,0,0,0,0.00000000,0.00000,baseline_pre,-1,-1
636,0.636,1,4004,54004,ladder_a11_lin_r02,baseline_pre,1428,0,0.000000,0,0,0,0.00000000,0.00000,baseline_pre,-1,-1
641,0.641,1,4004,54004,ladder_a11_lin_r02,baseline_pre,1428,0,0.000000,0,0,0,0.00000000,0.00000,baseline_pre,-1,-1
646,0.646,1,4004,54004,ladder_a11_lin_r02,baseline_pre,1428,0,0.000000,0,0,0,0.00000000,0.00000,baseline_pre,-1,-1
651,0.651,1,4004,54004,ladder_a11_lin_r02,baseline_pre,1428,0,0.000000,0,0,0,0.00000000,0.00000,baseline_pre,-1,-1
656,0.656,1,4004,54004,ladder_a11_lin_r02,baseline_pre,1428,0,0.000000,0,0,0,0.00000000,0.00000,baseline_pre,-1,-1
695,0.695,1,4004,54004,ladder_a11_lin_r02,baseline_pre,1428,0,0.000000,0,0,0,0.00000000,0.00000,baseline_pre,-1,-1
700,0.700,1,4004,54004,ladder_a11_lin_r02,baseline_pre,1428,0,0.000000,0,0,0,0.00000000,0.00000,baseline_pre,-1,-1
705,0.705,1,4004,54004,ladder_a11_lin_r02,baseline_pre,1428,0,0.000000,0,0,0,0.00000000,0.00000,baseline_pre,-1,-1
710,0.710,1,4004,54004,ladder_a11_lin_r02,baseline_pre,1428,0,0.000000,0,0,0,0.00000000,0.00000,baseline_pre,-1,-1
715,0.715,1,4004,54004,ladder_a11_lin_r02,baseline_pre,1428,0,0.000000,0,0,0,0.00000000,0.00000,baseline_pre,-1,-1
720,0.720,1,4004,54004,ladder_a11_lin_r02,baseline_pre,1428,0,0.000000,0,0,0,0.00000000,0.00000,baseline_pre,-1,-1
725,0.725,1,4004,54004,ladder_a11_lin_r02,baseline_pre,1428,0,0.000000,0,0,0,0.00000000,0.00000,baseline_pre,-1,-1
730,0.730,1,4004,54004,ladder_a11_lin_r02,baseline_pre,1428,0,0.000000,0,0,0,0.00000000,0.00000,baseline_pre,-1,-1
735,0.735,1,4004,54004,ladder_a11_lin_r02,baseline_pre,1428,0,0.000000,0,0,0,0.00000000,0.00000,baseline_pre,-1,-1
741,0.741,1,4004,54004,ladder_a11_lin_r02,baseline_pre,1428,0,0.000000,0,0,0,0.00000000,0.00000,baseline_pre,-1,-1
746,0.746,1,4004,54004,ladder_a11_lin_r02,baseline_pre,1428,0,0.000000,0,0,0,0.00000000,0.00000,baseline_pre,-1,-1
751,0.751,1,4004,54004,ladder_a11_lin_r02,baseline_pre,1428,0,0.000000,0,0,0,0.00000000,0.00000,baseline_pre,-1,-1
756,0.756,1,4004,54004,ladder_a11_lin_r02,baseline_pre,1428,0,0.000000,0,0,0,0.00000000,0.00000,baseline_pre,-1,-1
761,0.761,1,4004,54004,ladder_a11_lin_r02,baseline_pre,1428,0,0.000000,0,0,0,0.00000000,0.00000,baseline_pre,-1,-1
766,0.766,1,4004,54004,ladder_a11_lin_r02,baseline_pre,1428,0,0.000000,0,0,0,0.00000000,0.00000,baseline_pre,-1,-1
771,0.771,1,4004,54004,ladder_a11_lin_r02,baseline_pre,1428,0,0.000000,0,0,0,0.00000000,0.00000,baseline_pre,-1,-1
776,0.776,1,4004,54004,ladder_a11_lin_r02,baseline_pre,1428,0,0.000000,0,0,0,0.00000000,0.00000,baseline_pre,-1,-1
782,0.782,1,4004,54004,ladder_a11_lin_r02,baseline_pre,1428,0,0.000000,0,0,0,0.00000000,0.00000,baseline_pre,-1,-1
787,0.787,1,4004,54004,ladder_a11_lin_r02,baseline_pre,1428,0,0.000000,0,0,0,0.00000000,0.00000,baseline_pre,-1,-1
792,0.792,1,4004,54004,ladder_a11_lin_r02,baseline_pre,1428,0,0.000000,0,0,0,0.00000000,0.00000,baseline_pre,-1,-1
797,0.797,1,4004,54004,ladder_a11_lin_r02,baseline_pre,1428,0,0.000000,0,0,0,0.00000000,0.00000,baseline_pre,-1,-1
802,0.802,1,4004,54004,ladder_a11_lin_r02,baseline_pre,1428,0,0.000000,0,0,0,0.00000000,0.00000,baseline_pre,-1,-1
807,0.807,1,4004,54004,ladder_a11_lin_r02,baseline_pre,1428,0,0.000000,0,0,0,0.00000000,0.00000,baseline_pre,-1,-1
812,0.812,1,4004,54004,ladder_a11_lin_r02,baseline_pre,1428,0,0.000000,0,0,0,0.00000000,0.00000,baseline_pre,-1,-1
817,0.817,1,4004,54004,ladder_a11_lin_r02,baseline_pre,1428,0,0.000000,0,0,0,0.00000000,0.00000,baseline_pre,-1,-1
822,0.822,1,4004,54004,ladder_a11_lin_r02,baseline_pre,1428,0,0.000000,0,0,0,0.00000000,0.00000,baseline_pre,-1,-1
828,0.828,1,4004,54004,ladder_a11_lin_r02,baseline_pre,1428,0,0.000000,0,0,0,0.00000000,0.00000,baseline_pre,-1,-1
833,0.833,1,4004,54004,ladder_a11_lin_r02,baseline_pre,1428,0,0.000000,0,0,0,0.00000000,0.00000,baseline_pre,-1,-1
838,0.838,1,4004,54004,ladder_a11_lin_r02,baseline_pre,1428,0,0.000000,0,0,0,0.00000000,0.00000,baseline_pre,-1,-1
843,0.843,1,4004,54004,ladder_a11_lin_r02,baseline_pre,1428,0,0.000000,0,0,0,0.00000000,0.00000,baseline_pre,-1,-1
848,0.848,1,4004,54004,ladder_a11_lin_r02,baseline_pre,1428,0,0.000000,0,0,0,0.00000000,0.00000,baseline_pre,-1,-1
853,0.853,1,4004,54004,ladder_a11_lin_r02,baseline_pre,1428,0,0.000000,0,0,0,0.00000000,0.00000,baseline_pre,-1,-1
858,0.858,1,4004,54004,ladder_a11_lin_r02,baseline_pre,1428,0,0.000000,0,0,0,0.00000000,0.00000,baseline_pre,-1,-1
863,0.863,1,4004,54004,ladder_a11_lin_r02,baseline_pre,1428,0,0.000000,0,0,0,0.00000000,0.00000,baseline_pre,-1,-1
868,0.868,1,4004,54004,ladder_a11_lin_r02,baseline_pre,1428,0,0.000000,0,0,0,0.00000000,0.00000,baseline_pre,-1,-1
908,0.908,1,4004,54004,ladder_a11_lin_r02,baseline_pre,1428,0,0.000000,0,0,0,0.00000000,0.00000,baseline_pre,-1,-1
913,0.913,1,4004,54004,ladder_a11_lin_r02,baseline_pre,1428,0,0.000000,0,0,0,0.00000000,0.00000,baseline_pre,-1,-1
918,0.918,1,4004,54004,ladder_a11_lin_r02,baseline_pre,1428,0,0.000000,0,0,0,0.00000000,0.00000,baseline_pre,-1,-1
923,0.923,1,4004,54004,ladder_a11_lin_r02,baseline_pre,1428,0,0.000000,0,0,0,0.00000000,0.00000,baseline_pre,-1,-1
928,0.928,1,4004,54004,ladder_a11_lin_r02,baseline_pre,1428,0,0.000000,0,0,0,0.00000000,0.00000,baseline_pre,-1,-1
933,0.933,1,4004,54004,ladder_a11_lin_r02,baseline_pre,1428,0,0.000000,0,0,0,0.00000000,0.00000,baseline_pre,-1,-1
938,0.938,1,4004,54004,ladder_a11_lin_r02,baseline_pre,1428,0,0.000000,0,0,0,0.00000000,0.00000,baseline_pre,-1,-1
943,0.943,1,4004,54004,ladder_a11_lin_r02,baseline_pre,1428,0,0.000000,0,0,0,0.00000000,0.00000,baseline_pre,-1,-1
948,0.948,1,4004,54004,ladder_a11_lin_r02,baseline_pre,1428,0,0.000000,0,0,0,0.00000000,0.00000,baseline_pre,-1,-1
954,0.954,1,4004,54004,ladder_a11_lin_r02,baseline_pre,1428,0,0.000000,0,0,0,0.00000000,0.00000,baseline_pre,-1,-1
959,0.959,1,4004,54004,ladder_a11_lin_r02,baseline_pre,1428,0,0.000000,0,0,0,0.00000000,0.00000,baseline_pre,-1,-1
964,0.964,1,4004,54004,ladder_a11_lin_r02,baseline_pre,1428,0,0.000000,0,0,0,0.00000000,0.00000,baseline_pre,-1,-1
969,0.969,1,4004,54004,ladder_a11_lin_r02,baseline_pre,1428,0,0.000000,0,0,0,0.00000000,0.00000,baseline_pre,-1,-1
974,0.974,1,4004,54004,ladder_a11_lin_r02,baseline_pre,1428,0,0.000000,0,0,0,0.00000000,0.00000,baseline_pre,-1,-1
979,0.979,1,4004,54004,ladder_a11_lin_r02,baseline_pre,1428,0,0.000000,0,0,0,0.00000000,0.00000,baseline_pre,-1,-1
984,0.984,1,4004,54004,ladder_a11_lin_r02,baseline_pre,1428,0,0.000000,0,0,0,0.00000000,0.00000,baseline_pre,-1,-1
989,0.989,1,4004,54004,ladder_a11_lin_r02,baseline_pre,1428,0,0.000000,0,0,0,0.00000000,0.00000,baseline_pre,-1,-1
994,0.994,1,4004,54004,ladder_a11_lin_r02,baseline_pre,1428,0,0.000000,0,0,0,0.00000000,0.00000,baseline_pre,-1,-1
1000,1.000,1,4004,54004,ladder_a11_lin_r02,baseline_pre,1428,0,0.000000,0,0,0,0.00000000,0.00000,baseline_pre,-1,-1
1005,1.005,1,4004,54004,ladder_a11_lin_r02,baseline_pre,1428,0,0.000000,0,0,0,0.00000000,0.00000,baseline_pre,-1,-1
1010,1.010,1,4004,54004,ladder_a11_lin_r02,baseline_pre,1428,0,0.000000,0,0,0,0.00000000,0.00000,baseline_pre,-1,-1
1015,1.015,1,4004,54004,ladder_a11_lin_r02,baseline_pre,1428,0,0.000000,0,0,0,0.00000000,0.00000,baseline_pre,-1,-1
1020,1.020,1,4004,54004,ladder_a11_lin_r02,baseline_pre,1428,0,0.000000,0,0,0,0.00000000,0.00000,baseline_pre,-1,-1
1025,1.025,1,4004,54004,ladder_a11_lin_r02,baseline_pre,1428,0,0.000000,0,0,0,0.00000000,0.00000,baseline_pre,-1,-1
1030,1.030,1,4004,54004,ladder_a11_lin_r02,baseline_pre,1428,0,0.000000,0,0,0,0.00000000,0.00000,baseline_pre,-1,-1
1035,1.035,1,4004,54004,ladder_a11_lin_r02,baseline_pre,1428,0,0.000000,0,0,0,0.00000000,0.00000,baseline_pre,-1,-1
1040,1.040,1,4004,54004,ladder_a11_lin_r02,baseline_pre,1428,0,0.000000,0,0,0,0.00000000,0.00000,baseline_pre,-1,-1
1046,1.046,1,4004,54004,ladder_a11_lin_r02,baseline_pre,1428,0,0.000000,0,0,0,0.00000000,0.00000,baseline_pre,-1,-1
1051,1.051,1,4004,54004,ladder_a11_lin_r02,baseline_pre,1428,0,0.000000,0,0,0,0.00000000,0.00000,baseline_pre,-1,-1
1056,1.056,1,4004,54004,ladder_a11_lin_r02,baseline_pre,1428,0,0.000000,0,0,0,0.00000000,0.00000,baseline_pre,-1,-1
1061,1.061,1,4004,54004,ladder_a11_lin_r02,baseline_pre,1428,0,0.000000,0,0,0,0.00000000,0.00000,baseline_pre,-1,-1
1066,1.066,1,4004,54004,ladder_a11_lin_r02,baseline_pre,1428,0,0.000000,0,0,0,0.00000000,0.00000,baseline_pre,-1,-1
1071,1.071,1,4004,54004,ladder_a11_lin_r02,baseline_pre,1428,0,0.000000,0,0,0,0.00000000,0.00000,baseline_pre,-1,-1
1076,1.076,1,4004,54004,ladder_a11_lin_r02,baseline_pre,1428,0,0.000000,0,0,0,0.00000000,0.00000,baseline_pre,-1,-1
1081,1.081,1,4004,54004,ladder_a11_lin_r02,baseline_pre,1428,0,0.000000,0,0,0,0.00000000,0.00000,baseline_pre,-1,-1
1086,1.086,1,4004,54004,ladder_a11_lin_r02,baseline_pre,1428,0,0.000000,0,0,0,0.00000000,0.00000,baseline_pre,-1,-1
1129,1.129,1,4004,54004,ladder_a11_lin_r02,baseline_pre,1428,0,0.000000,0,0,0,0.00000000,0.00000,baseline_pre,-1,-1
1134,1.134,1,4004,54004,ladder_a11_lin_r02,baseline_pre,1428,0,0.000000,0,0,0,0.00000000,0.00000,baseline_pre,-1,-1
1139,1.139,1,4004,54004,ladder_a11_lin_r02,baseline_pre,1428,0,0.000000,0,0,0,0.00000000,0.00000,baseline_pre,-1,-1
1144,1.144,1,4004,54004,ladder_a11_lin_r02,baseline_pre,1428,0,0.000000,0,0,0,0.00000000,0.00000,baseline_pre,-1,-1
1149,1.149,1,4004,54004,ladder_a11_lin_r02,baseline_pre,1428,0,0.000000,0,0,0,0.00000000,0.00000,baseline_pre,-1,-1
1154,1.154,1,4004,54004,ladder_a11_lin_r02,baseline_pre,1428,0,0.000000,0,0,0,0.00000000,0.00000,baseline_pre,-1,-1
1159,1.159,1,4004,54004,ladder_a11_lin_r02,baseline_pre,1428,0,0.000000,0,0,0,0.00000000,0.00000,baseline_pre,-1,-1
1164,1.164,1,4004,54004,ladder_a11_lin_r02,baseline_pre,1428,0,0.000000,0,0,0,0.00000000,0.00000,baseline_pre,-1,-1
1170,1.170,1,4004,54004,ladder_a11_lin_r02,baseline_pre,1428,0,0.000000,0,0,0,0.00000000,0.00000,baseline_pre,-1,-1
1175,1.175,1,4004,54004,ladder_a11_lin_r02,baseline_pre,1428,0,0.000000,0,0,0,0.00000000,0.00000,baseline_pre,-1,-1
1180,1.180,1,4004,54004,ladder_a11_lin_r02,baseline_pre,1428,0,0.000000,0,0,0,0.00000000,0.00000,baseline_pre,-1,-1
1185,1.185,1,4004,54004,ladder_a11_lin_r02,baseline_pre,1428,0,0.000000,0,0,0,0.00000000,0.00000,baseline_pre,-1,-1
1190,1.190,1,4004,54004,ladder_a11_lin_r02,baseline_pre,1428,0,0.000000,0,0,0,0.00000000,0.00000,baseline_pre,-1,-1
1195,1.195,1,4004,54004,ladder_a11_lin_r02,baseline_pre,1428,0,0.000000,0,0,0,0.00000000,0.00000,baseline_pre,-1,-1
1200,1.200,1,4004,54004,ladder_a11_lin_r02,baseline_pre,1428,0,0.000000,0,0,0,0.00000000,0.00000,baseline_pre,-1,-1
1205,1.205,1,4004,54004,ladder_a11_lin_r02,baseline_pre,1428,0,0.000000,0,0,0,0.00000000,0.00000,baseline_pre,-1,-1
1210,1.210,1,4004,54004,ladder_a11_lin_r02,baseline_pre,1428,0,0.000000,0,0,0,0.00000000,0.00000,baseline_pre,-1,-1
1216,1.216,1,4004,54004,ladder_a11_lin_r02,baseline_pre,1428,0,0.000000,0,0,0,0.00000000,0.00000,baseline_pre,-1,-1
1221,1.221,1,4004,54004,ladder_a11_lin_r02,baseline_pre,1428,0,0.000000,0,0,0,0.00000000,0.00000,baseline_pre,-1,-1
1226,1.226,1,4004,54004,ladder_a11_lin_r02,baseline_pre,1428,0,0.000000,0,0,0,0.00000000,0.00000,baseline_pre,-1,-1
1231,1.231,1,4004,54004,ladder_a11_lin_r02,baseline_pre,1428,0,0.000000,0,0,0,0.00000000,0.00000,baseline_pre,-1,-1
1236,1.236,1,4004,54004,ladder_a11_lin_r02,baseline_pre,1428,0,0.000000,0,0,0,0.00000000,0.00000,baseline_pre,-1,-1
1241,1.241,1,4004,54004,ladder_a11_lin_r02,baseline_pre,1428,0,0.000000,0,0,0,0.00000000,0.00000,baseline_pre,-1,-1
1247,1.247,1,4004,54004,ladder_a11_lin_r02,baseline_pre,1428,0,0.000000,0,0,0,0.00000000,0.00000,baseline_pre,-1,-1
1252,1.252,1,4004,54004,ladder_a11_lin_r02,baseline_pre,1428,0,0.000000,0,0,0,0.00000000,0.00000,baseline_pre,-1,-1
1257,1.257,1,4004,54004,ladder_a11_lin_r02,baseline_pre,1428,0,0.000000,0,0,0,0.00000000,0.00000,baseline_pre,-1,-1
1263,1.263,1,4004,54004,ladder_a11_lin_r02,baseline_pre,1428,0,0.000000,0,0,0,0.00000000,0.00000,baseline_pre,-1,-1
1268,1.268,1,4004,54004,ladder_a11_lin_r02,baseline_pre,1428,0,0.000000,0,0,0,0.00000000,0.00000,baseline_pre,-1,-1
1273,1.273,1,4004,54004,ladder_a11_lin_r02,baseline_pre,1428,0,0.000000,0,0,0,0.00000000,0.00000,baseline_pre,-1,-1
1278,1.278,1,4004,54004,ladder_a11_lin_r02,baseline_pre,1428,0,0.000000,0,0,0,0.00000000,0.00000,baseline_pre,-1,-1
1283,1.283,1,4004,54004,ladder_a11_lin_r02,baseline_pre,1428,0,0.000000,0,0,0,0.00000000,0.00000,baseline_pre,-1,-1
1288,1.288,1,4004,54004,ladder_a11_lin_r02,baseline_pre,1428,0,0.000000,0,0,0,0.00000000,0.00000,baseline_pre,-1,-1
1293,1.293,1,4004,54004,ladder_a11_lin_r02,baseline_pre,1428,0,0.000000,0,0,0,0.00000000,0.00000,baseline_pre,-1,-1
1298,1.298,1,4004,54004,ladder_a11_lin_r02,baseline_pre,1428,0,0.000000,0,0,0,0.00000000,0.00000,baseline_pre,-1,-1
1303,1.303,1,4004,54004,ladder_a11_lin_r02,baseline_pre,1428,0,0.000000,0,0,0,0.00000000,0.00000,baseline_pre,-1,-1
1339,1.339,1,4004,54004,ladder_a11_lin_r02,baseline_pre,1428,0,0.000000,0,0,0,0.00000000,0.00000,baseline_pre,-1,-1
1343,1.343,1,4004,54004,ladder_a11_lin_r02,baseline_pre,1428,0,0.000000,0,0,0,0.00000000,0.00000,baseline_pre,-1,-1
1348,1.348,1,4004,54004,ladder_a11_lin_r02,baseline_pre,1428,0,0.000000,0,0,0,0.00000000,0.00000,baseline_pre,-1,-1
1353,1.353,1,4004,54004,ladder_a11_lin_r02,baseline_pre,1428,0,0.000000,0,0,0,0.00000000,0.00000,baseline_pre,-1,-1
1358,1.358,1,4004,54004,ladder_a11_lin_r02,baseline_pre,1428,0,0.000000,0,0,0,0.00000000,0.00000,baseline_pre,-1,-1
1363,1.363,1,4004,54004,ladder_a11_lin_r02,baseline_pre,1428,0,0.000000,0,0,0,0.00000000,0.00000,baseline_pre,-1,-1
1368,1.368,1,4004,54004,ladder_a11_lin_r02,baseline_pre,1428,0,0.000000,0,0,0,0.00000000,0.00000,baseline_pre,-1,-1
1373,1.373,1,4004,54004,ladder_a11_lin_r02,baseline_pre,1428,0,0.000000,0,0,0,0.00000000,0.00000,baseline_pre,-1,-1
1378,1.378,1,4004,54004,ladder_a11_lin_r02,baseline_pre,1428,0,0.000000,0,0,0,0.00000000,0.00000,baseline_pre,-1,-1
1384,1.384,1,4004,54004,ladder_a11_lin_r02,baseline_pre,1428,0,0.000000,0,0,0,0.00000000,0.00000,baseline_pre,-1,-1
1389,1.389,1,4004,54004,ladder_a11_lin_r02,baseline_pre,1428,0,0.000000,0,0,0,0.00000000,0.00000,baseline_pre,-1,-1
1394,1.394,1,4004,54004,ladder_a11_lin_r02,baseline_pre,1428,0,0.000000,0,0,0,0.00000000,0.00000,baseline_pre,-1,-1
1399,1.399,1,4004,54004,ladder_a11_lin_r02,baseline_pre,1428,0,0.000000,0,0,0,0.00000000,0.00000,baseline_pre,-1,-1
1404,1.404,1,4004,54004,ladder_a11_lin_r02,baseline_pre,1428,0,0.000000,0,0,0,0.00000000,0.00000,baseline_pre,-1,-1
1409,1.409,1,4004,54004,ladder_a11_lin_r02,baseline_pre,1428,0,0.000000,0,0,0,0.00000000,0.00000,baseline_pre,-1,-1
1414,1.414,1,4004,54004,ladder_a11_lin_r02,baseline_pre,1428,0,0.000000,0,0,0,0.00000000,0.00000,baseline_pre,-1,-1
1419,1.419,1,4004,54004,ladder_a11_lin_r02,baseline_pre,1428,0,0.000000,0,0,0,0.00000000,0.00000,baseline_pre,-1,-1
1424,1.424,1,4004,54004,ladder_a11_lin_r02,baseline_pre,1428,0,0.000000,0,0,0,0.00000000,0.00000,baseline_pre,-1,-1
1430,1.430,1,4004,54004,ladder_a11_lin_r02,baseline_pre,1428,0,0.000000,0,0,0,0.00000000,0.00000,baseline_pre,-1,-1
1435,1.435,1,4004,54004,ladder_a11_lin_r02,baseline_pre,1428,0,0.000000,0,0,0,0.00000000,0.00000,baseline_pre,-1,-1
1440,1.440,1,4004,54004,ladder_a11_lin_r02,baseline_pre,1428,0,0.000000,0,0,0,0.00000000,0.00000,baseline_pre,-1,-1
1445,1.445,1,4004,54004,ladder_a11_lin_r02,baseline_pre,1428,0,0.000000,0,0,0,0.00000000,0.00000,baseline_pre,-1,-1
1450,1.450,1,4004,54004,ladder_a11_lin_r02,baseline_pre,1428,0,0.000000,0,0,0,0.00000000,0.00000,baseline_pre,-1,-1
1455,1.455,1,4004,54004,ladder_a11_lin_r02,baseline_pre,1428,0,0.000000,0,0,0,0.00000000,0.00000,baseline_pre,-1,-1
1460,1.460,1,4004,54004,ladder_a11_lin_r02,baseline_pre,1428,0,0.000000,0,0,0,0.00000000,0.00000,baseline_pre,-1,-1
1465,1.465,1,4004,54004,ladder_a11_lin_r02,baseline_pre,1428,0,0.000000,0,0,0,0.00000000,0.00000,baseline_pre,-1,-1
1471,1.471,1,4004,54004,ladder_a11_lin_r02,baseline_pre,1428,0,0.000000,0,0,0,0.00000000,0.00000,baseline_pre,-1,-1
1476,1.476,1,4004,54004,ladder_a11_lin_r02,baseline_pre,1428,0,0.000000,0,0,0,0.00000000,0.00000,baseline_pre,-1,-1
1481,1.481,1,4004,54004,ladder_a11_lin_r02,baseline_pre,1428,0,0.000000,0,0,0,0.00000000,0.00000,baseline_pre,-1,-1
1486,1.486,1,4004,54004,ladder_a11_lin_r02,baseline_pre,1428,0,0.000000,0,0,0,0.00000000,0.00000,baseline_pre,-1,-1
1491,1.491,1,4004,54004,ladder_a11_lin_r02,baseline_pre,1428,0,0.000000,0,0,0,0.00000000,0.00000,baseline_pre,-1,-1
1496,1.496,1,4004,54004,ladder_a11_lin_r02,baseline_pre,1428,0,0.000000,0,0,0,0.00000000,0.00000,baseline_pre,-1,-1
1501,1.501,1,4004,54004,ladder_a11_lin_r02,baseline_pre,1428,0,0.000000,0,0,0,0.00000000,0.00000,baseline_pre,-1,-1
1506,1.506,1,4004,54004,ladder_a11_lin_r02,baseline_pre,1428,0,0.000000,0,0,0,0.00000000,0.00000,baseline_pre,-1,-1
1511,1.511,1,4004,54004,ladder_a11_lin_r02,baseline_pre,1428,0,0.000000,0,0,0,0.00000000,0.00000,baseline_pre,-1,-1
1548,1.548,1,4004,54004,ladder_a11_lin_r02,baseline_pre,1428,0,0.000000,0,0,0,0.00000000,0.00000,baseline_pre,-1,-1
1553,1.553,1,4004,54004,ladder_a11_lin_r02,baseline_pre,1428,0,0.000000,0,0,0,0.00000000,0.00000,baseline_pre,-1,-1
1558,1.558,1,4004,54004,ladder_a11_lin_r02,baseline_pre,1428,0,0.000000,0,0,0,0.00000000,0.00000,baseline_pre,-1,-1
1563,1.563,1,4004,54004,ladder_a11_lin_r02,baseline_pre,1428,0,0.000000,0,0,0,0.00000000,0.00000,baseline_pre,-1,-1
1568,1.568,1,4004,54004,ladder_a11_lin_r02,baseline_pre,1428,0,0.000000,0,0,0,0.00000000,0.00000,baseline_pre,-1,-1
1573,1.573,1,4004,54004,ladder_a11_lin_r02,baseline_pre,1428,0,0.000000,0,0,0,0.00000000,0.00000,baseline_pre,-1,-1
1578,1.578,1,4004,54004,ladder_a11_lin_r02,baseline_pre,1428,0,0.000000,0,0,0,0.00000000,0.00000,baseline_pre,-1,-1
1583,1.583,1,4004,54004,ladder_a11_lin_r02,baseline_pre,1428,0,0.000000,0,0,0,0.00000000,0.00000,baseline_pre,-1,-1
1588,1.588,1,4004,54004,ladder_a11_lin_r02,baseline_pre,1428,0,0.000000,0,0,0,0.00000000,0.00000,baseline_pre,-1,-1
1594,1.594,1,4004,54004,ladder_a11_lin_r02,baseline_pre,1428,0,0.000000,0,0,0,0.00000000,0.00000,baseline_pre,-1,-1
1599,1.599,1,4004,54004,ladder_a11_lin_r02,baseline_pre,1428,0,0.000000,0,0,0,0.00000000,0.00000,baseline_pre,-1,-1
1604,1.604,1,4004,54004,ladder_a11_lin_r02,baseline_pre,1428,0,0.000000,0,0,0,0.00000000,0.00000,baseline_pre,-1,-1
1609,1.609,1,4004,54004,ladder_a11_lin_r02,baseline_pre,1428,0,0.000000,0,0,0,0.00000000,0.00000,baseline_pre,-1,-1
1614,1.614,1,4004,54004,ladder_a11_lin_r02,baseline_pre,1428,0,0.000000,0,0,0,0.00000000,0.00000,baseline_pre,-1,-1
1619,1.619,1,4004,54004,ladder_a11_lin_r02,baseline_pre,1428,0,0.000000,0,0,0,0.00000000,0.00000,baseline_pre,-1,-1
1624,1.624,1,4004,54004,ladder_a11_lin_r02,baseline_pre,1428,0,0.000000,0,0,0,0.00000000,0.00000,baseline_pre,-1,-1
1629,1.629,1,4004,54004,ladder_a11_lin_r02,baseline_pre,1428,0,0.000000,0,0,0,0.00000000,0.00000,baseline_pre,-1,-1
1634,1.634,1,4004,54004,ladder_a11_lin_r02,baseline_pre,1428,0,0.000000,0,0,0,0.00000000,0.00000,baseline_pre,-1,-1
1640,1.640,1,4004,54004,ladder_a11_lin_r02,baseline_pre,1428,0,0.000000,0,0,0,0.00000000,0.00000,baseline_pre,-1,-1
1645,1.645,1,4004,54004,ladder_a11_lin_r02,baseline_pre,1428,0,0.000000,0,0,0,0.00000000,0.00000,baseline_pre,-1,-1
1650,1.650,1,4004,54004,ladder_a11_lin_r02,baseline_pre,1428,0,0.000000,0,0,0,0.00000000,0.00000,baseline_pre,-1,-1
1655,1.655,1,4004,54004,ladder_a11_lin_r02,baseline_pre,1428,0,0.000000,0,0,0,0.00000000,0.00000,baseline_pre,-1,-1
1660,1.660,1,4004,54004,ladder_a11_lin_r02,baseline_pre,1428,0,0.000000,0,0,0,0.00000000,0.00000,baseline_pre,-1,-1
1665,1.665,1,4004,54004,ladder_a11_lin_r02,baseline_pre,1428,0,0.000000,0,0,0,0.00000000,0.00000,baseline_pre,-1,-1
1670,1.670,1,4004,54004,ladder_a11_lin_r02,baseline_pre,1428,0,0.000000,0,0,0,0.00000000,0.00000,baseline_pre,-1,-1
1675,1.675,1,4004,54004,ladder_a11_lin_r02,baseline_pre,1428,0,0.000000,0,0,0,0.00000000,0.00000,baseline_pre,-1,-1
1680,1.680,1,4004,54004,ladder_a11_lin_r02,baseline_pre,1428,0,0.000000,0,0,0,0.00000000,0.00000,baseline_pre,-1,-1
1686,1.686,1,4004,54004,ladder_a11_lin_r02,baseline_pre,1428,0,0.000000,0,0,0,0.00000000,0.00000,baseline_pre,-1,-1
1691,1.691,1,4004,54004,ladder_a11_lin_r02,baseline_pre,1428,0,0.000000,0,0,0,0.00000000,0.00000,baseline_pre,-1,-1
1696,1.696,1,4004,54004,ladder_a11_lin_r02,baseline_pre,1428,0,0.000000,0,0,0,0.00000000,0.00000,baseline_pre,-1,-1
1701,1.701,1,4004,54004,ladder_a11_lin_r02,baseline_pre,1428,0,0.000000,0,0,0,0.00000000,0.00000,baseline_pre,-1,-1
1706,1.706,1,4004,54004,ladder_a11_lin_r02,baseline_pre,1428,0,0.000000,0,0,0,0.00000000,0.00000,baseline_pre,-1,-1
1711,1.711,1,4004,54004,ladder_a11_lin_r02,baseline_pre,1428,0,0.000000,0,0,0,0.00000000,0.00000,baseline_pre,-1,-1
1716,1.716,1,4004,54004,ladder_a11_lin_r02,baseline_pre,1428,0,0.000000,0,0,0,0.00000000,0.00000,baseline_pre,-1,-1
1721,1.721,1,4004,54004,ladder_a11_lin_r02,baseline_pre,1428,0,0.000000,0,0,0,0.00000000,0.00000,baseline_pre,-1,-1
1759,1.759,1,4004,54004,ladder_a11_lin_r02,baseline_pre,1428,0,0.000000,0,0,0,0.00000000,0.00000,baseline_pre,-1,-1
1764,1.764,1,4004,54004,ladder_a11_lin_r02,baseline_pre,1428,0,0.000000,0,0,0,0.00000000,0.00000,baseline_pre,-1,-1
1769,1.769,1,4004,54004,ladder_a11_lin_r02,baseline_pre,1428,0,0.000000,0,0,0,0.00000000,0.00000,baseline_pre,-1,-1
1774,1.774,1,4004,54004,ladder_a11_lin_r02,baseline_pre,1428,0,0.000000,0,0,0,0.00000000,0.00000,baseline_pre,-1,-1
1779,1.779,1,4004,54004,ladder_a11_lin_r02,baseline_pre,1428,0,0.000000,0,0,0,0.00000000,0.00000,baseline_pre,-1,-1
1784,1.784,1,4004,54004,ladder_a11_lin_r02,baseline_pre,1428,0,0.000000,0,0,0,0.00000000,0.00000,baseline_pre,-1,-1
1789,1.789,1,4004,54004,ladder_a11_lin_r02,baseline_pre,1428,0,0.000000,0,0,0,0.00000000,0.00000,baseline_pre,-1,-1
1794,1.794,1,4004,54004,ladder_a11_lin_r02,baseline_pre,1428,0,0.000000,0,0,0,0.00000000,0.00000,baseline_pre,-1,-1
1799,1.799,1,4004,54004,ladder_a11_lin_r02,baseline_pre,1428,0,0.000000,0,0,0,0.00000000,0.00000,baseline_pre,-1,-1
1805,1.805,1,4004,54004,ladder_a11_lin_r02,baseline_pre,1428,0,0.000000,0,0,0,0.00000000,0.00000,baseline_pre,-1,-1
1810,1.810,1,4004,54004,ladder_a11_lin_r02,baseline_pre,1428,0,0.000000,0,0,0,0.00000000,0.00000,baseline_pre,-1,-1
1815,1.815,1,4004,54004,ladder_a11_lin_r02,baseline_pre,1428,0,0.000000,0,0,0,0.00000000,0.00000,baseline_pre,-1,-1
1820,1.820,1,4004,54004,ladder_a11_lin_r02,baseline_pre,1428,0,0.000000,0,0,0,0.00000000,0.00000,baseline_pre,-1,-1
1825,1.825,1,4004,54004,ladder_a11_lin_r02,baseline_pre,1428,0,0.000000,0,0,0,0.00000000,0.00000,baseline_pre,-1,-1
1830,1.830,1,4004,54004,ladder_a11_lin_r02,baseline_pre,1428,0,0.000000,0,0,0,0.00000000,0.00000,baseline_pre,-1,-1
1835,1.835,1,4004,54004,ladder_a11_lin_r02,baseline_pre,1428,0,0.000000,0,0,0,0.00000000,0.00000,baseline_pre,-1,-1
1840,1.840,1,4004,54004,ladder_a11_lin_r02,baseline_pre,1428,0,0.000000,0,0,0,0.00000000,0.00000,baseline_pre,-1,-1
1845,1.845,1,4004,54004,ladder_a11_lin_r02,baseline_pre,1428,0,0.000000,0,0,0,0.00000000,0.00000,baseline_pre,-1,-1
1851,1.851,1,4004,54004,ladder_a11_lin_r02,baseline_pre,1428,0,0.000000,0,0,0,0.00000000,0.00000,baseline_pre,-1,-1
1856,1.856,1,4004,54004,ladder_a11_lin_r02,baseline_pre,1428,0,0.000000,0,0,0,0.00000000,0.00000,baseline_pre,-1,-1
1861,1.861,1,4004,54004,ladder_a11_lin_r02,baseline_pre,1428,0,0.000000,0,0,0,0.00000000,0.00000,baseline_pre,-1,-1
1866,1.866,1,4004,54004,ladder_a11_lin_r02,baseline_pre,1428,0,0.000000,0,0,0,0.00000000,0.00000,baseline_pre,-1,-1
1871,1.871,1,4004,54004,ladder_a11_lin_r02,baseline_pre,1428,0,0.000000,0,0,0,0.00000000,0.00000,baseline_pre,-1,-1
1876,1.876,1,4004,54004,ladder_a11_lin_r02,baseline_pre,1428,0,0.000000,0,0,0,0.00000000,0.00000,baseline_pre,-1,-1
1881,1.881,1,4004,54004,ladder_a11_lin_r02,baseline_pre,1428,0,0.000000,0,0,0,0.00000000,0.00000,baseline_pre,-1,-1
1886,1.886,1,4004,54004,ladder_a11_lin_r02,baseline_pre,1428,0,0.000000,0,0,0,0.00000000,0.00000,baseline_pre,-1,-1
1891,1.891,1,4004,54004,ladder_a11_lin_r02,baseline_pre,1428,0,0.000000,0,0,0,0.00000000,0.00000,baseline_pre,-1,-1
1897,1.897,1,4004,54004,ladder_a11_lin_r02,baseline_pre,1428,0,0.000000,0,0,0,0.00000000,0.00000,baseline_pre,-1,-1
1902,1.902,1,4004,54004,ladder_a11_lin_r02,baseline_pre,1428,0,0.000000,0,0,0,0.00000000,0.00000,baseline_pre,-1,-1
1907,1.907,1,4004,54004,ladder_a11_lin_r02,baseline_pre,1428,0,0.000000,0,0,0,0.00000000,0.00000,baseline_pre,-1,-1
1912,1.912,1,4004,54004,ladder_a11_lin_r02,baseline_pre,1428,0,0.000000,0,0,0,0.00000000,0.00000,baseline_pre,-1,-1
1917,1.917,1,4004,54004,ladder_a11_lin_r02,baseline_pre,1428,0,0.000000,0,0,0,0.00000000,0.00000,baseline_pre,-1,-1
1922,1.922,1,4004,54004,ladder_a11_lin_r02,baseline_pre,1428,0,0.000000,0,0,0,0.00000000,0.00000,baseline_pre,-1,-1
1927,1.927,1,4004,54004,ladder_a11_lin_r02,baseline_pre,1428,0,0.000000,0,0,0,0.00000000,0.00000,baseline_pre,-1,-1
1932,1.932,1,4004,54004,ladder_a11_lin_r02,baseline_pre,1428,0,0.000000,0,0,0,0.00000000,0.00000,baseline_pre,-1,-1
1937,1.937,1,4004,54004,ladder_a11_lin_r02,baseline_pre,1428,0,0.000000,0,0,0,0.00000000,0.00000,baseline_pre,-1,-1
1972,1.972,1,4004,54004,ladder_a11_lin_r02,baseline_pre,1428,0,0.000000,0,0,0,0.00000000,0.00000,baseline_pre,-1,-1
1977,1.977,1,4004,54004,ladder_a11_lin_r02,baseline_pre,1428,0,0.000000,0,0,0,0.00000000,0.00000,baseline_pre,-1,-1
1982,1.982,1,4004,54004,ladder_a11_lin_r02,baseline_pre,1428,0,0.000000,0,0,0,0.00000000,0.00000,baseline_pre,-1,-1
1987,1.987,1,4004,54004,ladder_a11_lin_r02,baseline_pre,1428,0,0.000000,0,0,0,0.00000000,0.00000,baseline_pre,-1,-1
1992,1.992,1,4004,54004,ladder_a11_lin_r02,baseline_pre,1428,0,0.000000,0,0,0,0.00000000,0.00000,baseline_pre,-1,-1
1997,1.997,1,4004,54004,ladder_a11_lin_r02,baseline_pre,1428,0,0.000000,0,0,0,0.00000000,0.00000,baseline_pre,-1,-1
2002,2.002,1,4004,54004,ladder_a11_lin_r02,baseline_pre,1428,0,0.000000,0,0,0,0.00000000,0.00000,baseline_pre,-1,-1
2007,2.007,1,4004,54004,ladder_a11_lin_r02,baseline_pre,1428,0,0.000000,0,0,0,0.00000000,0.00000,baseline_pre,-1,-1
2015,2.015,1,4004,54004,ladder_a11_lin_r02,settle,1428,0,0.000000,0,0,0,0.00000000,0.00000,settle,-1,-1
2019,2.019,1,4004,54004,ladder_a11_lin_r02,settle,1428,0,0.000000,0,0,0,0.00000000,0.00000,settle,-1,-1
2024,2.024,1,4004,54004,ladder_a11_lin_r02,settle,1428,0,0.000000,0,0,0,0.00000000,0.00000,settle,-1,-1
2029,2.029,1,4004,54004,ladder_a11_lin_r02,settle,1428,0,0.000000,0,0,0,0.00000000,0.00000,settle,-1,-1
2034,2.034,1,4004,54004,ladder_a11_lin_r02,settle,1428,0,0.000000,0,0,0,0.00000000,0.00000,settle,-1,-1
2039,2.039,1,4004,54004,ladder_a11_lin_r02,settle,1428,0,0.000000,0,0,0,0.00000000,0.00000,settle,-1,-1
2044,2.044,1,4004,54004,ladder_a11_lin_r02,settle,1428,0,0.000000,0,0,0,0.00000000,0.00000,settle,-1,-1
2049,2.049,1,4004,54004,ladder_a11_lin_r02,settle,1428,0,0.000000,0,0,0,0.00000000,0.00000,settle,-1,-1
2054,2.054,1,4004,54004,ladder_a11_lin_r02,settle,1428,0,0.000000,0,0,0,0.00000000,0.00000,settle,-1,-1
2059,2.059,1,4004,54004,ladder_a11_lin_r02,settle,1428,0,0.000000,0,0,0,0.00000000,0.00000,settle,-1,-1
2065,2.065,1,4004,54004,ladder_a11_lin_r02,settle,1428,0,0.000000,0,0,0,0.00000000,0.00000,settle,-1,-1
2070,2.070,1,4004,54004,ladder_a11_lin_r02,settle,1428,0,0.000000,0,0,0,0.00000000,0.00000,settle,-1,-1
2075,2.075,1,4004,54004,ladder_a11_lin_r02,settle,1428,0,0.000000,0,0,0,0.00000000,0.00000,settle,-1,-1
2080,2.080,1,4004,54004,ladder_a11_lin_r02,settle,1428,0,0.000000,0,0,0,0.00000000,0.00000,settle,-1,-1
2085,2.085,1,4004,54004,ladder_a11_lin_r02,settle,1428,0,0.000000,0,0,0,0.00000000,0.00000,settle,-1,-1
2090,2.090,1,4004,54004,ladder_a11_lin_r02,settle,1428,0,0.000000,0,0,0,0.00000000,0.00000,settle,-1,-1
2095,2.095,1,4004,54004,ladder_a11_lin_r02,settle,1428,0,0.000000,0,0,0,0.00000000,0.00000,settle,-1,-1
2100,2.100,1,4004,54004,ladder_a11_lin_r02,settle,1428,0,0.000000,0,0,0,0.00000000,0.00000,settle,-1,-1
2105,2.105,1,4004,54004,ladder_a11_lin_r02,settle,1428,0,0.000000,0,0,0,0.00000000,0.00000,settle,-1,-1
2110,2.110,1,4004,54004,ladder_a11_lin_r02,settle,1428,0,0.000000,0,0,0,0.00000000,0.00000,settle,-1,-1
2116,2.116,1,4004,54004,ladder_a11_lin_r02,settle,1428,0,0.000000,0,0,0,0.00000000,0.00000,settle,-1,-1
2121,2.121,1,4004,54004,ladder_a11_lin_r02,settle,1428,0,0.000000,0,0,0,0.00000000,0.00000,settle,-1,-1
2126,2.126,1,4004,54004,ladder_a11_lin_r02,settle,1428,0,0.000000,0,0,0,0.00000000,0.00000,settle,-1,-1
2143,2.143,1,4004,54004,ladder_a11_lin_r02,settle,1428,0,0.000000,0,0,0,0.00000000,0.00000,settle,-1,-1
2148,2.148,1,4004,54004,ladder_a11_lin_r02,settle,1428,0,0.000000,0,0,0,0.00000000,0.00000,settle,-1,-1
2153,2.153,1,4004,54004,ladder_a11_lin_r02,settle,1428,0,0.000000,0,0,0,0.00000000,0.00000,settle,-1,-1
2158,2.158,1,4004,54004,ladder_a11_lin_r02,settle,1428,0,0.000000,0,0,0,0.00000000,0.00000,settle,-1,-1
2163,2.163,1,4004,54004,ladder_a11_lin_r02,settle,1428,0,0.000000,0,0,0,0.00000000,0.00000,settle,-1,-1
2168,2.168,1,4004,54004,ladder_a11_lin_r02,settle,1428,0,0.000000,0,0,0,0.00000000,0.00000,settle,-1,-1
2173,2.173,1,4004,54004,ladder_a11_lin_r02,settle,1428,0,0.000000,0,0,0,0.00000000,0.00000,settle,-1,-1
2220,2.220,1,4004,54004,ladder_a11_lin_r02,settle,1428,0,0.000000,0,0,0,0.00000000,0.00000,settle,-1,-1
2224,2.224,1,4004,54004,ladder_a11_lin_r02,settle,1428,0,0.000000,0,0,0,0.00000000,0.00000,settle,-1,-1
2229,2.229,1,4004,54004,ladder_a11_lin_r02,settle,1428,0,0.000000,0,0,0,0.00000000,0.00000,settle,-1,-1
2234,2.234,1,4004,54004,ladder_a11_lin_r02,settle,1428,0,0.000000,0,0,0,0.00000000,0.00000,settle,-1,-1
2239,2.239,1,4004,54004,ladder_a11_lin_r02,settle,1428,0,0.000000,0,0,0,0.00000000,0.00000,settle,-1,-1
2244,2.244,1,4004,54004,ladder_a11_lin_r02,settle,1428,0,0.000000,0,0,0,0.00000000,0.00000,settle,-1,-1
2249,2.249,1,4004,54004,ladder_a11_lin_r02,settle,1428,0,0.000000,0,0,0,0.00000000,0.00000,settle,-1,-1
2254,2.254,1,4004,54004,ladder_a11_lin_r02,settle,1428,0,0.000000,0,0,0,0.00000000,0.00000,settle,-1,-1
2259,2.259,1,4004,54004,ladder_a11_lin_r02,settle,1428,0,0.000000,0,0,0,0.00000000,0.00000,settle,-1,-1
2264,2.264,1,4004,54004,ladder_a11_lin_r02,settle,1428,0,0.000000,0,0,0,0.00000000,0.00000,settle,-1,-1
2270,2.270,1,4004,54004,ladder_a11_lin_r02,settle,1428,0,0.000000,0,0,0,0.00000000,0.00000,settle,-1,-1
2275,2.275,1,4004,54004,ladder_a11_lin_r02,settle,1428,0,0.000000,0,0,0,0.00000000,0.00000,settle,-1,-1
2280,2.280,1,4004,54004,ladder_a11_lin_r02,settle,1428,0,0.000000,0,0,0,0.00000000,0.00000,settle,-1,-1
2285,2.285,1,4004,54004,ladder_a11_lin_r02,settle,1428,0,0.000000,0,0,0,0.00000000,0.00000,settle,-1,-1
2290,2.290,1,4004,54004,ladder_a11_lin_r02,settle,1428,0,0.000000,0,0,0,0.00000000,0.00000,settle,-1,-1
2295,2.295,1,4004,54004,ladder_a11_lin_r02,settle,1428,0,0.000000,0,0,0,0.00000000,0.00000,settle,-1,-1
2300,2.300,1,4004,54004,ladder_a11_lin_r02,settle,1428,0,0.000000,0,0,0,0.00000000,0.00000,settle,-1,-1
2305,2.305,1,4004,54004,ladder_a11_lin_r02,settle,1428,0,0.000000,0,0,0,0.00000000,0.00000,settle,-1,-1
2310,2.310,1,4004,54004,ladder_a11_lin_r02,settle,1428,0,0.000000,0,0,0,0.00000000,0.00000,settle,-1,-1
2315,2.315,1,4004,54004,ladder_a11_lin_r02,settle,1428,0,0.000000,0,0,0,0.00000000,0.00000,settle,-1,-1
2321,2.321,1,4004,54004,ladder_a11_lin_r02,settle,1428,0,0.000000,0,0,0,0.00000000,0.00000,settle,-1,-1
2326,2.326,1,4004,54004,ladder_a11_lin_r02,settle,1428,0,0.000000,0,0,0,0.00000000,0.00000,settle,-1,-1
2331,2.331,1,4004,54004,ladder_a11_lin_r02,settle,1428,0,0.000000,0,0,0,0.00000000,0.00000,settle,-1,-1
2336,2.336,1,4004,54004,ladder_a11_lin_r02,settle,1428,0,0.000000,0,0,0,0.00000000,0.00000,settle,-1,-1
2341,2.341,1,4004,54004,ladder_a11_lin_r02,settle,1428,0,0.000000,0,0,0,0.00000000,0.00000,settle,-1,-1
2346,2.346,1,4004,54004,ladder_a11_lin_r02,settle,1428,0,0.000000,0,0,0,0.00000000,0.00000,settle,-1,-1
2351,2.351,1,4004,54004,ladder_a11_lin_r02,settle,1428,0,0.000000,0,0,0,0.00000000,0.00000,settle,-1,-1
2356,2.356,1,4004,54004,ladder_a11_lin_r02,settle,1428,0,0.000000,0,0,0,0.00000000,0.00000,settle,-1,-1
2361,2.361,1,4004,54004,ladder_a11_lin_r02,settle,1428,0,0.000000,0,0,0,0.00000000,0.00000,settle,-1,-1
2367,2.367,1,4004,54004,ladder_a11_lin_r02,settle,1428,0,0.000000,0,0,0,0.00000000,0.00000,settle,-1,-1
2372,2.372,1,4004,54004,ladder_a11_lin_r02,settle,1428,0,0.000000,0,0,0,0.00000000,0.00000,settle,-1,-1
2377,2.377,1,4004,54004,ladder_a11_lin_r02,settle,1428,0,0.000000,0,0,0,0.00000000,0.00000,settle,-1,-1
2382,2.382,1,4004,54004,ladder_a11_lin_r02,settle,1428,0,0.000000,0,0,0,0.00000000,0.00000,settle,-1,-1
2387,2.387,1,4004,54004,ladder_a11_lin_r02,settle,1428,0,0.000000,0,0,0,0.00000000,0.00000,settle,-1,-1
2392,2.392,1,4004,54004,ladder_a11_lin_r02,settle,1428,0,0.000000,0,0,0,0.00000000,0.00000,settle,-1,-1
2397,2.397,1,4004,54004,ladder_a11_lin_r02,settle,1428,0,0.000000,0,0,0,0.00000000,0.00000,settle,-1,-1
2402,2.402,1,4004,54004,ladder_a11_lin_r02,settle,1428,0,0.000000,0,0,0,0.00000000,0.00000,settle,-1,-1
2407,2.407,1,4004,54004,ladder_a11_lin_r02,settle,1428,0,0.000000,0,0,0,0.00000000,0.00000,settle,-1,-1
2412,2.412,1,4004,54004,ladder_a11_lin_r02,settle,1428,0,0.000000,0,0,0,0.00000000,0.00000,settle,-1,-1
2449,2.449,1,4004,54004,ladder_a11_lin_r02,settle,1428,0,0.000000,0,0,0,0.00000000,0.00000,settle,-1,-1
2454,2.454,1,4004,54004,ladder_a11_lin_r02,settle,1428,0,0.000000,0,0,0,0.00000000,0.00000,settle,-1,-1
2459,2.459,1,4004,54004,ladder_a11_lin_r02,settle,1428,0,0.000000,0,0,0,0.00000000,0.00000,settle,-1,-1
2464,2.464,1,4004,54004,ladder_a11_lin_r02,settle,1428,0,0.000000,0,0,0,0.00000000,0.00000,settle,-1,-1
2469,2.469,1,4004,54004,ladder_a11_lin_r02,settle,1428,0,0.000000,0,0,0,0.00000000,0.00000,settle,-1,-1
2474,2.474,1,4004,54004,ladder_a11_lin_r02,settle,1428,0,0.000000,0,0,0,0.00000000,0.00000,settle,-1,-1
2479,2.479,1,4004,54004,ladder_a11_lin_r02,settle,1428,0,0.000000,0,0,0,0.00000000,0.00000,settle,-1,-1
2484,2.484,1,4004,54004,ladder_a11_lin_r02,settle,1428,0,0.000000,0,0,0,0.00000000,0.00000,settle,-1,-1
2489,2.489,1,4004,54004,ladder_a11_lin_r02,settle,1428,0,0.000000,0,0,0,0.00000000,0.00000,settle,-1,-1
2494,2.494,1,4004,54004,ladder_a11_lin_r02,settle,1428,0,0.000000,0,0,0,0.00000000,0.00000,settle,-1,-1
2500,2.500,1,4004,54004,ladder_a11_lin_r02,settle,1428,0,0.000000,0,0,0,0.00000000,0.00000,settle,-1,-1
2505,2.505,1,4004,54004,ladder_a11_lin_r02,settle,1428,0,0.000000,0,0,0,0.00000000,0.00000,settle,-1,-1
2510,2.510,1,4004,54004,ladder_a11_lin_r02,settle,1428,0,0.000000,0,0,0,0.00000000,0.00000,settle,-1,-1
2515,2.515,1,4004,54004,ladder_a11_lin_r02,settle,1428,0,0.000000,0,0,0,0.00000000,0.00000,settle,-1,-1
2520,2.520,1,4004,54004,ladder_a11_lin_r02,settle,1428,0,0.000000,0,0,0,0.00000000,0.00000,settle,-1,-1
2525,2.525,1,4004,54004,ladder_a11_lin_r02,settle,1428,0,0.000000,0,0,0,0.00000000,0.00000,settle,-1,-1
2530,2.530,1,4004,54004,ladder_a11_lin_r02,settle,1428,0,0.000000,0,0,0,0.00000000,0.00000,settle,-1,-1
2535,2.535,1,4004,54004,ladder_a11_lin_r02,settle,1428,0,0.000000,0,0,0,0.00000000,0.00000,settle,-1,-1
2540,2.540,1,4004,54004,ladder_a11_lin_r02,settle,1428,0,0.000000,0,0,0,0.00000000,0.00000,settle,-1,-1
2545,2.545,1,4004,54004,ladder_a11_lin_r02,settle,1428,0,0.000000,0,0,0,0.00000000,0.00000,settle,-1,-1
2551,2.551,1,4004,54004,ladder_a11_lin_r02,settle,1428,0,0.000000,0,0,0,0.00000000,0.00000,settle,-1,-1
2556,2.556,1,4004,54004,ladder_a11_lin_r02,settle,1428,0,0.000000,0,0,0,0.00000000,0.00000,settle,-1,-1
2561,2.561,1,4004,54004,ladder_a11_lin_r02,settle,1428,0,0.000000,0,0,0,0.00000000,0.00000,settle,-1,-1
2566,2.566,1,4004,54004,ladder_a11_lin_r02,settle,1428,0,0.000000,0,0,0,0.00000000,0.00000,settle,-1,-1
2571,2.571,1,4004,54004,ladder_a11_lin_r02,settle,1428,0,0.000000,0,0,0,0.00000000,0.00000,settle,-1,-1
2576,2.576,1,4004,54004,ladder_a11_lin_r02,settle,1428,0,0.000000,0,0,0,0.00000000,0.00000,settle,-1,-1
2581,2.581,1,4004,54004,ladder_a11_lin_r02,settle,1428,0,0.000000,0,0,0,0.00000000,0.00000,settle,-1,-1
2586,2.586,1,4004,54004,ladder_a11_lin_r02,settle,1428,0,0.000000,0,0,0,0.00000000,0.00000,settle,-1,-1
2591,2.591,1,4004,54004,ladder_a11_lin_r02,settle,1428,0,0.000000,0,0,0,0.00000000,0.00000,settle,-1,-1
2596,2.596,1,4004,54004,ladder_a11_lin_r02,settle,1428,0,0.000000,0,0,0,0.00000000,0.00000,settle,-1,-1
2602,2.602,1,4004,54004,ladder_a11_lin_r02,settle,1428,0,0.000000,0,0,0,0.00000000,0.00000,settle,-1,-1
2607,2.607,1,4004,54004,ladder_a11_lin_r02,settle,1428,0,0.000000,0,0,0,0.00000000,0.00000,settle,-1,-1
2612,2.612,1,4004,54004,ladder_a11_lin_r02,settle,1428,0,0.000000,0,0,0,0.00000000,0.00000,settle,-1,-1
2617,2.617,1,4004,54004,ladder_a11_lin_r02,settle,1428,0,0.000000,0,0,0,0.00000000,0.00000,settle,-1,-1
2622,2.622,1,4004,54004,ladder_a11_lin_r02,settle,1428,0,0.000000,0,0,0,0.00000000,0.00000,settle,-1,-1
2627,2.627,1,4004,54004,ladder_a11_lin_r02,settle,1428,0,0.000000,0,0,0,0.00000000,0.00000,settle,-1,-1
2632,2.632,1,4004,54004,ladder_a11_lin_r02,settle,1428,0,0.000000,0,0,0,0.00000000,0.00000,settle,-1,-1
2637,2.637,1,4004,54004,ladder_a11_lin_r02,settle,1428,0,0.000000,0,0,0,0.00000000,0.00000,settle,-1,-1
2642,2.642,1,4004,54004,ladder_a11_lin_r02,settle,1428,0,0.000000,0,0,0,0.00000000,0.00000,settle,-1,-1
2647,2.647,1,4004,54004,ladder_a11_lin_r02,settle,1428,0,0.000000,0,0,0,0.00000000,0.00000,settle,-1,-1
2688,2.688,1,4004,54004,ladder_a11_lin_r02,settle,1428,0,0.000000,0,0,0,0.00000000,0.00000,settle,-1,-1
2693,2.693,1,4004,54004,ladder_a11_lin_r02,settle,1428,0,0.000000,0,0,0,0.00000000,0.00000,settle,-1,-1
2698,2.698,1,4004,54004,ladder_a11_lin_r02,settle,1428,0,0.000000,0,0,0,0.00000000,0.00000,settle,-1,-1
2703,2.703,1,4004,54004,ladder_a11_lin_r02,settle,1428,0,0.000000,0,0,0,0.00000000,0.00000,settle,-1,-1
2708,2.708,1,4004,54004,ladder_a11_lin_r02,settle,1428,0,0.000000,0,0,0,0.00000000,0.00000,settle,-1,-1
2713,2.713,1,4004,54004,ladder_a11_lin_r02,settle,1428,0,0.000000,0,0,0,0.00000000,0.00000,settle,-1,-1
2718,2.718,1,4004,54004,ladder_a11_lin_r02,settle,1428,0,0.000000,0,0,0,0.00000000,0.00000,settle,-1,-1
2723,2.723,1,4004,54004,ladder_a11_lin_r02,settle,1428,0,0.000000,0,0,0,0.00000000,0.00000,settle,-1,-1
2728,2.728,1,4004,54004,ladder_a11_lin_r02,settle,1428,0,0.000000,0,0,0,0.00000000,0.00000,settle,-1,-1
2734,2.734,1,4004,54004,ladder_a11_lin_r02,settle,1428,0,0.000000,0,0,0,0.00000000,0.00000,settle,-1,-1
2739,2.739,1,4004,54004,ladder_a11_lin_r02,settle,1428,0,0.000000,0,0,0,0.00000000,0.00000,settle,-1,-1
2744,2.744,1,4004,54004,ladder_a11_lin_r02,settle,1428,0,0.000000,0,0,0,0.00000000,0.00000,settle,-1,-1
2749,2.749,1,4004,54004,ladder_a11_lin_r02,settle,1428,0,0.000000,0,0,0,0.00000000,0.00000,settle,-1,-1
2754,2.754,1,4004,54004,ladder_a11_lin_r02,settle,1428,0,0.000000,0,0,0,0.00000000,0.00000,settle,-1,-1
2759,2.759,1,4004,54004,ladder_a11_lin_r02,settle,1428,0,0.000000,0,0,0,0.00000000,0.00000,settle,-1,-1
2764,2.764,1,4004,54004,ladder_a11_lin_r02,settle,1428,0,0.000000,0,0,0,0.00000000,0.00000,settle,-1,-1
2769,2.769,1,4004,54004,ladder_a11_lin_r02,settle,1428,0,0.000000,0,0,0,0.00000000,0.00000,settle,-1,-1
2774,2.774,1,4004,54004,ladder_a11_lin_r02,settle,1428,0,0.000000,0,0,0,0.00000000,0.00000,settle,-1,-1
2779,2.779,1,4004,54004,ladder_a11_lin_r02,settle,1428,0,0.000000,0,0,0,0.00000000,0.00000,settle,-1,-1
2785,2.785,1,4004,54004,ladder_a11_lin_r02,settle,1428,0,0.000000,0,0,0,0.00000000,0.00000,settle,-1,-1
2790,2.790,1,4004,54004,ladder_a11_lin_r02,settle,1428,0,0.000000,0,0,0,0.00000000,0.00000,settle,-1,-1
2795,2.795,1,4004,54004,ladder_a11_lin_r02,settle,1428,0,0.000000,0,0,0,0.00000000,0.00000,settle,-1,-1
2800,2.800,1,4004,54004,ladder_a11_lin_r02,settle,1428,0,0.000000,0,0,0,0.00000000,0.00000,settle,-1,-1
2805,2.805,1,4004,54004,ladder_a11_lin_r02,settle,1428,0,0.000000,0,0,0,0.00000000,0.00000,settle,-1,-1
2810,2.810,1,4004,54004,ladder_a11_lin_r02,settle,1428,0,0.000000,0,0,0,0.00000000,0.00000,settle,-1,-1
2815,2.815,1,4004,54004,ladder_a11_lin_r02,settle,1428,0,0.000000,0,0,0,0.00000000,0.00000,settle,-1,-1
2820,2.820,1,4004,54004,ladder_a11_lin_r02,settle,1428,0,0.000000,0,0,0,0.00000000,0.00000,settle,-1,-1
2825,2.825,1,4004,54004,ladder_a11_lin_r02,settle,1428,0,0.000000,0,0,0,0.00000000,0.00000,settle,-1,-1
2830,2.830,1,4004,54004,ladder_a11_lin_r02,settle,1428,0,0.000000,0,0,0,0.00000000,0.00000,settle,-1,-1
2836,2.836,1,4004,54004,ladder_a11_lin_r02,settle,1428,0,0.000000,0,0,0,0.00000000,0.00000,settle,-1,-1
2841,2.841,1,4004,54004,ladder_a11_lin_r02,settle,1428,0,0.000000,0,0,0,0.00000000,0.00000,settle,-1,-1
2846,2.846,1,4004,54004,ladder_a11_lin_r02,settle,1428,0,0.000000,0,0,0,0.00000000,0.00000,settle,-1,-1
2851,2.851,1,4004,54004,ladder_a11_lin_r02,settle,1428,0,0.000000,0,0,0,0.00000000,0.00000,settle,-1,-1
2856,2.856,1,4004,54004,ladder_a11_lin_r02,settle,1428,0,0.000000,0,0,0,0.00000000,0.00000,settle,-1,-1
2861,2.861,1,4004,54004,ladder_a11_lin_r02,settle,1428,0,0.000000,0,0,0,0.00000000,0.00000,settle,-1,-1
2866,2.866,1,4004,54004,ladder_a11_lin_r02,settle,1428,0,0.000000,0,0,0,0.00000000,0.00000,settle,-1,-1
2871,2.871,1,4004,54004,ladder_a11_lin_r02,settle,1428,0,0.000000,0,0,0,0.00000000,0.00000,settle,-1,-1
2876,2.876,1,4004,54004,ladder_a11_lin_r02,settle,1428,0,0.000000,0,0,0,0.00000000,0.00000,settle,-1,-1
2881,2.881,1,4004,54004,ladder_a11_lin_r02,settle,1428,0,0.000000,0,0,0,0.00000000,0.00000,settle,-1,-1
2921,2.921,1,4004,54004,ladder_a11_lin_r02,settle,1428,0,0.000000,0,0,0,0.00000000,0.00000,settle,-1,-1
2927,2.927,1,4004,54004,ladder_a11_lin_r02,settle,1428,0,0.000000,0,0,0,0.00000000,0.00000,settle,-1,-1
2932,2.932,1,4004,54004,ladder_a11_lin_r02,settle,1428,0,0.000000,0,0,0,0.00000000,0.00000,settle,-1,-1
2937,2.937,1,4004,54004,ladder_a11_lin_r02,settle,1428,0,0.000000,0,0,0,0.00000000,0.00000,settle,-1,-1
2942,2.942,1,4004,54004,ladder_a11_lin_r02,settle,1428,0,0.000000,0,0,0,0.00000000,0.00000,settle,-1,-1
2947,2.947,1,4004,54004,ladder_a11_lin_r02,settle,1428,0,0.000000,0,0,0,0.00000000,0.00000,settle,-1,-1
2952,2.952,1,4004,54004,ladder_a11_lin_r02,settle,1428,0,0.000000,0,0,0,0.00000000,0.00000,settle,-1,-1
2957,2.957,1,4004,54004,ladder_a11_lin_r02,settle,1428,0,0.000000,0,0,0,0.00000000,0.00000,settle,-1,-1
2962,2.962,1,4004,54004,ladder_a11_lin_r02,settle,1428,0,0.000000,0,0,0,0.00000000,0.00000,settle,-1,-1
2967,2.967,1,4004,54004,ladder_a11_lin_r02,settle,1428,0,0.000000,0,0,0,0.00000000,0.00000,settle,-1,-1
2973,2.973,1,4004,54004,ladder_a11_lin_r02,settle,1428,0,0.000000,0,0,0,0.00000000,0.00000,settle,-1,-1
2978,2.978,1,4004,54004,ladder_a11_lin_r02,settle,1428,0,0.000000,0,0,0,0.00000000,0.00000,settle,-1,-1
2983,2.983,1,4004,54004,ladder_a11_lin_r02,settle,1428,0,0.000000,0,0,0,0.00000000,0.00000,settle,-1,-1
2988,2.988,1,4004,54004,ladder_a11_lin_r02,settle,1428,0,0.000000,0,0,0,0.00000000,0.00000,settle,-1,-1
2993,2.993,1,4004,54004,ladder_a11_lin_r02,settle,1428,0,0.000000,0,0,0,0.00000000,0.00000,settle,-1,-1
2998,2.998,1,4004,54004,ladder_a11_lin_r02,settle,1428,0,0.000000,0,0,0,0.00000000,0.00000,settle,-1,-1
3003,3.003,1,4004,54004,ladder_a11_lin_r02,settle,1428,0,0.000000,0,0,0,0.00000000,0.00000,settle,-1,-1
3008,3.008,1,4004,54004,ladder_a11_lin_r02,settle,1428,0,0.000000,0,0,0,0.00000000,0.00000,settle,-1,-1
3013,3.013,1,4004,54004,ladder_a11_lin_r02,settle,1428,0,0.000000,0,0,0,0.00000000,0.00000,settle,-1,-1
3039,3.039,1,4004,54004,ladder_a11_lin_r02,prps,1487,59,0.500233,0,0,0,0.00000000,0.00000,prps,0,0
3043,3.043,1,4004,54004,ladder_a11_lin_r02,prps,1472,44,0.378680,0,0,0,0.00000000,0.00000,prps,0,1
3048,3.048,1,4004,54004,ladder_a11_lin_r02,prps,1455,27,0.228888,-1,0,-1,-0.00261799,-0.15000,prps,0,2
3053,3.053,1,4004,54004,ladder_a11_lin_r02,prps,1435,7,0.062319,-4,0,-4,-0.01047198,-0.60000,prps,0,3
3058,3.058,1,4004,54004,ladder_a11_lin_r02,prps,1415,-13,-0.108191,-8,0,-8,-0.02094395,-1.20000,prps,0,4
3063,3.063,1,4004,54004,ladder_a11_lin_r02,prps,1396,-32,-0.269559,-9,0,-9,-0.02356194,-1.35000,prps,0,5
3068,3.068,1,4004,54004,ladder_a11_lin_r02,prps,1380,-48,-0.409611,-8,0,-8,-0.02094395,-1.20000,prps,0,6
3073,3.073,1,4004,54004,ladder_a11_lin_r02,prps,1367,-61,-0.518134,-5,0,-5,-0.01308997,-0.75000,prps,0,7
3078,3.078,1,4004,54004,ladder_a11_lin_r02,prps,1359,-69,-0.587753,0,0,0,0.00000000,0.00000,prps,0,8
3083,3.083,1,4004,54004,ladder_a11_lin_r02,prps,1356,-72,-0.614549,7,0,7,0.01832596,1.05000,prps,0,9
3088,3.088,1,4004,54004,ladder_a11_lin_r02,prps,1358,-70,-0.598368,15,0,15,0.03926991,2.25000,prps,0,10
3093,3.093,1,4004,54004,ladder_a11_lin_r02,prps,1364,-64,-0.542787,22,0,22,0.05759586,3.30000,prps,0,11
3098,3.098,1,4004,54004,ladder_a11_lin_r02,prps,1375,-53,-0.454758,27,0,27,0.07068583,4.05000,prps,0,12
3103,3.103,1,4004,54004,ladder_a11_lin_r02,prps,1388,-40,-0.343932,32,0,32,0.08377580,4.80000,prps,0,13
3108,3.108,1,4004,54004,ladder_a11_lin_r02,prps,1402,-26,-0.221756,34,0,34,0.08901179,5.10000,prps,0,14
3113,3.113,1,4004,54004,ladder_a11_lin_r02,prps,1416,-12,-0.100400,34,0,34,0.08901179,5.10000,prps,0,15
3118,3.118,1,4004,54004,ladder_a11_lin_r02,prps,1429,1,0.008374,33,0,33,0.08639380,4.95000,prps,0,16
3123,3.123,1,4004,54004,ladder_a11_lin_r02,prps,1439,11,0.094298,30,0,30,0.07853982,4.50000,prps,0,17
3128,3.128,1,4004,54004,ladder_a11_lin_r02,prps,1445,17,0.149543,25,0,25,0.06544985,3.75000,prps,0,18
3133,3.133,1,4004,54004,ladder_a11_lin_r02,prps,1448,20,0.169419,20,0,20,0.05235988,3.00000,prps,0,19
3138,3.138,1,4004,54004,ladder_a11_lin_r02,prps,1446,18,0.152774,14,0,14,0.03665191,2.10000,prps,0,20
3143,3.143,1,4004,54004,ladder_a11_lin_r02,prps,1440,12,0.102041,9,0,9,0.02356194,1.35000,prps,0,21
3148,3.148,1,4004,54004,ladder_a11_lin_r02,prps,1431,3,0.022938,5,0,5,0.01308997,0.75000,prps,0,22
3153,3.153,1,4004,54004,ladder_a11_lin_r02,prps,1419,-9,-0.076162,1,0,1,0.00261799,0.15000,prps,0,23
3158,3.158,1,4004,54004,ladder_a11_lin_r02,prps,1406,-22,-0.185123,0,0,0,0.00000000,0.00000,prps,0,24
3163,3.163,1,4004,54004,ladder_a11_lin_r02,prps,1394,-34,-0.293111,1,0,1,0.00261799,0.15000,prps,0,25
3168,3.168,1,4004,54004,ladder_a11_lin_r02,prps,1382,-46,-0.389713,1,0,1,0.00261799,0.15000,prps,0,26
3173,3.173,1,4004,54004,ladder_a11_lin_r02,prps,1373,-55,-0.466014,4,0,4,0.01047198,0.60000,prps,0,27
3178,3.178,1,4004,54004,ladder_a11_lin_r02,prps,1368,-60,-0.515496,9,0,9,0.02356194,1.35000,prps,0,28
3183,3.183,1,4004,54004,ladder_a11_lin_r02,prps,1365,-63,-0.534675,14,0,14,0.03665191,2.10000,prps,0,29
3188,3.188,1,4004,54004,ladder_a11_lin_r02,prps,1367,-61,-0.523398,19,0,19,0.04974188,2.85000,prps,0,30
3193,3.193,1,4004,54004,ladder_a11_lin_r02,prps,1371,-57,-0.484784,24,0,24,0.06283185,3.60000,prps,0,31
3198,3.198,1,4004,54004,ladder_a11_lin_r02,prps,1378,-50,-0.424784,29,0,29,0.07592182,4.35000,prps,0,32
3203,3.203,1,4004,54004,ladder_a11_lin_r02,prps,1387,-41,-0.351449,32,0,32,0.08377580,4.80000,prps,0,33
3208,3.208,1,4004,54004,ladder_a11_lin_r02,prps,1396,-32,-0.273948,33,0,33,0.08639380,4.95000,prps,0,34
3213,3.213,1,4004,54004,ladder_a11_lin_r02,prps,1404,-24,-0.201478,33,0,33,0.08639380,4.95000,prps,0,35
3218,3.218,1,4004,54004,ladder_a11_lin_r02,prps,1411,-17,-0.142177,33,0,33,0.08639380,4.95000,prps,0,36
3223,3.223,1,4004,54004,ladder_a11_lin_r02,prps,1416,-12,-0.102164,31,0,31,0.08115781,4.65000,prps,0,37
3228,3.228,1,4004,54004,ladder_a11_lin_r02,prps,1418,-10,-0.084829,28,0,28,0.07330382,4.20000,prps,0,38
3233,3.233,1,4004,54004,ladder_a11_lin_r02,prps,1417,-11,-0.090444,24,0,24,0.06283185,3.60000,prps,0,39
3238,3.238,1,4004,54004,ladder_a11_lin_r02,prps,1414,-14,-0.116162,21,0,21,0.05497787,3.15000,prps,0,40
3243,3.243,1,4004,54004,ladder_a11_lin_r02,prps,1410,-18,-0.156375,18,0,18,0.04712389,2.70000,prps,0,41
3248,3.248,1,4004,54004,ladder_a11_lin_r02,prps,1404,-24,-0.203426,16,0,16,0.04188790,2.40000,prps,0,42
3253,3.253,1,4004,54004,ladder_a11_lin_r02,prps,1399,-29,-0.248562,14,0,14,0.03665191,2.10000,prps,0,43
3258,3.258,1,4004,54004,ladder_a11_lin_r02,prps,1395,-33,-0.283027,14,0,14,0.03665191,2.10000,prps,0,44
3263,3.263,1,4004,54004,ladder_a11_lin_r02,prps,1393,-35,-0.299161,14,0,14,0.03665191,2.10000,prps,0,45
3268,3.268,1,4004,54004,ladder_a11_lin_r02,prps,1394,-34,-0.291372,15,0,15,0.03926991,2.25000,prps,0,46
3273,3.273,1,4004,54004,ladder_a11_lin_r02,prps,1398,-30,-0.256853,16,0,16,0.04188790,2.40000,prps,0,47
3278,3.278,1,4004,54004,ladder_a11_lin_r02,prps,1405,-23,-0.195963,18,0,18,0.04712389,2.70000,prps,0,48
3283,3.283,1,4004,54004,ladder_a11_lin_r02,prps,1415,-13,-0.112217,19,0,19,0.04974188,2.85000,prps,0,49
3288,3.288,1,4004,54004,ladder_a11_lin_r02,prps,1427,-1,-0.011888,20,0,20,0.05235988,3.00000,prps,0,50
3293,3.293,1,4004,54004,ladder_a11_lin_r02,prps,1439,11,0.096740,20,0,20,0.05235988,3.00000,prps,0,51
3298,3.298,1,4004,54004,ladder_a11_lin_r02,prps,1452,24,0.204367,19,0,19,0.04974188,2.85000,prps,0,52
3303,3.303,1,4004,54004,ladder_a11_lin_r02,prps,1463,35,0.301808,16,0,16,0.04188790,2.40000,prps,0,53
3308,3.308,1,4004,54004,ladder_a11_lin_r02,prps,1473,45,0.381105,11,0,11,0.02879793,1.65000,prps,0,54
3313,3.313,1,4004,54004,ladder_a11_lin_r02,prps,1479,51,0.436494,5,0,5,0.01308997,0.75000,prps,0,55
3318,3.318,1,4004,54004,ladder_a11_lin_r02,prps,1482,54,0.465088,0,0,0,0.00000000,0.00000,prps,0,56
3323,3.323,1,4004,54004,ladder_a11_lin_r02,prps,1483,55,0.467199,-6,0,-6,-0.01570796,-0.90000,prps,0,57
3328,3.328,1,4004,54004,ladder_a11_lin_r02,prps,1480,52,0.446247,-12,0,-12,-0.03141592,-1.80000,prps,0,58
3333,3.333,1,4004,54004,ladder_a11_lin_r02,prps,1476,48,0.408268,-17,0,-17,-0.04450589,-2.55000,prps,0,59
3338,3.338,1,4004,54004,ladder_a11_lin_r02,prps,1470,42,0.361076,-20,0,-20,-0.05235988,-3.00000,prps,0,60
3343,3.343,1,4004,54004,ladder_a11_lin_r02,prps,1465,37,0.313192,-23,0,-23,-0.06021386,-3.45000,prps,0,61
3348,3.348,1,4004,54004,ladder_a11_lin_r02,prps,1460,32,0.272670,-24,0,-24,-0.06283185,-3.60000,prps,0,62
3353,3.353,1,4004,54004,ladder_a11_lin_r02,prps,1457,29,0.245979,-23,0,-23,-0.06021386,-3.45000,prps,0,63
3358,3.358,1,4004,54004,ladder_a11_lin_r02,prps,1456,28,0.237086,-23,0,-23,-0.06021386,-3.45000,prps,0,64
3363,3.363,1,4004,54004,ladder_a11_lin_r02,prps,1457,29,0.246867,-23,0,-23,-0.06021386,-3.45000,prps,0,65
3368,3.368,1,4004,54004,ladder_a11_lin_r02,prps,1460,32,0.272930,-21,0,-21,-0.05497787,-3.15000,prps,0,66
3373,3.373,1,4004,54004,ladder_a11_lin_r02,prps,1464,36,0.309885,-20,0,-20,-0.05235988,-3.00000,prps,0,67
3378,3.378,1,4004,54004,ladder_a11_lin_r02,prps,1469,41,0.350028,-19,0,-19,-0.04974188,-2.85000,prps,0,68
3383,3.383,1,4004,54004,ladder_a11_lin_r02,prps,1473,45,0.384376,-19,0,-19,-0.04974188,-2.85000,prps,0,69
3388,3.388,1,4004,54004,ladder_a11_lin_r02,prps,1475,47,0.403900,-19,0,-19,-0.04974188,-2.85000,prps,0,70
3393,3.393,1,4004,54004,ladder_a11_lin_r02,prps,1475,47,0.400826,-19,0,-19,-0.04974188,-2.85000,prps,0,71
3398,3.398,1,4004,54004,ladder_a11_lin_r02,prps,1471,43,0.369808,-20,0,-20,-0.05235988,-3.00000,prps,0,72
3403,3.403,1,4004,54004,ladder_a11_lin_r02,prps,1464,36,0.308836,-21,0,-21,-0.05497787,-3.15000,prps,0,73
3408,3.408,1,4004,54004,ladder_a11_lin_r02,prps,1454,26,0.219730,-22,0,-22,-0.05759586,-3.30000,prps,0,74
3413,3.413,1,4004,54004,ladder_a11_lin_r02,prps,1441,13,0.108161,-22,0,-22,-0.05759586,-3.30000,prps,0,75
3418,3.418,1,4004,54004,ladder_a11_lin_r02,prps,1426,-2,-0.016840,-22,0,-22,-0.05759586,-3.30000,prps,0,76
3423,3.423,1,4004,54004,ladder_a11_lin_r02,prps,1411,-17,-0.143823,-21,0,-21,-0.05497787,-3.15000,prps,0,77
3428,3.428,1,4004,54004,ladder_a11_lin_r02,prps,1398,-30,-0.260220,-17,0,-17,-0.04450589,-2.55000,prps,0,78
3433,3.433,1,4004,54004,ladder_a11_lin_r02,prps,1387,-41,-0.353839,-12,0,-12,-0.03141592,-1.80000,prps,0,79
3438,3.438,1,4004,54004,ladder_a11_lin_r02,prps,1380,-48,-0.414376,-7,0,-7,-0.01832596,-1.05000,prps,0,80
3443,3.443,1,4004,54004,ladder_a11_lin_r02,prps,1377,-51,-0.434755,0,0,0,0.00000000,0.00000,prps,0,81
3448,3.448,1,4004,54004,ladder_a11_lin_r02,prps,1380,-48,-0.412110,6,0,6,0.01570796,0.90000,prps,0,82
3453,3.453,1,4004,54004,ladder_a11_lin_r02,prps,1387,-41,-0.348292,12,0,12,0.03141592,1.80000,prps,0,83
3458,3.458,1,4004,54004,ladder_a11_lin_r02,prps,1399,-29,-0.249805,17,0,17,0.04450589,2.55000,prps,0,84
3463,3.463,1,4004,54004,ladder_a11_lin_r02,prps,1413,-15,-0.127177,21,0,21,0.05497787,3.15000,prps,0,85
3468,3.468,1,4004,54004,ladder_a11_lin_r02,prps,1429,1,0.006184,23,0,23,0.06021386,3.45000,prps,0,86
3473,3.473,1,4004,54004,ladder_a11_lin_r02,prps,1444,16,0.135507,23,0,23,0.06021386,3.45000,prps,0,87
3478,3.478,1,4004,54004,ladder_a11_lin_r02,prps,1457,29,0.246382,21,0,21,0.05497787,3.15000,prps,0,88
3483,3.483,1,4004,54004,ladder_a11_lin_r02,prps,1466,38,0.326480,17,0,17,0.04450589,2.55000,prps,0,89
3488,3.488,1,4004,54004,ladder_a11_lin_r02,prps,1471,43,0.367045,12,0,12,0.03141592,1.80000,prps,0,90
3493,3.493,1,4004,54004,ladder_a11_lin_r02,prps,1471,43,0.363992,6,0,6,0.01570796,0.90000,prps,0,91
3498,3.498,1,4004,54004,ladder_a11_lin_r02,prps,1465,37,0.318444,0,0,0,0.00000000,0.00000,prps,0,92
3503,3.503,1,4004,54004,ladder_a11_lin_r02,prps,1456,28,0.236644,-6,0,-6,-0.01570796,-0.90000,prps,0,93
3508,3.508,1,4004,54004,ladder_a11_lin_r02,prps,1443,15,0.129241,-10,0,-10,-0.02617994,-1.50000,prps,0,94
3513,3.513,1,4004,54004,ladder_a11_lin_r02,prps,1429,1,0.010021,-13,0,-13,-0.03403392,-1.95000,prps,0,95
3518,3.518,1,4004,54004,ladder_a11_lin_r02,prps,1416,-12,-0.105764,-13,0,-13,-0.03403392,-1.95000,prps,0,96
3523,3.523,1,4004,54004,ladder_a11_lin_r02,prps,1404,-24,-0.203270,-12,0,-12,-0.03141592,-1.80000,prps,0,97
3528,3.528,1,4004,54004,ladder_a11_lin_r02,prps,1396,-32,-0.269916,-9,0,-9,-0.02356194,-1.35000,prps,0,98
3533,3.533,1,4004,54004,ladder_a11_lin_r02,prps,1393,-35,-0.296978,-7,0,-7,-0.01832596,-1.05000,prps,0,99
3538,3.538,1,4004,54004,ladder_a11_lin_r02,prps,1395,-33,-0.280735,-2,0,-2,-0.00523599,-0.30000,prps,0,100
3543,3.543,1,4004,54004,ladder_a11_lin_r02,prps,1402,-26,-0.223003,4,0,4,0.01047198,0.60000,prps,0,101
3548,3.548,1,4004,54004,ladder_a11_lin_r02,prps,1413,-15,-0.131000,9,0,9,0.02356194,1.35000,prps,0,102
3553,3.553,1,4004,54004,ladder_a11_lin_r02,prps,1426,-2,-0.016526,12,0,12,0.03141592,1.80000,prps,0,103
3558,3.558,1,4004,54004,ladder_a11_lin_r02,prps,1440,12,0.105426,13,0,13,0.03403392,1.95000,prps,0,104
3563,3.563,1,4004,54004,ladder_a11_lin_r02,prps,1454,26,0.218490,13,0,13,0.03403392,1.95000,prps,0,105
3568,3.568,1,4004,54004,ladder_a11_lin_r02,prps,1464,36,0.306938,12,0,12,0.03141592,1.80000,prps,0,106
3573,3.573,1,4004,54004,ladder_a11_lin_r02,prps,1470,42,0.357648,8,0,8,0.02094395,1.20000,prps,0,107
3578,3.578,1,4004,54004,ladder_a11_lin_r02,prps,1470,42,0.361787,4,0,4,0.01047198,0.60000,prps,0,108
3583,3.583,1,4004,54004,ladder_a11_lin_r02,prps,1465,37,0.315987,-1,0,-1,-0.00261799,-0.15000,prps,0,109
3588,3.588,1,4004,54004,ladder_a11_lin_r02,prps,1454,26,0.222878,-6,0,-6,-0.01570796,-0.90000,prps,0,110
3593,3.593,1,4004,54004,ladder_a11_lin_r02,prps,1439,11,0.090885,-10,0,-10,-0.02617994,-1.50000,prps,0,111
3598,3.598,1,4004,54004,ladder_a11_lin_r02,prps,1420,-8,-0.066671,-13,0,-13,-0.03403392,-1.95000,prps,0,112
3603,3.603,1,4004,54004,ladder_a11_lin_r02,prps,1401,-27,-0.233096,-13,0,-13,-0.03403392,-1.95000,prps,0,113
3608,3.608,1,4004,54004,ladder_a11_lin_r02,prps,1382,-46,-0.390268,-12,0,-12,-0.03141592,-1.80000,prps,0,114
3613,3.613,1,4004,54004,ladder_a11_lin_r02,prps,1367,-61,-0.520781,-9,0,-9,-0.02356194,-1.35000,prps,0,115
3618,3.618,1,4004,54004,ladder_a11_lin_r02,prps,1357,-71,-0.610032,-3,0,-3,-0.00785398,-0.45000,prps,0,116
3623,3.623,1,4004,54004,ladder_a11_lin_r02,prps,1352,-76,-0.647988,4,0,4,0.01047198,0.60000,prps,0,117
3628,3.628,1,4004,54004,ladder_a11_lin_r02,prps,1354,-74,-0.630426,12,0,12,0.03141592,1.80000,prps,0,118
3633,3.633,1,4004,54004,ladder_a11_lin_r02,prps,1363,-65,-0.559481,20,0,20,0.05235988,3.00000,prps,0,119
3638,3.638,1,4004,54004,ladder_a11_lin_r02,prps,1376,-52,-0.443444,27,0,27,0.07068583,4.05000,prps,0,120
3643,3.643,1,4004,54004,ladder_a11_lin_r02,prps,1393,-35,-0.295810,31,0,31,0.08115781,4.65000,prps,0,121
3648,3.648,1,4004,54004,ladder_a11_lin_r02,prps,1412,-16,-0.133712,34,0,34,0.08901179,5.10000,prps,0,122
3653,3.653,1,4004,54004,ladder_a11_lin_r02,prps,1431,3,0.024098,35,0,35,0.09162979,5.25000,prps,0,123
3658,3.658,1,4004,54004,ladder_a11_lin_r02,prps,1447,19,0.159458,34,0,34,0.08901179,5.10000,prps,0,124
3663,3.663,1,4004,54004,ladder_a11_lin_r02,prps,1458,30,0.256941,29,0,29,0.07592182,4.35000,prps,0,125
3668,3.668,1,4004,54004,ladder_a11_lin_r02,prps,1464,36,0.305675,23,0,23,0.06021386,3.45000,prps,0,126
3673,3.673,1,4004,54004,ladder_a11_lin_r02,prps,1463,35,0.300614,16,0,16,0.04188790,2.40000,prps,0,127
3678,3.678,1,4004,54004,ladder_a11_lin_r02,prps,1456,28,0.243106,9,0,9,0.02356194,1.35000,prps,0,128
3683,3.683,1,4004,54004,ladder_a11_lin_r02,prps,1444,16,0.140699,3,0,3,0.00785398,0.45000,prps,0,129
3688,3.688,1,4004,54004,ladder_a11_lin_r02,prps,1429,1,0.006194,-2,0,-2,-0.00523599,-0.30000,prps,0,130
3693,3.693,1,4004,54004,ladder_a11_lin_r02,prps,1411,-17,-0.143924,-5,0,-5,-0.01308997,-0.75000,prps,0,131
3698,3.698,1,4004,54004,ladder_a11_lin_r02,prps,1394,-34,-0.291503,-6,0,-6,-0.01570796,-0.90000,prps,0,132
3703,3.703,1,4004,54004,ladder_a11_lin_r02,prps,1379,-49,-0.418920,-5,0,-5,-0.01308997,-0.75000,prps,0,133
3708,3.708,1,4004,54004,ladder_a11_lin_r02,prps,1368,-60,-0.511216,-2,0,-2,-0.00523599,-0.30000,prps,0,134
3713,3.713,1,4004,54004,ladder_a11_lin_r02,prps,1363,-65,-0.557891,3,0,3,0.00785398,0.45000,prps,0,135
3718,3.718,1,4004,54004,ladder_a11_lin_r02,prps,1363,-65,-0.554150,10,0,10,0.02617994,1.50000,prps,0,136
3723,3.723,1,4004,54004,ladder_a11_lin_r02,prps,1369,-59,-0.501454,17,0,17,0.04450589,2.55000,prps,0,137
3728,3.728,1,4004,54004,ladder_a11_lin_r02,prps,1380,-48,-0.407302,23,0,23,0.06021386,3.45000,prps,0,138
3733,3.733,1,4004,54004,ladder_a11_lin_r02,prps,1395,-33,-0.284281,27,0,27,0.07068583,4.05000,prps,0,139
3738,3.738,1,4004,54004,ladder_a11_lin_r02,prps,1411,-17,-0.148503,30,0,30,0.07853982,4.50000,prps,0,140
3743,3.743,1,4004,54004,ladder_a11_lin_r02,prps,1426,-2,-0.017611,31,0,31,0.08115781,4.65000,prps,0,141
3748,3.748,1,4004,54004,ladder_a11_lin_r02,prps,1439,11,0.091392,30,0,30,0.07853982,4.50000,prps,0,142
3753,3.753,1,4004,54004,ladder_a11_lin_r02,prps,1447,19,0.164230,27,0,27,0.07068583,4.05000,prps,0,143
3758,3.758,1,4004,54004,ladder_a11_lin_r02,prps,1450,22,0.191113,22,0,22,0.05759586,3.30000,prps,0,144
3763,3.763,1,4004,54004,ladder_a11_lin_r02,prps,1448,20,0.167943,16,0,16,0.04188790,2.40000,prps,0,145
3768,3.768,1,4004,54004,ladder_a11_lin_r02,prps,1439,11,0.096838,10,0,10,0.02617994,1.50000,prps,0,146
3773,3.773,1,4004,54004,ladder_a11_lin_r02,prps,1426,-2,-0.014088,5,0,5,0.01308997,0.75000,prps,0,147
3778,3.778,1,4004,54004,ladder_a11_lin_r02,prps,1410,-18,-0.151673,2,0,2,0.00523599,0.30000,prps,0,148
3783,3.783,1,4004,54004,ladder_a11_lin_r02,prps,1393,-35,-0.299233,0,0,0,0.00000000,0.00000,prps,0,149
3788,3.788,1,4004,54004,ladder_a11_lin_r02,prps,1377,-51,-0.438522,1,0,1,0.00261799,0.15000,prps,0,150
3793,3.793,1,4004,54004,ladder_a11_lin_r02,prps,1363,-65,-0.551843,2,0,2,0.00523599,0.30000,prps,0,151
3798,3.798,1,4004,54004,ladder_a11_lin_r02,prps,1355,-73,-0.624103,7,0,7,0.01832596,1.05000,prps,0,152
3803,3.803,1,4004,54004,ladder_a11_lin_r02,prps,1353,-75,-0.644530,13,0,13,0.03403392,1.95000,prps,0,153
3808,3.808,1,4004,54004,ladder_a11_lin_r02,prps,1357,-71,-0.607886,20,0,20,0.05235988,3.00000,prps,0,154
3813,3.813,1,4004,54004,ladder_a11_lin_r02,prps,1368,-60,-0.515022,26,0,26,0.06806784,3.90000,prps,0,155
3818,3.818,1,4004,54004,ladder_a11_lin_r02,prps,1384,-44,-0.372716,31,0,31,0.08115781,4.65000,prps,0,156
3823,3.823,1,4004,54004,ladder_a11_lin_r02,prps,1405,-23,-0.192853,35,0,35,0.09162979,5.25000,prps,0,157
3828,3.828,1,4004,54004,ladder_a11_lin_r02,prps,1429,1,0.008981,35,0,35,0.09162979,5.25000,prps,0,158
3833,3.833,1,4004,54004,ladder_a11_lin_r02,prps,1453,25,0.215287,35,0,35,0.09162979,5.25000,prps,0,159
3838,3.838,1,4004,54004,ladder_a11_lin_r02,prps,1476,48,0.408615,31,0,31,0.08115781,4.65000,prps,0,160
3843,3.843,1,4004,54004,ladder_a11_lin_r02,prps,1495,67,0.573474,25,0,25,0.06544985,3.75000,prps,0,161
3848,3.848,1,4004,54004,ladder_a11_lin_r02,prps,1510,82,0.697950,16,0,16,0.04188790,2.40000,prps,0,162
3853,3.853,1,4004,54004,ladder_a11_lin_r02,prps,1519,91,0.774875,7,0,7,0.01832596,1.05000,prps,0,163
3858,3.858,1,4004,54004,ladder_a11_lin_r02,prps,1522,94,0.802409,-3,0,-3,-0.00785398,-0.45000,prps,0,164
3863,3.863,1,4004,54004,ladder_a11_lin_r02,prps,1520,92,0.783988,-12,0,-12,-0.03141592,-1.80000,prps,0,165
3868,3.868,1,4004,54004,ladder_a11_lin_r02,prps,1513,85,0.727678,-21,0,-21,-0.05497787,-3.15000,prps,0,166
3873,3.873,1,4004,54004,ladder_a11_lin_r02,prps,1503,75,0.645017,-29,0,-29,-0.07592182,-4.35000,prps,0,167
3878,3.878,1,4004,54004,ladder_a11_lin_r02,prps,1492,64,0.549517,-34,0,-34,-0.08901179,-5.10000,prps,0,168
3883,3.883,1,4004,54004,ladder_a11_lin_r02,prps,1481,53,0.455006,-38,0,-38,-0.09948376,-5.70000,prps,0,169
3888,3.888,1,4004,54004,ladder_a11_lin_r02,prps,1472,44,0.374016,-40,0,-40,-0.10471976,-6.00000,prps,0,170
3893,3.893,1,4004,54004,ladder_a11_lin_r02,prps,1465,37,0.316409,-40,0,-40,-0.10471976,-6.00000,prps,0,171
3898,3.898,1,4004,54004,ladder_a11_lin_r02,prps,1462,34,0.288383,-39,0,-39,-0.10210176,-5.85000,prps,0,172
3903,3.903,1,4004,54004,ladder_a11_lin_r02,prps,1462,34,0.291976,-36,0,-36,-0.09424778,-5.40000,prps,0,173
3908,3.908,1,4004,54004,ladder_a11_lin_r02,prps,1466,38,0.325073,-33,0,-33,-0.08639380,-4.95000,prps,0,174
3913,3.913,1,4004,54004,ladder_a11_lin_r02,prps,1473,45,0.381924,-30,0,-30,-0.07853982,-4.50000,prps,0,175
3918,3.918,1,4004,54004,ladder_a11_lin_r02,prps,1481,53,0.454049,-27,0,-27,-0.07068583,-4.05000,prps,0,176
3923,3.923,1,4004,54004,ladder_a11_lin_r02,prps,1490,62,0.531420,-26,0,-26,-0.06806784,-3.90000,prps,0,177
3928,3.928,1,4004,54004,ladder_a11_lin_r02,prps,1499,71,0.603752,-26,0,-26,-0.06806784,-3.90000,prps,0,178
3933,3.933,1,4004,54004,ladder_a11_lin_r02,prps,1505,77,0.661743,-26,0,-26,-0.06806784,-3.90000,prps,0,179
3938,3.938,1,4004,54004,ladder_a11_lin_r02,prps,1510,82,0.698110,-28,0,-28,-0.07330382,-4.20000,prps,0,180
3943,3.943,1,4004,54004,ladder_a11_lin_r02,prps,1511,83,0.708310,-31,0,-31,-0.08115781,-4.65000,prps,0,181
3948,3.948,1,4004,54004,ladder_a11_lin_r02,prps,1509,81,0.690882,-34,0,-34,-0.08901179,-5.10000,prps,0,182
3953,3.953,1,4004,54004,ladder_a11_lin_r02,prps,1504,76,0.647395,-38,0,-38,-0.09948376,-5.70000,prps,0,183
3958,3.958,1,4004,54004,ladder_a11_lin_r02,prps,1496,68,0.582028,-40,0,-40,-0.10471976,-6.00000,prps,0,184
3963,3.963,1,4004,54004,ladder_a11_lin_r02,prps,1487,59,0.500883,-42,0,-42,-0.10995574,-6.30000,prps,0,185
3968,3.968,1,4004,54004,ladder_a11_lin_r02,prps,1476,48,0.411124,-43,0,-43,-0.11257374,-6.45000,prps,0,186
3973,3.973,1,4004,54004,ladder_a11_lin_r02,prps,1465,37,0.320075,-42,0,-42,-0.10995574,-6.30000,prps,0,187
3978,3.978,1,4004,54004,ladder_a11_lin_r02,prps,1455,27,0.234398,-42,0,-42,-0.10995574,-6.30000,prps,0,188
3983,3.983,1,4004,54004,ladder_a11_lin_r02,prps,1447,19,0.159449,-39,0,-39,-0.10210176,-5.85000,prps,0,189
3988,3.988,1,4004,54004,ladder_a11_lin_r02,prps,1440,12,0.098880,-35,0,-35,-0.09162979,-5.25000,prps,0,190
3993,3.993,1,4004,54004,ladder_a11_lin_r02,prps,1434,6,0.054521,-30,0,-30,-0.07853982,-4.50000,prps,0,191
3998,3.998,1,4004,54004,ladder_a11_lin_r02,prps,1431,3,0.026511,-25,0,-25,-0.06544985,-3.75000,prps,0,192
4003,4.003,1,4004,54004,ladder_a11_lin_r02,prps,1430,2,0.013649,-21,0,-21,-0.05497787,-3.15000,prps,0,193
4008,4.008,1,4004,54004,ladder_a11_lin_r02,prps,1430,2,0.013869,-16,0,-16,-0.04188790,-2.40000,prps,0,194
4013,4.013,1,4004,54004,ladder_a11_lin_r02,prps,1431,3,0.024753,-12,0,-12,-0.03141592,-1.80000,prps,0,195
4018,4.018,1,4004,54004,ladder_a11_lin_r02,prps,1433,5,0.043999,-9,0,-9,-0.02356194,-1.35000,prps,0,196
4023,4.023,1,4004,54004,ladder_a11_lin_r02,prps,1436,8,0.069747,-6,0,-6,-0.01570796,-0.90000,prps,0,197
4028,4.028,1,4004,54004,ladder_a11_lin_r02,prps,1440,12,0.100739,-5,0,-5,-0.01308997,-0.75000,prps,0,198
4033,4.033,1,4004,54004,ladder_a11_lin_r02,prps,1444,16,0.136276,-4,0,-4,-0.01047198,-0.60000,prps,0,199
4038,4.038,1,4004,54004,ladder_a11_lin_r02,prps,1449,21,0.176008,-4,0,-4,-0.01047198,-0.60000,prps,0,200
4043,4.043,1,4004,54004,ladder_a11_lin_r02,prps,1454,26,0.219599,-4,0,-4,-0.01047198,-0.60000,prps,0,201
4048,4.048,1,4004,54004,ladder_a11_lin_r02,prps,1459,31,0.266342,-5,0,-5,-0.01308997,-0.75000,prps,0,202
4053,4.053,1,4004,54004,ladder_a11_lin_r02,prps,1465,37,0.314816,-6,0,-6,-0.01570796,-0.90000,prps,0,203
4058,4.058,1,4004,54004,ladder_a11_lin_r02,prps,1470,42,0.362653,-8,0,-8,-0.02094395,-1.20000,prps,0,204
4063,4.063,1,4004,54004,ladder_a11_lin_r02,prps,1476,48,0.406498,-9,0,-9,-0.02356194,-1.35000,prps,0,205
4068,4.068,1,4004,54004,ladder_a11_lin_r02,prps,1480,52,0.442176,-12,0,-12,-0.03141592,-1.80000,prps,0,206
4073,4.073,1,4004,54004,ladder_a11_lin_r02,prps,1482,54,0.465083,-16,0,-16,-0.04188790,-2.40000,prps,0,207
4078,4.078,1,4004,54004,ladder_a11_lin_r02,prps,1483,55,0.470745,-19,0,-19,-0.04974188,-2.85000,prps,0,208
4083,4.083,1,4004,54004,ladder_a11_lin_r02,prps,1481,53,0.455496,-22,0,-22,-0.05759586,-3.30000,prps,0,209
4088,4.088,1,4004,54004,ladder_a11_lin_r02,prps,1477,49,0.417161,-24,0,-24,-0.06283185,-3.60000,prps,0,210
4093,4.093,1,4004,54004,ladder_a11_lin_r02,prps,1470,42,0.355636,-26,0,-26,-0.06806784,-3.90000,prps,0,211
4098,4.098,1,4004,54004,ladder_a11_lin_r02,prps,1460,32,0.273286,-27,0,-27,-0.07068583,-4.05000,prps,0,212
4103,4.103,1,4004,54004,ladder_a11_lin_r02,prps,1448,20,0.175045,-27,0,-27,-0.07068583,-4.05000,prps,0,213
4108,4.108,1,4004,54004,ladder_a11_lin_r02,prps,1436,8,0.068200,-27,0,-27,-0.07068583,-4.05000,prps,0,214
4113,4.113,1,4004,54004,ladder_a11_lin_r02,prps,1424,-4,-0.038168,-25,0,-25,-0.06544985,-3.75000,prps,0,215
4118,4.118,1,4004,54004,ladder_a11_lin_r02,prps,1412,-16,-0.134027,-21,0,-21,-0.05497787,-3.15000,prps,0,216
4123,4.123,1,4004,54004,ladder_a11_lin_r02,prps,1403,-25,-0.209455,-17,0,-17,-0.04450589,-2.55000,prps,0,217
4128,4.128,1,4004,54004,ladder_a11_lin_r02,prps,1398,-30,-0.255781,-11,0,-11,-0.02879793,-1.65000,prps,0,218
4133,4.133,1,4004,54004,ladder_a11_lin_r02,prps,1397,-31,-0.266686,-6,0,-6,-0.01570796,-0.90000,prps,0,219
4138,4.138,1,4004,54004,ladder_a11_lin_r02,prps,1400,-28,-0.239098,-1,0,-1,-0.00261799,-0.15000,prps,0,220
4143,4.143,1,4004,54004,ladder_a11_lin_r02,prps,1408,-20,-0.173772,4,0,4,0.01047198,0.60000,prps,0,221
4148,4.148,1,4004,54004,ladder_a11_lin_r02,prps,1419,-9,-0.075455,9,0,9,0.02356194,1.35000,prps,0,222
4153,4.153,1,4004,54004,ladder_a11_lin_r02,prps,1434,6,0.047408,12,0,12,0.03141592,1.80000,prps,0,223
4158,4.158,1,4004,54004,ladder_a11_lin_r02,prps,1449,21,0.183428,13,0,13,0.03403392,1.95000,prps,0,224
4163,4.163,1,4004,54004,ladder_a11_lin_r02,prps,1465,37,0.319399,12,0,12,0.03141592,1.80000,prps,0,225
4168,4.168,1,4004,54004,ladder_a11_lin_r02,prps,1480,52,0.441703,10,0,10,0.02617994,1.50000,prps,0,226
4173,4.173,1,4004,54004,ladder_a11_lin_r02,prps,1491,63,0.537821,5,0,5,0.01308997,0.75000,prps,0,227
4178,4.178,1,4004,54004,ladder_a11_lin_r02,prps,1498,70,0.597777,0,0,0,0.00000000,0.00000,prps,0,228
4183,4.183,1,4004,54004,ladder_a11_lin_r02,prps,1500,72,0.615354,-6,0,-6,-0.01570796,-0.90000,prps,0,229
4188,4.188,1,4004,54004,ladder_a11_lin_r02,prps,1497,69,0.588901,-13,0,-13,-0.03403392,-1.95000,prps,0,230
4193,4.193,1,4004,54004,ladder_a11_lin_r02,prps,1489,61,0.521656,-19,0,-19,-0.04974188,-2.85000,prps,0,231
4198,4.198,1,4004,54004,ladder_a11_lin_r02,prps,1477,49,0.421499,-24,0,-24,-0.06283185,-3.60000,prps,0,232
4203,4.203,1,4004,54004,ladder_a11_lin_r02,prps,1463,35,0.300170,-28,0,-28,-0.07330382,-4.20000,prps,0,233
4208,4.208,1,4004,54004,ladder_a11_lin_r02,prps,1448,20,0.172020,-29,0,-29,-0.07592182,-4.35000,prps,0,234
4213,4.213,1,4004,54004,ladder_a11_lin_r02,prps,1434,6,0.052427,-29,0,-29,-0.07592182,-4.35000,prps,0,235
4218,4.218,1,4004,54004,ladder_a11_lin_r02,prps,1423,-5,-0.043941,-28,0,-28,-0.07330382,-4.20000,prps,0,236
4223,4.223,1,4004,54004,ladder_a11_lin_r02,prps,1416,-12,-0.104821,-24,0,-24,-0.06283185,-3.60000,prps,0,237
4228,4.228,1,4004,54004,ladder_a11_lin_r02,prps,1414,-14,-0.121804,-19,0,-19,-0.04974188,-2.85000,prps,0,238
4233,4.233,1,4004,54004,ladder_a11_lin_r02,prps,1417,-11,-0.091374,-13,0,-13,-0.03403392,-1.95000,prps,0,239
4238,4.238,1,4004,54004,ladder_a11_lin_r02,prps,1426,-2,-0.015412,-8,0,-8,-0.02094395,-1.20000,prps,0,240
4243,4.243,1,4004,54004,ladder_a11_lin_r02,prps,1440,12,0.098917,-4,0,-4,-0.01047198,-0.60000,prps,0,241
4248,4.248,1,4004,54004,ladder_a11_lin_r02,prps,1456,28,0.239864,-1,0,-1,-0.00261799,-0.15000,prps,0,242
4253,4.253,1,4004,54004,ladder_a11_lin_r02,prps,1474,46,0.392327,0,0,0,0.00000000,0.00000,prps,0,243
4258,4.258,1,4004,54004,ladder_a11_lin_r02,prps,1491,63,0.539471,-1,0,-1,-0.00261799,-0.15000,prps,0,244
4263,4.263,1,4004,54004,ladder_a11_lin_r02,prps,1506,78,0.664556,-4,0,-4,-0.01047198,-0.60000,prps,0,245
4268,4.268,1,4004,54004,ladder_a11_lin_r02,prps,1516,88,0.752761,-8,0,-8,-0.02094395,-1.20000,prps,0,246
4273,4.273,1,4004,54004,ladder_a11_lin_r02,prps,1521,93,0.792813,-14,0,-14,-0.03665191,-2.10000,prps,0,247
4278,4.278,1,4004,54004,ladder_a11_lin_r02,prps,1519,91,0.778218,-21,0,-21,-0.05497787,-3.15000,prps,0,248
4283,4.283,1,4004,54004,ladder_a11_lin_r02,prps,1511,83,0.707975,-28,0,-28,-0.07330382,-4.20000,prps,0,249
4288,4.288,1,4004,54004,ladder_a11_lin_r02,prps,1497,69,0.586692,-34,0,-34,-0.08901179,-5.10000,prps,0,250
4293,4.293,1,4004,54004,ladder_a11_lin_r02,prps,1478,50,0.424079,-38,0,-38,-0.09948376,-5.70000,prps,0,251
4298,4.298,1,4004,54004,ladder_a11_lin_r02,prps,1455,27,0.233914,-41,0,-41,-0.10733775,-6.15000,prps,0,252
4303,4.303,1,4004,54004,ladder_a11_lin_r02,prps,1432,4,0.032566,-40,0,-40,-0.10471976,-6.00000,prps,0,253
4308,4.308,1,4004,54004,ladder_a11_lin_r02,prps,1409,-19,-0.162719,-39,0,-39,-0.10210176,-5.85000,prps,0,254
4313,4.313,1,4004,54004,ladder_a11_lin_r02,prps,1389,-39,-0.335603,-33,0,-33,-0.08639380,-4.95000,prps,0,255
4318,4.318,1,4004,54004,ladder_a11_lin_r02,prps,1373,-55,-0.472300,-26,0,-26,-0.06806784,-3.90000,prps,0,256
4323,4.323,1,4004,54004,ladder_a11_lin_r02,prps,1362,-66,-0.562899,-17,0,-17,-0.04450589,-2.55000,prps,0,257
4328,4.328,1,4004,54004,ladder_a11_lin_r02,prps,1358,-70,-0.602240,-8,0,-8,-0.02094395,-1.20000,prps,0,258
4333,4.333,1,4004,54004,ladder_a11_lin_r02,prps,1359,-69,-0.590249,2,0,2,0.00523599,0.30000,prps,0,259
4338,4.338,1,4004,54004,ladder_a11_lin_r02,prps,1366,-62,-0.531723,11,0,11,0.02879793,1.65000,prps,0,260
4343,4.343,1,4004,54004,ladder_a11_lin_r02,prps,1377,-51,-0.435604,19,0,19,0.04974188,2.85000,prps,0,261
4348,4.348,1,4004,54004,ladder_a11_lin_r02,prps,1391,-37,-0.313843,25,0,25,0.06544985,3.75000,prps,0,262
4353,4.353,1,4004,54004,ladder_a11_lin_r02,prps,1407,-21,-0.179997,29,0,29,0.07592182,4.35000,prps,0,263
4358,4.358,1,4004,54004,ladder_a11_lin_r02,prps,1422,-6,-0.047735,30,0,30,0.07853982,4.50000,prps,0,264
4363,4.363,1,4004,54004,ladder_a11_lin_r02,prps,1436,8,0.070590,30,0,30,0.07853982,4.50000,prps,0,265
4368,4.368,1,4004,54004,ladder_a11_lin_r02,prps,1447,19,0.165138,27,0,27,0.07068583,4.05000,prps,0,266
4373,4.373,1,4004,54004,ladder_a11_lin_r02,prps,1455,27,0.229420,23,0,23,0.06021386,3.45000,prps,0,267
4378,4.378,1,4004,54004,ladder_a11_lin_r02,prps,1459,31,0.260727,17,0,17,0.04450589,2.55000,prps,0,268
4383,4.383,1,4004,54004,ladder_a11_lin_r02,prps,1458,30,0.260098,11,0,11,0.02879793,1.65000,prps,0,269
4388,4.388,1,4004,54004,ladder_a11_lin_r02,prps,1455,27,0.231886,5,0,5,0.01308997,0.75000,prps,0,270
4393,4.393,1,4004,54004,ladder_a11_lin_r02,prps,1449,21,0.182979,0,0,0,0.00000000,0.00000,prps,0,271
4398,4.398,1,4004,54004,ladder_a11_lin_r02,prps,1442,14,0.121805,-4,0,-4,-0.01047198,-0.60000,prps,0,272
4403,4.403,1,4004,54004,ladder_a11_lin_r02,prps,1435,7,0.057240,-7,0,-7,-0.01832596,-1.05000,prps,0,273
4408,4.408,1,4004,54004,ladder_a11_lin_r02,prps,1428,0,-0.002432,-8,0,-8,-0.02094395,-1.20000,prps,0,274
4413,4.413,1,4004,54004,ladder_a11_lin_r02,prps,1422,-6,-0.050406,-8,0,-8,-0.02094395,-1.20000,prps,0,275
4418,4.418,1,4004,54004,ladder_a11_lin_r02,prps,1418,-10,-0.081989,-6,0,-6,-0.01570796,-0.90000,prps,0,276
4423,4.423,1,4004,54004,ladder_a11_lin_r02,prps,1417,-11,-0.094918,-6,0,-6,-0.01570796,-0.90000,prps,0,277
4428,4.428,1,4004,54004,ladder_a11_lin_r02,prps,1418,-10,-0.089375,-4,0,-4,-0.01047198,-0.60000,prps,0,278
4433,4.433,1,4004,54004,ladder_a11_lin_r02,prps,1420,-8,-0.067701,-1,0,-1,-0.00261799,-0.15000,prps,0,279
4438,4.438,1,4004,54004,ladder_a11_lin_r02,prps,1424,-4,-0.033888,2,0,2,0.00523599,0.30000,prps,0,280
4443,4.443,1,4004,54004,ladder_a11_lin_r02,prps,1429,1,0.007060,4,0,4,0.01047198,0.60000,prps,0,281
4448,4.448,1,4004,54004,ladder_a11_lin_r02,prps,1434,6,0.049830,5,0,5,0.01308997,0.75000,prps,0,282
4453,4.453,1,4004,54004,ladder_a11_lin_r02,prps,1438,10,0.089433,5,0,5,0.01308997,0.75000,prps,0,283
4458,4.458,1,4004,54004,ladder_a11_lin_r02,prps,1442,14,0.121727,4,0,4,0.01047198,0.60000,prps,0,284
4463,4.463,1,4004,54004,ladder_a11_lin_r02,prps,1445,17,0.143756,3,0,3,0.00785398,0.45000,prps,0,285
4468,4.468,1,4004,54004,ladder_a11_lin_r02,prps,1446,18,0.153884,2,0,2,0.00523599,0.30000,prps,0,286
4473,4.473,1,4004,54004,ladder_a11_lin_r02,prps,1446,18,0.151741,1,0,1,0.00261799,0.15000,prps,0,287
4478,4.478,1,4004,54004,ladder_a11_lin_r02,prps,1444,16,0.138010,-1,0,-1,-0.00261799,-0.15000,prps,0,288
4483,4.483,1,4004,54004,ladder_a11_lin_r02,prps,1441,13,0.114105,-3,0,-3,-0.00785398,-0.45000,prps,0,289
4488,4.488,1,4004,54004,ladder_a11_lin_r02,prps,1438,10,0.081815,-4,0,-4,-0.01047198,-0.60000,prps,0,290
4493,4.493,1,4004,54004,ladder_a11_lin_r02,prps,1433,5,0.042972,-5,0,-5,-0.01308997,-0.75000,prps,0,291
4498,4.498,1,4004,54004,ladder_a11_lin_r02,prps,1428,0,-0.000798,-5,0,-5,-0.01308997,-0.75000,prps,0,292
4503,4.503,1,4004,54004,ladder_a11_lin_r02,prps,1422,-6,-0.048219,-5,0,-5,-0.01308997,-0.75000,prps,0,293
4508,4.508,1,4004,54004,ladder_a11_lin_r02,prps,1416,-12,-0.098366,-4,0,-4,-0.01047198,-0.60000,prps,0,294
4513,4.513,1,4004,54004,ladder_a11_lin_r02,prps,1410,-18,-0.150558,-4,0,-4,-0.01047198,-0.60000,prps,0,295
4518,4.518,1,4004,54004,ladder_a11_lin_r02,prps,1404,-24,-0.204168,-1,0,-1,-0.00261799,-0.15000,prps,0,296
4523,4.523,1,4004,54004,ladder_a11_lin_r02,prps,1398,-30,-0.258393,2,0,2,0.00523599,0.30000,prps,0,297
4528,4.528,1,4004,54004,ladder_a11_lin_r02,prps,1391,-37,-0.312042,5,0,5,0.01308997,0.75000,prps,0,298
4533,4.533,1,4004,54004,ladder_a11_lin_r02,prps,1385,-43,-0.363401,9,0,9,0.02356194,1.35000,prps,0,299
4538,4.538,1,4004,54004,ladder_a11_lin_r02,prps,1380,-48,-0.410198,12,0,12,0.03141592,1.80000,prps,0,300
4543,4.543,1,4004,54004,ladder_a11_lin_r02,prps,1375,-53,-0.449718,16,0,16,0.04188790,2.40000,prps,0,301
4548,4.548,1,4004,54004,ladder_a11_lin_r02,prps,1372,-56,-0.479032,20,0,20,0.05235988,3.00000,prps,0,302
4553,4.553,1,4004,54004,ladder_a11_lin_r02,prps,1370,-58,-0.495348,23,0,23,0.06021386,3.45000,prps,0,303
4558,4.558,1,4004,54004,ladder_a11_lin_r02,prps,1370,-58,-0.496419,26,0,26,0.06806784,3.90000,prps,0,304
4563,4.563,1,4004,54004,ladder_a11_lin_r02,prps,1372,-56,-0.480952,29,0,29,0.07592182,4.35000,prps,0,305
4568,4.568,1,4004,54004,ladder_a11_lin_r02,prps,1375,-53,-0.448960,32,0,32,0.08377580,4.80000,prps,0,306
4573,4.573,1,4004,54004,ladder_a11_lin_r02,prps,1381,-47,-0.401986,34,0,34,0.08901179,5.10000,prps,0,307
4578,4.578,1,4004,54004,ladder_a11_lin_r02,prps,1388,-40,-0.343158,35,0,35,0.09162979,5.25000,prps,0,308
4583,4.583,1,4004,54004,ladder_a11_lin_r02,prps,1396,-32,-0.277045,35,0,35,0.09162979,5.25000,prps,0,309
4588,4.588,1,4004,54004,ladder_a11_lin_r02,prps,1404,-24,-0.209316,35,0,35,0.09162979,5.25000,prps,0,310
4593,4.593,1,4004,54004,ladder_a11_lin_r02,prps,1411,-17,-0.146231,34,0,34,0.08901179,5.10000,prps,0,311
4598,4.598,1,4004,54004,ladder_a11_lin_r02,prps,1417,-11,-0.094009,31,0,31,0.08115781,4.65000,prps,0,312
4603,4.603,1,4004,54004,ladder_a11_lin_r02,prps,1421,-7,-0.058158,28,0,28,0.07330382,4.20000,prps,0,313
4608,4.608,1,4004,54004,ladder_a11_lin_r02,prps,1423,-5,-0.042836,24,0,24,0.06283185,3.60000,prps,0,314
4613,4.613,1,4004,54004,ladder_a11_lin_r02,prps,1422,-6,-0.050336,21,0,21,0.05497787,3.15000,prps,0,315
4618,4.618,1,4004,54004,ladder_a11_lin_r02,prps,1419,-9,-0.080749,17,0,17,0.04450589,2.55000,prps,0,316
4623,4.623,1,4004,54004,ladder_a11_lin_r02,prps,1413,-15,-0.131880,14,0,14,0.03665191,2.10000,prps,0,317
4628,4.628,1,4004,54004,ladder_a11_lin_r02,prps,1405,-23,-0.199399,12,0,12,0.03141592,1.80000,prps,0,318
4633,4.633,1,4004,54004,ladder_a11_lin_r02,prps,1396,-32,-0.277257,11,0,11,0.02879793,1.65000,prps,0,319
4638,4.638,1,4004,54004,ladder_a11_lin_r02,prps,1386,-42,-0.358292,11,0,11,0.02879793,1.65000,prps,0,320
4643,4.643,1,4004,54004,ladder_a11_lin_r02,prps,1377,-51,-0.434971,11,0,11,0.02879793,1.65000,prps,0,321
4648,4.648,1,4004,54004,ladder_a11_lin_r02,prps,1369,-59,-0.500186,14,0,14,0.03665191,2.10000,prps,0,322
4653,4.653,1,4004,54004,ladder_a11_lin_r02,prps,1364,-64,-0.547999,17,0,17,0.04450589,2.55000,prps,0,323
4658,4.658,1,4004,54004,ladder_a11_lin_r02,prps,1361,-67,-0.574247,22,0,22,0.05759586,3.30000,prps,0,324
4663,4.663,1,4004,54004,ladder_a11_lin_r02,prps,1360,-68,-0.576950,26,0,26,0.06806784,3.90000,prps,0,325
4668,4.668,1,4004,54004,ladder_a11_lin_r02,prps,1363,-65,-0.556458,30,0,30,0.07853982,4.50000,prps,0,326
4673,4.673,1,4004,54004,ladder_a11_lin_r02,prps,1368,-60,-0.515328,34,0,34,0.08901179,5.10000,prps,0,327
4678,4.678,1,4004,54004,ladder_a11_lin_r02,prps,1374,-54,-0.457949,36,0,36,0.09424778,5.40000,prps,0,328
4683,4.683,1,4004,54004,ladder_a11_lin_r02,prps,1382,-46,-0.389962,38,0,38,0.09948376,5.70000,prps,0,329
4688,4.688,1,4004,54004,ladder_a11_lin_r02,prps,1391,-37,-0.317553,39,0,39,0.10210176,5.85000,prps,0,330
4693,4.693,1,4004,54004,ladder_a11_lin_r02,prps,1399,-29,-0.246703,39,0,39,0.10210176,5.85000,prps,0,331
4698,4.698,1,4004,54004,ladder_a11_lin_r02,prps,1407,-21,-0.182492,39,0,39,0.10210176,5.85000,prps,0,332
4703,4.703,1,4004,54004,ladder_a11_lin_r02,prps,1413,-15,-0.128545,37,0,37,0.09686577,5.55000,prps,0,333
4708,4.708,1,4004,54004,ladder_a11_lin_r02,prps,1418,-10,-0.086673,33,0,33,0.08639380,4.95000,prps,0,334
4713,4.713,1,4004,54004,ladder_a11_lin_r02,prps,1421,-7,-0.056770,29,0,29,0.07592182,4.35000,prps,0,335
4718,4.718,1,4004,54004,ladder_a11_lin_r02,prps,1424,-4,-0.036955,25,0,25,0.06544985,3.75000,prps,0,336
4723,4.723,1,4004,54004,ladder_a11_lin_r02,prps,1425,-3,-0.023930,21,0,21,0.05497787,3.15000,prps,0,337
4728,4.728,1,4004,54004,ladder_a11_lin_r02,prps,1426,-2,-0.013530,17,0,17,0.04450589,2.55000,prps,0,338
4733,4.733,1,4004,54004,ladder_a11_lin_r02,prps,1428,0,-0.001345,14,0,14,0.03665191,2.10000,prps,0,339
4738,4.738,1,4004,54004,ladder_a11_lin_r02,prps,1430,2,0.016631,11,0,11,0.02879793,1.65000,prps,0,340
4743,4.743,1,4004,54004,ladder_a11_lin_r02,prps,1433,5,0.043434,9,0,9,0.02356194,1.35000,prps,0,341
4748,4.748,1,4004,54004,ladder_a11_lin_r02,prps,1437,9,0.080719,7,0,7,0.01832596,1.05000,prps,0,342
4753,4.753,1,4004,54004,ladder_a11_lin_r02,prps,1443,15,0.128541,5,0,5,0.01308997,0.75000,prps,0,343
4758,4.758,1,4004,54004,ladder_a11_lin_r02,prps,1450,22,0.185368,3,0,3,0.00785398,0.45000,prps,0,344
4763,4.763,1,4004,54004,ladder_a11_lin_r02,prps,1457,29,0.248314,2,0,2,0.00523599,0.30000,prps,0,345
4768,4.768,1,4004,54004,ladder_a11_lin_r02,prps,1465,37,0.313547,-1,0,-1,-0.00261799,-0.15000,prps,0,346
4773,4.773,1,4004,54004,ladder_a11_lin_r02,prps,1472,44,0.376822,-4,0,-4,-0.01047198,-0.60000,prps,0,347
4778,4.778,1,4004,54004,ladder_a11_lin_r02,prps,1479,51,0.434060,-7,0,-7,-0.01832596,-1.05000,prps,0,348
4783,4.783,1,4004,54004,ladder_a11_lin_r02,prps,1484,56,0.481879,-10,0,-10,-0.02617994,-1.50000,prps,0,349
4788,4.788,1,4004,54004,ladder_a11_lin_r02,prps,1489,61,0.518023,-14,0,-14,-0.03665191,-2.10000,prps,0,350
4793,4.793,1,4004,54004,ladder_a11_lin_r02,prps,1491,63,0.541611,-18,0,-18,-0.04712389,-2.70000,prps,0,351
4798,4.798,1,4004,54004,ladder_a11_lin_r02,prps,1493,65,0.553182,-22,0,-22,-0.05759586,-3.30000,prps,0,352
4803,4.803,1,4004,54004,ladder_a11_lin_r02,prps,1493,65,0.554538,-25,0,-25,-0.06544985,-3.75000,prps,0,353
4808,4.808,1,4004,54004,ladder_a11_lin_r02,prps,1492,64,0.548386,-28,0,-28,-0.07330382,-4.20000,prps,0,354
4813,4.813,1,4004,54004,ladder_a11_lin_r02,prps,1491,63,0.537867,-31,0,-31,-0.08115781,-4.65000,prps,0,355
4818,4.818,1,4004,54004,ladder_a11_lin_r02,prps,1490,62,0.526011,-33,0,-33,-0.08639380,-4.95000,prps,0,356
4823,4.823,1,4004,54004,ladder_a11_lin_r02,prps,1488,60,0.515221,-34,0,-34,-0.08901179,-5.10000,prps,0,357
4828,4.828,1,4004,54004,ladder_a11_lin_r02,prps,1487,59,0.506845,-35,0,-35,-0.09162979,-5.25000,prps,0,358
4833,4.833,1,4004,54004,ladder_a11_lin_r02,prps,1487,59,0.500923,-35,0,-35,-0.09162979,-5.25000,prps,0,359
4838,4.838,1,4004,54004,ladder_a11_lin_r02,prps,1486,58,0.496135,-35,0,-35,-0.09162979,-5.25000,prps,0,360
4843,4.843,1,4004,54004,ladder_a11_lin_r02,prps,1485,57,0.489969,-35,0,-35,-0.09162979,-5.25000,prps,0,361
4848,4.848,1,4004,54004,ladder_a11_lin_r02,prps,1484,56,0.479102,-35,0,-35,-0.09162979,-5.25000,prps,0,362
4853,4.853,1,4004,54004,ladder_a11_lin_r02,prps,1482,54,0.459927,-35,0,-35,-0.09162979,-5.25000,prps,0,363
4858,4.858,1,4004,54004,ladder_a11_lin_r02,prps,1478,50,0.429178,-35,0,-35,-0.09162979,-5.25000,prps,0,364
4863,4.863,1,4004,54004,ladder_a11_lin_r02,prps,1473,45,0.384549,-35,0,-35,-0.09162979,-5.25000,prps,0,365
4868,4.868,1,4004,54004,ladder_a11_lin_r02,prps,1466,38,0.325234,-35,0,-35,-0.09162979,-5.25000,prps,0,366
4873,4.873,1,4004,54004,ladder_a11_lin_r02,prps,1458,30,0.252286,-34,0,-34,-0.08901179,-5.10000,prps,0,367
4878,4.878,1,4004,54004,ladder_a11_lin_r02,prps,1448,20,0.168763,-33,0,-33,-0.08639380,-4.95000,prps,0,368
4883,4.883,1,4004,54004,ladder_a11_lin_r02,prps,1437,9,0.079600,-30,0,-30,-0.07853982,-4.50000,prps,0,369
4888,4.888,1,4004,54004,ladder_a11_lin_r02,prps,1427,-1,-0.008781,-27,0,-27,-0.07068583,-4.05000,prps,0,370
4893,4.893,1,4004,54004,ladder_a11_lin_r02,prps,1418,-10,-0.089083,-23,0,-23,-0.06021386,-3.45000,prps,0,371
4898,4.898,1,4004,54004,ladder_a11_lin_r02,prps,1410,-18,-0.153915,-18,0,-18,-0.04712389,-2.70000,prps,0,372
4903,4.903,1,4004,54004,ladder_a11_lin_r02,prps,1405,-23,-0.196641,-13,0,-13,-0.03403392,-1.95000,prps,0,373
4908,4.908,1,4004,54004,ladder_a11_lin_r02,prps,1403,-25,-0.212211,-8,0,-8,-0.02094395,-1.20000,prps,0,374
4913,4.913,1,4004,54004,ladder_a11_lin_r02,prps,1405,-23,-0.197851,-3,0,-3,-0.00785398,-0.45000,prps,0,375
4918,4.918,1,4004,54004,ladder_a11_lin_r02,prps,1410,-18,-0.153538,2,0,2,0.00523599,0.30000,prps,0,376
4923,4.923,1,4004,54004,ladder_a11_lin_r02,prps,1418,-10,-0.082193,6,0,6,0.01570796,0.90000,prps,0,377
4928,4.928,1,4004,54004,ladder_a11_lin_r02,prps,1429,1,0.010457,9,0,9,0.02356194,1.35000,prps,0,378
4933,4.933,1,4004,54004,ladder_a11_lin_r02,prps,1442,14,0.116331,10,0,10,0.02617994,1.50000,prps,0,379
4938,4.938,1,4004,54004,ladder_a11_lin_r02,prps,1454,26,0.225717,10,0,10,0.02617994,1.50000,prps,0,380
4943,4.943,1,4004,54004,ladder_a11_lin_r02,prps,1466,38,0.328216,8,0,8,0.02094395,1.20000,prps,0,381
4948,4.948,1,4004,54004,ladder_a11_lin_r02,prps,1476,48,0.413776,4,0,4,0.01047198,0.60000,prps,0,382
4953,4.953,1,4004,54004,ladder_a11_lin_r02,prps,1483,55,0.473732,1,0,1,0.00261799,0.15000,prps,0,383
4958,4.958,1,4004,54004,ladder_a11_lin_r02,prps,1487,59,0.501718,-4,0,-4,-0.01047198,-0.60000,prps,0,384
4963,4.963,1,4004,54004,ladder_a11_lin_r02,prps,1486,58,0.494363,-10,0,-10,-0.02617994,-1.50000,prps,0,385
4968,4.968,1,4004,54004,ladder_a11_lin_r02,prps,1481,53,0.451682,-15,0,-15,-0.03926991,-2.25000,prps,0,386
4973,4.973,1,4004,54004,ladder_a11_lin_r02,prps,1472,44,0.377121,-19,0,-19,-0.04974188,-2.85000,prps,0,387
4978,4.978,1,4004,54004,ladder_a11_lin_r02,prps,1460,32,0.277250,-23,0,-23,-0.06021386,-3.45000,prps,0,388
4983,4.983,1,4004,54004,ladder_a11_lin_r02,prps,1447,19,0.161131,-25,0,-25,-0.06544985,-3.75000,prps,0,389
4988,4.988,1,4004,54004,ladder_a11_lin_r02,prps,1433,5,0.039420,-25,0,-25,-0.06544985,-3.75000,prps,0,390
4993,4.993,1,4004,54004,ladder_a11_lin_r02,prps,1419,-9,-0.076692,-24,0,-24,-0.06283185,-3.60000,prps,0,391
4998,4.998,1,4004,54004,ladder_a11_lin_r02,prps,1407,-21,-0.176593,-21,0,-21,-0.05497787,-3.15000,prps,0,392
5003,5.003,1,4004,54004,ladder_a11_lin_r02,prps,1399,-29,-0.251310,-17,0,-17,-0.04450589,-2.55000,prps,0,393
5008,5.008,1,4004,54004,ladder_a11_lin_r02,prps,1394,-34,-0.294402,-11,0,-11,-0.02879793,-1.65000,prps,0,394
5013,5.013,1,4004,54004,ladder_a11_lin_r02,prps,1393,-35,-0.302589,-5,0,-5,-0.01308997,-0.75000,prps,0,395
5018,5.018,1,4004,54004,ladder_a11_lin_r02,prps,1396,-32,-0.276073,1,0,1,0.00261799,0.15000,prps,0,396
5023,5.023,1,4004,54004,ladder_a11_lin_r02,prps,1402,-26,-0.218500,6,0,6,0.01570796,0.90000,prps,0,397
5028,5.028,1,4004,54004,ladder_a11_lin_r02,prps,1412,-16,-0.136587,10,0,10,0.02617994,1.50000,prps,0,398
5033,5.033,1,4004,54004,ladder_a11_lin_r02,prps,1423,-5,-0.039453,13,0,13,0.03403392,1.95000,prps,0,399
5038,5.038,1,4004,54004,ladder_a11_lin_r02,prps,1435,7,0.062286,15,0,15,0.03926991,2.25000,prps,0,400
5043,5.043,1,4004,54004,ladder_a11_lin_r02,prps,1446,18,0.157556,14,0,14,0.03665191,2.10000,prps,0,401
5048,5.048,1,4004,54004,ladder_a11_lin_r02,prps,1456,28,0.235900,12,0,12,0.03141592,1.80000,prps,0,402
5053,5.053,1,4004,54004,ladder_a11_lin_r02,prps,1462,34,0.288482,9,0,9,0.02356194,1.35000,prps,0,403
5058,5.058,1,4004,54004,ladder_a11_lin_r02,prps,1464,36,0.308934,5,0,5,0.01308997,0.75000,prps,0,404
5063,5.063,1,4004,54004,ladder_a11_lin_r02,prps,1462,34,0.293959,2,0,2,0.00523599,0.30000,prps,0,405
5068,5.068,1,4004,54004,ladder_a11_lin_r02,prps,1457,29,0.243648,-3,0,-3,-0.00785398,-0.45000,prps,0,406
5073,5.073,1,4004,54004,ladder_a11_lin_r02,prps,1447,19,0.161474,-7,0,-7,-0.01832596,-1.05000,prps,0,407
5078,5.078,1,4004,54004,ladder_a11_lin_r02,prps,1434,6,0.053984,-10,0,-10,-0.02617994,-1.50000,prps,0,408
5083,5.083,1,4004,54004,ladder_a11_lin_r02,prps,1420,-8,-0.069788,-12,0,-12,-0.03141592,-1.80000,prps,0,409
5088,5.088,1,4004,54004,ladder_a11_lin_r02,prps,1405,-23,-0.199132,-11,0,-11,-0.02879793,-1.65000,prps,0,410
5093,5.093,1,4004,54004,ladder_a11_lin_r02,prps,1390,-38,-0.322622,-10,0,-10,-0.02617994,-1.50000,prps,0,411
5098,5.098,1,4004,54004,ladder_a11_lin_r02,prps,1378,-50,-0.429129,-8,0,-8,-0.02094395,-1.20000,prps,0,412
5103,5.103,1,4004,54004,ladder_a11_lin_r02,prps,1368,-60,-0.508824,-3,0,-3,-0.00785398,-0.45000,prps,0,413
5108,5.108,1,4004,54004,ladder_a11_lin_r02,prps,1363,-65,-0.554060,4,0,4,0.01047198,0.60000,prps,0,414
5113,5.113,1,4004,54004,ladder_a11_lin_r02,prps,1362,-66,-0.560081,11,0,11,0.02879793,1.65000,prps,0,415
5118,5.118,1,4004,54004,ladder_a11_lin_r02,prps,1367,-61,-0.525484,18,0,18,0.04712389,2.70000,prps,0,416
5123,5.123,1,4004,54004,ladder_a11_lin_r02,prps,1375,-53,-0.452407,24,0,24,0.06283185,3.60000,prps,0,417
5128,5.128,1,4004,54004,ladder_a11_lin_r02,prps,1387,-41,-0.346421,28,0,28,0.07330382,4.20000,prps,0,418
5133,5.133,1,4004,54004,ladder_a11_lin_r02,prps,1403,-25,-0.216130,31,0,31,0.08115781,4.65000,prps,0,419
5138,5.138,1,4004,54004,ladder_a11_lin_r02,prps,1420,-8,-0.072510,32,0,32,0.08377580,4.80000,prps,0,420
5143,5.143,1,4004,54004,ladder_a11_lin_r02,prps,1436,8,0.071962,32,0,32,0.08377580,4.80000,prps,0,421
5148,5.148,1,4004,54004,ladder_a11_lin_r02,prps,1452,24,0.204325,29,0,29,0.07592182,4.35000,prps,0,422
5153,5.153,1,4004,54004,ladder_a11_lin_r02,prps,1465,37,0.312219,25,0,25,0.06544985,3.75000,prps,0,423
5158,5.158,1,4004,54004,ladder_a11_lin_r02,prps,1473,45,0.384955,18,0,18,0.04712389,2.70000,prps,0,424
5163,5.163,1,4004,54004,ladder_a11_lin_r02,prps,1476,48,0.414469,11,0,11,0.02879793,1.65000,prps,0,425
5168,5.168,1,4004,54004,ladder_a11_lin_r02,prps,1474,46,0.396096,4,0,4,0.01047198,0.60000,prps,0,426
5173,5.173,1,4004,54004,ladder_a11_lin_r02,prps,1467,39,0.329070,-2,0,-2,-0.00523599,-0.30000,prps,0,427
5178,5.178,1,4004,54004,ladder_a11_lin_r02,prps,1453,25,0.216720,-8,0,-8,-0.02094395,-1.20000,prps,0,428
5183,5.183,1,4004,54004,ladder_a11_lin_r02,prps,1436,8,0.066319,-12,0,-12,-0.03141592,-1.80000,prps,0,429
5188,5.188,1,4004,54004,ladder_a11_lin_r02,prps,1415,-13,-0.111424,-14,0,-14,-0.03665191,-2.10000,prps,0,430
5193,5.193,1,4004,54004,ladder_a11_lin_r02,prps,1393,-35,-0.303177,-14,0,-14,-0.03665191,-2.10000,prps,0,431
5198,5.198,1,4004,54004,ladder_a11_lin_r02,prps,1370,-58,-0.494067,-12,0,-12,-0.03141592,-1.80000,prps,0,432
5203,5.203,1,4004,54004,ladder_a11_lin_r02,prps,1350,-78,-0.668942,-9,0,-9,-0.02356194,-1.35000,prps,0,433
5208,5.208,1,4004,54004,ladder_a11_lin_r02,prps,1333,-95,-0.813698,-2,0,-2,-0.00523599,-0.30000,prps,0,434
5213,5.213,1,4004,54004,ladder_a11_lin_r02,prps,1321,-107,-0.916563,7,0,7,0.01832596,1.05000,prps,0,435
5218,5.218,1,4004,54004,ladder_a11_lin_r02,prps,1315,-113,-0.969215,16,0,16,0.04188790,2.40000,prps,0,436
5223,5.223,1,4004,54004,ladder_a11_lin_r02,prps,1315,-113,-0.967615,26,0,26,0.06806784,3.90000,prps,0,437
5228,5.228,1,4004,54004,ladder_a11_lin_r02,prps,1321,-107,-0.912476,36,0,36,0.09424778,5.40000,prps,0,438
5233,5.233,1,4004,54004,ladder_a11_lin_r02,prps,1333,-95,-0.809288,44,0,44,0.11519173,6.60000,prps,0,439
5238,5.238,1,4004,54004,ladder_a11_lin_r02,prps,1350,-78,-0.667902,50,0,50,0.13089970,7.50000,prps,0,440
5243,5.243,1,4004,54004,ladder_a11_lin_r02,prps,1369,-59,-0.501671,54,0,54,0.14137166,8.10000,prps,0,441
5248,5.248,1,4004,54004,ladder_a11_lin_r02,prps,1390,-38,-0.326232,56,0,56,0.14660765,8.40000,prps,0,442
5253,5.253,1,4004,54004,ladder_a11_lin_r02,prps,1410,-18,-0.158021,55,0,55,0.14398966,8.25000,prps,0,443
5258,5.258,1,4004,54004,ladder_a11_lin_r02,prps,1427,-1,-0.012683,51,0,51,0.13351768,7.65000,prps,0,444
5263,5.263,1,4004,54004,ladder_a11_lin_r02,prps,1439,11,0.096499,45,0,45,0.11780972,6.75000,prps,0,445
5268,5.268,1,4004,54004,ladder_a11_lin_r02,prps,1447,19,0.159964,40,0,40,0.10471976,6.00000,prps,0,446
5273,5.273,1,4004,54004,ladder_a11_lin_r02,prps,1448,20,0.172893,32,0,32,0.08377580,4.80000,prps,0,447
5278,5.278,1,4004,54004,ladder_a11_lin_r02,prps,1444,16,0.135764,24,0,24,0.06283185,3.60000,prps,0,448
5283,5.283,1,4004,54004,ladder_a11_lin_r02,prps,1434,6,0.054379,17,0,17,0.04450589,2.55000,prps,0,449
5288,5.288,1,4004,54004,ladder_a11_lin_r02,prps,1421,-7,-0.060668,11,0,11,0.02879793,1.65000,prps,0,450
5293,5.293,1,4004,54004,ladder_a11_lin_r02,prps,1405,-23,-0.195040,7,0,7,0.01832596,1.05000,prps,0,451
5298,5.298,1,4004,54004,ladder_a11_lin_r02,prps,1389,-39,-0.332115,5,0,5,0.01308997,0.75000,prps,0,452
5303,5.303,1,4004,54004,ladder_a11_lin_r02,prps,1375,-53,-0.454726,5,0,5,0.01308997,0.75000,prps,0,453
5308,5.308,1,4004,54004,ladder_a11_lin_r02,prps,1364,-64,-0.546995,7,0,7,0.01832596,1.05000,prps,0,454
5313,5.313,1,4004,54004,ladder_a11_lin_r02,prps,1358,-70,-0.596060,11,0,11,0.02879793,1.65000,prps,0,455
5318,5.318,1,4004,54004,ladder_a11_lin_r02,prps,1359,-69,-0.593525,16,0,16,0.04188790,2.40000,prps,0,456
5323,5.323,1,4004,54004,ladder_a11_lin_r02,prps,1365,-63,-0.536452,22,0,22,0.05759586,3.30000,prps,0,457
5328,5.328,1,4004,54004,ladder_a11_lin_r02,prps,1378,-50,-0.427787,28,0,28,0.07330382,4.20000,prps,0,458
5333,5.333,1,4004,54004,ladder_a11_lin_r02,prps,1396,-32,-0.276158,32,0,32,0.08377580,4.80000,prps,0,459
5338,5.338,1,4004,54004,ladder_a11_lin_r02,prps,1417,-11,-0.095060,34,0,34,0.08901179,5.10000,prps,0,460
5343,5.343,1,4004,54004,ladder_a11_lin_r02,prps,1440,12,0.098502,34,0,34,0.08901179,5.10000,prps,0,461
5348,5.348,1,4004,54004,ladder_a11_lin_r02,prps,1461,33,0.285764,32,0,32,0.08377580,4.80000,prps,0,462
5353,5.353,1,4004,54004,ladder_a11_lin_r02,prps,1480,52,0.448168,28,0,28,0.07330382,4.20000,prps,0,463
5358,5.358,1,4004,54004,ladder_a11_lin_r02,prps,1495,67,0.569324,20,0,20,0.05235988,3.00000,prps,0,464
5363,5.363,1,4004,54004,ladder_a11_lin_r02,prps,1503,75,0.636760,12,0,12,0.03141592,1.80000,prps,0,465
5368,5.368,1,4004,54004,ladder_a11_lin_r02,prps,1503,75,0.643251,3,0,3,0.00785398,0.45000,prps,0,466
5373,5.373,1,4004,54004,ladder_a11_lin_r02,prps,1497,69,0.587598,-6,0,-6,-0.01570796,-0.90000,prps,0,467
5378,5.378,1,4004,54004,ladder_a11_lin_r02,prps,1484,56,0.474751,-14,0,-14,-0.03665191,-2.10000,prps,0,468
5383,5.383,1,4004,54004,ladder_a11_lin_r02,prps,1465,37,0.315259,-20,0,-20,-0.05235988,-3.00000,prps,0,469
5388,5.388,1,4004,54004,ladder_a11_lin_r02,prps,1443,15,0.124132,-25,0,-25,-0.06544985,-3.75000,prps,0,470
5393,5.393,1,4004,54004,ladder_a11_lin_r02,prps,1419,-9,-0.080796,-26,0,-26,-0.06806784,-3.90000,prps,0,471
5398,5.398,1,4004,54004,ladder_a11_lin_r02,prps,1395,-33,-0.280785,-26,0,-26,-0.06806784,-3.90000,prps,0,472
5403,5.403,1,4004,54004,ladder_a11_lin_r02,prps,1374,-54,-0.458189,-22,0,-22,-0.05759586,-3.30000,prps,0,473
5408,5.408,1,4004,54004,ladder_a11_lin_r02,prps,1358,-70,-0.598315,-16,0,-16,-0.04188790,-2.40000,prps,0,474
5413,5.413,1,4004,54004,ladder_a11_lin_r02,prps,1347,-81,-0.690913,-8,0,-8,-0.02094395,-1.20000,prps,0,475
5418,5.418,1,4004,54004,ladder_a11_lin_r02,prps,1342,-86,-0.731157,2,0,2,0.00523599,0.30000,prps,0,476
5423,5.423,1,4004,54004,ladder_a11_lin_r02,prps,1344,-84,-0.719992,11,0,11,0.02879793,1.65000,prps,0,477
5428,5.428,1,4004,54004,ladder_a11_lin_r02,prps,1350,-78,-0.663822,20,0,20,0.05235988,3.00000,prps,0,478
5433,5.433,1,4004,54004,ladder_a11_lin_r02,prps,1361,-67,-0.573588,28,0,28,0.07330382,4.20000,prps,0,479
5438,5.438,1,4004,54004,ladder_a11_lin_r02,prps,1374,-54,-0.463351,34,0,34,0.08901179,5.10000,prps,0,480
5443,5.443,1,4004,54004,ladder_a11_lin_r02,prps,1387,-41,-0.348557,38,0,38,0.09948376,5.70000,prps,0,481
5448,5.448,1,4004,54004,ladder_a11_lin_r02,prps,1399,-29,-0.244185,40,0,40,0.10471976,6.00000,prps,0,482
5453,5.453,1,4004,54004,ladder_a11_lin_r02,prps,1409,-19,-0.163018,40,0,40,0.10471976,6.00000,prps,0,483
5458,5.458,1,4004,54004,ladder_a11_lin_r02,prps,1415,-13,-0.114222,39,0,39,0.10210176,5.85000,prps,0,484
5463,5.463,1,4004,54004,ladder_a11_lin_r02,prps,1416,-12,-0.102411,35,0,35,0.09162979,5.25000,prps,0,485
5468,5.468,1,4004,54004,ladder_a11_lin_r02,prps,1413,-15,-0.127293,31,0,31,0.08115781,4.65000,prps,0,486
5473,5.473,1,4004,54004,ladder_a11_lin_r02,prps,1406,-22,-0.183932,26,0,26,0.06806784,3.90000,prps,0,487
5478,5.478,1,4004,54004,ladder_a11_lin_r02,prps,1397,-31,-0.263576,23,0,23,0.06021386,3.45000,prps,0,488
5483,5.483,1,4004,54004,ladder_a11_lin_r02,prps,1386,-42,-0.354937,20,0,20,0.05235988,3.00000,prps,0,489
5488,5.488,1,4004,54004,ladder_a11_lin_r02,prps,1376,-52,-0.445755,19,0,19,0.04974188,2.85000,prps,0,490
5493,5.493,1,4004,54004,ladder_a11_lin_r02,prps,1367,-61,-0.524436,19,0,19,0.04974188,2.85000,prps,0,491
5498,5.498,1,4004,54004,ladder_a11_lin_r02,prps,1360,-68,-0.581562,20,0,20,0.05235988,3.00000,prps,0,492
5503,5.503,1,4004,54004,ladder_a11_lin_r02,prps,1357,-71,-0.611070,23,0,23,0.06021386,3.45000,prps,0,493
5508,5.508,1,4004,54004,ladder_a11_lin_r02,prps,1357,-71,-0.610973,27,0,27,0.07068583,4.05000,prps,0,494
5513,5.513,1,4004,54004,ladder_a11_lin_r02,prps,1360,-68,-0.583508,32,0,32,0.08377580,4.80000,prps,0,495
5518,5.518,1,4004,54004,ladder_a11_lin_r02,prps,1365,-63,-0.534729,35,0,35,0.09162979,5.25000,prps,0,496
5523,5.523,1,4004,54004,ladder_a11_lin_r02,prps,1373,-55,-0.473586,38,0,38,0.09948376,5.70000,prps,0,497
5528,5.528,1,4004,54004,ladder_a11_lin_r02,prps,1380,-48,-0.410624,40,0,40,0.10471976,6.00000,prps,0,498
5533,5.533,1,4004,54004,ladder_a11_lin_r02,prps,1386,-42,-0.356479,41,0,41,0.10733775,6.15000,prps,0,499
5538,5.538,1,4004,54004,ladder_a11_lin_r02,prps,1391,-37,-0.320373,40,0,40,0.10471976,6.00000,prps,0,500
5543,5.543,1,4004,54004,ladder_a11_lin_r02,prps,1392,-36,-0.308806,39,0,39,0.10210176,5.85000,prps,0,501
5548,5.548,1,4004,54004,ladder_a11_lin_r02,prps,1390,-38,-0.324630,38,0,38,0.09948376,5.70000,prps,0,502
5553,5.553,1,4004,54004,ladder_a11_lin_r02,prps,1385,-43,-0.366614,35,0,35,0.09162979,5.25000,prps,0,503
5558,5.558,1,4004,54004,ladder_a11_lin_r02,prps,1378,-50,-0.429584,33,0,33,0.08639380,4.95000,prps,0,504
5563,5.563,1,4004,54004,ladder_a11_lin_r02,prps,1369,-59,-0.505092,31,0,31,0.08115781,4.65000,prps,0,505
5568,5.568,1,4004,54004,ladder_a11_lin_r02,prps,1360,-68,-0.582561,30,0,30,0.07853982,4.50000,prps,0,506
5573,5.573,1,4004,54004,ladder_a11_lin_r02,prps,1352,-76,-0.650720,30,0,30,0.07853982,4.50000,prps,0,507
5578,5.578,1,4004,54004,ladder_a11_lin_r02,prps,1346,-82,-0.699170,30,0,30,0.07853982,4.50000,prps,0,508
5583,5.583,1,4004,54004,ladder_a11_lin_r02,prps,1344,-84,-0.719847,33,0,33,0.08639380,4.95000,prps,0,509
5588,5.588,1,4004,54004,ladder_a11_lin_r02,prps,1345,-83,-0.708196,37,0,37,0.09686577,5.55000,prps,0,510
5593,5.593,1,4004,54004,ladder_a11_lin_r02,prps,1350,-78,-0.663887,41,0,41,0.10733775,6.15000,prps,0,511
5598,5.598,1,4004,54004,ladder_a11_lin_r02,prps,1359,-69,-0.590967,44,0,44,0.11519173,6.60000,prps,0,512
5603,5.603,1,4004,54004,ladder_a11_lin_r02,prps,1370,-58,-0.497426,47,0,47,0.12304571,7.05000,prps,0,513
5608,5.608,1,4004,54004,ladder_a11_lin_r02,prps,1382,-46,-0.394205,48,0,48,0.12566370,7.20000,prps,0,514
5613,5.613,1,4004,54004,ladder_a11_lin_r02,prps,1394,-34,-0.293787,47,0,47,0.12304571,7.05000,prps,0,515
5618,5.618,1,4004,54004,ladder_a11_lin_r02,prps,1404,-24,-0.208536,45,0,45,0.11780972,6.75000,prps,0,516
5623,5.623,1,4004,54004,ladder_a11_lin_r02,prps,1411,-17,-0.149004,41,0,41,0.10733775,6.15000,prps,0,517
5628,5.628,1,4004,54004,ladder_a11_lin_r02,prps,1414,-14,-0.122428,38,0,38,0.09948376,5.70000,prps,0,518
5633,5.633,1,4004,54004,ladder_a11_lin_r02,prps,1413,-15,-0.131629,33,0,33,0.08639380,4.95000,prps,0,519
5638,5.638,1,4004,54004,ladder_a11_lin_r02,prps,1408,-20,-0.174461,28,0,28,0.07330382,4.20000,prps,0,520
5643,5.643,1,4004,54004,ladder_a11_lin_r02,prps,1399,-29,-0.243903,24,0,24,0.06283185,3.60000,prps,0,521
5648,5.648,1,4004,54004,ladder_a11_lin_r02,prps,1390,-38,-0.328806,21,0,21,0.05497787,3.15000,prps,0,522
5653,5.653,1,4004,54004,ladder_a11_lin_r02,prps,1379,-49,-0.415203,20,0,20,0.05235988,3.00000,prps,0,523
5658,5.658,1,4004,54004,ladder_a11_lin_r02,prps,1371,-57,-0.488052,20,0,20,0.05235988,3.00000,prps,0,524
5663,5.663,1,4004,54004,ladder_a11_lin_r02,prps,1366,-62,-0.533180,21,0,21,0.05497787,3.15000,prps,0,525
5668,5.668,1,4004,54004,ladder_a11_lin_r02,prps,1365,-63,-0.539195,23,0,23,0.06021386,3.45000,prps,0,526
5673,5.673,1,4004,54004,ladder_a11_lin_r02,prps,1370,-58,-0.499119,27,0,27,0.07068583,4.05000,prps,0,527
5678,5.678,1,4004,54004,ladder_a11_lin_r02,prps,1380,-48,-0.411528,30,0,30,0.07853982,4.50000,prps,0,528
5683,5.683,1,4004,54004,ladder_a11_lin_r02,prps,1395,-33,-0.281028,33,0,33,0.08639380,4.95000,prps,0,529
5688,5.688,1,4004,54004,ladder_a11_lin_r02,prps,1414,-14,-0.118003,34,0,34,0.08901179,5.10000,prps,0,530
5693,5.693,1,4004,54004,ladder_a11_lin_r02,prps,1435,7,0.062371,34,0,34,0.08901179,5.10000,prps,0,531
5698,5.698,1,4004,54004,ladder_a11_lin_r02,prps,1456,28,0.241731,33,0,33,0.08639380,4.95000,prps,0,532
5703,5.703,1,4004,54004,ladder_a11_lin_r02,prps,1475,47,0.400595,28,0,28,0.07330382,4.20000,prps,0,533
5708,5.708,1,4004,54004,ladder_a11_lin_r02,prps,1489,61,0.520619,22,0,22,0.05759586,3.30000,prps,0,534
5713,5.713,1,4004,54004,ladder_a11_lin_r02,prps,1497,69,0.586807,13,0,13,0.03403392,1.95000,prps,0,535
5718,5.718,1,4004,54004,ladder_a11_lin_r02,prps,1497,69,0.589380,5,0,5,0.01308997,0.75000,prps,0,536
5723,5.723,1,4004,54004,ladder_a11_lin_r02,prps,1489,61,0.525083,-4,0,-4,-0.01047198,-0.60000,prps,0,537
5728,5.728,1,4004,54004,ladder_a11_lin_r02,prps,1475,47,0.397763,-11,0,-11,-0.02879793,-1.65000,prps,0,538
5733,5.733,1,4004,54004,ladder_a11_lin_r02,prps,1454,26,0.218118,-18,0,-18,-0.04712389,-2.70000,prps,0,539
5738,5.738,1,4004,54004,ladder_a11_lin_r02,prps,1428,0,0.002653,-22,0,-22,-0.05759586,-3.30000,prps,0,540
5743,5.743,1,4004,54004,ladder_a11_lin_r02,prps,1401,-27,-0.228065,-23,0,-23,-0.06021386,-3.45000,prps,0,541
5748,5.748,1,4004,54004,ladder_a11_lin_r02,prps,1375,-53,-0.451642,-22,0,-22,-0.05759586,-3.30000,prps,0,542
5753,5.753,1,4004,54004,ladder_a11_lin_r02,prps,1352,-76,-0.646344,-17,0,-17,-0.04450589,-2.55000,prps,0,543
5758,5.758,1,4004,54004,ladder_a11_lin_r02,prps,1335,-93,-0.793527,-9,0,-9,-0.02356194,-1.35000,prps,0,544
5763,5.763,1,4004,54004,ladder_a11_lin_r02,prps,1325,-103,-0.879733,0,0,0,0.00000000,0.00000,prps,0,545
5768,5.768,1,4004,54004,ladder_a11_lin_r02,prps,1323,-105,-0.898216,10,0,10,0.02617994,1.50000,prps,0,546
5773,5.773,1,4004,54004,ladder_a11_lin_r02,prps,1329,-99,-0.849685,21,0,21,0.05497787,3.15000,prps,0,547
5778,5.778,1,4004,54004,ladder_a11_lin_r02,prps,1341,-87,-0.742212,30,0,30,0.07853982,4.50000,prps,0,548
5783,5.783,1,4004,54004,ladder_a11_lin_r02,prps,1359,-69,-0.590279,39,0,39,0.10210176,5.85000,prps,0,549
5788,5.788,1,4004,54004,ladder_a11_lin_r02,prps,1380,-48,-0.413093,44,0,44,0.11519173,6.60000,prps,0,550
5793,5.793,1,4004,54004,ladder_a11_lin_r02,prps,1401,-27,-0.232364,47,0,47,0.12304571,7.05000,prps,0,551
5798,5.798,1,4004,54004,ladder_a11_lin_r02,prps,1420,-8,-0.069793,47,0,47,0.12304571,7.05000,prps,0,552
5803,5.803,1,4004,54004,ladder_a11_lin_r02,prps,1434,6,0.055421,44,0,44,0.11519173,6.60000,prps,0,553
5808,5.808,1,4004,54004,ladder_a11_lin_r02,prps,1443,15,0.128774,40,0,40,0.10471976,6.00000,prps,0,554
5813,5.813,1,4004,54004,ladder_a11_lin_r02,prps,1445,17,0.142094,33,0,33,0.08639380,4.95000,prps,0,555
5818,5.818,1,4004,54004,ladder_a11_lin_r02,prps,1439,11,0.094428,26,0,26,0.06806784,3.90000,prps,0,556
5823,5.823,1,4004,54004,ladder_a11_lin_r02,prps,1427,-1,-0.007908,18,0,18,0.04712389,2.70000,prps,0,557
5828,5.828,1,4004,54004,ladder_a11_lin_r02,prps,1410,-18,-0.152131,13,0,13,0.03403392,1.95000,prps,0,558
5833,5.833,1,4004,54004,ladder_a11_lin_r02,prps,1390,-38,-0.320535,9,0,9,0.02356194,1.35000,prps,0,559
5838,5.838,1,4004,54004,ladder_a11_lin_r02,prps,1370,-58,-0.492592,8,0,8,0.02094395,1.20000,prps,0,560
5843,5.843,1,4004,54004,ladder_a11_lin_r02,prps,1352,-76,-0.647360,9,0,9,0.02356194,1.35000,prps,0,561
5848,5.848,1,4004,54004,ladder_a11_lin_r02,prps,1338,-90,-0.765924,12,0,12,0.03141592,1.80000,prps,0,562
5853,5.853,1,4004,54004,ladder_a11_lin_r02,prps,1330,-98,-0.833564,18,0,18,0.04712389,2.70000,prps,0,563
5858,5.858,1,4004,54004,ladder_a11_lin_r02,prps,1330,-98,-0.841429,25,0,25,0.06544985,3.75000,prps,0,564
5863,5.863,1,4004,54004,ladder_a11_lin_r02,prps,1336,-92,-0.787506,32,0,32,0.08377580,4.80000,prps,0,565
5868,5.868,1,4004,54004,ladder_a11_lin_r02,prps,1349,-79,-0.676793,39,0,39,0.10210176,5.85000,prps,0,566
5873,5.873,1,4004,54004,ladder_a11_lin_r02,prps,1367,-61,-0.520666,45,0,45,0.11780972,6.75000,prps,0,567
5878,5.878,1,4004,54004,ladder_a11_lin_r02,prps,1389,-39,-0.335524,48,0,48,0.12566370,7.20000,prps,0,568
5883,5.883,1,4004,54004,ladder_a11_lin_r02,prps,1412,-16,-0.140887,49,0,49,0.12828170,7.35000,prps,0,569
5888,5.888,1,4004,54004,ladder_a11_lin_r02,prps,1433,5,0.042836,47,0,47,0.12304571,7.05000,prps,0,570
5893,5.893,1,4004,54004,ladder_a11_lin_r02,prps,1451,23,0.196626,42,0,42,0.10995574,6.30000,prps,0,571
5898,5.898,1,4004,54004,ladder_a11_lin_r02,prps,1464,36,0.304941,38,0,38,0.09948376,5.70000,prps,0,572
5903,5.903,1,4004,54004,ladder_a11_lin_r02,prps,1470,42,0.357351,30,0,30,0.07853982,4.50000,prps,0,573
5908,5.908,1,4004,54004,ladder_a11_lin_r02,prps,1469,41,0.349564,21,0,21,0.05497787,3.15000,prps,0,574
5913,5.913,1,4004,54004,ladder_a11_lin_r02,prps,1461,33,0.283735,12,0,12,0.03141592,1.80000,prps,0,575
5918,5.918,1,4004,54004,ladder_a11_lin_r02,prps,1448,20,0.168035,5,0,5,0.01308997,0.75000,prps,0,576
5923,5.923,1,4004,54004,ladder_a11_lin_r02,prps,1430,2,0.015568,-1,0,-1,-0.00261799,-0.15000,prps,0,577
5928,5.928,1,4004,54004,ladder_a11_lin_r02,prps,1410,-18,-0.157237,-5,0,-5,-0.01308997,-0.75000,prps,0,578
5933,5.933,1,4004,54004,ladder_a11_lin_r02,prps,1389,-39,-0.332539,-6,0,-6,-0.01570796,-0.90000,prps,0,579
5938,5.938,1,4004,54004,ladder_a11_lin_r02,prps,1370,-58,-0.493091,-5,0,-5,-0.01308997,-0.75000,prps,0,580
5943,5.943,1,4004,54004,ladder_a11_lin_r02,prps,1355,-73,-0.624091,-1,0,-1,-0.00261799,-0.15000,prps,0,581
5948,5.948,1,4004,54004,ladder_a11_lin_r02,prps,1344,-84,-0.714684,4,0,4,0.01047198,0.60000,prps,0,582
5953,5.953,1,4004,54004,ladder_a11_lin_r02,prps,1339,-89,-0.758943,12,0,12,0.03141592,1.80000,prps,0,583
5958,5.958,1,4004,54004,ladder_a11_lin_r02,prps,1340,-88,-0.756254,20,0,20,0.05235988,3.00000,prps,0,584
5963,5.963,1,4004,54004,ladder_a11_lin_r02,prps,1345,-83,-0.711079,27,0,27,0.07068583,4.05000,prps,0,585
5968,5.968,1,4004,54004,ladder_a11_lin_r02,prps,1354,-74,-0.632157,34,0,34,0.08901179,5.10000,prps,0,586
5973,5.973,1,4004,54004,ladder_a11_lin_r02,prps,1366,-62,-0.531261,40,0,40,0.10471976,6.00000,prps,0,587
5978,5.978,1,4004,54004,ladder_a11_lin_r02,prps,1379,-49,-0.421682,43,0,43,0.11257374,6.45000,prps,0,588
5983,5.983,1,4004,54004,ladder_a11_lin_r02,prps,1391,-37,-0.316629,45,0,45,0.11780972,6.75000,prps,0,589
5988,5.988,1,4004,54004,ladder_a11_lin_r02,prps,1401,-27,-0.227734,44,0,44,0.11519173,6.60000,prps,0,590
5993,5.993,1,4004,54004,ladder_a11_lin_r02,prps,1409,-19,-0.163840,42,0,42,0.10995574,6.30000,prps,0,591
5998,5.998,1,4004,54004,ladder_a11_lin_r02,prps,1413,-15,-0.130179,40,0,40,0.10471976,6.00000,prps,0,592
6003,6.003,1,4004,54004,ladder_a11_lin_r02,prps,1413,-15,-0.128039,35,0,35,0.09162979,5.25000,prps,0,593
6008,6.008,1,4004,54004,ladder_a11_lin_r02,prps,1410,-18,-0.154904,31,0,31,0.08115781,4.65000,prps,0,594
6013,6.013,1,4004,54004,ladder_a11_lin_r02,prps,1404,-24,-0.205033,26,0,26,0.06806784,3.90000,prps,0,595
6018,6.018,1,4004,54004,ladder_a11_lin_r02,prps,1396,-32,-0.270381,23,0,23,0.06021386,3.45000,prps,0,596
6023,6.023,1,4004,54004,ladder_a11_lin_r02,prps,1388,-40,-0.341717,21,0,21,0.05497787,3.15000,prps,0,597
6028,6.028,1,4004,54004,ladder_a11_lin_r02,prps,1380,-48,-0.409807,20,0,20,0.05235988,3.00000,prps,0,598
6033,6.033,1,4004,54004,ladder_a11_lin_r02,prps,1373,-55,-0.466499,20,0,20,0.05235988,3.00000,prps,0,599
6038,6.038,1,4004,54004,ladder_a11_lin_r02,prps,1369,-59,-0.505600,21,0,21,0.05497787,3.15000,prps,0,600
6043,6.043,1,4004,54004,ladder_a11_lin_r02,prps,1367,-61,-0.523447,23,0,23,0.06021386,3.45000,prps,0,601
6048,6.048,1,4004,54004,ladder_a11_lin_r02,prps,1367,-61,-0.519126,26,0,26,0.06806784,3.90000,prps,0,602
6053,6.053,1,4004,54004,ladder_a11_lin_r02,prps,1370,-58,-0.494352,30,0,30,0.07853982,4.50000,prps,0,603
6058,6.058,1,4004,54004,ladder_a11_lin_r02,prps,1375,-53,-0.453036,33,0,33,0.08639380,4.95000,prps,0,604
6063,6.063,1,4004,54004,ladder_a11_lin_r02,prps,1381,-47,-0.400639,35,0,35,0.09162979,5.25000,prps,0,605
6068,6.068,1,4004,54004,ladder_a11_lin_r02,prps,1388,-40,-0.343397,36,0,36,0.09424778,5.40000,prps,0,606
6073,6.073,1,4004,54004,ladder_a11_lin_r02,prps,1394,-34,-0.287534,36,0,36,0.09424778,5.40000,prps,0,607
6078,6.078,1,4004,54004,ladder_a11_lin_r02,prps,1400,-28,-0.238556,36,0,36,0.09424778,5.40000,prps,0,608
6083,6.083,1,4004,54004,ladder_a11_lin_r02,prps,1405,-23,-0.200712,34,0,34,0.08901179,5.10000,prps,0,609
6088,6.088,1,4004,54004,ladder_a11_lin_r02,prps,1407,-21,-0.176666,32,0,32,0.08377580,4.80000,prps,0,610
6093,6.093,1,4004,54004,ladder_a11_lin_r02,prps,1408,-20,-0.167393,29,0,29,0.07592182,4.35000,prps,0,611
6098,6.098,1,4004,54004,ladder_a11_lin_r02,prps,1408,-20,-0.172295,26,0,26,0.06806784,3.90000,prps,0,612
6103,6.103,1,4004,54004,ladder_a11_lin_r02,prps,1406,-22,-0.189478,24,0,24,0.06283185,3.60000,prps,0,613
6108,6.108,1,4004,54004,ladder_a11_lin_r02,prps,1403,-25,-0.216134,22,0,22,0.05759586,3.30000,prps,0,614
6113,6.113,1,4004,54004,ladder_a11_lin_r02,prps,1399,-29,-0.248969,20,0,20,0.05235988,3.00000,prps,0,615
6118,6.118,1,4004,54004,ladder_a11_lin_r02,prps,1395,-33,-0.284583,20,0,20,0.05235988,3.00000,prps,0,616
6123,6.123,1,4004,54004,ladder_a11_lin_r02,prps,1391,-37,-0.319791,20,0,20,0.05235988,3.00000,prps,0,617
6128,6.128,1,4004,54004,ladder_a11_lin_r02,prps,1387,-41,-0.351807,20,0,20,0.05235988,3.00000,prps,0,618
6133,6.133,1,4004,54004,ladder_a11_lin_r02,prps,1384,-44,-0.378324,20,0,20,0.05235988,3.00000,prps,0,619
6138,6.138,1,4004,54004,ladder_a11_lin_r02,prps,1381,-47,-0.397484,21,0,21,0.05497787,3.15000,prps,0,620
6143,6.143,1,4004,54004,ladder_a11_lin_r02,prps,1380,-48,-0.407774,23,0,23,0.06021386,3.45000,prps,0,621
6148,6.148,1,4004,54004,ladder_a11_lin_r02,prps,1380,-48,-0.407896,24,0,24,0.06283185,3.60000,prps,0,622
6153,6.153,1,4004,54004,ladder_a11_lin_r02,prps,1382,-46,-0.396670,26,0,26,0.06806784,3.90000,prps,0,623
6158,6.158,1,4004,54004,ladder_a11_lin_r02,prps,1384,-44,-0.372983,28,0,28,0.07330382,4.20000,prps,0,624
6163,6.163,1,4004,54004,ladder_a11_lin_r02,prps,1389,-39,-0.335836,29,0,29,0.07592182,4.35000,prps,0,625
6168,6.168,1,4004,54004,ladder_a11_lin_r02,prps,1395,-33,-0.284481,30,0,30,0.07853982,4.50000,prps,0,626
6173,6.173,1,4004,54004,ladder_a11_lin_r02,prps,1402,-26,-0.218631,30,0,30,0.07853982,4.50000,prps,0,627
6178,6.178,1,4004,54004,ladder_a11_lin_r02,prps,1412,-16,-0.138706,30,0,30,0.07853982,4.50000,prps,0,628
6183,6.183,1,4004,54004,ladder_a11_lin_r02,prps,1423,-5,-0.046071,29,0,29,0.07592182,4.35000,prps,0,629
6188,6.188,1,4004,54004,ladder_a11_lin_r02,prps,1435,7,0.056801,27,0,27,0.07068583,4.05000,prps,0,630
6193,6.193,1,4004,54004,ladder_a11_lin_r02,prps,1447,19,0.166278,24,0,24,0.06283185,3.60000,prps,0,631
6198,6.198,1,4004,54004,ladder_a11_lin_r02,prps,1460,32,0.277690,20,0,20,0.05235988,3.00000,prps,0,632
6203,6.203,1,4004,54004,ladder_a11_lin_r02,prps,1473,45,0.385607,15,0,15,0.03926991,2.25000,prps,0,633
6208,6.208,1,4004,54004,ladder_a11_lin_r02,prps,1485,57,0.484289,9,0,9,0.02356194,1.35000,prps,0,634
6213,6.213,1,4004,54004,ladder_a11_lin_r02,prps,1494,66,0.568255,3,0,3,0.00785398,0.45000,prps,0,635
6218,6.218,1,4004,54004,ladder_a11_lin_r02,prps,1502,74,0.632908,-4,0,-4,-0.01047198,-0.60000,prps,0,636
6223,6.223,1,4004,54004,ladder_a11_lin_r02,prps,1507,79,0.675135,-11,0,-11,-0.02879793,-1.65000,prps,0,637
6228,6.228,1,4004,54004,ladder_a11_lin_r02,prps,1509,81,0.693806,-17,0,-17,-0.04450589,-2.55000,prps,0,638
6233,6.233,1,4004,54004,ladder_a11_lin_r02,prps,1509,81,0.690068,-24,0,-24,-0.06283185,-3.60000,prps,0,639
6238,6.238,1,4004,54004,ladder_a11_lin_r02,prps,1506,78,0.667396,-29,0,-29,-0.07592182,-4.35000,prps,0,640
6243,6.243,1,4004,54004,ladder_a11_lin_r02,prps,1502,74,0.631358,-33,0,-33,-0.08639380,-4.95000,prps,0,641
6248,6.248,1,4004,54004,ladder_a11_lin_r02,prps,1497,69,0.589089,-37,0,-37,-0.09686577,-5.55000,prps,0,642
6253,6.253,1,4004,54004,ladder_a11_lin_r02,prps,1492,64,0.548537,-39,0,-39,-0.10210176,-5.85000,prps,0,643
6258,6.258,1,4004,54004,ladder_a11_lin_r02,prps,1489,61,0.517536,-40,0,-40,-0.10471976,-6.00000,prps,0,644
6263,6.263,1,4004,54004,ladder_a11_lin_r02,prps,1487,59,0.502830,-40,0,-40,-0.10471976,-6.00000,prps,0,645
6268,6.268,1,4004,54004,ladder_a11_lin_r02,prps,1488,60,0.509158,-40,0,-40,-0.10471976,-6.00000,prps,0,646
6273,6.273,1,4004,54004,ladder_a11_lin_r02,prps,1491,63,0.538530,-40,0,-40,-0.10471976,-6.00000,prps,0,647
6278,6.278,1,4004,54004,ladder_a11_lin_r02,prps,1497,69,0.589788,-39,0,-39,-0.10210176,-5.85000,prps,0,648
6283,6.283,1,4004,54004,ladder_a11_lin_r02,prps,1505,77,0.658544,-38,0,-38,-0.09948376,-5.70000,prps,0,649
6288,6.288,1,4004,54004,ladder_a11_lin_r02,prps,1514,86,0.737511,-38,0,-38,-0.09948376,-5.70000,prps,0,650
6293,6.293,1,4004,54004,ladder_a11_lin_r02,prps,1524,96,0.817222,-38,0,-38,-0.09948376,-5.70000,prps,0,651
6298,6.298,1,4004,54004,ladder_a11_lin_r02,prps,1532,104,0.887064,-39,0,-39,-0.10210176,-5.85000,prps,0,652
6303,6.303,1,4004,54004,ladder_a11_lin_r02,prps,1538,110,0.936525,-42,0,-42,-0.10995574,-6.30000,prps,0,653
6308,6.308,1,4004,54004,ladder_a11_lin_r02,prps,1540,112,0.956499,-45,0,-45,-0.11780972,-6.75000,prps,0,654
6313,6.313,1,4004,54004,ladder_a11_lin_r02,prps,1538,110,0.940509,-49,0,-49,-0.12828170,-7.35000,prps,0,655
6318,6.318,1,4004,54004,ladder_a11_lin_r02,prps,1532,104,0.885680,-53,0,-53,-0.13875367,-7.95000,prps,0,656
6323,6.323,1,4004,54004,ladder_a11_lin_r02,prps,1521,93,0.793333,-57,0,-57,-0.14922565,-8.55000,prps,0,657
6328,6.328,1,4004,54004,ladder_a11_lin_r02,prps,1506,78,0.669115,-59,0,-59,-0.15446164,-8.85000,prps,0,658
6333,6.333,1,4004,54004,ladder_a11_lin_r02,prps,1489,61,0.522624,-59,0,-59,-0.15446164,-8.85000,prps,0,659
6338,6.338,1,4004,54004,ladder_a11_lin_r02,prps,1471,43,0.366544,-59,0,-59,-0.15446164,-8.85000,prps,0,660
6343,6.343,1,4004,54004,ladder_a11_lin_r02,prps,1453,25,0.215386,-55,0,-55,-0.14398966,-8.25000,prps,0,661
6348,6.348,1,4004,54004,ladder_a11_lin_r02,prps,1438,10,0.083951,-51,0,-51,-0.13351768,-7.65000,prps,0,662
6353,6.353,1,4004,54004,ladder_a11_lin_r02,prps,1426,-2,-0.014301,-46,0,-46,-0.12042772,-6.90000,prps,0,663
6358,6.358,1,4004,54004,ladder_a11_lin_r02,prps,1420,-8,-0.068800,-38,0,-38,-0.09948376,-5.70000,prps,0,664
6363,6.363,1,4004,54004,ladder_a11_lin_r02,prps,1419,-9,-0.073137,-31,0,-31,-0.08115781,-4.65000,prps,0,665
6368,6.368,1,4004,54004,ladder_a11_lin_r02,prps,1425,-3,-0.025913,-24,0,-24,-0.06283185,-3.60000,prps,0,666
6373,6.373,1,4004,54004,ladder_a11_lin_r02,prps,1436,8,0.068950,-17,0,-17,-0.04450589,-2.55000,prps,0,667
6378,6.378,1,4004,54004,ladder_a11_lin_r02,prps,1452,24,0.202485,-11,0,-11,-0.02879793,-1.65000,prps,0,668
6383,6.383,1,4004,54004,ladder_a11_lin_r02,prps,1470,42,0.361535,-8,0,-8,-0.02094395,-1.20000,prps,0,669
6388,6.388,1,4004,54004,ladder_a11_lin_r02,prps,1490,62,0.530079,-7,0,-7,-0.01832596,-1.05000,prps,0,670
6393,6.393,1,4004,54004,ladder_a11_lin_r02,prps,1509,81,0.690916,-8,0,-8,-0.02094395,-1.20000,prps,0,671
6398,6.398,1,4004,54004,ladder_a11_lin_r02,prps,1525,97,0.827498,-11,0,-11,-0.02879793,-1.65000,prps,0,672
6403,6.403,1,4004,54004,ladder_a11_lin_r02,prps,1536,108,0.925723,-16,0,-16,-0.04188790,-2.40000,prps,0,673
6408,6.408,1,4004,54004,ladder_a11_lin_r02,prps,1542,114,0.975473,-23,0,-23,-0.06021386,-3.45000,prps,0,674
6413,6.413,1,4004,54004,ladder_a11_lin_r02,prps,1542,114,0.971724,-30,0,-30,-0.07853982,-4.50000,prps,0,675
6418,6.418,1,4004,54004,ladder_a11_lin_r02,prps,1535,107,0.915109,-38,0,-38,-0.09948376,-5.70000,prps,0,676
6423,6.423,1,4004,54004,ladder_a11_lin_r02,prps,1523,95,0.811850,-44,0,-44,-0.11519173,-6.60000,prps,0,677
6428,6.428,1,4004,54004,ladder_a11_lin_r02,prps,1507,79,0.673077,-49,0,-49,-0.12828170,-7.35000,prps,0,678
6433,6.433,1,4004,54004,ladder_a11_lin_r02,prps,1488,60,0.513606,-53,0,-53,-0.13875367,-7.95000,prps,0,679
6438,6.438,1,4004,54004,ladder_a11_lin_r02,prps,1469,41,0.350311,-54,0,-54,-0.14137166,-8.10000,prps,0,680
6443,6.443,1,4004,54004,ladder_a11_lin_r02,prps,1451,23,0.200274,-52,0,-52,-0.13613568,-7.80000,prps,0,681
6448,6.448,1,4004,54004,ladder_a11_lin_r02,prps,1437,9,0.078928,-48,0,-48,-0.12566370,-7.20000,prps,0,682
6453,6.453,1,4004,54004,ladder_a11_lin_r02,prps,1428,0,-0.001608,-43,0,-43,-0.11257374,-6.45000,prps,0,683
6458,6.458,1,4004,54004,ladder_a11_lin_r02,prps,1424,-4,-0.033814,-37,0,-37,-0.09686577,-5.55000,prps,0,684
6463,6.463,1,4004,54004,ladder_a11_lin_r02,prps,1426,-2,-0.015529,-29,0,-29,-0.07592182,-4.35000,prps,0,685
6468,6.468,1,4004,54004,ladder_a11_lin_r02,prps,1434,6,0.049891,-23,0,-23,-0.06021386,-3.45000,prps,0,686
6473,6.473,1,4004,54004,ladder_a11_lin_r02,prps,1446,18,0.154026,-17,0,-17,-0.04450589,-2.55000,prps,0,687
6478,6.478,1,4004,54004,ladder_a11_lin_r02,prps,1461,33,0.284400,-12,0,-12,-0.03141592,-1.80000,prps,0,688
6483,6.483,1,4004,54004,ladder_a11_lin_r02,prps,1478,50,0.425918,-10,0,-10,-0.02617994,-1.50000,prps,0,689
6488,6.488,1,4004,54004,ladder_a11_lin_r02,prps,1494,66,0.562572,-10,0,-10,-0.02617994,-1.50000,prps,0,690
6493,6.493,1,4004,54004,ladder_a11_lin_r02,prps,1507,79,0.679211,-12,0,-12,-0.03141592,-1.80000,prps,0,691
6498,6.498,1,4004,54004,ladder_a11_lin_r02,prps,1517,89,0.763187,-15,0,-15,-0.03926991,-2.25000,prps,0,692
6503,6.503,1,4004,54004,ladder_a11_lin_r02,prps,1522,94,0.805686,-20,0,-20,-0.05235988,-3.00000,prps,0,693
6508,6.508,1,4004,54004,ladder_a11_lin_r02,prps,1522,94,0.802608,-26,0,-26,-0.06806784,-3.90000,prps,0,694
6513,6.513,1,4004,54004,ladder_a11_lin_r02,prps,1516,88,0.754910,-32,0,-32,-0.08377580,-4.80000,prps,0,695
6518,6.518,1,4004,54004,ladder_a11_lin_r02,prps,1506,78,0.668383,-37,0,-37,-0.09686577,-5.55000,prps,0,696
6523,6.523,1,4004,54004,ladder_a11_lin_r02,prps,1493,65,0.552914,-41,0,-41,-0.10733775,-6.15000,prps,0,697
6528,6.528,1,4004,54004,ladder_a11_lin_r02,prps,1477,49,0.421314,-44,0,-44,-0.11519173,-6.60000,prps,0,698
6533,6.533,1,4004,54004,ladder_a11_lin_r02,prps,1462,34,0.287869,-44,0,-44,-0.11519173,-6.60000,prps,0,699
6538,6.538,1,4004,54004,ladder_a11_lin_r02,prps,1448,20,0.166777,-43,0,-43,-0.11257374,-6.45000,prps,0,700
6543,6.543,1,4004,54004,ladder_a11_lin_r02,prps,1436,8,0.070646,-41,0,-41,-0.10733775,-6.15000,prps,0,701
6548,6.548,1,4004,54004,ladder_a11_lin_r02,prps,1429,1,0.009218,-36,0,-36,-0.09424778,-5.40000,prps,0,702
6553,6.553,1,4004,54004,ladder_a11_lin_r02,prps,1427,-1,-0.011550,-30,0,-30,-0.07853982,-4.50000,prps,0,703
6558,6.558,1,4004,54004,ladder_a11_lin_r02,prps,1429,1,0.010026,-24,0,-24,-0.06283185,-3.60000,prps,0,704
6563,6.563,1,4004,54004,ladder_a11_lin_r02,prps,1436,8,0.071353,-18,0,-18,-0.04712389,-2.70000,prps,0,705
6568,6.568,1,4004,54004,ladder_a11_lin_r02,prps,1447,19,0.165995,-13,0,-13,-0.03403392,-1.95000,prps,0,706
6573,6.573,1,4004,54004,ladder_a11_lin_r02,prps,1461,33,0.284496,-10,0,-10,-0.02617994,-1.50000,prps,0,707
6578,6.578,1,4004,54004,ladder_a11_lin_r02,prps,1477,49,0.415462,-8,0,-8,-0.02094395,-1.20000,prps,0,708
6583,6.583,1,4004,54004,ladder_a11_lin_r02,prps,1492,64,0.546782,-8,0,-8,-0.02094395,-1.20000,prps,0,709
6588,6.588,1,4004,54004,ladder_a11_lin_r02,prps,1506,78,0.666853,-10,0,-10,-0.02617994,-1.50000,prps,0,710
6593,6.593,1,4004,54004,ladder_a11_lin_r02,prps,1518,90,0.765656,-14,0,-14,-0.03665191,-2.10000,prps,0,711
6598,6.598,1,4004,54004,ladder_a11_lin_r02,prps,1526,98,0.835603,-18,0,-18,-0.04712389,-2.70000,prps,0,712
6603,6.603,1,4004,54004,ladder_a11_lin_r02,prps,1530,102,0.872069,-25,0,-25,-0.06544985,-3.75000,prps,0,713
6608,6.608,1,4004,54004,ladder_a11_lin_r02,prps,1530,102,0.873581,-31,0,-31,-0.08115781,-4.65000,prps,0,714
6613,6.613,1,4004,54004,ladder_a11_lin_r02,prps,1526,98,0.841675,-37,0,-37,-0.09686577,-5.55000,prps,0,715
6618,6.618,1,4004,54004,ladder_a11_lin_r02,prps,1519,91,0.780467,-42,0,-42,-0.10995574,-6.30000,prps,0,716
6623,6.623,1,4004,54004,ladder_a11_lin_r02,prps,1509,81,0.696016,-47,0,-47,-0.12304571,-7.05000,prps,0,717
6628,6.628,1,4004,54004,ladder_a11_lin_r02,prps,1498,70,0.595569,-49,0,-49,-0.12828170,-7.35000,prps,0,718
6633,6.633,1,4004,54004,ladder_a11_lin_r02,prps,1485,57,0.486782,-50,0,-50,-0.13089970,-7.50000,prps,0,719
6638,6.638,1,4004,54004,ladder_a11_lin_r02,prps,1472,44,0.377003,-50,0,-50,-0.13089970,-7.50000,prps,0,720
6643,6.643,1,4004,54004,ladder_a11_lin_r02,prps,1460,32,0.272694,-48,0,-48,-0.12566370,-7.20000,prps,0,721
6648,6.648,1,4004,54004,ladder_a11_lin_r02,prps,1449,21,0.179029,-45,0,-45,-0.11780972,-6.75000,prps,0,722
6653,6.653,1,4004,54004,ladder_a11_lin_r02,prps,1440,12,0.099687,-41,0,-41,-0.10733775,-6.15000,prps,0,723
6658,6.658,1,4004,54004,ladder_a11_lin_r02,prps,1432,4,0.036831,-36,0,-36,-0.09424778,-5.40000,prps,0,724
6663,6.663,1,4004,54004,ladder_a11_lin_r02,prps,1427,-1,-0.008760,-30,0,-30,-0.07853982,-4.50000,prps,0,725
6668,6.668,1,4004,54004,ladder_a11_lin_r02,prps,1424,-4,-0.037453,-24,0,-24,-0.06283185,-3.60000,prps,0,726
6673,6.673,1,4004,54004,ladder_a11_lin_r02,prps,1422,-6,-0.050471,-19,0,-19,-0.04974188,-2.85000,prps,0,727
6678,6.678,1,4004,54004,ladder_a11_lin_r02,prps,1422,-6,-0.049598,-13,0,-13,-0.03403392,-1.95000,prps,0,728
6683,6.683,1,4004,54004,ladder_a11_lin_r02,prps,1424,-4,-0.036935,-9,0,-9,-0.02356194,-1.35000,prps,0,729
6688,6.688,1,4004,54004,ladder_a11_lin_r02,prps,1426,-2,-0.014709,-6,0,-6,-0.01570796,-0.90000,prps,0,730
6693,6.693,1,4004,54004,ladder_a11_lin_r02,prps,1430,2,0.014836,-3,0,-3,-0.00785398,-0.45000,prps,0,731
6698,6.698,1,4004,54004,ladder_a11_lin_r02,prps,1434,6,0.049476,0,0,0,0.00000000,0.00000,prps,0,732
6703,6.703,1,4004,54004,ladder_a11_lin_r02,prps,1438,10,0.087008,0,0,0,0.00000000,0.00000,prps,0,733
6708,6.708,1,4004,54004,ladder_a11_lin_r02,prps,1443,15,0.125224,1,0,1,0.00261799,0.15000,prps,0,734
6713,6.713,1,4004,54004,ladder_a11_lin_r02,prps,1447,19,0.161910,0,0,0,0.00000000,0.00000,prps,0,735
6718,6.718,1,4004,54004,ladder_a11_lin_r02,prps,1451,23,0.194880,-1,0,-1,-0.00261799,-0.15000,prps,0,736
6723,6.723,1,4004,54004,ladder_a11_lin_r02,prps,1454,26,0.222064,-2,0,-2,-0.00523599,-0.30000,prps,0,737
6728,6.728,1,4004,54004,ladder_a11_lin_r02,prps,1456,28,0.241662,-4,0,-4,-0.01047198,-0.60000,prps,0,738
6733,6.733,1,4004,54004,ladder_a11_lin_r02,prps,1458,30,0.252333,-6,0,-6,-0.01570796,-0.90000,prps,0,739
6738,6.738,1,4004,54004,ladder_a11_lin_r02,prps,1458,30,0.253404,-8,0,-8,-0.02094395,-1.20000,prps,0,740
6743,6.743,1,4004,54004,ladder_a11_lin_r02,prps,1457,29,0.245061,-9,0,-9,-0.02356194,-1.35000,prps,0,741
6748,6.748,1,4004,54004,ladder_a11_lin_r02,prps,1455,27,0.228474,-11,0,-11,-0.02879793,-1.65000,prps,0,742
6753,6.753,1,4004,54004,ladder_a11_lin_r02,prps,1452,24,0.205835,-13,0,-13,-0.03403392,-1.95000,prps,0,743
6758,6.758,1,4004,54004,ladder_a11_lin_r02,prps,1449,21,0.180263,-14,0,-14,-0.03665191,-2.10000,prps,0,744
6763,6.763,1,4004,54004,ladder_a11_lin_r02,prps,1446,18,0.155587,-14,0,-14,-0.03665191,-2.10000,prps,0,745
6768,6.768,1,4004,54004,ladder_a11_lin_r02,prps,1444,16,0.135993,-14,0,-14,-0.03665191,-2.10000,prps,0,746
6773,6.773,1,4004,54004,ladder_a11_lin_r02,prps,1443,15,0.125593,-14,0,-14,-0.03665191,-2.10000,prps,0,747
6778,6.778,1,4004,54004,ladder_a11_lin_r02,prps,1443,15,0.127924,-14,0,-14,-0.03665191,-2.10000,prps,0,748
6783,6.783,1,4004,54004,ladder_a11_lin_r02,prps,1445,17,0.145469,-14,0,-14,-0.03665191,-2.10000,prps,0,749
6788,6.788,1,4004,54004,ladder_a11_lin_r02,prps,1449,21,0.179244,-13,0,-13,-0.03403392,-1.95000,prps,0,750
6793,6.793,1,4004,54004,ladder_a11_lin_r02,prps,1455,27,0.228510,-12,0,-12,-0.03141592,-1.80000,prps,0,751
6798,6.798,1,4004,54004,ladder_a11_lin_r02,prps,1462,34,0.290669,-11,0,-11,-0.02879793,-1.65000,prps,0,752
6803,6.803,1,4004,54004,ladder_a11_lin_r02,prps,1470,42,0.361357,-11,0,-11,-0.02879793,-1.65000,prps,0,753
6808,6.808,1,4004,54004,ladder_a11_lin_r02,prps,1479,51,0.434757,-12,0,-12,-0.03141592,-1.80000,prps,0,754
6813,6.813,1,4004,54004,ladder_a11_lin_r02,prps,1487,59,0.504091,-13,0,-13,-0.03403392,-1.95000,prps,0,755
6818,6.818,1,4004,54004,ladder_a11_lin_r02,prps,1494,66,0.562261,-16,0,-16,-0.04188790,-2.40000,prps,0,756
6823,6.823,1,4004,54004,ladder_a11_lin_r02,prps,1499,71,0.602569,-19,0,-19,-0.04974188,-2.85000,prps,0,757
6828,6.828,1,4004,54004,ladder_a11_lin_r02,prps,1500,72,0.619436,-23,0,-23,-0.06021386,-3.45000,prps,0,758
6833,6.833,1,4004,54004,ladder_a11_lin_r02,prps,1499,71,0.609037,-27,0,-27,-0.07068583,-4.05000,prps,0,759
6838,6.838,1,4004,54004,ladder_a11_lin_r02,prps,1495,67,0.569785,-30,0,-30,-0.07853982,-4.50000,prps,0,760
6843,6.843,1,4004,54004,ladder_a11_lin_r02,prps,1487,59,0.502593,-33,0,-33,-0.08639380,-4.95000,prps,0,761
6848,6.848,1,4004,54004,ladder_a11_lin_r02,prps,1476,48,0.410884,-35,0,-35,-0.09162979,-5.25000,prps,0,762
6853,6.853,1,4004,54004,ladder_a11_lin_r02,prps,1463,35,0.300346,-36,0,-36,-0.09424778,-5.40000,prps,0,763
6858,6.858,1,4004,54004,ladder_a11_lin_r02,prps,1449,21,0.178441,-36,0,-36,-0.09424778,-5.40000,prps,0,764
6863,6.863,1,4004,54004,ladder_a11_lin_r02,prps,1434,6,0.053723,-35,0,-35,-0.09162979,-5.25000,prps,0,765
6868,6.868,1,4004,54004,ladder_a11_lin_r02,prps,1420,-8,-0.064958,-32,0,-32,-0.08377580,-4.80000,prps,0,766
6873,6.873,1,4004,54004,ladder_a11_lin_r02,prps,1408,-20,-0.169292,-27,0,-27,-0.07068583,-4.05000,prps,0,767
6878,6.878,1,4004,54004,ladder_a11_lin_r02,prps,1398,-30,-0.252288,-21,0,-21,-0.05497787,-3.15000,prps,0,768
6883,6.883,1,4004,54004,ladder_a11_lin_r02,prps,1392,-36,-0.308924,-15,0,-15,-0.03926991,-2.25000,prps,0,769
6888,6.888,1,4004,54004,ladder_a11_lin_r02,prps,1389,-39,-0.336582,-8,0,-8,-0.02094395,-1.20000,prps,0,770
6893,6.893,1,4004,54004,ladder_a11_lin_r02,prps,1389,-39,-0.335247,-2,0,-2,-0.00523599,-0.30000,prps,0,771
6898,6.898,1,4004,54004,ladder_a11_lin_r02,prps,1392,-36,-0.307437,4,0,4,0.01047198,0.60000,prps,0,772
6903,6.903,1,4004,54004,ladder_a11_lin_r02,prps,1398,-30,-0.257886,10,0,10,0.02617994,1.50000,prps,0,773
6908,6.908,1,4004,54004,ladder_a11_lin_r02,prps,1405,-23,-0.193017,14,0,14,0.03665191,2.10000,prps,0,774
6913,6.913,1,4004,54004,ladder_a11_lin_r02,prps,1414,-14,-0.120266,17,0,17,0.04450589,2.55000,prps,0,775
6918,6.918,1,4004,54004,ladder_a11_lin_r02,prps,1422,-6,-0.047339,18,0,18,0.04712389,2.70000,prps,0,776
6923,6.923,1,4004,54004,ladder_a11_lin_r02,prps,1430,2,0.018526,17,0,17,0.04450589,2.55000,prps,0,777
6928,6.928,1,4004,54004,ladder_a11_lin_r02,prps,1436,8,0.071215,16,0,16,0.04188790,2.40000,prps,0,778
6933,6.933,1,4004,54004,ladder_a11_lin_r02,prps,1440,12,0.106237,14,0,14,0.03665191,2.10000,prps,0,779
6938,6.938,1,4004,54004,ladder_a11_lin_r02,prps,1442,14,0.121038,10,0,10,0.02617994,1.50000,prps,0,780
6943,6.943,1,4004,54004,ladder_a11_lin_r02,prps,1441,13,0.115104,7,0,7,0.01832596,1.05000,prps,0,781
6948,6.948,1,4004,54004,ladder_a11_lin_r02,prps,1439,11,0.089854,4,0,4,0.01047198,0.60000,prps,0,782
6953,6.953,1,4004,54004,ladder_a11_lin_r02,prps,1434,6,0.048351,2,0,2,0.00523599,0.30000,prps,0,783
6958,6.958,1,4004,54004,ladder_a11_lin_r02,prps,1427,-1,-0.005120,0,0,0,0.00000000,0.00000,prps,0,784
6963,6.963,1,4004,54004,ladder_a11_lin_r02,prps,1420,-8,-0.065557,-1,0,-1,-0.00261799,-0.15000,prps,0,785
6968,6.968,1,4004,54004,ladder_a11_lin_r02,prps,1413,-15,-0.127767,-1,0,-1,-0.00261799,-0.15000,prps,0,786
6973,6.973,1,4004,54004,ladder_a11_lin_r02,prps,1406,-22,-0.186855,-1,0,-1,-0.00261799,-0.15000,prps,0,787
6978,6.978,1,4004,54004,ladder_a11_lin_r02,prps,1400,-28,-0.238635,1,0,1,0.00261799,0.15000,prps,0,788
6983,6.983,1,4004,54004,ladder_a11_lin_r02,prps,1395,-33,-0.279921,3,0,3,0.00785398,0.45000,prps,0,789
6988,6.988,1,4004,54004,ladder_a11_lin_r02,prps,1392,-36,-0.308690,7,0,7,0.01832596,1.05000,prps,0,790
6993,6.993,1,4004,54004,ladder_a11_lin_r02,prps,1390,-38,-0.324116,10,0,10,0.02617994,1.50000,prps,0,791
6998,6.998,1,4004,54004,ladder_a11_lin_r02,prps,1390,-38,-0.326488,14,0,14,0.03665191,2.10000,prps,0,792
7003,7.003,1,4004,54004,ladder_a11_lin_r02,prps,1391,-37,-0.317032,17,0,17,0.04450589,2.55000,prps,0,793
7008,7.008,1,4004,54004,ladder_a11_lin_r02,prps,1393,-35,-0.297692,19,0,19,0.04974188,2.85000,prps,0,794
7013,7.013,1,4004,54004,ladder_a11_lin_r02,prps,1396,-32,-0.270868,22,0,22,0.05759586,3.30000,prps,0,795
7018,7.018,1,4004,54004,ladder_a11_lin_r02,prps,1400,-28,-0.239170,23,0,23,0.06021386,3.45000,prps,0,796
7023,7.023,1,4004,54004,ladder_a11_lin_r02,prps,1404,-24,-0.205202,23,0,23,0.06021386,3.45000,prps,0,797
7028,7.028,1,4004,54004,ladder_a11_lin_r02,prps,1408,-20,-0.171383,23,0,23,0.06021386,3.45000,prps,0,798
7033,7.033,1,4004,54004,ladder_a11_lin_r02,prps,1412,-16,-0.139812,23,0,23,0.06021386,3.45000,prps,0,799
7038,7.038,1,4004,54004,ladder_a11_lin_r02,prps,1415,-13,-0.112189,23,0,23,0.06021386,3.45000,prps,0,800
7043,7.043,1,4004,54004,ladder_a11_lin_r02,prps,1417,-11,-0.089753,21,0,21,0.05497787,3.15000,prps,0,801
7048,7.048,1,4004,54004,ladder_a11_lin_r02,prps,1419,-9,-0.073263,19,0,19,0.04974188,2.85000,prps,0,802
7053,7.053,1,4004,54004,ladder_a11_lin_r02,prps,1421,-7,-0.062978,17,0,17,0.04450589,2.55000,prps,0,803
7058,7.058,1,4004,54004,ladder_a11_lin_r02,prps,1421,-7,-0.058654,15,0,15,0.03926991,2.25000,prps,0,804
7063,7.063,1,4004,54004,ladder_a11_lin_r02,prps,1421,-7,-0.059542,13,0,13,0.03403392,1.95000,prps,0,805
7068,7.068,1,4004,54004,ladder_a11_lin_r02,prps,1420,-8,-0.064397,11,0,11,0.02879793,1.65000,prps,0,806
7073,7.073,1,4004,54004,ladder_a11_lin_r02,prps,1420,-8,-0.071508,10,0,10,0.02617994,1.50000,prps,0,807
7078,7.078,1,4004,54004,ladder_a11_lin_r02,prps,1419,-9,-0.078754,9,0,9,0.02356194,1.35000,prps,0,808
7083,7.083,1,4004,54004,ladder_a11_lin_r02,prps,1418,-10,-0.083696,9,0,9,0.02356194,1.35000,prps,0,809
7088,7.088,1,4004,54004,ladder_a11_lin_r02,prps,1418,-10,-0.083724,9,0,9,0.02356194,1.35000,prps,0,810
7093,7.093,1,4004,54004,ladder_a11_lin_r02,prps,1419,-9,-0.076237,9,0,9,0.02356194,1.35000,prps,0,811
7098,7.098,1,4004,54004,ladder_a11_lin_r02,prps,1421,-7,-0.058870,9,0,9,0.02356194,1.35000,prps,0,812
7103,7.103,1,4004,54004,ladder_a11_lin_r02,prps,1425,-3,-0.029739,8,0,8,0.02094395,1.20000,prps,0,813
7108,7.108,1,4004,54004,ladder_a11_lin_r02,prps,1429,1,0.012322,8,0,8,0.02094395,1.20000,prps,0,814
7113,7.113,1,4004,54004,ladder_a11_lin_r02,prps,1436,8,0.067544,8,0,8,0.02094395,1.20000,prps,0,815
7118,7.118,1,4004,54004,ladder_a11_lin_r02,prps,1444,16,0.135082,8,0,8,0.02094395,1.20000,prps,0,816
7123,7.123,1,4004,54004,ladder_a11_lin_r02,prps,1453,25,0.212951,6,0,6,0.01570796,0.90000,prps,0,817
7128,7.128,1,4004,54004,ladder_a11_lin_r02,prps,1463,35,0.298073,4,0,4,0.01047198,0.60000,prps,0,818
7133,7.133,1,4004,54004,ladder_a11_lin_r02,prps,1473,45,0.386442,1,0,1,0.00261799,0.15000,prps,0,819
7138,7.138,1,4004,54004,ladder_a11_lin_r02,prps,1483,55,0.473394,-3,0,-3,-0.00785398,-0.45000,prps,0,820
7143,7.143,1,4004,54004,ladder_a11_lin_r02,prps,1493,65,0.553968,-7,0,-7,-0.01832596,-1.05000,prps,0,821
7148,7.148,1,4004,54004,ladder_a11_lin_r02,prps,1501,73,0.623323,-12,0,-12,-0.03141592,-1.80000,prps,0,822
7153,7.153,1,4004,54004,ladder_a11_lin_r02,prps,1507,79,0.677169,-17,0,-17,-0.04450589,-2.55000,prps,0,823
7158,7.158,1,4004,54004,ladder_a11_lin_r02,prps,1511,83,0.712167,-22,0,-22,-0.05759586,-3.30000,prps,0,824
7163,7.163,1,4004,54004,ladder_a11_lin_r02,prps,1513,85,0.726246,-27,0,-27,-0.07068583,-4.05000,prps,0,825
7168,7.168,1,4004,54004,ladder_a11_lin_r02,prps,1512,84,0.718807,-31,0,-31,-0.08115781,-4.65000,prps,0,826
7173,7.173,1,4004,54004,ladder_a11_lin_r02,prps,1509,81,0.690780,-36,0,-36,-0.09424778,-5.40000,prps,0,827
7178,7.178,1,4004,54004,ladder_a11_lin_r02,prps,1503,75,0.644535,-39,0,-39,-0.10210176,-5.85000,prps,0,828
7183,7.183,1,4004,54004,ladder_a11_lin_r02,prps,1496,68,0.583639,-42,0,-42,-0.10995574,-6.30000,prps,0,829
7188,7.188,1,4004,54004,ladder_a11_lin_r02,prps,1488,60,0.512504,-43,0,-43,-0.11257374,-6.45000,prps,0,830
7193,7.193,1,4004,54004,ladder_a11_lin_r02,prps,1479,51,0.435956,-44,0,-44,-0.11519173,-6.60000,prps,0,831
7198,7.198,1,4004,54004,ladder_a11_lin_r02,prps,1470,42,0.358773,-43,0,-43,-0.11257374,-6.45000,prps,0,832
7203,7.203,1,4004,54004,ladder_a11_lin_r02,prps,1461,33,0.285263,-42,0,-42,-0.10995574,-6.30000,prps,0,833
7208,7.208,1,4004,54004,ladder_a11_lin_r02,prps,1454,26,0.218901,-40,0,-40,-0.10471976,-6.00000,prps,0,834
7213,7.213,1,4004,54004,ladder_a11_lin_r02,prps,1447,19,0.162103,-36,0,-36,-0.09424778,-5.40000,prps,0,835
7218,7.218,1,4004,54004,ladder_a11_lin_r02,prps,1442,14,0.116123,-32,0,-32,-0.08377580,-4.80000,prps,0,836
7223,7.223,1,4004,54004,ladder_a11_lin_r02,prps,1437,9,0.081106,-27,0,-27,-0.07068583,-4.05000,prps,0,837
7228,7.228,1,4004,54004,ladder_a11_lin_r02,prps,1435,7,0.056265,-23,0,-23,-0.06021386,-3.45000,prps,0,838
7233,7.233,1,4004,54004,ladder_a11_lin_r02,prps,1433,5,0.040155,-19,0,-19,-0.04974188,-2.85000,prps,0,839
7238,7.238,1,4004,54004,ladder_a11_lin_r02,prps,1432,4,0.031002,-15,0,-15,-0.03926991,-2.25000,prps,0,840
7243,7.243,1,4004,54004,ladder_a11_lin_r02,prps,1431,3,0.027032,-11,0,-11,-0.02879793,-1.65000,prps,0,841
7248,7.248,1,4004,54004,ladder_a11_lin_r02,prps,1431,3,0.026742,-9,0,-9,-0.02356194,-1.35000,prps,0,842
7253,7.253,1,4004,54004,ladder_a11_lin_r02,prps,1431,3,0.029099,-7,0,-7,-0.01832596,-1.05000,prps,0,843
7258,7.258,1,4004,54004,ladder_a11_lin_r02,prps,1432,4,0.033600,-5,0,-5,-0.01308997,-0.75000,prps,0,844
7263,7.263,1,4004,54004,ladder_a11_lin_r02,prps,1433,5,0.040227,-3,0,-3,-0.00785398,-0.45000,prps,0,845
7268,7.268,1,4004,54004,ladder_a11_lin_r02,prps,1434,6,0.049286,-2,0,-2,-0.00523599,-0.30000,prps,0,846
7273,7.273,1,4004,54004,ladder_a11_lin_r02,prps,1435,7,0.061161,-2,0,-2,-0.00523599,-0.30000,prps,0,847
7278,7.278,1,4004,54004,ladder_a11_lin_r02,prps,1437,9,0.076046,-2,0,-2,-0.00523599,-0.30000,prps,0,848
7283,7.283,1,4004,54004,ladder_a11_lin_r02,prps,1439,11,0.093697,-2,0,-2,-0.00523599,-0.30000,prps,0,849
7288,7.288,1,4004,54004,ladder_a11_lin_r02,prps,1441,13,0.113249,-2,0,-2,-0.00523599,-0.30000,prps,0,850
7293,7.293,1,4004,54004,ladder_a11_lin_r02,prps,1444,16,0.133153,-2,0,-2,-0.00523599,-0.30000,prps,0,851
7298,7.298,1,4004,54004,ladder_a11_lin_r02,prps,1446,18,0.151259,-2,0,-2,-0.00523599,-0.30000,prps,0,852
7303,7.303,1,4004,54004,ladder_a11_lin_r02,prps,1447,19,0.165023,-3,0,-3,-0.00785398,-0.45000,prps,0,853
7308,7.308,1,4004,54004,ladder_a11_lin_r02,prps,1448,20,0.171857,-4,0,-4,-0.01047198,-0.60000,prps,0,854
7313,7.313,1,4004,54004,ladder_a11_lin_r02,prps,1448,20,0.169536,-5,0,-5,-0.01308997,-0.75000,prps,0,855
7318,7.318,1,4004,54004,ladder_a11_lin_r02,prps,1446,18,0.156635,-6,0,-6,-0.01570796,-0.90000,prps,0,856
7323,7.323,1,4004,54004,ladder_a11_lin_r02,prps,1444,16,0.132904,-7,0,-7,-0.01832596,-1.05000,prps,0,857
7328,7.328,1,4004,54004,ladder_a11_lin_r02,prps,1440,12,0.099525,-7,0,-7,-0.01832596,-1.05000,prps,0,858
7333,7.333,1,4004,54004,ladder_a11_lin_r02,prps,1435,7,0.059186,-7,0,-7,-0.01832596,-1.05000,prps,0,859
7338,7.338,1,4004,54004,ladder_a11_lin_r02,prps,1430,2,0.015943,-7,0,-7,-0.01832596,-1.05000,prps,0,860
7343,7.343,1,4004,54004,ladder_a11_lin_r02,prps,1425,-3,-0.025142,-7,0,-7,-0.01832596,-1.05000,prps,0,861
7348,7.348,1,4004,54004,ladder_a11_lin_r02,prps,1421,-7,-0.058563,-6,0,-6,-0.01570796,-0.90000,prps,0,862
7353,7.353,1,4004,54004,ladder_a11_lin_r02,prps,1419,-9,-0.079065,-4,0,-4,-0.01047198,-0.60000,prps,0,863
7358,7.358,1,4004,54004,ladder_a11_lin_r02,prps,1418,-10,-0.082402,-2,0,-2,-0.00523599,-0.30000,prps,0,864
7363,7.363,1,4004,54004,ladder_a11_lin_r02,prps,1420,-8,-0.066054,0,0,0,0.00000000,0.00000,prps,0,865
7368,7.368,1,4004,54004,ladder_a11_lin_r02,prps,1425,-3,-0.029790,2,0,2,0.00523599,0.30000,prps,0,866
7373,7.373,1,4004,54004,ladder_a11_lin_r02,prps,1431,3,0.024000,4,0,4,0.01047198,0.60000,prps,0,867
7378,7.378,1,4004,54004,ladder_a11_lin_r02,prps,1439,11,0.090284,5,0,5,0.01308997,0.75000,prps,0,868
7383,7.383,1,4004,54004,ladder_a11_lin_r02,prps,1447,19,0.161713,5,0,5,0.01308997,0.75000,prps,0,869
7388,7.388,1,4004,54004,ladder_a11_lin_r02,prps,1455,27,0.229281,4,0,4,0.01047198,0.60000,prps,0,870
7393,7.393,1,4004,54004,ladder_a11_lin_r02,prps,1461,33,0.283265,2,0,2,0.00523599,0.30000,prps,0,871
7398,7.398,1,4004,54004,ladder_a11_lin_r02,prps,1465,37,0.314356,0,0,0,0.00000000,0.00000,prps,0,872
7403,7.403,1,4004,54004,ladder_a11_lin_r02,prps,1465,37,0.314845,-3,0,-3,-0.00785398,-0.45000,prps,0,873
7408,7.408,1,4004,54004,ladder_a11_lin_r02,prps,1461,33,0.279732,-6,0,-6,-0.01570796,-0.90000,prps,0,874
7413,7.413,1,4004,54004,ladder_a11_lin_r02,prps,1452,24,0.207594,-9,0,-9,-0.02356194,-1.35000,prps,0,875
7418,7.418,1,4004,54004,ladder_a11_lin_r02,prps,1440,12,0.101107,-12,0,-12,-0.03141592,-1.80000,prps,0,876
7423,7.423,1,4004,54004,ladder_a11_lin_r02,prps,1424,-4,-0.032890,-14,0,-14,-0.03665191,-2.10000,prps,0,877
7428,7.428,1,4004,54004,ladder_a11_lin_r02,prps,1406,-22,-0.183821,-14,0,-14,-0.03665191,-2.10000,prps,0,878
7433,7.433,1,4004,54004,ladder_a11_lin_r02,prps,1388,-40,-0.338276,-13,0,-13,-0.03403392,-1.95000,prps,0,879
7438,7.438,1,4004,54004,ladder_a11_lin_r02,prps,1372,-56,-0.481315,-9,0,-9,-0.02356194,-1.35000,prps,0,880
7443,7.443,1,4004,54004,ladder_a11_lin_r02,prps,1358,-70,-0.598042,-4,0,-4,-0.01047198,-0.60000,prps,0,881
7448,7.448,1,4004,54004,ladder_a11_lin_r02,prps,1349,-79,-0.675281,3,0,3,0.00785398,0.45000,prps,0,882
7453,7.453,1,4004,54004,ladder_a11_lin_r02,prps,1346,-82,-0.703168,11,0,11,0.02879793,1.65000,prps,0,883
7458,7.458,1,4004,54004,ladder_a11_lin_r02,prps,1349,-79,-0.676445,19,0,19,0.04974188,2.85000,prps,0,884
7463,7.463,1,4004,54004,ladder_a11_lin_r02,prps,1358,-70,-0.595322,26,0,26,0.06806784,3.90000,prps,0,885
7468,7.468,1,4004,54004,ladder_a11_lin_r02,prps,1374,-54,-0.465745,32,0,32,0.08377580,4.80000,prps,0,886
7473,7.473,1,4004,54004,ladder_a11_lin_r02,prps,1393,-35,-0.299045,37,0,37,0.09686577,5.55000,prps,0,887
7478,7.478,1,4004,54004,ladder_a11_lin_r02,prps,1415,-13,-0.110950,39,0,39,0.10210176,5.85000,prps,0,888
7483,7.483,1,4004,54004,ladder_a11_lin_r02,prps,1437,9,0.079928,39,0,39,0.10210176,5.85000,prps,0,889
7488,7.488,1,4004,54004,ladder_a11_lin_r02,prps,1458,30,0.254007,37,0,37,0.09686577,5.55000,prps,0,890
7493,7.493,1,4004,54004,ladder_a11_lin_r02,prps,1474,46,0.392815,31,0,31,0.08115781,4.65000,prps,0,891
7498,7.498,1,4004,54004,ladder_a11_lin_r02,prps,1484,56,0.481027,24,0,24,0.06283185,3.60000,prps,0,892
7503,7.503,1,4004,54004,ladder_a11_lin_r02,prps,1487,59,0.508220,16,0,16,0.04188790,2.40000,prps,0,893
7508,7.508,1,4004,54004,ladder_a11_lin_r02,prps,1483,55,0.470121,7,0,7,0.01832596,1.05000,prps,0,894
7513,7.513,1,4004,54004,ladder_a11_lin_r02,prps,1471,43,0.369218,-1,0,-1,-0.00261799,-0.15000,prps,0,895
7518,7.518,1,4004,54004,ladder_a11_lin_r02,prps,1453,25,0.214625,-8,0,-8,-0.02094395,-1.20000,prps,0,896
7523,7.523,1,4004,54004,ladder_a11_lin_r02,prps,1430,2,0.021206,-14,0,-14,-0.03665191,-2.10000,prps,0,897
7528,7.528,1,4004,54004,ladder_a11_lin_r02,prps,1406,-22,-0.191956,-16,0,-16,-0.04188790,-2.40000,prps,0,898
7533,7.533,1,4004,54004,ladder_a11_lin_r02,prps,1381,-47,-0.403581,-16,0,-16,-0.04188790,-2.40000,prps,0,899
7538,7.538,1,4004,54004,ladder_a11_lin_r02,prps,1359,-69,-0.592498,-13,0,-13,-0.03403392,-1.95000,prps,0,900
7543,7.543,1,4004,54004,ladder_a11_lin_r02,prps,1341,-87,-0.739953,-8,0,-8,-0.02094395,-1.20000,prps,0,901
7548,7.548,1,4004,54004,ladder_a11_lin_r02,prps,1331,-97,-0.831682,0,0,0,0.00000000,0.00000,prps,0,902
7553,7.553,1,4004,54004,ladder_a11_lin_r02,prps,1327,-101,-0.859483,10,0,10,0.02617994,1.50000,prps,0,903
7558,7.558,1,4004,54004,ladder_a11_lin_r02,prps,1332,-96,-0.822127,19,0,19,0.04974188,2.85000,prps,0,904
7563,7.563,1,4004,54004,ladder_a11_lin_r02,prps,1343,-85,-0.725476,29,0,29,0.07592182,4.35000,prps,0,905
7568,7.568,1,4004,54004,ladder_a11_lin_r02,prps,1360,-68,-0.581806,37,0,37,0.09686577,5.55000,prps,0,906
7573,7.573,1,4004,54004,ladder_a11_lin_r02,prps,1380,-48,-0.408397,42,0,42,0.10995574,6.30000,prps,0,907
7578,7.578,1,4004,54004,ladder_a11_lin_r02,prps,1402,-26,-0.225552,45,0,45,0.11780972,6.75000,prps,0,908
7583,7.583,1,4004,54004,ladder_a11_lin_r02,prps,1422,-6,-0.054276,45,0,45,0.11780972,6.75000,prps,0,909
7588,7.588,1,4004,54004,ladder_a11_lin_r02,prps,1438,10,0.086121,42,0,42,0.10995574,6.30000,prps,0,910
7593,7.593,1,4004,54004,ladder_a11_lin_r02,prps,1449,21,0.180225,39,0,39,0.10210176,5.85000,prps,0,911
7598,7.598,1,4004,54004,ladder_a11_lin_r02,prps,1454,26,0.218257,32,0,32,0.08377580,4.80000,prps,0,912
7603,7.603,1,4004,54004,ladder_a11_lin_r02,prps,1451,23,0.197164,25,0,25,0.06544985,3.75000,prps,0,913
7608,7.608,1,4004,54004,ladder_a11_lin_r02,prps,1442,14,0.120920,17,0,17,0.04450589,2.55000,prps,0,914
7613,7.613,1,4004,54004,ladder_a11_lin_r02,prps,1428,0,0.000019,11,0,11,0.02879793,1.65000,prps,0,915
7618,7.618,1,4004,54004,ladder_a11_lin_r02,prps,1410,-18,-0.149780,6,0,6,0.01570796,0.90000,prps,0,916
7623,7.623,1,4004,54004,ladder_a11_lin_r02,prps,1392,-36,-0.309309,3,0,3,0.00785398,0.45000,prps,0,917
7628,7.628,1,4004,54004,ladder_a11_lin_r02,prps,1374,-54,-0.458229,4,0,4,0.01047198,0.60000,prps,0,918
7633,7.633,1,4004,54004,ladder_a11_lin_r02,prps,1360,-68,-0.577374,5,0,5,0.01308997,0.75000,prps,0,919
7638,7.638,1,4004,54004,ladder_a11_lin_r02,prps,1352,-76,-0.650937,9,0,9,0.02356194,1.35000,prps,0,920
7643,7.643,1,4004,54004,ladder_a11_lin_r02,prps,1350,-78,-0.668244,15,0,15,0.03926991,2.25000,prps,0,921
7648,7.648,1,4004,54004,ladder_a11_lin_r02,prps,1355,-73,-0.624904,22,0,22,0.05759586,3.30000,prps,0,922
7653,7.653,1,4004,54004,ladder_a11_lin_r02,prps,1367,-61,-0.523219,28,0,28,0.07330382,4.20000,prps,0,923
7658,7.658,1,4004,54004,ladder_a11_lin_r02,prps,1384,-44,-0.371815,33,0,33,0.08639380,4.95000,prps,0,924
7663,7.663,1,4004,54004,ladder_a11_lin_r02,prps,1406,-22,-0.184541,36,0,36,0.09424778,5.40000,prps,0,925
7668,7.668,1,4004,54004,ladder_a11_lin_r02,prps,1430,2,0.021204,38,0,38,0.09948376,5.70000,prps,0,926
7673,7.673,1,4004,54004,ladder_a11_lin_r02,prps,1455,27,0.226520,37,0,37,0.09686577,5.55000,prps,0,927
7678,7.678,1,4004,54004,ladder_a11_lin_r02,prps,1476,48,0.413172,33,0,33,0.08639380,4.95000,prps,0,928
7683,7.683,1,4004,54004,ladder_a11_lin_r02,prps,1494,66,0.565618,26,0,26,0.06806784,3.90000,prps,0,929
7688,7.688,1,4004,54004,ladder_a11_lin_r02,prps,1507,79,0.672655,18,0,18,0.04712389,2.70000,prps,0,930
7693,7.693,1,4004,54004,ladder_a11_lin_r02,prps,1513,85,0.728496,8,0,8,0.02094395,1.20000,prps,0,931
7698,7.698,1,4004,54004,ladder_a11_lin_r02,prps,1514,86,0.733167,-1,0,-1,-0.00261799,-0.15000,prps,0,932
7703,7.703,1,4004,54004,ladder_a11_lin_r02,prps,1509,81,0.692194,-11,0,-11,-0.02879793,-1.65000,prps,0,933
7708,7.708,1,4004,54004,ladder_a11_lin_r02,prps,1500,72,0.615633,-19,0,-19,-0.04974188,-2.85000,prps,0,934
7713,7.713,1,4004,54004,ladder_a11_lin_r02,prps,1488,60,0.516596,-26,0,-26,-0.06806784,-3.90000,prps,0,935
7718,7.718,1,4004,54004,ladder_a11_lin_r02,prps,1476,48,0.409463,-31,0,-31,-0.08115781,-4.65000,prps,0,936
7723,7.723,1,4004,54004,ladder_a11_lin_r02,prps,1464,36,0.308013,-33,0,-33,-0.08639380,-4.95000,prps,0,937
7728,7.728,1,4004,54004,ladder_a11_lin_r02,prps,1454,26,0.223719,-34,0,-34,-0.08901179,-5.10000,prps,0,938
7733,7.733,1,4004,54004,ladder_a11_lin_r02,prps,1447,19,0.164420,-33,0,-33,-0.08639380,-4.95000,prps,0,939
7738,7.738,1,4004,54004,ladder_a11_lin_r02,prps,1444,16,0.133516,-31,0,-31,-0.08115781,-4.65000,prps,0,940
7743,7.743,1,4004,54004,ladder_a11_lin_r02,prps,1443,15,0.129796,-27,0,-27,-0.07068583,-4.05000,prps,0,941
7748,7.748,1,4004,54004,ladder_a11_lin_r02,prps,1445,17,0.147883,-23,0,-23,-0.06021386,-3.45000,prps,0,942
7753,7.753,1,4004,54004,ladder_a11_lin_r02,prps,1449,21,0.179234,-20,0,-20,-0.05235988,-3.00000,prps,0,943
7758,7.758,1,4004,54004,ladder_a11_lin_r02,prps,1453,25,0.213543,-16,0,-16,-0.04188790,-2.40000,prps,0,944
7763,7.763,1,4004,54004,ladder_a11_lin_r02,prps,1456,28,0.240347,-14,0,-14,-0.03665191,-2.10000,prps,0,945
7768,7.768,1,4004,54004,ladder_a11_lin_r02,prps,1457,29,0.250614,-13,0,-13,-0.03403392,-1.95000,prps,0,946
7773,7.773,1,4004,54004,ladder_a11_lin_r02,prps,1456,28,0.238107,-13,0,-13,-0.03403392,-1.95000,prps,0,947
7778,7.778,1,4004,54004,ladder_a11_lin_r02,prps,1451,23,0.200321,-13,0,-13,-0.03403392,-1.95000,prps,0,948
7783,7.783,1,4004,54004,ladder_a11_lin_r02,prps,1444,16,0.138884,-13,0,-13,-0.03403392,-1.95000,prps,0,949
7788,7.788,1,4004,54004,ladder_a11_lin_r02,prps,1435,7,0.059363,-13,0,-13,-0.03403392,-1.95000,prps,0,950
7793,7.793,1,4004,54004,ladder_a11_lin_r02,prps,1425,-3,-0.029499,-13,0,-13,-0.03403392,-1.95000,prps,0,951
7798,7.798,1,4004,54004,ladder_a11_lin_r02,prps,1414,-14,-0.117001,-12,0,-12,-0.03141592,-1.80000,prps,0,952
7803,7.803,1,4004,54004,ladder_a11_lin_r02,prps,1406,-22,-0.192002,-10,0,-10,-0.02617994,-1.50000,prps,0,953
7808,7.808,1,4004,54004,ladder_a11_lin_r02,prps,1399,-29,-0.244530,-7,0,-7,-0.01832596,-1.05000,prps,0,954
7813,7.813,1,4004,54004,ladder_a11_lin_r02,prps,1397,-31,-0.267249,-3,0,-3,-0.00785398,-0.45000,prps,0,955
7818,7.818,1,4004,54004,ladder_a11_lin_r02,prps,1398,-30,-0.256597,2,0,2,0.00523599,0.30000,prps,0,956
7823,7.823,1,4004,54004,ladder_a11_lin_r02,prps,1403,-25,-0.213431,7,0,7,0.01832596,1.05000,prps,0,957
7828,7.828,1,4004,54004,ladder_a11_lin_r02,prps,1411,-17,-0.143074,10,0,10,0.02617994,1.50000,prps,0,958
7833,7.833,1,4004,54004,ladder_a11_lin_r02,prps,1422,-6,-0.054754,13,0,13,0.03403392,1.95000,prps,0,959
7838,7.838,1,4004,54004,ladder_a11_lin_r02,prps,1433,5,0.039494,15,0,15,0.03926991,2.25000,prps,0,960
7843,7.843,1,4004,54004,ladder_a11_lin_r02,prps,1443,15,0.126352,14,0,14,0.03665191,2.10000,prps,0,961
7848,7.848,1,4004,54004,ladder_a11_lin_r02,prps,1451,23,0.192942,13,0,13,0.03403392,1.95000,prps,0,962
7853,7.853,1,4004,54004,ladder_a11_lin_r02,prps,1455,27,0.228558,10,0,10,0.02617994,1.50000,prps,0,963
7858,7.858,1,4004,54004,ladder_a11_lin_r02,prps,1454,26,0.226150,6,0,6,0.01570796,0.90000,prps,0,964
7863,7.863,1,4004,54004,ladder_a11_lin_r02,prps,1449,21,0.183380,3,0,3,0.00785398,0.45000,prps,0,965
7868,7.868,1,4004,54004,ladder_a11_lin_r02,prps,1440,12,0.103096,-1,0,-1,-0.00261799,-0.15000,prps,0,966
7873,7.873,1,4004,54004,ladder_a11_lin_r02,prps,1427,-1,-0.006852,-4,0,-4,-0.01047198,-0.60000,prps,0,967
7878,7.878,1,4004,54004,ladder_a11_lin_r02,prps,1412,-16,-0.134449,-6,0,-6,-0.01570796,-0.90000,prps,0,968
7883,7.883,1,4004,54004,ladder_a11_lin_r02,prps,1397,-31,-0.264905,-6,0,-6,-0.01570796,-0.90000,prps,0,969
7888,7.888,1,4004,54004,ladder_a11_lin_r02,prps,1383,-45,-0.382440,-5,0,-5,-0.01308997,-0.75000,prps,0,970
7893,7.893,1,4004,54004,ladder_a11_lin_r02,prps,1373,-55,-0.472244,-2,0,-2,-0.00523599,-0.30000,prps,0,971
7898,7.898,1,4004,54004,ladder_a11_lin_r02,prps,1367,-61,-0.522368,4,0,4,0.01047198,0.60000,prps,0,972
7903,7.903,1,4004,54004,ladder_a11_lin_r02,prps,1367,-61,-0.525315,10,0,10,0.02617994,1.50000,prps,0,973
7908,7.908,1,4004,54004,ladder_a11_lin_r02,prps,1372,-56,-0.479111,16,0,16,0.04188790,2.40000,prps,0,974
7913,7.913,1,4004,54004,ladder_a11_lin_r02,prps,1383,-45,-0.387726,22,0,22,0.05759586,3.30000,prps,0,975
7918,7.918,1,4004,54004,ladder_a11_lin_r02,prps,1397,-31,-0.260772,26,0,26,0.06806784,3.90000,prps,0,976
7923,7.923,1,4004,54004,ladder_a11_lin_r02,prps,1415,-13,-0.112499,29,0,29,0.07592182,4.35000,prps,0,977
7928,7.928,1,4004,54004,ladder_a11_lin_r02,prps,1433,5,0.039790,29,0,29,0.07592182,4.35000,prps,0,978
7933,7.933,1,4004,54004,ladder_a11_lin_r02,prps,1449,21,0.177743,28,0,28,0.07330382,4.20000,prps,0,979
7938,7.938,1,4004,54004,ladder_a11_lin_r02,prps,1461,33,0.284126,25,0,25,0.06544985,3.75000,prps,0,980
7943,7.943,1,4004,54004,ladder_a11_lin_r02,prps,1468,40,0.344906,19,0,19,0.04974188,2.85000,prps,0,981
7948,7.948,1,4004,54004,ladder_a11_lin_r02,prps,1469,41,0.350999,13,0,13,0.03403392,1.95000,prps,0,982
7953,7.953,1,4004,54004,ladder_a11_lin_r02,prps,1463,35,0.299469,6,0,6,0.01570796,0.90000,prps,0,983
7958,7.958,1,4004,54004,ladder_a11_lin_r02,prps,1451,23,0.194018,0,0,0,0.00000000,0.00000,prps,0,984
7963,7.963,1,4004,54004,ladder_a11_lin_r02,prps,1433,5,0.044721,-5,0,-5,-0.01308997,-0.75000,prps,0,985
7968,7.968,1,4004,54004,ladder_a11_lin_r02,prps,1412,-16,-0.132991,-9,0,-9,-0.02356194,-1.35000,prps,0,986
7973,7.973,1,4004,54004,ladder_a11_lin_r02,prps,1391,-37,-0.319978,-9,0,-9,-0.02356194,-1.35000,prps,0,987
7978,7.978,1,4004,54004,ladder_a11_lin_r02,prps,1370,-58,-0.495484,-7,0,-7,-0.01832596,-1.05000,prps,0,988
7983,7.983,1,4004,54004,ladder_a11_lin_r02,prps,1353,-75,-0.639439,-5,0,-5,-0.01308997,-0.75000,prps,0,989
7988,7.988,1,4004,54004,ladder_a11_lin_r02,prps,1342,-86,-0.734701,2,0,2,0.00523599,0.30000,prps,0,990
7993,7.993,1,4004,54004,ladder_a11_lin_r02,prps,1338,-90,-0.768988,10,0,10,0.02617994,1.50000,prps,0,991
7998,7.998,1,4004,54004,ladder_a11_lin_r02,prps,1342,-86,-0.736278,18,0,18,0.04712389,2.70000,prps,0,992
8003,8.003,1,4004,54004,ladder_a11_lin_r02,prps,1353,-75,-0.637513,26,0,26,0.06806784,3.90000,prps,0,993
8008,8.008,1,4004,54004,ladder_a11_lin_r02,prps,1372,-56,-0.480538,33,0,33,0.08639380,4.95000,prps,0,994
8013,8.013,1,4004,54004,ladder_a11_lin_r02,prps,1395,-33,-0.279279,38,0,38,0.09948376,5.70000,prps,0,995
8018,8.018,1,4004,54004,ladder_a11_lin_r02,prps,1422,-6,-0.052259,40,0,40,0.10471976,6.00000,prps,0,996
8023,8.023,1,4004,54004,ladder_a11_lin_r02,prps,1449,21,0.179368,41,0,41,0.10733775,6.15000,prps,0,997
8028,8.028,1,4004,54004,ladder_a11_lin_r02,prps,1474,46,0.394061,38,0,38,0.09948376,5.70000,prps,0,998
8033,8.033,1,4004,54004,ladder_a11_lin_r02,prps,1495,67,0.572138,31,0,31,0.08115781,4.65000,prps,0,999
8038,8.038,1,4004,54004,ladder_a11_lin_r02,prps,1510,82,0.697793,23,0,23,0.06021386,3.45000,prps,0,1000
8043,8.043,1,4004,54004,ladder_a11_lin_r02,prps,1517,89,0.760663,13,0,13,0.03403392,1.95000,prps,0,1001
8048,8.048,1,4004,54004,ladder_a11_lin_r02,prps,1517,89,0.756775,2,0,2,0.00523599,0.30000,prps,0,1002
8053,8.053,1,4004,54004,ladder_a11_lin_r02,prps,1509,81,0.688792,-8,0,-8,-0.02094395,-1.20000,prps,0,1003
8058,8.058,1,4004,54004,ladder_a11_lin_r02,prps,1494,66,0.565551,-18,0,-18,-0.04712389,-2.70000,prps,0,1004
8063,8.063,1,4004,54004,ladder_a11_lin_r02,prps,1475,47,0.400950,-25,0,-25,-0.06544985,-3.75000,prps,0,1005
8068,8.068,1,4004,54004,ladder_a11_lin_r02,prps,1453,25,0.212345,-30,0,-30,-0.07853982,-4.50000,prps,0,1006
8073,8.073,1,4004,54004,ladder_a11_lin_r02,prps,1430,2,0.018628,-32,0,-32,-0.08377580,-4.80000,prps,0,1007
8078,8.078,1,4004,54004,ladder_a11_lin_r02,prps,1409,-19,-0.161783,-33,0,-33,-0.08639380,-4.95000,prps,0,1008
8083,8.083,1,4004,54004,ladder_a11_lin_r02,prps,1391,-37,-0.312820,-30,0,-30,-0.07853982,-4.50000,prps,0,1009
8088,8.088,1,4004,54004,ladder_a11_lin_r02,prps,1379,-49,-0.422319,-24,0,-24,-0.06283185,-3.60000,prps,0,1010
8093,8.093,1,4004,54004,ladder_a11_lin_r02,prps,1371,-57,-0.483090,-16,0,-16,-0.04188790,-2.40000,prps,0,1011
8098,8.098,1,4004,54004,ladder_a11_lin_r02,prps,1370,-58,-0.493408,-8,0,-8,-0.02094395,-1.20000,prps,0,1012
8103,8.103,1,4004,54004,ladder_a11_lin_r02,prps,1375,-53,-0.456911,1,0,1,0.00261799,0.15000,prps,0,1013
8108,8.108,1,4004,54004,ladder_a11_lin_r02,prps,1383,-45,-0.381934,9,0,9,0.02356194,1.35000,prps,0,1014
8113,8.113,1,4004,54004,ladder_a11_lin_r02,prps,1395,-33,-0.280381,15,0,15,0.03926991,2.25000,prps,0,1015
8118,8.118,1,4004,54004,ladder_a11_lin_r02,prps,1409,-19,-0.166292,20,0,20,0.05235988,3.00000,prps,0,1016
8123,8.123,1,4004,54004,ladder_a11_lin_r02,prps,1422,-6,-0.054259,23,0,23,0.06021386,3.45000,prps,0,1017
8128,8.128,1,4004,54004,ladder_a11_lin_r02,prps,1433,5,0.042114,23,0,23,0.06021386,3.45000,prps,0,1018
8133,8.133,1,4004,54004,ladder_a11_lin_r02,prps,1441,13,0.111567,22,0,22,0.05759586,3.30000,prps,0,1019
8138,8.138,1,4004,54004,ladder_a11_lin_r02,prps,1445,17,0.146204,19,0,19,0.04974188,2.85000,prps,0,1020
8143,8.143,1,4004,54004,ladder_a11_lin_r02,prps,1445,17,0.142110,14,0,14,0.03665191,2.10000,prps,0,1021
8148,8.148,1,4004,54004,ladder_a11_lin_r02,prps,1440,12,0.099520,10,0,10,0.02617994,1.50000,prps,0,1022
8153,8.153,1,4004,54004,ladder_a11_lin_r02,prps,1431,3,0.022558,5,0,5,0.01308997,0.75000,prps,0,1023
8158,8.158,1,4004,54004,ladder_a11_lin_r02,prps,1418,-10,-0.081385,2,0,2,0.00523599,0.30000,prps,0,1024
8163,8.163,1,4004,54004,ladder_a11_lin_r02,prps,1404,-24,-0.202558,1,0,1,0.00261799,0.15000,prps,0,1025
8168,8.168,1,4004,54004,ladder_a11_lin_r02,prps,1389,-39,-0.329905,1,0,1,0.00261799,0.15000,prps,0,1026
8173,8.173,1,4004,54004,ladder_a11_lin_r02,prps,1375,-53,-0.452170,2,0,2,0.00523599,0.30000,prps,0,1027
8178,8.178,1,4004,54004,ladder_a11_lin_r02,prps,1363,-65,-0.558919,5,0,5,0.01308997,0.75000,prps,0,1028
8183,8.183,1,4004,54004,ladder_a11_lin_r02,prps,1353,-75,-0.641408,10,0,10,0.02617994,1.50000,prps,0,1029
8188,8.188,1,4004,54004,ladder_a11_lin_r02,prps,1347,-81,-0.693214,16,0,16,0.04188790,2.40000,prps,0,1030
8193,8.193,1,4004,54004,ladder_a11_lin_r02,prps,1345,-83,-0.710617,22,0,22,0.05759586,3.30000,prps,0,1031
8198,8.198,1,4004,54004,ladder_a11_lin_r02,prps,1347,-81,-0.692709,28,0,28,0.07330382,4.20000,prps,0,1032
8203,8.203,1,4004,54004,ladder_a11_lin_r02,prps,1353,-75,-0.641270,34,0,34,0.08901179,5.10000,prps,0,1033
8208,8.208,1,4004,54004,ladder_a11_lin_r02,prps,1362,-66,-0.560455,39,0,39,0.10210176,5.85000,prps,0,1034
8213,8.213,1,4004,54004,ladder_a11_lin_r02,prps,1375,-53,-0.456332,42,0,42,0.10995574,6.30000,prps,0,1035
8218,8.218,1,4004,54004,ladder_a11_lin_r02,prps,1389,-39,-0.336343,44,0,44,0.11519173,6.60000,prps,0,1036
8223,8.223,1,4004,54004,ladder_a11_lin_r02,prps,1404,-24,-0.208733,44,0,44,0.11519173,6.60000,prps,0,1037
8228,8.228,1,4004,54004,ladder_a11_lin_r02,prps,1418,-10,-0.081986,42,0,42,0.10995574,6.30000,prps,0,1038
8233,8.233,1,4004,54004,ladder_a11_lin_r02,prps,1432,4,0.035695,39,0,39,0.10210176,5.85000,prps,0,1039
8238,8.238,1,4004,54004,ladder_a11_lin_r02,prps,1444,16,0.136850,34,0,34,0.08901179,5.10000,prps,0,1040
8243,8.243,1,4004,54004,ladder_a11_lin_r02,prps,1453,25,0.215162,28,0,28,0.07330382,4.20000,prps,0,1041
8248,8.248,1,4004,54004,ladder_a11_lin_r02,prps,1459,31,0.265782,22,0,22,0.05759586,3.30000,prps,0,1042
8253,8.253,1,4004,54004,ladder_a11_lin_r02,prps,1461,33,0.285591,15,0,15,0.03926991,2.25000,prps,0,1043
8258,8.258,1,4004,54004,ladder_a11_lin_r02,prps,1460,32,0.273382,9,0,9,0.02356194,1.35000,prps,0,1044
8263,8.263,1,4004,54004,ladder_a11_lin_r02,prps,1455,27,0.229963,3,0,3,0.00785398,0.45000,prps,0,1045
8268,8.268,1,4004,54004,ladder_a11_lin_r02,prps,1447,19,0.158171,-2,0,-2,-0.00523599,-0.30000,prps,0,1046
8273,8.273,1,4004,54004,ladder_a11_lin_r02,prps,1435,7,0.062772,-6,0,-6,-0.01570796,-0.90000,prps,0,1047
8278,8.278,1,4004,54004,ladder_a11_lin_r02,prps,1422,-6,-0.049768,-8,0,-8,-0.02094395,-1.20000,prps,0,1048
8283,8.283,1,4004,54004,ladder_a11_lin_r02,prps,1408,-20,-0.171634,-8,0,-8,-0.02094395,-1.20000,prps,0,1049
8288,8.288,1,4004,54004,ladder_a11_lin_r02,prps,1394,-34,-0.294153,-7,0,-7,-0.01832596,-1.05000,prps,0,1050
8293,8.293,1,4004,54004,ladder_a11_lin_r02,prps,1380,-48,-0.408408,-4,0,-4,-0.01047198,-0.60000,prps,0,1051
8298,8.298,1,4004,54004,ladder_a11_lin_r02,prps,1369,-59,-0.505919,-1,0,-1,-0.00261799,-0.15000,prps,0,1052
8303,8.303,1,4004,54004,ladder_a11_lin_r02,prps,1360,-68,-0.579376,4,0,4,0.01047198,0.60000,prps,0,1053
8308,8.308,1,4004,54004,ladder_a11_lin_r02,prps,1355,-73,-0.623325,11,0,11,0.02879793,1.65000,prps,0,1054
8313,8.313,1,4004,54004,ladder_a11_lin_r02,prps,1354,-74,-0.634763,17,0,17,0.04450589,2.55000,prps,0,1055
8318,8.318,1,4004,54004,ladder_a11_lin_r02,prps,1356,-72,-0.613543,24,0,24,0.06283185,3.60000,prps,0,1056
8323,8.323,1,4004,54004,ladder_a11_lin_r02,prps,1362,-66,-0.562543,30,0,30,0.07853982,4.50000,prps,0,1057
8328,8.328,1,4004,54004,ladder_a11_lin_r02,prps,1371,-57,-0.487554,34,0,34,0.08901179,5.10000,prps,0,1058
8333,8.333,1,4004,54004,ladder_a11_lin_r02,prps,1382,-46,-0.396860,38,0,38,0.09948376,5.70000,prps,0,1059
8338,8.338,1,4004,54004,ladder_a11_lin_r02,prps,1393,-35,-0.300529,39,0,39,0.10210176,5.85000,prps,0,1060
8343,8.343,1,4004,54004,ladder_a11_lin_r02,prps,1403,-25,-0.209481,39,0,39,0.10210176,5.85000,prps,0,1061
8348,8.348,1,4004,54004,ladder_a11_lin_r02,prps,1412,-16,-0.134391,39,0,39,0.10210176,5.85000,prps,0,1062
8353,8.353,1,4004,54004,ladder_a11_lin_r02,prps,1418,-10,-0.084564,36,0,36,0.09424778,5.40000,prps,0,1063
8358,8.358,1,4004,54004,ladder_a11_lin_r02,prps,1420,-8,-0.066879,32,0,32,0.08377580,4.80000,prps,0,1064
8363,8.363,1,4004,54004,ladder_a11_lin_r02,prps,1418,-10,-0.084944,27,0,27,0.07068583,4.05000,prps,0,1065
8368,8.368,1,4004,54004,ladder_a11_lin_r02,prps,1412,-16,-0.138564,23,0,23,0.06021386,3.45000,prps,0,1066
8373,8.373,1,4004,54004,ladder_a11_lin_r02,prps,1402,-26,-0.223595,20,0,20,0.05235988,3.00000,prps,0,1067
8378,8.378,1,4004,54004,ladder_a11_lin_r02,prps,1389,-39,-0.332233,17,0,17,0.04450589,2.55000,prps,0,1068
8383,8.383,1,4004,54004,ladder_a11_lin_r02,prps,1375,-53,-0.453727,16,0,16,0.04188790,2.40000,prps,0,1069
8388,8.388,1,4004,54004,ladder_a11_lin_r02,prps,1361,-67,-0.575449,16,0,16,0.04188790,2.40000,prps,0,1070
8393,8.393,1,4004,54004,ladder_a11_lin_r02,prps,1348,-80,-0.684227,17,0,17,0.04450589,2.55000,prps,0,1071
8398,8.398,1,4004,54004,ladder_a11_lin_r02,prps,1338,-90,-0.767790,21,0,21,0.05497787,3.15000,prps,0,1072
8403,8.403,1,4004,54004,ladder_a11_lin_r02,prps,1333,-95,-0.816179,26,0,26,0.06806784,3.90000,prps,0,1073
8408,8.408,1,4004,54004,ladder_a11_lin_r02,prps,1332,-96,-0.822945,32,0,32,0.08377580,4.80000,prps,0,1074
8413,8.413,1,4004,54004,ladder_a11_lin_r02,prps,1336,-92,-0.785997,38,0,38,0.09948376,5.70000,prps,0,1075
8418,8.418,1,4004,54004,ladder_a11_lin_r02,prps,1345,-83,-0.707988,44,0,44,0.11519173,6.60000,prps,0,1076
8423,8.423,1,4004,54004,ladder_a11_lin_r02,prps,1358,-70,-0.596179,48,0,48,0.12566370,7.20000,prps,0,1077
8428,8.428,1,4004,54004,ladder_a11_lin_r02,prps,1374,-54,-0.461767,51,0,51,0.13351768,7.65000,prps,0,1078
8433,8.433,1,4004,54004,ladder_a11_lin_r02,prps,1391,-37,-0.318762,51,0,51,0.13351768,7.65000,prps,0,1079
8438,8.438,1,4004,54004,ladder_a11_lin_r02,prps,1407,-21,-0.182493,50,0,50,0.13089970,7.50000,prps,0,1080
8443,8.443,1,4004,54004,ladder_a11_lin_r02,prps,1420,-8,-0.067936,47,0,47,0.12304571,7.05000,prps,0,1081
8448,8.448,1,4004,54004,ladder_a11_lin_r02,prps,1429,1,0.011971,42,0,42,0.10995574,6.30000,prps,0,1082
8453,8.453,1,4004,54004,ladder_a11_lin_r02,prps,1434,6,0.047821,37,0,37,0.09686577,5.55000,prps,0,1083
8458,8.458,1,4004,54004,ladder_a11_lin_r02,prps,1432,4,0.034877,31,0,31,0.08115781,4.65000,prps,0,1084
8463,8.463,1,4004,54004,ladder_a11_lin_r02,prps,1425,-3,-0.026303,24,0,24,0.06283185,3.60000,prps,0,1085
8468,8.468,1,4004,54004,ladder_a11_lin_r02,prps,1413,-15,-0.129809,18,0,18,0.04712389,2.70000,prps,0,1086
8473,8.473,1,4004,54004,ladder_a11_lin_r02,prps,1397,-31,-0.264932,14,0,14,0.03665191,2.10000,prps,0,1087
8478,8.478,1,4004,54004,ladder_a11_lin_r02,prps,1379,-49,-0.417261,12,0,12,0.03141592,1.80000,prps,0,1088
8483,8.483,1,4004,54004,ladder_a11_lin_r02,prps,1361,-67,-0.570206,12,0,12,0.03141592,1.80000,prps,0,1089
8488,8.488,1,4004,54004,ladder_a11_lin_r02,prps,1345,-83,-0.706793,13,0,13,0.03403392,1.95000,prps,0,1090
8493,8.493,1,4004,54004,ladder_a11_lin_r02,prps,1333,-95,-0.811509,17,0,17,0.04450589,2.55000,prps,0,1091
8498,8.498,1,4004,54004,ladder_a11_lin_r02,prps,1326,-102,-0.872007,23,0,23,0.06021386,3.45000,prps,0,1092
8503,8.503,1,4004,54004,ladder_a11_lin_r02,prps,1325,-103,-0.880467,30,0,30,0.07853982,4.50000,prps,0,1093
8508,8.508,1,4004,54004,ladder_a11_lin_r02,prps,1330,-98,-0.834449,37,0,37,0.09686577,5.55000,prps,0,1094
8513,8.513,1,4004,54004,ladder_a11_lin_r02,prps,1342,-86,-0.737155,43,0,43,0.11257374,6.45000,prps,0,1095
8518,8.518,1,4004,54004,ladder_a11_lin_r02,prps,1358,-70,-0.597054,48,0,48,0.12566370,7.20000,prps,0,1096
8523,8.523,1,4004,54004,ladder_a11_lin_r02,prps,1378,-50,-0.426917,52,0,52,0.13613568,7.80000,prps,0,1097
8528,8.528,1,4004,54004,ladder_a11_lin_r02,prps,1400,-28,-0.242373,52,0,52,0.13613568,7.80000,prps,0,1098
8533,8.533,1,4004,54004,ladder_a11_lin_r02,prps,1421,-7,-0.060147,51,0,51,0.13351768,7.65000,prps,0,1099
8538,8.538,1,4004,54004,ladder_a11_lin_r02,prps,1440,12,0.103809,47,0,47,0.12304571,7.05000,prps,0,1100
8543,8.543,1,4004,54004,ladder_a11_lin_r02,prps,1456,28,0.236087,41,0,41,0.10733775,6.15000,prps,0,1101
8548,8.548,1,4004,54004,ladder_a11_lin_r02,prps,1466,38,0.327286,34,0,34,0.08901179,5.10000,prps,0,1102
8553,8.553,1,4004,54004,ladder_a11_lin_r02,prps,1472,44,0.373001,26,0,26,0.06806784,3.90000,prps,0,1103
8558,8.558,1,4004,54004,ladder_a11_lin_r02,prps,1472,44,0.374234,17,0,17,0.04450589,2.55000,prps,0,1104
8563,8.563,1,4004,54004,ladder_a11_lin_r02,prps,1467,39,0.337173,9,0,9,0.02356194,1.35000,prps,0,1105
8568,8.568,1,4004,54004,ladder_a11_lin_r02,prps,1460,32,0.272373,2,0,2,0.00523599,0.30000,prps,0,1106
8573,8.573,1,4004,54004,ladder_a11_lin_r02,prps,1451,23,0.193443,-4,0,-4,-0.01047198,-0.60000,prps,0,1107
8578,8.578,1,4004,54004,ladder_a11_lin_r02,prps,1442,14,0.115392,-8,0,-8,-0.02094395,-1.20000,prps,0,1108
8583,8.583,1,4004,54004,ladder_a11_lin_r02,prps,1434,6,0.052820,-11,0,-11,-0.02879793,-1.65000,prps,0,1109
8588,8.588,1,4004,54004,ladder_a11_lin_r02,prps,1430,2,0.018188,-12,0,-12,-0.03141592,-1.80000,prps,0,1110
8593,8.593,1,4004,54004,ladder_a11_lin_r02,prps,1430,2,0.020335,-11,0,-11,-0.02879793,-1.65000,prps,0,1111
8598,8.598,1,4004,54004,ladder_a11_lin_r02,prps,1435,7,0.063440,-10,0,-10,-0.02617994,-1.50000,prps,0,1112
8603,8.603,1,4004,54004,ladder_a11_lin_r02,prps,1445,17,0.146530,-8,0,-8,-0.02094395,-1.20000,prps,0,1113
8608,8.608,1,4004,54004,ladder_a11_lin_r02,prps,1459,31,0.263591,-6,0,-6,-0.01570796,-0.90000,prps,0,1114
8613,8.613,1,4004,54004,ladder_a11_lin_r02,prps,1475,47,0.404255,-6,0,-6,-0.01570796,-0.90000,prps,0,1115
8618,8.618,1,4004,54004,ladder_a11_lin_r02,prps,1493,65,0.554992,-6,0,-6,-0.01570796,-0.90000,prps,0,1116
8623,8.623,1,4004,54004,ladder_a11_lin_r02,prps,1510,82,0.700651,-9,0,-9,-0.02356194,-1.35000,prps,0,1117
8628,8.628,1,4004,54004,ladder_a11_lin_r02,prps,1525,97,0.826181,-14,0,-14,-0.03665191,-2.10000,prps,0,1118
8633,8.633,1,4004,54004,ladder_a11_lin_r02,prps,1535,107,0.918319,-20,0,-20,-0.05235988,-3.00000,prps,0,1119
8638,8.638,1,4004,54004,ladder_a11_lin_r02,prps,1541,113,0.967069,-26,0,-26,-0.06806784,-3.90000,prps,0,1120
8643,8.643,1,4004,54004,ladder_a11_lin_r02,prps,1541,113,0.966802,-33,0,-33,-0.08639380,-4.95000,prps,0,1121
8648,8.648,1,4004,54004,ladder_a11_lin_r02,prps,1535,107,0.916847,-40,0,-40,-0.10471976,-6.00000,prps,0,1122
8653,8.653,1,4004,54004,ladder_a11_lin_r02,prps,1524,96,0.821538,-46,0,-46,-0.12042772,-6.90000,prps,0,1123
8658,8.658,1,4004,54004,ladder_a11_lin_r02,prps,1509,81,0.689703,-51,0,-51,-0.13351768,-7.65000,prps,0,1124
8663,8.663,1,4004,54004,ladder_a11_lin_r02,prps,1490,62,0.533669,-54,0,-54,-0.14137166,-8.10000,prps,0,1125
8668,8.668,1,4004,54004,ladder_a11_lin_r02,prps,1471,43,0.367910,-55,0,-55,-0.14398966,-8.25000,prps,0,1126
8673,8.673,1,4004,54004,ladder_a11_lin_r02,prps,1452,24,0.207490,-53,0,-53,-0.13875367,-7.95000,prps,0,1127
8678,8.678,1,4004,54004,ladder_a11_lin_r02,prps,1436,8,0.066479,-49,0,-49,-0.12828170,-7.35000,prps,0,1128
8683,8.683,1,4004,54004,ladder_a11_lin_r02,prps,1423,-5,-0.043477,-45,0,-45,-0.11780972,-6.75000,prps,0,1129
8688,8.688,1,4004,54004,ladder_a11_lin_r02,prps,1415,-13,-0.114284,-38,0,-38,-0.09948376,-5.70000,prps,0,1130
8693,8.693,1,4004,54004,ladder_a11_lin_r02,prps,1411,-17,-0.142111,-31,0,-31,-0.08115781,-4.65000,prps,0,1131
8698,8.698,1,4004,54004,ladder_a11_lin_r02,prps,1413,-15,-0.127619,-23,0,-23,-0.06021386,-3.45000,prps,0,1132
8703,8.703,1,4004,54004,ladder_a11_lin_r02,prps,1419,-9,-0.075700,-16,0,-16,-0.04188790,-2.40000,prps,0,1133
8708,8.708,1,4004,54004,ladder_a11_lin_r02,prps,1429,1,0.005222,-9,0,-9,-0.02356194,-1.35000,prps,0,1134
8713,8.713,1,4004,54004,ladder_a11_lin_r02,prps,1440,12,0.104244,-5,0,-5,-0.01308997,-0.75000,prps,0,1135
8718,8.718,1,4004,54004,ladder_a11_lin_r02,prps,1452,24,0.209248,-2,0,-2,-0.00523599,-0.30000,prps,0,1136
8723,8.723,1,4004,54004,ladder_a11_lin_r02,prps,1464,36,0.308240,-1,0,-1,-0.00261799,-0.15000,prps,0,1137
8728,8.728,1,4004,54004,ladder_a11_lin_r02,prps,1474,46,0.390609,-2,0,-2,-0.00523599,-0.30000,prps,0,1138
8733,8.733,1,4004,54004,ladder_a11_lin_r02,prps,1480,52,0.448172,-4,0,-4,-0.01047198,-0.60000,prps,0,1139
8738,8.738,1,4004,54004,ladder_a11_lin_r02,prps,1484,56,0.475909,-7,0,-7,-0.01832596,-1.05000,prps,0,1140
8743,8.743,1,4004,54004,ladder_a11_lin_r02,prps,1483,55,0.472316,-11,0,-11,-0.02879793,-1.65000,prps,0,1141
8748,8.748,1,4004,54004,ladder_a11_lin_r02,prps,1479,51,0.439362,-16,0,-16,-0.04188790,-2.40000,prps,0,1142
8753,8.753,1,4004,54004,ladder_a11_lin_r02,prps,1473,45,0.382079,-20,0,-20,-0.05235988,-3.00000,prps,0,1143
8758,8.758,1,4004,54004,ladder_a11_lin_r02,prps,1464,36,0.307847,-23,0,-23,-0.06021386,-3.45000,prps,0,1144
8763,8.763,1,4004,54004,ladder_a11_lin_r02,prps,1454,26,0.225474,-24,0,-24,-0.06283185,-3.60000,prps,0,1145
8768,8.768,1,4004,54004,ladder_a11_lin_r02,prps,1445,17,0.144173,-24,0,-24,-0.06283185,-3.60000,prps,0,1146
8773,8.773,1,4004,54004,ladder_a11_lin_r02,prps,1436,8,0.072563,-24,0,-24,-0.06283185,-3.60000,prps,0,1147
8778,8.778,1,4004,54004,ladder_a11_lin_r02,prps,1430,2,0.017796,-22,0,-22,-0.05759586,-3.30000,prps,0,1148
8783,8.783,1,4004,54004,ladder_a11_lin_r02,prps,1426,-2,-0.015111,-19,0,-19,-0.04974188,-2.85000,prps,0,1149
8788,8.788,1,4004,54004,ladder_a11_lin_r02,prps,1425,-3,-0.023681,-15,0,-15,-0.03926991,-2.25000,prps,0,1150
8793,8.793,1,4004,54004,ladder_a11_lin_r02,prps,1427,-1,-0.008081,-11,0,-11,-0.02879793,-1.65000,prps,0,1151
8798,8.798,1,4004,54004,ladder_a11_lin_r02,prps,1431,3,0.029035,-8,0,-8,-0.02094395,-1.20000,prps,0,1152
8803,8.803,1,4004,54004,ladder_a11_lin_r02,prps,1438,10,0.082936,-5,0,-5,-0.01308997,-0.75000,prps,0,1153
8808,8.808,1,4004,54004,ladder_a11_lin_r02,prps,1445,17,0.147400,-3,0,-3,-0.00785398,-0.45000,prps,0,1154
8813,8.813,1,4004,54004,ladder_a11_lin_r02,prps,1453,25,0.215402,-2,0,-2,-0.00523599,-0.30000,prps,0,1155
8818,8.818,1,4004,54004,ladder_a11_lin_r02,prps,1461,33,0.279838,-2,0,-2,-0.00523599,-0.30000,prps,0,1156
8823,8.823,1,4004,54004,ladder_a11_lin_r02,prps,1467,39,0.334190,-4,0,-4,-0.01047198,-0.60000,prps,0,1157
8828,8.828,1,4004,54004,ladder_a11_lin_r02,prps,1472,44,0.373096,-6,0,-6,-0.01570796,-0.90000,prps,0,1158
8833,8.833,1,4004,54004,ladder_a11_lin_r02,prps,1474,46,0.392763,-8,0,-8,-0.02094395,-1.20000,prps,0,1159
8838,8.838,1,4004,54004,ladder_a11_lin_r02,prps,1474,46,0.391203,-11,0,-11,-0.02879793,-1.65000,prps,0,1160
8843,8.843,1,4004,54004,ladder_a11_lin_r02,prps,1471,43,0.368299,-15,0,-15,-0.03926991,-2.25000,prps,0,1161
8848,8.848,1,4004,54004,ladder_a11_lin_r02,prps,1466,38,0.325695,-18,0,-18,-0.04712389,-2.70000,prps,0,1162
8853,8.853,1,4004,54004,ladder_a11_lin_r02,prps,1459,31,0.266564,-20,0,-20,-0.05235988,-3.00000,prps,0,1163
8858,8.858,1,4004,54004,ladder_a11_lin_r02,prps,1451,23,0.195262,-21,0,-21,-0.05497787,-3.15000,prps,0,1164
8863,8.863,1,4004,54004,ladder_a11_lin_r02,prps,1442,14,0.116931,-21,0,-21,-0.05497787,-3.15000,prps,0,1165
8868,8.868,1,4004,54004,ladder_a11_lin_r02,prps,1432,4,0.037076,-21,0,-21,-0.05497787,-3.15000,prps,0,1166
8873,8.873,1,4004,54004,ladder_a11_lin_r02,prps,1423,-5,-0.038848,-19,0,-19,-0.04974188,-2.85000,prps,0,1167
8878,8.878,1,4004,54004,ladder_a11_lin_r02,prps,1416,-12,-0.105804,-16,0,-16,-0.04188790,-2.40000,prps,0,1168
8883,8.883,1,4004,54004,ladder_a11_lin_r02,prps,1409,-19,-0.159491,-12,0,-12,-0.03141592,-1.80000,prps,0,1169
8888,8.888,1,4004,54004,ladder_a11_lin_r02,prps,1405,-23,-0.196592,-8,0,-8,-0.02094395,-1.20000,prps,0,1170
8893,8.893,1,4004,54004,ladder_a11_lin_r02,prps,1403,-25,-0.214945,-4,0,-4,-0.01047198,-0.60000,prps,0,1171
8898,8.898,1,4004,54004,ladder_a11_lin_r02,prps,1403,-25,-0.213648,0,0,0,0.00000000,0.00000,prps,0,1172
8903,8.903,1,4004,54004,ladder_a11_lin_r02,prps,1405,-23,-0.193082,4,0,4,0.01047198,0.60000,prps,0,1173
8908,8.908,1,4004,54004,ladder_a11_lin_r02,prps,1410,-18,-0.154873,8,0,8,0.02094395,1.20000,prps,0,1174
8913,8.913,1,4004,54004,ladder_a11_lin_r02,prps,1416,-12,-0.101788,11,0,11,0.02879793,1.65000,prps,0,1175
8918,8.918,1,4004,54004,ladder_a11_lin_r02,prps,1424,-4,-0.037561,12,0,12,0.03141592,1.80000,prps,0,1176
8923,8.923,1,4004,54004,ladder_a11_lin_r02,prps,1432,4,0.033329,13,0,13,0.03403392,1.95000,prps,0,1177
8928,8.928,1,4004,54004,ladder_a11_lin_r02,prps,1440,12,0.105936,12,0,12,0.03141592,1.80000,prps,0,1178
8933,8.933,1,4004,54004,ladder_a11_lin_r02,prps,1448,20,0.175155,10,0,10,0.02617994,1.50000,prps,0,1179
8938,8.938,1,4004,54004,ladder_a11_lin_r02,prps,1456,28,0.236067,8,0,8,0.02094395,1.20000,prps,0,1180
8943,8.943,1,4004,54004,ladder_a11_lin_r02,prps,1461,33,0.284272,4,0,4,0.01047198,0.60000,prps,0,1181
8948,8.948,1,4004,54004,ladder_a11_lin_r02,prps,1465,37,0.316216,2,0,2,0.00523599,0.30000,prps,0,1182
8953,8.953,1,4004,54004,ladder_a11_lin_r02,prps,1467,39,0.329458,-2,0,-2,-0.00523599,-0.30000,prps,0,1183
8958,8.958,1,4004,54004,ladder_a11_lin_r02,prps,1466,38,0.322876,-6,0,-6,-0.01570796,-0.90000,prps,0,1184
8963,8.963,1,4004,54004,ladder_a11_lin_r02,prps,1463,35,0.296773,-10,0,-10,-0.02617994,-1.50000,prps,0,1185
8968,8.968,1,4004,54004,ladder_a11_lin_r02,prps,1458,30,0.252864,-13,0,-13,-0.03403392,-1.95000,prps,0,1186
8973,8.973,1,4004,54004,ladder_a11_lin_r02,prps,1451,23,0.194162,-16,0,-16,-0.04188790,-2.40000,prps,0,1187
8978,8.978,1,4004,54004,ladder_a11_lin_r02,prps,1443,15,0.124731,-17,0,-17,-0.04450589,-2.55000,prps,0,1188
8983,8.983,1,4004,54004,ladder_a11_lin_r02,prps,1434,6,0.049350,-17,0,-17,-0.04450589,-2.55000,prps,0,1189
8988,8.988,1,4004,54004,ladder_a11_lin_r02,prps,1425,-3,-0.026889,-17,0,-17,-0.04450589,-2.55000,prps,0,1190
8993,8.993,1,4004,54004,ladder_a11_lin_r02,prps,1416,-12,-0.099025,-15,0,-15,-0.03926991,-2.25000,prps,0,1191
8998,8.998,1,4004,54004,ladder_a11_lin_r02,prps,1409,-19,-0.162655,-12,0,-12,-0.03141592,-1.80000,prps,0,1192
9003,9.003,1,4004,54004,ladder_a11_lin_r02,prps,1403,-25,-0.214318,-9,0,-9,-0.02356194,-1.35000,prps,0,1193
9008,9.008,1,4004,54004,ladder_a11_lin_r02,prps,1399,-29,-0.251772,-5,0,-5,-0.01308997,-0.75000,prps,0,1194
9013,9.013,1,4004,54004,ladder_a11_lin_r02,prps,1396,-32,-0.274168,0,0,0,0.00000000,0.00000,prps,0,1195
9018,9.018,1,4004,54004,ladder_a11_lin_r02,prps,1395,-33,-0.282065,5,0,5,0.01308997,0.75000,prps,0,1196
9023,9.023,1,4004,54004,ladder_a11_lin_r02,prps,1396,-32,-0.277317,9,0,9,0.02356194,1.35000,prps,0,1197
9028,9.028,1,4004,54004,ladder_a11_lin_r02,prps,1397,-31,-0.262828,12,0,12,0.03141592,1.80000,prps,0,1198
9033,9.033,1,4004,54004,ladder_a11_lin_r02,prps,1400,-28,-0.242200,15,0,15,0.03926991,2.25000,prps,0,1199
9038,9.038,1,4004,54004,ladder_a11_lin_r02,prps,1402,-26,-0.219326,17,0,17,0.04450589,2.55000,prps,0,1200
9043,9.043,1,4004,54004,ladder_a11_lin_r02,prps,1405,-23,-0.197965,19,0,19,0.04974188,2.85000,prps,0,1201
9048,9.048,1,4004,54004,ladder_a11_lin_r02,prps,1407,-21,-0.181347,19,0,19,0.04974188,2.85000,prps,0,1202
9053,9.053,1,4004,54004,ladder_a11_lin_r02,prps,1408,-20,-0.171849,19,0,19,0.04974188,2.85000,prps,0,1203
9058,9.058,1,4004,54004,ladder_a11_lin_r02,prps,1408,-20,-0.170782,19,0,19,0.04974188,2.85000,prps,0,1204
9063,9.063,1,4004,54004,ladder_a11_lin_r02,prps,1407,-21,-0.178300,19,0,19,0.04974188,2.85000,prps,0,1205
9068,9.068,1,4004,54004,ladder_a11_lin_r02,prps,1405,-23,-0.193436,19,0,19,0.04974188,2.85000,prps,0,1206
9073,9.073,1,4004,54004,ladder_a11_lin_r02,prps,1403,-25,-0.214262,19,0,19,0.04974188,2.85000,prps,0,1207
9078,9.078,1,4004,54004,ladder_a11_lin_r02,prps,1400,-28,-0.238134,19,0,19,0.04974188,2.85000,prps,0,1208
9083,9.083,1,4004,54004,ladder_a11_lin_r02,prps,1397,-31,-0.262006,19,0,19,0.04974188,2.85000,prps,0,1209
9088,9.088,1,4004,54004,ladder_a11_lin_r02,prps,1395,-33,-0.282753,19,0,19,0.04974188,2.85000,prps,0,1210
9093,9.093,1,4004,54004,ladder_a11_lin_r02,prps,1393,-35,-0.297481,19,0,19,0.04974188,2.85000,prps,0,1211
9098,9.098,1,4004,54004,ladder_a11_lin_r02,prps,1392,-36,-0.303782,19,0,19,0.04974188,2.85000,prps,0,1212
9103,9.103,1,4004,54004,ladder_a11_lin_r02,prps,1393,-35,-0.299917,20,0,20,0.05235988,3.00000,prps,0,1213
9108,9.108,1,4004,54004,ladder_a11_lin_r02,prps,1395,-33,-0.284907,21,0,21,0.05497787,3.15000,prps,0,1214
9113,9.113,1,4004,54004,ladder_a11_lin_r02,prps,1398,-30,-0.258546,22,0,22,0.05759586,3.30000,prps,0,1215
9118,9.118,1,4004,54004,ladder_a11_lin_r02,prps,1402,-26,-0.221339,22,0,22,0.05759586,3.30000,prps,0,1216
9123,9.123,1,4004,54004,ladder_a11_lin_r02,prps,1408,-20,-0.174391,22,0,22,0.05759586,3.30000,prps,0,1217
9128,9.128,1,4004,54004,ladder_a11_lin_r02,prps,1414,-14,-0.119276,22,0,22,0.05759586,3.30000,prps,0,1218
9133,9.133,1,4004,54004,ladder_a11_lin_r02,prps,1421,-7,-0.057904,22,0,22,0.05759586,3.30000,prps,0,1219
9138,9.138,1,4004,54004,ladder_a11_lin_r02,prps,1429,1,0.007581,21,0,21,0.05497787,3.15000,prps,0,1220
9143,9.143,1,4004,54004,ladder_a11_lin_r02,prps,1437,9,0.074876,19,0,19,0.04974188,2.85000,prps,0,1221
9148,9.148,1,4004,54004,ladder_a11_lin_r02,prps,1445,17,0.141556,16,0,16,0.04188790,2.40000,prps,0,1222
9153,9.153,1,4004,54004,ladder_a11_lin_r02,prps,1452,24,0.205081,13,0,13,0.03403392,1.95000,prps,0,1223
9158,9.158,1,4004,54004,ladder_a11_lin_r02,prps,1459,31,0.262797,9,0,9,0.02356194,1.35000,prps,0,1224
9163,9.163,1,4004,54004,ladder_a11_lin_r02,prps,1464,36,0.311953,4,0,4,0.01047198,0.60000,prps,0,1225
9168,9.168,1,4004,54004,ladder_a11_lin_r02,prps,1469,41,0.349753,0,0,0,0.00000000,0.00000,prps,0,1226
9173,9.173,1,4004,54004,ladder_a11_lin_r02,prps,1472,44,0.373463,-4,0,-4,-0.01047198,-0.60000,prps,0,1227
9178,9.178,1,4004,54004,ladder_a11_lin_r02,prps,1473,45,0.380587,-8,0,-8,-0.02094395,-1.20000,prps,0,1228
9183,9.183,1,4004,54004,ladder_a11_lin_r02,prps,1471,43,0.369099,-12,0,-12,-0.03141592,-1.80000,prps,0,1229
9188,9.188,1,4004,54004,ladder_a11_lin_r02,prps,1468,40,0.337718,-15,0,-15,-0.03926991,-2.25000,prps,0,1230
9193,9.193,1,4004,54004,ladder_a11_lin_r02,prps,1461,33,0.286191,-18,0,-18,-0.04712389,-2.70000,prps,0,1231
9198,9.198,1,4004,54004,ladder_a11_lin_r02,prps,1453,25,0.215545,-20,0,-20,-0.05235988,-3.00000,prps,0,1232
9203,9.203,1,4004,54004,ladder_a11_lin_r02,prps,1443,15,0.128256,-21,0,-21,-0.05497787,-3.15000,prps,0,1233
9208,9.208,1,4004,54004,ladder_a11_lin_r02,prps,1431,3,0.028298,-20,0,-20,-0.05235988,-3.00000,prps,0,1234
9213,9.213,1,4004,54004,ladder_a11_lin_r02,prps,1419,-9,-0.078966,-20,0,-20,-0.05235988,-3.00000,prps,0,1235
9218,9.218,1,4004,54004,ladder_a11_lin_r02,prps,1406,-22,-0.187070,-17,0,-17,-0.04450589,-2.55000,prps,0,1236
9223,9.223,1,4004,54004,ladder_a11_lin_r02,prps,1394,-34,-0.288894,-12,0,-12,-0.03141592,-1.80000,prps,0,1237
9228,9.228,1,4004,54004,ladder_a11_lin_r02,prps,1384,-44,-0.377262,-7,0,-7,-0.01832596,-1.05000,prps,0,1238
9233,9.233,1,4004,54004,ladder_a11_lin_r02,prps,1376,-52,-0.445628,-2,0,-2,-0.00523599,-0.30000,prps,0,1239
9238,9.238,1,4004,54004,ladder_a11_lin_r02,prps,1371,-57,-0.488775,4,0,4,0.01047198,0.60000,prps,0,1240
9243,9.243,1,4004,54004,ladder_a11_lin_r02,prps,1369,-59,-0.503461,10,0,10,0.02617994,1.50000,prps,0,1241
9248,9.248,1,4004,54004,ladder_a11_lin_r02,prps,1371,-57,-0.488911,16,0,16,0.04188790,2.40000,prps,0,1242
9253,9.253,1,4004,54004,ladder_a11_lin_r02,prps,1376,-52,-0.447094,21,0,21,0.05497787,3.15000,prps,0,1243
9258,9.258,1,4004,54004,ladder_a11_lin_r02,prps,1383,-45,-0.382724,26,0,26,0.06806784,3.90000,prps,0,1244
9263,9.263,1,4004,54004,ladder_a11_lin_r02,prps,1393,-35,-0.302951,29,0,29,0.07592182,4.35000,prps,0,1245
9268,9.268,1,4004,54004,ladder_a11_lin_r02,prps,1403,-25,-0.216776,31,0,31,0.08115781,4.65000,prps,0,1246
9273,9.273,1,4004,54004,ladder_a11_lin_r02,prps,1412,-16,-0.134202,31,0,31,0.08115781,4.65000,prps,0,1247
9278,9.278,1,4004,54004,ladder_a11_lin_r02,prps,1420,-8,-0.065223,30,0,30,0.07853982,4.50000,prps,0,1248
9283,9.283,1,4004,54004,ladder_a11_lin_r02,prps,1426,-2,-0.018750,28,0,28,0.07330382,4.20000,prps,0,1249
9288,9.288,1,4004,54004,ladder_a11_lin_r02,prps,1428,0,-0.001587,24,0,24,0.06283185,3.60000,prps,0,1250
9293,9.293,1,4004,54004,ladder_a11_lin_r02,prps,1426,-2,-0.017588,20,0,20,0.05235988,3.00000,prps,0,1251
9298,9.298,1,4004,54004,ladder_a11_lin_r02,prps,1420,-8,-0.067104,17,0,17,0.04450589,2.55000,prps,0,1252
9303,9.303,1,4004,54004,ladder_a11_lin_r02,prps,1411,-17,-0.146784,13,0,13,0.03403392,1.95000,prps,0,1253
9308,9.308,1,4004,54004,ladder_a11_lin_r02,prps,1399,-29,-0.249796,11,0,11,0.02879793,1.65000,prps,0,1254
9313,9.313,1,4004,54004,ladder_a11_lin_r02,prps,1385,-43,-0.366446,10,0,10,0.02617994,1.50000,prps,0,1255
9318,9.318,1,4004,54004,ladder_a11_lin_r02,prps,1371,-57,-0.485149,10,0,10,0.02617994,1.50000,prps,0,1256
9323,9.323,1,4004,54004,ladder_a11_lin_r02,prps,1359,-69,-0.593653,11,0,11,0.02879793,1.65000,prps,0,1257
9328,9.328,1,4004,54004,ladder_a11_lin_r02,prps,1348,-80,-0.680385,15,0,15,0.03926991,2.25000,prps,0,1258
9333,9.333,1,4004,54004,ladder_a11_lin_r02,prps,1342,-86,-0.735776,21,0,21,0.05497787,3.15000,prps,0,1259
9338,9.338,1,4004,54004,ladder_a11_lin_r02,prps,1340,-88,-0.753398,26,0,26,0.06806784,3.90000,prps,0,1260
9343,9.343,1,4004,54004,ladder_a11_lin_r02,prps,1342,-86,-0.730777,32,0,32,0.08377580,4.80000,prps,0,1261
9348,9.348,1,4004,54004,ladder_a11_lin_r02,prps,1350,-78,-0.669793,38,0,38,0.09948376,5.70000,prps,0,1262
9353,9.353,1,4004,54004,ladder_a11_lin_r02,prps,1361,-67,-0.576583,42,0,42,0.10995574,6.30000,prps,0,1263
9358,9.358,1,4004,54004,ladder_a11_lin_r02,prps,1374,-54,-0.460959,46,0,46,0.12042772,6.90000,prps,0,1264
9363,9.363,1,4004,54004,ladder_a11_lin_r02,prps,1389,-39,-0.335397,47,0,47,0.12304571,7.05000,prps,0,1265
9368,9.368,1,4004,54004,ladder_a11_lin_r02,prps,1403,-25,-0.213692,47,0,47,0.12304571,7.05000,prps,0,1266
9373,9.373,1,4004,54004,ladder_a11_lin_r02,prps,1415,-13,-0.109432,44,0,44,0.11519173,6.60000,prps,0,1267
9378,9.378,1,4004,54004,ladder_a11_lin_r02,prps,1424,-4,-0.034467,40,0,40,0.10471976,6.00000,prps,0,1268
9383,9.383,1,4004,54004,ladder_a11_lin_r02,prps,1428,0,0.002453,36,0,36,0.09424778,5.40000,prps,0,1269
9388,9.388,1,4004,54004,ladder_a11_lin_r02,prps,1428,0,-0.003284,31,0,31,0.08115781,4.65000,prps,0,1270
9393,9.393,1,4004,54004,ladder_a11_lin_r02,prps,1422,-6,-0.051575,25,0,25,0.06544985,3.75000,prps,0,1271
9398,9.398,1,4004,54004,ladder_a11_lin_r02,prps,1412,-16,-0.137548,20,0,20,0.05235988,3.00000,prps,0,1272
9403,9.403,1,4004,54004,ladder_a11_lin_r02,prps,1399,-29,-0.252048,16,0,16,0.04188790,2.40000,prps,0,1273
9408,9.408,1,4004,54004,ladder_a11_lin_r02,prps,1383,-45,-0.382614,14,0,14,0.03665191,2.10000,prps,0,1274
9413,9.413,1,4004,54004,ladder_a11_lin_r02,prps,1368,-60,-0.514832,14,0,14,0.03665191,2.10000,prps,0,1275
9418,9.418,1,4004,54004,ladder_a11_lin_r02,prps,1354,-74,-0.633919,14,0,14,0.03665191,2.10000,prps,0,1276
9423,9.423,1,4004,54004,ladder_a11_lin_r02,prps,1343,-85,-0.726344,18,0,18,0.04712389,2.70000,prps,0,1277
9428,9.428,1,4004,54004,ladder_a11_lin_r02,prps,1337,-91,-0.781313,23,0,23,0.06021386,3.45000,prps,0,1278
9433,9.433,1,4004,54004,ladder_a11_lin_r02,prps,1335,-93,-0.791926,29,0,29,0.07592182,4.35000,prps,0,1279
9438,9.438,1,4004,54004,ladder_a11_lin_r02,prps,1340,-88,-0.755900,35,0,35,0.09162979,5.25000,prps,0,1280
9443,9.443,1,4004,54004,ladder_a11_lin_r02,prps,1349,-79,-0.675750,41,0,41,0.10733775,6.15000,prps,0,1281
9448,9.448,1,4004,54004,ladder_a11_lin_r02,prps,1363,-65,-0.558432,45,0,45,0.11780972,6.75000,prps,0,1282
9453,9.453,1,4004,54004,ladder_a11_lin_r02,prps,1380,-48,-0.414484,48,0,48,0.12566370,7.20000,prps,0,1283
9458,9.458,1,4004,54004,ladder_a11_lin_r02,prps,1398,-30,-0.256780,49,0,49,0.12828170,7.35000,prps,0,1284
9463,9.463,1,4004,54004,ladder_a11_lin_r02,prps,1416,-12,-0.099040,47,0,47,0.12304571,7.05000,prps,0,1285
9468,9.468,1,4004,54004,ladder_a11_lin_r02,prps,1433,5,0.045704,44,0,44,0.11519173,6.60000,prps,0,1286
9473,9.473,1,4004,54004,ladder_a11_lin_r02,prps,1447,19,0.166531,40,0,40,0.10471976,6.00000,prps,0,1287
9478,9.478,1,4004,54004,ladder_a11_lin_r02,prps,1458,30,0.255740,33,0,33,0.08639380,4.95000,prps,0,1288
9483,9.483,1,4004,54004,ladder_a11_lin_r02,prps,1464,36,0.309554,26,0,26,0.06806784,3.90000,prps,0,1289
9488,9.488,1,4004,54004,ladder_a11_lin_r02,prps,1466,38,0.328315,18,0,18,0.04712389,2.70000,prps,0,1290
9493,9.493,1,4004,54004,ladder_a11_lin_r02,prps,1465,37,0.316178,10,0,10,0.02617994,1.50000,prps,0,1291
9498,9.498,1,4004,54004,ladder_a11_lin_r02,prps,1461,33,0.280352,4,0,4,0.01047198,0.60000,prps,0,1292
9503,9.503,1,4004,54004,ladder_a11_lin_r02,prps,1455,27,0.229985,-2,0,-2,-0.00523599,-0.30000,prps,0,1293
9508,9.508,1,4004,54004,ladder_a11_lin_r02,prps,1448,20,0.174872,-7,0,-7,-0.01832596,-1.05000,prps,0,1294
9513,9.513,1,4004,54004,ladder_a11_lin_r02,prps,1443,15,0.124123,-9,0,-9,-0.02356194,-1.35000,prps,0,1295
9518,9.518,1,4004,54004,ladder_a11_lin_r02,prps,1438,10,0.084992,-11,0,-11,-0.02879793,-1.65000,prps,0,1296
9523,9.523,1,4004,54004,ladder_a11_lin_r02,prps,1435,7,0.062001,-11,0,-11,-0.02879793,-1.65000,prps,0,1297
9528,9.528,1,4004,54004,ladder_a11_lin_r02,prps,1435,7,0.056473,-10,0,-10,-0.02617994,-1.50000,prps,0,1298
9533,9.533,1,4004,54004,ladder_a11_lin_r02,prps,1436,8,0.066524,-9,0,-9,-0.02356194,-1.35000,prps,0,1299
9538,9.538,1,4004,54004,ladder_a11_lin_r02,prps,1438,10,0.087501,-8,0,-8,-0.02094395,-1.20000,prps,0,1300
9543,9.543,1,4004,54004,ladder_a11_lin_r02,prps,1441,13,0.112806,-6,0,-6,-0.01570796,-0.90000,prps,0,1301
9548,9.548,1,4004,54004,ladder_a11_lin_r02,prps,1444,16,0.134975,-6,0,-6,-0.01570796,-0.90000,prps,0,1302
9553,9.553,1,4004,54004,ladder_a11_lin_r02,prps,1445,17,0.146865,-6,0,-6,-0.01570796,-0.90000,prps,0,1303
9558,9.558,1,4004,54004,ladder_a11_lin_r02,prps,1445,17,0.142781,-6,0,-6,-0.01570796,-0.90000,prps,0,1304
9563,9.563,1,4004,54004,ladder_a11_lin_r02,prps,1442,14,0.119382,-6,0,-6,-0.01570796,-0.90000,prps,0,1305
9568,9.568,1,4004,54004,ladder_a11_lin_r02,prps,1437,9,0.076239,-6,0,-6,-0.01570796,-0.90000,prps,0,1306
9573,9.573,1,4004,54004,ladder_a11_lin_r02,prps,1430,2,0.015970,-6,0,-6,-0.01570796,-0.90000,prps,0,1307
9578,9.578,1,4004,54004,ladder_a11_lin_r02,prps,1421,-7,-0.056068,-6,0,-6,-0.01570796,-0.90000,prps,0,1308
9583,9.583,1,4004,54004,ladder_a11_lin_r02,prps,1412,-16,-0.132503,-6,0,-6,-0.01570796,-0.90000,prps,0,1309
9588,9.588,1,4004,54004,ladder_a11_lin_r02,prps,1404,-24,-0.204967,-5,0,-5,-0.01308997,-0.75000,prps,0,1310
9593,9.593,1,4004,54004,ladder_a11_lin_r02,prps,1397,-31,-0.265288,-3,0,-3,-0.00785398,-0.45000,prps,0,1311
9598,9.598,1,4004,54004,ladder_a11_lin_r02,prps,1392,-36,-0.306682,0,0,0,0.00000000,0.00000,prps,0,1312
9603,9.603,1,4004,54004,ladder_a11_lin_r02,prps,1390,-38,-0.324768,4,0,4,0.01047198,0.60000,prps,0,1313
9608,9.608,1,4004,54004,ladder_a11_lin_r02,prps,1391,-37,-0.318276,9,0,9,0.02356194,1.35000,prps,0,1314
9613,9.613,1,4004,54004,ladder_a11_lin_r02,prps,1394,-34,-0.289322,13,0,13,0.03403392,1.95000,prps,0,1315
9618,9.618,1,4004,54004,ladder_a11_lin_r02,prps,1400,-28,-0.243218,16,0,16,0.04188790,2.40000,prps,0,1316
9623,9.623,1,4004,54004,ladder_a11_lin_r02,prps,1406,-22,-0.187808,19,0,19,0.04974188,2.85000,prps,0,1317
9628,9.628,1,4004,54004,ladder_a11_lin_r02,prps,1413,-15,-0.132441,20,0,20,0.05235988,3.00000,prps,0,1318
9633,9.633,1,4004,54004,ladder_a11_lin_r02,prps,1418,-10,-0.086675,20,0,20,0.05235988,3.00000,prps,0,1319
9638,9.638,1,4004,54004,ladder_a11_lin_r02,prps,1421,-7,-0.058912,20,0,20,0.05235988,3.00000,prps,0,1320
9643,9.643,1,4004,54004,ladder_a11_lin_r02,prps,1422,-6,-0.055143,19,0,19,0.04974188,2.85000,prps,0,1321
9648,9.648,1,4004,54004,ladder_a11_lin_r02,prps,1419,-9,-0.077966,17,0,17,0.04450589,2.55000,prps,0,1322
9653,9.653,1,4004,54004,ladder_a11_lin_r02,prps,1413,-15,-0.126039,15,0,15,0.03926991,2.25000,prps,0,1323
9658,9.658,1,4004,54004,ladder_a11_lin_r02,prps,1405,-23,-0.194055,13,0,13,0.03403392,1.95000,prps,0,1324
9663,9.663,1,4004,54004,ladder_a11_lin_r02,prps,1396,-32,-0.273255,12,0,12,0.03141592,1.80000,prps,0,1325
9668,9.668,1,4004,54004,ladder_a11_lin_r02,prps,1387,-41,-0.352440,12,0,12,0.03141592,1.80000,prps,0,1326
9673,9.673,1,4004,54004,ladder_a11_lin_r02,prps,1379,-49,-0.419367,12,0,12,0.03141592,1.80000,prps,0,1327
9678,9.678,1,4004,54004,ladder_a11_lin_r02,prps,1374,-54,-0.462355,14,0,14,0.03665191,2.10000,prps,0,1328
9683,9.683,1,4004,54004,ladder_a11_lin_r02,prps,1373,-55,-0.471899,17,0,17,0.04450589,2.55000,prps,0,1329
9688,9.688,1,4004,54004,ladder_a11_lin_r02,prps,1376,-52,-0.442089,21,0,21,0.05497787,3.15000,prps,0,1330
9693,9.693,1,4004,54004,ladder_a11_lin_r02,prps,1385,-43,-0.371628,25,0,25,0.06544985,3.75000,prps,0,1331
9698,9.698,1,4004,54004,ladder_a11_lin_r02,prps,1397,-31,-0.264309,28,0,28,0.07330382,4.20000,prps,0,1332
9703,9.703,1,4004,54004,ladder_a11_lin_r02,prps,1413,-15,-0.128867,29,0,29,0.07592182,4.35000,prps,0,1333
9708,9.708,1,4004,54004,ladder_a11_lin_r02,prps,1431,3,0.021798,29,0,29,0.07592182,4.35000,prps,0,1334
9713,9.713,1,4004,54004,ladder_a11_lin_r02,prps,1448,20,0.171962,28,0,28,0.07330382,4.20000,prps,0,1335
9718,9.718,1,4004,54004,ladder_a11_lin_r02,prps,1464,36,0.304828,24,0,24,0.06283185,3.60000,prps,0,1336
9723,9.723,1,4004,54004,ladder_a11_lin_r02,prps,1475,47,0.404481,19,0,19,0.04974188,2.85000,prps,0,1337
9728,9.728,1,4004,54004,ladder_a11_lin_r02,prps,1482,54,0.457829,12,0,12,0.03141592,1.80000,prps,0,1338
9733,9.733,1,4004,54004,ladder_a11_lin_r02,prps,1481,53,0.456266,5,0,5,0.01308997,0.75000,prps,0,1339
9738,9.738,1,4004,54004,ladder_a11_lin_r02,prps,1474,46,0.396869,-2,0,-2,-0.00523599,-0.30000,prps,0,1340
9743,9.743,1,4004,54004,ladder_a11_lin_r02,prps,1461,33,0.282960,-8,0,-8,-0.02094395,-1.20000,prps,0,1341
9748,9.748,1,4004,54004,ladder_a11_lin_r02,prps,1443,15,0.123940,-13,0,-13,-0.03403392,-1.95000,prps,0,1342
9753,9.753,1,4004,54004,ladder_a11_lin_r02,prps,1420,-8,-0.065588,-17,0,-17,-0.04450589,-2.55000,prps,0,1343
9758,9.758,1,4004,54004,ladder_a11_lin_r02,prps,1397,-31,-0.267326,-17,0,-17,-0.04450589,-2.55000,prps,0,1344
9763,9.763,1,4004,54004,ladder_a11_lin_r02,prps,1374,-54,-0.461261,-15,0,-15,-0.03926991,-2.25000,prps,0,1345
9768,9.768,1,4004,54004,ladder_a11_lin_r02,prps,1355,-73,-0.627879,-10,0,-10,-0.02617994,-1.50000,prps,0,1346
9773,9.773,1,4004,54004,ladder_a11_lin_r02,prps,1340,-88,-0.750351,-5,0,-5,-0.01308997,-0.75000,prps,0,1347
9778,9.778,1,4004,54004,ladder_a11_lin_r02,prps,1332,-96,-0.816463,4,0,4,0.01047198,0.60000,prps,0,1348
9783,9.783,1,4004,54004,ladder_a11_lin_r02,prps,1332,-96,-0.820016,13,0,13,0.03403392,1.95000,prps,0,1349
9788,9.788,1,4004,54004,ladder_a11_lin_r02,prps,1339,-89,-0.761564,22,0,22,0.05759586,3.30000,prps,0,1350
9793,9.793,1,4004,54004,ladder_a11_lin_r02,prps,1352,-76,-0.648376,31,0,31,0.08115781,4.65000,prps,0,1351
9798,9.798,1,4004,54004,ladder_a11_lin_r02,prps,1370,-58,-0.493624,38,0,38,0.09948376,5.70000,prps,0,1352
9803,9.803,1,4004,54004,ladder_a11_lin_r02,prps,1391,-37,-0.314902,42,0,42,0.10995574,6.30000,prps,0,1353
9808,9.808,1,4004,54004,ladder_a11_lin_r02,prps,1413,-15,-0.132226,44,0,44,0.11519173,6.60000,prps,0,1354
9813,9.813,1,4004,54004,ladder_a11_lin_r02,prps,1432,4,0.034236,42,0,42,0.10995574,6.30000,prps,0,1355
9818,9.818,1,4004,54004,ladder_a11_lin_r02,prps,1447,19,0.166443,39,0,39,0.10210176,5.85000,prps,0,1356
9823,9.823,1,4004,54004,ladder_a11_lin_r02,prps,1457,29,0.250502,34,0,34,0.08901179,5.10000,prps,0,1357
9828,9.828,1,4004,54004,ladder_a11_lin_r02,prps,1461,33,0.278199,26,0,26,0.06806784,3.90000,prps,0,1358
9833,9.833,1,4004,54004,ladder_a11_lin_r02,prps,1457,29,0.247857,18,0,18,0.04712389,2.70000,prps,0,1359
9838,9.838,1,4004,54004,ladder_a11_lin_r02,prps,1447,19,0.164430,11,0,11,0.02879793,1.65000,prps,0,1360
9843,9.843,1,4004,54004,ladder_a11_lin_r02,prps,1433,5,0.038825,5,0,5,0.01308997,0.75000,prps,0,1361
9848,9.848,1,4004,54004,ladder_a11_lin_r02,prps,1415,-13,-0.113455,1,0,1,0.00261799,0.15000,prps,0,1362
9853,9.853,1,4004,54004,ladder_a11_lin_r02,prps,1396,-32,-0.274192,-2,0,-2,-0.00523599,-0.30000,prps,0,1363
9858,9.858,1,4004,54004,ladder_a11_lin_r02,prps,1378,-50,-0.424612,-1,0,-1,-0.00261799,-0.15000,prps,0,1364
9863,9.863,1,4004,54004,ladder_a11_lin_r02,prps,1364,-64,-0.547578,1,0,1,0.00261799,0.15000,prps,0,1365
9868,9.868,1,4004,54004,ladder_a11_lin_r02,prps,1354,-74,-0.629551,4,0,4,0.01047198,0.60000,prps,0,1366
9873,9.873,1,4004,54004,ladder_a11_lin_r02,prps,1351,-77,-0.662092,11,0,11,0.02879793,1.65000,prps,0,1367
9878,9.878,1,4004,54004,ladder_a11_lin_r02,prps,1353,-75,-0.642731,18,0,18,0.04712389,2.70000,prps,0,1368
9883,9.883,1,4004,54004,ladder_a11_lin_r02,prps,1361,-67,-0.575111,25,0,25,0.06544985,3.75000,prps,0,1369
9888,9.888,1,4004,54004,ladder_a11_lin_r02,prps,1373,-55,-0.468417,30,0,30,0.07853982,4.50000,prps,0,1370
9893,9.893,1,4004,54004,ladder_a11_lin_r02,prps,1389,-39,-0.336145,35,0,35,0.09162979,5.25000,prps,0,1371
9898,9.898,1,4004,54004,ladder_a11_lin_r02,prps,1405,-23,-0.194397,37,0,37,0.09686577,5.55000,prps,0,1372
9903,9.903,1,4004,54004,ladder_a11_lin_r02,prps,1421,-7,-0.059910,37,0,37,0.09686577,5.55000,prps,0,1373
9908,9.908,1,4004,54004,ladder_a11_lin_r02,prps,1434,6,0.051948,37,0,37,0.09686577,5.55000,prps,0,1374
9913,9.913,1,4004,54004,ladder_a11_lin_r02,prps,1443,15,0.128964,32,0,32,0.08377580,4.80000,prps,0,1375
9918,9.918,1,4004,54004,ladder_a11_lin_r02,prps,1447,19,0.163440,26,0,26,0.06806784,3.90000,prps,0,1376
9923,9.923,1,4004,54004,ladder_a11_lin_r02,prps,1446,18,0.152970,20,0,20,0.05235988,3.00000,prps,0,1377
9928,9.928,1,4004,54004,ladder_a11_lin_r02,prps,1440,12,0.100570,14,0,14,0.03665191,2.10000,prps,0,1378
9933,9.933,1,4004,54004,ladder_a11_lin_r02,prps,1430,2,0.014143,9,0,9,0.02356194,1.35000,prps,0,1379
9938,9.938,1,4004,54004,ladder_a11_lin_r02,prps,1417,-11,-0.094619,5,0,5,0.01308997,0.75000,prps,0,1380
9943,9.943,1,4004,54004,ladder_a11_lin_r02,prps,1403,-25,-0.211759,3,0,3,0.00785398,0.45000,prps,0,1381
9948,9.948,1,4004,54004,ladder_a11_lin_r02,prps,1390,-38,-0.322790,3,0,3,0.00785398,0.45000,prps,0,1382
9953,9.953,1,4004,54004,ladder_a11_lin_r02,prps,1380,-48,-0.414436,4,0,4,0.01047198,0.60000,prps,0,1383
9958,9.958,1,4004,54004,ladder_a11_lin_r02,prps,1372,-56,-0.476151,6,0,6,0.01570796,0.90000,prps,0,1384
9963,9.963,1,4004,54004,ladder_a11_lin_r02,prps,1369,-59,-0.501245,11,0,11,0.02879793,1.65000,prps,0,1385
9968,9.968,1,4004,54004,ladder_a11_lin_r02,prps,1371,-57,-0.487482,16,0,16,0.04188790,2.40000,prps,0,1386
9973,9.973,1,4004,54004,ladder_a11_lin_r02,prps,1377,-51,-0.437099,21,0,21,0.05497787,3.15000,prps,0,1387
9978,9.978,1,4004,54004,ladder_a11_lin_r02,prps,1386,-42,-0.356263,25,0,25,0.06544985,3.75000,prps,0,1388
9983,9.983,1,4004,54004,ladder_a11_lin_r02,prps,1398,-30,-0.254058,29,0,29,0.07592182,4.35000,prps,0,1389
9988,9.988,1,4004,54004,ladder_a11_lin_r02,prps,1411,-17,-0.141146,30,0,30,0.07853982,4.50000,prps,0,1390
9993,9.993,1,4004,54004,ladder_a11_lin_r02,prps,1425,-3,-0.028291,30,0,30,0.07853982,4.50000,prps,0,1391
9998,9.998,1,4004,54004,ladder_a11_lin_r02,prps,1437,9,0.075057,29,0,29,0.07592182,4.35000,prps,0,1392
10003,10.003,1,4004,54004,ladder_a11_lin_r02,prps,1447,19,0.161936,26,0,26,0.06806784,3.90000,prps,0,1393
10008,10.008,1,4004,54004,ladder_a11_lin_r02,prps,1455,27,0.228651,21,0,21,0.05497787,3.15000,prps,0,1394
10013,10.013,1,4004,54004,ladder_a11_lin_r02,prps,1460,32,0.275070,15,0,15,0.03926991,2.25000,prps,0,1395
10018,10.018,1,4004,54004,ladder_a11_lin_r02,prps,1464,36,0.304407,10,0,10,0.02617994,1.50000,prps,0,1396
10023,10.023,1,4004,54004,ladder_a11_lin_r02,prps,1466,38,0.322541,4,0,4,0.01047198,0.60000,prps,0,1397
10028,10.028,1,4004,54004,ladder_a11_lin_r02,prps,1467,39,0.336966,-1,0,-1,-0.00261799,-0.15000,prps,0,1398
10033,10.033,1,4004,54004,ladder_a11_lin_r02,prps,1470,42,0.355535,-6,0,-6,-0.01570796,-0.90000,prps,0,1399
10038,10.038,1,4004,54004,ladder_a11_lin_r02,prps,1473,45,0.385168,-10,0,-10,-0.02617994,-1.50000,prps,0,1400
10043,10.043,1,4004,54004,ladder_a11_lin_r02,prps,1478,50,0.430700,-13,0,-13,-0.03403392,-1.95000,prps,0,1401
10048,10.048,1,4004,54004,ladder_a11_lin_r02,prps,1486,58,0.494049,-17,0,-17,-0.04450589,-2.55000,prps,0,1402
10053,10.053,1,4004,54004,ladder_a11_lin_r02,prps,1495,67,0.573787,-20,0,-20,-0.05235988,-3.00000,prps,0,1403
10058,10.058,1,4004,54004,ladder_a11_lin_r02,prps,1506,78,0.665209,-23,0,-23,-0.06021386,-3.45000,prps,0,1404
10063,10.063,1,4004,54004,ladder_a11_lin_r02,prps,1517,89,0.760865,-26,0,-26,-0.06806784,-3.90000,prps,0,1405
10068,10.068,1,4004,54004,ladder_a11_lin_r02,prps,1528,100,0.851502,-29,0,-29,-0.07592182,-4.35000,prps,0,1406
10073,10.073,1,4004,54004,ladder_a11_lin_r02,prps,1536,108,0.927282,-33,0,-33,-0.08639380,-4.95000,prps,0,1407
10078,10.078,1,4004,54004,ladder_a11_lin_r02,prps,1543,115,0.979128,-38,0,-38,-0.09948376,-5.70000,prps,0,1408
10083,10.083,1,4004,54004,ladder_a11_lin_r02,prps,1545,117,1.000000,-43,0,-43,-0.11257374,-6.45000,prps,0,1409
10088,10.088,1,4004,54004,ladder_a11_lin_r02,prps,1543,115,0.985942,-48,0,-48,-0.12566370,-7.20000,prps,0,1410
10093,10.093,1,4004,54004,ladder_a11_lin_r02,prps,1538,110,0.936757,-53,0,-53,-0.13875367,-7.95000,prps,0,1411
10098,10.098,1,4004,54004,ladder_a11_lin_r02,prps,1528,100,0.856210,-57,0,-57,-0.14922565,-8.55000,prps,0,1412
10103,10.103,1,4004,54004,ladder_a11_lin_r02,prps,1516,88,0.751729,-60,0,-60,-0.15707964,-9.00000,prps,0,1413
10108,10.108,1,4004,54004,ladder_a11_lin_r02,prps,1502,74,0.633631,-62,0,-62,-0.16231562,-9.30000,prps,0,1414
10113,10.113,1,4004,54004,ladder_a11_lin_r02,prps,1488,60,0.513969,-61,0,-61,-0.15969762,-9.15000,prps,0,1415
10118,10.118,1,4004,54004,ladder_a11_lin_r02,prps,1475,47,0.405129,-59,0,-59,-0.15446164,-8.85000,prps,0,1416
10123,10.123,1,4004,54004,ladder_a11_lin_r02,prps,1465,37,0.318372,-55,0,-55,-0.14398966,-8.25000,prps,0,1417
10128,10.128,1,4004,54004,ladder_a11_lin_r02,prps,1459,31,0.262470,-50,0,-50,-0.13089970,-7.50000,prps,0,1418
10133,10.133,1,4004,54004,ladder_a11_lin_r02,prps,1456,28,0.242643,-46,0,-46,-0.12042772,-6.90000,prps,0,1419
10138,10.138,1,4004,54004,ladder_a11_lin_r02,prps,1458,30,0.259899,-40,0,-40,-0.10471976,-6.00000,prps,0,1420
10143,10.143,1,4004,54004,ladder_a11_lin_r02,prps,1464,36,0.310874,-35,0,-35,-0.09162979,-5.25000,prps,0,1421
10148,10.148,1,4004,54004,ladder_a11_lin_r02,prps,1473,45,0.388207,-31,0,-31,-0.08115781,-4.65000,prps,0,1422
10153,10.153,1,4004,54004,ladder_a11_lin_r02,prps,1484,56,0.481380,-27,0,-27,-0.07068583,-4.05000,prps,0,1423
10158,10.158,1,4004,54004,ladder_a11_lin_r02,prps,1496,68,0.577950,-26,0,-26,-0.06806784,-3.90000,prps,0,1424
10163,10.163,1,4004,54004,ladder_a11_lin_r02,prps,1506,78,0.665008,-26,0,-26,-0.06806784,-3.90000,prps,0,1425
10168,10.168,1,4004,54004,ladder_a11_lin_r02,prps,1513,85,0.730700,-26,0,-26,-0.06806784,-3.90000,prps,0,1426
10173,10.173,1,4004,54004,ladder_a11_lin_r02,prps,1518,90,0.765632,-29,0,-29,-0.07592182,-4.35000,prps,0,1427
10178,10.178,1,4004,54004,ladder_a11_lin_r02,prps,1517,89,0.763977,-33,0,-33,-0.08639380,-4.95000,prps,0,1428
10183,10.183,1,4004,54004,ladder_a11_lin_r02,prps,1513,85,0.724178,-37,0,-37,-0.09686577,-5.55000,prps,0,1429
10188,10.188,1,4004,54004,ladder_a11_lin_r02,prps,1504,76,0.649144,-41,0,-41,-0.10733775,-6.15000,prps,0,1430
10193,10.193,1,4004,54004,ladder_a11_lin_r02,prps,1492,64,0.545937,-44,0,-44,-0.11519173,-6.60000,prps,0,1431
10198,10.198,1,4004,54004,ladder_a11_lin_r02,prps,1478,50,0.424983,-46,0,-46,-0.12042772,-6.90000,prps,0,1432
10203,10.203,1,4004,54004,ladder_a11_lin_r02,prps,1463,35,0.298893,-45,0,-45,-0.11780972,-6.75000,prps,0,1433
10208,10.208,1,4004,54004,ladder_a11_lin_r02,prps,1449,21,0.181056,-44,0,-44,-0.11519173,-6.60000,prps,0,1434
10213,10.213,1,4004,54004,ladder_a11_lin_r02,prps,1438,10,0.084142,-41,0,-41,-0.10733775,-6.15000,prps,0,1435
10218,10.218,1,4004,54004,ladder_a11_lin_r02,prps,1430,2,0.018710,-36,0,-36,-0.09424778,-5.40000,prps,0,1436
10223,10.223,1,4004,54004,ladder_a11_lin_r02,prps,1427,-1,-0.007947,-30,0,-30,-0.07853982,-4.50000,prps,0,1437
10228,10.228,1,4004,54004,ladder_a11_lin_r02,prps,1429,1,0.007422,-24,0,-24,-0.06283185,-3.60000,prps,0,1438
10233,10.233,1,4004,54004,ladder_a11_lin_r02,prps,1435,7,0.063700,-19,0,-19,-0.04974188,-2.85000,prps,0,1439
10238,10.238,1,4004,54004,ladder_a11_lin_r02,prps,1446,18,0.155555,-14,0,-14,-0.03665191,-2.10000,prps,0,1440
10243,10.243,1,4004,54004,ladder_a11_lin_r02,prps,1460,32,0.274030,-10,0,-10,-0.02617994,-1.50000,prps,0,1441
10248,10.248,1,4004,54004,ladder_a11_lin_r02,prps,1476,48,0.407522,-9,0,-9,-0.02356194,-1.35000,prps,0,1442
10253,10.253,1,4004,54004,ladder_a11_lin_r02,prps,1492,64,0.542994,-8,0,-8,-0.02094395,-1.20000,prps,0,1443
10258,10.258,1,4004,54004,ladder_a11_lin_r02,prps,1506,78,0.667319,-11,0,-11,-0.02879793,-1.65000,prps,0,1444
10263,10.263,1,4004,54004,ladder_a11_lin_r02,prps,1518,90,0.768582,-14,0,-14,-0.03665191,-2.10000,prps,0,1445
10268,10.268,1,4004,54004,ladder_a11_lin_r02,prps,1526,98,0.837219,-19,0,-19,-0.04974188,-2.85000,prps,0,1446
10273,10.273,1,4004,54004,ladder_a11_lin_r02,prps,1529,101,0.866882,-25,0,-25,-0.06544985,-3.75000,prps,0,1447
10278,10.278,1,4004,54004,ladder_a11_lin_r02,prps,1528,100,0.854944,-31,0,-31,-0.08115781,-4.65000,prps,0,1448
10283,10.283,1,4004,54004,ladder_a11_lin_r02,prps,1522,94,0.802624,-37,0,-37,-0.09686577,-5.55000,prps,0,1449
10288,10.288,1,4004,54004,ladder_a11_lin_r02,prps,1512,84,0.714733,-43,0,-43,-0.11257374,-6.45000,prps,0,1450
10293,10.293,1,4004,54004,ladder_a11_lin_r02,prps,1498,70,0.599095,-46,0,-46,-0.12042772,-6.90000,prps,0,1451
10298,10.298,1,4004,54004,ladder_a11_lin_r02,prps,1482,54,0.465718,-49,0,-49,-0.12828170,-7.35000,prps,0,1452
10303,10.303,1,4004,54004,ladder_a11_lin_r02,prps,1466,38,0.325817,-49,0,-49,-0.12828170,-7.35000,prps,0,1453
10308,10.308,1,4004,54004,ladder_a11_lin_r02,prps,1450,22,0.190790,-47,0,-47,-0.12304571,-7.05000,prps,0,1454
10313,10.313,1,4004,54004,ladder_a11_lin_r02,prps,1436,8,0.071246,-44,0,-44,-0.11519173,-6.60000,prps,0,1455
10318,10.318,1,4004,54004,ladder_a11_lin_r02,prps,1425,-3,-0.023822,-39,0,-39,-0.10210176,-5.85000,prps,0,1456
10323,10.323,1,4004,54004,ladder_a11_lin_r02,prps,1418,-10,-0.087669,-33,0,-33,-0.08639380,-4.95000,prps,0,1457
10328,10.328,1,4004,54004,ladder_a11_lin_r02,prps,1414,-14,-0.116194,-26,0,-26,-0.06806784,-3.90000,prps,0,1458
10333,10.333,1,4004,54004,ladder_a11_lin_r02,prps,1415,-13,-0.108098,-19,0,-19,-0.04974188,-2.85000,prps,0,1459
10338,10.338,1,4004,54004,ladder_a11_lin_r02,prps,1420,-8,-0.064801,-13,0,-13,-0.03403392,-1.95000,prps,0,1460
10343,10.343,1,4004,54004,ladder_a11_lin_r02,prps,1429,1,0.009813,-8,0,-8,-0.02094395,-1.20000,prps,0,1461
10348,10.348,1,4004,54004,ladder_a11_lin_r02,prps,1441,13,0.109821,-4,0,-4,-0.01047198,-0.60000,prps,0,1462
10353,10.353,1,4004,54004,ladder_a11_lin_r02,prps,1455,27,0.227770,-1,0,-1,-0.00261799,-0.15000,prps,0,1463
10358,10.358,1,4004,54004,ladder_a11_lin_r02,prps,1470,42,0.355247,0,0,0,0.00000000,0.00000,prps,0,1464
10363,10.363,1,4004,54004,ladder_a11_lin_r02,prps,1485,57,0.483460,-2,0,-2,-0.00523599,-0.30000,prps,0,1465
10368,10.368,1,4004,54004,ladder_a11_lin_r02,prps,1499,71,0.603792,-5,0,-5,-0.01308997,-0.75000,prps,0,1466
10373,10.373,1,4004,54004,ladder_a11_lin_r02,prps,1511,83,0.708328,-9,0,-9,-0.02356194,-1.35000,prps,0,1467
10378,10.378,1,4004,54004,ladder_a11_lin_r02,prps,1520,92,0.790310,-13,0,-13,-0.03403392,-1.95000,prps,0,1468
10383,10.383,1,4004,54004,ladder_a11_lin_r02,prps,1527,99,0.844529,-20,0,-20,-0.05235988,-3.00000,prps,0,1469
10388,10.388,1,4004,54004,ladder_a11_lin_r02,prps,1530,102,0.867645,-26,0,-26,-0.06806784,-3.90000,prps,0,1470
10393,10.393,1,4004,54004,ladder_a11_lin_r02,prps,1528,100,0.858408,-33,0,-33,-0.08639380,-4.95000,prps,0,1471
10398,10.398,1,4004,54004,ladder_a11_lin_r02,prps,1524,96,0.817786,-38,0,-38,-0.09948376,-5.70000,prps,0,1472
10403,10.403,1,4004,54004,ladder_a11_lin_r02,prps,1516,88,0.748968,-44,0,-44,-0.11519173,-6.60000,prps,0,1473
10408,10.408,1,4004,54004,ladder_a11_lin_r02,prps,1505,77,0.657236,-47,0,-47,-0.12304571,-7.05000,prps,0,1474
10413,10.413,1,4004,54004,ladder_a11_lin_r02,prps,1492,64,0.549690,-50,0,-50,-0.13089970,-7.50000,prps,0,1475
10418,10.418,1,4004,54004,ladder_a11_lin_r02,prps,1479,51,0.434810,-50,0,-50,-0.13089970,-7.50000,prps,0,1476
10423,10.423,1,4004,54004,ladder_a11_lin_r02,prps,1466,38,0.321886,-49,0,-49,-0.12828170,-7.35000,prps,0,1477
10428,10.428,1,4004,54004,ladder_a11_lin_r02,prps,1454,26,0.220316,-46,0,-46,-0.12042772,-6.90000,prps,0,1478
10433,10.433,1,4004,54004,ladder_a11_lin_r02,prps,1444,16,0.138823,-43,0,-43,-0.11257374,-6.45000,prps,0,1479
10438,10.438,1,4004,54004,ladder_a11_lin_r02,prps,1438,10,0.084654,-38,0,-38,-0.09948376,-5.70000,prps,0,1480
10443,10.443,1,4004,54004,ladder_a11_lin_r02,prps,1435,7,0.062827,-33,0,-33,-0.08639380,-4.95000,prps,0,1481
10448,10.448,1,4004,54004,ladder_a11_lin_r02,prps,1437,9,0.075512,-27,0,-27,-0.07068583,-4.05000,prps,0,1482
10453,10.453,1,4004,54004,ladder_a11_lin_r02,prps,1442,14,0.121622,-22,0,-22,-0.05759586,-3.30000,prps,0,1483
10458,10.458,1,4004,54004,ladder_a11_lin_r02,prps,1451,23,0.196676,-17,0,-17,-0.04450589,-2.55000,prps,0,1484
10463,10.463,1,4004,54004,ladder_a11_lin_r02,prps,1462,34,0.292998,-14,0,-14,-0.03665191,-2.10000,prps,0,1485
10468,10.468,1,4004,54004,ladder_a11_lin_r02,prps,1475,47,0.400238,-12,0,-12,-0.03141592,-1.80000,prps,0,1486
10473,10.473,1,4004,54004,ladder_a11_lin_r02,prps,1487,59,0.506228,-12,0,-12,-0.03141592,-1.80000,prps,0,1487
10478,10.478,1,4004,54004,ladder_a11_lin_r02,prps,1498,70,0.598084,-14,0,-14,-0.03665191,-2.10000,prps,0,1488
10483,10.483,1,4004,54004,ladder_a11_lin_r02,prps,1506,78,0.663477,-16,0,-16,-0.04188790,-2.40000,prps,0,1489
10488,10.488,1,4004,54004,ladder_a11_lin_r02,prps,1509,81,0.691948,-20,0,-20,-0.05235988,-3.00000,prps,0,1490
10493,10.493,1,4004,54004,ladder_a11_lin_r02,prps,1507,79,0.676127,-25,0,-25,-0.06544985,-3.75000,prps,0,1491
10498,10.498,1,4004,54004,ladder_a11_lin_r02,prps,1500,72,0.612714,-29,0,-29,-0.07592182,-4.35000,prps,0,1492
10503,10.503,1,4004,54004,ladder_a11_lin_r02,prps,1487,59,0.503106,-34,0,-34,-0.08901179,-5.10000,prps,0,1493
10508,10.508,1,4004,54004,ladder_a11_lin_r02,prps,1469,41,0.353564,-37,0,-37,-0.09686577,-5.55000,prps,0,1494
10513,10.513,1,4004,54004,ladder_a11_lin_r02,prps,1448,20,0.174885,-38,0,-38,-0.09948376,-5.70000,prps,0,1495
10518,10.518,1,4004,54004,ladder_a11_lin_r02,prps,1426,-2,-0.018433,-38,0,-38,-0.09948376,-5.70000,prps,0,1496
10523,10.523,1,4004,54004,ladder_a11_lin_r02,prps,1403,-25,-0.209458,-35,0,-35,-0.09162979,-5.25000,prps,0,1497
10528,10.528,1,4004,54004,ladder_a11_lin_r02,prps,1383,-45,-0.380425,-30,0,-30,-0.07853982,-4.50000,prps,0,1498
10533,10.533,1,4004,54004,ladder_a11_lin_r02,prps,1368,-60,-0.514512,-22,0,-22,-0.05759586,-3.30000,prps,0,1499
10538,10.538,1,4004,54004,ladder_a11_lin_r02,prps,1358,-70,-0.597596,-14,0,-14,-0.03665191,-2.10000,prps,0,1500
10543,10.543,1,4004,54004,ladder_a11_lin_r02,prps,1355,-73,-0.619817,-5,0,-5,-0.01308997,-0.75000,prps,0,1501
10548,10.548,1,4004,54004,ladder_a11_lin_r02,prps,1361,-67,-0.576762,5,0,5,0.01308997,0.75000,prps,0,1502
10553,10.553,1,4004,54004,ladder_a11_lin_r02,prps,1373,-55,-0.470122,14,0,14,0.03665191,2.10000,prps,0,1503
10558,10.558,1,4004,54004,ladder_a11_lin_r02,prps,1392,-36,-0.307742,21,0,21,0.05497787,3.15000,prps,0,1504
10563,10.563,1,4004,54004,ladder_a11_lin_r02,prps,1416,-12,-0.103025,26,0,26,0.06806784,3.90000,prps,0,1505
10568,10.568,1,4004,54004,ladder_a11_lin_r02,prps,1443,15,0.126264,29,0,29,0.07592182,4.35000,prps,0,1506
10573,10.573,1,4004,54004,ladder_a11_lin_r02,prps,1470,42,0.359676,29,0,29,0.07592182,4.35000,prps,0,1507
10578,10.578,1,4004,54004,ladder_a11_lin_r02,prps,1495,67,0.576086,26,0,26,0.06806784,3.90000,prps,0,1508
10583,10.583,1,4004,54004,ladder_a11_lin_r02,prps,1516,88,0.755810,19,0,19,0.04974188,2.85000,prps,0,1509
10588,10.588,1,4004,54004,ladder_a11_lin_r02,prps,1531,103,0.882614,10,0,10,0.02617994,1.50000,prps,0,1510
10593,10.593,1,4004,54004,ladder_a11_lin_r02,prps,1539,111,0.945390,0,0,0,0.00000000,0.00000,prps,0,1511
10598,10.598,1,4004,54004,ladder_a11_lin_r02,prps,1538,110,0.939323,-10,0,-10,-0.02617994,-1.50000,prps,0,1512
10603,10.603,1,4004,54004,ladder_a11_lin_r02,prps,1529,101,0.866403,-21,0,-21,-0.05497787,-3.15000,prps,0,1513
10608,10.608,1,4004,54004,ladder_a11_lin_r02,prps,1514,86,0.735233,-30,0,-30,-0.07853982,-4.50000,prps,0,1514
10613,10.613,1,4004,54004,ladder_a11_lin_r02,prps,1494,66,0.560127,-37,0,-37,-0.09686577,-5.55000,prps,0,1515
10618,10.618,1,4004,54004,ladder_a11_lin_r02,prps,1470,42,0.359615,-42,0,-42,-0.10995574,-6.30000,prps,0,1516
10623,10.623,1,4004,54004,ladder_a11_lin_r02,prps,1446,18,0.154481,-44,0,-44,-0.11519173,-6.60000,prps,0,1517
10628,10.628,1,4004,54004,ladder_a11_lin_r02,prps,1424,-4,-0.034427,-43,0,-43,-0.11257374,-6.45000,prps,0,1518
10633,10.633,1,4004,54004,ladder_a11_lin_r02,prps,1406,-22,-0.188392,-39,0,-39,-0.10210176,-5.85000,prps,0,1519
10638,10.638,1,4004,54004,ladder_a11_lin_r02,prps,1394,-34,-0.292798,-33,0,-33,-0.08639380,-4.95000,prps,0,1520
10643,10.643,1,4004,54004,ladder_a11_lin_r02,prps,1388,-40,-0.338643,-25,0,-25,-0.06544985,-3.75000,prps,0,1521
10648,10.648,1,4004,54004,ladder_a11_lin_r02,prps,1390,-38,-0.323440,-16,0,-16,-0.04188790,-2.40000,prps,0,1522
10653,10.653,1,4004,54004,ladder_a11_lin_r02,prps,1399,-29,-0.251416,-8,0,-8,-0.02094395,-1.20000,prps,0,1523
10658,10.658,1,4004,54004,ladder_a11_lin_r02,prps,1412,-16,-0.132981,-1,0,-1,-0.00261799,-0.15000,prps,0,1524
10663,10.663,1,4004,54004,ladder_a11_lin_r02,prps,1430,2,0.016471,5,0,5,0.01308997,0.75000,prps,0,1525
10668,10.668,1,4004,54004,ladder_a11_lin_r02,prps,1449,21,0.178288,9,0,9,0.02356194,1.35000,prps,0,1526
10673,10.673,1,4004,54004,ladder_a11_lin_r02,prps,1467,39,0.332618,10,0,10,0.02617994,1.50000,prps,0,1527
10678,10.678,1,4004,54004,ladder_a11_lin_r02,prps,1482,54,0.460589,8,0,8,0.02094395,1.20000,prps,0,1528
10683,10.683,1,4004,54004,ladder_a11_lin_r02,prps,1492,64,0.546343,4,0,4,0.01047198,0.60000,prps,0,1529
10688,10.688,1,4004,54004,ladder_a11_lin_r02,prps,1496,68,0.578734,-2,0,-2,-0.00523599,-0.30000,prps,0,1530
10693,10.693,1,4004,54004,ladder_a11_lin_r02,prps,1493,65,0.552482,-7,0,-7,-0.01832596,-1.05000,prps,0,1531
10698,10.698,1,4004,54004,ladder_a11_lin_r02,prps,1483,55,0.468680,-14,0,-14,-0.03665191,-2.10000,prps,0,1532
10703,10.703,1,4004,54004,ladder_a11_lin_r02,prps,1467,39,0.334607,-19,0,-19,-0.04974188,-2.85000,prps,0,1533
10708,10.708,1,4004,54004,ladder_a11_lin_r02,prps,1447,19,0.162866,-23,0,-23,-0.06021386,-3.45000,prps,0,1534
10713,10.713,1,4004,54004,ladder_a11_lin_r02,prps,1424,-4,-0.030029,-25,0,-25,-0.06544985,-3.75000,prps,0,1535
10718,10.718,1,4004,54004,ladder_a11_lin_r02,prps,1402,-26,-0.225474,-25,0,-25,-0.06544985,-3.75000,prps,0,1536
10723,10.723,1,4004,54004,ladder_a11_lin_r02,prps,1381,-47,-0.404780,-22,0,-22,-0.05759586,-3.30000,prps,0,1537
10728,10.728,1,4004,54004,ladder_a11_lin_r02,prps,1364,-64,-0.551152,-16,0,-16,-0.04188790,-2.40000,prps,0,1538
10733,10.733,1,4004,54004,ladder_a11_lin_r02,prps,1352,-76,-0.651427,-9,0,-9,-0.02356194,-1.35000,prps,0,1539
10738,10.738,1,4004,54004,ladder_a11_lin_r02,prps,1346,-82,-0.697378,0,0,0,0.00000000,0.00000,prps,0,1540
10743,10.743,1,4004,54004,ladder_a11_lin_r02,prps,1348,-80,-0.686473,9,0,9,0.02356194,1.35000,prps,0,1541
10748,10.748,1,4004,54004,ladder_a11_lin_r02,prps,1355,-73,-0.621994,18,0,18,0.04712389,2.70000,prps,0,1542
10753,10.753,1,4004,54004,ladder_a11_lin_r02,prps,1368,-60,-0.512552,26,0,26,0.06806784,3.90000,prps,0,1543
10758,10.758,1,4004,54004,ladder_a11_lin_r02,prps,1385,-43,-0.371038,32,0,32,0.08377580,4.80000,prps,0,1544
10763,10.763,1,4004,54004,ladder_a11_lin_r02,prps,1403,-25,-0.213161,35,0,35,0.09162979,5.25000,prps,0,1545
10768,10.768,1,4004,54004,ladder_a11_lin_r02,prps,1421,-7,-0.055733,37,0,37,0.09686577,5.55000,prps,0,1546
10773,10.773,1,4004,54004,ladder_a11_lin_r02,prps,1438,10,0.085105,37,0,37,0.09686577,5.55000,prps,0,1547
10778,10.778,1,4004,54004,ladder_a11_lin_r02,prps,1451,23,0.195523,33,0,33,0.08639380,4.95000,prps,0,1548
10783,10.783,1,4004,54004,ladder_a11_lin_r02,prps,1459,31,0.265337,27,0,27,0.07068583,4.05000,prps,0,1549
10788,10.788,1,4004,54004,ladder_a11_lin_r02,prps,1462,34,0.288907,21,0,21,0.05497787,3.15000,prps,0,1550
10793,10.793,1,4004,54004,ladder_a11_lin_r02,prps,1459,31,0.265532,13,0,13,0.03403392,1.95000,prps,0,1551
10798,10.798,1,4004,54004,ladder_a11_lin_r02,prps,1451,23,0.199295,7,0,7,0.01832596,1.05000,prps,0,1552
10803,10.803,1,4004,54004,ladder_a11_lin_r02,prps,1440,12,0.098431,1,0,1,0.00261799,0.15000,prps,0,1553
10808,10.808,1,4004,54004,ladder_a11_lin_r02,prps,1425,-3,-0.025722,-3,0,-3,-0.00785398,-0.45000,prps,0,1554
10813,10.813,1,4004,54004,ladder_a11_lin_r02,prps,1409,-19,-0.160032,-4,0,-4,-0.01047198,-0.60000,prps,0,1555
10818,10.818,1,4004,54004,ladder_a11_lin_r02,prps,1394,-34,-0.291018,-4,0,-4,-0.01047198,-0.60000,prps,0,1556
10823,10.823,1,4004,54004,ladder_a11_lin_r02,prps,1380,-48,-0.406236,-2,0,-2,-0.00523599,-0.30000,prps,0,1557
10828,10.828,1,4004,54004,ladder_a11_lin_r02,prps,1370,-58,-0.495498,0,0,0,0.00000000,0.00000,prps,0,1558
10833,10.833,1,4004,54004,ladder_a11_lin_r02,prps,1363,-65,-0.551774,6,0,6,0.01570796,0.90000,prps,0,1559
10838,10.838,1,4004,54004,ladder_a11_lin_r02,prps,1361,-67,-0.571717,12,0,12,0.03141592,1.80000,prps,0,1560
10843,10.843,1,4004,54004,ladder_a11_lin_r02,prps,1363,-65,-0.555767,18,0,18,0.04712389,2.70000,prps,0,1561
10848,10.848,1,4004,54004,ladder_a11_lin_r02,prps,1369,-59,-0.507852,24,0,24,0.06283185,3.60000,prps,0,1562
10853,10.853,1,4004,54004,ladder_a11_lin_r02,prps,1377,-51,-0.434743,29,0,29,0.07592182,4.35000,prps,0,1563
10858,10.858,1,4004,54004,ladder_a11_lin_r02,prps,1388,-40,-0.345144,32,0,32,0.08377580,4.80000,prps,0,1564
10863,10.863,1,4004,54004,ladder_a11_lin_r02,prps,1399,-29,-0.248640,34,0,34,0.08901179,5.10000,prps,0,1565
10868,10.868,1,4004,54004,ladder_a11_lin_r02,prps,1410,-18,-0.154624,34,0,34,0.08901179,5.10000,prps,0,1566
10873,10.873,1,4004,54004,ladder_a11_lin_r02,prps,1420,-8,-0.071303,33,0,33,0.08639380,4.95000,prps,0,1567
10878,10.878,1,4004,54004,ladder_a11_lin_r02,prps,1427,-1,-0.004904,31,0,31,0.08115781,4.65000,prps,0,1568
10883,10.883,1,4004,54004,ladder_a11_lin_r02,prps,1433,5,0.040862,27,0,27,0.07068583,4.05000,prps,0,1569
10888,10.888,1,4004,54004,ladder_a11_lin_r02,prps,1436,8,0.065038,22,0,22,0.05759586,3.30000,prps,0,1570
10893,10.893,1,4004,54004,ladder_a11_lin_r02,prps,1436,8,0.069347,18,0,18,0.04712389,2.70000,prps,0,1571
10898,10.898,1,4004,54004,ladder_a11_lin_r02,prps,1435,7,0.057836,13,0,13,0.03403392,1.95000,prps,0,1572
10903,10.903,1,4004,54004,ladder_a11_lin_r02,prps,1432,4,0.036304,9,0,9,0.02356194,1.35000,prps,0,1573
10908,10.908,1,4004,54004,ladder_a11_lin_r02,prps,1429,1,0.011568,6,0,6,0.01570796,0.90000,prps,0,1574
10913,10.913,1,4004,54004,ladder_a11_lin_r02,prps,1427,-1,-0.009334,4,0,4,0.01047198,0.60000,prps,0,1575
10918,10.918,1,4004,54004,ladder_a11_lin_r02,prps,1426,-2,-0.019922,3,0,3,0.00785398,0.45000,prps,0,1576
10923,10.923,1,4004,54004,ladder_a11_lin_r02,prps,1426,-2,-0.014958,3,0,3,0.00785398,0.45000,prps,0,1577
10928,10.928,1,4004,54004,ladder_a11_lin_r02,prps,1429,1,0.009027,3,0,3,0.00785398,0.45000,prps,0,1578
10933,10.933,1,4004,54004,ladder_a11_lin_r02,prps,1434,6,0.053411,3,0,3,0.00785398,0.45000,prps,0,1579
10938,10.938,1,4004,54004,ladder_a11_lin_r02,prps,1442,14,0.117373,3,0,3,0.00785398,0.45000,prps,0,1580
10943,10.943,1,4004,54004,ladder_a11_lin_r02,prps,1451,23,0.198010,3,0,3,0.00785398,0.45000,prps,0,1581
10948,10.948,1,4004,54004,ladder_a11_lin_r02,prps,1462,34,0.290652,2,0,2,0.00523599,0.30000,prps,0,1582
10953,10.953,1,4004,54004,ladder_a11_lin_r02,prps,1474,46,0.389322,0,0,0,0.00000000,0.00000,prps,0,1583
10958,10.958,1,4004,54004,ladder_a11_lin_r02,prps,1485,57,0.487316,-3,0,-3,-0.00785398,-0.45000,prps,0,1584
10963,10.963,1,4004,54004,ladder_a11_lin_r02,prps,1496,68,0.577822,-7,0,-7,-0.01832596,-1.05000,prps,0,1585
10968,10.968,1,4004,54004,ladder_a11_lin_r02,prps,1505,77,0.654531,-12,0,-12,-0.03141592,-1.80000,prps,0,1586
10973,10.973,1,4004,54004,ladder_a11_lin_r02,prps,1511,83,0.712187,-17,0,-17,-0.04450589,-2.55000,prps,0,1587
10978,10.978,1,4004,54004,ladder_a11_lin_r02,prps,1515,87,0.747027,-23,0,-23,-0.06021386,-3.45000,prps,0,1588
10983,10.983,1,4004,54004,ladder_a11_lin_r02,prps,1517,89,0.757078,-28,0,-28,-0.07330382,-4.20000,prps,0,1589
10988,10.988,1,4004,54004,ladder_a11_lin_r02,prps,1515,87,0.742293,-33,0,-33,-0.08639380,-4.95000,prps,0,1590
10993,10.993,1,4004,54004,ladder_a11_lin_r02,prps,1510,82,0.704517,-37,0,-37,-0.09686577,-5.55000,prps,0,1591
10998,10.998,1,4004,54004,ladder_a11_lin_r02,prps,1504,76,0.647287,-41,0,-41,-0.10733775,-6.15000,prps,0,1592
11003,11.003,1,4004,54004,ladder_a11_lin_r02,prps,1495,67,0.575500,-44,0,-44,-0.11519173,-6.60000,prps,0,1593
11008,11.008,1,4004,54004,ladder_a11_lin_r02,prps,1486,58,0.494960,-45,0,-45,-0.11780972,-6.75000,prps,0,1594
11013,11.013,1,4004,54004,ladder_a11_lin_r02,prps,1476,48,0.411860,-45,0,-45,-0.11780972,-6.75000,prps,0,1595
11018,11.018,1,4004,54004,ladder_a11_lin_r02,prps,1467,39,0.332235,-44,0,-44,-0.11519173,-6.60000,prps,0,1596
11023,11.023,1,4004,54004,ladder_a11_lin_r02,prps,1459,31,0.261441,-43,0,-43,-0.11257374,-6.45000,prps,0,1597
11028,11.028,1,4004,54004,ladder_a11_lin_r02,prps,1452,24,0.203696,-39,0,-39,-0.10210176,-5.85000,prps,0,1598
11033,11.033,1,4004,54004,ladder_a11_lin_r02,prps,1447,19,0.161728,-35,0,-35,-0.09162979,-5.25000,prps,0,1599
11038,11.038,1,4004,54004,ladder_a11_lin_r02,prps,1444,16,0.136573,-31,0,-31,-0.08115781,-4.65000,prps,0,1600
11043,11.043,1,4004,54004,ladder_a11_lin_r02,prps,1443,15,0.127520,-26,0,-26,-0.06806784,-3.90000,prps,0,1601
11048,11.048,1,4004,54004,ladder_a11_lin_r02,prps,1443,15,0.132236,-22,0,-22,-0.05759586,-3.30000,prps,0,1602
11053,11.053,1,4004,54004,ladder_a11_lin_r02,prps,1445,17,0.147042,-19,0,-19,-0.04974188,-2.85000,prps,0,1603
11058,11.058,1,4004,54004,ladder_a11_lin_r02,prps,1448,20,0.167331,-15,0,-15,-0.03926991,-2.25000,prps,0,1604
11063,11.063,1,4004,54004,ladder_a11_lin_r02,prps,1450,22,0.188078,-13,0,-13,-0.03403392,-1.95000,prps,0,1605
11068,11.068,1,4004,54004,ladder_a11_lin_r02,prps,1452,24,0.204400,-12,0,-12,-0.03141592,-1.80000,prps,0,1606
11073,11.073,1,4004,54004,ladder_a11_lin_r02,prps,1453,25,0.212112,-12,0,-12,-0.03141592,-1.80000,prps,0,1607
11078,11.078,1,4004,54004,ladder_a11_lin_r02,prps,1452,24,0.208211,-12,0,-12,-0.03141592,-1.80000,prps,0,1608
11083,11.083,1,4004,54004,ladder_a11_lin_r02,prps,1450,22,0.191244,-12,0,-12,-0.03141592,-1.80000,prps,0,1609
11088,11.088,1,4004,54004,ladder_a11_lin_r02,prps,1447,19,0.161510,-12,0,-12,-0.03141592,-1.80000,prps,0,1610
11093,11.093,1,4004,54004,ladder_a11_lin_r02,prps,1442,14,0.121070,-12,0,-12,-0.03141592,-1.80000,prps,0,1611
11098,11.098,1,4004,54004,ladder_a11_lin_r02,prps,1437,9,0.073560,-12,0,-12,-0.03141592,-1.80000,prps,0,1612
11103,11.103,1,4004,54004,ladder_a11_lin_r02,prps,1431,3,0.023812,-11,0,-11,-0.02879793,-1.65000,prps,0,1613
11108,11.108,1,4004,54004,ladder_a11_lin_r02,prps,1425,-3,-0.022676,-10,0,-10,-0.02617994,-1.50000,prps,0,1614
11113,11.113,1,4004,54004,ladder_a11_lin_r02,prps,1421,-7,-0.060365,-9,0,-9,-0.02356194,-1.35000,prps,0,1615
11118,11.118,1,4004,54004,ladder_a11_lin_r02,prps,1418,-10,-0.084338,-7,0,-7,-0.01832596,-1.05000,prps,0,1616
11123,11.123,1,4004,54004,ladder_a11_lin_r02,prps,1417,-11,-0.090914,-4,0,-4,-0.01047198,-0.60000,prps,0,1617
11128,11.128,1,4004,54004,ladder_a11_lin_r02,prps,1419,-9,-0.078150,-2,0,-2,-0.00523599,-0.30000,prps,0,1618
11133,11.133,1,4004,54004,ladder_a11_lin_r02,prps,1423,-5,-0.046159,1,0,1,0.00261799,0.15000,prps,0,1619
11138,11.138,1,4004,54004,ladder_a11_lin_r02,prps,1428,0,0.002786,3,0,3,0.00785398,0.45000,prps,0,1620
11143,11.143,1,4004,54004,ladder_a11_lin_r02,prps,1436,8,0.064406,4,0,4,0.01047198,0.60000,prps,0,1621
11148,11.148,1,4004,54004,ladder_a11_lin_r02,prps,1444,16,0.132791,4,0,4,0.01047198,0.60000,prps,0,1622
11153,11.153,1,4004,54004,ladder_a11_lin_r02,prps,1452,24,0.200993,4,0,4,0.01047198,0.60000,prps,0,1623
11158,11.158,1,4004,54004,ladder_a11_lin_r02,prps,1459,31,0.261749,2,0,2,0.00523599,0.30000,prps,0,1624
11163,11.163,1,4004,54004,ladder_a11_lin_r02,prps,1464,36,0.308267,0,0,0,0.00000000,0.00000,prps,0,1625
11168,11.168,1,4004,54004,ladder_a11_lin_r02,prps,1467,39,0.334991,-3,0,-3,-0.00785398,-0.45000,prps,0,1626
11173,11.173,1,4004,54004,ladder_a11_lin_r02,prps,1468,40,0.338243,-5,0,-5,-0.01308997,-0.75000,prps,0,1627
11178,11.178,1,4004,54004,ladder_a11_lin_r02,prps,1465,37,0.316665,-9,0,-9,-0.02356194,-1.35000,prps,0,1628
11183,11.183,1,4004,54004,ladder_a11_lin_r02,prps,1460,32,0.271416,-12,0,-12,-0.03141592,-1.80000,prps,0,1629
11188,11.188,1,4004,54004,ladder_a11_lin_r02,prps,1452,24,0.206079,-15,0,-15,-0.03926991,-2.25000,prps,0,1630
11193,11.193,1,4004,54004,ladder_a11_lin_r02,prps,1443,15,0.126294,-17,0,-17,-0.04450589,-2.55000,prps,0,1631
11198,11.198,1,4004,54004,ladder_a11_lin_r02,prps,1433,5,0.039148,-17,0,-17,-0.04450589,-2.55000,prps,0,1632
11203,11.203,1,4004,54004,ladder_a11_lin_r02,prps,1422,-6,-0.047608,-17,0,-17,-0.04450589,-2.55000,prps,0,1633
11208,11.208,1,4004,54004,ladder_a11_lin_r02,prps,1413,-15,-0.126423,-15,0,-15,-0.03926991,-2.25000,prps,0,1634
11213,11.213,1,4004,54004,ladder_a11_lin_r02,prps,1406,-22,-0.190789,-12,0,-12,-0.03141592,-1.80000,prps,0,1635
11218,11.218,1,4004,54004,ladder_a11_lin_r02,prps,1400,-28,-0.235967,-8,0,-8,-0.02094395,-1.20000,prps,0,1636
11223,11.223,1,4004,54004,ladder_a11_lin_r02,prps,1398,-30,-0.259498,-3,0,-3,-0.00785398,-0.45000,prps,0,1637
11228,11.228,1,4004,54004,ladder_a11_lin_r02,prps,1397,-31,-0.261444,2,0,2,0.00523599,0.30000,prps,0,1638
11233,11.233,1,4004,54004,ladder_a11_lin_r02,prps,1399,-29,-0.244319,6,0,6,0.01570796,0.90000,prps,0,1639
11238,11.238,1,4004,54004,ladder_a11_lin_r02,prps,1403,-25,-0.212726,10,0,10,0.02617994,1.50000,prps,0,1640
11243,11.243,1,4004,54004,ladder_a11_lin_r02,prps,1408,-20,-0.172737,13,0,13,0.03403392,1.95000,prps,0,1641
11248,11.248,1,4004,54004,ladder_a11_lin_r02,prps,1413,-15,-0.131094,15,0,15,0.03926991,2.25000,prps,0,1642
11253,11.253,1,4004,54004,ladder_a11_lin_r02,prps,1417,-11,-0.094337,16,0,16,0.04188790,2.40000,prps,0,1643
11258,11.258,1,4004,54004,ladder_a11_lin_r02,prps,1420,-8,-0.067962,16,0,16,0.04188790,2.40000,prps,0,1644
11263,11.263,1,4004,54004,ladder_a11_lin_r02,prps,1421,-7,-0.055721,16,0,16,0.04188790,2.40000,prps,0,1645
11268,11.268,1,4004,54004,ladder_a11_lin_r02,prps,1421,-7,-0.059157,15,0,15,0.03926991,2.25000,prps,0,1646
11273,11.273,1,4004,54004,ladder_a11_lin_r02,prps,1419,-9,-0.077433,14,0,14,0.03665191,2.10000,prps,0,1647
11278,11.278,1,4004,54004,ladder_a11_lin_r02,prps,1415,-13,-0.107487,12,0,12,0.03141592,1.80000,prps,0,1648
11283,11.283,1,4004,54004,ladder_a11_lin_r02,prps,1411,-17,-0.144480,11,0,11,0.02879793,1.65000,prps,0,1649
11288,11.288,1,4004,54004,ladder_a11_lin_r02,prps,1407,-21,-0.182499,10,0,10,0.02617994,1.50000,prps,0,1650
11293,11.293,1,4004,54004,ladder_a11_lin_r02,prps,1403,-25,-0.215408,10,0,10,0.02617994,1.50000,prps,0,1651
11298,11.298,1,4004,54004,ladder_a11_lin_r02,prps,1400,-28,-0.237747,10,0,10,0.02617994,1.50000,prps,0,1652
11303,11.303,1,4004,54004,ladder_a11_lin_r02,prps,1399,-29,-0.245551,11,0,11,0.02879793,1.65000,prps,0,1653
11308,11.308,1,4004,54004,ladder_a11_lin_r02,prps,1400,-28,-0.236973,13,0,13,0.03403392,1.95000,prps,0,1654
11313,11.313,1,4004,54004,ladder_a11_lin_r02,prps,1403,-25,-0.212633,14,0,14,0.03665191,2.10000,prps,0,1655
11318,11.318,1,4004,54004,ladder_a11_lin_r02,prps,1407,-21,-0.175629,16,0,16,0.04188790,2.40000,prps,0,1656
11323,11.323,1,4004,54004,ladder_a11_lin_r02,prps,1413,-15,-0.131202,17,0,17,0.04450589,2.55000,prps,0,1657
11328,11.328,1,4004,54004,ladder_a11_lin_r02,prps,1418,-10,-0.086098,17,0,17,0.04450589,2.55000,prps,0,1658
11333,11.333,1,4004,54004,ladder_a11_lin_r02,prps,1422,-6,-0.047689,16,0,16,0.04188790,2.40000,prps,0,1659
11338,11.338,1,4004,54004,ladder_a11_lin_r02,prps,1425,-3,-0.022982,16,0,16,0.04188790,2.40000,prps,0,1660
11343,11.343,1,4004,54004,ladder_a11_lin_r02,prps,1426,-2,-0.017634,15,0,15,0.03926991,2.25000,prps,0,1661
11348,11.348,1,4004,54004,ladder_a11_lin_r02,prps,1424,-4,-0.035117,13,0,13,0.03403392,1.95000,prps,0,1662
11353,11.353,1,4004,54004,ladder_a11_lin_r02,prps,1419,-9,-0.076133,11,0,11,0.02879793,1.65000,prps,0,1663
11358,11.358,1,4004,54004,ladder_a11_lin_r02,prps,1412,-16,-0.138388,9,0,9,0.02356194,1.35000,prps,0,1664
11363,11.363,1,4004,54004,ladder_a11_lin_r02,prps,1403,-25,-0.216755,8,0,8,0.02094395,1.20000,prps,0,1665
11368,11.368,1,4004,54004,ladder_a11_lin_r02,prps,1392,-36,-0.303813,7,0,7,0.01832596,1.05000,prps,0,1666
11373,11.373,1,4004,54004,ladder_a11_lin_r02,prps,1382,-46,-0.390722,8,0,8,0.02094395,1.20000,prps,0,1667
11378,11.378,1,4004,54004,ladder_a11_lin_r02,prps,1373,-55,-0.468309,11,0,11,0.02879793,1.65000,prps,0,1668
11383,11.383,1,4004,54004,ladder_a11_lin_r02,prps,1366,-62,-0.528245,14,0,14,0.03665191,2.10000,prps,0,1669
11388,11.388,1,4004,54004,ladder_a11_lin_r02,prps,1362,-66,-0.564146,18,0,18,0.04712389,2.70000,prps,0,1670
11393,11.393,1,4004,54004,ladder_a11_lin_r02,prps,1361,-67,-0.572468,23,0,23,0.06021386,3.45000,prps,0,1671
11398,11.398,1,4004,54004,ladder_a11_lin_r02,prps,1363,-65,-0.553049,27,0,27,0.07068583,4.05000,prps,0,1672
11403,11.403,1,4004,54004,ladder_a11_lin_r02,prps,1368,-60,-0.509231,31,0,31,0.08115781,4.65000,prps,0,1673
11408,11.408,1,4004,54004,ladder_a11_lin_r02,prps,1376,-52,-0.447525,34,0,34,0.08901179,5.10000,prps,0,1674
11413,11.413,1,4004,54004,ladder_a11_lin_r02,prps,1384,-44,-0.376839,37,0,37,0.09686577,5.55000,prps,0,1675
11418,11.418,1,4004,54004,ladder_a11_lin_r02,prps,1392,-36,-0.307365,37,0,37,0.09686577,5.55000,prps,0,1676
11423,11.423,1,4004,54004,ladder_a11_lin_r02,prps,1399,-29,-0.249257,37,0,37,0.09686577,5.55000,prps,0,1677
11428,11.428,1,4004,54004,ladder_a11_lin_r02,prps,1403,-25,-0.211249,37,0,37,0.09686577,5.55000,prps,0,1678
11433,11.433,1,4004,54004,ladder_a11_lin_r02,prps,1405,-23,-0.199419,34,0,34,0.08901179,5.10000,prps,0,1679
11438,11.438,1,4004,54004,ladder_a11_lin_r02,prps,1403,-25,-0.216236,31,0,31,0.08115781,4.65000,prps,0,1680
11443,11.443,1,4004,54004,ladder_a11_lin_r02,prps,1398,-30,-0.260045,28,0,28,0.07330382,4.20000,prps,0,1681
11448,11.448,1,4004,54004,ladder_a11_lin_r02,prps,1390,-38,-0.325070,25,0,25,0.06544985,3.75000,prps,0,1682
11453,11.453,1,4004,54004,ladder_a11_lin_r02,prps,1381,-47,-0.401951,24,0,24,0.06283185,3.60000,prps,0,1683
11458,11.458,1,4004,54004,ladder_a11_lin_r02,prps,1372,-56,-0.478772,24,0,24,0.06283185,3.60000,prps,0,1684
11463,11.463,1,4004,54004,ladder_a11_lin_r02,prps,1365,-63,-0.542472,24,0,24,0.06283185,3.60000,prps,0,1685
11468,11.468,1,4004,54004,ladder_a11_lin_r02,prps,1360,-68,-0.580467,25,0,25,0.06544985,3.75000,prps,0,1686
11473,11.473,1,4004,54004,ladder_a11_lin_r02,prps,1360,-68,-0.582300,28,0,28,0.07330382,4.20000,prps,0,1687
11478,11.478,1,4004,54004,ladder_a11_lin_r02,prps,1365,-63,-0.541098,31,0,31,0.08115781,4.65000,prps,0,1688
11483,11.483,1,4004,54004,ladder_a11_lin_r02,prps,1375,-53,-0.454662,34,0,34,0.08901179,5.10000,prps,0,1689
11488,11.488,1,4004,54004,ladder_a11_lin_r02,prps,1390,-38,-0.326024,37,0,37,0.09686577,5.55000,prps,0,1690
11493,11.493,1,4004,54004,ladder_a11_lin_r02,prps,1409,-19,-0.163401,38,0,38,0.09948376,5.70000,prps,0,1691
11498,11.498,1,4004,54004,ladder_a11_lin_r02,prps,1430,2,0.020492,38,0,38,0.09948376,5.70000,prps,0,1692
11503,11.503,1,4004,54004,ladder_a11_lin_r02,prps,1453,25,0.209692,37,0,37,0.09686577,5.55000,prps,0,1693
11508,11.508,1,4004,54004,ladder_a11_lin_r02,prps,1473,45,0.386673,32,0,32,0.08377580,4.80000,prps,0,1694
11513,11.513,1,4004,54004,ladder_a11_lin_r02,prps,1491,63,0.534286,25,0,25,0.06544985,3.75000,prps,0,1695
11518,11.518,1,4004,54004,ladder_a11_lin_r02,prps,1503,75,0.637716,17,0,17,0.04450589,2.55000,prps,0,1696
11523,11.523,1,4004,54004,ladder_a11_lin_r02,prps,1508,80,0.686232,7,0,7,0.01832596,1.05000,prps,0,1697
11528,11.528,1,4004,54004,ladder_a11_lin_r02,prps,1507,79,0.674514,-2,0,-2,-0.00523599,-0.30000,prps,0,1698
11533,11.533,1,4004,54004,ladder_a11_lin_r02,prps,1499,71,0.603384,-11,0,-11,-0.02879793,-1.65000,prps,0,1699
11538,11.538,1,4004,54004,ladder_a11_lin_r02,prps,1484,56,0.479853,-19,0,-19,-0.04974188,-2.85000,prps,0,1700
11543,11.543,1,4004,54004,ladder_a11_lin_r02,prps,1465,37,0.316452,-25,0,-25,-0.06544985,-3.75000,prps,0,1701
11548,11.548,1,4004,54004,ladder_a11_lin_r02,prps,1443,15,0.129918,-28,0,-28,-0.07330382,-4.20000,prps,0,1702
11553,11.553,1,4004,54004,ladder_a11_lin_r02,prps,1421,-7,-0.060621,-29,0,-29,-0.07592182,-4.35000,prps,0,1703
11558,11.558,1,4004,54004,ladder_a11_lin_r02,prps,1400,-28,-0.235757,-28,0,-28,-0.07330382,-4.20000,prps,0,1704
11563,11.563,1,4004,54004,ladder_a11_lin_r02,prps,1384,-44,-0.377975,-24,0,-24,-0.06283185,-3.60000,prps,0,1705
11568,11.568,1,4004,54004,ladder_a11_lin_r02,prps,1373,-55,-0.473615,-17,0,-17,-0.04450589,-2.55000,prps,0,1706
11573,11.573,1,4004,54004,ladder_a11_lin_r02,prps,1368,-60,-0.514417,-9,0,-9,-0.02356194,-1.35000,prps,0,1707
11578,11.578,1,4004,54004,ladder_a11_lin_r02,prps,1370,-58,-0.498445,-1,0,-1,-0.00261799,-0.15000,prps,0,1708
11583,11.583,1,4004,54004,ladder_a11_lin_r02,prps,1378,-50,-0.430291,7,0,7,0.01832596,1.05000,prps,0,1709
11588,11.588,1,4004,54004,ladder_a11_lin_r02,prps,1390,-38,-0.320522,14,0,14,0.03665191,2.10000,prps,0,1710
11593,11.593,1,4004,54004,ladder_a11_lin_r02,prps,1406,-22,-0.184444,20,0,20,0.05235988,3.00000,prps,0,1711
11598,11.598,1,4004,54004,ladder_a11_lin_r02,prps,1423,-5,-0.040313,23,0,23,0.06021386,3.45000,prps,0,1712
11603,11.603,1,4004,54004,ladder_a11_lin_r02,prps,1439,11,0.092786,24,0,24,0.06283185,3.60000,prps,0,1713
11608,11.608,1,4004,54004,ladder_a11_lin_r02,prps,1451,23,0.197157,24,0,24,0.06283185,3.60000,prps,0,1714
11613,11.613,1,4004,54004,ladder_a11_lin_r02,prps,1458,30,0.258535,20,0,20,0.05235988,3.00000,prps,0,1715
11618,11.618,1,4004,54004,ladder_a11_lin_r02,prps,1459,31,0.267724,15,0,15,0.03926991,2.25000,prps,0,1716
11623,11.623,1,4004,54004,ladder_a11_lin_r02,prps,1454,26,0.221639,9,0,9,0.02356194,1.35000,prps,0,1717
11628,11.628,1,4004,54004,ladder_a11_lin_r02,prps,1442,14,0.123630,3,0,3,0.00785398,0.45000,prps,0,1718
11633,11.633,1,4004,54004,ladder_a11_lin_r02,prps,1426,-2,-0.016940,-1,0,-1,-0.00261799,-0.15000,prps,0,1719
11638,11.638,1,4004,54004,ladder_a11_lin_r02,prps,1406,-22,-0.185814,-4,0,-4,-0.01047198,-0.60000,prps,0,1720
11643,11.643,1,4004,54004,ladder_a11_lin_r02,prps,1385,-43,-0.365510,-4,0,-4,-0.01047198,-0.60000,prps,0,1721
11648,11.648,1,4004,54004,ladder_a11_lin_r02,prps,1365,-63,-0.537352,-2,0,-2,-0.00523599,-0.30000,prps,0,1722
11653,11.653,1,4004,54004,ladder_a11_lin_r02,prps,1348,-80,-0.683609,0,0,0,0.00000000,0.00000,prps,0,1723
11658,11.658,1,4004,54004,ladder_a11_lin_r02,prps,1336,-92,-0.789503,7,0,7,0.01832596,1.05000,prps,0,1724
11663,11.663,1,4004,54004,ladder_a11_lin_r02,prps,1329,-99,-0.844840,14,0,14,0.03665191,2.10000,prps,0,1725
11668,11.668,1,4004,54004,ladder_a11_lin_r02,prps,1329,-99,-0.845089,23,0,23,0.06021386,3.45000,prps,0,1726
11673,11.673,1,4004,54004,ladder_a11_lin_r02,prps,1335,-93,-0.791793,31,0,31,0.08115781,4.65000,prps,0,1727
11678,11.678,1,4004,54004,ladder_a11_lin_r02,prps,1347,-81,-0.692273,38,0,38,0.09948376,5.70000,prps,0,1728
11683,11.683,1,4004,54004,ladder_a11_lin_r02,prps,1363,-65,-0.558674,44,0,44,0.11519173,6.60000,prps,0,1729
11688,11.688,1,4004,54004,ladder_a11_lin_r02,prps,1380,-48,-0.406484,48,0,48,0.12566370,7.20000,prps,0,1730
11693,11.693,1,4004,54004,ladder_a11_lin_r02,prps,1398,-30,-0.252711,49,0,49,0.12828170,7.35000,prps,0,1731
11698,11.698,1,4004,54004,ladder_a11_lin_r02,prps,1415,-13,-0.113939,48,0,48,0.12566370,7.20000,prps,0,1732
11703,11.703,1,4004,54004,ladder_a11_lin_r02,prps,1427,-1,-0.004497,44,0,44,0.11519173,6.60000,prps,0,1733
11708,11.708,1,4004,54004,ladder_a11_lin_r02,prps,1436,8,0.065051,40,0,40,0.10471976,6.00000,prps,0,1734
11713,11.713,1,4004,54004,ladder_a11_lin_r02,prps,1438,10,0.088924,34,0,34,0.08901179,5.10000,prps,0,1735
11718,11.718,1,4004,54004,ladder_a11_lin_r02,prps,1436,8,0.066546,27,0,27,0.07068583,4.05000,prps,0,1736
11723,11.723,1,4004,54004,ladder_a11_lin_r02,prps,1428,0,0.002356,21,0,21,0.05497787,3.15000,prps,0,1737
11728,11.728,1,4004,54004,ladder_a11_lin_r02,prps,1417,-11,-0.094960,15,0,15,0.03926991,2.25000,prps,0,1738
11733,11.733,1,4004,54004,ladder_a11_lin_r02,prps,1403,-25,-0.213690,11,0,11,0.02879793,1.65000,prps,0,1739
11738,11.738,1,4004,54004,ladder_a11_lin_r02,prps,1388,-40,-0.340606,9,0,9,0.02356194,1.35000,prps,0,1740
11743,11.743,1,4004,54004,ladder_a11_lin_r02,prps,1374,-54,-0.462560,9,0,9,0.02356194,1.35000,prps,0,1741
11748,11.748,1,4004,54004,ladder_a11_lin_r02,prps,1362,-66,-0.567977,10,0,10,0.02617994,1.50000,prps,0,1742
11753,11.753,1,4004,54004,ladder_a11_lin_r02,prps,1352,-76,-0.648057,14,0,14,0.03665191,2.10000,prps,0,1743
11758,11.758,1,4004,54004,ladder_a11_lin_r02,prps,1346,-82,-0.697561,19,0,19,0.04974188,2.85000,prps,0,1744
11763,11.763,1,4004,54004,ladder_a11_lin_r02,prps,1344,-84,-0.715097,25,0,25,0.06544985,3.75000,prps,0,1745
11768,11.768,1,4004,54004,ladder_a11_lin_r02,prps,1346,-82,-0.702910,30,0,30,0.07853982,4.50000,prps,0,1746
11773,11.773,1,4004,54004,ladder_a11_lin_r02,prps,1350,-78,-0.666226,36,0,36,0.09424778,5.40000,prps,0,1747
11778,11.778,1,4004,54004,ladder_a11_lin_r02,prps,1356,-72,-0.612260,41,0,41,0.10733775,6.15000,prps,0,1748
11783,11.783,1,4004,54004,ladder_a11_lin_r02,prps,1364,-64,-0.549053,44,0,44,0.11519173,6.60000,prps,0,1749
11788,11.788,1,4004,54004,ladder_a11_lin_r02,prps,1371,-57,-0.484291,46,0,46,0.12042772,6.90000,prps,0,1750
11793,11.793,1,4004,54004,ladder_a11_lin_r02,prps,1378,-50,-0.424281,46,0,46,0.12042772,6.90000,prps,0,1751
11798,11.798,1,4004,54004,ladder_a11_lin_r02,prps,1384,-44,-0.373206,46,0,46,0.12042772,6.90000,prps,0,1752
11803,11.803,1,4004,54004,ladder_a11_lin_r02,prps,1389,-39,-0.332765,44,0,44,0.11519173,6.60000,prps,0,1753
11808,11.808,1,4004,54004,ladder_a11_lin_r02,prps,1393,-35,-0.302209,42,0,42,0.10995574,6.30000,prps,0,1754
11813,11.813,1,4004,54004,ladder_a11_lin_r02,prps,1395,-33,-0.278767,40,0,40,0.10471976,6.00000,prps,0,1755
11818,11.818,1,4004,54004,ladder_a11_lin_r02,prps,1398,-30,-0.258374,37,0,37,0.09686577,5.55000,prps,0,1756
11823,11.823,1,4004,54004,ladder_a11_lin_r02,prps,1400,-28,-0.236567,34,0,34,0.08901179,5.10000,prps,0,1757
11828,11.828,1,4004,54004,ladder_a11_lin_r02,prps,1403,-25,-0.209431,31,0,31,0.08115781,4.65000,prps,0,1758
11833,11.833,1,4004,54004,ladder_a11_lin_r02,prps,1408,-20,-0.174418,28,0,28,0.07330382,4.20000,prps,0,1759
11838,11.838,1,4004,54004,ladder_a11_lin_r02,prps,1413,-15,-0.130934,26,0,26,0.06806784,3.90000,prps,0,1760
11843,11.843,1,4004,54004,ladder_a11_lin_r02,prps,1419,-9,-0.080585,24,0,24,0.06283185,3.60000,prps,0,1761
11848,11.848,1,4004,54004,ladder_a11_lin_r02,prps,1425,-3,-0.027058,21,0,21,0.05497787,3.15000,prps,0,1762
11853,11.853,1,4004,54004,ladder_a11_lin_r02,prps,1431,3,0.024368,19,0,19,0.04974188,2.85000,prps,0,1763
11858,11.858,1,4004,54004,ladder_a11_lin_r02,prps,1436,8,0.067592,16,0,16,0.04188790,2.40000,prps,0,1764
11863,11.863,1,4004,54004,ladder_a11_lin_r02,prps,1439,11,0.096644,13,0,13,0.03403392,1.95000,prps,0,1765
11868,11.868,1,4004,54004,ladder_a11_lin_r02,prps,1440,12,0.106674,10,0,10,0.02617994,1.50000,prps,0,1766
11873,11.873,1,4004,54004,ladder_a11_lin_r02,prps,1439,11,0.094819,7,0,7,0.01832596,1.05000,prps,0,1767
11878,11.878,1,4004,54004,ladder_a11_lin_r02,prps,1435,7,0.060831,4,0,4,0.01047198,0.60000,prps,0,1768
11883,11.883,1,4004,54004,ladder_a11_lin_r02,prps,1429,1,0.007338,1,0,1,0.00261799,0.15000,prps,0,1769
11888,11.888,1,4004,54004,ladder_a11_lin_r02,prps,1421,-7,-0.060302,0,0,0,0.00000000,0.00000,prps,0,1770
11893,11.893,1,4004,54004,ladder_a11_lin_r02,prps,1412,-16,-0.134553,0,0,0,0.00000000,0.00000,prps,0,1771
11898,11.898,1,4004,54004,ladder_a11_lin_r02,prps,1404,-24,-0.206608,0,0,0,0.00000000,0.00000,prps,0,1772
11903,11.903,1,4004,54004,ladder_a11_lin_r02,prps,1397,-31,-0.267529,2,0,2,0.00523599,0.30000,prps,0,1773
11908,11.908,1,4004,54004,ladder_a11_lin_r02,prps,1392,-36,-0.309480,4,0,4,0.01047198,0.60000,prps,0,1774
11913,11.913,1,4004,54004,ladder_a11_lin_r02,prps,1390,-38,-0.326873,6,0,6,0.01570796,0.90000,prps,0,1775
11918,11.918,1,4004,54004,ladder_a11_lin_r02,prps,1391,-37,-0.317278,10,0,10,0.02617994,1.50000,prps,0,1776
11923,11.923,1,4004,54004,ladder_a11_lin_r02,prps,1395,-33,-0.281949,14,0,14,0.03665191,2.10000,prps,0,1777
11928,11.928,1,4004,54004,ladder_a11_lin_r02,prps,1402,-26,-0.225882,17,0,17,0.04450589,2.55000,prps,0,1778
11933,11.933,1,4004,54004,ladder_a11_lin_r02,prps,1410,-18,-0.157377,19,0,19,0.04974188,2.85000,prps,0,1779
11938,11.938,1,4004,54004,ladder_a11_lin_r02,prps,1418,-10,-0.087131,21,0,21,0.05497787,3.15000,prps,0,1780
11943,11.943,1,4004,54004,ladder_a11_lin_r02,prps,1425,-3,-0.026963,20,0,20,0.05235988,3.00000,prps,0,1781
11948,11.948,1,4004,54004,ladder_a11_lin_r02,prps,1429,1,0.011666,20,0,20,0.05235988,3.00000,prps,0,1782
11953,11.953,1,4004,54004,ladder_a11_lin_r02,prps,1430,2,0.019183,18,0,18,0.04712389,2.70000,prps,0,1783
11958,11.958,1,4004,54004,ladder_a11_lin_r02,prps,1427,-1,-0.010745,15,0,15,0.03926991,2.25000,prps,0,1784
11963,11.963,1,4004,54004,ladder_a11_lin_r02,prps,1419,-9,-0.080191,12,0,12,0.03141592,1.80000,prps,0,1785
11968,11.968,1,4004,54004,ladder_a11_lin_r02,prps,1406,-22,-0.186436,9,0,9,0.02356194,1.35000,prps,0,1786
11973,11.973,1,4004,54004,ladder_a11_lin_r02,prps,1390,-38,-0.322010,8,0,8,0.02094395,1.20000,prps,0,1787
11978,11.978,1,4004,54004,ladder_a11_lin_r02,prps,1372,-56,-0.475318,8,0,8,0.02094395,1.20000,prps,0,1788
11983,11.983,1,4004,54004,ladder_a11_lin_r02,prps,1354,-74,-0.631796,9,0,9,0.02356194,1.35000,prps,0,1789
11988,11.988,1,4004,54004,ladder_a11_lin_r02,prps,1337,-91,-0.775477,13,0,13,0.03403392,1.95000,prps,0,1790
11993,11.993,1,4004,54004,ladder_a11_lin_r02,prps,1324,-104,-0.890785,18,0,18,0.04712389,2.70000,prps,0,1791
11998,11.998,1,4004,54004,ladder_a11_lin_r02,prps,1315,-113,-0.964346,25,0,25,0.06544985,3.75000,prps,0,1792
12003,12.003,1,4004,54004,ladder_a11_lin_r02,prps,1313,-115,-0.986600,32,0,32,0.08377580,4.80000,prps,0,1793
12008,12.008,1,4004,54004,ladder_a11_lin_r02,prps,1316,-112,-0.953024,40,0,40,0.10471976,6.00000,prps,0,1794
12013,12.013,1,4004,54004,ladder_a11_lin_r02,prps,1327,-101,-0.864791,47,0,47,0.12304571,7.05000,prps,0,1795
12018,12.018,1,4004,54004,ladder_a11_lin_r02,prps,1343,-85,-0.728804,53,0,53,0.13875367,7.95000,prps,0,1796
12023,12.023,1,4004,54004,ladder_a11_lin_r02,prps,1363,-65,-0.557067,58,0,58,0.15184364,8.70000,prps,0,1797
12028,12.028,1,4004,54004,ladder_a11_lin_r02,prps,1385,-43,-0.365468,60,0,60,0.15707964,9.00000,prps,0,1798
12033,12.033,1,4004,54004,ladder_a11_lin_r02,prps,1408,-20,-0.172104,59,0,59,0.15446164,8.85000,prps,0,1799
12038,12.038,1,4004,54004,ladder_a11_lin_r02,prps,1429,1,0.004659,56,0,56,0.14660765,8.40000,prps,0,1800
12043,12.043,1,4004,54004,ladder_a11_lin_r02,prps,1445,17,0.148165,49,0,49,0.12828170,7.35000,prps,0,1801
12048,12.048,1,4004,54004,ladder_a11_lin_r02,prps,1457,29,0.245271,42,0,42,0.10995574,6.30000,prps,0,1802
12053,12.053,1,4004,54004,ladder_a11_lin_r02,prps,1462,34,0.287746,35,0,35,0.09162979,5.25000,prps,0,1803
12058,12.058,1,4004,54004,ladder_a11_lin_r02,prps,1460,32,0.273124,26,0,26,0.06806784,3.90000,prps,0,1804
12063,12.063,1,4004,54004,ladder_a11_lin_r02,prps,1452,24,0.204904,17,0,17,0.04450589,2.55000,prps,0,1805
12068,12.068,1,4004,54004,ladder_a11_lin_r02,prps,1439,11,0.092074,9,0,9,0.02356194,1.35000,prps,0,1806
12073,12.073,1,4004,54004,ladder_a11_lin_r02,prps,1422,-6,-0.051964,4,0,4,0.01047198,0.60000,prps,0,1807
12078,12.078,1,4004,54004,ladder_a11_lin_r02,prps,1403,-25,-0.210956,0,0,0,0.00000000,0.00000,prps,0,1808
12083,12.083,1,4004,54004,ladder_a11_lin_r02,prps,1385,-43,-0.367657,-1,0,-1,-0.00261799,-0.15000,prps,0,1809
12088,12.088,1,4004,54004,ladder_a11_lin_r02,prps,1369,-59,-0.505755,0,0,0,0.00000000,0.00000,prps,0,1810
12093,12.093,1,4004,54004,ladder_a11_lin_r02,prps,1356,-72,-0.611659,4,0,4,0.01047198,0.60000,prps,0,1811
12098,12.098,1,4004,54004,ladder_a11_lin_r02,prps,1349,-79,-0.675936,8,0,8,0.02094395,1.20000,prps,0,1812
12103,12.103,1,4004,54004,ladder_a11_lin_r02,prps,1347,-81,-0.694227,15,0,15,0.03926991,2.25000,prps,0,1813
12108,12.108,1,4004,54004,ladder_a11_lin_r02,prps,1350,-78,-0.667575,22,0,22,0.05759586,3.30000,prps,0,1814
12113,12.113,1,4004,54004,ladder_a11_lin_r02,prps,1358,-70,-0.602110,29,0,29,0.07592182,4.35000,prps,0,1815
12118,12.118,1,4004,54004,ladder_a11_lin_r02,prps,1369,-59,-0.508166,34,0,34,0.08901179,5.10000,prps,0,1816
12123,12.123,1,4004,54004,ladder_a11_lin_r02,prps,1381,-47,-0.398941,38,0,38,0.09948376,5.70000,prps,0,1817
12128,12.128,1,4004,54004,ladder_a11_lin_r02,prps,1394,-34,-0.288866,40,0,40,0.10471976,6.00000,prps,0,1818
12133,12.133,1,4004,54004,ladder_a11_lin_r02,prps,1406,-22,-0.191886,40,0,40,0.10471976,6.00000,prps,0,1819
12138,12.138,1,4004,54004,ladder_a11_lin_r02,prps,1414,-14,-0.119866,39,0,39,0.10210176,5.85000,prps,0,1820
12143,12.143,1,4004,54004,ladder_a11_lin_r02,prps,1418,-10,-0.081283,37,0,37,0.09686577,5.55000,prps,0,1821
12148,12.148,1,4004,54004,ladder_a11_lin_r02,prps,1419,-9,-0.080376,32,0,32,0.08377580,4.80000,prps,0,1822
12153,12.153,1,4004,54004,ladder_a11_lin_r02,prps,1414,-14,-0.116820,27,0,27,0.07068583,4.05000,prps,0,1823
12158,12.158,1,4004,54004,ladder_a11_lin_r02,prps,1406,-22,-0.185948,23,0,23,0.06021386,3.45000,prps,0,1824
12163,12.163,1,4004,54004,ladder_a11_lin_r02,prps,1395,-33,-0.279476,20,0,20,0.05235988,3.00000,prps,0,1825
12168,12.168,1,4004,54004,ladder_a11_lin_r02,prps,1383,-45,-0.386624,18,0,18,0.04712389,2.70000,prps,0,1826
12173,12.173,1,4004,54004,ladder_a11_lin_r02,prps,1370,-58,-0.495477,18,0,18,0.04712389,2.70000,prps,0,1827
12178,12.178,1,4004,54004,ladder_a11_lin_r02,prps,1358,-70,-0.594429,18,0,18,0.04712389,2.70000,prps,0,1828
12183,12.183,1,4004,54004,ladder_a11_lin_r02,prps,1349,-79,-0.673507,20,0,20,0.05235988,3.00000,prps,0,1829
12188,12.188,1,4004,54004,ladder_a11_lin_r02,prps,1343,-85,-0.725448,24,0,24,0.06283185,3.60000,prps,0,1830
12193,12.193,1,4004,54004,ladder_a11_lin_r02,prps,1341,-87,-0.746395,29,0,29,0.07592182,4.35000,prps,0,1831
12198,12.198,1,4004,54004,ladder_a11_lin_r02,prps,1342,-86,-0.736144,35,0,35,0.09162979,5.25000,prps,0,1832
12203,12.203,1,4004,54004,ladder_a11_lin_r02,prps,1346,-82,-0.697943,40,0,40,0.10471976,6.00000,prps,0,1833
12208,12.208,1,4004,54004,ladder_a11_lin_r02,prps,1353,-75,-0.637893,44,0,44,0.11519173,6.60000,prps,0,1834
12213,12.213,1,4004,54004,ladder_a11_lin_r02,prps,1362,-66,-0.564031,47,0,47,0.12304571,7.05000,prps,0,1835
12218,12.218,1,4004,54004,ladder_a11_lin_r02,prps,1371,-57,-0.485246,49,0,49,0.12828170,7.35000,prps,0,1836
12223,12.223,1,4004,54004,ladder_a11_lin_r02,prps,1380,-48,-0.410156,49,0,49,0.12828170,7.35000,prps,0,1837
12228,12.228,1,4004,54004,ladder_a11_lin_r02,prps,1388,-40,-0.346097,48,0,48,0.12566370,7.20000,prps,0,1838
12233,12.233,1,4004,54004,ladder_a11_lin_r02,prps,1393,-35,-0.298352,45,0,45,0.11780972,6.75000,prps,0,1839
12238,12.238,1,4004,54004,ladder_a11_lin_r02,prps,1396,-32,-0.269691,42,0,42,0.10995574,6.30000,prps,0,1840
12243,12.243,1,4004,54004,ladder_a11_lin_r02,prps,1398,-30,-0.260265,40,0,40,0.10471976,6.00000,prps,0,1841
12248,12.248,1,4004,54004,ladder_a11_lin_r02,prps,1397,-31,-0.267856,36,0,36,0.09424778,5.40000,prps,0,1842
12253,12.253,1,4004,54004,ladder_a11_lin_r02,prps,1394,-34,-0.288414,33,0,33,0.08639380,4.95000,prps,0,1843
12258,12.258,1,4004,54004,ladder_a11_lin_r02,prps,1391,-37,-0.316793,30,0,30,0.07853982,4.50000,prps,0,1844
12263,12.263,1,4004,54004,ladder_a11_lin_r02,prps,1387,-41,-0.347587,27,0,27,0.07068583,4.05000,prps,0,1845
12268,12.268,1,4004,54004,ladder_a11_lin_r02,prps,1384,-44,-0.375918,27,0,27,0.07068583,4.05000,prps,0,1846
12273,12.273,1,4004,54004,ladder_a11_lin_r02,prps,1381,-47,-0.398095,27,0,27,0.07068583,4.05000,prps,0,1847
12278,12.278,1,4004,54004,ladder_a11_lin_r02,prps,1380,-48,-0.412044,27,0,27,0.07068583,4.05000,prps,0,1848
12283,12.283,1,4004,54004,ladder_a11_lin_r02,prps,1379,-49,-0.417456,27,0,27,0.07068583,4.05000,prps,0,1849
12288,12.288,1,4004,54004,ladder_a11_lin_r02,prps,1379,-49,-0.415660,27,0,27,0.07068583,4.05000,prps,0,1850
12293,12.293,1,4004,54004,ladder_a11_lin_r02,prps,1380,-48,-0.409231,28,0,28,0.07330382,4.20000,prps,0,1851
12298,12.298,1,4004,54004,ladder_a11_lin_r02,prps,1381,-47,-0.401422,29,0,29,0.07592182,4.35000,prps,0,1852
12303,12.303,1,4004,54004,ladder_a11_lin_r02,prps,1382,-46,-0.395494,30,0,30,0.07853982,4.50000,prps,0,1853
12308,12.308,1,4004,54004,ladder_a11_lin_r02,prps,1382,-46,-0.394062,31,0,31,0.08115781,4.65000,prps,0,1854
12313,12.313,1,4004,54004,ladder_a11_lin_r02,prps,1381,-47,-0.398538,31,0,31,0.08115781,4.65000,prps,0,1855
12318,12.318,1,4004,54004,ladder_a11_lin_r02,prps,1380,-48,-0.408776,31,0,31,0.08115781,4.65000,prps,0,1856
12323,12.323,1,4004,54004,ladder_a11_lin_r02,prps,1379,-49,-0.422958,31,0,31,0.08115781,4.65000,prps,0,1857
12328,12.328,1,4004,54004,ladder_a11_lin_r02,prps,1377,-51,-0.437735,31,0,31,0.08115781,4.65000,prps,0,1858
12333,12.333,1,4004,54004,ladder_a11_lin_r02,prps,1376,-52,-0.448626,31,0,31,0.08115781,4.65000,prps,0,1859
12338,12.338,1,4004,54004,ladder_a11_lin_r02,prps,1375,-53,-0.450598,31,0,31,0.08115781,4.65000,prps,0,1860
12343,12.343,1,4004,54004,ladder_a11_lin_r02,prps,1377,-51,-0.438755,31,0,31,0.08115781,4.65000,prps,0,1861
12348,12.348,1,4004,54004,ladder_a11_lin_r02,prps,1380,-48,-0.409049,32,0,32,0.08377580,4.80000,prps,0,1862
12353,12.353,1,4004,54004,ladder_a11_lin_r02,prps,1386,-42,-0.358900,32,0,32,0.08377580,4.80000,prps,0,1863
12358,12.358,1,4004,54004,ladder_a11_lin_r02,prps,1394,-34,-0.287649,32,0,32,0.08377580,4.80000,prps,0,1864
12363,12.363,1,4004,54004,ladder_a11_lin_r02,prps,1405,-23,-0.196777,32,0,32,0.08377580,4.80000,prps,0,1865
12368,12.368,1,4004,54004,ladder_a11_lin_r02,prps,1417,-11,-0.089855,32,0,32,0.08377580,4.80000,prps,0,1866
12373,12.373,1,4004,54004,ladder_a11_lin_r02,prps,1431,3,0.027764,30,0,30,0.07853982,4.50000,prps,0,1867
12378,12.378,1,4004,54004,ladder_a11_lin_r02,prps,1445,17,0.149482,27,0,27,0.07068583,4.05000,prps,0,1868
12383,12.383,1,4004,54004,ladder_a11_lin_r02,prps,1459,31,0.268153,23,0,23,0.06021386,3.45000,prps,0,1869
12388,12.388,1,4004,54004,ladder_a11_lin_r02,prps,1472,44,0.376846,18,0,18,0.04712389,2.70000,prps,0,1870
12393,12.393,1,4004,54004,ladder_a11_lin_r02,prps,1483,55,0.469587,11,0,11,0.02879793,1.65000,prps,0,1871
12398,12.398,1,4004,54004,ladder_a11_lin_r02,prps,1491,63,0.541985,5,0,5,0.01308997,0.75000,prps,0,1872
12403,12.403,1,4004,54004,ladder_a11_lin_r02,prps,1497,69,0.591665,-2,0,-2,-0.00523599,-0.30000,prps,0,1873
12408,12.408,1,4004,54004,ladder_a11_lin_r02,prps,1500,72,0.618458,-8,0,-8,-0.02094395,-1.20000,prps,0,1874
12413,12.413,1,4004,54004,ladder_a11_lin_r02,prps,1501,73,0.624333,-15,0,-15,-0.03926991,-2.25000,prps,0,1875
12418,12.418,1,4004,54004,ladder_a11_lin_r02,prps,1500,72,0.613087,-21,0,-21,-0.05497787,-3.15000,prps,0,1876
12423,12.423,1,4004,54004,ladder_a11_lin_r02,prps,1497,69,0.589829,-26,0,-26,-0.06806784,-3.90000,prps,0,1877
12428,12.428,1,4004,54004,ladder_a11_lin_r02,prps,1494,66,0.560337,-30,0,-30,-0.07853982,-4.50000,prps,0,1878
12433,12.433,1,4004,54004,ladder_a11_lin_r02,prps,1490,62,0.530369,-33,0,-33,-0.08639380,-4.95000,prps,0,1879
12438,12.438,1,4004,54004,ladder_a11_lin_r02,prps,1487,59,0.505006,-35,0,-35,-0.09162979,-5.25000,prps,0,1880
12443,12.443,1,4004,54004,ladder_a11_lin_r02,prps,1485,57,0.488121,-36,0,-36,-0.09424778,-5.40000,prps,0,1881
12448,12.448,1,4004,54004,ladder_a11_lin_r02,prps,1484,56,0.482011,-36,0,-36,-0.09424778,-5.40000,prps,0,1882
12453,12.453,1,4004,54004,ladder_a11_lin_r02,prps,1485,57,0.487249,-36,0,-36,-0.09424778,-5.40000,prps,0,1883
12458,12.458,1,4004,54004,ladder_a11_lin_r02,prps,1487,59,0.502750,-36,0,-36,-0.09424778,-5.40000,prps,0,1884
12463,12.463,1,4004,54004,ladder_a11_lin_r02,prps,1490,62,0.526023,-36,0,-36,-0.09424778,-5.40000,prps,0,1885
12468,12.468,1,4004,54004,ladder_a11_lin_r02,prps,1493,65,0.553584,-36,0,-36,-0.09424778,-5.40000,prps,0,1886
12473,12.473,1,4004,54004,ladder_a11_lin_r02,prps,1496,68,0.581446,-36,0,-36,-0.09424778,-5.40000,prps,0,1887
12478,12.478,1,4004,54004,ladder_a11_lin_r02,prps,1499,71,0.605632,-36,0,-36,-0.09424778,-5.40000,prps,0,1888
12483,12.483,1,4004,54004,ladder_a11_lin_r02,prps,1501,73,0.622638,-36,0,-36,-0.09424778,-5.40000,prps,0,1889
12488,12.488,1,4004,54004,ladder_a11_lin_r02,prps,1502,74,0.629795,-37,0,-37,-0.09686577,-5.55000,prps,0,1890
12493,12.493,1,4004,54004,ladder_a11_lin_r02,prps,1501,73,0.625495,-38,0,-38,-0.09948376,-5.70000,prps,0,1891
12498,12.498,1,4004,54004,ladder_a11_lin_r02,prps,1499,71,0.609258,-39,0,-39,-0.10210176,-5.85000,prps,0,1892
12503,12.503,1,4004,54004,ladder_a11_lin_r02,prps,1496,68,0.581663,-40,0,-40,-0.10471976,-6.00000,prps,0,1893
12508,12.508,1,4004,54004,ladder_a11_lin_r02,prps,1492,64,0.544163,-40,0,-40,-0.10471976,-6.00000,prps,0,1894
12513,12.513,1,4004,54004,ladder_a11_lin_r02,prps,1486,58,0.498826,-40,0,-40,-0.10471976,-6.00000,prps,0,1895
12518,12.518,1,4004,54004,ladder_a11_lin_r02,prps,1480,52,0.448053,-40,0,-40,-0.10471976,-6.00000,prps,0,1896
12523,12.523,1,4004,54004,ladder_a11_lin_r02,prps,1474,46,0.394324,-40,0,-40,-0.10471976,-6.00000,prps,0,1897
12528,12.528,1,4004,54004,ladder_a11_lin_r02,prps,1468,40,0.340001,-39,0,-39,-0.10210176,-5.85000,prps,0,1898
12533,12.533,1,4004,54004,ladder_a11_lin_r02,prps,1462,34,0.287217,-37,0,-37,-0.09686577,-5.55000,prps,0,1899
12538,12.538,1,4004,54004,ladder_a11_lin_r02,prps,1456,28,0.237854,-35,0,-35,-0.09162979,-5.25000,prps,0,1900
12543,12.543,1,4004,54004,ladder_a11_lin_r02,prps,1451,23,0.193587,-32,0,-32,-0.08377580,-4.80000,prps,0,1901
12548,12.548,1,4004,54004,ladder_a11_lin_r02,prps,1446,18,0.155982,-28,0,-28,-0.07330382,-4.20000,prps,0,1902
12553,12.553,1,4004,54004,ladder_a11_lin_r02,prps,1443,15,0.126594,-25,0,-25,-0.06544985,-3.75000,prps,0,1903
12558,12.558,1,4004,54004,ladder_a11_lin_r02,prps,1441,13,0.107022,-22,0,-22,-0.05759586,-3.30000,prps,0,1904
12563,12.563,1,4004,54004,ladder_a11_lin_r02,prps,1440,12,0.098908,-18,0,-18,-0.04712389,-2.70000,prps,0,1905
12568,12.568,1,4004,54004,ladder_a11_lin_r02,prps,1440,12,0.103830,-15,0,-15,-0.03926991,-2.25000,prps,0,1906
12573,12.573,1,4004,54004,ladder_a11_lin_r02,prps,1442,14,0.123109,-13,0,-13,-0.03403392,-1.95000,prps,0,1907
12578,12.578,1,4004,54004,ladder_a11_lin_r02,prps,1446,18,0.157534,-11,0,-11,-0.02879793,-1.65000,prps,0,1908
12583,12.583,1,4004,54004,ladder_a11_lin_r02,prps,1452,24,0.207048,-9,0,-9,-0.02356194,-1.35000,prps,0,1909
12588,12.588,1,4004,54004,ladder_a11_lin_r02,prps,1460,32,0.270451,-9,0,-9,-0.02356194,-1.35000,prps,0,1910
12593,12.593,1,4004,54004,ladder_a11_lin_r02,prps,1468,40,0.345165,-9,0,-9,-0.02356194,-1.35000,prps,0,1911
12598,12.598,1,4004,54004,ladder_a11_lin_r02,prps,1478,50,0.427141,-10,0,-10,-0.02617994,-1.50000,prps,0,1912
12603,12.603,1,4004,54004,ladder_a11_lin_r02,prps,1488,60,0.510936,-11,0,-11,-0.02879793,-1.65000,prps,0,1913
12608,12.608,1,4004,54004,ladder_a11_lin_r02,prps,1497,69,0.589992,-14,0,-14,-0.03665191,-2.10000,prps,0,1914
12613,12.613,1,4004,54004,ladder_a11_lin_r02,prps,1505,77,0.657121,-18,0,-18,-0.04712389,-2.70000,prps,0,1915
12618,12.618,1,4004,54004,ladder_a11_lin_r02,prps,1511,83,0.705162,-22,0,-22,-0.05759586,-3.30000,prps,0,1916
12623,12.623,1,4004,54004,ladder_a11_lin_r02,prps,1513,85,0.727741,-27,0,-27,-0.07068583,-4.05000,prps,0,1917
12628,12.628,1,4004,54004,ladder_a11_lin_r02,prps,1512,84,0.720070,-31,0,-31,-0.08115781,-4.65000,prps,0,1918
12633,12.633,1,4004,54004,ladder_a11_lin_r02,prps,1508,80,0.679666,-35,0,-35,-0.09162979,-5.25000,prps,0,1919
12638,12.638,1,4004,54004,ladder_a11_lin_r02,prps,1499,71,0.606905,-39,0,-39,-0.10210176,-5.85000,prps,0,1920
12643,12.643,1,4004,54004,ladder_a11_lin_r02,prps,1487,59,0.505319,-42,0,-42,-0.10995574,-6.30000,prps,0,1921
12648,12.648,1,4004,54004,ladder_a11_lin_r02,prps,1473,45,0.381557,-43,0,-43,-0.11257374,-6.45000,prps,0,1922
12653,12.653,1,4004,54004,ladder_a11_lin_r02,prps,1457,29,0.245007,-43,0,-43,-0.11257374,-6.45000,prps,0,1923
12658,12.658,1,4004,54004,ladder_a11_lin_r02,prps,1441,13,0.107058,-42,0,-42,-0.10995574,-6.30000,prps,0,1924
12663,12.663,1,4004,54004,ladder_a11_lin_r02,prps,1426,-2,-0.019915,-38,0,-38,-0.09948376,-5.70000,prps,0,1925
12668,12.668,1,4004,54004,ladder_a11_lin_r02,prps,1414,-14,-0.123769,-33,0,-33,-0.08639380,-4.95000,prps,0,1926
12673,12.673,1,4004,54004,ladder_a11_lin_r02,prps,1405,-23,-0.193879,-27,0,-27,-0.07068583,-4.05000,prps,0,1927
12678,12.678,1,4004,54004,ladder_a11_lin_r02,prps,1402,-26,-0.222354,-20,0,-20,-0.05235988,-3.00000,prps,0,1928
12683,12.683,1,4004,54004,ladder_a11_lin_r02,prps,1404,-24,-0.205029,-13,0,-13,-0.03403392,-1.95000,prps,0,1929
12688,12.688,1,4004,54004,ladder_a11_lin_r02,prps,1411,-17,-0.142122,-7,0,-7,-0.01832596,-1.05000,prps,0,1930
12693,12.693,1,4004,54004,ladder_a11_lin_r02,prps,1424,-4,-0.038445,-2,0,-2,-0.00523599,-0.30000,prps,0,1931
12698,12.698,1,4004,54004,ladder_a11_lin_r02,prps,1439,11,0.096873,3,0,3,0.00785398,0.45000,prps,0,1932
12703,12.703,1,4004,54004,ladder_a11_lin_r02,prps,1457,29,0.251149,5,0,5,0.01308997,0.75000,prps,0,1933
12708,12.708,1,4004,54004,ladder_a11_lin_r02,prps,1476,48,0.409327,5,0,5,0.01308997,0.75000,prps,0,1934
12713,12.713,1,4004,54004,ladder_a11_lin_r02,prps,1493,65,0.555479,2,0,2,0.00523599,0.30000,prps,0,1935
12718,12.718,1,4004,54004,ladder_a11_lin_r02,prps,1507,79,0.674454,-2,0,-2,-0.00523599,-0.30000,prps,0,1936
12723,12.723,1,4004,54004,ladder_a11_lin_r02,prps,1516,88,0.753513,-6,0,-6,-0.01570796,-0.90000,prps,0,1937
12728,12.728,1,4004,54004,ladder_a11_lin_r02,prps,1520,92,0.783765,-13,0,-13,-0.03403392,-1.95000,prps,0,1938
12733,12.733,1,4004,54004,ladder_a11_lin_r02,prps,1517,89,0.761222,-21,0,-21,-0.05497787,-3.15000,prps,0,1939
12738,12.738,1,4004,54004,ladder_a11_lin_r02,prps,1508,80,0.687370,-28,0,-28,-0.07330382,-4.20000,prps,0,1940
12743,12.743,1,4004,54004,ladder_a11_lin_r02,prps,1495,67,0.569152,-33,0,-33,-0.08639380,-4.95000,prps,0,1941
12748,12.748,1,4004,54004,ladder_a11_lin_r02,prps,1477,49,0.418363,-38,0,-38,-0.09948376,-5.70000,prps,0,1942
12753,12.753,1,4004,54004,ladder_a11_lin_r02,prps,1457,29,0.250503,-40,0,-40,-0.10471976,-6.00000,prps,0,1943
12758,12.758,1,4004,54004,ladder_a11_lin_r02,prps,1438,10,0.083198,-40,0,-40,-0.10471976,-6.00000,prps,0,1944
12763,12.763,1,4004,54004,ladder_a11_lin_r02,prps,1420,-8,-0.065647,-38,0,-38,-0.09948376,-5.70000,prps,0,1945
12768,12.768,1,4004,54004,ladder_a11_lin_r02,prps,1407,-21,-0.179764,-33,0,-33,-0.08639380,-4.95000,prps,0,1946
12773,12.773,1,4004,54004,ladder_a11_lin_r02,prps,1399,-29,-0.246306,-27,0,-27,-0.07068583,-4.05000,prps,0,1947
12778,12.778,1,4004,54004,ladder_a11_lin_r02,prps,1398,-30,-0.257290,-20,0,-20,-0.05235988,-3.00000,prps,0,1948
12783,12.783,1,4004,54004,ladder_a11_lin_r02,prps,1403,-25,-0.210559,-12,0,-12,-0.03141592,-1.80000,prps,0,1949
12788,12.788,1,4004,54004,ladder_a11_lin_r02,prps,1415,-13,-0.110115,-5,0,-5,-0.01308997,-0.75000,prps,0,1950
12793,12.793,1,4004,54004,ladder_a11_lin_r02,prps,1432,4,0.034176,0,0,0,0.00000000,0.00000,prps,0,1951
12798,12.798,1,4004,54004,ladder_a11_lin_r02,prps,1452,24,0.207530,5,0,5,0.01308997,0.75000,prps,0,1952
12803,12.803,1,4004,54004,ladder_a11_lin_r02,prps,1474,46,0.391708,6,0,6,0.01570796,0.90000,prps,0,1953
12808,12.808,1,4004,54004,ladder_a11_lin_r02,prps,1494,66,0.566875,5,0,5,0.01308997,0.75000,prps,0,1954
12813,12.813,1,4004,54004,ladder_a11_lin_r02,prps,1511,83,0.713638,0,0,0,0.00000000,0.00000,prps,0,1955
12818,12.818,1,4004,54004,ladder_a11_lin_r02,prps,1523,95,0.815064,-4,0,-4,-0.01047198,-0.60000,prps,0,1956
12823,12.823,1,4004,54004,ladder_a11_lin_r02,prps,1528,100,0.858452,-12,0,-12,-0.03141592,-1.80000,prps,0,1957
12828,12.828,1,4004,54004,ladder_a11_lin_r02,prps,1526,98,0.836682,-20,0,-20,-0.05235988,-3.00000,prps,0,1958
12833,12.833,1,4004,54004,ladder_a11_lin_r02,prps,1516,88,0.748992,-28,0,-28,-0.07330382,-4.20000,prps,0,1959
12838,12.838,1,4004,54004,ladder_a11_lin_r02,prps,1498,70,0.601107,-34,0,-34,-0.08901179,-5.10000,prps,0,1960
12843,12.843,1,4004,54004,ladder_a11_lin_r02,prps,1475,47,0.404702,-39,0,-39,-0.10210176,-5.85000,prps,0,1961
12848,12.848,1,4004,54004,ladder_a11_lin_r02,prps,1449,21,0.176267,-42,0,-42,-0.10995574,-6.30000,prps,0,1962
12853,12.853,1,4004,54004,ladder_a11_lin_r02,prps,1420,-8,-0.064512,-42,0,-42,-0.10995574,-6.30000,prps,0,1963
12858,12.858,1,4004,54004,ladder_a11_lin_r02,prps,1393,-35,-0.296690,-40,0,-40,-0.10471976,-6.00000,prps,0,1964
12863,12.863,1,4004,54004,ladder_a11_lin_r02,prps,1369,-59,-0.500103,-34,0,-34,-0.08901179,-5.10000,prps,0,1965
12868,12.868,1,4004,54004,ladder_a11_lin_r02,prps,1351,-77,-0.657315,-26,0,-26,-0.06806784,-3.90000,prps,0,1966
12873,12.873,1,4004,54004,ladder_a11_lin_r02,prps,1340,-88,-0.755266,-16,0,-16,-0.04188790,-2.40000,prps,0,1967
12878,12.878,1,4004,54004,ladder_a11_lin_r02,prps,1336,-92,-0.786469,-5,0,-5,-0.01308997,-0.75000,prps,0,1968
12883,12.883,1,4004,54004,ladder_a11_lin_r02,prps,1340,-88,-0.749631,6,0,6,0.01570796,0.90000,prps,0,1969
12888,12.888,1,4004,54004,ladder_a11_lin_r02,prps,1352,-76,-0.649664,17,0,17,0.04450589,2.55000,prps,0,1970
12893,12.893,1,4004,54004,ladder_a11_lin_r02,prps,1370,-58,-0.497079,26,0,26,0.06806784,3.90000,prps,0,1971
12898,12.898,1,4004,54004,ladder_a11_lin_r02,prps,1392,-36,-0.306855,33,0,33,0.08639380,4.95000,prps,0,1972
12903,12.903,1,4004,54004,ladder_a11_lin_r02,prps,1417,-11,-0.096897,37,0,37,0.09686577,5.55000,prps,0,1973
12908,12.908,1,4004,54004,ladder_a11_lin_r02,prps,1441,13,0.113741,38,0,38,0.09948376,5.70000,prps,0,1974
12913,12.913,1,4004,54004,ladder_a11_lin_r02,prps,1464,36,0.306701,36,0,36,0.09424778,5.40000,prps,0,1975
12918,12.918,1,4004,54004,ladder_a11_lin_r02,prps,1483,55,0.466033,30,0,30,0.07853982,4.50000,prps,0,1976
12923,12.923,1,4004,54004,ladder_a11_lin_r02,prps,1496,68,0.579625,23,0,23,0.06021386,3.45000,prps,0,1977
12928,12.928,1,4004,54004,ladder_a11_lin_r02,prps,1503,75,0.640208,13,0,13,0.03403392,1.95000,prps,0,1978
12933,12.933,1,4004,54004,ladder_a11_lin_r02,prps,1504,76,0.645864,4,0,4,0.01047198,0.60000,prps,0,1979
12938,12.938,1,4004,54004,ladder_a11_lin_r02,prps,1498,70,0.599998,-5,0,-5,-0.01308997,-0.75000,prps,0,1980
12943,12.943,1,4004,54004,ladder_a11_lin_r02,prps,1488,60,0.510796,-14,0,-14,-0.03665191,-2.10000,prps,0,1981
12948,12.948,1,4004,54004,ladder_a11_lin_r02,prps,1474,46,0.390254,-20,0,-20,-0.05235988,-3.00000,prps,0,1982
12953,12.953,1,4004,54004,ladder_a11_lin_r02,prps,1458,30,0.252865,-25,0,-25,-0.06544985,-3.75000,prps,0,1983
12958,12.958,1,4004,54004,ladder_a11_lin_r02,prps,1441,13,0.114122,-27,0,-27,-0.07068583,-4.05000,prps,0,1984
12963,12.963,1,4004,54004,ladder_a11_lin_r02,prps,1427,-1,-0.011012,-27,0,-27,-0.07068583,-4.05000,prps,0,1985
12968,12.968,1,4004,54004,ladder_a11_lin_r02,prps,1415,-13,-0.109540,-25,0,-25,-0.06544985,-3.75000,prps,0,1986
12973,12.973,1,4004,54004,ladder_a11_lin_r02,prps,1408,-20,-0.171613,-21,0,-21,-0.05497787,-3.15000,prps,0,1987
12978,12.978,1,4004,54004,ladder_a11_lin_r02,prps,1406,-22,-0.191388,-16,0,-16,-0.04188790,-2.40000,prps,0,1988
12983,12.983,1,4004,54004,ladder_a11_lin_r02,prps,1408,-20,-0.167460,-10,0,-10,-0.02617994,-1.50000,prps,0,1989
12988,12.988,1,4004,54004,ladder_a11_lin_r02,prps,1416,-12,-0.102882,-5,0,-5,-0.01308997,-0.75000,prps,0,1990
12993,12.993,1,4004,54004,ladder_a11_lin_r02,prps,1427,-1,-0.004746,0,0,0,0.00000000,0.00000,prps,0,1991
12998,12.998,1,4004,54004,ladder_a11_lin_r02,prps,1442,14,0.116575,4,0,4,0.01047198,0.60000,prps,0,1992
13003,13.003,1,4004,54004,ladder_a11_lin_r02,prps,1457,29,0.248487,5,0,5,0.01308997,0.75000,prps,0,1993
13008,13.008,1,4004,54004,ladder_a11_lin_r02,prps,1472,44,0.377397,5,0,5,0.01308997,0.75000,prps,0,1994
13013,13.013,1,4004,54004,ladder_a11_lin_r02,prps,1485,57,0.489997,2,0,2,0.00523599,0.30000,prps,0,1995
13018,13.018,1,4004,54004,ladder_a11_lin_r02,prps,1495,67,0.574490,-1,0,-1,-0.00261799,-0.15000,prps,0,1996
13023,13.023,1,4004,54004,ladder_a11_lin_r02,prps,1501,73,0.621654,-6,0,-6,-0.01570796,-0.90000,prps,0,1997
13028,13.028,1,4004,54004,ladder_a11_lin_r02,prps,1501,73,0.625646,-12,0,-12,-0.03141592,-1.80000,prps,0,1998
13033,13.033,1,4004,54004,ladder_a11_lin_r02,prps,1496,68,0.584495,-18,0,-18,-0.04712389,-2.70000,prps,0,1999
31443,31.443,1,4004,54004,ladder_a11_lin_r02,prps,1487,59,0.500233,1,0,1,0.00261799,0.15000,prps,1,0
31448,31.448,1,4004,54004,ladder_a11_lin_r02,prps,1472,44,0.378680,1,0,1,0.00261799,0.15000,prps,1,1
31453,31.453,1,4004,54004,ladder_a11_lin_r02,prps,1455,27,0.228888,0,0,0,0.00000000,0.00000,prps,1,2
31458,31.458,1,4004,54004,ladder_a11_lin_r02,prps,1435,7,0.062319,-3,0,-3,-0.00785398,-0.45000,prps,1,3
31463,31.463,1,4004,54004,ladder_a11_lin_r02,prps,1415,-13,-0.108191,-6,0,-6,-0.01570796,-0.90000,prps,1,4
31468,31.468,1,4004,54004,ladder_a11_lin_r02,prps,1396,-32,-0.269559,-8,0,-8,-0.02094395,-1.20000,prps,1,5
31473,31.473,1,4004,54004,ladder_a11_lin_r02,prps,1380,-48,-0.409611,-7,0,-7,-0.01832596,-1.05000,prps,1,6
31478,31.478,1,4004,54004,ladder_a11_lin_r02,prps,1367,-61,-0.518134,-5,0,-5,-0.01308997,-0.75000,prps,1,7
31483,31.483,1,4004,54004,ladder_a11_lin_r02,prps,1359,-69,-0.587753,1,0,1,0.00261799,0.15000,prps,1,8
31488,31.488,1,4004,54004,ladder_a11_lin_r02,prps,1356,-72,-0.614549,8,0,8,0.02094395,1.20000,prps,1,9
31493,31.493,1,4004,54004,ladder_a11_lin_r02,prps,1358,-70,-0.598368,15,0,15,0.03926991,2.25000,prps,1,10
31498,31.498,1,4004,54004,ladder_a11_lin_r02,prps,1364,-64,-0.542787,22,0,22,0.05759586,3.30000,prps,1,11
31503,31.503,1,4004,54004,ladder_a11_lin_r02,prps,1375,-53,-0.454758,28,0,28,0.07330382,4.20000,prps,1,12
31508,31.508,1,4004,54004,ladder_a11_lin_r02,prps,1388,-40,-0.343932,32,0,32,0.08377580,4.80000,prps,1,13
31513,31.513,1,4004,54004,ladder_a11_lin_r02,prps,1402,-26,-0.221756,34,0,34,0.08901179,5.10000,prps,1,14
31518,31.518,1,4004,54004,ladder_a11_lin_r02,prps,1416,-12,-0.100400,34,0,34,0.08901179,5.10000,prps,1,15
31523,31.523,1,4004,54004,ladder_a11_lin_r02,prps,1429,1,0.008374,34,0,34,0.08901179,5.10000,prps,1,16
31528,31.528,1,4004,54004,ladder_a11_lin_r02,prps,1439,11,0.094298,30,0,30,0.07853982,4.50000,prps,1,17
31533,31.533,1,4004,54004,ladder_a11_lin_r02,prps,1445,17,0.149543,25,0,25,0.06544985,3.75000,prps,1,18
31538,31.538,1,4004,54004,ladder_a11_lin_r02,prps,1448,20,0.169419,20,0,20,0.05235988,3.00000,prps,1,19
31543,31.543,1,4004,54004,ladder_a11_lin_r02,prps,1446,18,0.152774,14,0,14,0.03665191,2.10000,prps,1,20
31548,31.548,1,4004,54004,ladder_a11_lin_r02,prps,1440,12,0.102041,9,0,9,0.02356194,1.35000,prps,1,21
31553,31.553,1,4004,54004,ladder_a11_lin_r02,prps,1431,3,0.022938,5,0,5,0.01308997,0.75000,prps,1,22
31558,31.558,1,4004,54004,ladder_a11_lin_r02,prps,1419,-9,-0.076162,2,0,2,0.00523599,0.30000,prps,1,23
31563,31.563,1,4004,54004,ladder_a11_lin_r02,prps,1406,-22,-0.185123,0,0,0,0.00000000,0.00000,prps,1,24
31568,31.568,1,4004,54004,ladder_a11_lin_r02,prps,1394,-34,-0.293111,0,0,0,0.00000000,0.00000,prps,1,25
31573,31.573,1,4004,54004,ladder_a11_lin_r02,prps,1382,-46,-0.389713,1,0,1,0.00261799,0.15000,prps,1,26
31578,31.578,1,4004,54004,ladder_a11_lin_r02,prps,1373,-55,-0.466014,4,0,4,0.01047198,0.60000,prps,1,27
31583,31.583,1,4004,54004,ladder_a11_lin_r02,prps,1368,-60,-0.515496,9,0,9,0.02356194,1.35000,prps,1,28
31588,31.588,1,4004,54004,ladder_a11_lin_r02,prps,1365,-63,-0.534675,14,0,14,0.03665191,2.10000,prps,1,29
31593,31.593,1,4004,54004,ladder_a11_lin_r02,prps,1367,-61,-0.523398,19,0,19,0.04974188,2.85000,prps,1,30
31598,31.598,1,4004,54004,ladder_a11_lin_r02,prps,1371,-57,-0.484784,24,0,24,0.06283185,3.60000,prps,1,31
31603,31.603,1,4004,54004,ladder_a11_lin_r02,prps,1378,-50,-0.424784,28,0,28,0.07330382,4.20000,prps,1,32
31608,31.608,1,4004,54004,ladder_a11_lin_r02,prps,1387,-41,-0.351449,32,0,32,0.08377580,4.80000,prps,1,33
31613,31.613,1,4004,54004,ladder_a11_lin_r02,prps,1396,-32,-0.273948,33,0,33,0.08639380,4.95000,prps,1,34
31618,31.618,1,4004,54004,ladder_a11_lin_r02,prps,1404,-24,-0.201478,33,0,33,0.08639380,4.95000,prps,1,35
31623,31.623,1,4004,54004,ladder_a11_lin_r02,prps,1411,-17,-0.142177,33,0,33,0.08639380,4.95000,prps,1,36
31628,31.628,1,4004,54004,ladder_a11_lin_r02,prps,1416,-12,-0.102164,31,0,31,0.08115781,4.65000,prps,1,37
31633,31.633,1,4004,54004,ladder_a11_lin_r02,prps,1418,-10,-0.084829,27,0,27,0.07068583,4.05000,prps,1,38
31638,31.638,1,4004,54004,ladder_a11_lin_r02,prps,1417,-11,-0.090444,24,0,24,0.06283185,3.60000,prps,1,39
31643,31.643,1,4004,54004,ladder_a11_lin_r02,prps,1414,-14,-0.116162,20,0,20,0.05235988,3.00000,prps,1,40
31648,31.648,1,4004,54004,ladder_a11_lin_r02,prps,1410,-18,-0.156375,18,0,18,0.04712389,2.70000,prps,1,41
31653,31.653,1,4004,54004,ladder_a11_lin_r02,prps,1404,-24,-0.203426,15,0,15,0.03926991,2.25000,prps,1,42
31658,31.658,1,4004,54004,ladder_a11_lin_r02,prps,1399,-29,-0.248562,15,0,15,0.03926991,2.25000,prps,1,43
31663,31.663,1,4004,54004,ladder_a11_lin_r02,prps,1395,-33,-0.283027,15,0,15,0.03926991,2.25000,prps,1,44
31668,31.668,1,4004,54004,ladder_a11_lin_r02,prps,1393,-35,-0.299161,15,0,15,0.03926991,2.25000,prps,1,45
31673,31.673,1,4004,54004,ladder_a11_lin_r02,prps,1394,-34,-0.291372,15,0,15,0.03926991,2.25000,prps,1,46
31678,31.678,1,4004,54004,ladder_a11_lin_r02,prps,1398,-30,-0.256853,17,0,17,0.04450589,2.55000,prps,1,47
31683,31.683,1,4004,54004,ladder_a11_lin_r02,prps,1405,-23,-0.195963,19,0,19,0.04974188,2.85000,prps,1,48
31688,31.688,1,4004,54004,ladder_a11_lin_r02,prps,1415,-13,-0.112217,20,0,20,0.05235988,3.00000,prps,1,49
31693,31.693,1,4004,54004,ladder_a11_lin_r02,prps,1427,-1,-0.011888,20,0,20,0.05235988,3.00000,prps,1,50
31698,31.698,1,4004,54004,ladder_a11_lin_r02,prps,1439,11,0.096740,20,0,20,0.05235988,3.00000,prps,1,51
31703,31.703,1,4004,54004,ladder_a11_lin_r02,prps,1452,24,0.204367,19,0,19,0.04974188,2.85000,prps,1,52
31708,31.708,1,4004,54004,ladder_a11_lin_r02,prps,1463,35,0.301808,16,0,16,0.04188790,2.40000,prps,1,53
31713,31.713,1,4004,54004,ladder_a11_lin_r02,prps,1473,45,0.381105,11,0,11,0.02879793,1.65000,prps,1,54
31718,31.718,1,4004,54004,ladder_a11_lin_r02,prps,1479,51,0.436494,6,0,6,0.01570796,0.90000,prps,1,55
31723,31.723,1,4004,54004,ladder_a11_lin_r02,prps,1482,54,0.465088,0,0,0,0.00000000,0.00000,prps,1,56
31728,31.728,1,4004,54004,ladder_a11_lin_r02,prps,1483,55,0.467199,-6,0,-6,-0.01570796,-0.90000,prps,1,57
31733,31.733,1,4004,54004,ladder_a11_lin_r02,prps,1480,52,0.446247,-12,0,-12,-0.03141592,-1.80000,prps,1,58
31738,31.738,1,4004,54004,ladder_a11_lin_r02,prps,1476,48,0.408268,-17,0,-17,-0.04450589,-2.55000,prps,1,59
31743,31.743,1,4004,54004,ladder_a11_lin_r02,prps,1470,42,0.361076,-20,0,-20,-0.05235988,-3.00000,prps,1,60
31748,31.748,1,4004,54004,ladder_a11_lin_r02,prps,1465,37,0.313192,-23,0,-23,-0.06021386,-3.45000,prps,1,61
31753,31.753,1,4004,54004,ladder_a11_lin_r02,prps,1460,32,0.272670,-24,0,-24,-0.06283185,-3.60000,prps,1,62
31758,31.758,1,4004,54004,ladder_a11_lin_r02,prps,1457,29,0.245979,-24,0,-24,-0.06283185,-3.60000,prps,1,63
31763,31.763,1,4004,54004,ladder_a11_lin_r02,prps,1456,28,0.237086,-24,0,-24,-0.06283185,-3.60000,prps,1,64
31768,31.768,1,4004,54004,ladder_a11_lin_r02,prps,1457,29,0.246867,-23,0,-23,-0.06021386,-3.45000,prps,1,65
31773,31.773,1,4004,54004,ladder_a11_lin_r02,prps,1460,32,0.272930,-21,0,-21,-0.05497787,-3.15000,prps,1,66
31778,31.778,1,4004,54004,ladder_a11_lin_r02,prps,1464,36,0.309885,-20,0,-20,-0.05235988,-3.00000,prps,1,67
31783,31.783,1,4004,54004,ladder_a11_lin_r02,prps,1469,41,0.350028,-19,0,-19,-0.04974188,-2.85000,prps,1,68
31788,31.788,1,4004,54004,ladder_a11_lin_r02,prps,1473,45,0.384376,-19,0,-19,-0.04974188,-2.85000,prps,1,69
31793,31.793,1,4004,54004,ladder_a11_lin_r02,prps,1475,47,0.403900,-19,0,-19,-0.04974188,-2.85000,prps,1,70
31798,31.798,1,4004,54004,ladder_a11_lin_r02,prps,1475,47,0.400826,-19,0,-19,-0.04974188,-2.85000,prps,1,71
31803,31.803,1,4004,54004,ladder_a11_lin_r02,prps,1471,43,0.369808,-20,0,-20,-0.05235988,-3.00000,prps,1,72
31808,31.808,1,4004,54004,ladder_a11_lin_r02,prps,1464,36,0.308836,-21,0,-21,-0.05497787,-3.15000,prps,1,73
31813,31.813,1,4004,54004,ladder_a11_lin_r02,prps,1454,26,0.219730,-22,0,-22,-0.05759586,-3.30000,prps,1,74
31818,31.818,1,4004,54004,ladder_a11_lin_r02,prps,1441,13,0.108161,-22,0,-22,-0.05759586,-3.30000,prps,1,75
31823,31.823,1,4004,54004,ladder_a11_lin_r02,prps,1426,-2,-0.016840,-22,0,-22,-0.05759586,-3.30000,prps,1,76
31828,31.828,1,4004,54004,ladder_a11_lin_r02,prps,1411,-17,-0.143823,-21,0,-21,-0.05497787,-3.15000,prps,1,77
31833,31.833,1,4004,54004,ladder_a11_lin_r02,prps,1398,-30,-0.260220,-17,0,-17,-0.04450589,-2.55000,prps,1,78
31838,31.838,1,4004,54004,ladder_a11_lin_r02,prps,1387,-41,-0.353839,-12,0,-12,-0.03141592,-1.80000,prps,1,79
31843,31.843,1,4004,54004,ladder_a11_lin_r02,prps,1380,-48,-0.414376,-6,0,-6,-0.01570796,-0.90000,prps,1,80
31848,31.848,1,4004,54004,ladder_a11_lin_r02,prps,1377,-51,-0.434755,0,0,0,0.00000000,0.00000,prps,1,81
31853,31.853,1,4004,54004,ladder_a11_lin_r02,prps,1380,-48,-0.412110,6,0,6,0.01570796,0.90000,prps,1,82
31858,31.858,1,4004,54004,ladder_a11_lin_r02,prps,1387,-41,-0.348292,12,0,12,0.03141592,1.80000,prps,1,83
31863,31.863,1,4004,54004,ladder_a11_lin_r02,prps,1399,-29,-0.249805,17,0,17,0.04450589,2.55000,prps,1,84
31868,31.868,1,4004,54004,ladder_a11_lin_r02,prps,1413,-15,-0.127177,21,0,21,0.05497787,3.15000,prps,1,85
31873,31.873,1,4004,54004,ladder_a11_lin_r02,prps,1429,1,0.006184,22,0,22,0.05759586,3.30000,prps,1,86
31878,31.878,1,4004,54004,ladder_a11_lin_r02,prps,1444,16,0.135507,22,0,22,0.05759586,3.30000,prps,1,87
31883,31.883,1,4004,54004,ladder_a11_lin_r02,prps,1457,29,0.246382,21,0,21,0.05497787,3.15000,prps,1,88
31888,31.888,1,4004,54004,ladder_a11_lin_r02,prps,1466,38,0.326480,17,0,17,0.04450589,2.55000,prps,1,89
31893,31.893,1,4004,54004,ladder_a11_lin_r02,prps,1471,43,0.367045,12,0,12,0.03141592,1.80000,prps,1,90
31898,31.898,1,4004,54004,ladder_a11_lin_r02,prps,1471,43,0.363992,6,0,6,0.01570796,0.90000,prps,1,91
31903,31.903,1,4004,54004,ladder_a11_lin_r02,prps,1465,37,0.318444,0,0,0,0.00000000,0.00000,prps,1,92
31908,31.908,1,4004,54004,ladder_a11_lin_r02,prps,1456,28,0.236644,-6,0,-6,-0.01570796,-0.90000,prps,1,93
31913,31.913,1,4004,54004,ladder_a11_lin_r02,prps,1443,15,0.129241,-10,0,-10,-0.02617994,-1.50000,prps,1,94
31918,31.918,1,4004,54004,ladder_a11_lin_r02,prps,1429,1,0.010021,-12,0,-12,-0.03141592,-1.80000,prps,1,95
31923,31.923,1,4004,54004,ladder_a11_lin_r02,prps,1416,-12,-0.105764,-14,0,-14,-0.03665191,-2.10000,prps,1,96
31928,31.928,1,4004,54004,ladder_a11_lin_r02,prps,1404,-24,-0.203270,-12,0,-12,-0.03141592,-1.80000,prps,1,97
31933,31.933,1,4004,54004,ladder_a11_lin_r02,prps,1396,-32,-0.269916,-10,0,-10,-0.02617994,-1.50000,prps,1,98
31938,31.938,1,4004,54004,ladder_a11_lin_r02,prps,1393,-35,-0.296978,-7,0,-7,-0.01832596,-1.05000,prps,1,99
31943,31.943,1,4004,54004,ladder_a11_lin_r02,prps,1395,-33,-0.280735,-2,0,-2,-0.00523599,-0.30000,prps,1,100
31948,31.948,1,4004,54004,ladder_a11_lin_r02,prps,1402,-26,-0.223003,4,0,4,0.01047198,0.60000,prps,1,101
31953,31.953,1,4004,54004,ladder_a11_lin_r02,prps,1413,-15,-0.131000,9,0,9,0.02356194,1.35000,prps,1,102
31958,31.958,1,4004,54004,ladder_a11_lin_r02,prps,1426,-2,-0.016526,12,0,12,0.03141592,1.80000,prps,1,103
31963,31.963,1,4004,54004,ladder_a11_lin_r02,prps,1440,12,0.105426,13,0,13,0.03403392,1.95000,prps,1,104
31968,31.968,1,4004,54004,ladder_a11_lin_r02,prps,1454,26,0.218490,13,0,13,0.03403392,1.95000,prps,1,105
31973,31.973,1,4004,54004,ladder_a11_lin_r02,prps,1464,36,0.306938,11,0,11,0.02879793,1.65000,prps,1,106
31978,31.978,1,4004,54004,ladder_a11_lin_r02,prps,1470,42,0.357648,8,0,8,0.02094395,1.20000,prps,1,107
31983,31.983,1,4004,54004,ladder_a11_lin_r02,prps,1470,42,0.361787,4,0,4,0.01047198,0.60000,prps,1,108
31988,31.988,1,4004,54004,ladder_a11_lin_r02,prps,1465,37,0.315987,-1,0,-1,-0.00261799,-0.15000,prps,1,109
31993,31.993,1,4004,54004,ladder_a11_lin_r02,prps,1454,26,0.222878,-6,0,-6,-0.01570796,-0.90000,prps,1,110
31998,31.998,1,4004,54004,ladder_a11_lin_r02,prps,1439,11,0.090885,-10,0,-10,-0.02617994,-1.50000,prps,1,111
32003,32.003,1,4004,54004,ladder_a11_lin_r02,prps,1420,-8,-0.066671,-13,0,-13,-0.03403392,-1.95000,prps,1,112
32008,32.008,1,4004,54004,ladder_a11_lin_r02,prps,1401,-27,-0.233096,-13,0,-13,-0.03403392,-1.95000,prps,1,113
32013,32.013,1,4004,54004,ladder_a11_lin_r02,prps,1382,-46,-0.390268,-11,0,-11,-0.02879793,-1.65000,prps,1,114
32018,32.018,1,4004,54004,ladder_a11_lin_r02,prps,1367,-61,-0.520781,-9,0,-9,-0.02356194,-1.35000,prps,1,115
32023,32.023,1,4004,54004,ladder_a11_lin_r02,prps,1357,-71,-0.610032,-3,0,-3,-0.00785398,-0.45000,prps,1,116
32028,32.028,1,4004,54004,ladder_a11_lin_r02,prps,1352,-76,-0.647988,5,0,5,0.01308997,0.75000,prps,1,117
32033,32.033,1,4004,54004,ladder_a11_lin_r02,prps,1354,-74,-0.630426,13,0,13,0.03403392,1.95000,prps,1,118
32038,32.038,1,4004,54004,ladder_a11_lin_r02,prps,1363,-65,-0.559481,20,0,20,0.05235988,3.00000,prps,1,119
32043,32.043,1,4004,54004,ladder_a11_lin_r02,prps,1376,-52,-0.443444,27,0,27,0.07068583,4.05000,prps,1,120
32048,32.048,1,4004,54004,ladder_a11_lin_r02,prps,1393,-35,-0.295810,32,0,32,0.08377580,4.80000,prps,1,121
32053,32.053,1,4004,54004,ladder_a11_lin_r02,prps,1412,-16,-0.133712,34,0,34,0.08901179,5.10000,prps,1,122
32058,32.058,1,4004,54004,ladder_a11_lin_r02,prps,1431,3,0.024098,34,0,34,0.08901179,5.10000,prps,1,123
32063,32.063,1,4004,54004,ladder_a11_lin_r02,prps,1447,19,0.159458,33,0,33,0.08639380,4.95000,prps,1,124
32068,32.068,1,4004,54004,ladder_a11_lin_r02,prps,1458,30,0.256941,29,0,29,0.07592182,4.35000,prps,1,125
32073,32.073,1,4004,54004,ladder_a11_lin_r02,prps,1464,36,0.305675,23,0,23,0.06021386,3.45000,prps,1,126
32078,32.078,1,4004,54004,ladder_a11_lin_r02,prps,1463,35,0.300614,16,0,16,0.04188790,2.40000,prps,1,127
32083,32.083,1,4004,54004,ladder_a11_lin_r02,prps,1456,28,0.243106,9,0,9,0.02356194,1.35000,prps,1,128
32088,32.088,1,4004,54004,ladder_a11_lin_r02,prps,1444,16,0.140699,3,0,3,0.00785398,0.45000,prps,1,129
32093,32.093,1,4004,54004,ladder_a11_lin_r02,prps,1429,1,0.006194,-2,0,-2,-0.00523599,-0.30000,prps,1,130
32098,32.098,1,4004,54004,ladder_a11_lin_r02,prps,1411,-17,-0.143924,-6,0,-6,-0.01570796,-0.90000,prps,1,131
32103,32.103,1,4004,54004,ladder_a11_lin_r02,prps,1394,-34,-0.291503,-6,0,-6,-0.01570796,-0.90000,prps,1,132
32108,32.108,1,4004,54004,ladder_a11_lin_r02,prps,1379,-49,-0.418920,-5,0,-5,-0.01308997,-0.75000,prps,1,133
32113,32.113,1,4004,54004,ladder_a11_lin_r02,prps,1368,-60,-0.511216,-2,0,-2,-0.00523599,-0.30000,prps,1,134
32118,32.118,1,4004,54004,ladder_a11_lin_r02,prps,1363,-65,-0.557891,4,0,4,0.01047198,0.60000,prps,1,135
32123,32.123,1,4004,54004,ladder_a11_lin_r02,prps,1363,-65,-0.554150,10,0,10,0.02617994,1.50000,prps,1,136
32128,32.128,1,4004,54004,ladder_a11_lin_r02,prps,1369,-59,-0.501454,17,0,17,0.04450589,2.55000,prps,1,137
32133,32.133,1,4004,54004,ladder_a11_lin_r02,prps,1380,-48,-0.407302,23,0,23,0.06021386,3.45000,prps,1,138
32138,32.138,1,4004,54004,ladder_a11_lin_r02,prps,1395,-33,-0.284281,28,0,28,0.07330382,4.20000,prps,1,139
32143,32.143,1,4004,54004,ladder_a11_lin_r02,prps,1411,-17,-0.148503,30,0,30,0.07853982,4.50000,prps,1,140
32148,32.148,1,4004,54004,ladder_a11_lin_r02,prps,1426,-2,-0.017611,31,0,31,0.08115781,4.65000,prps,1,141
32153,32.153,1,4004,54004,ladder_a11_lin_r02,prps,1439,11,0.091392,31,0,31,0.08115781,4.65000,prps,1,142
32158,32.158,1,4004,54004,ladder_a11_lin_r02,prps,1447,19,0.164230,27,0,27,0.07068583,4.05000,prps,1,143
32163,32.163,1,4004,54004,ladder_a11_lin_r02,prps,1450,22,0.191113,22,0,22,0.05759586,3.30000,prps,1,144
32168,32.168,1,4004,54004,ladder_a11_lin_r02,prps,1448,20,0.167943,16,0,16,0.04188790,2.40000,prps,1,145
32173,32.173,1,4004,54004,ladder_a11_lin_r02,prps,1439,11,0.096838,10,0,10,0.02617994,1.50000,prps,1,146
32178,32.178,1,4004,54004,ladder_a11_lin_r02,prps,1426,-2,-0.014088,5,0,5,0.01308997,0.75000,prps,1,147
32183,32.183,1,4004,54004,ladder_a11_lin_r02,prps,1410,-18,-0.151673,2,0,2,0.00523599,0.30000,prps,1,148
32188,32.188,1,4004,54004,ladder_a11_lin_r02,prps,1393,-35,-0.299233,1,0,1,0.00261799,0.15000,prps,1,149
32193,32.193,1,4004,54004,ladder_a11_lin_r02,prps,1377,-51,-0.438522,1,0,1,0.00261799,0.15000,prps,1,150
32198,32.198,1,4004,54004,ladder_a11_lin_r02,prps,1363,-65,-0.551843,2,0,2,0.00523599,0.30000,prps,1,151
32203,32.203,1,4004,54004,ladder_a11_lin_r02,prps,1355,-73,-0.624103,7,0,7,0.01832596,1.05000,prps,1,152
32208,32.208,1,4004,54004,ladder_a11_lin_r02,prps,1353,-75,-0.644530,13,0,13,0.03403392,1.95000,prps,1,153
32213,32.213,1,4004,54004,ladder_a11_lin_r02,prps,1357,-71,-0.607886,20,0,20,0.05235988,3.00000,prps,1,154
32218,32.218,1,4004,54004,ladder_a11_lin_r02,prps,1368,-60,-0.515022,26,0,26,0.06806784,3.90000,prps,1,155
32223,32.223,1,4004,54004,ladder_a11_lin_r02,prps,1384,-44,-0.372716,31,0,31,0.08115781,4.65000,prps,1,156
32228,32.228,1,4004,54004,ladder_a11_lin_r02,prps,1405,-23,-0.192853,34,0,34,0.08901179,5.10000,prps,1,157
32233,32.233,1,4004,54004,ladder_a11_lin_r02,prps,1429,1,0.008981,35,0,35,0.09162979,5.25000,prps,1,158
32238,32.238,1,4004,54004,ladder_a11_lin_r02,prps,1453,25,0.215287,35,0,35,0.09162979,5.25000,prps,1,159
32243,32.243,1,4004,54004,ladder_a11_lin_r02,prps,1476,48,0.408615,31,0,31,0.08115781,4.65000,prps,1,160
32248,32.248,1,4004,54004,ladder_a11_lin_r02,prps,1495,67,0.573474,25,0,25,0.06544985,3.75000,prps,1,161
32253,32.253,1,4004,54004,ladder_a11_lin_r02,prps,1510,82,0.697950,17,0,17,0.04450589,2.55000,prps,1,162
32258,32.258,1,4004,54004,ladder_a11_lin_r02,prps,1519,91,0.774875,7,0,7,0.01832596,1.05000,prps,1,163
32263,32.263,1,4004,54004,ladder_a11_lin_r02,prps,1522,94,0.802409,-2,0,-2,-0.00523599,-0.30000,prps,1,164
32268,32.268,1,4004,54004,ladder_a11_lin_r02,prps,1520,92,0.783988,-12,0,-12,-0.03141592,-1.80000,prps,1,165
32273,32.273,1,4004,54004,ladder_a11_lin_r02,prps,1513,85,0.727678,-21,0,-21,-0.05497787,-3.15000,prps,1,166
32278,32.278,1,4004,54004,ladder_a11_lin_r02,prps,1503,75,0.645017,-28,0,-28,-0.07330382,-4.20000,prps,1,167
32283,32.283,1,4004,54004,ladder_a11_lin_r02,prps,1492,64,0.549517,-34,0,-34,-0.08901179,-5.10000,prps,1,168
32288,32.288,1,4004,54004,ladder_a11_lin_r02,prps,1481,53,0.455006,-38,0,-38,-0.09948376,-5.70000,prps,1,169
32293,32.293,1,4004,54004,ladder_a11_lin_r02,prps,1472,44,0.374016,-40,0,-40,-0.10471976,-6.00000,prps,1,170
32298,32.298,1,4004,54004,ladder_a11_lin_r02,prps,1465,37,0.316409,-40,0,-40,-0.10471976,-6.00000,prps,1,171
32303,32.303,1,4004,54004,ladder_a11_lin_r02,prps,1462,34,0.288383,-39,0,-39,-0.10210176,-5.85000,prps,1,172
32308,32.308,1,4004,54004,ladder_a11_lin_r02,prps,1462,34,0.291976,-37,0,-37,-0.09686577,-5.55000,prps,1,173
32313,32.313,1,4004,54004,ladder_a11_lin_r02,prps,1466,38,0.325073,-33,0,-33,-0.08639380,-4.95000,prps,1,174
32318,32.318,1,4004,54004,ladder_a11_lin_r02,prps,1473,45,0.381924,-30,0,-30,-0.07853982,-4.50000,prps,1,175
32323,32.323,1,4004,54004,ladder_a11_lin_r02,prps,1481,53,0.454049,-27,0,-27,-0.07068583,-4.05000,prps,1,176
32328,32.328,1,4004,54004,ladder_a11_lin_r02,prps,1490,62,0.531420,-26,0,-26,-0.06806784,-3.90000,prps,1,177
32333,32.333,1,4004,54004,ladder_a11_lin_r02,prps,1499,71,0.603752,-26,0,-26,-0.06806784,-3.90000,prps,1,178
32338,32.338,1,4004,54004,ladder_a11_lin_r02,prps,1505,77,0.661743,-26,0,-26,-0.06806784,-3.90000,prps,1,179
32343,32.343,1,4004,54004,ladder_a11_lin_r02,prps,1510,82,0.698110,-28,0,-28,-0.07330382,-4.20000,prps,1,180
32348,32.348,1,4004,54004,ladder_a11_lin_r02,prps,1511,83,0.708310,-31,0,-31,-0.08115781,-4.65000,prps,1,181
32353,32.353,1,4004,54004,ladder_a11_lin_r02,prps,1509,81,0.690882,-34,0,-34,-0.08901179,-5.10000,prps,1,182
32358,32.358,1,4004,54004,ladder_a11_lin_r02,prps,1504,76,0.647395,-37,0,-37,-0.09686577,-5.55000,prps,1,183
32363,32.363,1,4004,54004,ladder_a11_lin_r02,prps,1496,68,0.582028,-40,0,-40,-0.10471976,-6.00000,prps,1,184
32368,32.368,1,4004,54004,ladder_a11_lin_r02,prps,1487,59,0.500883,-42,0,-42,-0.10995574,-6.30000,prps,1,185
32373,32.373,1,4004,54004,ladder_a11_lin_r02,prps,1476,48,0.411124,-43,0,-43,-0.11257374,-6.45000,prps,1,186
32378,32.378,1,4004,54004,ladder_a11_lin_r02,prps,1465,37,0.320075,-43,0,-43,-0.11257374,-6.45000,prps,1,187
32383,32.383,1,4004,54004,ladder_a11_lin_r02,prps,1455,27,0.234398,-42,0,-42,-0.10995574,-6.30000,prps,1,188
32388,32.388,1,4004,54004,ladder_a11_lin_r02,prps,1447,19,0.159449,-39,0,-39,-0.10210176,-5.85000,prps,1,189
32393,32.393,1,4004,54004,ladder_a11_lin_r02,prps,1440,12,0.098880,-35,0,-35,-0.09162979,-5.25000,prps,1,190
32398,32.398,1,4004,54004,ladder_a11_lin_r02,prps,1434,6,0.054521,-30,0,-30,-0.07853982,-4.50000,prps,1,191
32403,32.403,1,4004,54004,ladder_a11_lin_r02,prps,1431,3,0.026511,-25,0,-25,-0.06544985,-3.75000,prps,1,192
32408,32.408,1,4004,54004,ladder_a11_lin_r02,prps,1430,2,0.013649,-21,0,-21,-0.05497787,-3.15000,prps,1,193
32413,32.413,1,4004,54004,ladder_a11_lin_r02,prps,1430,2,0.013869,-16,0,-16,-0.04188790,-2.40000,prps,1,194
32418,32.418,1,4004,54004,ladder_a11_lin_r02,prps,1431,3,0.024753,-12,0,-12,-0.03141592,-1.80000,prps,1,195
32423,32.423,1,4004,54004,ladder_a11_lin_r02,prps,1433,5,0.043999,-9,0,-9,-0.02356194,-1.35000,prps,1,196
32428,32.428,1,4004,54004,ladder_a11_lin_r02,prps,1436,8,0.069747,-7,0,-7,-0.01832596,-1.05000,prps,1,197
32433,32.433,1,4004,54004,ladder_a11_lin_r02,prps,1440,12,0.100739,-5,0,-5,-0.01308997,-0.75000,prps,1,198
32438,32.438,1,4004,54004,ladder_a11_lin_r02,prps,1444,16,0.136276,-4,0,-4,-0.01047198,-0.60000,prps,1,199
32443,32.443,1,4004,54004,ladder_a11_lin_r02,prps,1449,21,0.176008,-4,0,-4,-0.01047198,-0.60000,prps,1,200
32448,32.448,1,4004,54004,ladder_a11_lin_r02,prps,1454,26,0.219599,-4,0,-4,-0.01047198,-0.60000,prps,1,201
32453,32.453,1,4004,54004,ladder_a11_lin_r02,prps,1459,31,0.266342,-5,0,-5,-0.01308997,-0.75000,prps,1,202
32458,32.458,1,4004,54004,ladder_a11_lin_r02,prps,1465,37,0.314816,-6,0,-6,-0.01570796,-0.90000,prps,1,203
32463,32.463,1,4004,54004,ladder_a11_lin_r02,prps,1470,42,0.362653,-8,0,-8,-0.02094395,-1.20000,prps,1,204
32468,32.468,1,4004,54004,ladder_a11_lin_r02,prps,1476,48,0.406498,-9,0,-9,-0.02356194,-1.35000,prps,1,205
32473,32.473,1,4004,54004,ladder_a11_lin_r02,prps,1480,52,0.442176,-12,0,-12,-0.03141592,-1.80000,prps,1,206
32478,32.478,1,4004,54004,ladder_a11_lin_r02,prps,1482,54,0.465083,-16,0,-16,-0.04188790,-2.40000,prps,1,207
32483,32.483,1,4004,54004,ladder_a11_lin_r02,prps,1483,55,0.470745,-19,0,-19,-0.04974188,-2.85000,prps,1,208
32488,32.488,1,4004,54004,ladder_a11_lin_r02,prps,1481,53,0.455496,-22,0,-22,-0.05759586,-3.30000,prps,1,209
32493,32.493,1,4004,54004,ladder_a11_lin_r02,prps,1477,49,0.417161,-24,0,-24,-0.06283185,-3.60000,prps,1,210
32498,32.498,1,4004,54004,ladder_a11_lin_r02,prps,1470,42,0.355636,-26,0,-26,-0.06806784,-3.90000,prps,1,211
32503,32.503,1,4004,54004,ladder_a11_lin_r02,prps,1460,32,0.273286,-27,0,-27,-0.07068583,-4.05000,prps,1,212
32508,32.508,1,4004,54004,ladder_a11_lin_r02,prps,1448,20,0.175045,-27,0,-27,-0.07068583,-4.05000,prps,1,213
32513,32.513,1,4004,54004,ladder_a11_lin_r02,prps,1436,8,0.068200,-27,0,-27,-0.07068583,-4.05000,prps,1,214
32518,32.518,1,4004,54004,ladder_a11_lin_r02,prps,1424,-4,-0.038168,-24,0,-24,-0.06283185,-3.60000,prps,1,215
32523,32.523,1,4004,54004,ladder_a11_lin_r02,prps,1412,-16,-0.134027,-21,0,-21,-0.05497787,-3.15000,prps,1,216
32528,32.528,1,4004,54004,ladder_a11_lin_r02,prps,1403,-25,-0.209455,-16,0,-16,-0.04188790,-2.40000,prps,1,217
32533,32.533,1,4004,54004,ladder_a11_lin_r02,prps,1398,-30,-0.255781,-11,0,-11,-0.02879793,-1.65000,prps,1,218
32538,32.538,1,4004,54004,ladder_a11_lin_r02,prps,1397,-31,-0.266686,-6,0,-6,-0.01570796,-0.90000,prps,1,219
32543,32.543,1,4004,54004,ladder_a11_lin_r02,prps,1400,-28,-0.239098,-1,0,-1,-0.00261799,-0.15000,prps,1,220
32548,32.548,1,4004,54004,ladder_a11_lin_r02,prps,1408,-20,-0.173772,4,0,4,0.01047198,0.60000,prps,1,221
32553,32.553,1,4004,54004,ladder_a11_lin_r02,prps,1419,-9,-0.075455,9,0,9,0.02356194,1.35000,prps,1,222
32558,32.558,1,4004,54004,ladder_a11_lin_r02,prps,1434,6,0.047408,11,0,11,0.02879793,1.65000,prps,1,223
32563,32.563,1,4004,54004,ladder_a11_lin_r02,prps,1449,21,0.183428,12,0,12,0.03141592,1.80000,prps,1,224
32568,32.568,1,4004,54004,ladder_a11_lin_r02,prps,1465,37,0.319399,11,0,11,0.02879793,1.65000,prps,1,225
32573,32.573,1,4004,54004,ladder_a11_lin_r02,prps,1480,52,0.441703,8,0,8,0.02094395,1.20000,prps,1,226
32578,32.578,1,4004,54004,ladder_a11_lin_r02,prps,1491,63,0.537821,4,0,4,0.01047198,0.60000,prps,1,227
32583,32.583,1,4004,54004,ladder_a11_lin_r02,prps,1498,70,0.597777,0,0,0,0.00000000,0.00000,prps,1,228
32588,32.588,1,4004,54004,ladder_a11_lin_r02,prps,1500,72,0.615354,-7,0,-7,-0.01832596,-1.05000,prps,1,229
32593,32.593,1,4004,54004,ladder_a11_lin_r02,prps,1497,69,0.588901,-13,0,-13,-0.03403392,-1.95000,prps,1,230
32598,32.598,1,4004,54004,ladder_a11_lin_r02,prps,1489,61,0.521656,-20,0,-20,-0.05235988,-3.00000,prps,1,231
32603,32.603,1,4004,54004,ladder_a11_lin_r02,prps,1477,49,0.421499,-25,0,-25,-0.06544985,-3.75000,prps,1,232
32608,32.608,1,4004,54004,ladder_a11_lin_r02,prps,1463,35,0.300170,-28,0,-28,-0.07330382,-4.20000,prps,1,233
32613,32.613,1,4004,54004,ladder_a11_lin_r02,prps,1448,20,0.172020,-30,0,-30,-0.07853982,-4.50000,prps,1,234
32618,32.618,1,4004,54004,ladder_a11_lin_r02,prps,1434,6,0.052427,-30,0,-30,-0.07853982,-4.50000,prps,1,235
32623,32.623,1,4004,54004,ladder_a11_lin_r02,prps,1423,-5,-0.043941,-29,0,-29,-0.07592182,-4.35000,prps,1,236
32628,32.628,1,4004,54004,ladder_a11_lin_r02,prps,1416,-12,-0.104821,-25,0,-25,-0.06544985,-3.75000,prps,1,237
32633,32.633,1,4004,54004,ladder_a11_lin_r02,prps,1414,-14,-0.121804,-19,0,-19,-0.04974188,-2.85000,prps,1,238
32638,32.638,1,4004,54004,ladder_a11_lin_r02,prps,1417,-11,-0.091374,-14,0,-14,-0.03665191,-2.10000,prps,1,239
32643,32.643,1,4004,54004,ladder_a11_lin_r02,prps,1426,-2,-0.015412,-9,0,-9,-0.02356194,-1.35000,prps,1,240
32648,32.648,1,4004,54004,ladder_a11_lin_r02,prps,1440,12,0.098917,-4,0,-4,-0.01047198,-0.60000,prps,1,241
32653,32.653,1,4004,54004,ladder_a11_lin_r02,prps,1456,28,0.239864,-1,0,-1,-0.00261799,-0.15000,prps,1,242
32658,32.658,1,4004,54004,ladder_a11_lin_r02,prps,1474,46,0.392327,0,0,0,0.00000000,0.00000,prps,1,243
32663,32.663,1,4004,54004,ladder_a11_lin_r02,prps,1491,63,0.539471,-1,0,-1,-0.00261799,-0.15000,prps,1,244
32668,32.668,1,4004,54004,ladder_a11_lin_r02,prps,1506,78,0.664556,-4,0,-4,-0.01047198,-0.60000,prps,1,245
32673,32.673,1,4004,54004,ladder_a11_lin_r02,prps,1516,88,0.752761,-8,0,-8,-0.02094395,-1.20000,prps,1,246
32678,32.678,1,4004,54004,ladder_a11_lin_r02,prps,1521,93,0.792813,-14,0,-14,-0.03665191,-2.10000,prps,1,247
32683,32.683,1,4004,54004,ladder_a11_lin_r02,prps,1519,91,0.778218,-21,0,-21,-0.05497787,-3.15000,prps,1,248
32688,32.688,1,4004,54004,ladder_a11_lin_r02,prps,1511,83,0.707975,-28,0,-28,-0.07330382,-4.20000,prps,1,249
32693,32.693,1,4004,54004,ladder_a11_lin_r02,prps,1497,69,0.586692,-34,0,-34,-0.08901179,-5.10000,prps,1,250
32698,32.698,1,4004,54004,ladder_a11_lin_r02,prps,1478,50,0.424079,-38,0,-38,-0.09948376,-5.70000,prps,1,251
32703,32.703,1,4004,54004,ladder_a11_lin_r02,prps,1455,27,0.233914,-40,0,-40,-0.10471976,-6.00000,prps,1,252
32708,32.708,1,4004,54004,ladder_a11_lin_r02,prps,1432,4,0.032566,-40,0,-40,-0.10471976,-6.00000,prps,1,253
32713,32.713,1,4004,54004,ladder_a11_lin_r02,prps,1409,-19,-0.162719,-38,0,-38,-0.09948376,-5.70000,prps,1,254
32718,32.718,1,4004,54004,ladder_a11_lin_r02,prps,1389,-39,-0.335603,-33,0,-33,-0.08639380,-4.95000,prps,1,255
32723,32.723,1,4004,54004,ladder_a11_lin_r02,prps,1373,-55,-0.472300,-26,0,-26,-0.06806784,-3.90000,prps,1,256
32728,32.728,1,4004,54004,ladder_a11_lin_r02,prps,1362,-66,-0.562899,-17,0,-17,-0.04450589,-2.55000,prps,1,257
32733,32.733,1,4004,54004,ladder_a11_lin_r02,prps,1358,-70,-0.602240,-8,0,-8,-0.02094395,-1.20000,prps,1,258
32738,32.738,1,4004,54004,ladder_a11_lin_r02,prps,1359,-69,-0.590249,1,0,1,0.00261799,0.15000,prps,1,259
32743,32.743,1,4004,54004,ladder_a11_lin_r02,prps,1366,-62,-0.531723,11,0,11,0.02879793,1.65000,prps,1,260
32748,32.748,1,4004,54004,ladder_a11_lin_r02,prps,1377,-51,-0.435604,18,0,18,0.04712389,2.70000,prps,1,261
32753,32.753,1,4004,54004,ladder_a11_lin_r02,prps,1391,-37,-0.313843,25,0,25,0.06544985,3.75000,prps,1,262
32758,32.758,1,4004,54004,ladder_a11_lin_r02,prps,1407,-21,-0.179997,28,0,28,0.07330382,4.20000,prps,1,263
32763,32.763,1,4004,54004,ladder_a11_lin_r02,prps,1422,-6,-0.047735,30,0,30,0.07853982,4.50000,prps,1,264
32768,32.768,1,4004,54004,ladder_a11_lin_r02,prps,1436,8,0.070590,30,0,30,0.07853982,4.50000,prps,1,265
32773,32.773,1,4004,54004,ladder_a11_lin_r02,prps,1447,19,0.165138,27,0,27,0.07068583,4.05000,prps,1,266
32778,32.778,1,4004,54004,ladder_a11_lin_r02,prps,1455,27,0.229420,23,0,23,0.06021386,3.45000,prps,1,267
32783,32.783,1,4004,54004,ladder_a11_lin_r02,prps,1459,31,0.260727,17,0,17,0.04450589,2.55000,prps,1,268
32788,32.788,1,4004,54004,ladder_a11_lin_r02,prps,1458,30,0.260098,11,0,11,0.02879793,1.65000,prps,1,269
32793,32.793,1,4004,54004,ladder_a11_lin_r02,prps,1455,27,0.231886,5,0,5,0.01308997,0.75000,prps,1,270
32798,32.798,1,4004,54004,ladder_a11_lin_r02,prps,1449,21,0.182979,0,0,0,0.00000000,0.00000,prps,1,271
32803,32.803,1,4004,54004,ladder_a11_lin_r02,prps,1442,14,0.121805,-4,0,-4,-0.01047198,-0.60000,prps,1,272
32808,32.808,1,4004,54004,ladder_a11_lin_r02,prps,1435,7,0.057240,-7,0,-7,-0.01832596,-1.05000,prps,1,273
32813,32.813,1,4004,54004,ladder_a11_lin_r02,prps,1428,0,-0.002432,-7,0,-7,-0.01832596,-1.05000,prps,1,274
32818,32.818,1,4004,54004,ladder_a11_lin_r02,prps,1422,-6,-0.050406,-7,0,-7,-0.01832596,-1.05000,prps,1,275
32823,32.823,1,4004,54004,ladder_a11_lin_r02,prps,1418,-10,-0.081989,-6,0,-6,-0.01570796,-0.90000,prps,1,276
32828,32.828,1,4004,54004,ladder_a11_lin_r02,prps,1417,-11,-0.094918,-5,0,-5,-0.01308997,-0.75000,prps,1,277
32833,32.833,1,4004,54004,ladder_a11_lin_r02,prps,1418,-10,-0.089375,-4,0,-4,-0.01047198,-0.60000,prps,1,278
32838,32.838,1,4004,54004,ladder_a11_lin_r02,prps,1420,-8,-0.067701,-1,0,-1,-0.00261799,-0.15000,prps,1,279
32843,32.843,1,4004,54004,ladder_a11_lin_r02,prps,1424,-4,-0.033888,1,0,1,0.00261799,0.15000,prps,1,280
32848,32.848,1,4004,54004,ladder_a11_lin_r02,prps,1429,1,0.007060,3,0,3,0.00785398,0.45000,prps,1,281
32853,32.853,1,4004,54004,ladder_a11_lin_r02,prps,1434,6,0.049830,4,0,4,0.01047198,0.60000,prps,1,282
32858,32.858,1,4004,54004,ladder_a11_lin_r02,prps,1438,10,0.089433,4,0,4,0.01047198,0.60000,prps,1,283
32863,32.863,1,4004,54004,ladder_a11_lin_r02,prps,1442,14,0.121727,4,0,4,0.01047198,0.60000,prps,1,284
32868,32.868,1,4004,54004,ladder_a11_lin_r02,prps,1445,17,0.143756,3,0,3,0.00785398,0.45000,prps,1,285
32873,32.873,1,4004,54004,ladder_a11_lin_r02,prps,1446,18,0.153884,2,0,2,0.00523599,0.30000,prps,1,286
32878,32.878,1,4004,54004,ladder_a11_lin_r02,prps,1446,18,0.151741,1,0,1,0.00261799,0.15000,prps,1,287
32883,32.883,1,4004,54004,ladder_a11_lin_r02,prps,1444,16,0.138010,-1,0,-1,-0.00261799,-0.15000,prps,1,288
32888,32.888,1,4004,54004,ladder_a11_lin_r02,prps,1441,13,0.114105,-3,0,-3,-0.00785398,-0.45000,prps,1,289
32893,32.893,1,4004,54004,ladder_a11_lin_r02,prps,1438,10,0.081815,-4,0,-4,-0.01047198,-0.60000,prps,1,290
32898,32.898,1,4004,54004,ladder_a11_lin_r02,prps,1433,5,0.042972,-5,0,-5,-0.01308997,-0.75000,prps,1,291
32903,32.903,1,4004,54004,ladder_a11_lin_r02,prps,1428,0,-0.000798,-6,0,-6,-0.01570796,-0.90000,prps,1,292
32908,32.908,1,4004,54004,ladder_a11_lin_r02,prps,1422,-6,-0.048219,-5,0,-5,-0.01308997,-0.75000,prps,1,293
32913,32.913,1,4004,54004,ladder_a11_lin_r02,prps,1416,-12,-0.098366,-5,0,-5,-0.01308997,-0.75000,prps,1,294
32918,32.918,1,4004,54004,ladder_a11_lin_r02,prps,1410,-18,-0.150558,-4,0,-4,-0.01047198,-0.60000,prps,1,295
32923,32.923,1,4004,54004,ladder_a11_lin_r02,prps,1404,-24,-0.204168,-2,0,-2,-0.00523599,-0.30000,prps,1,296
32928,32.928,1,4004,54004,ladder_a11_lin_r02,prps,1398,-30,-0.258393,1,0,1,0.00261799,0.15000,prps,1,297
32933,32.933,1,4004,54004,ladder_a11_lin_r02,prps,1391,-37,-0.312042,4,0,4,0.01047198,0.60000,prps,1,298
32938,32.938,1,4004,54004,ladder_a11_lin_r02,prps,1385,-43,-0.363401,8,0,8,0.02094395,1.20000,prps,1,299
32943,32.943,1,4004,54004,ladder_a11_lin_r02,prps,1380,-48,-0.410198,12,0,12,0.03141592,1.80000,prps,1,300
32948,32.948,1,4004,54004,ladder_a11_lin_r02,prps,1375,-53,-0.449718,15,0,15,0.03926991,2.25000,prps,1,301
32953,32.953,1,4004,54004,ladder_a11_lin_r02,prps,1372,-56,-0.479032,19,0,19,0.04974188,2.85000,prps,1,302
32958,32.958,1,4004,54004,ladder_a11_lin_r02,prps,1370,-58,-0.495348,23,0,23,0.06021386,3.45000,prps,1,303
32963,32.963,1,4004,54004,ladder_a11_lin_r02,prps,1370,-58,-0.496419,26,0,26,0.06806784,3.90000,prps,1,304
32968,32.968,1,4004,54004,ladder_a11_lin_r02,prps,1372,-56,-0.480952,29,0,29,0.07592182,4.35000,prps,1,305
32973,32.973,1,4004,54004,ladder_a11_lin_r02,prps,1375,-53,-0.448960,32,0,32,0.08377580,4.80000,prps,1,306
32978,32.978,1,4004,54004,ladder_a11_lin_r02,prps,1381,-47,-0.401986,34,0,34,0.08901179,5.10000,prps,1,307
32983,32.983,1,4004,54004,ladder_a11_lin_r02,prps,1388,-40,-0.343158,35,0,35,0.09162979,5.25000,prps,1,308
32988,32.988,1,4004,54004,ladder_a11_lin_r02,prps,1396,-32,-0.277045,35,0,35,0.09162979,5.25000,prps,1,309
32993,32.993,1,4004,54004,ladder_a11_lin_r02,prps,1404,-24,-0.209316,35,0,35,0.09162979,5.25000,prps,1,310
32998,32.998,1,4004,54004,ladder_a11_lin_r02,prps,1411,-17,-0.146231,34,0,34,0.08901179,5.10000,prps,1,311
33003,33.003,1,4004,54004,ladder_a11_lin_r02,prps,1417,-11,-0.094009,32,0,32,0.08377580,4.80000,prps,1,312
33008,33.008,1,4004,54004,ladder_a11_lin_r02,prps,1421,-7,-0.058158,28,0,28,0.07330382,4.20000,prps,1,313
33013,33.013,1,4004,54004,ladder_a11_lin_r02,prps,1423,-5,-0.042836,24,0,24,0.06283185,3.60000,prps,1,314
33018,33.018,1,4004,54004,ladder_a11_lin_r02,prps,1422,-6,-0.050336,20,0,20,0.05235988,3.00000,prps,1,315
33023,33.023,1,4004,54004,ladder_a11_lin_r02,prps,1419,-9,-0.080749,17,0,17,0.04450589,2.55000,prps,1,316
33028,33.028,1,4004,54004,ladder_a11_lin_r02,prps,1413,-15,-0.131880,14,0,14,0.03665191,2.10000,prps,1,317
33033,33.033,1,4004,54004,ladder_a11_lin_r02,prps,1405,-23,-0.199399,12,0,12,0.03141592,1.80000,prps,1,318
33038,33.038,1,4004,54004,ladder_a11_lin_r02,prps,1396,-32,-0.277257,11,0,11,0.02879793,1.65000,prps,1,319
33043,33.043,1,4004,54004,ladder_a11_lin_r02,prps,1386,-42,-0.358292,10,0,10,0.02617994,1.50000,prps,1,320
33048,33.048,1,4004,54004,ladder_a11_lin_r02,prps,1377,-51,-0.434971,11,0,11,0.02879793,1.65000,prps,1,321
33053,33.053,1,4004,54004,ladder_a11_lin_r02,prps,1369,-59,-0.500186,13,0,13,0.03403392,1.95000,prps,1,322
33058,33.058,1,4004,54004,ladder_a11_lin_r02,prps,1364,-64,-0.547999,16,0,16,0.04188790,2.40000,prps,1,323
33063,33.063,1,4004,54004,ladder_a11_lin_r02,prps,1361,-67,-0.574247,21,0,21,0.05497787,3.15000,prps,1,324
33068,33.068,1,4004,54004,ladder_a11_lin_r02,prps,1360,-68,-0.576950,25,0,25,0.06544985,3.75000,prps,1,325
33073,33.073,1,4004,54004,ladder_a11_lin_r02,prps,1363,-65,-0.556458,30,0,30,0.07853982,4.50000,prps,1,326
33078,33.078,1,4004,54004,ladder_a11_lin_r02,prps,1368,-60,-0.515328,33,0,33,0.08639380,4.95000,prps,1,327
33083,33.083,1,4004,54004,ladder_a11_lin_r02,prps,1374,-54,-0.457949,36,0,36,0.09424778,5.40000,prps,1,328
33088,33.088,1,4004,54004,ladder_a11_lin_r02,prps,1382,-46,-0.389962,38,0,38,0.09948376,5.70000,prps,1,329
33093,33.093,1,4004,54004,ladder_a11_lin_r02,prps,1391,-37,-0.317553,39,0,39,0.10210176,5.85000,prps,1,330
33098,33.098,1,4004,54004,ladder_a11_lin_r02,prps,1399,-29,-0.246703,39,0,39,0.10210176,5.85000,prps,1,331
33103,33.103,1,4004,54004,ladder_a11_lin_r02,prps,1407,-21,-0.182492,38,0,38,0.09948376,5.70000,prps,1,332
33108,33.108,1,4004,54004,ladder_a11_lin_r02,prps,1413,-15,-0.128545,36,0,36,0.09424778,5.40000,prps,1,333
33113,33.113,1,4004,54004,ladder_a11_lin_r02,prps,1418,-10,-0.086673,32,0,32,0.08377580,4.80000,prps,1,334
33118,33.118,1,4004,54004,ladder_a11_lin_r02,prps,1421,-7,-0.056770,28,0,28,0.07330382,4.20000,prps,1,335
33123,33.123,1,4004,54004,ladder_a11_lin_r02,prps,1424,-4,-0.036955,24,0,24,0.06283185,3.60000,prps,1,336
33128,33.128,1,4004,54004,ladder_a11_lin_r02,prps,1425,-3,-0.023930,20,0,20,0.05235988,3.00000,prps,1,337
33133,33.133,1,4004,54004,ladder_a11_lin_r02,prps,1426,-2,-0.013530,17,0,17,0.04450589,2.55000,prps,1,338
33138,33.138,1,4004,54004,ladder_a11_lin_r02,prps,1428,0,-0.001345,14,0,14,0.03665191,2.10000,prps,1,339
33143,33.143,1,4004,54004,ladder_a11_lin_r02,prps,1430,2,0.016631,11,0,11,0.02879793,1.65000,prps,1,340
33148,33.148,1,4004,54004,ladder_a11_lin_r02,prps,1433,5,0.043434,9,0,9,0.02356194,1.35000,prps,1,341
33153,33.153,1,4004,54004,ladder_a11_lin_r02,prps,1437,9,0.080719,7,0,7,0.01832596,1.05000,prps,1,342
33158,33.158,1,4004,54004,ladder_a11_lin_r02,prps,1443,15,0.128541,5,0,5,0.01308997,0.75000,prps,1,343
33163,33.163,1,4004,54004,ladder_a11_lin_r02,prps,1450,22,0.185368,3,0,3,0.00785398,0.45000,prps,1,344
33168,33.168,1,4004,54004,ladder_a11_lin_r02,prps,1457,29,0.248314,1,0,1,0.00261799,0.15000,prps,1,345
33173,33.173,1,4004,54004,ladder_a11_lin_r02,prps,1465,37,0.313547,-1,0,-1,-0.00261799,-0.15000,prps,1,346
33178,33.178,1,4004,54004,ladder_a11_lin_r02,prps,1472,44,0.376822,-4,0,-4,-0.01047198,-0.60000,prps,1,347
33183,33.183,1,4004,54004,ladder_a11_lin_r02,prps,1479,51,0.434060,-7,0,-7,-0.01832596,-1.05000,prps,1,348
33188,33.188,1,4004,54004,ladder_a11_lin_r02,prps,1484,56,0.481879,-10,0,-10,-0.02617994,-1.50000,prps,1,349
33193,33.193,1,4004,54004,ladder_a11_lin_r02,prps,1489,61,0.518023,-14,0,-14,-0.03665191,-2.10000,prps,1,350
33198,33.198,1,4004,54004,ladder_a11_lin_r02,prps,1491,63,0.541611,-18,0,-18,-0.04712389,-2.70000,prps,1,351
33203,33.203,1,4004,54004,ladder_a11_lin_r02,prps,1493,65,0.553182,-22,0,-22,-0.05759586,-3.30000,prps,1,352
33208,33.208,1,4004,54004,ladder_a11_lin_r02,prps,1493,65,0.554538,-26,0,-26,-0.06806784,-3.90000,prps,1,353
33213,33.213,1,4004,54004,ladder_a11_lin_r02,prps,1492,64,0.548386,-28,0,-28,-0.07330382,-4.20000,prps,1,354
33218,33.218,1,4004,54004,ladder_a11_lin_r02,prps,1491,63,0.537867,-31,0,-31,-0.08115781,-4.65000,prps,1,355
33223,33.223,1,4004,54004,ladder_a11_lin_r02,prps,1490,62,0.526011,-33,0,-33,-0.08639380,-4.95000,prps,1,356
33228,33.228,1,4004,54004,ladder_a11_lin_r02,prps,1488,60,0.515221,-34,0,-34,-0.08901179,-5.10000,prps,1,357
33233,33.233,1,4004,54004,ladder_a11_lin_r02,prps,1487,59,0.506845,-35,0,-35,-0.09162979,-5.25000,prps,1,358
33238,33.238,1,4004,54004,ladder_a11_lin_r02,prps,1487,59,0.500923,-35,0,-35,-0.09162979,-5.25000,prps,1,359
33243,33.243,1,4004,54004,ladder_a11_lin_r02,prps,1486,58,0.496135,-35,0,-35,-0.09162979,-5.25000,prps,1,360
33248,33.248,1,4004,54004,ladder_a11_lin_r02,prps,1485,57,0.489969,-35,0,-35,-0.09162979,-5.25000,prps,1,361
33253,33.253,1,4004,54004,ladder_a11_lin_r02,prps,1484,56,0.479102,-35,0,-35,-0.09162979,-5.25000,prps,1,362
33258,33.258,1,4004,54004,ladder_a11_lin_r02,prps,1482,54,0.459927,-35,0,-35,-0.09162979,-5.25000,prps,1,363
33263,33.263,1,4004,54004,ladder_a11_lin_r02,prps,1478,50,0.429178,-35,0,-35,-0.09162979,-5.25000,prps,1,364
33268,33.268,1,4004,54004,ladder_a11_lin_r02,prps,1473,45,0.384549,-35,0,-35,-0.09162979,-5.25000,prps,1,365
33273,33.273,1,4004,54004,ladder_a11_lin_r02,prps,1466,38,0.325234,-35,0,-35,-0.09162979,-5.25000,prps,1,366
33278,33.278,1,4004,54004,ladder_a11_lin_r02,prps,1458,30,0.252286,-34,0,-34,-0.08901179,-5.10000,prps,1,367
33283,33.283,1,4004,54004,ladder_a11_lin_r02,prps,1448,20,0.168763,-32,0,-32,-0.08377580,-4.80000,prps,1,368
33288,33.288,1,4004,54004,ladder_a11_lin_r02,prps,1437,9,0.079600,-30,0,-30,-0.07853982,-4.50000,prps,1,369
33293,33.293,1,4004,54004,ladder_a11_lin_r02,prps,1427,-1,-0.008781,-26,0,-26,-0.06806784,-3.90000,prps,1,370
33298,33.298,1,4004,54004,ladder_a11_lin_r02,prps,1418,-10,-0.089083,-23,0,-23,-0.06021386,-3.45000,prps,1,371
33303,33.303,1,4004,54004,ladder_a11_lin_r02,prps,1410,-18,-0.153915,-18,0,-18,-0.04712389,-2.70000,prps,1,372
33308,33.308,1,4004,54004,ladder_a11_lin_r02,prps,1405,-23,-0.196641,-13,0,-13,-0.03403392,-1.95000,prps,1,373
33313,33.313,1,4004,54004,ladder_a11_lin_r02,prps,1403,-25,-0.212211,-8,0,-8,-0.02094395,-1.20000,prps,1,374
33318,33.318,1,4004,54004,ladder_a11_lin_r02,prps,1405,-23,-0.197851,-3,0,-3,-0.00785398,-0.45000,prps,1,375
33323,33.323,1,4004,54004,ladder_a11_lin_r02,prps,1410,-18,-0.153538,2,0,2,0.00523599,0.30000,prps,1,376
33328,33.328,1,4004,54004,ladder_a11_lin_r02,prps,1418,-10,-0.082193,6,0,6,0.01570796,0.90000,prps,1,377
33333,33.333,1,4004,54004,ladder_a11_lin_r02,prps,1429,1,0.010457,9,0,9,0.02356194,1.35000,prps,1,378
33338,33.338,1,4004,54004,ladder_a11_lin_r02,prps,1442,14,0.116331,10,0,10,0.02617994,1.50000,prps,1,379
33343,33.343,1,4004,54004,ladder_a11_lin_r02,prps,1454,26,0.225717,10,0,10,0.02617994,1.50000,prps,1,380
33348,33.348,1,4004,54004,ladder_a11_lin_r02,prps,1466,38,0.328216,8,0,8,0.02094395,1.20000,prps,1,381
33353,33.353,1,4004,54004,ladder_a11_lin_r02,prps,1476,48,0.413776,4,0,4,0.01047198,0.60000,prps,1,382
33358,33.358,1,4004,54004,ladder_a11_lin_r02,prps,1483,55,0.473732,1,0,1,0.00261799,0.15000,prps,1,383
33363,33.363,1,4004,54004,ladder_a11_lin_r02,prps,1487,59,0.501718,-4,0,-4,-0.01047198,-0.60000,prps,1,384
33368,33.368,1,4004,54004,ladder_a11_lin_r02,prps,1486,58,0.494363,-9,0,-9,-0.02356194,-1.35000,prps,1,385
33373,33.373,1,4004,54004,ladder_a11_lin_r02,prps,1481,53,0.451682,-15,0,-15,-0.03926991,-2.25000,prps,1,386
33378,33.378,1,4004,54004,ladder_a11_lin_r02,prps,1472,44,0.377121,-19,0,-19,-0.04974188,-2.85000,prps,1,387
33383,33.383,1,4004,54004,ladder_a11_lin_r02,prps,1460,32,0.277250,-23,0,-23,-0.06021386,-3.45000,prps,1,388
33388,33.388,1,4004,54004,ladder_a11_lin_r02,prps,1447,19,0.161131,-24,0,-24,-0.06283185,-3.60000,prps,1,389
33393,33.393,1,4004,54004,ladder_a11_lin_r02,prps,1433,5,0.039420,-24,0,-24,-0.06283185,-3.60000,prps,1,390
33398,33.398,1,4004,54004,ladder_a11_lin_r02,prps,1419,-9,-0.076692,-24,0,-24,-0.06283185,-3.60000,prps,1,391
33403,33.403,1,4004,54004,ladder_a11_lin_r02,prps,1407,-21,-0.176593,-21,0,-21,-0.05497787,-3.15000,prps,1,392
33408,33.408,1,4004,54004,ladder_a11_lin_r02,prps,1399,-29,-0.251310,-17,0,-17,-0.04450589,-2.55000,prps,1,393
33413,33.413,1,4004,54004,ladder_a11_lin_r02,prps,1394,-34,-0.294402,-11,0,-11,-0.02879793,-1.65000,prps,1,394
33418,33.418,1,4004,54004,ladder_a11_lin_r02,prps,1393,-35,-0.302589,-5,0,-5,-0.01308997,-0.75000,prps,1,395
33423,33.423,1,4004,54004,ladder_a11_lin_r02,prps,1396,-32,-0.276073,1,0,1,0.00261799,0.15000,prps,1,396
33428,33.428,1,4004,54004,ladder_a11_lin_r02,prps,1402,-26,-0.218500,6,0,6,0.01570796,0.90000,prps,1,397
33433,33.433,1,4004,54004,ladder_a11_lin_r02,prps,1412,-16,-0.136587,10,0,10,0.02617994,1.50000,prps,1,398
33438,33.438,1,4004,54004,ladder_a11_lin_r02,prps,1423,-5,-0.039453,13,0,13,0.03403392,1.95000,prps,1,399
33443,33.443,1,4004,54004,ladder_a11_lin_r02,prps,1435,7,0.062286,15,0,15,0.03926991,2.25000,prps,1,400
33448,33.448,1,4004,54004,ladder_a11_lin_r02,prps,1446,18,0.157556,15,0,15,0.03926991,2.25000,prps,1,401
33453,33.453,1,4004,54004,ladder_a11_lin_r02,prps,1456,28,0.235900,13,0,13,0.03403392,1.95000,prps,1,402
33458,33.458,1,4004,54004,ladder_a11_lin_r02,prps,1462,34,0.288482,10,0,10,0.02617994,1.50000,prps,1,403
33463,33.463,1,4004,54004,ladder_a11_lin_r02,prps,1464,36,0.308934,5,0,5,0.01308997,0.75000,prps,1,404
33468,33.468,1,4004,54004,ladder_a11_lin_r02,prps,1462,34,0.293959,2,0,2,0.00523599,0.30000,prps,1,405
33473,33.473,1,4004,54004,ladder_a11_lin_r02,prps,1457,29,0.243648,-3,0,-3,-0.00785398,-0.45000,prps,1,406
33478,33.478,1,4004,54004,ladder_a11_lin_r02,prps,1447,19,0.161474,-7,0,-7,-0.01832596,-1.05000,prps,1,407
33483,33.483,1,4004,54004,ladder_a11_lin_r02,prps,1434,6,0.053984,-10,0,-10,-0.02617994,-1.50000,prps,1,408
33488,33.488,1,4004,54004,ladder_a11_lin_r02,prps,1420,-8,-0.069788,-11,0,-11,-0.02879793,-1.65000,prps,1,409
33493,33.493,1,4004,54004,ladder_a11_lin_r02,prps,1405,-23,-0.199132,-11,0,-11,-0.02879793,-1.65000,prps,1,410
33498,33.498,1,4004,54004,ladder_a11_lin_r02,prps,1390,-38,-0.322622,-10,0,-10,-0.02617994,-1.50000,prps,1,411
33503,33.503,1,4004,54004,ladder_a11_lin_r02,prps,1378,-50,-0.429129,-8,0,-8,-0.02094395,-1.20000,prps,1,412
33508,33.508,1,4004,54004,ladder_a11_lin_r02,prps,1368,-60,-0.508824,-3,0,-3,-0.00785398,-0.45000,prps,1,413
33513,33.513,1,4004,54004,ladder_a11_lin_r02,prps,1363,-65,-0.554060,4,0,4,0.01047198,0.60000,prps,1,414
33518,33.518,1,4004,54004,ladder_a11_lin_r02,prps,1362,-66,-0.560081,11,0,11,0.02879793,1.65000,prps,1,415
33523,33.523,1,4004,54004,ladder_a11_lin_r02,prps,1367,-61,-0.525484,17,0,17,0.04450589,2.55000,prps,1,416
33528,33.528,1,4004,54004,ladder_a11_lin_r02,prps,1375,-53,-0.452407,23,0,23,0.06021386,3.45000,prps,1,417
33533,33.533,1,4004,54004,ladder_a11_lin_r02,prps,1387,-41,-0.346421,28,0,28,0.07330382,4.20000,prps,1,418
33538,33.538,1,4004,54004,ladder_a11_lin_r02,prps,1403,-25,-0.216130,31,0,31,0.08115781,4.65000,prps,1,419
33543,33.543,1,4004,54004,ladder_a11_lin_r02,prps,1420,-8,-0.072510,32,0,32,0.08377580,4.80000,prps,1,420
33548,33.548,1,4004,54004,ladder_a11_lin_r02,prps,1436,8,0.071962,32,0,32,0.08377580,4.80000,prps,1,421
33553,33.553,1,4004,54004,ladder_a11_lin_r02,prps,1452,24,0.204325,29,0,29,0.07592182,4.35000,prps,1,422
33558,33.558,1,4004,54004,ladder_a11_lin_r02,prps,1465,37,0.312219,24,0,24,0.06283185,3.60000,prps,1,423
33563,33.563,1,4004,54004,ladder_a11_lin_r02,prps,1473,45,0.384955,18,0,18,0.04712389,2.70000,prps,1,424
33568,33.568,1,4004,54004,ladder_a11_lin_r02,prps,1476,48,0.414469,11,0,11,0.02879793,1.65000,prps,1,425
33573,33.573,1,4004,54004,ladder_a11_lin_r02,prps,1474,46,0.396096,4,0,4,0.01047198,0.60000,prps,1,426
33578,33.578,1,4004,54004,ladder_a11_lin_r02,prps,1467,39,0.329070,-2,0,-2,-0.00523599,-0.30000,prps,1,427
33583,33.583,1,4004,54004,ladder_a11_lin_r02,prps,1453,25,0.216720,-8,0,-8,-0.02094395,-1.20000,prps,1,428
33588,33.588,1,4004,54004,ladder_a11_lin_r02,prps,1436,8,0.066319,-12,0,-12,-0.03141592,-1.80000,prps,1,429
33593,33.593,1,4004,54004,ladder_a11_lin_r02,prps,1415,-13,-0.111424,-15,0,-15,-0.03926991,-2.25000,prps,1,430
33598,33.598,1,4004,54004,ladder_a11_lin_r02,prps,1393,-35,-0.303177,-15,0,-15,-0.03926991,-2.25000,prps,1,431
33603,33.603,1,4004,54004,ladder_a11_lin_r02,prps,1370,-58,-0.494067,-12,0,-12,-0.03141592,-1.80000,prps,1,432
33608,33.608,1,4004,54004,ladder_a11_lin_r02,prps,1350,-78,-0.668942,-9,0,-9,-0.02356194,-1.35000,prps,1,433
33613,33.613,1,4004,54004,ladder_a11_lin_r02,prps,1333,-95,-0.813698,-2,0,-2,-0.00523599,-0.30000,prps,1,434
33618,33.618,1,4004,54004,ladder_a11_lin_r02,prps,1321,-107,-0.916563,7,0,7,0.01832596,1.05000,prps,1,435
33623,33.623,1,4004,54004,ladder_a11_lin_r02,prps,1315,-113,-0.969215,16,0,16,0.04188790,2.40000,prps,1,436
33628,33.628,1,4004,54004,ladder_a11_lin_r02,prps,1315,-113,-0.967615,26,0,26,0.06806784,3.90000,prps,1,437
33633,33.633,1,4004,54004,ladder_a11_lin_r02,prps,1321,-107,-0.912476,36,0,36,0.09424778,5.40000,prps,1,438
33638,33.638,1,4004,54004,ladder_a11_lin_r02,prps,1333,-95,-0.809288,44,0,44,0.11519173,6.60000,prps,1,439
33643,33.643,1,4004,54004,ladder_a11_lin_r02,prps,1350,-78,-0.667902,50,0,50,0.13089970,7.50000,prps,1,440
33648,33.648,1,4004,54004,ladder_a11_lin_r02,prps,1369,-59,-0.501671,54,0,54,0.14137166,8.10000,prps,1,441
33653,33.653,1,4004,54004,ladder_a11_lin_r02,prps,1390,-38,-0.326232,56,0,56,0.14660765,8.40000,prps,1,442
33658,33.658,1,4004,54004,ladder_a11_lin_r02,prps,1410,-18,-0.158021,55,0,55,0.14398966,8.25000,prps,1,443
33663,33.663,1,4004,54004,ladder_a11_lin_r02,prps,1427,-1,-0.012683,51,0,51,0.13351768,7.65000,prps,1,444
33668,33.668,1,4004,54004,ladder_a11_lin_r02,prps,1439,11,0.096499,46,0,46,0.12042772,6.90000,prps,1,445
33673,33.673,1,4004,54004,ladder_a11_lin_r02,prps,1447,19,0.159964,40,0,40,0.10471976,6.00000,prps,1,446
33678,33.678,1,4004,54004,ladder_a11_lin_r02,prps,1448,20,0.172893,32,0,32,0.08377580,4.80000,prps,1,447
33683,33.683,1,4004,54004,ladder_a11_lin_r02,prps,1444,16,0.135764,24,0,24,0.06283185,3.60000,prps,1,448
33688,33.688,1,4004,54004,ladder_a11_lin_r02,prps,1434,6,0.054379,17,0,17,0.04450589,2.55000,prps,1,449
33693,33.693,1,4004,54004,ladder_a11_lin_r02,prps,1421,-7,-0.060668,11,0,11,0.02879793,1.65000,prps,1,450
33698,33.698,1,4004,54004,ladder_a11_lin_r02,prps,1405,-23,-0.195040,7,0,7,0.01832596,1.05000,prps,1,451
33703,33.703,1,4004,54004,ladder_a11_lin_r02,prps,1389,-39,-0.332115,5,0,5,0.01308997,0.75000,prps,1,452
33708,33.708,1,4004,54004,ladder_a11_lin_r02,prps,1375,-53,-0.454726,5,0,5,0.01308997,0.75000,prps,1,453
33713,33.713,1,4004,54004,ladder_a11_lin_r02,prps,1364,-64,-0.546995,7,0,7,0.01832596,1.05000,prps,1,454
33718,33.718,1,4004,54004,ladder_a11_lin_r02,prps,1358,-70,-0.596060,11,0,11,0.02879793,1.65000,prps,1,455
33723,33.723,1,4004,54004,ladder_a11_lin_r02,prps,1359,-69,-0.593525,16,0,16,0.04188790,2.40000,prps,1,456
33728,33.728,1,4004,54004,ladder_a11_lin_r02,prps,1365,-63,-0.536452,22,0,22,0.05759586,3.30000,prps,1,457
33733,33.733,1,4004,54004,ladder_a11_lin_r02,prps,1378,-50,-0.427787,28,0,28,0.07330382,4.20000,prps,1,458
33738,33.738,1,4004,54004,ladder_a11_lin_r02,prps,1396,-32,-0.276158,32,0,32,0.08377580,4.80000,prps,1,459
33743,33.743,1,4004,54004,ladder_a11_lin_r02,prps,1417,-11,-0.095060,34,0,34,0.08901179,5.10000,prps,1,460
33748,33.748,1,4004,54004,ladder_a11_lin_r02,prps,1440,12,0.098502,35,0,35,0.09162979,5.25000,prps,1,461
33753,33.753,1,4004,54004,ladder_a11_lin_r02,prps,1461,33,0.285764,33,0,33,0.08639380,4.95000,prps,1,462
33758,33.758,1,4004,54004,ladder_a11_lin_r02,prps,1480,52,0.448168,28,0,28,0.07330382,4.20000,prps,1,463
33763,33.763,1,4004,54004,ladder_a11_lin_r02,prps,1495,67,0.569324,21,0,21,0.05497787,3.15000,prps,1,464
33768,33.768,1,4004,54004,ladder_a11_lin_r02,prps,1503,75,0.636760,13,0,13,0.03403392,1.95000,prps,1,465
33773,33.773,1,4004,54004,ladder_a11_lin_r02,prps,1503,75,0.643251,4,0,4,0.01047198,0.60000,prps,1,466
33778,33.778,1,4004,54004,ladder_a11_lin_r02,prps,1497,69,0.587598,-5,0,-5,-0.01308997,-0.75000,prps,1,467
33783,33.783,1,4004,54004,ladder_a11_lin_r02,prps,1484,56,0.474751,-13,0,-13,-0.03403392,-1.95000,prps,1,468
33788,33.788,1,4004,54004,ladder_a11_lin_r02,prps,1465,37,0.315259,-20,0,-20,-0.05235988,-3.00000,prps,1,469
33793,33.793,1,4004,54004,ladder_a11_lin_r02,prps,1443,15,0.124132,-25,0,-25,-0.06544985,-3.75000,prps,1,470
33798,33.798,1,4004,54004,ladder_a11_lin_r02,prps,1419,-9,-0.080796,-27,0,-27,-0.07068583,-4.05000,prps,1,471
33803,33.803,1,4004,54004,ladder_a11_lin_r02,prps,1395,-33,-0.280785,-26,0,-26,-0.06806784,-3.90000,prps,1,472
33808,33.808,1,4004,54004,ladder_a11_lin_r02,prps,1374,-54,-0.458189,-23,0,-23,-0.06021386,-3.45000,prps,1,473
33813,33.813,1,4004,54004,ladder_a11_lin_r02,prps,1358,-70,-0.598315,-16,0,-16,-0.04188790,-2.40000,prps,1,474
33818,33.818,1,4004,54004,ladder_a11_lin_r02,prps,1347,-81,-0.690913,-7,0,-7,-0.01832596,-1.05000,prps,1,475
33823,33.823,1,4004,54004,ladder_a11_lin_r02,prps,1342,-86,-0.731157,2,0,2,0.00523599,0.30000,prps,1,476
33828,33.828,1,4004,54004,ladder_a11_lin_r02,prps,1344,-84,-0.719992,11,0,11,0.02879793,1.65000,prps,1,477
33833,33.833,1,4004,54004,ladder_a11_lin_r02,prps,1350,-78,-0.663822,20,0,20,0.05235988,3.00000,prps,1,478
33838,33.838,1,4004,54004,ladder_a11_lin_r02,prps,1361,-67,-0.573588,28,0,28,0.07330382,4.20000,prps,1,479
33843,33.843,1,4004,54004,ladder_a11_lin_r02,prps,1374,-54,-0.463351,34,0,34,0.08901179,5.10000,prps,1,480
33848,33.848,1,4004,54004,ladder_a11_lin_r02,prps,1387,-41,-0.348557,38,0,38,0.09948376,5.70000,prps,1,481
33853,33.853,1,4004,54004,ladder_a11_lin_r02,prps,1399,-29,-0.244185,40,0,40,0.10471976,6.00000,prps,1,482
33858,33.858,1,4004,54004,ladder_a11_lin_r02,prps,1409,-19,-0.163018,39,0,39,0.10210176,5.85000,prps,1,483
33863,33.863,1,4004,54004,ladder_a11_lin_r02,prps,1415,-13,-0.114222,39,0,39,0.10210176,5.85000,prps,1,484
33868,33.868,1,4004,54004,ladder_a11_lin_r02,prps,1416,-12,-0.102411,35,0,35,0.09162979,5.25000,prps,1,485
33873,33.873,1,4004,54004,ladder_a11_lin_r02,prps,1413,-15,-0.127293,31,0,31,0.08115781,4.65000,prps,1,486
33878,33.878,1,4004,54004,ladder_a11_lin_r02,prps,1406,-22,-0.183932,26,0,26,0.06806784,3.90000,prps,1,487
33883,33.883,1,4004,54004,ladder_a11_lin_r02,prps,1397,-31,-0.263576,22,0,22,0.05759586,3.30000,prps,1,488
33888,33.888,1,4004,54004,ladder_a11_lin_r02,prps,1386,-42,-0.354937,20,0,20,0.05235988,3.00000,prps,1,489
33893,33.893,1,4004,54004,ladder_a11_lin_r02,prps,1376,-52,-0.445755,19,0,19,0.04974188,2.85000,prps,1,490
33898,33.898,1,4004,54004,ladder_a11_lin_r02,prps,1367,-61,-0.524436,19,0,19,0.04974188,2.85000,prps,1,491
33903,33.903,1,4004,54004,ladder_a11_lin_r02,prps,1360,-68,-0.581562,20,0,20,0.05235988,3.00000,prps,1,492
33908,33.908,1,4004,54004,ladder_a11_lin_r02,prps,1357,-71,-0.611070,23,0,23,0.06021386,3.45000,prps,1,493
33913,33.913,1,4004,54004,ladder_a11_lin_r02,prps,1357,-71,-0.610973,27,0,27,0.07068583,4.05000,prps,1,494
33918,33.918,1,4004,54004,ladder_a11_lin_r02,prps,1360,-68,-0.583508,32,0,32,0.08377580,4.80000,prps,1,495
33923,33.923,1,4004,54004,ladder_a11_lin_r02,prps,1365,-63,-0.534729,35,0,35,0.09162979,5.25000,prps,1,496
33928,33.928,1,4004,54004,ladder_a11_lin_r02,prps,1373,-55,-0.473586,38,0,38,0.09948376,5.70000,prps,1,497
33933,33.933,1,4004,54004,ladder_a11_lin_r02,prps,1380,-48,-0.410624,40,0,40,0.10471976,6.00000,prps,1,498
33938,33.938,1,4004,54004,ladder_a11_lin_r02,prps,1386,-42,-0.356479,41,0,41,0.10733775,6.15000,prps,1,499
33943,33.943,1,4004,54004,ladder_a11_lin_r02,prps,1391,-37,-0.320373,40,0,40,0.10471976,6.00000,prps,1,500
33948,33.948,1,4004,54004,ladder_a11_lin_r02,prps,1392,-36,-0.308806,39,0,39,0.10210176,5.85000,prps,1,501
33953,33.953,1,4004,54004,ladder_a11_lin_r02,prps,1390,-38,-0.324630,38,0,38,0.09948376,5.70000,prps,1,502
33958,33.958,1,4004,54004,ladder_a11_lin_r02,prps,1385,-43,-0.366614,35,0,35,0.09162979,5.25000,prps,1,503
33963,33.963,1,4004,54004,ladder_a11_lin_r02,prps,1378,-50,-0.429584,33,0,33,0.08639380,4.95000,prps,1,504
33968,33.968,1,4004,54004,ladder_a11_lin_r02,prps,1369,-59,-0.505092,31,0,31,0.08115781,4.65000,prps,1,505
33973,33.973,1,4004,54004,ladder_a11_lin_r02,prps,1360,-68,-0.582561,30,0,30,0.07853982,4.50000,prps,1,506
33978,33.978,1,4004,54004,ladder_a11_lin_r02,prps,1352,-76,-0.650720,30,0,30,0.07853982,4.50000,prps,1,507
33983,33.983,1,4004,54004,ladder_a11_lin_r02,prps,1346,-82,-0.699170,30,0,30,0.07853982,4.50000,prps,1,508
33988,33.988,1,4004,54004,ladder_a11_lin_r02,prps,1344,-84,-0.719847,33,0,33,0.08639380,4.95000,prps,1,509
33993,33.993,1,4004,54004,ladder_a11_lin_r02,prps,1345,-83,-0.708196,37,0,37,0.09686577,5.55000,prps,1,510
33998,33.998,1,4004,54004,ladder_a11_lin_r02,prps,1350,-78,-0.663887,41,0,41,0.10733775,6.15000,prps,1,511
34003,34.003,1,4004,54004,ladder_a11_lin_r02,prps,1359,-69,-0.590967,44,0,44,0.11519173,6.60000,prps,1,512
34008,34.008,1,4004,54004,ladder_a11_lin_r02,prps,1370,-58,-0.497426,47,0,47,0.12304571,7.05000,prps,1,513
34013,34.013,1,4004,54004,ladder_a11_lin_r02,prps,1382,-46,-0.394205,48,0,48,0.12566370,7.20000,prps,1,514
34018,34.018,1,4004,54004,ladder_a11_lin_r02,prps,1394,-34,-0.293787,47,0,47,0.12304571,7.05000,prps,1,515
34023,34.023,1,4004,54004,ladder_a11_lin_r02,prps,1404,-24,-0.208536,45,0,45,0.11780972,6.75000,prps,1,516
34028,34.028,1,4004,54004,ladder_a11_lin_r02,prps,1411,-17,-0.149004,42,0,42,0.10995574,6.30000,prps,1,517
34033,34.033,1,4004,54004,ladder_a11_lin_r02,prps,1414,-14,-0.122428,38,0,38,0.09948376,5.70000,prps,1,518
34038,34.038,1,4004,54004,ladder_a11_lin_r02,prps,1413,-15,-0.131629,34,0,34,0.08901179,5.10000,prps,1,519
34043,34.043,1,4004,54004,ladder_a11_lin_r02,prps,1408,-20,-0.174461,29,0,29,0.07592182,4.35000,prps,1,520
34048,34.048,1,4004,54004,ladder_a11_lin_r02,prps,1399,-29,-0.243903,25,0,25,0.06544985,3.75000,prps,1,521
34053,34.053,1,4004,54004,ladder_a11_lin_r02,prps,1390,-38,-0.328806,22,0,22,0.05759586,3.30000,prps,1,522
34058,34.058,1,4004,54004,ladder_a11_lin_r02,prps,1379,-49,-0.415203,20,0,20,0.05235988,3.00000,prps,1,523
34063,34.063,1,4004,54004,ladder_a11_lin_r02,prps,1371,-57,-0.488052,20,0,20,0.05235988,3.00000,prps,1,524
34068,34.068,1,4004,54004,ladder_a11_lin_r02,prps,1366,-62,-0.533180,20,0,20,0.05235988,3.00000,prps,1,525
34073,34.073,1,4004,54004,ladder_a11_lin_r02,prps,1365,-63,-0.539195,23,0,23,0.06021386,3.45000,prps,1,526
34078,34.078,1,4004,54004,ladder_a11_lin_r02,prps,1370,-58,-0.499119,26,0,26,0.06806784,3.90000,prps,1,527
34083,34.083,1,4004,54004,ladder_a11_lin_r02,prps,1380,-48,-0.411528,30,0,30,0.07853982,4.50000,prps,1,528
34088,34.088,1,4004,54004,ladder_a11_lin_r02,prps,1395,-33,-0.281028,33,0,33,0.08639380,4.95000,prps,1,529
34093,34.093,1,4004,54004,ladder_a11_lin_r02,prps,1414,-14,-0.118003,34,0,34,0.08901179,5.10000,prps,1,530
34098,34.098,1,4004,54004,ladder_a11_lin_r02,prps,1435,7,0.062371,34,0,34,0.08901179,5.10000,prps,1,531
34103,34.103,1,4004,54004,ladder_a11_lin_r02,prps,1456,28,0.241731,33,0,33,0.08639380,4.95000,prps,1,532
34108,34.108,1,4004,54004,ladder_a11_lin_r02,prps,1475,47,0.400595,28,0,28,0.07330382,4.20000,prps,1,533
34113,34.113,1,4004,54004,ladder_a11_lin_r02,prps,1489,61,0.520619,21,0,21,0.05497787,3.15000,prps,1,534
34118,34.118,1,4004,54004,ladder_a11_lin_r02,prps,1497,69,0.586807,13,0,13,0.03403392,1.95000,prps,1,535
34123,34.123,1,4004,54004,ladder_a11_lin_r02,prps,1497,69,0.589380,5,0,5,0.01308997,0.75000,prps,1,536
34128,34.128,1,4004,54004,ladder_a11_lin_r02,prps,1489,61,0.525083,-4,0,-4,-0.01047198,-0.60000,prps,1,537
34133,34.133,1,4004,54004,ladder_a11_lin_r02,prps,1475,47,0.397763,-12,0,-12,-0.03141592,-1.80000,prps,1,538
34138,34.138,1,4004,54004,ladder_a11_lin_r02,prps,1454,26,0.218118,-18,0,-18,-0.04712389,-2.70000,prps,1,539
34143,34.143,1,4004,54004,ladder_a11_lin_r02,prps,1428,0,0.002653,-22,0,-22,-0.05759586,-3.30000,prps,1,540
34148,34.148,1,4004,54004,ladder_a11_lin_r02,prps,1401,-27,-0.228065,-23,0,-23,-0.06021386,-3.45000,prps,1,541
34153,34.153,1,4004,54004,ladder_a11_lin_r02,prps,1375,-53,-0.451642,-22,0,-22,-0.05759586,-3.30000,prps,1,542
34158,34.158,1,4004,54004,ladder_a11_lin_r02,prps,1352,-76,-0.646344,-17,0,-17,-0.04450589,-2.55000,prps,1,543
34163,34.163,1,4004,54004,ladder_a11_lin_r02,prps,1335,-93,-0.793527,-9,0,-9,-0.02356194,-1.35000,prps,1,544
34168,34.168,1,4004,54004,ladder_a11_lin_r02,prps,1325,-103,-0.879733,-1,0,-1,-0.00261799,-0.15000,prps,1,545
34173,34.173,1,4004,54004,ladder_a11_lin_r02,prps,1323,-105,-0.898216,10,0,10,0.02617994,1.50000,prps,1,546
34178,34.178,1,4004,54004,ladder_a11_lin_r02,prps,1329,-99,-0.849685,20,0,20,0.05235988,3.00000,prps,1,547
34183,34.183,1,4004,54004,ladder_a11_lin_r02,prps,1341,-87,-0.742212,30,0,30,0.07853982,4.50000,prps,1,548
34188,34.188,1,4004,54004,ladder_a11_lin_r02,prps,1359,-69,-0.590279,38,0,38,0.09948376,5.70000,prps,1,549
34193,34.193,1,4004,54004,ladder_a11_lin_r02,prps,1380,-48,-0.413093,44,0,44,0.11519173,6.60000,prps,1,550
34198,34.198,1,4004,54004,ladder_a11_lin_r02,prps,1401,-27,-0.232364,47,0,47,0.12304571,7.05000,prps,1,551
34203,34.203,1,4004,54004,ladder_a11_lin_r02,prps,1420,-8,-0.069793,47,0,47,0.12304571,7.05000,prps,1,552
34208,34.208,1,4004,54004,ladder_a11_lin_r02,prps,1434,6,0.055421,44,0,44,0.11519173,6.60000,prps,1,553
34213,34.213,1,4004,54004,ladder_a11_lin_r02,prps,1443,15,0.128774,40,0,40,0.10471976,6.00000,prps,1,554
34218,34.218,1,4004,54004,ladder_a11_lin_r02,prps,1445,17,0.142094,33,0,33,0.08639380,4.95000,prps,1,555
34223,34.223,1,4004,54004,ladder_a11_lin_r02,prps,1439,11,0.094428,25,0,25,0.06544985,3.75000,prps,1,556
34228,34.228,1,4004,54004,ladder_a11_lin_r02,prps,1427,-1,-0.007908,18,0,18,0.04712389,2.70000,prps,1,557
34233,34.233,1,4004,54004,ladder_a11_lin_r02,prps,1410,-18,-0.152131,13,0,13,0.03403392,1.95000,prps,1,558
34238,34.238,1,4004,54004,ladder_a11_lin_r02,prps,1390,-38,-0.320535,9,0,9,0.02356194,1.35000,prps,1,559
34243,34.243,1,4004,54004,ladder_a11_lin_r02,prps,1370,-58,-0.492592,8,0,8,0.02094395,1.20000,prps,1,560
34248,34.248,1,4004,54004,ladder_a11_lin_r02,prps,1352,-76,-0.647360,9,0,9,0.02356194,1.35000,prps,1,561
34253,34.253,1,4004,54004,ladder_a11_lin_r02,prps,1338,-90,-0.765924,12,0,12,0.03141592,1.80000,prps,1,562
34258,34.258,1,4004,54004,ladder_a11_lin_r02,prps,1330,-98,-0.833564,17,0,17,0.04450589,2.55000,prps,1,563
34263,34.263,1,4004,54004,ladder_a11_lin_r02,prps,1330,-98,-0.841429,25,0,25,0.06544985,3.75000,prps,1,564
34268,34.268,1,4004,54004,ladder_a11_lin_r02,prps,1336,-92,-0.787506,32,0,32,0.08377580,4.80000,prps,1,565
34273,34.273,1,4004,54004,ladder_a11_lin_r02,prps,1349,-79,-0.676793,39,0,39,0.10210176,5.85000,prps,1,566
34278,34.278,1,4004,54004,ladder_a11_lin_r02,prps,1367,-61,-0.520666,44,0,44,0.11519173,6.60000,prps,1,567
34283,34.283,1,4004,54004,ladder_a11_lin_r02,prps,1389,-39,-0.335524,48,0,48,0.12566370,7.20000,prps,1,568
34288,34.288,1,4004,54004,ladder_a11_lin_r02,prps,1412,-16,-0.140887,49,0,49,0.12828170,7.35000,prps,1,569
34293,34.293,1,4004,54004,ladder_a11_lin_r02,prps,1433,5,0.042836,47,0,47,0.12304571,7.05000,prps,1,570
34298,34.298,1,4004,54004,ladder_a11_lin_r02,prps,1451,23,0.196626,42,0,42,0.10995574,6.30000,prps,1,571
34303,34.303,1,4004,54004,ladder_a11_lin_r02,prps,1464,36,0.304941,37,0,37,0.09686577,5.55000,prps,1,572
34308,34.308,1,4004,54004,ladder_a11_lin_r02,prps,1470,42,0.357351,29,0,29,0.07592182,4.35000,prps,1,573
34313,34.313,1,4004,54004,ladder_a11_lin_r02,prps,1469,41,0.349564,21,0,21,0.05497787,3.15000,prps,1,574
34318,34.318,1,4004,54004,ladder_a11_lin_r02,prps,1461,33,0.283735,12,0,12,0.03141592,1.80000,prps,1,575
34323,34.323,1,4004,54004,ladder_a11_lin_r02,prps,1448,20,0.168035,4,0,4,0.01047198,0.60000,prps,1,576
34328,34.328,1,4004,54004,ladder_a11_lin_r02,prps,1430,2,0.015568,-1,0,-1,-0.00261799,-0.15000,prps,1,577
34333,34.333,1,4004,54004,ladder_a11_lin_r02,prps,1410,-18,-0.157237,-5,0,-5,-0.01308997,-0.75000,prps,1,578
34338,34.338,1,4004,54004,ladder_a11_lin_r02,prps,1389,-39,-0.332539,-7,0,-7,-0.01832596,-1.05000,prps,1,579
34343,34.343,1,4004,54004,ladder_a11_lin_r02,prps,1370,-58,-0.493091,-5,0,-5,-0.01308997,-0.75000,prps,1,580
34348,34.348,1,4004,54004,ladder_a11_lin_r02,prps,1355,-73,-0.624091,-1,0,-1,-0.00261799,-0.15000,prps,1,581
34353,34.353,1,4004,54004,ladder_a11_lin_r02,prps,1344,-84,-0.714684,4,0,4,0.01047198,0.60000,prps,1,582
34358,34.358,1,4004,54004,ladder_a11_lin_r02,prps,1339,-89,-0.758943,11,0,11,0.02879793,1.65000,prps,1,583
34363,34.363,1,4004,54004,ladder_a11_lin_r02,prps,1340,-88,-0.756254,19,0,19,0.04974188,2.85000,prps,1,584
34368,34.368,1,4004,54004,ladder_a11_lin_r02,prps,1345,-83,-0.711079,27,0,27,0.07068583,4.05000,prps,1,585
34373,34.373,1,4004,54004,ladder_a11_lin_r02,prps,1354,-74,-0.632157,34,0,34,0.08901179,5.10000,prps,1,586
34378,34.378,1,4004,54004,ladder_a11_lin_r02,prps,1366,-62,-0.531261,39,0,39,0.10210176,5.85000,prps,1,587
34383,34.383,1,4004,54004,ladder_a11_lin_r02,prps,1379,-49,-0.421682,43,0,43,0.11257374,6.45000,prps,1,588
34388,34.388,1,4004,54004,ladder_a11_lin_r02,prps,1391,-37,-0.316629,44,0,44,0.11519173,6.60000,prps,1,589
34393,34.393,1,4004,54004,ladder_a11_lin_r02,prps,1401,-27,-0.227734,44,0,44,0.11519173,6.60000,prps,1,590
34398,34.398,1,4004,54004,ladder_a11_lin_r02,prps,1409,-19,-0.163840,42,0,42,0.10995574,6.30000,prps,1,591
34403,34.403,1,4004,54004,ladder_a11_lin_r02,prps,1413,-15,-0.130179,40,0,40,0.10471976,6.00000,prps,1,592
34408,34.408,1,4004,54004,ladder_a11_lin_r02,prps,1413,-15,-0.128039,35,0,35,0.09162979,5.25000,prps,1,593
34413,34.413,1,4004,54004,ladder_a11_lin_r02,prps,1410,-18,-0.154904,30,0,30,0.07853982,4.50000,prps,1,594
34418,34.418,1,4004,54004,ladder_a11_lin_r02,prps,1404,-24,-0.205033,26,0,26,0.06806784,3.90000,prps,1,595
34423,34.423,1,4004,54004,ladder_a11_lin_r02,prps,1396,-32,-0.270381,23,0,23,0.06021386,3.45000,prps,1,596
34428,34.428,1,4004,54004,ladder_a11_lin_r02,prps,1388,-40,-0.341717,21,0,21,0.05497787,3.15000,prps,1,597
34433,34.433,1,4004,54004,ladder_a11_lin_r02,prps,1380,-48,-0.409807,20,0,20,0.05235988,3.00000,prps,1,598
34438,34.438,1,4004,54004,ladder_a11_lin_r02,prps,1373,-55,-0.466499,20,0,20,0.05235988,3.00000,prps,1,599
34443,34.443,1,4004,54004,ladder_a11_lin_r02,prps,1369,-59,-0.505600,20,0,20,0.05235988,3.00000,prps,1,600
34448,34.448,1,4004,54004,ladder_a11_lin_r02,prps,1367,-61,-0.523447,23,0,23,0.06021386,3.45000,prps,1,601
34453,34.453,1,4004,54004,ladder_a11_lin_r02,prps,1367,-61,-0.519126,26,0,26,0.06806784,3.90000,prps,1,602
34458,34.458,1,4004,54004,ladder_a11_lin_r02,prps,1370,-58,-0.494352,30,0,30,0.07853982,4.50000,prps,1,603
34463,34.463,1,4004,54004,ladder_a11_lin_r02,prps,1375,-53,-0.453036,33,0,33,0.08639380,4.95000,prps,1,604
34468,34.468,1,4004,54004,ladder_a11_lin_r02,prps,1381,-47,-0.400639,35,0,35,0.09162979,5.25000,prps,1,605
34473,34.473,1,4004,54004,ladder_a11_lin_r02,prps,1388,-40,-0.343397,35,0,35,0.09162979,5.25000,prps,1,606
34478,34.478,1,4004,54004,ladder_a11_lin_r02,prps,1394,-34,-0.287534,35,0,35,0.09162979,5.25000,prps,1,607
34483,34.483,1,4004,54004,ladder_a11_lin_r02,prps,1400,-28,-0.238556,35,0,35,0.09162979,5.25000,prps,1,608
34488,34.488,1,4004,54004,ladder_a11_lin_r02,prps,1405,-23,-0.200712,34,0,34,0.08901179,5.10000,prps,1,609
34493,34.493,1,4004,54004,ladder_a11_lin_r02,prps,1407,-21,-0.176666,32,0,32,0.08377580,4.80000,prps,1,610
34498,34.498,1,4004,54004,ladder_a11_lin_r02,prps,1408,-20,-0.167393,29,0,29,0.07592182,4.35000,prps,1,611
34503,34.503,1,4004,54004,ladder_a11_lin_r02,prps,1408,-20,-0.172295,26,0,26,0.06806784,3.90000,prps,1,612
34508,34.508,1,4004,54004,ladder_a11_lin_r02,prps,1406,-22,-0.189478,24,0,24,0.06283185,3.60000,prps,1,613
34513,34.513,1,4004,54004,ladder_a11_lin_r02,prps,1403,-25,-0.216134,22,0,22,0.05759586,3.30000,prps,1,614
34518,34.518,1,4004,54004,ladder_a11_lin_r02,prps,1399,-29,-0.248969,20,0,20,0.05235988,3.00000,prps,1,615
34523,34.523,1,4004,54004,ladder_a11_lin_r02,prps,1395,-33,-0.284583,19,0,19,0.04974188,2.85000,prps,1,616
34528,34.528,1,4004,54004,ladder_a11_lin_r02,prps,1391,-37,-0.319791,19,0,19,0.04974188,2.85000,prps,1,617
34533,34.533,1,4004,54004,ladder_a11_lin_r02,prps,1387,-41,-0.351807,19,0,19,0.04974188,2.85000,prps,1,618
34538,34.538,1,4004,54004,ladder_a11_lin_r02,prps,1384,-44,-0.378324,19,0,19,0.04974188,2.85000,prps,1,619
34543,34.543,1,4004,54004,ladder_a11_lin_r02,prps,1381,-47,-0.397484,20,0,20,0.05235988,3.00000,prps,1,620
34548,34.548,1,4004,54004,ladder_a11_lin_r02,prps,1380,-48,-0.407774,22,0,22,0.05759586,3.30000,prps,1,621
34553,34.553,1,4004,54004,ladder_a11_lin_r02,prps,1380,-48,-0.407896,24,0,24,0.06283185,3.60000,prps,1,622
34558,34.558,1,4004,54004,ladder_a11_lin_r02,prps,1382,-46,-0.396670,26,0,26,0.06806784,3.90000,prps,1,623
34563,34.563,1,4004,54004,ladder_a11_lin_r02,prps,1384,-44,-0.372983,28,0,28,0.07330382,4.20000,prps,1,624
34568,34.568,1,4004,54004,ladder_a11_lin_r02,prps,1389,-39,-0.335836,29,0,29,0.07592182,4.35000,prps,1,625
34573,34.573,1,4004,54004,ladder_a11_lin_r02,prps,1395,-33,-0.284481,29,0,29,0.07592182,4.35000,prps,1,626
34578,34.578,1,4004,54004,ladder_a11_lin_r02,prps,1402,-26,-0.218631,29,0,29,0.07592182,4.35000,prps,1,627
34583,34.583,1,4004,54004,ladder_a11_lin_r02,prps,1412,-16,-0.138706,29,0,29,0.07592182,4.35000,prps,1,628
34588,34.588,1,4004,54004,ladder_a11_lin_r02,prps,1423,-5,-0.046071,29,0,29,0.07592182,4.35000,prps,1,629
34593,34.593,1,4004,54004,ladder_a11_lin_r02,prps,1435,7,0.056801,27,0,27,0.07068583,4.05000,prps,1,630
34598,34.598,1,4004,54004,ladder_a11_lin_r02,prps,1447,19,0.166278,24,0,24,0.06283185,3.60000,prps,1,631
34603,34.603,1,4004,54004,ladder_a11_lin_r02,prps,1460,32,0.277690,20,0,20,0.05235988,3.00000,prps,1,632
34608,34.608,1,4004,54004,ladder_a11_lin_r02,prps,1473,45,0.385607,15,0,15,0.03926991,2.25000,prps,1,633
34613,34.613,1,4004,54004,ladder_a11_lin_r02,prps,1485,57,0.484289,9,0,9,0.02356194,1.35000,prps,1,634
34618,34.618,1,4004,54004,ladder_a11_lin_r02,prps,1494,66,0.568255,2,0,2,0.00523599,0.30000,prps,1,635
34623,34.623,1,4004,54004,ladder_a11_lin_r02,prps,1502,74,0.632908,-4,0,-4,-0.01047198,-0.60000,prps,1,636
34628,34.628,1,4004,54004,ladder_a11_lin_r02,prps,1507,79,0.675135,-11,0,-11,-0.02879793,-1.65000,prps,1,637
34633,34.633,1,4004,54004,ladder_a11_lin_r02,prps,1509,81,0.693806,-18,0,-18,-0.04712389,-2.70000,prps,1,638
34638,34.638,1,4004,54004,ladder_a11_lin_r02,prps,1509,81,0.690068,-24,0,-24,-0.06283185,-3.60000,prps,1,639
34643,34.643,1,4004,54004,ladder_a11_lin_r02,prps,1506,78,0.667396,-29,0,-29,-0.07592182,-4.35000,prps,1,640
34648,34.648,1,4004,54004,ladder_a11_lin_r02,prps,1502,74,0.631358,-33,0,-33,-0.08639380,-4.95000,prps,1,641
34653,34.653,1,4004,54004,ladder_a11_lin_r02,prps,1497,69,0.589089,-37,0,-37,-0.09686577,-5.55000,prps,1,642
34658,34.658,1,4004,54004,ladder_a11_lin_r02,prps,1492,64,0.548537,-39,0,-39,-0.10210176,-5.85000,prps,1,643
34663,34.663,1,4004,54004,ladder_a11_lin_r02,prps,1489,61,0.517536,-40,0,-40,-0.10471976,-6.00000,prps,1,644
34668,34.668,1,4004,54004,ladder_a11_lin_r02,prps,1487,59,0.502830,-40,0,-40,-0.10471976,-6.00000,prps,1,645
34673,34.673,1,4004,54004,ladder_a11_lin_r02,prps,1488,60,0.509158,-40,0,-40,-0.10471976,-6.00000,prps,1,646
34678,34.678,1,4004,54004,ladder_a11_lin_r02,prps,1491,63,0.538530,-40,0,-40,-0.10471976,-6.00000,prps,1,647
34683,34.683,1,4004,54004,ladder_a11_lin_r02,prps,1497,69,0.589788,-39,0,-39,-0.10210176,-5.85000,prps,1,648
34688,34.688,1,4004,54004,ladder_a11_lin_r02,prps,1505,77,0.658544,-38,0,-38,-0.09948376,-5.70000,prps,1,649
34693,34.693,1,4004,54004,ladder_a11_lin_r02,prps,1514,86,0.737511,-38,0,-38,-0.09948376,-5.70000,prps,1,650
34698,34.698,1,4004,54004,ladder_a11_lin_r02,prps,1524,96,0.817222,-38,0,-38,-0.09948376,-5.70000,prps,1,651
34703,34.703,1,4004,54004,ladder_a11_lin_r02,prps,1532,104,0.887064,-39,0,-39,-0.10210176,-5.85000,prps,1,652
34708,34.708,1,4004,54004,ladder_a11_lin_r02,prps,1538,110,0.936525,-42,0,-42,-0.10995574,-6.30000,prps,1,653
34713,34.713,1,4004,54004,ladder_a11_lin_r02,prps,1540,112,0.956499,-45,0,-45,-0.11780972,-6.75000,prps,1,654
34718,34.718,1,4004,54004,ladder_a11_lin_r02,prps,1538,110,0.940509,-49,0,-49,-0.12828170,-7.35000,prps,1,655
34723,34.723,1,4004,54004,ladder_a11_lin_r02,prps,1532,104,0.885680,-53,0,-53,-0.13875367,-7.95000,prps,1,656
34728,34.728,1,4004,54004,ladder_a11_lin_r02,prps,1521,93,0.793333,-57,0,-57,-0.14922565,-8.55000,prps,1,657
34733,34.733,1,4004,54004,ladder_a11_lin_r02,prps,1506,78,0.669115,-59,0,-59,-0.15446164,-8.85000,prps,1,658
34738,34.738,1,4004,54004,ladder_a11_lin_r02,prps,1489,61,0.522624,-60,0,-60,-0.15707964,-9.00000,prps,1,659
34743,34.743,1,4004,54004,ladder_a11_lin_r02,prps,1471,43,0.366544,-58,0,-58,-0.15184364,-8.70000,prps,1,660
34748,34.748,1,4004,54004,ladder_a11_lin_r02,prps,1453,25,0.215386,-55,0,-55,-0.14398966,-8.25000,prps,1,661
34753,34.753,1,4004,54004,ladder_a11_lin_r02,prps,1438,10,0.083951,-51,0,-51,-0.13351768,-7.65000,prps,1,662
34758,34.758,1,4004,54004,ladder_a11_lin_r02,prps,1426,-2,-0.014301,-46,0,-46,-0.12042772,-6.90000,prps,1,663
34763,34.763,1,4004,54004,ladder_a11_lin_r02,prps,1420,-8,-0.068800,-38,0,-38,-0.09948376,-5.70000,prps,1,664
34768,34.768,1,4004,54004,ladder_a11_lin_r02,prps,1419,-9,-0.073137,-31,0,-31,-0.08115781,-4.65000,prps,1,665
34773,34.773,1,4004,54004,ladder_a11_lin_r02,prps,1425,-3,-0.025913,-24,0,-24,-0.06283185,-3.60000,prps,1,666
34778,34.778,1,4004,54004,ladder_a11_lin_r02,prps,1436,8,0.068950,-17,0,-17,-0.04450589,-2.55000,prps,1,667
34783,34.783,1,4004,54004,ladder_a11_lin_r02,prps,1452,24,0.202485,-11,0,-11,-0.02879793,-1.65000,prps,1,668
34788,34.788,1,4004,54004,ladder_a11_lin_r02,prps,1470,42,0.361535,-8,0,-8,-0.02094395,-1.20000,prps,1,669
34793,34.793,1,4004,54004,ladder_a11_lin_r02,prps,1490,62,0.530079,-7,0,-7,-0.01832596,-1.05000,prps,1,670
34798,34.798,1,4004,54004,ladder_a11_lin_r02,prps,1509,81,0.690916,-8,0,-8,-0.02094395,-1.20000,prps,1,671
34803,34.803,1,4004,54004,ladder_a11_lin_r02,prps,1525,97,0.827498,-11,0,-11,-0.02879793,-1.65000,prps,1,672
34808,34.808,1,4004,54004,ladder_a11_lin_r02,prps,1536,108,0.925723,-16,0,-16,-0.04188790,-2.40000,prps,1,673
34813,34.813,1,4004,54004,ladder_a11_lin_r02,prps,1542,114,0.975473,-23,0,-23,-0.06021386,-3.45000,prps,1,674
34818,34.818,1,4004,54004,ladder_a11_lin_r02,prps,1542,114,0.971724,-31,0,-31,-0.08115781,-4.65000,prps,1,675
34823,34.823,1,4004,54004,ladder_a11_lin_r02,prps,1535,107,0.915109,-38,0,-38,-0.09948376,-5.70000,prps,1,676
34828,34.828,1,4004,54004,ladder_a11_lin_r02,prps,1523,95,0.811850,-45,0,-45,-0.11780972,-6.75000,prps,1,677
34833,34.833,1,4004,54004,ladder_a11_lin_r02,prps,1507,79,0.673077,-50,0,-50,-0.13089970,-7.50000,prps,1,678
34838,34.838,1,4004,54004,ladder_a11_lin_r02,prps,1488,60,0.513606,-53,0,-53,-0.13875367,-7.95000,prps,1,679
34843,34.843,1,4004,54004,ladder_a11_lin_r02,prps,1469,41,0.350311,-54,0,-54,-0.14137166,-8.10000,prps,1,680
34848,34.848,1,4004,54004,ladder_a11_lin_r02,prps,1451,23,0.200274,-52,0,-52,-0.13613568,-7.80000,prps,1,681
34853,34.853,1,4004,54004,ladder_a11_lin_r02,prps,1437,9,0.078928,-48,0,-48,-0.12566370,-7.20000,prps,1,682
34858,34.858,1,4004,54004,ladder_a11_lin_r02,prps,1428,0,-0.001608,-44,0,-44,-0.11519173,-6.60000,prps,1,683
34863,34.863,1,4004,54004,ladder_a11_lin_r02,prps,1424,-4,-0.033814,-37,0,-37,-0.09686577,-5.55000,prps,1,684
34868,34.868,1,4004,54004,ladder_a11_lin_r02,prps,1426,-2,-0.015529,-30,0,-30,-0.07853982,-4.50000,prps,1,685
34873,34.873,1,4004,54004,ladder_a11_lin_r02,prps,1434,6,0.049891,-23,0,-23,-0.06021386,-3.45000,prps,1,686
34878,34.878,1,4004,54004,ladder_a11_lin_r02,prps,1446,18,0.154026,-17,0,-17,-0.04450589,-2.55000,prps,1,687
34883,34.883,1,4004,54004,ladder_a11_lin_r02,prps,1461,33,0.284400,-12,0,-12,-0.03141592,-1.80000,prps,1,688
34888,34.888,1,4004,54004,ladder_a11_lin_r02,prps,1478,50,0.425918,-10,0,-10,-0.02617994,-1.50000,prps,1,689
34893,34.893,1,4004,54004,ladder_a11_lin_r02,prps,1494,66,0.562572,-10,0,-10,-0.02617994,-1.50000,prps,1,690
34898,34.898,1,4004,54004,ladder_a11_lin_r02,prps,1507,79,0.679211,-11,0,-11,-0.02879793,-1.65000,prps,1,691
34903,34.903,1,4004,54004,ladder_a11_lin_r02,prps,1517,89,0.763187,-15,0,-15,-0.03926991,-2.25000,prps,1,692
34908,34.908,1,4004,54004,ladder_a11_lin_r02,prps,1522,94,0.805686,-19,0,-19,-0.04974188,-2.85000,prps,1,693
34913,34.913,1,4004,54004,ladder_a11_lin_r02,prps,1522,94,0.802608,-26,0,-26,-0.06806784,-3.90000,prps,1,694
34918,34.918,1,4004,54004,ladder_a11_lin_r02,prps,1516,88,0.754910,-32,0,-32,-0.08377580,-4.80000,prps,1,695
34923,34.923,1,4004,54004,ladder_a11_lin_r02,prps,1506,78,0.668383,-37,0,-37,-0.09686577,-5.55000,prps,1,696
34928,34.928,1,4004,54004,ladder_a11_lin_r02,prps,1493,65,0.552914,-41,0,-41,-0.10733775,-6.15000,prps,1,697
34933,34.933,1,4004,54004,ladder_a11_lin_r02,prps,1477,49,0.421314,-44,0,-44,-0.11519173,-6.60000,prps,1,698
34938,34.938,1,4004,54004,ladder_a11_lin_r02,prps,1462,34,0.287869,-44,0,-44,-0.11519173,-6.60000,prps,1,699
34943,34.943,1,4004,54004,ladder_a11_lin_r02,prps,1448,20,0.166777,-43,0,-43,-0.11257374,-6.45000,prps,1,700
34948,34.948,1,4004,54004,ladder_a11_lin_r02,prps,1436,8,0.070646,-41,0,-41,-0.10733775,-6.15000,prps,1,701
34953,34.953,1,4004,54004,ladder_a11_lin_r02,prps,1429,1,0.009218,-36,0,-36,-0.09424778,-5.40000,prps,1,702
34958,34.958,1,4004,54004,ladder_a11_lin_r02,prps,1427,-1,-0.011550,-30,0,-30,-0.07853982,-4.50000,prps,1,703
34963,34.963,1,4004,54004,ladder_a11_lin_r02,prps,1429,1,0.010026,-24,0,-24,-0.06283185,-3.60000,prps,1,704
34968,34.968,1,4004,54004,ladder_a11_lin_r02,prps,1436,8,0.071353,-18,0,-18,-0.04712389,-2.70000,prps,1,705
34973,34.973,1,4004,54004,ladder_a11_lin_r02,prps,1447,19,0.165995,-14,0,-14,-0.03665191,-2.10000,prps,1,706
34978,34.978,1,4004,54004,ladder_a11_lin_r02,prps,1461,33,0.284496,-10,0,-10,-0.02617994,-1.50000,prps,1,707
34983,34.983,1,4004,54004,ladder_a11_lin_r02,prps,1477,49,0.415462,-8,0,-8,-0.02094395,-1.20000,prps,1,708
34988,34.988,1,4004,54004,ladder_a11_lin_r02,prps,1492,64,0.546782,-9,0,-9,-0.02356194,-1.35000,prps,1,709
34993,34.993,1,4004,54004,ladder_a11_lin_r02,prps,1506,78,0.666853,-11,0,-11,-0.02879793,-1.65000,prps,1,710
34998,34.998,1,4004,54004,ladder_a11_lin_r02,prps,1518,90,0.765656,-14,0,-14,-0.03665191,-2.10000,prps,1,711
35003,35.003,1,4004,54004,ladder_a11_lin_r02,prps,1526,98,0.835603,-19,0,-19,-0.04974188,-2.85000,prps,1,712
35008,35.008,1,4004,54004,ladder_a11_lin_r02,prps,1530,102,0.872069,-25,0,-25,-0.06544985,-3.75000,prps,1,713
35013,35.013,1,4004,54004,ladder_a11_lin_r02,prps,1530,102,0.873581,-32,0,-32,-0.08377580,-4.80000,prps,1,714
35018,35.018,1,4004,54004,ladder_a11_lin_r02,prps,1526,98,0.841675,-38,0,-38,-0.09948376,-5.70000,prps,1,715
35023,35.023,1,4004,54004,ladder_a11_lin_r02,prps,1519,91,0.780467,-43,0,-43,-0.11257374,-6.45000,prps,1,716
35028,35.028,1,4004,54004,ladder_a11_lin_r02,prps,1509,81,0.696016,-47,0,-47,-0.12304571,-7.05000,prps,1,717
35033,35.033,1,4004,54004,ladder_a11_lin_r02,prps,1498,70,0.595569,-50,0,-50,-0.13089970,-7.50000,prps,1,718
35038,35.038,1,4004,54004,ladder_a11_lin_r02,prps,1485,57,0.486782,-51,0,-51,-0.13351768,-7.65000,prps,1,719
35043,35.043,1,4004,54004,ladder_a11_lin_r02,prps,1472,44,0.377003,-51,0,-51,-0.13351768,-7.65000,prps,1,720
35048,35.048,1,4004,54004,ladder_a11_lin_r02,prps,1460,32,0.272694,-49,0,-49,-0.12828170,-7.35000,prps,1,721
35053,35.053,1,4004,54004,ladder_a11_lin_r02,prps,1449,21,0.179029,-46,0,-46,-0.12042772,-6.90000,prps,1,722
35058,35.058,1,4004,54004,ladder_a11_lin_r02,prps,1440,12,0.099687,-42,0,-42,-0.10995574,-6.30000,prps,1,723
35063,35.063,1,4004,54004,ladder_a11_lin_r02,prps,1432,4,0.036831,-36,0,-36,-0.09424778,-5.40000,prps,1,724
35068,35.068,1,4004,54004,ladder_a11_lin_r02,prps,1427,-1,-0.008760,-31,0,-31,-0.08115781,-4.65000,prps,1,725
35073,35.073,1,4004,54004,ladder_a11_lin_r02,prps,1424,-4,-0.037453,-25,0,-25,-0.06544985,-3.75000,prps,1,726
35078,35.078,1,4004,54004,ladder_a11_lin_r02,prps,1422,-6,-0.050471,-19,0,-19,-0.04974188,-2.85000,prps,1,727
35083,35.083,1,4004,54004,ladder_a11_lin_r02,prps,1422,-6,-0.049598,-14,0,-14,-0.03665191,-2.10000,prps,1,728
35088,35.088,1,4004,54004,ladder_a11_lin_r02,prps,1424,-4,-0.036935,-10,0,-10,-0.02617994,-1.50000,prps,1,729
35093,35.093,1,4004,54004,ladder_a11_lin_r02,prps,1426,-2,-0.014709,-6,0,-6,-0.01570796,-0.90000,prps,1,730
35098,35.098,1,4004,54004,ladder_a11_lin_r02,prps,1430,2,0.014836,-3,0,-3,-0.00785398,-0.45000,prps,1,731
35103,35.103,1,4004,54004,ladder_a11_lin_r02,prps,1434,6,0.049476,-1,0,-1,-0.00261799,-0.15000,prps,1,732
35108,35.108,1,4004,54004,ladder_a11_lin_r02,prps,1438,10,0.087008,0,0,0,0.00000000,0.00000,prps,1,733
35113,35.113,1,4004,54004,ladder_a11_lin_r02,prps,1443,15,0.125224,0,0,0,0.00000000,0.00000,prps,1,734
35118,35.118,1,4004,54004,ladder_a11_lin_r02,prps,1447,19,0.161910,0,0,0,0.00000000,0.00000,prps,1,735
35123,35.123,1,4004,54004,ladder_a11_lin_r02,prps,1451,23,0.194880,-1,0,-1,-0.00261799,-0.15000,prps,1,736
35128,35.128,1,4004,54004,ladder_a11_lin_r02,prps,1454,26,0.222064,-2,0,-2,-0.00523599,-0.30000,prps,1,737
35133,35.133,1,4004,54004,ladder_a11_lin_r02,prps,1456,28,0.241662,-4,0,-4,-0.01047198,-0.60000,prps,1,738
35138,35.138,1,4004,54004,ladder_a11_lin_r02,prps,1458,30,0.252333,-6,0,-6,-0.01570796,-0.90000,prps,1,739
35143,35.143,1,4004,54004,ladder_a11_lin_r02,prps,1458,30,0.253404,-8,0,-8,-0.02094395,-1.20000,prps,1,740
35148,35.148,1,4004,54004,ladder_a11_lin_r02,prps,1457,29,0.245061,-9,0,-9,-0.02356194,-1.35000,prps,1,741
35153,35.153,1,4004,54004,ladder_a11_lin_r02,prps,1455,27,0.228474,-11,0,-11,-0.02879793,-1.65000,prps,1,742
35158,35.158,1,4004,54004,ladder_a11_lin_r02,prps,1452,24,0.205835,-13,0,-13,-0.03403392,-1.95000,prps,1,743
35163,35.163,1,4004,54004,ladder_a11_lin_r02,prps,1449,21,0.180263,-14,0,-14,-0.03665191,-2.10000,prps,1,744
35168,35.168,1,4004,54004,ladder_a11_lin_r02,prps,1446,18,0.155587,-14,0,-14,-0.03665191,-2.10000,prps,1,745
35173,35.173,1,4004,54004,ladder_a11_lin_r02,prps,1444,16,0.135993,-14,0,-14,-0.03665191,-2.10000,prps,1,746
35178,35.178,1,4004,54004,ladder_a11_lin_r02,prps,1443,15,0.125593,-14,0,-14,-0.03665191,-2.10000,prps,1,747
35183,35.183,1,4004,54004,ladder_a11_lin_r02,prps,1443,15,0.127924,-14,0,-14,-0.03665191,-2.10000,prps,1,748
35188,35.188,1,4004,54004,ladder_a11_lin_r02,prps,1445,17,0.145469,-14,0,-14,-0.03665191,-2.10000,prps,1,749
35193,35.193,1,4004,54004,ladder_a11_lin_r02,prps,1449,21,0.179244,-13,0,-13,-0.03403392,-1.95000,prps,1,750
35198,35.198,1,4004,54004,ladder_a11_lin_r02,prps,1455,27,0.228510,-12,0,-12,-0.03141592,-1.80000,prps,1,751
35203,35.203,1,4004,54004,ladder_a11_lin_r02,prps,1462,34,0.290669,-12,0,-12,-0.03141592,-1.80000,prps,1,752
35208,35.208,1,4004,54004,ladder_a11_lin_r02,prps,1470,42,0.361357,-12,0,-12,-0.03141592,-1.80000,prps,1,753
35213,35.213,1,4004,54004,ladder_a11_lin_r02,prps,1479,51,0.434757,-13,0,-13,-0.03403392,-1.95000,prps,1,754
35218,35.218,1,4004,54004,ladder_a11_lin_r02,prps,1487,59,0.504091,-13,0,-13,-0.03403392,-1.95000,prps,1,755
35223,35.223,1,4004,54004,ladder_a11_lin_r02,prps,1494,66,0.562261,-16,0,-16,-0.04188790,-2.40000,prps,1,756
35228,35.228,1,4004,54004,ladder_a11_lin_r02,prps,1499,71,0.602569,-20,0,-20,-0.05235988,-3.00000,prps,1,757
35233,35.233,1,4004,54004,ladder_a11_lin_r02,prps,1500,72,0.619436,-24,0,-24,-0.06283185,-3.60000,prps,1,758
35238,35.238,1,4004,54004,ladder_a11_lin_r02,prps,1499,71,0.609037,-27,0,-27,-0.07068583,-4.05000,prps,1,759
35243,35.243,1,4004,54004,ladder_a11_lin_r02,prps,1495,67,0.569785,-31,0,-31,-0.08115781,-4.65000,prps,1,760
35248,35.248,1,4004,54004,ladder_a11_lin_r02,prps,1487,59,0.502593,-34,0,-34,-0.08901179,-5.10000,prps,1,761
35253,35.253,1,4004,54004,ladder_a11_lin_r02,prps,1476,48,0.410884,-36,0,-36,-0.09424778,-5.40000,prps,1,762
35258,35.258,1,4004,54004,ladder_a11_lin_r02,prps,1463,35,0.300346,-37,0,-37,-0.09686577,-5.55000,prps,1,763
35263,35.263,1,4004,54004,ladder_a11_lin_r02,prps,1449,21,0.178441,-37,0,-37,-0.09686577,-5.55000,prps,1,764
35268,35.268,1,4004,54004,ladder_a11_lin_r02,prps,1434,6,0.053723,-36,0,-36,-0.09424778,-5.40000,prps,1,765
35273,35.273,1,4004,54004,ladder_a11_lin_r02,prps,1420,-8,-0.064958,-33,0,-33,-0.08639380,-4.95000,prps,1,766
35278,35.278,1,4004,54004,ladder_a11_lin_r02,prps,1408,-20,-0.169292,-28,0,-28,-0.07330382,-4.20000,prps,1,767
35283,35.283,1,4004,54004,ladder_a11_lin_r02,prps,1398,-30,-0.252288,-22,0,-22,-0.05759586,-3.30000,prps,1,768
35288,35.288,1,4004,54004,ladder_a11_lin_r02,prps,1392,-36,-0.308924,-15,0,-15,-0.03926991,-2.25000,prps,1,769
35293,35.293,1,4004,54004,ladder_a11_lin_r02,prps,1389,-39,-0.336582,-9,0,-9,-0.02356194,-1.35000,prps,1,770
35298,35.298,1,4004,54004,ladder_a11_lin_r02,prps,1389,-39,-0.335247,-2,0,-2,-0.00523599,-0.30000,prps,1,771
35303,35.303,1,4004,54004,ladder_a11_lin_r02,prps,1392,-36,-0.307437,4,0,4,0.01047198,0.60000,prps,1,772
35308,35.308,1,4004,54004,ladder_a11_lin_r02,prps,1398,-30,-0.257886,9,0,9,0.02356194,1.35000,prps,1,773
35313,35.313,1,4004,54004,ladder_a11_lin_r02,prps,1405,-23,-0.193017,13,0,13,0.03403392,1.95000,prps,1,774
35318,35.318,1,4004,54004,ladder_a11_lin_r02,prps,1414,-14,-0.120266,16,0,16,0.04188790,2.40000,prps,1,775
35323,35.323,1,4004,54004,ladder_a11_lin_r02,prps,1422,-6,-0.047339,17,0,17,0.04450589,2.55000,prps,1,776
35328,35.328,1,4004,54004,ladder_a11_lin_r02,prps,1430,2,0.018526,17,0,17,0.04450589,2.55000,prps,1,777
35333,35.333,1,4004,54004,ladder_a11_lin_r02,prps,1436,8,0.071215,16,0,16,0.04188790,2.40000,prps,1,778
35338,35.338,1,4004,54004,ladder_a11_lin_r02,prps,1440,12,0.106237,14,0,14,0.03665191,2.10000,prps,1,779
35343,35.343,1,4004,54004,ladder_a11_lin_r02,prps,1442,14,0.121038,10,0,10,0.02617994,1.50000,prps,1,780
35348,35.348,1,4004,54004,ladder_a11_lin_r02,prps,1441,13,0.115104,7,0,7,0.01832596,1.05000,prps,1,781
35353,35.353,1,4004,54004,ladder_a11_lin_r02,prps,1439,11,0.089854,4,0,4,0.01047198,0.60000,prps,1,782
35358,35.358,1,4004,54004,ladder_a11_lin_r02,prps,1434,6,0.048351,2,0,2,0.00523599,0.30000,prps,1,783
35363,35.363,1,4004,54004,ladder_a11_lin_r02,prps,1427,-1,-0.005120,0,0,0,0.00000000,0.00000,prps,1,784
35368,35.368,1,4004,54004,ladder_a11_lin_r02,prps,1420,-8,-0.065557,-1,0,-1,-0.00261799,-0.15000,prps,1,785
35373,35.373,1,4004,54004,ladder_a11_lin_r02,prps,1413,-15,-0.127767,-1,0,-1,-0.00261799,-0.15000,prps,1,786
35378,35.378,1,4004,54004,ladder_a11_lin_r02,prps,1406,-22,-0.186855,-1,0,-1,-0.00261799,-0.15000,prps,1,787
35383,35.383,1,4004,54004,ladder_a11_lin_r02,prps,1400,-28,-0.238635,0,0,0,0.00000000,0.00000,prps,1,788
35388,35.388,1,4004,54004,ladder_a11_lin_r02,prps,1395,-33,-0.279921,3,0,3,0.00785398,0.45000,prps,1,789
35393,35.393,1,4004,54004,ladder_a11_lin_r02,prps,1392,-36,-0.308690,6,0,6,0.01570796,0.90000,prps,1,790
35398,35.398,1,4004,54004,ladder_a11_lin_r02,prps,1390,-38,-0.324116,10,0,10,0.02617994,1.50000,prps,1,791
35403,35.403,1,4004,54004,ladder_a11_lin_r02,prps,1390,-38,-0.326488,13,0,13,0.03403392,1.95000,prps,1,792
35408,35.408,1,4004,54004,ladder_a11_lin_r02,prps,1391,-37,-0.317032,16,0,16,0.04188790,2.40000,prps,1,793
35413,35.413,1,4004,54004,ladder_a11_lin_r02,prps,1393,-35,-0.297692,19,0,19,0.04974188,2.85000,prps,1,794
35418,35.418,1,4004,54004,ladder_a11_lin_r02,prps,1396,-32,-0.270868,21,0,21,0.05497787,3.15000,prps,1,795
35423,35.423,1,4004,54004,ladder_a11_lin_r02,prps,1400,-28,-0.239170,23,0,23,0.06021386,3.45000,prps,1,796
35428,35.428,1,4004,54004,ladder_a11_lin_r02,prps,1404,-24,-0.205202,23,0,23,0.06021386,3.45000,prps,1,797
35433,35.433,1,4004,54004,ladder_a11_lin_r02,prps,1408,-20,-0.171383,23,0,23,0.06021386,3.45000,prps,1,798
35438,35.438,1,4004,54004,ladder_a11_lin_r02,prps,1412,-16,-0.139812,23,0,23,0.06021386,3.45000,prps,1,799
35443,35.443,1,4004,54004,ladder_a11_lin_r02,prps,1415,-13,-0.112189,22,0,22,0.05759586,3.30000,prps,1,800
35448,35.448,1,4004,54004,ladder_a11_lin_r02,prps,1417,-11,-0.089753,21,0,21,0.05497787,3.15000,prps,1,801
35453,35.453,1,4004,54004,ladder_a11_lin_r02,prps,1419,-9,-0.073263,19,0,19,0.04974188,2.85000,prps,1,802
35458,35.458,1,4004,54004,ladder_a11_lin_r02,prps,1421,-7,-0.062978,17,0,17,0.04450589,2.55000,prps,1,803
35463,35.463,1,4004,54004,ladder_a11_lin_r02,prps,1421,-7,-0.058654,15,0,15,0.03926991,2.25000,prps,1,804
35468,35.468,1,4004,54004,ladder_a11_lin_r02,prps,1421,-7,-0.059542,13,0,13,0.03403392,1.95000,prps,1,805
35473,35.473,1,4004,54004,ladder_a11_lin_r02,prps,1420,-8,-0.064397,12,0,12,0.03141592,1.80000,prps,1,806
35478,35.478,1,4004,54004,ladder_a11_lin_r02,prps,1420,-8,-0.071508,10,0,10,0.02617994,1.50000,prps,1,807
35483,35.483,1,4004,54004,ladder_a11_lin_r02,prps,1419,-9,-0.078754,9,0,9,0.02356194,1.35000,prps,1,808
35488,35.488,1,4004,54004,ladder_a11_lin_r02,prps,1418,-10,-0.083696,9,0,9,0.02356194,1.35000,prps,1,809
35493,35.493,1,4004,54004,ladder_a11_lin_r02,prps,1418,-10,-0.083724,9,0,9,0.02356194,1.35000,prps,1,810
35498,35.498,1,4004,54004,ladder_a11_lin_r02,prps,1419,-9,-0.076237,9,0,9,0.02356194,1.35000,prps,1,811
35503,35.503,1,4004,54004,ladder_a11_lin_r02,prps,1421,-7,-0.058870,9,0,9,0.02356194,1.35000,prps,1,812
35508,35.508,1,4004,54004,ladder_a11_lin_r02,prps,1425,-3,-0.029739,8,0,8,0.02094395,1.20000,prps,1,813
35513,35.513,1,4004,54004,ladder_a11_lin_r02,prps,1429,1,0.012322,8,0,8,0.02094395,1.20000,prps,1,814
35518,35.518,1,4004,54004,ladder_a11_lin_r02,prps,1436,8,0.067544,8,0,8,0.02094395,1.20000,prps,1,815
35523,35.523,1,4004,54004,ladder_a11_lin_r02,prps,1444,16,0.135082,8,0,8,0.02094395,1.20000,prps,1,816
35528,35.528,1,4004,54004,ladder_a11_lin_r02,prps,1453,25,0.212951,6,0,6,0.01570796,0.90000,prps,1,817
35533,35.533,1,4004,54004,ladder_a11_lin_r02,prps,1463,35,0.298073,4,0,4,0.01047198,0.60000,prps,1,818
35538,35.538,1,4004,54004,ladder_a11_lin_r02,prps,1473,45,0.386442,1,0,1,0.00261799,0.15000,prps,1,819
35543,35.543,1,4004,54004,ladder_a11_lin_r02,prps,1483,55,0.473394,-3,0,-3,-0.00785398,-0.45000,prps,1,820
35548,35.548,1,4004,54004,ladder_a11_lin_r02,prps,1493,65,0.553968,-7,0,-7,-0.01832596,-1.05000,prps,1,821
35553,35.553,1,4004,54004,ladder_a11_lin_r02,prps,1501,73,0.623323,-12,0,-12,-0.03141592,-1.80000,prps,1,822
35558,35.558,1,4004,54004,ladder_a11_lin_r02,prps,1507,79,0.677169,-17,0,-17,-0.04450589,-2.55000,prps,1,823
35563,35.563,1,4004,54004,ladder_a11_lin_r02,prps,1511,83,0.712167,-22,0,-22,-0.05759586,-3.30000,prps,1,824
35568,35.568,1,4004,54004,ladder_a11_lin_r02,prps,1513,85,0.726246,-27,0,-27,-0.07068583,-4.05000,prps,1,825
35573,35.573,1,4004,54004,ladder_a11_lin_r02,prps,1512,84,0.718807,-31,0,-31,-0.08115781,-4.65000,prps,1,826
35578,35.578,1,4004,54004,ladder_a11_lin_r02,prps,1509,81,0.690780,-36,0,-36,-0.09424778,-5.40000,prps,1,827
35583,35.583,1,4004,54004,ladder_a11_lin_r02,prps,1503,75,0.644535,-39,0,-39,-0.10210176,-5.85000,prps,1,828
35588,35.588,1,4004,54004,ladder_a11_lin_r02,prps,1496,68,0.583639,-42,0,-42,-0.10995574,-6.30000,prps,1,829
35593,35.593,1,4004,54004,ladder_a11_lin_r02,prps,1488,60,0.512504,-43,0,-43,-0.11257374,-6.45000,prps,1,830
35598,35.598,1,4004,54004,ladder_a11_lin_r02,prps,1479,51,0.435956,-44,0,-44,-0.11519173,-6.60000,prps,1,831
35603,35.603,1,4004,54004,ladder_a11_lin_r02,prps,1470,42,0.358773,-43,0,-43,-0.11257374,-6.45000,prps,1,832
35608,35.608,1,4004,54004,ladder_a11_lin_r02,prps,1461,33,0.285263,-42,0,-42,-0.10995574,-6.30000,prps,1,833
35613,35.613,1,4004,54004,ladder_a11_lin_r02,prps,1454,26,0.218901,-39,0,-39,-0.10210176,-5.85000,prps,1,834
35618,35.618,1,4004,54004,ladder_a11_lin_r02,prps,1447,19,0.162103,-36,0,-36,-0.09424778,-5.40000,prps,1,835
35623,35.623,1,4004,54004,ladder_a11_lin_r02,prps,1442,14,0.116123,-32,0,-32,-0.08377580,-4.80000,prps,1,836
35628,35.628,1,4004,54004,ladder_a11_lin_r02,prps,1437,9,0.081106,-27,0,-27,-0.07068583,-4.05000,prps,1,837
35633,35.633,1,4004,54004,ladder_a11_lin_r02,prps,1435,7,0.056265,-23,0,-23,-0.06021386,-3.45000,prps,1,838
35638,35.638,1,4004,54004,ladder_a11_lin_r02,prps,1433,5,0.040155,-19,0,-19,-0.04974188,-2.85000,prps,1,839
35643,35.643,1,4004,54004,ladder_a11_lin_r02,prps,1432,4,0.031002,-15,0,-15,-0.03926991,-2.25000,prps,1,840
35648,35.648,1,4004,54004,ladder_a11_lin_r02,prps,1431,3,0.027032,-11,0,-11,-0.02879793,-1.65000,prps,1,841
35653,35.653,1,4004,54004,ladder_a11_lin_r02,prps,1431,3,0.026742,-9,0,-9,-0.02356194,-1.35000,prps,1,842
35658,35.658,1,4004,54004,ladder_a11_lin_r02,prps,1431,3,0.029099,-7,0,-7,-0.01832596,-1.05000,prps,1,843
35663,35.663,1,4004,54004,ladder_a11_lin_r02,prps,1432,4,0.033600,-5,0,-5,-0.01308997,-0.75000,prps,1,844
35668,35.668,1,4004,54004,ladder_a11_lin_r02,prps,1433,5,0.040227,-4,0,-4,-0.01047198,-0.60000,prps,1,845
35673,35.673,1,4004,54004,ladder_a11_lin_r02,prps,1434,6,0.049286,-3,0,-3,-0.00785398,-0.45000,prps,1,846
35678,35.678,1,4004,54004,ladder_a11_lin_r02,prps,1435,7,0.061161,-3,0,-3,-0.00785398,-0.45000,prps,1,847
35683,35.683,1,4004,54004,ladder_a11_lin_r02,prps,1437,9,0.076046,-3,0,-3,-0.00785398,-0.45000,prps,1,848
35688,35.688,1,4004,54004,ladder_a11_lin_r02,prps,1439,11,0.093697,-3,0,-3,-0.00785398,-0.45000,prps,1,849
35693,35.693,1,4004,54004,ladder_a11_lin_r02,prps,1441,13,0.113249,-3,0,-3,-0.00785398,-0.45000,prps,1,850
35698,35.698,1,4004,54004,ladder_a11_lin_r02,prps,1444,16,0.133153,-3,0,-3,-0.00785398,-0.45000,prps,1,851
35703,35.703,1,4004,54004,ladder_a11_lin_r02,prps,1446,18,0.151259,-3,0,-3,-0.00785398,-0.45000,prps,1,852
35708,35.708,1,4004,54004,ladder_a11_lin_r02,prps,1447,19,0.165023,-3,0,-3,-0.00785398,-0.45000,prps,1,853
35713,35.713,1,4004,54004,ladder_a11_lin_r02,prps,1448,20,0.171857,-4,0,-4,-0.01047198,-0.60000,prps,1,854
35718,35.718,1,4004,54004,ladder_a11_lin_r02,prps,1448,20,0.169536,-5,0,-5,-0.01308997,-0.75000,prps,1,855
35723,35.723,1,4004,54004,ladder_a11_lin_r02,prps,1446,18,0.156635,-6,0,-6,-0.01570796,-0.90000,prps,1,856
35728,35.728,1,4004,54004,ladder_a11_lin_r02,prps,1444,16,0.132904,-7,0,-7,-0.01832596,-1.05000,prps,1,857
35733,35.733,1,4004,54004,ladder_a11_lin_r02,prps,1440,12,0.099525,-7,0,-7,-0.01832596,-1.05000,prps,1,858
35738,35.738,1,4004,54004,ladder_a11_lin_r02,prps,1435,7,0.059186,-7,0,-7,-0.01832596,-1.05000,prps,1,859
35743,35.743,1,4004,54004,ladder_a11_lin_r02,prps,1430,2,0.015943,-7,0,-7,-0.01832596,-1.05000,prps,1,860
35748,35.748,1,4004,54004,ladder_a11_lin_r02,prps,1425,-3,-0.025142,-7,0,-7,-0.01832596,-1.05000,prps,1,861
35753,35.753,1,4004,54004,ladder_a11_lin_r02,prps,1421,-7,-0.058563,-6,0,-6,-0.01570796,-0.90000,prps,1,862
35758,35.758,1,4004,54004,ladder_a11_lin_r02,prps,1419,-9,-0.079065,-5,0,-5,-0.01308997,-0.75000,prps,1,863
35763,35.763,1,4004,54004,ladder_a11_lin_r02,prps,1418,-10,-0.082402,-3,0,-3,-0.00785398,-0.45000,prps,1,864
35768,35.768,1,4004,54004,ladder_a11_lin_r02,prps,1420,-8,-0.066054,0,0,0,0.00000000,0.00000,prps,1,865
35773,35.773,1,4004,54004,ladder_a11_lin_r02,prps,1425,-3,-0.029790,2,0,2,0.00523599,0.30000,prps,1,866
35778,35.778,1,4004,54004,ladder_a11_lin_r02,prps,1431,3,0.024000,4,0,4,0.01047198,0.60000,prps,1,867
35783,35.783,1,4004,54004,ladder_a11_lin_r02,prps,1439,11,0.090284,5,0,5,0.01308997,0.75000,prps,1,868
35788,35.788,1,4004,54004,ladder_a11_lin_r02,prps,1447,19,0.161713,4,0,4,0.01047198,0.60000,prps,1,869
35793,35.793,1,4004,54004,ladder_a11_lin_r02,prps,1455,27,0.229281,3,0,3,0.00785398,0.45000,prps,1,870
35798,35.798,1,4004,54004,ladder_a11_lin_r02,prps,1461,33,0.283265,2,0,2,0.00523599,0.30000,prps,1,871
35803,35.803,1,4004,54004,ladder_a11_lin_r02,prps,1465,37,0.314356,-1,0,-1,-0.00261799,-0.15000,prps,1,872
35808,35.808,1,4004,54004,ladder_a11_lin_r02,prps,1465,37,0.314845,-3,0,-3,-0.00785398,-0.45000,prps,1,873
35813,35.813,1,4004,54004,ladder_a11_lin_r02,prps,1461,33,0.279732,-6,0,-6,-0.01570796,-0.90000,prps,1,874
35818,35.818,1,4004,54004,ladder_a11_lin_r02,prps,1452,24,0.207594,-10,0,-10,-0.02617994,-1.50000,prps,1,875
35823,35.823,1,4004,54004,ladder_a11_lin_r02,prps,1440,12,0.101107,-13,0,-13,-0.03403392,-1.95000,prps,1,876
35828,35.828,1,4004,54004,ladder_a11_lin_r02,prps,1424,-4,-0.032890,-14,0,-14,-0.03665191,-2.10000,prps,1,877
35833,35.833,1,4004,54004,ladder_a11_lin_r02,prps,1406,-22,-0.183821,-13,0,-13,-0.03403392,-1.95000,prps,1,878
35838,35.838,1,4004,54004,ladder_a11_lin_r02,prps,1388,-40,-0.338276,-13,0,-13,-0.03403392,-1.95000,prps,1,879
35843,35.843,1,4004,54004,ladder_a11_lin_r02,prps,1372,-56,-0.481315,-9,0,-9,-0.02356194,-1.35000,prps,1,880
35848,35.848,1,4004,54004,ladder_a11_lin_r02,prps,1358,-70,-0.598042,-4,0,-4,-0.01047198,-0.60000,prps,1,881
35853,35.853,1,4004,54004,ladder_a11_lin_r02,prps,1349,-79,-0.675281,3,0,3,0.00785398,0.45000,prps,1,882
35858,35.858,1,4004,54004,ladder_a11_lin_r02,prps,1346,-82,-0.703168,11,0,11,0.02879793,1.65000,prps,1,883
35863,35.863,1,4004,54004,ladder_a11_lin_r02,prps,1349,-79,-0.676445,19,0,19,0.04974188,2.85000,prps,1,884
35868,35.868,1,4004,54004,ladder_a11_lin_r02,prps,1358,-70,-0.595322,26,0,26,0.06806784,3.90000,prps,1,885
35873,35.873,1,4004,54004,ladder_a11_lin_r02,prps,1374,-54,-0.465745,32,0,32,0.08377580,4.80000,prps,1,886
35878,35.878,1,4004,54004,ladder_a11_lin_r02,prps,1393,-35,-0.299045,37,0,37,0.09686577,5.55000,prps,1,887
35883,35.883,1,4004,54004,ladder_a11_lin_r02,prps,1415,-13,-0.110950,39,0,39,0.10210176,5.85000,prps,1,888
35888,35.888,1,4004,54004,ladder_a11_lin_r02,prps,1437,9,0.079928,39,0,39,0.10210176,5.85000,prps,1,889
35893,35.893,1,4004,54004,ladder_a11_lin_r02,prps,1458,30,0.254007,37,0,37,0.09686577,5.55000,prps,1,890
35898,35.898,1,4004,54004,ladder_a11_lin_r02,prps,1474,46,0.392815,32,0,32,0.08377580,4.80000,prps,1,891
35903,35.903,1,4004,54004,ladder_a11_lin_r02,prps,1484,56,0.481027,25,0,25,0.06544985,3.75000,prps,1,892
35908,35.908,1,4004,54004,ladder_a11_lin_r02,prps,1487,59,0.508220,16,0,16,0.04188790,2.40000,prps,1,893
35913,35.913,1,4004,54004,ladder_a11_lin_r02,prps,1483,55,0.470121,7,0,7,0.01832596,1.05000,prps,1,894
35918,35.918,1,4004,54004,ladder_a11_lin_r02,prps,1471,43,0.369218,-1,0,-1,-0.00261799,-0.15000,prps,1,895
35923,35.923,1,4004,54004,ladder_a11_lin_r02,prps,1453,25,0.214625,-9,0,-9,-0.02356194,-1.35000,prps,1,896
35928,35.928,1,4004,54004,ladder_a11_lin_r02,prps,1430,2,0.021206,-14,0,-14,-0.03665191,-2.10000,prps,1,897
35933,35.933,1,4004,54004,ladder_a11_lin_r02,prps,1406,-22,-0.191956,-16,0,-16,-0.04188790,-2.40000,prps,1,898
35938,35.938,1,4004,54004,ladder_a11_lin_r02,prps,1381,-47,-0.403581,-16,0,-16,-0.04188790,-2.40000,prps,1,899
35943,35.943,1,4004,54004,ladder_a11_lin_r02,prps,1359,-69,-0.592498,-12,0,-12,-0.03141592,-1.80000,prps,1,900
35948,35.948,1,4004,54004,ladder_a11_lin_r02,prps,1341,-87,-0.739953,-7,0,-7,-0.01832596,-1.05000,prps,1,901
35953,35.953,1,4004,54004,ladder_a11_lin_r02,prps,1331,-97,-0.831682,0,0,0,0.00000000,0.00000,prps,1,902
35958,35.958,1,4004,54004,ladder_a11_lin_r02,prps,1327,-101,-0.859483,10,0,10,0.02617994,1.50000,prps,1,903
35963,35.963,1,4004,54004,ladder_a11_lin_r02,prps,1332,-96,-0.822127,20,0,20,0.05235988,3.00000,prps,1,904
35968,35.968,1,4004,54004,ladder_a11_lin_r02,prps,1343,-85,-0.725476,29,0,29,0.07592182,4.35000,prps,1,905
35973,35.973,1,4004,54004,ladder_a11_lin_r02,prps,1360,-68,-0.581806,37,0,37,0.09686577,5.55000,prps,1,906
35978,35.978,1,4004,54004,ladder_a11_lin_r02,prps,1380,-48,-0.408397,42,0,42,0.10995574,6.30000,prps,1,907
35983,35.983,1,4004,54004,ladder_a11_lin_r02,prps,1402,-26,-0.225552,46,0,46,0.12042772,6.90000,prps,1,908
35988,35.988,1,4004,54004,ladder_a11_lin_r02,prps,1422,-6,-0.054276,45,0,45,0.11780972,6.75000,prps,1,909
35993,35.993,1,4004,54004,ladder_a11_lin_r02,prps,1438,10,0.086121,43,0,43,0.11257374,6.45000,prps,1,910
35998,35.998,1,4004,54004,ladder_a11_lin_r02,prps,1449,21,0.180225,39,0,39,0.10210176,5.85000,prps,1,911
36003,36.003,1,4004,54004,ladder_a11_lin_r02,prps,1454,26,0.218257,32,0,32,0.08377580,4.80000,prps,1,912
36008,36.008,1,4004,54004,ladder_a11_lin_r02,prps,1451,23,0.197164,25,0,25,0.06544985,3.75000,prps,1,913
36013,36.013,1,4004,54004,ladder_a11_lin_r02,prps,1442,14,0.120920,17,0,17,0.04450589,2.55000,prps,1,914
36018,36.018,1,4004,54004,ladder_a11_lin_r02,prps,1428,0,0.000019,10,0,10,0.02617994,1.50000,prps,1,915
36023,36.023,1,4004,54004,ladder_a11_lin_r02,prps,1410,-18,-0.149780,6,0,6,0.01570796,0.90000,prps,1,916
36028,36.028,1,4004,54004,ladder_a11_lin_r02,prps,1392,-36,-0.309309,3,0,3,0.00785398,0.45000,prps,1,917
36033,36.033,1,4004,54004,ladder_a11_lin_r02,prps,1374,-54,-0.458229,4,0,4,0.01047198,0.60000,prps,1,918
36038,36.038,1,4004,54004,ladder_a11_lin_r02,prps,1360,-68,-0.577374,5,0,5,0.01308997,0.75000,prps,1,919
36043,36.043,1,4004,54004,ladder_a11_lin_r02,prps,1352,-76,-0.650937,9,0,9,0.02356194,1.35000,prps,1,920
36048,36.048,1,4004,54004,ladder_a11_lin_r02,prps,1350,-78,-0.668244,15,0,15,0.03926991,2.25000,prps,1,921
36053,36.053,1,4004,54004,ladder_a11_lin_r02,prps,1355,-73,-0.624904,22,0,22,0.05759586,3.30000,prps,1,922
36058,36.058,1,4004,54004,ladder_a11_lin_r02,prps,1367,-61,-0.523219,28,0,28,0.07330382,4.20000,prps,1,923
36063,36.063,1,4004,54004,ladder_a11_lin_r02,prps,1384,-44,-0.371815,33,0,33,0.08639380,4.95000,prps,1,924
36068,36.068,1,4004,54004,ladder_a11_lin_r02,prps,1406,-22,-0.184541,37,0,37,0.09686577,5.55000,prps,1,925
36073,36.073,1,4004,54004,ladder_a11_lin_r02,prps,1430,2,0.021204,37,0,37,0.09686577,5.55000,prps,1,926
36078,36.078,1,4004,54004,ladder_a11_lin_r02,prps,1455,27,0.226520,37,0,37,0.09686577,5.55000,prps,1,927
36083,36.083,1,4004,54004,ladder_a11_lin_r02,prps,1476,48,0.413172,33,0,33,0.08639380,4.95000,prps,1,928
36088,36.088,1,4004,54004,ladder_a11_lin_r02,prps,1494,66,0.565618,26,0,26,0.06806784,3.90000,prps,1,929
36093,36.093,1,4004,54004,ladder_a11_lin_r02,prps,1507,79,0.672655,18,0,18,0.04712389,2.70000,prps,1,930
36098,36.098,1,4004,54004,ladder_a11_lin_r02,prps,1513,85,0.728496,9,0,9,0.02356194,1.35000,prps,1,931
36103,36.103,1,4004,54004,ladder_a11_lin_r02,prps,1514,86,0.733167,-1,0,-1,-0.00261799,-0.15000,prps,1,932
36108,36.108,1,4004,54004,ladder_a11_lin_r02,prps,1509,81,0.692194,-10,0,-10,-0.02617994,-1.50000,prps,1,933
36113,36.113,1,4004,54004,ladder_a11_lin_r02,prps,1500,72,0.615633,-19,0,-19,-0.04974188,-2.85000,prps,1,934
36118,36.118,1,4004,54004,ladder_a11_lin_r02,prps,1488,60,0.516596,-26,0,-26,-0.06806784,-3.90000,prps,1,935
36123,36.123,1,4004,54004,ladder_a11_lin_r02,prps,1476,48,0.409463,-31,0,-31,-0.08115781,-4.65000,prps,1,936
36128,36.128,1,4004,54004,ladder_a11_lin_r02,prps,1464,36,0.308013,-33,0,-33,-0.08639380,-4.95000,prps,1,937
36133,36.133,1,4004,54004,ladder_a11_lin_r02,prps,1454,26,0.223719,-34,0,-34,-0.08901179,-5.10000,prps,1,938
36138,36.138,1,4004,54004,ladder_a11_lin_r02,prps,1447,19,0.164420,-34,0,-34,-0.08901179,-5.10000,prps,1,939
36143,36.143,1,4004,54004,ladder_a11_lin_r02,prps,1444,16,0.133516,-31,0,-31,-0.08115781,-4.65000,prps,1,940
36148,36.148,1,4004,54004,ladder_a11_lin_r02,prps,1443,15,0.129796,-28,0,-28,-0.07330382,-4.20000,prps,1,941
36153,36.153,1,4004,54004,ladder_a11_lin_r02,prps,1445,17,0.147883,-23,0,-23,-0.06021386,-3.45000,prps,1,942
36158,36.158,1,4004,54004,ladder_a11_lin_r02,prps,1449,21,0.179234,-20,0,-20,-0.05235988,-3.00000,prps,1,943
36163,36.163,1,4004,54004,ladder_a11_lin_r02,prps,1453,25,0.213543,-16,0,-16,-0.04188790,-2.40000,prps,1,944
36168,36.168,1,4004,54004,ladder_a11_lin_r02,prps,1456,28,0.240347,-14,0,-14,-0.03665191,-2.10000,prps,1,945
36173,36.173,1,4004,54004,ladder_a11_lin_r02,prps,1457,29,0.250614,-13,0,-13,-0.03403392,-1.95000,prps,1,946
36178,36.178,1,4004,54004,ladder_a11_lin_r02,prps,1456,28,0.238107,-13,0,-13,-0.03403392,-1.95000,prps,1,947
36183,36.183,1,4004,54004,ladder_a11_lin_r02,prps,1451,23,0.200321,-13,0,-13,-0.03403392,-1.95000,prps,1,948
36188,36.188,1,4004,54004,ladder_a11_lin_r02,prps,1444,16,0.138884,-13,0,-13,-0.03403392,-1.95000,prps,1,949
36193,36.193,1,4004,54004,ladder_a11_lin_r02,prps,1435,7,0.059363,-13,0,-13,-0.03403392,-1.95000,prps,1,950
36198,36.198,1,4004,54004,ladder_a11_lin_r02,prps,1425,-3,-0.029499,-13,0,-13,-0.03403392,-1.95000,prps,1,951
36203,36.203,1,4004,54004,ladder_a11_lin_r02,prps,1414,-14,-0.117001,-12,0,-12,-0.03141592,-1.80000,prps,1,952
36208,36.208,1,4004,54004,ladder_a11_lin_r02,prps,1406,-22,-0.192002,-10,0,-10,-0.02617994,-1.50000,prps,1,953
36213,36.213,1,4004,54004,ladder_a11_lin_r02,prps,1399,-29,-0.244530,-6,0,-6,-0.01570796,-0.90000,prps,1,954
36218,36.218,1,4004,54004,ladder_a11_lin_r02,prps,1397,-31,-0.267249,-2,0,-2,-0.00523599,-0.30000,prps,1,955
36223,36.223,1,4004,54004,ladder_a11_lin_r02,prps,1398,-30,-0.256597,2,0,2,0.00523599,0.30000,prps,1,956
36228,36.228,1,4004,54004,ladder_a11_lin_r02,prps,1403,-25,-0.213431,7,0,7,0.01832596,1.05000,prps,1,957
36233,36.233,1,4004,54004,ladder_a11_lin_r02,prps,1411,-17,-0.143074,11,0,11,0.02879793,1.65000,prps,1,958
36238,36.238,1,4004,54004,ladder_a11_lin_r02,prps,1422,-6,-0.054754,13,0,13,0.03403392,1.95000,prps,1,959
36243,36.243,1,4004,54004,ladder_a11_lin_r02,prps,1433,5,0.039494,15,0,15,0.03926991,2.25000,prps,1,960
36248,36.248,1,4004,54004,ladder_a11_lin_r02,prps,1443,15,0.126352,15,0,15,0.03926991,2.25000,prps,1,961
36253,36.253,1,4004,54004,ladder_a11_lin_r02,prps,1451,23,0.192942,13,0,13,0.03403392,1.95000,prps,1,962
36258,36.258,1,4004,54004,ladder_a11_lin_r02,prps,1455,27,0.228558,10,0,10,0.02617994,1.50000,prps,1,963
36263,36.263,1,4004,54004,ladder_a11_lin_r02,prps,1454,26,0.226150,6,0,6,0.01570796,0.90000,prps,1,964
36268,36.268,1,4004,54004,ladder_a11_lin_r02,prps,1449,21,0.183380,3,0,3,0.00785398,0.45000,prps,1,965
36273,36.273,1,4004,54004,ladder_a11_lin_r02,prps,1440,12,0.103096,-1,0,-1,-0.00261799,-0.15000,prps,1,966
36278,36.278,1,4004,54004,ladder_a11_lin_r02,prps,1427,-1,-0.006852,-4,0,-4,-0.01047198,-0.60000,prps,1,967
36283,36.283,1,4004,54004,ladder_a11_lin_r02,prps,1412,-16,-0.134449,-6,0,-6,-0.01570796,-0.90000,prps,1,968
36288,36.288,1,4004,54004,ladder_a11_lin_r02,prps,1397,-31,-0.264905,-6,0,-6,-0.01570796,-0.90000,prps,1,969
36293,36.293,1,4004,54004,ladder_a11_lin_r02,prps,1383,-45,-0.382440,-5,0,-5,-0.01308997,-0.75000,prps,1,970
36298,36.298,1,4004,54004,ladder_a11_lin_r02,prps,1373,-55,-0.472244,-2,0,-2,-0.00523599,-0.30000,prps,1,971
36303,36.303,1,4004,54004,ladder_a11_lin_r02,prps,1367,-61,-0.522368,3,0,3,0.00785398,0.45000,prps,1,972
36308,36.308,1,4004,54004,ladder_a11_lin_r02,prps,1367,-61,-0.525315,9,0,9,0.02356194,1.35000,prps,1,973
36313,36.313,1,4004,54004,ladder_a11_lin_r02,prps,1372,-56,-0.479111,16,0,16,0.04188790,2.40000,prps,1,974
36318,36.318,1,4004,54004,ladder_a11_lin_r02,prps,1383,-45,-0.387726,21,0,21,0.05497787,3.15000,prps,1,975
36323,36.323,1,4004,54004,ladder_a11_lin_r02,prps,1397,-31,-0.260772,26,0,26,0.06806784,3.90000,prps,1,976
36328,36.328,1,4004,54004,ladder_a11_lin_r02,prps,1415,-13,-0.112499,28,0,28,0.07330382,4.20000,prps,1,977
36333,36.333,1,4004,54004,ladder_a11_lin_r02,prps,1433,5,0.039790,29,0,29,0.07592182,4.35000,prps,1,978
36338,36.338,1,4004,54004,ladder_a11_lin_r02,prps,1449,21,0.177743,29,0,29,0.07592182,4.35000,prps,1,979
36343,36.343,1,4004,54004,ladder_a11_lin_r02,prps,1461,33,0.284126,25,0,25,0.06544985,3.75000,prps,1,980
36348,36.348,1,4004,54004,ladder_a11_lin_r02,prps,1468,40,0.344906,19,0,19,0.04974188,2.85000,prps,1,981
36353,36.353,1,4004,54004,ladder_a11_lin_r02,prps,1469,41,0.350999,13,0,13,0.03403392,1.95000,prps,1,982
36358,36.358,1,4004,54004,ladder_a11_lin_r02,prps,1463,35,0.299469,6,0,6,0.01570796,0.90000,prps,1,983
36363,36.363,1,4004,54004,ladder_a11_lin_r02,prps,1451,23,0.194018,0,0,0,0.00000000,0.00000,prps,1,984
36368,36.368,1,4004,54004,ladder_a11_lin_r02,prps,1433,5,0.044721,-5,0,-5,-0.01308997,-0.75000,prps,1,985
36373,36.373,1,4004,54004,ladder_a11_lin_r02,prps,1412,-16,-0.132991,-8,0,-8,-0.02094395,-1.20000,prps,1,986
36378,36.378,1,4004,54004,ladder_a11_lin_r02,prps,1391,-37,-0.319978,-9,0,-9,-0.02356194,-1.35000,prps,1,987
36383,36.383,1,4004,54004,ladder_a11_lin_r02,prps,1370,-58,-0.495484,-8,0,-8,-0.02094395,-1.20000,prps,1,988
36388,36.388,1,4004,54004,ladder_a11_lin_r02,prps,1353,-75,-0.639439,-5,0,-5,-0.01308997,-0.75000,prps,1,989
36393,36.393,1,4004,54004,ladder_a11_lin_r02,prps,1342,-86,-0.734701,1,0,1,0.00261799,0.15000,prps,1,990
36398,36.398,1,4004,54004,ladder_a11_lin_r02,prps,1338,-90,-0.768988,9,0,9,0.02356194,1.35000,prps,1,991
36403,36.403,1,4004,54004,ladder_a11_lin_r02,prps,1342,-86,-0.736278,17,0,17,0.04450589,2.55000,prps,1,992
36408,36.408,1,4004,54004,ladder_a11_lin_r02,prps,1353,-75,-0.637513,26,0,26,0.06806784,3.90000,prps,1,993
36413,36.413,1,4004,54004,ladder_a11_lin_r02,prps,1372,-56,-0.480538,33,0,33,0.08639380,4.95000,prps,1,994
36418,36.418,1,4004,54004,ladder_a11_lin_r02,prps,1395,-33,-0.279279,38,0,38,0.09948376,5.70000,prps,1,995
36423,36.423,1,4004,54004,ladder_a11_lin_r02,prps,1422,-6,-0.052259,40,0,40,0.10471976,6.00000,prps,1,996
36428,36.428,1,4004,54004,ladder_a11_lin_r02,prps,1449,21,0.179368,40,0,40,0.10471976,6.00000,prps,1,997
36433,36.433,1,4004,54004,ladder_a11_lin_r02,prps,1474,46,0.394061,37,0,37,0.09686577,5.55000,prps,1,998
36438,36.438,1,4004,54004,ladder_a11_lin_r02,prps,1495,67,0.572138,31,0,31,0.08115781,4.65000,prps,1,999
36443,36.443,1,4004,54004,ladder_a11_lin_r02,prps,1510,82,0.697793,22,0,22,0.05759586,3.30000,prps,1,1000
36448,36.448,1,4004,54004,ladder_a11_lin_r02,prps,1517,89,0.760663,12,0,12,0.03141592,1.80000,prps,1,1001
36453,36.453,1,4004,54004,ladder_a11_lin_r02,prps,1517,89,0.756775,2,0,2,0.00523599,0.30000,prps,1,1002
36458,36.458,1,4004,54004,ladder_a11_lin_r02,prps,1509,81,0.688792,-8,0,-8,-0.02094395,-1.20000,prps,1,1003
36463,36.463,1,4004,54004,ladder_a11_lin_r02,prps,1494,66,0.565551,-18,0,-18,-0.04712389,-2.70000,prps,1,1004
36468,36.468,1,4004,54004,ladder_a11_lin_r02,prps,1475,47,0.400950,-25,0,-25,-0.06544985,-3.75000,prps,1,1005
36473,36.473,1,4004,54004,ladder_a11_lin_r02,prps,1453,25,0.212345,-30,0,-30,-0.07853982,-4.50000,prps,1,1006
36478,36.478,1,4004,54004,ladder_a11_lin_r02,prps,1430,2,0.018628,-32,0,-32,-0.08377580,-4.80000,prps,1,1007
36483,36.483,1,4004,54004,ladder_a11_lin_r02,prps,1409,-19,-0.161783,-32,0,-32,-0.08377580,-4.80000,prps,1,1008
36488,36.488,1,4004,54004,ladder_a11_lin_r02,prps,1391,-37,-0.312820,-29,0,-29,-0.07592182,-4.35000,prps,1,1009
36493,36.493,1,4004,54004,ladder_a11_lin_r02,prps,1379,-49,-0.422319,-23,0,-23,-0.06021386,-3.45000,prps,1,1010
36498,36.498,1,4004,54004,ladder_a11_lin_r02,prps,1371,-57,-0.483090,-15,0,-15,-0.03926991,-2.25000,prps,1,1011
36503,36.503,1,4004,54004,ladder_a11_lin_r02,prps,1370,-58,-0.493408,-7,0,-7,-0.01832596,-1.05000,prps,1,1012
36508,36.508,1,4004,54004,ladder_a11_lin_r02,prps,1375,-53,-0.456911,1,0,1,0.00261799,0.15000,prps,1,1013
36513,36.513,1,4004,54004,ladder_a11_lin_r02,prps,1383,-45,-0.381934,9,0,9,0.02356194,1.35000,prps,1,1014
36518,36.518,1,4004,54004,ladder_a11_lin_r02,prps,1395,-33,-0.280381,16,0,16,0.04188790,2.40000,prps,1,1015
36523,36.523,1,4004,54004,ladder_a11_lin_r02,prps,1409,-19,-0.166292,20,0,20,0.05235988,3.00000,prps,1,1016
36528,36.528,1,4004,54004,ladder_a11_lin_r02,prps,1422,-6,-0.054259,23,0,23,0.06021386,3.45000,prps,1,1017
36533,36.533,1,4004,54004,ladder_a11_lin_r02,prps,1433,5,0.042114,23,0,23,0.06021386,3.45000,prps,1,1018
36538,36.538,1,4004,54004,ladder_a11_lin_r02,prps,1441,13,0.111567,22,0,22,0.05759586,3.30000,prps,1,1019
36543,36.543,1,4004,54004,ladder_a11_lin_r02,prps,1445,17,0.146204,19,0,19,0.04974188,2.85000,prps,1,1020
36548,36.548,1,4004,54004,ladder_a11_lin_r02,prps,1445,17,0.142110,14,0,14,0.03665191,2.10000,prps,1,1021
36553,36.553,1,4004,54004,ladder_a11_lin_r02,prps,1440,12,0.099520,10,0,10,0.02617994,1.50000,prps,1,1022
36558,36.558,1,4004,54004,ladder_a11_lin_r02,prps,1431,3,0.022558,6,0,6,0.01570796,0.90000,prps,1,1023
36563,36.563,1,4004,54004,ladder_a11_lin_r02,prps,1418,-10,-0.081385,2,0,2,0.00523599,0.30000,prps,1,1024
36568,36.568,1,4004,54004,ladder_a11_lin_r02,prps,1404,-24,-0.202558,1,0,1,0.00261799,0.15000,prps,1,1025
36573,36.573,1,4004,54004,ladder_a11_lin_r02,prps,1389,-39,-0.329905,1,0,1,0.00261799,0.15000,prps,1,1026
36578,36.578,1,4004,54004,ladder_a11_lin_r02,prps,1375,-53,-0.452170,1,0,1,0.00261799,0.15000,prps,1,1027
36583,36.583,1,4004,54004,ladder_a11_lin_r02,prps,1363,-65,-0.558919,5,0,5,0.01308997,0.75000,prps,1,1028
36588,36.588,1,4004,54004,ladder_a11_lin_r02,prps,1353,-75,-0.641408,10,0,10,0.02617994,1.50000,prps,1,1029
36593,36.593,1,4004,54004,ladder_a11_lin_r02,prps,1347,-81,-0.693214,16,0,16,0.04188790,2.40000,prps,1,1030
36598,36.598,1,4004,54004,ladder_a11_lin_r02,prps,1345,-83,-0.710617,22,0,22,0.05759586,3.30000,prps,1,1031
36603,36.603,1,4004,54004,ladder_a11_lin_r02,prps,1347,-81,-0.692709,28,0,28,0.07330382,4.20000,prps,1,1032
36608,36.608,1,4004,54004,ladder_a11_lin_r02,prps,1353,-75,-0.641270,34,0,34,0.08901179,5.10000,prps,1,1033
36613,36.613,1,4004,54004,ladder_a11_lin_r02,prps,1362,-66,-0.560455,39,0,39,0.10210176,5.85000,prps,1,1034
36618,36.618,1,4004,54004,ladder_a11_lin_r02,prps,1375,-53,-0.456332,42,0,42,0.10995574,6.30000,prps,1,1035
36623,36.623,1,4004,54004,ladder_a11_lin_r02,prps,1389,-39,-0.336343,44,0,44,0.11519173,6.60000,prps,1,1036
36628,36.628,1,4004,54004,ladder_a11_lin_r02,prps,1404,-24,-0.208733,44,0,44,0.11519173,6.60000,prps,1,1037
36633,36.633,1,4004,54004,ladder_a11_lin_r02,prps,1418,-10,-0.081986,42,0,42,0.10995574,6.30000,prps,1,1038
36638,36.638,1,4004,54004,ladder_a11_lin_r02,prps,1432,4,0.035695,40,0,40,0.10471976,6.00000,prps,1,1039
36643,36.643,1,4004,54004,ladder_a11_lin_r02,prps,1444,16,0.136850,34,0,34,0.08901179,5.10000,prps,1,1040
36648,36.648,1,4004,54004,ladder_a11_lin_r02,prps,1453,25,0.215162,28,0,28,0.07330382,4.20000,prps,1,1041
36653,36.653,1,4004,54004,ladder_a11_lin_r02,prps,1459,31,0.265782,22,0,22,0.05759586,3.30000,prps,1,1042
36658,36.658,1,4004,54004,ladder_a11_lin_r02,prps,1461,33,0.285591,15,0,15,0.03926991,2.25000,prps,1,1043
36663,36.663,1,4004,54004,ladder_a11_lin_r02,prps,1460,32,0.273382,9,0,9,0.02356194,1.35000,prps,1,1044
36668,36.668,1,4004,54004,ladder_a11_lin_r02,prps,1455,27,0.229963,3,0,3,0.00785398,0.45000,prps,1,1045
36673,36.673,1,4004,54004,ladder_a11_lin_r02,prps,1447,19,0.158171,-2,0,-2,-0.00523599,-0.30000,prps,1,1046
36678,36.678,1,4004,54004,ladder_a11_lin_r02,prps,1435,7,0.062772,-5,0,-5,-0.01308997,-0.75000,prps,1,1047
36683,36.683,1,4004,54004,ladder_a11_lin_r02,prps,1422,-6,-0.049768,-8,0,-8,-0.02094395,-1.20000,prps,1,1048
36688,36.688,1,4004,54004,ladder_a11_lin_r02,prps,1408,-20,-0.171634,-8,0,-8,-0.02094395,-1.20000,prps,1,1049
36693,36.693,1,4004,54004,ladder_a11_lin_r02,prps,1394,-34,-0.294153,-7,0,-7,-0.01832596,-1.05000,prps,1,1050
36698,36.698,1,4004,54004,ladder_a11_lin_r02,prps,1380,-48,-0.408408,-4,0,-4,-0.01047198,-0.60000,prps,1,1051
36703,36.703,1,4004,54004,ladder_a11_lin_r02,prps,1369,-59,-0.505919,-2,0,-2,-0.00523599,-0.30000,prps,1,1052
36708,36.708,1,4004,54004,ladder_a11_lin_r02,prps,1360,-68,-0.579376,4,0,4,0.01047198,0.60000,prps,1,1053
36713,36.713,1,4004,54004,ladder_a11_lin_r02,prps,1355,-73,-0.623325,11,0,11,0.02879793,1.65000,prps,1,1054
36718,36.718,1,4004,54004,ladder_a11_lin_r02,prps,1354,-74,-0.634763,17,0,17,0.04450589,2.55000,prps,1,1055
36723,36.723,1,4004,54004,ladder_a11_lin_r02,prps,1356,-72,-0.613543,24,0,24,0.06283185,3.60000,prps,1,1056
36728,36.728,1,4004,54004,ladder_a11_lin_r02,prps,1362,-66,-0.562543,29,0,29,0.07592182,4.35000,prps,1,1057
36733,36.733,1,4004,54004,ladder_a11_lin_r02,prps,1371,-57,-0.487554,34,0,34,0.08901179,5.10000,prps,1,1058
36738,36.738,1,4004,54004,ladder_a11_lin_r02,prps,1382,-46,-0.396860,37,0,37,0.09686577,5.55000,prps,1,1059
36743,36.743,1,4004,54004,ladder_a11_lin_r02,prps,1393,-35,-0.300529,38,0,38,0.09948376,5.70000,prps,1,1060
36748,36.748,1,4004,54004,ladder_a11_lin_r02,prps,1403,-25,-0.209481,38,0,38,0.09948376,5.70000,prps,1,1061
36753,36.753,1,4004,54004,ladder_a11_lin_r02,prps,1412,-16,-0.134391,38,0,38,0.09948376,5.70000,prps,1,1062
36758,36.758,1,4004,54004,ladder_a11_lin_r02,prps,1418,-10,-0.084564,36,0,36,0.09424778,5.40000,prps,1,1063
36763,36.763,1,4004,54004,ladder_a11_lin_r02,prps,1420,-8,-0.066879,32,0,32,0.08377580,4.80000,prps,1,1064
36768,36.768,1,4004,54004,ladder_a11_lin_r02,prps,1418,-10,-0.084944,27,0,27,0.07068583,4.05000,prps,1,1065
36773,36.773,1,4004,54004,ladder_a11_lin_r02,prps,1412,-16,-0.138564,23,0,23,0.06021386,3.45000,prps,1,1066
36778,36.778,1,4004,54004,ladder_a11_lin_r02,prps,1402,-26,-0.223595,19,0,19,0.04974188,2.85000,prps,1,1067
36783,36.783,1,4004,54004,ladder_a11_lin_r02,prps,1389,-39,-0.332233,17,0,17,0.04450589,2.55000,prps,1,1068
36788,36.788,1,4004,54004,ladder_a11_lin_r02,prps,1375,-53,-0.453727,16,0,16,0.04188790,2.40000,prps,1,1069
36793,36.793,1,4004,54004,ladder_a11_lin_r02,prps,1361,-67,-0.575449,16,0,16,0.04188790,2.40000,prps,1,1070
36798,36.798,1,4004,54004,ladder_a11_lin_r02,prps,1348,-80,-0.684227,17,0,17,0.04450589,2.55000,prps,1,1071
36803,36.803,1,4004,54004,ladder_a11_lin_r02,prps,1338,-90,-0.767790,21,0,21,0.05497787,3.15000,prps,1,1072
36808,36.808,1,4004,54004,ladder_a11_lin_r02,prps,1333,-95,-0.816179,26,0,26,0.06806784,3.90000,prps,1,1073
36813,36.813,1,4004,54004,ladder_a11_lin_r02,prps,1332,-96,-0.822945,32,0,32,0.08377580,4.80000,prps,1,1074
36818,36.818,1,4004,54004,ladder_a11_lin_r02,prps,1336,-92,-0.785997,38,0,38,0.09948376,5.70000,prps,1,1075
36823,36.823,1,4004,54004,ladder_a11_lin_r02,prps,1345,-83,-0.707988,44,0,44,0.11519173,6.60000,prps,1,1076
36828,36.828,1,4004,54004,ladder_a11_lin_r02,prps,1358,-70,-0.596179,48,0,48,0.12566370,7.20000,prps,1,1077
36833,36.833,1,4004,54004,ladder_a11_lin_r02,prps,1374,-54,-0.461767,51,0,51,0.13351768,7.65000,prps,1,1078
36838,36.838,1,4004,54004,ladder_a11_lin_r02,prps,1391,-37,-0.318762,52,0,52,0.13613568,7.80000,prps,1,1079
36843,36.843,1,4004,54004,ladder_a11_lin_r02,prps,1407,-21,-0.182493,50,0,50,0.13089970,7.50000,prps,1,1080
36848,36.848,1,4004,54004,ladder_a11_lin_r02,prps,1420,-8,-0.067936,47,0,47,0.12304571,7.05000,prps,1,1081
36853,36.853,1,4004,54004,ladder_a11_lin_r02,prps,1429,1,0.011971,42,0,42,0.10995574,6.30000,prps,1,1082
36858,36.858,1,4004,54004,ladder_a11_lin_r02,prps,1434,6,0.047821,37,0,37,0.09686577,5.55000,prps,1,1083
36863,36.863,1,4004,54004,ladder_a11_lin_r02,prps,1432,4,0.034877,31,0,31,0.08115781,4.65000,prps,1,1084
36868,36.868,1,4004,54004,ladder_a11_lin_r02,prps,1425,-3,-0.026303,24,0,24,0.06283185,3.60000,prps,1,1085
36873,36.873,1,4004,54004,ladder_a11_lin_r02,prps,1413,-15,-0.129809,19,0,19,0.04974188,2.85000,prps,1,1086
36878,36.878,1,4004,54004,ladder_a11_lin_r02,prps,1397,-31,-0.264932,15,0,15,0.03926991,2.25000,prps,1,1087
36883,36.883,1,4004,54004,ladder_a11_lin_r02,prps,1379,-49,-0.417261,12,0,12,0.03141592,1.80000,prps,1,1088
36888,36.888,1,4004,54004,ladder_a11_lin_r02,prps,1361,-67,-0.570206,12,0,12,0.03141592,1.80000,prps,1,1089
36893,36.893,1,4004,54004,ladder_a11_lin_r02,prps,1345,-83,-0.706793,13,0,13,0.03403392,1.95000,prps,1,1090
36898,36.898,1,4004,54004,ladder_a11_lin_r02,prps,1333,-95,-0.811509,17,0,17,0.04450589,2.55000,prps,1,1091
36903,36.903,1,4004,54004,ladder_a11_lin_r02,prps,1326,-102,-0.872007,23,0,23,0.06021386,3.45000,prps,1,1092
36908,36.908,1,4004,54004,ladder_a11_lin_r02,prps,1325,-103,-0.880467,30,0,30,0.07853982,4.50000,prps,1,1093
36913,36.913,1,4004,54004,ladder_a11_lin_r02,prps,1330,-98,-0.834449,37,0,37,0.09686577,5.55000,prps,1,1094
36918,36.918,1,4004,54004,ladder_a11_lin_r02,prps,1342,-86,-0.737155,43,0,43,0.11257374,6.45000,prps,1,1095
36923,36.923,1,4004,54004,ladder_a11_lin_r02,prps,1358,-70,-0.597054,49,0,49,0.12828170,7.35000,prps,1,1096
36928,36.928,1,4004,54004,ladder_a11_lin_r02,prps,1378,-50,-0.426917,52,0,52,0.13613568,7.80000,prps,1,1097
36933,36.933,1,4004,54004,ladder_a11_lin_r02,prps,1400,-28,-0.242373,52,0,52,0.13613568,7.80000,prps,1,1098
36938,36.938,1,4004,54004,ladder_a11_lin_r02,prps,1421,-7,-0.060147,51,0,51,0.13351768,7.65000,prps,1,1099
36943,36.943,1,4004,54004,ladder_a11_lin_r02,prps,1440,12,0.103809,47,0,47,0.12304571,7.05000,prps,1,1100
36948,36.948,1,4004,54004,ladder_a11_lin_r02,prps,1456,28,0.236087,41,0,41,0.10733775,6.15000,prps,1,1101
36953,36.953,1,4004,54004,ladder_a11_lin_r02,prps,1466,38,0.327286,35,0,35,0.09162979,5.25000,prps,1,1102
36958,36.958,1,4004,54004,ladder_a11_lin_r02,prps,1472,44,0.373001,26,0,26,0.06806784,3.90000,prps,1,1103
36963,36.963,1,4004,54004,ladder_a11_lin_r02,prps,1472,44,0.374234,18,0,18,0.04712389,2.70000,prps,1,1104
36968,36.968,1,4004,54004,ladder_a11_lin_r02,prps,1467,39,0.337173,9,0,9,0.02356194,1.35000,prps,1,1105
36973,36.973,1,4004,54004,ladder_a11_lin_r02,prps,1460,32,0.272373,2,0,2,0.00523599,0.30000,prps,1,1106
36978,36.978,1,4004,54004,ladder_a11_lin_r02,prps,1451,23,0.193443,-4,0,-4,-0.01047198,-0.60000,prps,1,1107
36983,36.983,1,4004,54004,ladder_a11_lin_r02,prps,1442,14,0.115392,-8,0,-8,-0.02094395,-1.20000,prps,1,1108
36988,36.988,1,4004,54004,ladder_a11_lin_r02,prps,1434,6,0.052820,-11,0,-11,-0.02879793,-1.65000,prps,1,1109
36993,36.993,1,4004,54004,ladder_a11_lin_r02,prps,1430,2,0.018188,-12,0,-12,-0.03141592,-1.80000,prps,1,1110
36998,36.998,1,4004,54004,ladder_a11_lin_r02,prps,1430,2,0.020335,-11,0,-11,-0.02879793,-1.65000,prps,1,1111
37003,37.003,1,4004,54004,ladder_a11_lin_r02,prps,1435,7,0.063440,-10,0,-10,-0.02617994,-1.50000,prps,1,1112
37008,37.008,1,4004,54004,ladder_a11_lin_r02,prps,1445,17,0.146530,-8,0,-8,-0.02094395,-1.20000,prps,1,1113
37013,37.013,1,4004,54004,ladder_a11_lin_r02,prps,1459,31,0.263591,-6,0,-6,-0.01570796,-0.90000,prps,1,1114
37018,37.018,1,4004,54004,ladder_a11_lin_r02,prps,1475,47,0.404255,-6,0,-6,-0.01570796,-0.90000,prps,1,1115
37023,37.023,1,4004,54004,ladder_a11_lin_r02,prps,1493,65,0.554992,-6,0,-6,-0.01570796,-0.90000,prps,1,1116
37028,37.028,1,4004,54004,ladder_a11_lin_r02,prps,1510,82,0.700651,-9,0,-9,-0.02356194,-1.35000,prps,1,1117
37033,37.033,1,4004,54004,ladder_a11_lin_r02,prps,1525,97,0.826181,-13,0,-13,-0.03403392,-1.95000,prps,1,1118
37038,37.038,1,4004,54004,ladder_a11_lin_r02,prps,1535,107,0.918319,-19,0,-19,-0.04974188,-2.85000,prps,1,1119
37043,37.043,1,4004,54004,ladder_a11_lin_r02,prps,1541,113,0.967069,-26,0,-26,-0.06806784,-3.90000,prps,1,1120
37048,37.048,1,4004,54004,ladder_a11_lin_r02,prps,1541,113,0.966802,-33,0,-33,-0.08639380,-4.95000,prps,1,1121
37053,37.053,1,4004,54004,ladder_a11_lin_r02,prps,1535,107,0.916847,-40,0,-40,-0.10471976,-6.00000,prps,1,1122
37058,37.058,1,4004,54004,ladder_a11_lin_r02,prps,1524,96,0.821538,-46,0,-46,-0.12042772,-6.90000,prps,1,1123
37063,37.063,1,4004,54004,ladder_a11_lin_r02,prps,1509,81,0.689703,-51,0,-51,-0.13351768,-7.65000,prps,1,1124
37068,37.068,1,4004,54004,ladder_a11_lin_r02,prps,1490,62,0.533669,-54,0,-54,-0.14137166,-8.10000,prps,1,1125
37073,37.073,1,4004,54004,ladder_a11_lin_r02,prps,1471,43,0.367910,-55,0,-55,-0.14398966,-8.25000,prps,1,1126
37078,37.078,1,4004,54004,ladder_a11_lin_r02,prps,1452,24,0.207490,-53,0,-53,-0.13875367,-7.95000,prps,1,1127
37083,37.083,1,4004,54004,ladder_a11_lin_r02,prps,1436,8,0.066479,-50,0,-50,-0.13089970,-7.50000,prps,1,1128
37088,37.088,1,4004,54004,ladder_a11_lin_r02,prps,1423,-5,-0.043477,-45,0,-45,-0.11780972,-6.75000,prps,1,1129
37093,37.093,1,4004,54004,ladder_a11_lin_r02,prps,1415,-13,-0.114284,-38,0,-38,-0.09948376,-5.70000,prps,1,1130
37098,37.098,1,4004,54004,ladder_a11_lin_r02,prps,1411,-17,-0.142111,-31,0,-31,-0.08115781,-4.65000,prps,1,1131
37103,37.103,1,4004,54004,ladder_a11_lin_r02,prps,1413,-15,-0.127619,-23,0,-23,-0.06021386,-3.45000,prps,1,1132
37108,37.108,1,4004,54004,ladder_a11_lin_r02,prps,1419,-9,-0.075700,-16,0,-16,-0.04188790,-2.40000,prps,1,1133
37113,37.113,1,4004,54004,ladder_a11_lin_r02,prps,1429,1,0.005222,-10,0,-10,-0.02617994,-1.50000,prps,1,1134
37118,37.118,1,4004,54004,ladder_a11_lin_r02,prps,1440,12,0.104244,-5,0,-5,-0.01308997,-0.75000,prps,1,1135
37123,37.123,1,4004,54004,ladder_a11_lin_r02,prps,1452,24,0.209248,-2,0,-2,-0.00523599,-0.30000,prps,1,1136
37128,37.128,1,4004,54004,ladder_a11_lin_r02,prps,1464,36,0.308240,-1,0,-1,-0.00261799,-0.15000,prps,1,1137
37133,37.133,1,4004,54004,ladder_a11_lin_r02,prps,1474,46,0.390609,-2,0,-2,-0.00523599,-0.30000,prps,1,1138
37138,37.138,1,4004,54004,ladder_a11_lin_r02,prps,1480,52,0.448172,-4,0,-4,-0.01047198,-0.60000,prps,1,1139
37143,37.143,1,4004,54004,ladder_a11_lin_r02,prps,1484,56,0.475909,-7,0,-7,-0.01832596,-1.05000,prps,1,1140
37148,37.148,1,4004,54004,ladder_a11_lin_r02,prps,1483,55,0.472316,-11,0,-11,-0.02879793,-1.65000,prps,1,1141
37153,37.153,1,4004,54004,ladder_a11_lin_r02,prps,1479,51,0.439362,-16,0,-16,-0.04188790,-2.40000,prps,1,1142
37158,37.158,1,4004,54004,ladder_a11_lin_r02,prps,1473,45,0.382079,-20,0,-20,-0.05235988,-3.00000,prps,1,1143
37163,37.163,1,4004,54004,ladder_a11_lin_r02,prps,1464,36,0.307847,-22,0,-22,-0.05759586,-3.30000,prps,1,1144
37168,37.168,1,4004,54004,ladder_a11_lin_r02,prps,1454,26,0.225474,-24,0,-24,-0.06283185,-3.60000,prps,1,1145
37173,37.173,1,4004,54004,ladder_a11_lin_r02,prps,1445,17,0.144173,-24,0,-24,-0.06283185,-3.60000,prps,1,1146
37178,37.178,1,4004,54004,ladder_a11_lin_r02,prps,1436,8,0.072563,-24,0,-24,-0.06283185,-3.60000,prps,1,1147
37183,37.183,1,4004,54004,ladder_a11_lin_r02,prps,1430,2,0.017796,-22,0,-22,-0.05759586,-3.30000,prps,1,1148
37188,37.188,1,4004,54004,ladder_a11_lin_r02,prps,1426,-2,-0.015111,-19,0,-19,-0.04974188,-2.85000,prps,1,1149
37193,37.193,1,4004,54004,ladder_a11_lin_r02,prps,1425,-3,-0.023681,-15,0,-15,-0.03926991,-2.25000,prps,1,1150
37198,37.198,1,4004,54004,ladder_a11_lin_r02,prps,1427,-1,-0.008081,-11,0,-11,-0.02879793,-1.65000,prps,1,1151
37203,37.203,1,4004,54004,ladder_a11_lin_r02,prps,1431,3,0.029035,-8,0,-8,-0.02094395,-1.20000,prps,1,1152
37208,37.208,1,4004,54004,ladder_a11_lin_r02,prps,1438,10,0.082936,-5,0,-5,-0.01308997,-0.75000,prps,1,1153
37213,37.213,1,4004,54004,ladder_a11_lin_r02,prps,1445,17,0.147400,-3,0,-3,-0.00785398,-0.45000,prps,1,1154
37218,37.218,1,4004,54004,ladder_a11_lin_r02,prps,1453,25,0.215402,-2,0,-2,-0.00523599,-0.30000,prps,1,1155
37223,37.223,1,4004,54004,ladder_a11_lin_r02,prps,1461,33,0.279838,-2,0,-2,-0.00523599,-0.30000,prps,1,1156
37228,37.228,1,4004,54004,ladder_a11_lin_r02,prps,1467,39,0.334190,-4,0,-4,-0.01047198,-0.60000,prps,1,1157
37233,37.233,1,4004,54004,ladder_a11_lin_r02,prps,1472,44,0.373096,-6,0,-6,-0.01570796,-0.90000,prps,1,1158
37238,37.238,1,4004,54004,ladder_a11_lin_r02,prps,1474,46,0.392763,-8,0,-8,-0.02094395,-1.20000,prps,1,1159
37243,37.243,1,4004,54004,ladder_a11_lin_r02,prps,1474,46,0.391203,-11,0,-11,-0.02879793,-1.65000,prps,1,1160
37248,37.248,1,4004,54004,ladder_a11_lin_r02,prps,1471,43,0.368299,-15,0,-15,-0.03926991,-2.25000,prps,1,1161
37253,37.253,1,4004,54004,ladder_a11_lin_r02,prps,1466,38,0.325695,-18,0,-18,-0.04712389,-2.70000,prps,1,1162
37258,37.258,1,4004,54004,ladder_a11_lin_r02,prps,1459,31,0.266564,-20,0,-20,-0.05235988,-3.00000,prps,1,1163
37263,37.263,1,4004,54004,ladder_a11_lin_r02,prps,1451,23,0.195262,-21,0,-21,-0.05497787,-3.15000,prps,1,1164
37268,37.268,1,4004,54004,ladder_a11_lin_r02,prps,1442,14,0.116931,-21,0,-21,-0.05497787,-3.15000,prps,1,1165
37273,37.273,1,4004,54004,ladder_a11_lin_r02,prps,1432,4,0.037076,-21,0,-21,-0.05497787,-3.15000,prps,1,1166
37278,37.278,1,4004,54004,ladder_a11_lin_r02,prps,1423,-5,-0.038848,-19,0,-19,-0.04974188,-2.85000,prps,1,1167
37283,37.283,1,4004,54004,ladder_a11_lin_r02,prps,1416,-12,-0.105804,-16,0,-16,-0.04188790,-2.40000,prps,1,1168
37288,37.288,1,4004,54004,ladder_a11_lin_r02,prps,1409,-19,-0.159491,-12,0,-12,-0.03141592,-1.80000,prps,1,1169
37293,37.293,1,4004,54004,ladder_a11_lin_r02,prps,1405,-23,-0.196592,-8,0,-8,-0.02094395,-1.20000,prps,1,1170
37298,37.298,1,4004,54004,ladder_a11_lin_r02,prps,1403,-25,-0.214945,-4,0,-4,-0.01047198,-0.60000,prps,1,1171
37303,37.303,1,4004,54004,ladder_a11_lin_r02,prps,1403,-25,-0.213648,0,0,0,0.00000000,0.00000,prps,1,1172
37308,37.308,1,4004,54004,ladder_a11_lin_r02,prps,1405,-23,-0.193082,4,0,4,0.01047198,0.60000,prps,1,1173
37313,37.313,1,4004,54004,ladder_a11_lin_r02,prps,1410,-18,-0.154873,8,0,8,0.02094395,1.20000,prps,1,1174
37318,37.318,1,4004,54004,ladder_a11_lin_r02,prps,1416,-12,-0.101788,10,0,10,0.02617994,1.50000,prps,1,1175
37323,37.323,1,4004,54004,ladder_a11_lin_r02,prps,1424,-4,-0.037561,12,0,12,0.03141592,1.80000,prps,1,1176
37328,37.328,1,4004,54004,ladder_a11_lin_r02,prps,1432,4,0.033329,12,0,12,0.03141592,1.80000,prps,1,1177
37333,37.333,1,4004,54004,ladder_a11_lin_r02,prps,1440,12,0.105936,12,0,12,0.03141592,1.80000,prps,1,1178
37338,37.338,1,4004,54004,ladder_a11_lin_r02,prps,1448,20,0.175155,10,0,10,0.02617994,1.50000,prps,1,1179
37343,37.343,1,4004,54004,ladder_a11_lin_r02,prps,1456,28,0.236067,7,0,7,0.01832596,1.05000,prps,1,1180
37348,37.348,1,4004,54004,ladder_a11_lin_r02,prps,1461,33,0.284272,4,0,4,0.01047198,0.60000,prps,1,1181
37353,37.353,1,4004,54004,ladder_a11_lin_r02,prps,1465,37,0.316216,2,0,2,0.00523599,0.30000,prps,1,1182
37358,37.358,1,4004,54004,ladder_a11_lin_r02,prps,1467,39,0.329458,-2,0,-2,-0.00523599,-0.30000,prps,1,1183
37363,37.363,1,4004,54004,ladder_a11_lin_r02,prps,1466,38,0.322876,-6,0,-6,-0.01570796,-0.90000,prps,1,1184
37368,37.368,1,4004,54004,ladder_a11_lin_r02,prps,1463,35,0.296773,-10,0,-10,-0.02617994,-1.50000,prps,1,1185
37373,37.373,1,4004,54004,ladder_a11_lin_r02,prps,1458,30,0.252864,-13,0,-13,-0.03403392,-1.95000,prps,1,1186
37378,37.378,1,4004,54004,ladder_a11_lin_r02,prps,1451,23,0.194162,-16,0,-16,-0.04188790,-2.40000,prps,1,1187
37383,37.383,1,4004,54004,ladder_a11_lin_r02,prps,1443,15,0.124731,-17,0,-17,-0.04450589,-2.55000,prps,1,1188
37388,37.388,1,4004,54004,ladder_a11_lin_r02,prps,1434,6,0.049350,-17,0,-17,-0.04450589,-2.55000,prps,1,1189
37393,37.393,1,4004,54004,ladder_a11_lin_r02,prps,1425,-3,-0.026889,-17,0,-17,-0.04450589,-2.55000,prps,1,1190
37398,37.398,1,4004,54004,ladder_a11_lin_r02,prps,1416,-12,-0.099025,-15,0,-15,-0.03926991,-2.25000,prps,1,1191
37403,37.403,1,4004,54004,ladder_a11_lin_r02,prps,1409,-19,-0.162655,-12,0,-12,-0.03141592,-1.80000,prps,1,1192
37408,37.408,1,4004,54004,ladder_a11_lin_r02,prps,1403,-25,-0.214318,-9,0,-9,-0.02356194,-1.35000,prps,1,1193
37413,37.413,1,4004,54004,ladder_a11_lin_r02,prps,1399,-29,-0.251772,-4,0,-4,-0.01047198,-0.60000,prps,1,1194
37418,37.418,1,4004,54004,ladder_a11_lin_r02,prps,1396,-32,-0.274168,0,0,0,0.00000000,0.00000,prps,1,1195
37423,37.423,1,4004,54004,ladder_a11_lin_r02,prps,1395,-33,-0.282065,5,0,5,0.01308997,0.75000,prps,1,1196
37428,37.428,1,4004,54004,ladder_a11_lin_r02,prps,1396,-32,-0.277317,9,0,9,0.02356194,1.35000,prps,1,1197
37433,37.433,1,4004,54004,ladder_a11_lin_r02,prps,1397,-31,-0.262828,12,0,12,0.03141592,1.80000,prps,1,1198
37438,37.438,1,4004,54004,ladder_a11_lin_r02,prps,1400,-28,-0.242200,15,0,15,0.03926991,2.25000,prps,1,1199
37443,37.443,1,4004,54004,ladder_a11_lin_r02,prps,1402,-26,-0.219326,17,0,17,0.04450589,2.55000,prps,1,1200
37448,37.448,1,4004,54004,ladder_a11_lin_r02,prps,1405,-23,-0.197965,19,0,19,0.04974188,2.85000,prps,1,1201
37453,37.453,1,4004,54004,ladder_a11_lin_r02,prps,1407,-21,-0.181347,19,0,19,0.04974188,2.85000,prps,1,1202
37458,37.458,1,4004,54004,ladder_a11_lin_r02,prps,1408,-20,-0.171849,19,0,19,0.04974188,2.85000,prps,1,1203
37463,37.463,1,4004,54004,ladder_a11_lin_r02,prps,1408,-20,-0.170782,19,0,19,0.04974188,2.85000,prps,1,1204
37468,37.468,1,4004,54004,ladder_a11_lin_r02,prps,1407,-21,-0.178300,19,0,19,0.04974188,2.85000,prps,1,1205
37473,37.473,1,4004,54004,ladder_a11_lin_r02,prps,1405,-23,-0.193436,19,0,19,0.04974188,2.85000,prps,1,1206
37478,37.478,1,4004,54004,ladder_a11_lin_r02,prps,1403,-25,-0.214262,19,0,19,0.04974188,2.85000,prps,1,1207
37483,37.483,1,4004,54004,ladder_a11_lin_r02,prps,1400,-28,-0.238134,19,0,19,0.04974188,2.85000,prps,1,1208
37488,37.488,1,4004,54004,ladder_a11_lin_r02,prps,1397,-31,-0.262006,19,0,19,0.04974188,2.85000,prps,1,1209
37493,37.493,1,4004,54004,ladder_a11_lin_r02,prps,1395,-33,-0.282753,19,0,19,0.04974188,2.85000,prps,1,1210
37498,37.498,1,4004,54004,ladder_a11_lin_r02,prps,1393,-35,-0.297481,19,0,19,0.04974188,2.85000,prps,1,1211
37503,37.503,1,4004,54004,ladder_a11_lin_r02,prps,1392,-36,-0.303782,19,0,19,0.04974188,2.85000,prps,1,1212
37508,37.508,1,4004,54004,ladder_a11_lin_r02,prps,1393,-35,-0.299917,20,0,20,0.05235988,3.00000,prps,1,1213
37513,37.513,1,4004,54004,ladder_a11_lin_r02,prps,1395,-33,-0.284907,21,0,21,0.05497787,3.15000,prps,1,1214
37518,37.518,1,4004,54004,ladder_a11_lin_r02,prps,1398,-30,-0.258546,22,0,22,0.05759586,3.30000,prps,1,1215
37523,37.523,1,4004,54004,ladder_a11_lin_r02,prps,1402,-26,-0.221339,22,0,22,0.05759586,3.30000,prps,1,1216
37528,37.528,1,4004,54004,ladder_a11_lin_r02,prps,1408,-20,-0.174391,22,0,22,0.05759586,3.30000,prps,1,1217
37533,37.533,1,4004,54004,ladder_a11_lin_r02,prps,1414,-14,-0.119276,22,0,22,0.05759586,3.30000,prps,1,1218
37538,37.538,1,4004,54004,ladder_a11_lin_r02,prps,1421,-7,-0.057904,22,0,22,0.05759586,3.30000,prps,1,1219
37543,37.543,1,4004,54004,ladder_a11_lin_r02,prps,1429,1,0.007581,22,0,22,0.05759586,3.30000,prps,1,1220
37548,37.548,1,4004,54004,ladder_a11_lin_r02,prps,1437,9,0.074876,19,0,19,0.04974188,2.85000,prps,1,1221
37553,37.553,1,4004,54004,ladder_a11_lin_r02,prps,1445,17,0.141556,17,0,17,0.04450589,2.55000,prps,1,1222
37558,37.558,1,4004,54004,ladder_a11_lin_r02,prps,1452,24,0.205081,13,0,13,0.03403392,1.95000,prps,1,1223
37563,37.563,1,4004,54004,ladder_a11_lin_r02,prps,1459,31,0.262797,9,0,9,0.02356194,1.35000,prps,1,1224
37568,37.568,1,4004,54004,ladder_a11_lin_r02,prps,1464,36,0.311953,5,0,5,0.01308997,0.75000,prps,1,1225
37573,37.573,1,4004,54004,ladder_a11_lin_r02,prps,1469,41,0.349753,0,0,0,0.00000000,0.00000,prps,1,1226
37578,37.578,1,4004,54004,ladder_a11_lin_r02,prps,1472,44,0.373463,-4,0,-4,-0.01047198,-0.60000,prps,1,1227
37583,37.583,1,4004,54004,ladder_a11_lin_r02,prps,1473,45,0.380587,-8,0,-8,-0.02094395,-1.20000,prps,1,1228
37588,37.588,1,4004,54004,ladder_a11_lin_r02,prps,1471,43,0.369099,-12,0,-12,-0.03141592,-1.80000,prps,1,1229
37593,37.593,1,4004,54004,ladder_a11_lin_r02,prps,1468,40,0.337718,-16,0,-16,-0.04188790,-2.40000,prps,1,1230
37598,37.598,1,4004,54004,ladder_a11_lin_r02,prps,1461,33,0.286191,-18,0,-18,-0.04712389,-2.70000,prps,1,1231
37603,37.603,1,4004,54004,ladder_a11_lin_r02,prps,1453,25,0.215545,-20,0,-20,-0.05235988,-3.00000,prps,1,1232
37608,37.608,1,4004,54004,ladder_a11_lin_r02,prps,1443,15,0.128256,-21,0,-21,-0.05497787,-3.15000,prps,1,1233
37613,37.613,1,4004,54004,ladder_a11_lin_r02,prps,1431,3,0.028298,-20,0,-20,-0.05235988,-3.00000,prps,1,1234
37618,37.618,1,4004,54004,ladder_a11_lin_r02,prps,1419,-9,-0.078966,-19,0,-19,-0.04974188,-2.85000,prps,1,1235
37623,37.623,1,4004,54004,ladder_a11_lin_r02,prps,1406,-22,-0.187070,-16,0,-16,-0.04188790,-2.40000,prps,1,1236
37628,37.628,1,4004,54004,ladder_a11_lin_r02,prps,1394,-34,-0.288894,-12,0,-12,-0.03141592,-1.80000,prps,1,1237
37633,37.633,1,4004,54004,ladder_a11_lin_r02,prps,1384,-44,-0.377262,-7,0,-7,-0.01832596,-1.05000,prps,1,1238
37638,37.638,1,4004,54004,ladder_a11_lin_r02,prps,1376,-52,-0.445628,-2,0,-2,-0.00523599,-0.30000,prps,1,1239
37643,37.643,1,4004,54004,ladder_a11_lin_r02,prps,1371,-57,-0.488775,4,0,4,0.01047198,0.60000,prps,1,1240
37648,37.648,1,4004,54004,ladder_a11_lin_r02,prps,1369,-59,-0.503461,10,0,10,0.02617994,1.50000,prps,1,1241
37653,37.653,1,4004,54004,ladder_a11_lin_r02,prps,1371,-57,-0.488911,16,0,16,0.04188790,2.40000,prps,1,1242
37658,37.658,1,4004,54004,ladder_a11_lin_r02,prps,1376,-52,-0.447094,21,0,21,0.05497787,3.15000,prps,1,1243
37663,37.663,1,4004,54004,ladder_a11_lin_r02,prps,1383,-45,-0.382724,26,0,26,0.06806784,3.90000,prps,1,1244
37668,37.668,1,4004,54004,ladder_a11_lin_r02,prps,1393,-35,-0.302951,29,0,29,0.07592182,4.35000,prps,1,1245
37673,37.673,1,4004,54004,ladder_a11_lin_r02,prps,1403,-25,-0.216776,30,0,30,0.07853982,4.50000,prps,1,1246
37678,37.678,1,4004,54004,ladder_a11_lin_r02,prps,1412,-16,-0.134202,30,0,30,0.07853982,4.50000,prps,1,1247
37683,37.683,1,4004,54004,ladder_a11_lin_r02,prps,1420,-8,-0.065223,30,0,30,0.07853982,4.50000,prps,1,1248
37688,37.688,1,4004,54004,ladder_a11_lin_r02,prps,1426,-2,-0.018750,28,0,28,0.07330382,4.20000,prps,1,1249
37693,37.693,1,4004,54004,ladder_a11_lin_r02,prps,1428,0,-0.001587,24,0,24,0.06283185,3.60000,prps,1,1250
37698,37.698,1,4004,54004,ladder_a11_lin_r02,prps,1426,-2,-0.017588,20,0,20,0.05235988,3.00000,prps,1,1251
37703,37.703,1,4004,54004,ladder_a11_lin_r02,prps,1420,-8,-0.067104,17,0,17,0.04450589,2.55000,prps,1,1252
37708,37.708,1,4004,54004,ladder_a11_lin_r02,prps,1411,-17,-0.146784,13,0,13,0.03403392,1.95000,prps,1,1253
37713,37.713,1,4004,54004,ladder_a11_lin_r02,prps,1399,-29,-0.249796,11,0,11,0.02879793,1.65000,prps,1,1254
37718,37.718,1,4004,54004,ladder_a11_lin_r02,prps,1385,-43,-0.366446,10,0,10,0.02617994,1.50000,prps,1,1255
37723,37.723,1,4004,54004,ladder_a11_lin_r02,prps,1371,-57,-0.485149,10,0,10,0.02617994,1.50000,prps,1,1256
37728,37.728,1,4004,54004,ladder_a11_lin_r02,prps,1359,-69,-0.593653,11,0,11,0.02879793,1.65000,prps,1,1257
37733,37.733,1,4004,54004,ladder_a11_lin_r02,prps,1348,-80,-0.680385,15,0,15,0.03926991,2.25000,prps,1,1258
37738,37.738,1,4004,54004,ladder_a11_lin_r02,prps,1342,-86,-0.735776,21,0,21,0.05497787,3.15000,prps,1,1259
37743,37.743,1,4004,54004,ladder_a11_lin_r02,prps,1340,-88,-0.753398,27,0,27,0.07068583,4.05000,prps,1,1260
37748,37.748,1,4004,54004,ladder_a11_lin_r02,prps,1342,-86,-0.730777,33,0,33,0.08639380,4.95000,prps,1,1261
37753,37.753,1,4004,54004,ladder_a11_lin_r02,prps,1350,-78,-0.669793,38,0,38,0.09948376,5.70000,prps,1,1262
37758,37.758,1,4004,54004,ladder_a11_lin_r02,prps,1361,-67,-0.576583,43,0,43,0.11257374,6.45000,prps,1,1263
37763,37.763,1,4004,54004,ladder_a11_lin_r02,prps,1374,-54,-0.460959,46,0,46,0.12042772,6.90000,prps,1,1264
37768,37.768,1,4004,54004,ladder_a11_lin_r02,prps,1389,-39,-0.335397,47,0,47,0.12304571,7.05000,prps,1,1265
37773,37.773,1,4004,54004,ladder_a11_lin_r02,prps,1403,-25,-0.213692,47,0,47,0.12304571,7.05000,prps,1,1266
37778,37.778,1,4004,54004,ladder_a11_lin_r02,prps,1415,-13,-0.109432,44,0,44,0.11519173,6.60000,prps,1,1267
37783,37.783,1,4004,54004,ladder_a11_lin_r02,prps,1424,-4,-0.034467,41,0,41,0.10733775,6.15000,prps,1,1268
37788,37.788,1,4004,54004,ladder_a11_lin_r02,prps,1428,0,0.002453,37,0,37,0.09686577,5.55000,prps,1,1269
37793,37.793,1,4004,54004,ladder_a11_lin_r02,prps,1428,0,-0.003284,31,0,31,0.08115781,4.65000,prps,1,1270
37798,37.798,1,4004,54004,ladder_a11_lin_r02,prps,1422,-6,-0.051575,25,0,25,0.06544985,3.75000,prps,1,1271
37803,37.803,1,4004,54004,ladder_a11_lin_r02,prps,1412,-16,-0.137548,20,0,20,0.05235988,3.00000,prps,1,1272
37808,37.808,1,4004,54004,ladder_a11_lin_r02,prps,1399,-29,-0.252048,16,0,16,0.04188790,2.40000,prps,1,1273
37813,37.813,1,4004,54004,ladder_a11_lin_r02,prps,1383,-45,-0.382614,14,0,14,0.03665191,2.10000,prps,1,1274
37818,37.818,1,4004,54004,ladder_a11_lin_r02,prps,1368,-60,-0.514832,14,0,14,0.03665191,2.10000,prps,1,1275
37823,37.823,1,4004,54004,ladder_a11_lin_r02,prps,1354,-74,-0.633919,15,0,15,0.03926991,2.25000,prps,1,1276
37828,37.828,1,4004,54004,ladder_a11_lin_r02,prps,1343,-85,-0.726344,18,0,18,0.04712389,2.70000,prps,1,1277
37833,37.833,1,4004,54004,ladder_a11_lin_r02,prps,1337,-91,-0.781313,24,0,24,0.06283185,3.60000,prps,1,1278
37838,37.838,1,4004,54004,ladder_a11_lin_r02,prps,1335,-93,-0.791926,29,0,29,0.07592182,4.35000,prps,1,1279
37843,37.843,1,4004,54004,ladder_a11_lin_r02,prps,1340,-88,-0.755900,35,0,35,0.09162979,5.25000,prps,1,1280
37848,37.848,1,4004,54004,ladder_a11_lin_r02,prps,1349,-79,-0.675750,41,0,41,0.10733775,6.15000,prps,1,1281
37853,37.853,1,4004,54004,ladder_a11_lin_r02,prps,1363,-65,-0.558432,46,0,46,0.12042772,6.90000,prps,1,1282
37858,37.858,1,4004,54004,ladder_a11_lin_r02,prps,1380,-48,-0.414484,48,0,48,0.12566370,7.20000,prps,1,1283
37863,37.863,1,4004,54004,ladder_a11_lin_r02,prps,1398,-30,-0.256780,49,0,49,0.12828170,7.35000,prps,1,1284
37868,37.868,1,4004,54004,ladder_a11_lin_r02,prps,1416,-12,-0.099040,48,0,48,0.12566370,7.20000,prps,1,1285
37873,37.873,1,4004,54004,ladder_a11_lin_r02,prps,1433,5,0.045704,44,0,44,0.11519173,6.60000,prps,1,1286
37878,37.878,1,4004,54004,ladder_a11_lin_r02,prps,1447,19,0.166531,40,0,40,0.10471976,6.00000,prps,1,1287
37883,37.883,1,4004,54004,ladder_a11_lin_r02,prps,1458,30,0.255740,34,0,34,0.08901179,5.10000,prps,1,1288
37888,37.888,1,4004,54004,ladder_a11_lin_r02,prps,1464,36,0.309554,26,0,26,0.06806784,3.90000,prps,1,1289
37893,37.893,1,4004,54004,ladder_a11_lin_r02,prps,1466,38,0.328315,19,0,19,0.04974188,2.85000,prps,1,1290
37898,37.898,1,4004,54004,ladder_a11_lin_r02,prps,1465,37,0.316178,11,0,11,0.02879793,1.65000,prps,1,1291
37903,37.903,1,4004,54004,ladder_a11_lin_r02,prps,1461,33,0.280352,4,0,4,0.01047198,0.60000,prps,1,1292
37908,37.908,1,4004,54004,ladder_a11_lin_r02,prps,1455,27,0.229985,-2,0,-2,-0.00523599,-0.30000,prps,1,1293
37913,37.913,1,4004,54004,ladder_a11_lin_r02,prps,1448,20,0.174872,-6,0,-6,-0.01570796,-0.90000,prps,1,1294
37918,37.918,1,4004,54004,ladder_a11_lin_r02,prps,1443,15,0.124123,-9,0,-9,-0.02356194,-1.35000,prps,1,1295
37923,37.923,1,4004,54004,ladder_a11_lin_r02,prps,1438,10,0.084992,-11,0,-11,-0.02879793,-1.65000,prps,1,1296
37928,37.928,1,4004,54004,ladder_a11_lin_r02,prps,1435,7,0.062001,-11,0,-11,-0.02879793,-1.65000,prps,1,1297
37933,37.933,1,4004,54004,ladder_a11_lin_r02,prps,1435,7,0.056473,-10,0,-10,-0.02617994,-1.50000,prps,1,1298
37938,37.938,1,4004,54004,ladder_a11_lin_r02,prps,1436,8,0.066524,-9,0,-9,-0.02356194,-1.35000,prps,1,1299
37943,37.943,1,4004,54004,ladder_a11_lin_r02,prps,1438,10,0.087501,-8,0,-8,-0.02094395,-1.20000,prps,1,1300
37948,37.948,1,4004,54004,ladder_a11_lin_r02,prps,1441,13,0.112806,-6,0,-6,-0.01570796,-0.90000,prps,1,1301
37953,37.953,1,4004,54004,ladder_a11_lin_r02,prps,1444,16,0.134975,-6,0,-6,-0.01570796,-0.90000,prps,1,1302
37958,37.958,1,4004,54004,ladder_a11_lin_r02,prps,1445,17,0.146865,-6,0,-6,-0.01570796,-0.90000,prps,1,1303
37963,37.963,1,4004,54004,ladder_a11_lin_r02,prps,1445,17,0.142781,-6,0,-6,-0.01570796,-0.90000,prps,1,1304
37968,37.968,1,4004,54004,ladder_a11_lin_r02,prps,1442,14,0.119382,-6,0,-6,-0.01570796,-0.90000,prps,1,1305
37973,37.973,1,4004,54004,ladder_a11_lin_r02,prps,1437,9,0.076239,-6,0,-6,-0.01570796,-0.90000,prps,1,1306
37978,37.978,1,4004,54004,ladder_a11_lin_r02,prps,1430,2,0.015970,-6,0,-6,-0.01570796,-0.90000,prps,1,1307
37983,37.983,1,4004,54004,ladder_a11_lin_r02,prps,1421,-7,-0.056068,-6,0,-6,-0.01570796,-0.90000,prps,1,1308
37988,37.988,1,4004,54004,ladder_a11_lin_r02,prps,1412,-16,-0.132503,-5,0,-5,-0.01308997,-0.75000,prps,1,1309
37993,37.993,1,4004,54004,ladder_a11_lin_r02,prps,1404,-24,-0.204967,-5,0,-5,-0.01308997,-0.75000,prps,1,1310
37998,37.998,1,4004,54004,ladder_a11_lin_r02,prps,1397,-31,-0.265288,-3,0,-3,-0.00785398,-0.45000,prps,1,1311
38003,38.003,1,4004,54004,ladder_a11_lin_r02,prps,1392,-36,-0.306682,1,0,1,0.00261799,0.15000,prps,1,1312
38008,38.008,1,4004,54004,ladder_a11_lin_r02,prps,1390,-38,-0.324768,5,0,5,0.01308997,0.75000,prps,1,1313
38013,38.013,1,4004,54004,ladder_a11_lin_r02,prps,1391,-37,-0.318276,9,0,9,0.02356194,1.35000,prps,1,1314
38018,38.018,1,4004,54004,ladder_a11_lin_r02,prps,1394,-34,-0.289322,13,0,13,0.03403392,1.95000,prps,1,1315
38023,38.023,1,4004,54004,ladder_a11_lin_r02,prps,1400,-28,-0.243218,16,0,16,0.04188790,2.40000,prps,1,1316
38028,38.028,1,4004,54004,ladder_a11_lin_r02,prps,1406,-22,-0.187808,19,0,19,0.04974188,2.85000,prps,1,1317
38033,38.033,1,4004,54004,ladder_a11_lin_r02,prps,1413,-15,-0.132441,20,0,20,0.05235988,3.00000,prps,1,1318
38038,38.038,1,4004,54004,ladder_a11_lin_r02,prps,1418,-10,-0.086675,20,0,20,0.05235988,3.00000,prps,1,1319
38043,38.043,1,4004,54004,ladder_a11_lin_r02,prps,1421,-7,-0.058912,20,0,20,0.05235988,3.00000,prps,1,1320
38048,38.048,1,4004,54004,ladder_a11_lin_r02,prps,1422,-6,-0.055143,19,0,19,0.04974188,2.85000,prps,1,1321
38053,38.053,1,4004,54004,ladder_a11_lin_r02,prps,1419,-9,-0.077966,17,0,17,0.04450589,2.55000,prps,1,1322
38058,38.058,1,4004,54004,ladder_a11_lin_r02,prps,1413,-15,-0.126039,15,0,15,0.03926991,2.25000,prps,1,1323
38063,38.063,1,4004,54004,ladder_a11_lin_r02,prps,1405,-23,-0.194055,13,0,13,0.03403392,1.95000,prps,1,1324
38068,38.068,1,4004,54004,ladder_a11_lin_r02,prps,1396,-32,-0.273255,12,0,12,0.03141592,1.80000,prps,1,1325
38073,38.073,1,4004,54004,ladder_a11_lin_r02,prps,1387,-41,-0.352440,12,0,12,0.03141592,1.80000,prps,1,1326
38078,38.078,1,4004,54004,ladder_a11_lin_r02,prps,1379,-49,-0.419367,12,0,12,0.03141592,1.80000,prps,1,1327
38083,38.083,1,4004,54004,ladder_a11_lin_r02,prps,1374,-54,-0.462355,14,0,14,0.03665191,2.10000,prps,1,1328
38088,38.088,1,4004,54004,ladder_a11_lin_r02,prps,1373,-55,-0.471899,17,0,17,0.04450589,2.55000,prps,1,1329
38093,38.093,1,4004,54004,ladder_a11_lin_r02,prps,1376,-52,-0.442089,21,0,21,0.05497787,3.15000,prps,1,1330
38098,38.098,1,4004,54004,ladder_a11_lin_r02,prps,1385,-43,-0.371628,25,0,25,0.06544985,3.75000,prps,1,1331
38103,38.103,1,4004,54004,ladder_a11_lin_r02,prps,1397,-31,-0.264309,28,0,28,0.07330382,4.20000,prps,1,1332
38108,38.108,1,4004,54004,ladder_a11_lin_r02,prps,1413,-15,-0.128867,29,0,29,0.07592182,4.35000,prps,1,1333
38113,38.113,1,4004,54004,ladder_a11_lin_r02,prps,1431,3,0.021798,29,0,29,0.07592182,4.35000,prps,1,1334
38118,38.118,1,4004,54004,ladder_a11_lin_r02,prps,1448,20,0.171962,28,0,28,0.07330382,4.20000,prps,1,1335
38123,38.123,1,4004,54004,ladder_a11_lin_r02,prps,1464,36,0.304828,25,0,25,0.06544985,3.75000,prps,1,1336
38128,38.128,1,4004,54004,ladder_a11_lin_r02,prps,1475,47,0.404481,19,0,19,0.04974188,2.85000,prps,1,1337
38133,38.133,1,4004,54004,ladder_a11_lin_r02,prps,1482,54,0.457829,12,0,12,0.03141592,1.80000,prps,1,1338
38138,38.138,1,4004,54004,ladder_a11_lin_r02,prps,1481,53,0.456266,5,0,5,0.01308997,0.75000,prps,1,1339
38143,38.143,1,4004,54004,ladder_a11_lin_r02,prps,1474,46,0.396869,-2,0,-2,-0.00523599,-0.30000,prps,1,1340
38148,38.148,1,4004,54004,ladder_a11_lin_r02,prps,1461,33,0.282960,-8,0,-8,-0.02094395,-1.20000,prps,1,1341
38153,38.153,1,4004,54004,ladder_a11_lin_r02,prps,1443,15,0.123940,-13,0,-13,-0.03403392,-1.95000,prps,1,1342
38158,38.158,1,4004,54004,ladder_a11_lin_r02,prps,1420,-8,-0.065588,-16,0,-16,-0.04188790,-2.40000,prps,1,1343
38163,38.163,1,4004,54004,ladder_a11_lin_r02,prps,1397,-31,-0.267326,-17,0,-17,-0.04450589,-2.55000,prps,1,1344
38168,38.168,1,4004,54004,ladder_a11_lin_r02,prps,1374,-54,-0.461261,-15,0,-15,-0.03926991,-2.25000,prps,1,1345
38173,38.173,1,4004,54004,ladder_a11_lin_r02,prps,1355,-73,-0.627879,-10,0,-10,-0.02617994,-1.50000,prps,1,1346
38178,38.178,1,4004,54004,ladder_a11_lin_r02,prps,1340,-88,-0.750351,-5,0,-5,-0.01308997,-0.75000,prps,1,1347
38183,38.183,1,4004,54004,ladder_a11_lin_r02,prps,1332,-96,-0.816463,3,0,3,0.00785398,0.45000,prps,1,1348
38188,38.188,1,4004,54004,ladder_a11_lin_r02,prps,1332,-96,-0.820016,13,0,13,0.03403392,1.95000,prps,1,1349
38193,38.193,1,4004,54004,ladder_a11_lin_r02,prps,1339,-89,-0.761564,22,0,22,0.05759586,3.30000,prps,1,1350
38198,38.198,1,4004,54004,ladder_a11_lin_r02,prps,1352,-76,-0.648376,30,0,30,0.07853982,4.50000,prps,1,1351
38203,38.203,1,4004,54004,ladder_a11_lin_r02,prps,1370,-58,-0.493624,37,0,37,0.09686577,5.55000,prps,1,1352
38208,38.208,1,4004,54004,ladder_a11_lin_r02,prps,1391,-37,-0.314902,42,0,42,0.10995574,6.30000,prps,1,1353
38213,38.213,1,4004,54004,ladder_a11_lin_r02,prps,1413,-15,-0.132226,43,0,43,0.11257374,6.45000,prps,1,1354
38218,38.218,1,4004,54004,ladder_a11_lin_r02,prps,1432,4,0.034236,42,0,42,0.10995574,6.30000,prps,1,1355
38223,38.223,1,4004,54004,ladder_a11_lin_r02,prps,1447,19,0.166443,39,0,39,0.10210176,5.85000,prps,1,1356
38228,38.228,1,4004,54004,ladder_a11_lin_r02,prps,1457,29,0.250502,33,0,33,0.08639380,4.95000,prps,1,1357
38233,38.233,1,4004,54004,ladder_a11_lin_r02,prps,1461,33,0.278199,26,0,26,0.06806784,3.90000,prps,1,1358
38238,38.238,1,4004,54004,ladder_a11_lin_r02,prps,1457,29,0.247857,19,0,19,0.04974188,2.85000,prps,1,1359
38243,38.243,1,4004,54004,ladder_a11_lin_r02,prps,1447,19,0.164430,11,0,11,0.02879793,1.65000,prps,1,1360
38248,38.248,1,4004,54004,ladder_a11_lin_r02,prps,1433,5,0.038825,5,0,5,0.01308997,0.75000,prps,1,1361
38253,38.253,1,4004,54004,ladder_a11_lin_r02,prps,1415,-13,-0.113455,0,0,0,0.00000000,0.00000,prps,1,1362
38258,38.258,1,4004,54004,ladder_a11_lin_r02,prps,1396,-32,-0.274192,-2,0,-2,-0.00523599,-0.30000,prps,1,1363
38263,38.263,1,4004,54004,ladder_a11_lin_r02,prps,1378,-50,-0.424612,-1,0,-1,-0.00261799,-0.15000,prps,1,1364
38268,38.268,1,4004,54004,ladder_a11_lin_r02,prps,1364,-64,-0.547578,1,0,1,0.00261799,0.15000,prps,1,1365
38273,38.273,1,4004,54004,ladder_a11_lin_r02,prps,1354,-74,-0.629551,4,0,4,0.01047198,0.60000,prps,1,1366
38278,38.278,1,4004,54004,ladder_a11_lin_r02,prps,1351,-77,-0.662092,11,0,11,0.02879793,1.65000,prps,1,1367
38283,38.283,1,4004,54004,ladder_a11_lin_r02,prps,1353,-75,-0.642731,17,0,17,0.04450589,2.55000,prps,1,1368
38288,38.288,1,4004,54004,ladder_a11_lin_r02,prps,1361,-67,-0.575111,24,0,24,0.06283185,3.60000,prps,1,1369
38293,38.293,1,4004,54004,ladder_a11_lin_r02,prps,1373,-55,-0.468417,30,0,30,0.07853982,4.50000,prps,1,1370
38298,38.298,1,4004,54004,ladder_a11_lin_r02,prps,1389,-39,-0.336145,35,0,35,0.09162979,5.25000,prps,1,1371
38303,38.303,1,4004,54004,ladder_a11_lin_r02,prps,1405,-23,-0.194397,36,0,36,0.09424778,5.40000,prps,1,1372
38308,38.308,1,4004,54004,ladder_a11_lin_r02,prps,1421,-7,-0.059910,37,0,37,0.09686577,5.55000,prps,1,1373
38313,38.313,1,4004,54004,ladder_a11_lin_r02,prps,1434,6,0.051948,35,0,35,0.09162979,5.25000,prps,1,1374
38318,38.318,1,4004,54004,ladder_a11_lin_r02,prps,1443,15,0.128964,31,0,31,0.08115781,4.65000,prps,1,1375
38323,38.323,1,4004,54004,ladder_a11_lin_r02,prps,1447,19,0.163440,26,0,26,0.06806784,3.90000,prps,1,1376
38328,38.328,1,4004,54004,ladder_a11_lin_r02,prps,1446,18,0.152970,19,0,19,0.04974188,2.85000,prps,1,1377
38333,38.333,1,4004,54004,ladder_a11_lin_r02,prps,1440,12,0.100570,14,0,14,0.03665191,2.10000,prps,1,1378
38338,38.338,1,4004,54004,ladder_a11_lin_r02,prps,1430,2,0.014143,8,0,8,0.02094395,1.20000,prps,1,1379
38343,38.343,1,4004,54004,ladder_a11_lin_r02,prps,1417,-11,-0.094619,4,0,4,0.01047198,0.60000,prps,1,1380
38348,38.348,1,4004,54004,ladder_a11_lin_r02,prps,1403,-25,-0.211759,3,0,3,0.00785398,0.45000,prps,1,1381
38353,38.353,1,4004,54004,ladder_a11_lin_r02,prps,1390,-38,-0.322790,3,0,3,0.00785398,0.45000,prps,1,1382
38358,38.358,1,4004,54004,ladder_a11_lin_r02,prps,1380,-48,-0.414436,4,0,4,0.01047198,0.60000,prps,1,1383
38363,38.363,1,4004,54004,ladder_a11_lin_r02,prps,1372,-56,-0.476151,6,0,6,0.01570796,0.90000,prps,1,1384
38368,38.368,1,4004,54004,ladder_a11_lin_r02,prps,1369,-59,-0.501245,11,0,11,0.02879793,1.65000,prps,1,1385
38373,38.373,1,4004,54004,ladder_a11_lin_r02,prps,1371,-57,-0.487482,16,0,16,0.04188790,2.40000,prps,1,1386
38378,38.378,1,4004,54004,ladder_a11_lin_r02,prps,1377,-51,-0.437099,21,0,21,0.05497787,3.15000,prps,1,1387
38383,38.383,1,4004,54004,ladder_a11_lin_r02,prps,1386,-42,-0.356263,25,0,25,0.06544985,3.75000,prps,1,1388
38388,38.388,1,4004,54004,ladder_a11_lin_r02,prps,1398,-30,-0.254058,28,0,28,0.07330382,4.20000,prps,1,1389
38393,38.393,1,4004,54004,ladder_a11_lin_r02,prps,1411,-17,-0.141146,30,0,30,0.07853982,4.50000,prps,1,1390
38398,38.398,1,4004,54004,ladder_a11_lin_r02,prps,1425,-3,-0.028291,30,0,30,0.07853982,4.50000,prps,1,1391
38403,38.403,1,4004,54004,ladder_a11_lin_r02,prps,1437,9,0.075057,29,0,29,0.07592182,4.35000,prps,1,1392
38408,38.408,1,4004,54004,ladder_a11_lin_r02,prps,1447,19,0.161936,26,0,26,0.06806784,3.90000,prps,1,1393
38413,38.413,1,4004,54004,ladder_a11_lin_r02,prps,1455,27,0.228651,21,0,21,0.05497787,3.15000,prps,1,1394
38418,38.418,1,4004,54004,ladder_a11_lin_r02,prps,1460,32,0.275070,15,0,15,0.03926991,2.25000,prps,1,1395
38423,38.423,1,4004,54004,ladder_a11_lin_r02,prps,1464,36,0.304407,9,0,9,0.02356194,1.35000,prps,1,1396
38428,38.428,1,4004,54004,ladder_a11_lin_r02,prps,1466,38,0.322541,4,0,4,0.01047198,0.60000,prps,1,1397
38433,38.433,1,4004,54004,ladder_a11_lin_r02,prps,1467,39,0.336966,-1,0,-1,-0.00261799,-0.15000,prps,1,1398
38438,38.438,1,4004,54004,ladder_a11_lin_r02,prps,1470,42,0.355535,-6,0,-6,-0.01570796,-0.90000,prps,1,1399
38443,38.443,1,4004,54004,ladder_a11_lin_r02,prps,1473,45,0.385168,-10,0,-10,-0.02617994,-1.50000,prps,1,1400
38448,38.448,1,4004,54004,ladder_a11_lin_r02,prps,1478,50,0.430700,-13,0,-13,-0.03403392,-1.95000,prps,1,1401
38453,38.453,1,4004,54004,ladder_a11_lin_r02,prps,1486,58,0.494049,-17,0,-17,-0.04450589,-2.55000,prps,1,1402
38458,38.458,1,4004,54004,ladder_a11_lin_r02,prps,1495,67,0.573787,-20,0,-20,-0.05235988,-3.00000,prps,1,1403
38463,38.463,1,4004,54004,ladder_a11_lin_r02,prps,1506,78,0.665209,-22,0,-22,-0.05759586,-3.30000,prps,1,1404
38468,38.468,1,4004,54004,ladder_a11_lin_r02,prps,1517,89,0.760865,-25,0,-25,-0.06544985,-3.75000,prps,1,1405
38473,38.473,1,4004,54004,ladder_a11_lin_r02,prps,1528,100,0.851502,-29,0,-29,-0.07592182,-4.35000,prps,1,1406
38478,38.478,1,4004,54004,ladder_a11_lin_r02,prps,1536,108,0.927282,-33,0,-33,-0.08639380,-4.95000,prps,1,1407
38483,38.483,1,4004,54004,ladder_a11_lin_r02,prps,1543,115,0.979128,-38,0,-38,-0.09948376,-5.70000,prps,1,1408
38488,38.488,1,4004,54004,ladder_a11_lin_r02,prps,1545,117,1.000000,-43,0,-43,-0.11257374,-6.45000,prps,1,1409
38493,38.493,1,4004,54004,ladder_a11_lin_r02,prps,1543,115,0.985942,-48,0,-48,-0.12566370,-7.20000,prps,1,1410
38498,38.498,1,4004,54004,ladder_a11_lin_r02,prps,1538,110,0.936757,-53,0,-53,-0.13875367,-7.95000,prps,1,1411
38503,38.503,1,4004,54004,ladder_a11_lin_r02,prps,1528,100,0.856210,-57,0,-57,-0.14922565,-8.55000,prps,1,1412
38508,38.508,1,4004,54004,ladder_a11_lin_r02,prps,1516,88,0.751729,-60,0,-60,-0.15707964,-9.00000,prps,1,1413
38513,38.513,1,4004,54004,ladder_a11_lin_r02,prps,1502,74,0.633631,-61,0,-61,-0.15969762,-9.15000,prps,1,1414
38518,38.518,1,4004,54004,ladder_a11_lin_r02,prps,1488,60,0.513969,-60,0,-60,-0.15707964,-9.00000,prps,1,1415
38523,38.523,1,4004,54004,ladder_a11_lin_r02,prps,1475,47,0.405129,-59,0,-59,-0.15446164,-8.85000,prps,1,1416
38528,38.528,1,4004,54004,ladder_a11_lin_r02,prps,1465,37,0.318372,-55,0,-55,-0.14398966,-8.25000,prps,1,1417
38533,38.533,1,4004,54004,ladder_a11_lin_r02,prps,1459,31,0.262470,-50,0,-50,-0.13089970,-7.50000,prps,1,1418
38538,38.538,1,4004,54004,ladder_a11_lin_r02,prps,1456,28,0.242643,-46,0,-46,-0.12042772,-6.90000,prps,1,1419
38543,38.543,1,4004,54004,ladder_a11_lin_r02,prps,1458,30,0.259899,-40,0,-40,-0.10471976,-6.00000,prps,1,1420
38548,38.548,1,4004,54004,ladder_a11_lin_r02,prps,1464,36,0.310874,-35,0,-35,-0.09162979,-5.25000,prps,1,1421
38553,38.553,1,4004,54004,ladder_a11_lin_r02,prps,1473,45,0.388207,-31,0,-31,-0.08115781,-4.65000,prps,1,1422
38558,38.558,1,4004,54004,ladder_a11_lin_r02,prps,1484,56,0.481380,-27,0,-27,-0.07068583,-4.05000,prps,1,1423
38563,38.563,1,4004,54004,ladder_a11_lin_r02,prps,1496,68,0.577950,-26,0,-26,-0.06806784,-3.90000,prps,1,1424
38568,38.568,1,4004,54004,ladder_a11_lin_r02,prps,1506,78,0.665008,-26,0,-26,-0.06806784,-3.90000,prps,1,1425
38573,38.573,1,4004,54004,ladder_a11_lin_r02,prps,1513,85,0.730700,-27,0,-27,-0.07068583,-4.05000,prps,1,1426
38578,38.578,1,4004,54004,ladder_a11_lin_r02,prps,1518,90,0.765632,-29,0,-29,-0.07592182,-4.35000,prps,1,1427
38583,38.583,1,4004,54004,ladder_a11_lin_r02,prps,1517,89,0.763977,-33,0,-33,-0.08639380,-4.95000,prps,1,1428
38588,38.588,1,4004,54004,ladder_a11_lin_r02,prps,1513,85,0.724178,-37,0,-37,-0.09686577,-5.55000,prps,1,1429
38593,38.593,1,4004,54004,ladder_a11_lin_r02,prps,1504,76,0.649144,-41,0,-41,-0.10733775,-6.15000,prps,1,1430
38598,38.598,1,4004,54004,ladder_a11_lin_r02,prps,1492,64,0.545937,-44,0,-44,-0.11519173,-6.60000,prps,1,1431
38603,38.603,1,4004,54004,ladder_a11_lin_r02,prps,1478,50,0.424983,-45,0,-45,-0.11780972,-6.75000,prps,1,1432
38608,38.608,1,4004,54004,ladder_a11_lin_r02,prps,1463,35,0.298893,-45,0,-45,-0.11780972,-6.75000,prps,1,1433
38613,38.613,1,4004,54004,ladder_a11_lin_r02,prps,1449,21,0.181056,-44,0,-44,-0.11519173,-6.60000,prps,1,1434
38618,38.618,1,4004,54004,ladder_a11_lin_r02,prps,1438,10,0.084142,-41,0,-41,-0.10733775,-6.15000,prps,1,1435
38623,38.623,1,4004,54004,ladder_a11_lin_r02,prps,1430,2,0.018710,-36,0,-36,-0.09424778,-5.40000,prps,1,1436
38628,38.628,1,4004,54004,ladder_a11_lin_r02,prps,1427,-1,-0.007947,-30,0,-30,-0.07853982,-4.50000,prps,1,1437
38633,38.633,1,4004,54004,ladder_a11_lin_r02,prps,1429,1,0.007422,-24,0,-24,-0.06283185,-3.60000,prps,1,1438
38638,38.638,1,4004,54004,ladder_a11_lin_r02,prps,1435,7,0.063700,-19,0,-19,-0.04974188,-2.85000,prps,1,1439
38643,38.643,1,4004,54004,ladder_a11_lin_r02,prps,1446,18,0.155555,-14,0,-14,-0.03665191,-2.10000,prps,1,1440
38648,38.648,1,4004,54004,ladder_a11_lin_r02,prps,1460,32,0.274030,-10,0,-10,-0.02617994,-1.50000,prps,1,1441
38653,38.653,1,4004,54004,ladder_a11_lin_r02,prps,1476,48,0.407522,-8,0,-8,-0.02094395,-1.20000,prps,1,1442
38658,38.658,1,4004,54004,ladder_a11_lin_r02,prps,1492,64,0.542994,-9,0,-9,-0.02356194,-1.35000,prps,1,1443
38663,38.663,1,4004,54004,ladder_a11_lin_r02,prps,1506,78,0.667319,-11,0,-11,-0.02879793,-1.65000,prps,1,1444
38668,38.668,1,4004,54004,ladder_a11_lin_r02,prps,1518,90,0.768582,-14,0,-14,-0.03665191,-2.10000,prps,1,1445
38673,38.673,1,4004,54004,ladder_a11_lin_r02,prps,1526,98,0.837219,-19,0,-19,-0.04974188,-2.85000,prps,1,1446
38678,38.678,1,4004,54004,ladder_a11_lin_r02,prps,1529,101,0.866882,-25,0,-25,-0.06544985,-3.75000,prps,1,1447
38683,38.683,1,4004,54004,ladder_a11_lin_r02,prps,1528,100,0.854944,-31,0,-31,-0.08115781,-4.65000,prps,1,1448
38688,38.688,1,4004,54004,ladder_a11_lin_r02,prps,1522,94,0.802624,-37,0,-37,-0.09686577,-5.55000,prps,1,1449
38693,38.693,1,4004,54004,ladder_a11_lin_r02,prps,1512,84,0.714733,-43,0,-43,-0.11257374,-6.45000,prps,1,1450
38698,38.698,1,4004,54004,ladder_a11_lin_r02,prps,1498,70,0.599095,-47,0,-47,-0.12304571,-7.05000,prps,1,1451
38703,38.703,1,4004,54004,ladder_a11_lin_r02,prps,1482,54,0.465718,-48,0,-48,-0.12566370,-7.20000,prps,1,1452
38708,38.708,1,4004,54004,ladder_a11_lin_r02,prps,1466,38,0.325817,-48,0,-48,-0.12566370,-7.20000,prps,1,1453
38713,38.713,1,4004,54004,ladder_a11_lin_r02,prps,1450,22,0.190790,-47,0,-47,-0.12304571,-7.05000,prps,1,1454
38718,38.718,1,4004,54004,ladder_a11_lin_r02,prps,1436,8,0.071246,-44,0,-44,-0.11519173,-6.60000,prps,1,1455
38723,38.723,1,4004,54004,ladder_a11_lin_r02,prps,1425,-3,-0.023822,-39,0,-39,-0.10210176,-5.85000,prps,1,1456
38728,38.728,1,4004,54004,ladder_a11_lin_r02,prps,1418,-10,-0.087669,-33,0,-33,-0.08639380,-4.95000,prps,1,1457
38733,38.733,1,4004,54004,ladder_a11_lin_r02,prps,1414,-14,-0.116194,-26,0,-26,-0.06806784,-3.90000,prps,1,1458
38738,38.738,1,4004,54004,ladder_a11_lin_r02,prps,1415,-13,-0.108098,-19,0,-19,-0.04974188,-2.85000,prps,1,1459
38743,38.743,1,4004,54004,ladder_a11_lin_r02,prps,1420,-8,-0.064801,-13,0,-13,-0.03403392,-1.95000,prps,1,1460
38748,38.748,1,4004,54004,ladder_a11_lin_r02,prps,1429,1,0.009813,-7,0,-7,-0.01832596,-1.05000,prps,1,1461
38753,38.753,1,4004,54004,ladder_a11_lin_r02,prps,1441,13,0.109821,-3,0,-3,-0.00785398,-0.45000,prps,1,1462
38758,38.758,1,4004,54004,ladder_a11_lin_r02,prps,1455,27,0.227770,-1,0,-1,-0.00261799,-0.15000,prps,1,1463
38763,38.763,1,4004,54004,ladder_a11_lin_r02,prps,1470,42,0.355247,0,0,0,0.00000000,0.00000,prps,1,1464
38768,38.768,1,4004,54004,ladder_a11_lin_r02,prps,1485,57,0.483460,-1,0,-1,-0.00261799,-0.15000,prps,1,1465
38773,38.773,1,4004,54004,ladder_a11_lin_r02,prps,1499,71,0.603792,-5,0,-5,-0.01308997,-0.75000,prps,1,1466
38778,38.778,1,4004,54004,ladder_a11_lin_r02,prps,1511,83,0.708328,-8,0,-8,-0.02094395,-1.20000,prps,1,1467
38783,38.783,1,4004,54004,ladder_a11_lin_r02,prps,1520,92,0.790310,-13,0,-13,-0.03403392,-1.95000,prps,1,1468
38788,38.788,1,4004,54004,ladder_a11_lin_r02,prps,1527,99,0.844529,-20,0,-20,-0.05235988,-3.00000,prps,1,1469
38793,38.793,1,4004,54004,ladder_a11_lin_r02,prps,1530,102,0.867645,-26,0,-26,-0.06806784,-3.90000,prps,1,1470
38798,38.798,1,4004,54004,ladder_a11_lin_r02,prps,1528,100,0.858408,-33,0,-33,-0.08639380,-4.95000,prps,1,1471
38803,38.803,1,4004,54004,ladder_a11_lin_r02,prps,1524,96,0.817786,-39,0,-39,-0.10210176,-5.85000,prps,1,1472
38808,38.808,1,4004,54004,ladder_a11_lin_r02,prps,1516,88,0.748968,-44,0,-44,-0.11519173,-6.60000,prps,1,1473
38813,38.813,1,4004,54004,ladder_a11_lin_r02,prps,1505,77,0.657236,-48,0,-48,-0.12566370,-7.20000,prps,1,1474
38818,38.818,1,4004,54004,ladder_a11_lin_r02,prps,1492,64,0.549690,-50,0,-50,-0.13089970,-7.50000,prps,1,1475
38823,38.823,1,4004,54004,ladder_a11_lin_r02,prps,1479,51,0.434810,-51,0,-51,-0.13351768,-7.65000,prps,1,1476
38828,38.828,1,4004,54004,ladder_a11_lin_r02,prps,1466,38,0.321886,-49,0,-49,-0.12828170,-7.35000,prps,1,1477
38833,38.833,1,4004,54004,ladder_a11_lin_r02,prps,1454,26,0.220316,-47,0,-47,-0.12304571,-7.05000,prps,1,1478
38838,38.838,1,4004,54004,ladder_a11_lin_r02,prps,1444,16,0.138823,-44,0,-44,-0.11519173,-6.60000,prps,1,1479
38843,38.843,1,4004,54004,ladder_a11_lin_r02,prps,1438,10,0.084654,-38,0,-38,-0.09948376,-5.70000,prps,1,1480
38848,38.848,1,4004,54004,ladder_a11_lin_r02,prps,1435,7,0.062827,-33,0,-33,-0.08639380,-4.95000,prps,1,1481
38853,38.853,1,4004,54004,ladder_a11_lin_r02,prps,1437,9,0.075512,-27,0,-27,-0.07068583,-4.05000,prps,1,1482
38858,38.858,1,4004,54004,ladder_a11_lin_r02,prps,1442,14,0.121622,-22,0,-22,-0.05759586,-3.30000,prps,1,1483
38863,38.863,1,4004,54004,ladder_a11_lin_r02,prps,1451,23,0.196676,-17,0,-17,-0.04450589,-2.55000,prps,1,1484
38868,38.868,1,4004,54004,ladder_a11_lin_r02,prps,1462,34,0.292998,-14,0,-14,-0.03665191,-2.10000,prps,1,1485
38873,38.873,1,4004,54004,ladder_a11_lin_r02,prps,1475,47,0.400238,-12,0,-12,-0.03141592,-1.80000,prps,1,1486
38878,38.878,1,4004,54004,ladder_a11_lin_r02,prps,1487,59,0.506228,-12,0,-12,-0.03141592,-1.80000,prps,1,1487
38883,38.883,1,4004,54004,ladder_a11_lin_r02,prps,1498,70,0.598084,-13,0,-13,-0.03403392,-1.95000,prps,1,1488
38888,38.888,1,4004,54004,ladder_a11_lin_r02,prps,1506,78,0.663477,-15,0,-15,-0.03926991,-2.25000,prps,1,1489
38893,38.893,1,4004,54004,ladder_a11_lin_r02,prps,1509,81,0.691948,-20,0,-20,-0.05235988,-3.00000,prps,1,1490
38898,38.898,1,4004,54004,ladder_a11_lin_r02,prps,1507,79,0.676127,-24,0,-24,-0.06283185,-3.60000,prps,1,1491
38903,38.903,1,4004,54004,ladder_a11_lin_r02,prps,1500,72,0.612714,-29,0,-29,-0.07592182,-4.35000,prps,1,1492
38908,38.908,1,4004,54004,ladder_a11_lin_r02,prps,1487,59,0.503106,-33,0,-33,-0.08639380,-4.95000,prps,1,1493
38913,38.913,1,4004,54004,ladder_a11_lin_r02,prps,1469,41,0.353564,-36,0,-36,-0.09424778,-5.40000,prps,1,1494
38918,38.918,1,4004,54004,ladder_a11_lin_r02,prps,1448,20,0.174885,-37,0,-37,-0.09686577,-5.55000,prps,1,1495
38923,38.923,1,4004,54004,ladder_a11_lin_r02,prps,1426,-2,-0.018433,-38,0,-38,-0.09948376,-5.70000,prps,1,1496
38928,38.928,1,4004,54004,ladder_a11_lin_r02,prps,1403,-25,-0.209458,-35,0,-35,-0.09162979,-5.25000,prps,1,1497
38933,38.933,1,4004,54004,ladder_a11_lin_r02,prps,1383,-45,-0.380425,-30,0,-30,-0.07853982,-4.50000,prps,1,1498
38938,38.938,1,4004,54004,ladder_a11_lin_r02,prps,1368,-60,-0.514512,-23,0,-23,-0.06021386,-3.45000,prps,1,1499
38943,38.943,1,4004,54004,ladder_a11_lin_r02,prps,1358,-70,-0.597596,-14,0,-14,-0.03665191,-2.10000,prps,1,1500
38948,38.948,1,4004,54004,ladder_a11_lin_r02,prps,1355,-73,-0.619817,-5,0,-5,-0.01308997,-0.75000,prps,1,1501
38953,38.953,1,4004,54004,ladder_a11_lin_r02,prps,1361,-67,-0.576762,4,0,4,0.01047198,0.60000,prps,1,1502
38958,38.958,1,4004,54004,ladder_a11_lin_r02,prps,1373,-55,-0.470122,13,0,13,0.03403392,1.95000,prps,1,1503
38963,38.963,1,4004,54004,ladder_a11_lin_r02,prps,1392,-36,-0.307742,21,0,21,0.05497787,3.15000,prps,1,1504
38968,38.968,1,4004,54004,ladder_a11_lin_r02,prps,1416,-12,-0.103025,26,0,26,0.06806784,3.90000,prps,1,1505
38973,38.973,1,4004,54004,ladder_a11_lin_r02,prps,1443,15,0.126264,28,0,28,0.07330382,4.20000,prps,1,1506
38978,38.978,1,4004,54004,ladder_a11_lin_r02,prps,1470,42,0.359676,28,0,28,0.07330382,4.20000,prps,1,1507
38983,38.983,1,4004,54004,ladder_a11_lin_r02,prps,1495,67,0.576086,26,0,26,0.06806784,3.90000,prps,1,1508
38988,38.988,1,4004,54004,ladder_a11_lin_r02,prps,1516,88,0.755810,19,0,19,0.04974188,2.85000,prps,1,1509
38993,38.993,1,4004,54004,ladder_a11_lin_r02,prps,1531,103,0.882614,11,0,11,0.02879793,1.65000,prps,1,1510
38998,38.998,1,4004,54004,ladder_a11_lin_r02,prps,1539,111,0.945390,1,0,1,0.00261799,0.15000,prps,1,1511
39003,39.003,1,4004,54004,ladder_a11_lin_r02,prps,1538,110,0.939323,-10,0,-10,-0.02617994,-1.50000,prps,1,1512
39008,39.008,1,4004,54004,ladder_a11_lin_r02,prps,1529,101,0.866403,-20,0,-20,-0.05235988,-3.00000,prps,1,1513
39013,39.013,1,4004,54004,ladder_a11_lin_r02,prps,1514,86,0.735233,-30,0,-30,-0.07853982,-4.50000,prps,1,1514
39018,39.018,1,4004,54004,ladder_a11_lin_r02,prps,1494,66,0.560127,-37,0,-37,-0.09686577,-5.55000,prps,1,1515
39023,39.023,1,4004,54004,ladder_a11_lin_r02,prps,1470,42,0.359615,-43,0,-43,-0.11257374,-6.45000,prps,1,1516
39028,39.028,1,4004,54004,ladder_a11_lin_r02,prps,1446,18,0.154481,-44,0,-44,-0.11519173,-6.60000,prps,1,1517
39033,39.033,1,4004,54004,ladder_a11_lin_r02,prps,1424,-4,-0.034427,-43,0,-43,-0.11257374,-6.45000,prps,1,1518
39038,39.038,1,4004,54004,ladder_a11_lin_r02,prps,1406,-22,-0.188392,-40,0,-40,-0.10471976,-6.00000,prps,1,1519
39043,39.043,1,4004,54004,ladder_a11_lin_r02,prps,1394,-34,-0.292798,-34,0,-34,-0.08901179,-5.10000,prps,1,1520
39048,39.048,1,4004,54004,ladder_a11_lin_r02,prps,1388,-40,-0.338643,-26,0,-26,-0.06806784,-3.90000,prps,1,1521
39053,39.053,1,4004,54004,ladder_a11_lin_r02,prps,1390,-38,-0.323440,-17,0,-17,-0.04450589,-2.55000,prps,1,1522
39058,39.058,1,4004,54004,ladder_a11_lin_r02,prps,1399,-29,-0.251416,-9,0,-9,-0.02356194,-1.35000,prps,1,1523
39063,39.063,1,4004,54004,ladder_a11_lin_r02,prps,1412,-16,-0.132981,-1,0,-1,-0.00261799,-0.15000,prps,1,1524
39068,39.068,1,4004,54004,ladder_a11_lin_r02,prps,1430,2,0.016471,5,0,5,0.01308997,0.75000,prps,1,1525
39073,39.073,1,4004,54004,ladder_a11_lin_r02,prps,1449,21,0.178288,9,0,9,0.02356194,1.35000,prps,1,1526
39078,39.078,1,4004,54004,ladder_a11_lin_r02,prps,1467,39,0.332618,10,0,10,0.02617994,1.50000,prps,1,1527
39083,39.083,1,4004,54004,ladder_a11_lin_r02,prps,1482,54,0.460589,8,0,8,0.02094395,1.20000,prps,1,1528
39088,39.088,1,4004,54004,ladder_a11_lin_r02,prps,1492,64,0.546343,4,0,4,0.01047198,0.60000,prps,1,1529
39093,39.093,1,4004,54004,ladder_a11_lin_r02,prps,1496,68,0.578734,-1,0,-1,-0.00261799,-0.15000,prps,1,1530
39098,39.098,1,4004,54004,ladder_a11_lin_r02,prps,1493,65,0.552482,-7,0,-7,-0.01832596,-1.05000,prps,1,1531
39103,39.103,1,4004,54004,ladder_a11_lin_r02,prps,1483,55,0.468680,-13,0,-13,-0.03403392,-1.95000,prps,1,1532
39108,39.108,1,4004,54004,ladder_a11_lin_r02,prps,1467,39,0.334607,-19,0,-19,-0.04974188,-2.85000,prps,1,1533
39113,39.113,1,4004,54004,ladder_a11_lin_r02,prps,1447,19,0.162866,-23,0,-23,-0.06021386,-3.45000,prps,1,1534
39118,39.118,1,4004,54004,ladder_a11_lin_r02,prps,1424,-4,-0.030029,-25,0,-25,-0.06544985,-3.75000,prps,1,1535
39123,39.123,1,4004,54004,ladder_a11_lin_r02,prps,1402,-26,-0.225474,-25,0,-25,-0.06544985,-3.75000,prps,1,1536
39128,39.128,1,4004,54004,ladder_a11_lin_r02,prps,1381,-47,-0.404780,-22,0,-22,-0.05759586,-3.30000,prps,1,1537
39133,39.133,1,4004,54004,ladder_a11_lin_r02,prps,1364,-64,-0.551152,-16,0,-16,-0.04188790,-2.40000,prps,1,1538
39138,39.138,1,4004,54004,ladder_a11_lin_r02,prps,1352,-76,-0.651427,-9,0,-9,-0.02356194,-1.35000,prps,1,1539
39143,39.143,1,4004,54004,ladder_a11_lin_r02,prps,1346,-82,-0.697378,-1,0,-1,-0.00261799,-0.15000,prps,1,1540
39148,39.148,1,4004,54004,ladder_a11_lin_r02,prps,1348,-80,-0.686473,9,0,9,0.02356194,1.35000,prps,1,1541
39153,39.153,1,4004,54004,ladder_a11_lin_r02,prps,1355,-73,-0.621994,18,0,18,0.04712389,2.70000,prps,1,1542
39158,39.158,1,4004,54004,ladder_a11_lin_r02,prps,1368,-60,-0.512552,25,0,25,0.06544985,3.75000,prps,1,1543
39163,39.163,1,4004,54004,ladder_a11_lin_r02,prps,1385,-43,-0.371038,31,0,31,0.08115781,4.65000,prps,1,1544
39168,39.168,1,4004,54004,ladder_a11_lin_r02,prps,1403,-25,-0.213161,35,0,35,0.09162979,5.25000,prps,1,1545
39173,39.173,1,4004,54004,ladder_a11_lin_r02,prps,1421,-7,-0.055733,36,0,36,0.09424778,5.40000,prps,1,1546
39178,39.178,1,4004,54004,ladder_a11_lin_r02,prps,1438,10,0.085105,36,0,36,0.09424778,5.40000,prps,1,1547
39183,39.183,1,4004,54004,ladder_a11_lin_r02,prps,1451,23,0.195523,33,0,33,0.08639380,4.95000,prps,1,1548
39188,39.188,1,4004,54004,ladder_a11_lin_r02,prps,1459,31,0.265337,27,0,27,0.07068583,4.05000,prps,1,1549
39193,39.193,1,4004,54004,ladder_a11_lin_r02,prps,1462,34,0.288907,20,0,20,0.05235988,3.00000,prps,1,1550
39198,39.198,1,4004,54004,ladder_a11_lin_r02,prps,1459,31,0.265532,13,0,13,0.03403392,1.95000,prps,1,1551
39203,39.203,1,4004,54004,ladder_a11_lin_r02,prps,1451,23,0.199295,7,0,7,0.01832596,1.05000,prps,1,1552
39208,39.208,1,4004,54004,ladder_a11_lin_r02,prps,1440,12,0.098431,1,0,1,0.00261799,0.15000,prps,1,1553
39213,39.213,1,4004,54004,ladder_a11_lin_r02,prps,1425,-3,-0.025722,-3,0,-3,-0.00785398,-0.45000,prps,1,1554
39218,39.218,1,4004,54004,ladder_a11_lin_r02,prps,1409,-19,-0.160032,-5,0,-5,-0.01308997,-0.75000,prps,1,1555
39223,39.223,1,4004,54004,ladder_a11_lin_r02,prps,1394,-34,-0.291018,-5,0,-5,-0.01308997,-0.75000,prps,1,1556
39228,39.228,1,4004,54004,ladder_a11_lin_r02,prps,1380,-48,-0.406236,-3,0,-3,-0.00785398,-0.45000,prps,1,1557
39233,39.233,1,4004,54004,ladder_a11_lin_r02,prps,1370,-58,-0.495498,0,0,0,0.00000000,0.00000,prps,1,1558
39238,39.238,1,4004,54004,ladder_a11_lin_r02,prps,1363,-65,-0.551774,5,0,5,0.01308997,0.75000,prps,1,1559
39243,39.243,1,4004,54004,ladder_a11_lin_r02,prps,1361,-67,-0.571717,11,0,11,0.02879793,1.65000,prps,1,1560
39248,39.248,1,4004,54004,ladder_a11_lin_r02,prps,1363,-65,-0.555767,18,0,18,0.04712389,2.70000,prps,1,1561
39253,39.253,1,4004,54004,ladder_a11_lin_r02,prps,1369,-59,-0.507852,24,0,24,0.06283185,3.60000,prps,1,1562
39258,39.258,1,4004,54004,ladder_a11_lin_r02,prps,1377,-51,-0.434743,28,0,28,0.07330382,4.20000,prps,1,1563
39263,39.263,1,4004,54004,ladder_a11_lin_r02,prps,1388,-40,-0.345144,32,0,32,0.08377580,4.80000,prps,1,1564
39268,39.268,1,4004,54004,ladder_a11_lin_r02,prps,1399,-29,-0.248640,34,0,34,0.08901179,5.10000,prps,1,1565
39273,39.273,1,4004,54004,ladder_a11_lin_r02,prps,1410,-18,-0.154624,34,0,34,0.08901179,5.10000,prps,1,1566
39278,39.278,1,4004,54004,ladder_a11_lin_r02,prps,1420,-8,-0.071303,34,0,34,0.08901179,5.10000,prps,1,1567
39283,39.283,1,4004,54004,ladder_a11_lin_r02,prps,1427,-1,-0.004904,31,0,31,0.08115781,4.65000,prps,1,1568
39288,39.288,1,4004,54004,ladder_a11_lin_r02,prps,1433,5,0.040862,27,0,27,0.07068583,4.05000,prps,1,1569
39293,39.293,1,4004,54004,ladder_a11_lin_r02,prps,1436,8,0.065038,23,0,23,0.06021386,3.45000,prps,1,1570
39298,39.298,1,4004,54004,ladder_a11_lin_r02,prps,1436,8,0.069347,18,0,18,0.04712389,2.70000,prps,1,1571
39303,39.303,1,4004,54004,ladder_a11_lin_r02,prps,1435,7,0.057836,14,0,14,0.03665191,2.10000,prps,1,1572
39308,39.308,1,4004,54004,ladder_a11_lin_r02,prps,1432,4,0.036304,10,0,10,0.02617994,1.50000,prps,1,1573
39313,39.313,1,4004,54004,ladder_a11_lin_r02,prps,1429,1,0.011568,6,0,6,0.01570796,0.90000,prps,1,1574
39318,39.318,1,4004,54004,ladder_a11_lin_r02,prps,1427,-1,-0.009334,4,0,4,0.01047198,0.60000,prps,1,1575
39323,39.323,1,4004,54004,ladder_a11_lin_r02,prps,1426,-2,-0.019922,3,0,3,0.00785398,0.45000,prps,1,1576
39328,39.328,1,4004,54004,ladder_a11_lin_r02,prps,1426,-2,-0.014958,3,0,3,0.00785398,0.45000,prps,1,1577
39333,39.333,1,4004,54004,ladder_a11_lin_r02,prps,1429,1,0.009027,3,0,3,0.00785398,0.45000,prps,1,1578
39338,39.338,1,4004,54004,ladder_a11_lin_r02,prps,1434,6,0.053411,3,0,3,0.00785398,0.45000,prps,1,1579
39343,39.343,1,4004,54004,ladder_a11_lin_r02,prps,1442,14,0.117373,3,0,3,0.00785398,0.45000,prps,1,1580
39348,39.348,1,4004,54004,ladder_a11_lin_r02,prps,1451,23,0.198010,3,0,3,0.00785398,0.45000,prps,1,1581
39353,39.353,1,4004,54004,ladder_a11_lin_r02,prps,1462,34,0.290652,2,0,2,0.00523599,0.30000,prps,1,1582
39358,39.358,1,4004,54004,ladder_a11_lin_r02,prps,1474,46,0.389322,0,0,0,0.00000000,0.00000,prps,1,1583
39363,39.363,1,4004,54004,ladder_a11_lin_r02,prps,1485,57,0.487316,-3,0,-3,-0.00785398,-0.45000,prps,1,1584
39368,39.368,1,4004,54004,ladder_a11_lin_r02,prps,1496,68,0.577822,-7,0,-7,-0.01832596,-1.05000,prps,1,1585
39373,39.373,1,4004,54004,ladder_a11_lin_r02,prps,1505,77,0.654531,-11,0,-11,-0.02879793,-1.65000,prps,1,1586
39378,39.378,1,4004,54004,ladder_a11_lin_r02,prps,1511,83,0.712187,-17,0,-17,-0.04450589,-2.55000,prps,1,1587
39383,39.383,1,4004,54004,ladder_a11_lin_r02,prps,1515,87,0.747027,-22,0,-22,-0.05759586,-3.30000,prps,1,1588
39388,39.388,1,4004,54004,ladder_a11_lin_r02,prps,1517,89,0.757078,-28,0,-28,-0.07330382,-4.20000,prps,1,1589
39393,39.393,1,4004,54004,ladder_a11_lin_r02,prps,1515,87,0.742293,-33,0,-33,-0.08639380,-4.95000,prps,1,1590
39398,39.398,1,4004,54004,ladder_a11_lin_r02,prps,1510,82,0.704517,-37,0,-37,-0.09686577,-5.55000,prps,1,1591
39403,39.403,1,4004,54004,ladder_a11_lin_r02,prps,1504,76,0.647287,-41,0,-41,-0.10733775,-6.15000,prps,1,1592
39408,39.408,1,4004,54004,ladder_a11_lin_r02,prps,1495,67,0.575500,-44,0,-44,-0.11519173,-6.60000,prps,1,1593
39413,39.413,1,4004,54004,ladder_a11_lin_r02,prps,1486,58,0.494960,-44,0,-44,-0.11519173,-6.60000,prps,1,1594
39418,39.418,1,4004,54004,ladder_a11_lin_r02,prps,1476,48,0.411860,-44,0,-44,-0.11519173,-6.60000,prps,1,1595
39423,39.423,1,4004,54004,ladder_a11_lin_r02,prps,1467,39,0.332235,-43,0,-43,-0.11257374,-6.45000,prps,1,1596
39428,39.428,1,4004,54004,ladder_a11_lin_r02,prps,1459,31,0.261441,-42,0,-42,-0.10995574,-6.30000,prps,1,1597
39433,39.433,1,4004,54004,ladder_a11_lin_r02,prps,1452,24,0.203696,-39,0,-39,-0.10210176,-5.85000,prps,1,1598
39438,39.438,1,4004,54004,ladder_a11_lin_r02,prps,1447,19,0.161728,-35,0,-35,-0.09162979,-5.25000,prps,1,1599
39443,39.443,1,4004,54004,ladder_a11_lin_r02,prps,1444,16,0.136573,-31,0,-31,-0.08115781,-4.65000,prps,1,1600
39448,39.448,1,4004,54004,ladder_a11_lin_r02,prps,1443,15,0.127520,-26,0,-26,-0.06806784,-3.90000,prps,1,1601
39453,39.453,1,4004,54004,ladder_a11_lin_r02,prps,1443,15,0.132236,-22,0,-22,-0.05759586,-3.30000,prps,1,1602
39458,39.458,1,4004,54004,ladder_a11_lin_r02,prps,1445,17,0.147042,-19,0,-19,-0.04974188,-2.85000,prps,1,1603
39463,39.463,1,4004,54004,ladder_a11_lin_r02,prps,1448,20,0.167331,-16,0,-16,-0.04188790,-2.40000,prps,1,1604
39468,39.468,1,4004,54004,ladder_a11_lin_r02,prps,1450,22,0.188078,-13,0,-13,-0.03403392,-1.95000,prps,1,1605
39473,39.473,1,4004,54004,ladder_a11_lin_r02,prps,1452,24,0.204400,-12,0,-12,-0.03141592,-1.80000,prps,1,1606
39478,39.478,1,4004,54004,ladder_a11_lin_r02,prps,1453,25,0.212112,-11,0,-11,-0.02879793,-1.65000,prps,1,1607
39483,39.483,1,4004,54004,ladder_a11_lin_r02,prps,1452,24,0.208211,-11,0,-11,-0.02879793,-1.65000,prps,1,1608
39488,39.488,1,4004,54004,ladder_a11_lin_r02,prps,1450,22,0.191244,-11,0,-11,-0.02879793,-1.65000,prps,1,1609
39493,39.493,1,4004,54004,ladder_a11_lin_r02,prps,1447,19,0.161510,-11,0,-11,-0.02879793,-1.65000,prps,1,1610
39498,39.498,1,4004,54004,ladder_a11_lin_r02,prps,1442,14,0.121070,-11,0,-11,-0.02879793,-1.65000,prps,1,1611
39503,39.503,1,4004,54004,ladder_a11_lin_r02,prps,1437,9,0.073560,-11,0,-11,-0.02879793,-1.65000,prps,1,1612
39508,39.508,1,4004,54004,ladder_a11_lin_r02,prps,1431,3,0.023812,-11,0,-11,-0.02879793,-1.65000,prps,1,1613
39513,39.513,1,4004,54004,ladder_a11_lin_r02,prps,1425,-3,-0.022676,-11,0,-11,-0.02879793,-1.65000,prps,1,1614
39518,39.518,1,4004,54004,ladder_a11_lin_r02,prps,1421,-7,-0.060365,-9,0,-9,-0.02356194,-1.35000,prps,1,1615
39523,39.523,1,4004,54004,ladder_a11_lin_r02,prps,1418,-10,-0.084338,-7,0,-7,-0.01832596,-1.05000,prps,1,1616
39528,39.528,1,4004,54004,ladder_a11_lin_r02,prps,1417,-11,-0.090914,-5,0,-5,-0.01308997,-0.75000,prps,1,1617
39533,39.533,1,4004,54004,ladder_a11_lin_r02,prps,1419,-9,-0.078150,-2,0,-2,-0.00523599,-0.30000,prps,1,1618
39538,39.538,1,4004,54004,ladder_a11_lin_r02,prps,1423,-5,-0.046159,1,0,1,0.00261799,0.15000,prps,1,1619
39543,39.543,1,4004,54004,ladder_a11_lin_r02,prps,1428,0,0.002786,3,0,3,0.00785398,0.45000,prps,1,1620
39548,39.548,1,4004,54004,ladder_a11_lin_r02,prps,1436,8,0.064406,4,0,4,0.01047198,0.60000,prps,1,1621
39553,39.553,1,4004,54004,ladder_a11_lin_r02,prps,1444,16,0.132791,4,0,4,0.01047198,0.60000,prps,1,1622
39558,39.558,1,4004,54004,ladder_a11_lin_r02,prps,1452,24,0.200993,3,0,3,0.00785398,0.45000,prps,1,1623
39563,39.563,1,4004,54004,ladder_a11_lin_r02,prps,1459,31,0.261749,2,0,2,0.00523599,0.30000,prps,1,1624
39568,39.568,1,4004,54004,ladder_a11_lin_r02,prps,1464,36,0.308267,0,0,0,0.00000000,0.00000,prps,1,1625
39573,39.573,1,4004,54004,ladder_a11_lin_r02,prps,1467,39,0.334991,-3,0,-3,-0.00785398,-0.45000,prps,1,1626
39578,39.578,1,4004,54004,ladder_a11_lin_r02,prps,1468,40,0.338243,-5,0,-5,-0.01308997,-0.75000,prps,1,1627
39583,39.583,1,4004,54004,ladder_a11_lin_r02,prps,1465,37,0.316665,-9,0,-9,-0.02356194,-1.35000,prps,1,1628
39588,39.588,1,4004,54004,ladder_a11_lin_r02,prps,1460,32,0.271416,-12,0,-12,-0.03141592,-1.80000,prps,1,1629
39593,39.593,1,4004,54004,ladder_a11_lin_r02,prps,1452,24,0.206079,-15,0,-15,-0.03926991,-2.25000,prps,1,1630
39598,39.598,1,4004,54004,ladder_a11_lin_r02,prps,1443,15,0.126294,-17,0,-17,-0.04450589,-2.55000,prps,1,1631
39603,39.603,1,4004,54004,ladder_a11_lin_r02,prps,1433,5,0.039148,-17,0,-17,-0.04450589,-2.55000,prps,1,1632
39608,39.608,1,4004,54004,ladder_a11_lin_r02,prps,1422,-6,-0.047608,-17,0,-17,-0.04450589,-2.55000,prps,1,1633
39613,39.613,1,4004,54004,ladder_a11_lin_r02,prps,1413,-15,-0.126423,-15,0,-15,-0.03926991,-2.25000,prps,1,1634
39618,39.618,1,4004,54004,ladder_a11_lin_r02,prps,1406,-22,-0.190789,-12,0,-12,-0.03141592,-1.80000,prps,1,1635
39623,39.623,1,4004,54004,ladder_a11_lin_r02,prps,1400,-28,-0.235967,-8,0,-8,-0.02094395,-1.20000,prps,1,1636
39628,39.628,1,4004,54004,ladder_a11_lin_r02,prps,1398,-30,-0.259498,-3,0,-3,-0.00785398,-0.45000,prps,1,1637
39633,39.633,1,4004,54004,ladder_a11_lin_r02,prps,1397,-31,-0.261444,2,0,2,0.00523599,0.30000,prps,1,1638
39638,39.638,1,4004,54004,ladder_a11_lin_r02,prps,1399,-29,-0.244319,6,0,6,0.01570796,0.90000,prps,1,1639
39643,39.643,1,4004,54004,ladder_a11_lin_r02,prps,1403,-25,-0.212726,10,0,10,0.02617994,1.50000,prps,1,1640
39648,39.648,1,4004,54004,ladder_a11_lin_r02,prps,1408,-20,-0.172737,13,0,13,0.03403392,1.95000,prps,1,1641
39653,39.653,1,4004,54004,ladder_a11_lin_r02,prps,1413,-15,-0.131094,15,0,15,0.03926991,2.25000,prps,1,1642
39658,39.658,1,4004,54004,ladder_a11_lin_r02,prps,1417,-11,-0.094337,16,0,16,0.04188790,2.40000,prps,1,1643
39663,39.663,1,4004,54004,ladder_a11_lin_r02,prps,1420,-8,-0.067962,16,0,16,0.04188790,2.40000,prps,1,1644
39668,39.668,1,4004,54004,ladder_a11_lin_r02,prps,1421,-7,-0.055721,16,0,16,0.04188790,2.40000,prps,1,1645
39673,39.673,1,4004,54004,ladder_a11_lin_r02,prps,1421,-7,-0.059157,14,0,14,0.03665191,2.10000,prps,1,1646
39678,39.678,1,4004,54004,ladder_a11_lin_r02,prps,1419,-9,-0.077433,13,0,13,0.03403392,1.95000,prps,1,1647
39683,39.683,1,4004,54004,ladder_a11_lin_r02,prps,1415,-13,-0.107487,11,0,11,0.02879793,1.65000,prps,1,1648
39688,39.688,1,4004,54004,ladder_a11_lin_r02,prps,1411,-17,-0.144480,10,0,10,0.02617994,1.50000,prps,1,1649
39693,39.693,1,4004,54004,ladder_a11_lin_r02,prps,1407,-21,-0.182499,10,0,10,0.02617994,1.50000,prps,1,1650
39698,39.698,1,4004,54004,ladder_a11_lin_r02,prps,1403,-25,-0.215408,10,0,10,0.02617994,1.50000,prps,1,1651
39703,39.703,1,4004,54004,ladder_a11_lin_r02,prps,1400,-28,-0.237747,10,0,10,0.02617994,1.50000,prps,1,1652
39708,39.708,1,4004,54004,ladder_a11_lin_r02,prps,1399,-29,-0.245551,11,0,11,0.02879793,1.65000,prps,1,1653
39713,39.713,1,4004,54004,ladder_a11_lin_r02,prps,1400,-28,-0.236973,13,0,13,0.03403392,1.95000,prps,1,1654
39718,39.718,1,4004,54004,ladder_a11_lin_r02,prps,1403,-25,-0.212633,14,0,14,0.03665191,2.10000,prps,1,1655
39723,39.723,1,4004,54004,ladder_a11_lin_r02,prps,1407,-21,-0.175629,16,0,16,0.04188790,2.40000,prps,1,1656
39728,39.728,1,4004,54004,ladder_a11_lin_r02,prps,1413,-15,-0.131202,16,0,16,0.04188790,2.40000,prps,1,1657
39733,39.733,1,4004,54004,ladder_a11_lin_r02,prps,1418,-10,-0.086098,16,0,16,0.04188790,2.40000,prps,1,1658
39738,39.738,1,4004,54004,ladder_a11_lin_r02,prps,1422,-6,-0.047689,16,0,16,0.04188790,2.40000,prps,1,1659
39743,39.743,1,4004,54004,ladder_a11_lin_r02,prps,1425,-3,-0.022982,16,0,16,0.04188790,2.40000,prps,1,1660
39748,39.748,1,4004,54004,ladder_a11_lin_r02,prps,1426,-2,-0.017634,15,0,15,0.03926991,2.25000,prps,1,1661
39753,39.753,1,4004,54004,ladder_a11_lin_r02,prps,1424,-4,-0.035117,13,0,13,0.03403392,1.95000,prps,1,1662
39758,39.758,1,4004,54004,ladder_a11_lin_r02,prps,1419,-9,-0.076133,11,0,11,0.02879793,1.65000,prps,1,1663
39763,39.763,1,4004,54004,ladder_a11_lin_r02,prps,1412,-16,-0.138388,9,0,9,0.02356194,1.35000,prps,1,1664
39768,39.768,1,4004,54004,ladder_a11_lin_r02,prps,1403,-25,-0.216755,8,0,8,0.02094395,1.20000,prps,1,1665
39773,39.773,1,4004,54004,ladder_a11_lin_r02,prps,1392,-36,-0.303813,7,0,7,0.01832596,1.05000,prps,1,1666
39778,39.778,1,4004,54004,ladder_a11_lin_r02,prps,1382,-46,-0.390722,8,0,8,0.02094395,1.20000,prps,1,1667
39783,39.783,1,4004,54004,ladder_a11_lin_r02,prps,1373,-55,-0.468309,10,0,10,0.02617994,1.50000,prps,1,1668
39788,39.788,1,4004,54004,ladder_a11_lin_r02,prps,1366,-62,-0.528245,14,0,14,0.03665191,2.10000,prps,1,1669
39793,39.793,1,4004,54004,ladder_a11_lin_r02,prps,1362,-66,-0.564146,18,0,18,0.04712389,2.70000,prps,1,1670
39798,39.798,1,4004,54004,ladder_a11_lin_r02,prps,1361,-67,-0.572468,23,0,23,0.06021386,3.45000,prps,1,1671
39803,39.803,1,4004,54004,ladder_a11_lin_r02,prps,1363,-65,-0.553049,27,0,27,0.07068583,4.05000,prps,1,1672
39808,39.808,1,4004,54004,ladder_a11_lin_r02,prps,1368,-60,-0.509231,31,0,31,0.08115781,4.65000,prps,1,1673
39813,39.813,1,4004,54004,ladder_a11_lin_r02,prps,1376,-52,-0.447525,35,0,35,0.09162979,5.25000,prps,1,1674
39818,39.818,1,4004,54004,ladder_a11_lin_r02,prps,1384,-44,-0.376839,37,0,37,0.09686577,5.55000,prps,1,1675
39823,39.823,1,4004,54004,ladder_a11_lin_r02,prps,1392,-36,-0.307365,38,0,38,0.09948376,5.70000,prps,1,1676
39828,39.828,1,4004,54004,ladder_a11_lin_r02,prps,1399,-29,-0.249257,38,0,38,0.09948376,5.70000,prps,1,1677
39833,39.833,1,4004,54004,ladder_a11_lin_r02,prps,1403,-25,-0.211249,37,0,37,0.09686577,5.55000,prps,1,1678
39838,39.838,1,4004,54004,ladder_a11_lin_r02,prps,1405,-23,-0.199419,35,0,35,0.09162979,5.25000,prps,1,1679
39843,39.843,1,4004,54004,ladder_a11_lin_r02,prps,1403,-25,-0.216236,31,0,31,0.08115781,4.65000,prps,1,1680
39848,39.848,1,4004,54004,ladder_a11_lin_r02,prps,1398,-30,-0.260045,28,0,28,0.07330382,4.20000,prps,1,1681
39853,39.853,1,4004,54004,ladder_a11_lin_r02,prps,1390,-38,-0.325070,25,0,25,0.06544985,3.75000,prps,1,1682
39858,39.858,1,4004,54004,ladder_a11_lin_r02,prps,1381,-47,-0.401951,24,0,24,0.06283185,3.60000,prps,1,1683
39863,39.863,1,4004,54004,ladder_a11_lin_r02,prps,1372,-56,-0.478772,24,0,24,0.06283185,3.60000,prps,1,1684
39868,39.868,1,4004,54004,ladder_a11_lin_r02,prps,1365,-63,-0.542472,24,0,24,0.06283185,3.60000,prps,1,1685
39873,39.873,1,4004,54004,ladder_a11_lin_r02,prps,1360,-68,-0.580467,25,0,25,0.06544985,3.75000,prps,1,1686
39878,39.878,1,4004,54004,ladder_a11_lin_r02,prps,1360,-68,-0.582300,28,0,28,0.07330382,4.20000,prps,1,1687
39883,39.883,1,4004,54004,ladder_a11_lin_r02,prps,1365,-63,-0.541098,31,0,31,0.08115781,4.65000,prps,1,1688
39888,39.888,1,4004,54004,ladder_a11_lin_r02,prps,1375,-53,-0.454662,35,0,35,0.09162979,5.25000,prps,1,1689
39893,39.893,1,4004,54004,ladder_a11_lin_r02,prps,1390,-38,-0.326024,37,0,37,0.09686577,5.55000,prps,1,1690
39898,39.898,1,4004,54004,ladder_a11_lin_r02,prps,1409,-19,-0.163401,39,0,39,0.10210176,5.85000,prps,1,1691
39903,39.903,1,4004,54004,ladder_a11_lin_r02,prps,1430,2,0.020492,38,0,38,0.09948376,5.70000,prps,1,1692
39908,39.908,1,4004,54004,ladder_a11_lin_r02,prps,1453,25,0.209692,37,0,37,0.09686577,5.55000,prps,1,1693
39913,39.913,1,4004,54004,ladder_a11_lin_r02,prps,1473,45,0.386673,32,0,32,0.08377580,4.80000,prps,1,1694
39918,39.918,1,4004,54004,ladder_a11_lin_r02,prps,1491,63,0.534286,25,0,25,0.06544985,3.75000,prps,1,1695
39923,39.923,1,4004,54004,ladder_a11_lin_r02,prps,1503,75,0.637716,17,0,17,0.04450589,2.55000,prps,1,1696
39928,39.928,1,4004,54004,ladder_a11_lin_r02,prps,1508,80,0.686232,7,0,7,0.01832596,1.05000,prps,1,1697
39933,39.933,1,4004,54004,ladder_a11_lin_r02,prps,1507,79,0.674514,-2,0,-2,-0.00523599,-0.30000,prps,1,1698
39938,39.938,1,4004,54004,ladder_a11_lin_r02,prps,1499,71,0.603384,-11,0,-11,-0.02879793,-1.65000,prps,1,1699
39943,39.943,1,4004,54004,ladder_a11_lin_r02,prps,1484,56,0.479853,-19,0,-19,-0.04974188,-2.85000,prps,1,1700
39948,39.948,1,4004,54004,ladder_a11_lin_r02,prps,1465,37,0.316452,-25,0,-25,-0.06544985,-3.75000,prps,1,1701
39953,39.953,1,4004,54004,ladder_a11_lin_r02,prps,1443,15,0.129918,-29,0,-29,-0.07592182,-4.35000,prps,1,1702
39958,39.958,1,4004,54004,ladder_a11_lin_r02,prps,1421,-7,-0.060621,-29,0,-29,-0.07592182,-4.35000,prps,1,1703
39963,39.963,1,4004,54004,ladder_a11_lin_r02,prps,1400,-28,-0.235757,-28,0,-28,-0.07330382,-4.20000,prps,1,1704
39968,39.968,1,4004,54004,ladder_a11_lin_r02,prps,1384,-44,-0.377975,-24,0,-24,-0.06283185,-3.60000,prps,1,1705
39973,39.973,1,4004,54004,ladder_a11_lin_r02,prps,1373,-55,-0.473615,-17,0,-17,-0.04450589,-2.55000,prps,1,1706
39978,39.978,1,4004,54004,ladder_a11_lin_r02,prps,1368,-60,-0.514417,-9,0,-9,-0.02356194,-1.35000,prps,1,1707
39983,39.983,1,4004,54004,ladder_a11_lin_r02,prps,1370,-58,-0.498445,-2,0,-2,-0.00523599,-0.30000,prps,1,1708
39988,39.988,1,4004,54004,ladder_a11_lin_r02,prps,1378,-50,-0.430291,7,0,7,0.01832596,1.05000,prps,1,1709
39993,39.993,1,4004,54004,ladder_a11_lin_r02,prps,1390,-38,-0.320522,14,0,14,0.03665191,2.10000,prps,1,1710
39998,39.998,1,4004,54004,ladder_a11_lin_r02,prps,1406,-22,-0.184444,20,0,20,0.05235988,3.00000,prps,1,1711
40003,40.003,1,4004,54004,ladder_a11_lin_r02,prps,1423,-5,-0.040313,23,0,23,0.06021386,3.45000,prps,1,1712
40008,40.008,1,4004,54004,ladder_a11_lin_r02,prps,1439,11,0.092786,24,0,24,0.06283185,3.60000,prps,1,1713
40013,40.013,1,4004,54004,ladder_a11_lin_r02,prps,1451,23,0.197157,24,0,24,0.06283185,3.60000,prps,1,1714
40018,40.018,1,4004,54004,ladder_a11_lin_r02,prps,1458,30,0.258535,20,0,20,0.05235988,3.00000,prps,1,1715
40023,40.023,1,4004,54004,ladder_a11_lin_r02,prps,1459,31,0.267724,15,0,15,0.03926991,2.25000,prps,1,1716
40028,40.028,1,4004,54004,ladder_a11_lin_r02,prps,1454,26,0.221639,9,0,9,0.02356194,1.35000,prps,1,1717
40033,40.033,1,4004,54004,ladder_a11_lin_r02,prps,1442,14,0.123630,3,0,3,0.00785398,0.45000,prps,1,1718
40038,40.038,1,4004,54004,ladder_a11_lin_r02,prps,1426,-2,-0.016940,-1,0,-1,-0.00261799,-0.15000,prps,1,1719
40043,40.043,1,4004,54004,ladder_a11_lin_r02,prps,1406,-22,-0.185814,-4,0,-4,-0.01047198,-0.60000,prps,1,1720
40048,40.048,1,4004,54004,ladder_a11_lin_r02,prps,1385,-43,-0.365510,-4,0,-4,-0.01047198,-0.60000,prps,1,1721
40053,40.053,1,4004,54004,ladder_a11_lin_r02,prps,1365,-63,-0.537352,-3,0,-3,-0.00785398,-0.45000,prps,1,1722
40058,40.058,1,4004,54004,ladder_a11_lin_r02,prps,1348,-80,-0.683609,0,0,0,0.00000000,0.00000,prps,1,1723
40063,40.063,1,4004,54004,ladder_a11_lin_r02,prps,1336,-92,-0.789503,7,0,7,0.01832596,1.05000,prps,1,1724
40068,40.068,1,4004,54004,ladder_a11_lin_r02,prps,1329,-99,-0.844840,14,0,14,0.03665191,2.10000,prps,1,1725
40073,40.073,1,4004,54004,ladder_a11_lin_r02,prps,1329,-99,-0.845089,22,0,22,0.05759586,3.30000,prps,1,1726
40078,40.078,1,4004,54004,ladder_a11_lin_r02,prps,1335,-93,-0.791793,31,0,31,0.08115781,4.65000,prps,1,1727
40083,40.083,1,4004,54004,ladder_a11_lin_r02,prps,1347,-81,-0.692273,38,0,38,0.09948376,5.70000,prps,1,1728
40088,40.088,1,4004,54004,ladder_a11_lin_r02,prps,1363,-65,-0.558674,44,0,44,0.11519173,6.60000,prps,1,1729
40093,40.093,1,4004,54004,ladder_a11_lin_r02,prps,1380,-48,-0.406484,48,0,48,0.12566370,7.20000,prps,1,1730
40098,40.098,1,4004,54004,ladder_a11_lin_r02,prps,1398,-30,-0.252711,49,0,49,0.12828170,7.35000,prps,1,1731
40103,40.103,1,4004,54004,ladder_a11_lin_r02,prps,1415,-13,-0.113939,48,0,48,0.12566370,7.20000,prps,1,1732
40108,40.108,1,4004,54004,ladder_a11_lin_r02,prps,1427,-1,-0.004497,44,0,44,0.11519173,6.60000,prps,1,1733
40113,40.113,1,4004,54004,ladder_a11_lin_r02,prps,1436,8,0.065051,40,0,40,0.10471976,6.00000,prps,1,1734
40118,40.118,1,4004,54004,ladder_a11_lin_r02,prps,1438,10,0.088924,33,0,33,0.08639380,4.95000,prps,1,1735
40123,40.123,1,4004,54004,ladder_a11_lin_r02,prps,1436,8,0.066546,27,0,27,0.07068583,4.05000,prps,1,1736
40128,40.128,1,4004,54004,ladder_a11_lin_r02,prps,1428,0,0.002356,20,0,20,0.05235988,3.00000,prps,1,1737
40133,40.133,1,4004,54004,ladder_a11_lin_r02,prps,1417,-11,-0.094960,15,0,15,0.03926991,2.25000,prps,1,1738
40138,40.138,1,4004,54004,ladder_a11_lin_r02,prps,1403,-25,-0.213690,11,0,11,0.02879793,1.65000,prps,1,1739
40143,40.143,1,4004,54004,ladder_a11_lin_r02,prps,1388,-40,-0.340606,9,0,9,0.02356194,1.35000,prps,1,1740
40148,40.148,1,4004,54004,ladder_a11_lin_r02,prps,1374,-54,-0.462560,9,0,9,0.02356194,1.35000,prps,1,1741
40153,40.153,1,4004,54004,ladder_a11_lin_r02,prps,1362,-66,-0.567977,9,0,9,0.02356194,1.35000,prps,1,1742
40158,40.158,1,4004,54004,ladder_a11_lin_r02,prps,1352,-76,-0.648057,13,0,13,0.03403392,1.95000,prps,1,1743
40163,40.163,1,4004,54004,ladder_a11_lin_r02,prps,1346,-82,-0.697561,18,0,18,0.04712389,2.70000,prps,1,1744
40168,40.168,1,4004,54004,ladder_a11_lin_r02,prps,1344,-84,-0.715097,24,0,24,0.06283185,3.60000,prps,1,1745
40173,40.173,1,4004,54004,ladder_a11_lin_r02,prps,1346,-82,-0.702910,30,0,30,0.07853982,4.50000,prps,1,1746
40178,40.178,1,4004,54004,ladder_a11_lin_r02,prps,1350,-78,-0.666226,35,0,35,0.09162979,5.25000,prps,1,1747
40183,40.183,1,4004,54004,ladder_a11_lin_r02,prps,1356,-72,-0.612260,40,0,40,0.10471976,6.00000,prps,1,1748
40188,40.188,1,4004,54004,ladder_a11_lin_r02,prps,1364,-64,-0.549053,44,0,44,0.11519173,6.60000,prps,1,1749
40193,40.193,1,4004,54004,ladder_a11_lin_r02,prps,1371,-57,-0.484291,46,0,46,0.12042772,6.90000,prps,1,1750
40198,40.198,1,4004,54004,ladder_a11_lin_r02,prps,1378,-50,-0.424281,46,0,46,0.12042772,6.90000,prps,1,1751
40203,40.203,1,4004,54004,ladder_a11_lin_r02,prps,1384,-44,-0.373206,46,0,46,0.12042772,6.90000,prps,1,1752
40208,40.208,1,4004,54004,ladder_a11_lin_r02,prps,1389,-39,-0.332765,44,0,44,0.11519173,6.60000,prps,1,1753
40213,40.213,1,4004,54004,ladder_a11_lin_r02,prps,1393,-35,-0.302209,41,0,41,0.10733775,6.15000,prps,1,1754
40218,40.218,1,4004,54004,ladder_a11_lin_r02,prps,1395,-33,-0.278767,39,0,39,0.10210176,5.85000,prps,1,1755
40223,40.223,1,4004,54004,ladder_a11_lin_r02,prps,1398,-30,-0.258374,36,0,36,0.09424778,5.40000,prps,1,1756
40228,40.228,1,4004,54004,ladder_a11_lin_r02,prps,1400,-28,-0.236567,33,0,33,0.08639380,4.95000,prps,1,1757
40233,40.233,1,4004,54004,ladder_a11_lin_r02,prps,1403,-25,-0.209431,30,0,30,0.07853982,4.50000,prps,1,1758
40238,40.238,1,4004,54004,ladder_a11_lin_r02,prps,1408,-20,-0.174418,28,0,28,0.07330382,4.20000,prps,1,1759
40243,40.243,1,4004,54004,ladder_a11_lin_r02,prps,1413,-15,-0.130934,25,0,25,0.06544985,3.75000,prps,1,1760
40248,40.248,1,4004,54004,ladder_a11_lin_r02,prps,1419,-9,-0.080585,23,0,23,0.06021386,3.45000,prps,1,1761
40253,40.253,1,4004,54004,ladder_a11_lin_r02,prps,1425,-3,-0.027058,21,0,21,0.05497787,3.15000,prps,1,1762
40258,40.258,1,4004,54004,ladder_a11_lin_r02,prps,1431,3,0.024368,19,0,19,0.04974188,2.85000,prps,1,1763
40263,40.263,1,4004,54004,ladder_a11_lin_r02,prps,1436,8,0.067592,16,0,16,0.04188790,2.40000,prps,1,1764
40268,40.268,1,4004,54004,ladder_a11_lin_r02,prps,1439,11,0.096644,13,0,13,0.03403392,1.95000,prps,1,1765
40273,40.273,1,4004,54004,ladder_a11_lin_r02,prps,1440,12,0.106674,10,0,10,0.02617994,1.50000,prps,1,1766
40278,40.278,1,4004,54004,ladder_a11_lin_r02,prps,1439,11,0.094819,7,0,7,0.01832596,1.05000,prps,1,1767
40283,40.283,1,4004,54004,ladder_a11_lin_r02,prps,1435,7,0.060831,4,0,4,0.01047198,0.60000,prps,1,1768
40288,40.288,1,4004,54004,ladder_a11_lin_r02,prps,1429,1,0.007338,2,0,2,0.00523599,0.30000,prps,1,1769
40293,40.293,1,4004,54004,ladder_a11_lin_r02,prps,1421,-7,-0.060302,0,0,0,0.00000000,0.00000,prps,1,1770
40298,40.298,1,4004,54004,ladder_a11_lin_r02,prps,1412,-16,-0.134553,0,0,0,0.00000000,0.00000,prps,1,1771
40303,40.303,1,4004,54004,ladder_a11_lin_r02,prps,1404,-24,-0.206608,1,0,1,0.00261799,0.15000,prps,1,1772
40308,40.308,1,4004,54004,ladder_a11_lin_r02,prps,1397,-31,-0.267529,2,0,2,0.00523599,0.30000,prps,1,1773
40313,40.313,1,4004,54004,ladder_a11_lin_r02,prps,1392,-36,-0.309480,4,0,4,0.01047198,0.60000,prps,1,1774
40318,40.318,1,4004,54004,ladder_a11_lin_r02,prps,1390,-38,-0.326873,7,0,7,0.01832596,1.05000,prps,1,1775
40323,40.323,1,4004,54004,ladder_a11_lin_r02,prps,1391,-37,-0.317278,11,0,11,0.02879793,1.65000,prps,1,1776
40328,40.328,1,4004,54004,ladder_a11_lin_r02,prps,1395,-33,-0.281949,14,0,14,0.03665191,2.10000,prps,1,1777
40333,40.333,1,4004,54004,ladder_a11_lin_r02,prps,1402,-26,-0.225882,17,0,17,0.04450589,2.55000,prps,1,1778
40338,40.338,1,4004,54004,ladder_a11_lin_r02,prps,1410,-18,-0.157377,20,0,20,0.05235988,3.00000,prps,1,1779
40343,40.343,1,4004,54004,ladder_a11_lin_r02,prps,1418,-10,-0.087131,20,0,20,0.05235988,3.00000,prps,1,1780
40348,40.348,1,4004,54004,ladder_a11_lin_r02,prps,1425,-3,-0.026963,20,0,20,0.05235988,3.00000,prps,1,1781
40353,40.353,1,4004,54004,ladder_a11_lin_r02,prps,1429,1,0.011666,20,0,20,0.05235988,3.00000,prps,1,1782
40358,40.358,1,4004,54004,ladder_a11_lin_r02,prps,1430,2,0.019183,18,0,18,0.04712389,2.70000,prps,1,1783
40363,40.363,1,4004,54004,ladder_a11_lin_r02,prps,1427,-1,-0.010745,15,0,15,0.03926991,2.25000,prps,1,1784
40368,40.368,1,4004,54004,ladder_a11_lin_r02,prps,1419,-9,-0.080191,12,0,12,0.03141592,1.80000,prps,1,1785
40373,40.373,1,4004,54004,ladder_a11_lin_r02,prps,1406,-22,-0.186436,9,0,9,0.02356194,1.35000,prps,1,1786
40378,40.378,1,4004,54004,ladder_a11_lin_r02,prps,1390,-38,-0.322010,8,0,8,0.02094395,1.20000,prps,1,1787
40383,40.383,1,4004,54004,ladder_a11_lin_r02,prps,1372,-56,-0.475318,7,0,7,0.01832596,1.05000,prps,1,1788
40388,40.388,1,4004,54004,ladder_a11_lin_r02,prps,1354,-74,-0.631796,8,0,8,0.02094395,1.20000,prps,1,1789
40393,40.393,1,4004,54004,ladder_a11_lin_r02,prps,1337,-91,-0.775477,12,0,12,0.03141592,1.80000,prps,1,1790
40398,40.398,1,4004,54004,ladder_a11_lin_r02,prps,1324,-104,-0.890785,17,0,17,0.04450589,2.55000,prps,1,1791
40403,40.403,1,4004,54004,ladder_a11_lin_r02,prps,1315,-113,-0.964346,24,0,24,0.06283185,3.60000,prps,1,1792
40408,40.408,1,4004,54004,ladder_a11_lin_r02,prps,1313,-115,-0.986600,32,0,32,0.08377580,4.80000,prps,1,1793
40413,40.413,1,4004,54004,ladder_a11_lin_r02,prps,1316,-112,-0.953024,40,0,40,0.10471976,6.00000,prps,1,1794
40418,40.418,1,4004,54004,ladder_a11_lin_r02,prps,1327,-101,-0.864791,47,0,47,0.12304571,7.05000,prps,1,1795
40423,40.423,1,4004,54004,ladder_a11_lin_r02,prps,1343,-85,-0.728804,53,0,53,0.13875367,7.95000,prps,1,1796
40428,40.428,1,4004,54004,ladder_a11_lin_r02,prps,1363,-65,-0.557067,57,0,57,0.14922565,8.55000,prps,1,1797
40433,40.433,1,4004,54004,ladder_a11_lin_r02,prps,1385,-43,-0.365468,59,0,59,0.15446164,8.85000,prps,1,1798
40438,40.438,1,4004,54004,ladder_a11_lin_r02,prps,1408,-20,-0.172104,59,0,59,0.15446164,8.85000,prps,1,1799
40443,40.443,1,4004,54004,ladder_a11_lin_r02,prps,1429,1,0.004659,55,0,55,0.14398966,8.25000,prps,1,1800
40448,40.448,1,4004,54004,ladder_a11_lin_r02,prps,1445,17,0.148165,49,0,49,0.12828170,7.35000,prps,1,1801
40453,40.453,1,4004,54004,ladder_a11_lin_r02,prps,1457,29,0.245271,42,0,42,0.10995574,6.30000,prps,1,1802
40458,40.458,1,4004,54004,ladder_a11_lin_r02,prps,1462,34,0.287746,34,0,34,0.08901179,5.10000,prps,1,1803
40463,40.463,1,4004,54004,ladder_a11_lin_r02,prps,1460,32,0.273124,25,0,25,0.06544985,3.75000,prps,1,1804
40468,40.468,1,4004,54004,ladder_a11_lin_r02,prps,1452,24,0.204904,17,0,17,0.04450589,2.55000,prps,1,1805
40473,40.473,1,4004,54004,ladder_a11_lin_r02,prps,1439,11,0.092074,9,0,9,0.02356194,1.35000,prps,1,1806
40478,40.478,1,4004,54004,ladder_a11_lin_r02,prps,1422,-6,-0.051964,3,0,3,0.00785398,0.45000,prps,1,1807
40483,40.483,1,4004,54004,ladder_a11_lin_r02,prps,1403,-25,-0.210956,0,0,0,0.00000000,0.00000,prps,1,1808
40488,40.488,1,4004,54004,ladder_a11_lin_r02,prps,1385,-43,-0.367657,-1,0,-1,-0.00261799,-0.15000,prps,1,1809
40493,40.493,1,4004,54004,ladder_a11_lin_r02,prps,1369,-59,-0.505755,0,0,0,0.00000000,0.00000,prps,1,1810
40498,40.498,1,4004,54004,ladder_a11_lin_r02,prps,1356,-72,-0.611659,4,0,4,0.01047198,0.60000,prps,1,1811
40503,40.503,1,4004,54004,ladder_a11_lin_r02,prps,1349,-79,-0.675936,9,0,9,0.02356194,1.35000,prps,1,1812
40508,40.508,1,4004,54004,ladder_a11_lin_r02,prps,1347,-81,-0.694227,16,0,16,0.04188790,2.40000,prps,1,1813
40513,40.513,1,4004,54004,ladder_a11_lin_r02,prps,1350,-78,-0.667575,23,0,23,0.06021386,3.45000,prps,1,1814
40518,40.518,1,4004,54004,ladder_a11_lin_r02,prps,1358,-70,-0.602110,29,0,29,0.07592182,4.35000,prps,1,1815
40523,40.523,1,4004,54004,ladder_a11_lin_r02,prps,1369,-59,-0.508166,35,0,35,0.09162979,5.25000,prps,1,1816
40528,40.528,1,4004,54004,ladder_a11_lin_r02,prps,1381,-47,-0.398941,39,0,39,0.10210176,5.85000,prps,1,1817
40533,40.533,1,4004,54004,ladder_a11_lin_r02,prps,1394,-34,-0.288866,40,0,40,0.10471976,6.00000,prps,1,1818
40538,40.538,1,4004,54004,ladder_a11_lin_r02,prps,1406,-22,-0.191886,40,0,40,0.10471976,6.00000,prps,1,1819
40543,40.543,1,4004,54004,ladder_a11_lin_r02,prps,1414,-14,-0.119866,39,0,39,0.10210176,5.85000,prps,1,1820
40548,40.548,1,4004,54004,ladder_a11_lin_r02,prps,1418,-10,-0.081283,36,0,36,0.09424778,5.40000,prps,1,1821
40553,40.553,1,4004,54004,ladder_a11_lin_r02,prps,1419,-9,-0.080376,32,0,32,0.08377580,4.80000,prps,1,1822
40558,40.558,1,4004,54004,ladder_a11_lin_r02,prps,1414,-14,-0.116820,27,0,27,0.07068583,4.05000,prps,1,1823
40563,40.563,1,4004,54004,ladder_a11_lin_r02,prps,1406,-22,-0.185948,23,0,23,0.06021386,3.45000,prps,1,1824
40568,40.568,1,4004,54004,ladder_a11_lin_r02,prps,1395,-33,-0.279476,19,0,19,0.04974188,2.85000,prps,1,1825
40573,40.573,1,4004,54004,ladder_a11_lin_r02,prps,1383,-45,-0.386624,18,0,18,0.04712389,2.70000,prps,1,1826
40578,40.578,1,4004,54004,ladder_a11_lin_r02,prps,1370,-58,-0.495477,18,0,18,0.04712389,2.70000,prps,1,1827
40583,40.583,1,4004,54004,ladder_a11_lin_r02,prps,1358,-70,-0.594429,18,0,18,0.04712389,2.70000,prps,1,1828
40588,40.588,1,4004,54004,ladder_a11_lin_r02,prps,1349,-79,-0.673507,20,0,20,0.05235988,3.00000,prps,1,1829
40593,40.593,1,4004,54004,ladder_a11_lin_r02,prps,1343,-85,-0.725448,25,0,25,0.06544985,3.75000,prps,1,1830
40598,40.598,1,4004,54004,ladder_a11_lin_r02,prps,1341,-87,-0.746395,29,0,29,0.07592182,4.35000,prps,1,1831
40603,40.603,1,4004,54004,ladder_a11_lin_r02,prps,1342,-86,-0.736144,35,0,35,0.09162979,5.25000,prps,1,1832
40608,40.608,1,4004,54004,ladder_a11_lin_r02,prps,1346,-82,-0.697943,40,0,40,0.10471976,6.00000,prps,1,1833
40613,40.613,1,4004,54004,ladder_a11_lin_r02,prps,1353,-75,-0.637893,44,0,44,0.11519173,6.60000,prps,1,1834
40618,40.618,1,4004,54004,ladder_a11_lin_r02,prps,1362,-66,-0.564031,47,0,47,0.12304571,7.05000,prps,1,1835
40623,40.623,1,4004,54004,ladder_a11_lin_r02,prps,1371,-57,-0.485246,49,0,49,0.12828170,7.35000,prps,1,1836
40628,40.628,1,4004,54004,ladder_a11_lin_r02,prps,1380,-48,-0.410156,48,0,48,0.12566370,7.20000,prps,1,1837
40633,40.633,1,4004,54004,ladder_a11_lin_r02,prps,1388,-40,-0.346097,47,0,47,0.12304571,7.05000,prps,1,1838
40638,40.638,1,4004,54004,ladder_a11_lin_r02,prps,1393,-35,-0.298352,45,0,45,0.11780972,6.75000,prps,1,1839
40643,40.643,1,4004,54004,ladder_a11_lin_r02,prps,1396,-32,-0.269691,41,0,41,0.10733775,6.15000,prps,1,1840
40648,40.648,1,4004,54004,ladder_a11_lin_r02,prps,1398,-30,-0.260265,39,0,39,0.10210176,5.85000,prps,1,1841
40653,40.653,1,4004,54004,ladder_a11_lin_r02,prps,1397,-31,-0.267856,36,0,36,0.09424778,5.40000,prps,1,1842
40658,40.658,1,4004,54004,ladder_a11_lin_r02,prps,1394,-34,-0.288414,32,0,32,0.08377580,4.80000,prps,1,1843
40663,40.663,1,4004,54004,ladder_a11_lin_r02,prps,1391,-37,-0.316793,30,0,30,0.07853982,4.50000,prps,1,1844
40668,40.668,1,4004,54004,ladder_a11_lin_r02,prps,1387,-41,-0.347587,27,0,27,0.07068583,4.05000,prps,1,1845
40673,40.673,1,4004,54004,ladder_a11_lin_r02,prps,1384,-44,-0.375918,27,0,27,0.07068583,4.05000,prps,1,1846
40678,40.678,1,4004,54004,ladder_a11_lin_r02,prps,1381,-47,-0.398095,27,0,27,0.07068583,4.05000,prps,1,1847
40683,40.683,1,4004,54004,ladder_a11_lin_r02,prps,1380,-48,-0.412044,27,0,27,0.07068583,4.05000,prps,1,1848
40688,40.688,1,4004,54004,ladder_a11_lin_r02,prps,1379,-49,-0.417456,27,0,27,0.07068583,4.05000,prps,1,1849
40693,40.693,1,4004,54004,ladder_a11_lin_r02,prps,1379,-49,-0.415660,27,0,27,0.07068583,4.05000,prps,1,1850
40698,40.698,1,4004,54004,ladder_a11_lin_r02,prps,1380,-48,-0.409231,28,0,28,0.07330382,4.20000,prps,1,1851
40703,40.703,1,4004,54004,ladder_a11_lin_r02,prps,1381,-47,-0.401422,29,0,29,0.07592182,4.35000,prps,1,1852
40708,40.708,1,4004,54004,ladder_a11_lin_r02,prps,1382,-46,-0.395494,30,0,30,0.07853982,4.50000,prps,1,1853
40713,40.713,1,4004,54004,ladder_a11_lin_r02,prps,1382,-46,-0.394062,30,0,30,0.07853982,4.50000,prps,1,1854
40718,40.718,1,4004,54004,ladder_a11_lin_r02,prps,1381,-47,-0.398538,30,0,30,0.07853982,4.50000,prps,1,1855
40723,40.723,1,4004,54004,ladder_a11_lin_r02,prps,1380,-48,-0.408776,30,0,30,0.07853982,4.50000,prps,1,1856
40728,40.728,1,4004,54004,ladder_a11_lin_r02,prps,1379,-49,-0.422958,30,0,30,0.07853982,4.50000,prps,1,1857
40733,40.733,1,4004,54004,ladder_a11_lin_r02,prps,1377,-51,-0.437735,30,0,30,0.07853982,4.50000,prps,1,1858
40738,40.738,1,4004,54004,ladder_a11_lin_r02,prps,1376,-52,-0.448626,30,0,30,0.07853982,4.50000,prps,1,1859
40743,40.743,1,4004,54004,ladder_a11_lin_r02,prps,1375,-53,-0.450598,30,0,30,0.07853982,4.50000,prps,1,1860
40748,40.748,1,4004,54004,ladder_a11_lin_r02,prps,1377,-51,-0.438755,31,0,31,0.08115781,4.65000,prps,1,1861
40753,40.753,1,4004,54004,ladder_a11_lin_r02,prps,1380,-48,-0.409049,31,0,31,0.08115781,4.65000,prps,1,1862
40758,40.758,1,4004,54004,ladder_a11_lin_r02,prps,1386,-42,-0.358900,32,0,32,0.08377580,4.80000,prps,1,1863
40763,40.763,1,4004,54004,ladder_a11_lin_r02,prps,1394,-34,-0.287649,32,0,32,0.08377580,4.80000,prps,1,1864
40768,40.768,1,4004,54004,ladder_a11_lin_r02,prps,1405,-23,-0.196777,32,0,32,0.08377580,4.80000,prps,1,1865
40773,40.773,1,4004,54004,ladder_a11_lin_r02,prps,1417,-11,-0.089855,32,0,32,0.08377580,4.80000,prps,1,1866
40778,40.778,1,4004,54004,ladder_a11_lin_r02,prps,1431,3,0.027764,30,0,30,0.07853982,4.50000,prps,1,1867
40783,40.783,1,4004,54004,ladder_a11_lin_r02,prps,1445,17,0.149482,27,0,27,0.07068583,4.05000,prps,1,1868
40788,40.788,1,4004,54004,ladder_a11_lin_r02,prps,1459,31,0.268153,23,0,23,0.06021386,3.45000,prps,1,1869
40793,40.793,1,4004,54004,ladder_a11_lin_r02,prps,1472,44,0.376846,18,0,18,0.04712389,2.70000,prps,1,1870
40798,40.798,1,4004,54004,ladder_a11_lin_r02,prps,1483,55,0.469587,12,0,12,0.03141592,1.80000,prps,1,1871
40803,40.803,1,4004,54004,ladder_a11_lin_r02,prps,1491,63,0.541985,5,0,5,0.01308997,0.75000,prps,1,1872
40808,40.808,1,4004,54004,ladder_a11_lin_r02,prps,1497,69,0.591665,-2,0,-2,-0.00523599,-0.30000,prps,1,1873
40813,40.813,1,4004,54004,ladder_a11_lin_r02,prps,1500,72,0.618458,-8,0,-8,-0.02094395,-1.20000,prps,1,1874
40818,40.818,1,4004,54004,ladder_a11_lin_r02,prps,1501,73,0.624333,-15,0,-15,-0.03926991,-2.25000,prps,1,1875
40823,40.823,1,4004,54004,ladder_a11_lin_r02,prps,1500,72,0.613087,-21,0,-21,-0.05497787,-3.15000,prps,1,1876
40828,40.828,1,4004,54004,ladder_a11_lin_r02,prps,1497,69,0.589829,-26,0,-26,-0.06806784,-3.90000,prps,1,1877
40833,40.833,1,4004,54004,ladder_a11_lin_r02,prps,1494,66,0.560337,-30,0,-30,-0.07853982,-4.50000,prps,1,1878
40838,40.838,1,4004,54004,ladder_a11_lin_r02,prps,1490,62,0.530369,-33,0,-33,-0.08639380,-4.95000,prps,1,1879
40843,40.843,1,4004,54004,ladder_a11_lin_r02,prps,1487,59,0.505006,-35,0,-35,-0.09162979,-5.25000,prps,1,1880
40848,40.848,1,4004,54004,ladder_a11_lin_r02,prps,1485,57,0.488121,-36,0,-36,-0.09424778,-5.40000,prps,1,1881
40853,40.853,1,4004,54004,ladder_a11_lin_r02,prps,1484,56,0.482011,-36,0,-36,-0.09424778,-5.40000,prps,1,1882
40858,40.858,1,4004,54004,ladder_a11_lin_r02,prps,1485,57,0.487249,-36,0,-36,-0.09424778,-5.40000,prps,1,1883
40863,40.863,1,4004,54004,ladder_a11_lin_r02,prps,1487,59,0.502750,-36,0,-36,-0.09424778,-5.40000,prps,1,1884
40868,40.868,1,4004,54004,ladder_a11_lin_r02,prps,1490,62,0.526023,-36,0,-36,-0.09424778,-5.40000,prps,1,1885
40873,40.873,1,4004,54004,ladder_a11_lin_r02,prps,1493,65,0.553584,-36,0,-36,-0.09424778,-5.40000,prps,1,1886
40878,40.878,1,4004,54004,ladder_a11_lin_r02,prps,1496,68,0.581446,-36,0,-36,-0.09424778,-5.40000,prps,1,1887
40883,40.883,1,4004,54004,ladder_a11_lin_r02,prps,1499,71,0.605632,-36,0,-36,-0.09424778,-5.40000,prps,1,1888
40888,40.888,1,4004,54004,ladder_a11_lin_r02,prps,1501,73,0.622638,-36,0,-36,-0.09424778,-5.40000,prps,1,1889
40893,40.893,1,4004,54004,ladder_a11_lin_r02,prps,1502,74,0.629795,-37,0,-37,-0.09686577,-5.55000,prps,1,1890
40898,40.898,1,4004,54004,ladder_a11_lin_r02,prps,1501,73,0.625495,-38,0,-38,-0.09948376,-5.70000,prps,1,1891
40903,40.903,1,4004,54004,ladder_a11_lin_r02,prps,1499,71,0.609258,-39,0,-39,-0.10210176,-5.85000,prps,1,1892
40908,40.908,1,4004,54004,ladder_a11_lin_r02,prps,1496,68,0.581663,-40,0,-40,-0.10471976,-6.00000,prps,1,1893
40913,40.913,1,4004,54004,ladder_a11_lin_r02,prps,1492,64,0.544163,-40,0,-40,-0.10471976,-6.00000,prps,1,1894
40918,40.918,1,4004,54004,ladder_a11_lin_r02,prps,1486,58,0.498826,-40,0,-40,-0.10471976,-6.00000,prps,1,1895
40923,40.923,1,4004,54004,ladder_a11_lin_r02,prps,1480,52,0.448053,-40,0,-40,-0.10471976,-6.00000,prps,1,1896
40928,40.928,1,4004,54004,ladder_a11_lin_r02,prps,1474,46,0.394324,-40,0,-40,-0.10471976,-6.00000,prps,1,1897
40933,40.933,1,4004,54004,ladder_a11_lin_r02,prps,1468,40,0.340001,-39,0,-39,-0.10210176,-5.85000,prps,1,1898
40938,40.938,1,4004,54004,ladder_a11_lin_r02,prps,1462,34,0.287217,-37,0,-37,-0.09686577,-5.55000,prps,1,1899
40943,40.943,1,4004,54004,ladder_a11_lin_r02,prps,1456,28,0.237854,-35,0,-35,-0.09162979,-5.25000,prps,1,1900
40948,40.948,1,4004,54004,ladder_a11_lin_r02,prps,1451,23,0.193587,-32,0,-32,-0.08377580,-4.80000,prps,1,1901
40953,40.953,1,4004,54004,ladder_a11_lin_r02,prps,1446,18,0.155982,-28,0,-28,-0.07330382,-4.20000,prps,1,1902
40958,40.958,1,4004,54004,ladder_a11_lin_r02,prps,1443,15,0.126594,-25,0,-25,-0.06544985,-3.75000,prps,1,1903
40963,40.963,1,4004,54004,ladder_a11_lin_r02,prps,1441,13,0.107022,-22,0,-22,-0.05759586,-3.30000,prps,1,1904
40968,40.968,1,4004,54004,ladder_a11_lin_r02,prps,1440,12,0.098908,-18,0,-18,-0.04712389,-2.70000,prps,1,1905
40973,40.973,1,4004,54004,ladder_a11_lin_r02,prps,1440,12,0.103830,-15,0,-15,-0.03926991,-2.25000,prps,1,1906
40978,40.978,1,4004,54004,ladder_a11_lin_r02,prps,1442,14,0.123109,-12,0,-12,-0.03141592,-1.80000,prps,1,1907
40983,40.983,1,4004,54004,ladder_a11_lin_r02,prps,1446,18,0.157534,-10,0,-10,-0.02617994,-1.50000,prps,1,1908
40988,40.988,1,4004,54004,ladder_a11_lin_r02,prps,1452,24,0.207048,-9,0,-9,-0.02356194,-1.35000,prps,1,1909
40993,40.993,1,4004,54004,ladder_a11_lin_r02,prps,1460,32,0.270451,-9,0,-9,-0.02356194,-1.35000,prps,1,1910
40998,40.998,1,4004,54004,ladder_a11_lin_r02,prps,1468,40,0.345165,-9,0,-9,-0.02356194,-1.35000,prps,1,1911
41003,41.003,1,4004,54004,ladder_a11_lin_r02,prps,1478,50,0.427141,-10,0,-10,-0.02617994,-1.50000,prps,1,1912
41008,41.008,1,4004,54004,ladder_a11_lin_r02,prps,1488,60,0.510936,-11,0,-11,-0.02879793,-1.65000,prps,1,1913
41013,41.013,1,4004,54004,ladder_a11_lin_r02,prps,1497,69,0.589992,-14,0,-14,-0.03665191,-2.10000,prps,1,1914
41018,41.018,1,4004,54004,ladder_a11_lin_r02,prps,1505,77,0.657121,-18,0,-18,-0.04712389,-2.70000,prps,1,1915
41023,41.023,1,4004,54004,ladder_a11_lin_r02,prps,1511,83,0.705162,-22,0,-22,-0.05759586,-3.30000,prps,1,1916
41028,41.028,1,4004,54004,ladder_a11_lin_r02,prps,1513,85,0.727741,-27,0,-27,-0.07068583,-4.05000,prps,1,1917
41033,41.033,1,4004,54004,ladder_a11_lin_r02,prps,1512,84,0.720070,-31,0,-31,-0.08115781,-4.65000,prps,1,1918
41038,41.038,1,4004,54004,ladder_a11_lin_r02,prps,1508,80,0.679666,-35,0,-35,-0.09162979,-5.25000,prps,1,1919
41043,41.043,1,4004,54004,ladder_a11_lin_r02,prps,1499,71,0.606905,-39,0,-39,-0.10210176,-5.85000,prps,1,1920
41048,41.048,1,4004,54004,ladder_a11_lin_r02,prps,1487,59,0.505319,-42,0,-42,-0.10995574,-6.30000,prps,1,1921
41053,41.053,1,4004,54004,ladder_a11_lin_r02,prps,1473,45,0.381557,-43,0,-43,-0.11257374,-6.45000,prps,1,1922
41058,41.058,1,4004,54004,ladder_a11_lin_r02,prps,1457,29,0.245007,-43,0,-43,-0.11257374,-6.45000,prps,1,1923
41063,41.063,1,4004,54004,ladder_a11_lin_r02,prps,1441,13,0.107058,-42,0,-42,-0.10995574,-6.30000,prps,1,1924
41068,41.068,1,4004,54004,ladder_a11_lin_r02,prps,1426,-2,-0.019915,-39,0,-39,-0.10210176,-5.85000,prps,1,1925
41073,41.073,1,4004,54004,ladder_a11_lin_r02,prps,1414,-14,-0.123769,-34,0,-34,-0.08901179,-5.10000,prps,1,1926
41078,41.078,1,4004,54004,ladder_a11_lin_r02,prps,1405,-23,-0.193879,-27,0,-27,-0.07068583,-4.05000,prps,1,1927
41083,41.083,1,4004,54004,ladder_a11_lin_r02,prps,1402,-26,-0.222354,-21,0,-21,-0.05497787,-3.15000,prps,1,1928
41088,41.088,1,4004,54004,ladder_a11_lin_r02,prps,1404,-24,-0.205029,-14,0,-14,-0.03665191,-2.10000,prps,1,1929
41093,41.093,1,4004,54004,ladder_a11_lin_r02,prps,1411,-17,-0.142122,-7,0,-7,-0.01832596,-1.05000,prps,1,1930
41098,41.098,1,4004,54004,ladder_a11_lin_r02,prps,1424,-4,-0.038445,-1,0,-1,-0.00261799,-0.15000,prps,1,1931
41103,41.103,1,4004,54004,ladder_a11_lin_r02,prps,1439,11,0.096873,3,0,3,0.00785398,0.45000,prps,1,1932
41108,41.108,1,4004,54004,ladder_a11_lin_r02,prps,1457,29,0.251149,5,0,5,0.01308997,0.75000,prps,1,1933
41113,41.113,1,4004,54004,ladder_a11_lin_r02,prps,1476,48,0.409327,5,0,5,0.01308997,0.75000,prps,1,1934
41118,41.118,1,4004,54004,ladder_a11_lin_r02,prps,1493,65,0.555479,2,0,2,0.00523599,0.30000,prps,1,1935
41123,41.123,1,4004,54004,ladder_a11_lin_r02,prps,1507,79,0.674454,-2,0,-2,-0.00523599,-0.30000,prps,1,1936
41128,41.128,1,4004,54004,ladder_a11_lin_r02,prps,1516,88,0.753513,-6,0,-6,-0.01570796,-0.90000,prps,1,1937
41133,41.133,1,4004,54004,ladder_a11_lin_r02,prps,1520,92,0.783765,-13,0,-13,-0.03403392,-1.95000,prps,1,1938
41138,41.138,1,4004,54004,ladder_a11_lin_r02,prps,1517,89,0.761222,-21,0,-21,-0.05497787,-3.15000,prps,1,1939
41143,41.143,1,4004,54004,ladder_a11_lin_r02,prps,1508,80,0.687370,-28,0,-28,-0.07330382,-4.20000,prps,1,1940
41148,41.148,1,4004,54004,ladder_a11_lin_r02,prps,1495,67,0.569152,-33,0,-33,-0.08639380,-4.95000,prps,1,1941
41153,41.153,1,4004,54004,ladder_a11_lin_r02,prps,1477,49,0.418363,-38,0,-38,-0.09948376,-5.70000,prps,1,1942
41158,41.158,1,4004,54004,ladder_a11_lin_r02,prps,1457,29,0.250503,-40,0,-40,-0.10471976,-6.00000,prps,1,1943
41163,41.163,1,4004,54004,ladder_a11_lin_r02,prps,1438,10,0.083198,-40,0,-40,-0.10471976,-6.00000,prps,1,1944
41168,41.168,1,4004,54004,ladder_a11_lin_r02,prps,1420,-8,-0.065647,-38,0,-38,-0.09948376,-5.70000,prps,1,1945
41173,41.173,1,4004,54004,ladder_a11_lin_r02,prps,1407,-21,-0.179764,-34,0,-34,-0.08901179,-5.10000,prps,1,1946
41178,41.178,1,4004,54004,ladder_a11_lin_r02,prps,1399,-29,-0.246306,-27,0,-27,-0.07068583,-4.05000,prps,1,1947
41183,41.183,1,4004,54004,ladder_a11_lin_r02,prps,1398,-30,-0.257290,-20,0,-20,-0.05235988,-3.00000,prps,1,1948
41188,41.188,1,4004,54004,ladder_a11_lin_r02,prps,1403,-25,-0.210559,-13,0,-13,-0.03403392,-1.95000,prps,1,1949
41193,41.193,1,4004,54004,ladder_a11_lin_r02,prps,1415,-13,-0.110115,-6,0,-6,-0.01570796,-0.90000,prps,1,1950
41198,41.198,1,4004,54004,ladder_a11_lin_r02,prps,1432,4,0.034176,0,0,0,0.00000000,0.00000,prps,1,1951
41203,41.203,1,4004,54004,ladder_a11_lin_r02,prps,1452,24,0.207530,4,0,4,0.01047198,0.60000,prps,1,1952
41208,41.208,1,4004,54004,ladder_a11_lin_r02,prps,1474,46,0.391708,6,0,6,0.01570796,0.90000,prps,1,1953
41213,41.213,1,4004,54004,ladder_a11_lin_r02,prps,1494,66,0.566875,4,0,4,0.01047198,0.60000,prps,1,1954
41218,41.218,1,4004,54004,ladder_a11_lin_r02,prps,1511,83,0.713638,0,0,0,0.00000000,0.00000,prps,1,1955
41223,41.223,1,4004,54004,ladder_a11_lin_r02,prps,1523,95,0.815064,-4,0,-4,-0.01047198,-0.60000,prps,1,1956
41228,41.228,1,4004,54004,ladder_a11_lin_r02,prps,1528,100,0.858452,-12,0,-12,-0.03141592,-1.80000,prps,1,1957
41233,41.233,1,4004,54004,ladder_a11_lin_r02,prps,1526,98,0.836682,-20,0,-20,-0.05235988,-3.00000,prps,1,1958
41238,41.238,1,4004,54004,ladder_a11_lin_r02,prps,1516,88,0.748992,-28,0,-28,-0.07330382,-4.20000,prps,1,1959
41243,41.243,1,4004,54004,ladder_a11_lin_r02,prps,1498,70,0.601107,-34,0,-34,-0.08901179,-5.10000,prps,1,1960
41248,41.248,1,4004,54004,ladder_a11_lin_r02,prps,1475,47,0.404702,-40,0,-40,-0.10471976,-6.00000,prps,1,1961
41253,41.253,1,4004,54004,ladder_a11_lin_r02,prps,1449,21,0.176267,-42,0,-42,-0.10995574,-6.30000,prps,1,1962
41258,41.258,1,4004,54004,ladder_a11_lin_r02,prps,1420,-8,-0.064512,-42,0,-42,-0.10995574,-6.30000,prps,1,1963
41263,41.263,1,4004,54004,ladder_a11_lin_r02,prps,1393,-35,-0.296690,-40,0,-40,-0.10471976,-6.00000,prps,1,1964
41268,41.268,1,4004,54004,ladder_a11_lin_r02,prps,1369,-59,-0.500103,-34,0,-34,-0.08901179,-5.10000,prps,1,1965
41273,41.273,1,4004,54004,ladder_a11_lin_r02,prps,1351,-77,-0.657315,-26,0,-26,-0.06806784,-3.90000,prps,1,1966
41278,41.278,1,4004,54004,ladder_a11_lin_r02,prps,1340,-88,-0.755266,-16,0,-16,-0.04188790,-2.40000,prps,1,1967
41283,41.283,1,4004,54004,ladder_a11_lin_r02,prps,1336,-92,-0.786469,-5,0,-5,-0.01308997,-0.75000,prps,1,1968
41288,41.288,1,4004,54004,ladder_a11_lin_r02,prps,1340,-88,-0.749631,6,0,6,0.01570796,0.90000,prps,1,1969
41293,41.293,1,4004,54004,ladder_a11_lin_r02,prps,1352,-76,-0.649664,17,0,17,0.04450589,2.55000,prps,1,1970
41298,41.298,1,4004,54004,ladder_a11_lin_r02,prps,1370,-58,-0.497079,26,0,26,0.06806784,3.90000,prps,1,1971
41303,41.303,1,4004,54004,ladder_a11_lin_r02,prps,1392,-36,-0.306855,33,0,33,0.08639380,4.95000,prps,1,1972
41308,41.308,1,4004,54004,ladder_a11_lin_r02,prps,1417,-11,-0.096897,37,0,37,0.09686577,5.55000,prps,1,1973
41313,41.313,1,4004,54004,ladder_a11_lin_r02,prps,1441,13,0.113741,37,0,37,0.09686577,5.55000,prps,1,1974
41318,41.318,1,4004,54004,ladder_a11_lin_r02,prps,1464,36,0.306701,35,0,35,0.09162979,5.25000,prps,1,1975
41323,41.323,1,4004,54004,ladder_a11_lin_r02,prps,1483,55,0.466033,30,0,30,0.07853982,4.50000,prps,1,1976
41328,41.328,1,4004,54004,ladder_a11_lin_r02,prps,1496,68,0.579625,22,0,22,0.05759586,3.30000,prps,1,1977
41333,41.333,1,4004,54004,ladder_a11_lin_r02,prps,1503,75,0.640208,13,0,13,0.03403392,1.95000,prps,1,1978
41338,41.338,1,4004,54004,ladder_a11_lin_r02,prps,1504,76,0.645864,4,0,4,0.01047198,0.60000,prps,1,1979
41343,41.343,1,4004,54004,ladder_a11_lin_r02,prps,1498,70,0.599998,-5,0,-5,-0.01308997,-0.75000,prps,1,1980
41348,41.348,1,4004,54004,ladder_a11_lin_r02,prps,1488,60,0.510796,-14,0,-14,-0.03665191,-2.10000,prps,1,1981
41353,41.353,1,4004,54004,ladder_a11_lin_r02,prps,1474,46,0.390254,-21,0,-21,-0.05497787,-3.15000,prps,1,1982
41358,41.358,1,4004,54004,ladder_a11_lin_r02,prps,1458,30,0.252865,-25,0,-25,-0.06544985,-3.75000,prps,1,1983
41363,41.363,1,4004,54004,ladder_a11_lin_r02,prps,1441,13,0.114122,-28,0,-28,-0.07330382,-4.20000,prps,1,1984
41368,41.368,1,4004,54004,ladder_a11_lin_r02,prps,1427,-1,-0.011012,-28,0,-28,-0.07330382,-4.20000,prps,1,1985
41373,41.373,1,4004,54004,ladder_a11_lin_r02,prps,1415,-13,-0.109540,-27,0,-27,-0.07068583,-4.05000,prps,1,1986
41378,41.378,1,4004,54004,ladder_a11_lin_r02,prps,1408,-20,-0.171613,-23,0,-23,-0.06021386,-3.45000,prps,1,1987
41383,41.383,1,4004,54004,ladder_a11_lin_r02,prps,1406,-22,-0.191388,-17,0,-17,-0.04450589,-2.55000,prps,1,1988
41388,41.388,1,4004,54004,ladder_a11_lin_r02,prps,1408,-20,-0.167460,-11,0,-11,-0.02879793,-1.65000,prps,1,1989
41393,41.393,1,4004,54004,ladder_a11_lin_r02,prps,1416,-12,-0.102882,-6,0,-6,-0.01570796,-0.90000,prps,1,1990
41398,41.398,1,4004,54004,ladder_a11_lin_r02,prps,1427,-1,-0.004746,-1,0,-1,-0.00261799,-0.15000,prps,1,1991
41403,41.403,1,4004,54004,ladder_a11_lin_r02,prps,1442,14,0.116575,3,0,3,0.00785398,0.45000,prps,1,1992
41408,41.408,1,4004,54004,ladder_a11_lin_r02,prps,1457,29,0.248487,5,0,5,0.01308997,0.75000,prps,1,1993
41413,41.413,1,4004,54004,ladder_a11_lin_r02,prps,1472,44,0.377397,4,0,4,0.01047198,0.60000,prps,1,1994
41418,41.418,1,4004,54004,ladder_a11_lin_r02,prps,1485,57,0.489997,1,0,1,0.00261799,0.15000,prps,1,1995
41423,41.423,1,4004,54004,ladder_a11_lin_r02,prps,1495,67,0.574490,-1,0,-1,-0.00261799,-0.15000,prps,1,1996
41428,41.428,1,4004,54004,ladder_a11_lin_r02,prps,1501,73,0.621654,-7,0,-7,-0.01832596,-1.05000,prps,1,1997
41433,41.433,1,4004,54004,ladder_a11_lin_r02,prps,1501,73,0.625646,-13,0,-13,-0.03403392,-1.95000,prps,1,1998
41438,41.438,1,4004,54004,ladder_a11_lin_r02,prps,1496,68,0.584495,-19,0,-19,-0.04974188,-2.85000,prps,1,1999
59890,59.890,1,4004,54004,ladder_a11_lin_r02,prps,1487,59,0.500233,0,0,0,0.00000000,0.00000,prps,2,0
59894,59.894,1,4004,54004,ladder_a11_lin_r02,prps,1472,44,0.378680,0,0,0,0.00000000,0.00000,prps,2,1
59899,59.899,1,4004,54004,ladder_a11_lin_r02,prps,1455,27,0.228888,-1,0,-1,-0.00261799,-0.15000,prps,2,2
59904,59.904,1,4004,54004,ladder_a11_lin_r02,prps,1435,7,0.062319,-3,0,-3,-0.00785398,-0.45000,prps,2,3
59909,59.909,1,4004,54004,ladder_a11_lin_r02,prps,1415,-13,-0.108191,-7,0,-7,-0.01832596,-1.05000,prps,2,4
59914,59.914,1,4004,54004,ladder_a11_lin_r02,prps,1396,-32,-0.269559,-9,0,-9,-0.02356194,-1.35000,prps,2,5
59919,59.919,1,4004,54004,ladder_a11_lin_r02,prps,1380,-48,-0.409611,-7,0,-7,-0.01832596,-1.05000,prps,2,6
59924,59.924,1,4004,54004,ladder_a11_lin_r02,prps,1367,-61,-0.518134,-5,0,-5,-0.01308997,-0.75000,prps,2,7
59929,59.929,1,4004,54004,ladder_a11_lin_r02,prps,1359,-69,-0.587753,1,0,1,0.00261799,0.15000,prps,2,8
59934,59.934,1,4004,54004,ladder_a11_lin_r02,prps,1356,-72,-0.614549,8,0,8,0.02094395,1.20000,prps,2,9
59939,59.939,1,4004,54004,ladder_a11_lin_r02,prps,1358,-70,-0.598368,15,0,15,0.03926991,2.25000,prps,2,10
59944,59.944,1,4004,54004,ladder_a11_lin_r02,prps,1364,-64,-0.542787,22,0,22,0.05759586,3.30000,prps,2,11
59949,59.949,1,4004,54004,ladder_a11_lin_r02,prps,1375,-53,-0.454758,28,0,28,0.07330382,4.20000,prps,2,12
59954,59.954,1,4004,54004,ladder_a11_lin_r02,prps,1388,-40,-0.343932,32,0,32,0.08377580,4.80000,prps,2,13
59959,59.959,1,4004,54004,ladder_a11_lin_r02,prps,1402,-26,-0.221756,35,0,35,0.09162979,5.25000,prps,2,14
59964,59.964,1,4004,54004,ladder_a11_lin_r02,prps,1416,-12,-0.100400,35,0,35,0.09162979,5.25000,prps,2,15
59969,59.969,1,4004,54004,ladder_a11_lin_r02,prps,1429,1,0.008374,34,0,34,0.08901179,5.10000,prps,2,16
59974,59.974,1,4004,54004,ladder_a11_lin_r02,prps,1439,11,0.094298,31,0,31,0.08115781,4.65000,prps,2,17
59979,59.979,1,4004,54004,ladder_a11_lin_r02,prps,1445,17,0.149543,26,0,26,0.06806784,3.90000,prps,2,18
59984,59.984,1,4004,54004,ladder_a11_lin_r02,prps,1448,20,0.169419,21,0,21,0.05497787,3.15000,prps,2,19
59989,59.989,1,4004,54004,ladder_a11_lin_r02,prps,1446,18,0.152774,15,0,15,0.03926991,2.25000,prps,2,20
59994,59.994,1,4004,54004,ladder_a11_lin_r02,prps,1440,12,0.102041,10,0,10,0.02617994,1.50000,prps,2,21
59999,59.999,1,4004,54004,ladder_a11_lin_r02,prps,1431,3,0.022938,5,0,5,0.01308997,0.75000,prps,2,22
60004,60.004,1,4004,54004,ladder_a11_lin_r02,prps,1419,-9,-0.076162,2,0,2,0.00523599,0.30000,prps,2,23
60009,60.009,1,4004,54004,ladder_a11_lin_r02,prps,1406,-22,-0.185123,1,0,1,0.00261799,0.15000,prps,2,24
60014,60.014,1,4004,54004,ladder_a11_lin_r02,prps,1394,-34,-0.293111,1,0,1,0.00261799,0.15000,prps,2,25
60019,60.019,1,4004,54004,ladder_a11_lin_r02,prps,1382,-46,-0.389713,2,0,2,0.00523599,0.30000,prps,2,26
60024,60.024,1,4004,54004,ladder_a11_lin_r02,prps,1373,-55,-0.466014,5,0,5,0.01308997,0.75000,prps,2,27
60029,60.029,1,4004,54004,ladder_a11_lin_r02,prps,1368,-60,-0.515496,9,0,9,0.02356194,1.35000,prps,2,28
60034,60.034,1,4004,54004,ladder_a11_lin_r02,prps,1365,-63,-0.534675,14,0,14,0.03665191,2.10000,prps,2,29
60039,60.039,1,4004,54004,ladder_a11_lin_r02,prps,1367,-61,-0.523398,20,0,20,0.05235988,3.00000,prps,2,30
60044,60.044,1,4004,54004,ladder_a11_lin_r02,prps,1371,-57,-0.484784,25,0,25,0.06544985,3.75000,prps,2,31
60049,60.049,1,4004,54004,ladder_a11_lin_r02,prps,1378,-50,-0.424784,29,0,29,0.07592182,4.35000,prps,2,32
60054,60.054,1,4004,54004,ladder_a11_lin_r02,prps,1387,-41,-0.351449,32,0,32,0.08377580,4.80000,prps,2,33
60059,60.059,1,4004,54004,ladder_a11_lin_r02,prps,1396,-32,-0.273948,33,0,33,0.08639380,4.95000,prps,2,34
60064,60.064,1,4004,54004,ladder_a11_lin_r02,prps,1404,-24,-0.201478,34,0,34,0.08901179,5.10000,prps,2,35
60069,60.069,1,4004,54004,ladder_a11_lin_r02,prps,1411,-17,-0.142177,33,0,33,0.08639380,4.95000,prps,2,36
60074,60.074,1,4004,54004,ladder_a11_lin_r02,prps,1416,-12,-0.102164,31,0,31,0.08115781,4.65000,prps,2,37
60079,60.079,1,4004,54004,ladder_a11_lin_r02,prps,1418,-10,-0.084829,28,0,28,0.07330382,4.20000,prps,2,38
60084,60.084,1,4004,54004,ladder_a11_lin_r02,prps,1417,-11,-0.090444,25,0,25,0.06544985,3.75000,prps,2,39
60089,60.089,1,4004,54004,ladder_a11_lin_r02,prps,1414,-14,-0.116162,21,0,21,0.05497787,3.15000,prps,2,40
60094,60.094,1,4004,54004,ladder_a11_lin_r02,prps,1410,-18,-0.156375,18,0,18,0.04712389,2.70000,prps,2,41
60099,60.099,1,4004,54004,ladder_a11_lin_r02,prps,1404,-24,-0.203426,16,0,16,0.04188790,2.40000,prps,2,42
60104,60.104,1,4004,54004,ladder_a11_lin_r02,prps,1399,-29,-0.248562,15,0,15,0.03926991,2.25000,prps,2,43
60109,60.109,1,4004,54004,ladder_a11_lin_r02,prps,1395,-33,-0.283027,15,0,15,0.03926991,2.25000,prps,2,44
60114,60.114,1,4004,54004,ladder_a11_lin_r02,prps,1393,-35,-0.299161,15,0,15,0.03926991,2.25000,prps,2,45
60119,60.119,1,4004,54004,ladder_a11_lin_r02,prps,1394,-34,-0.291372,15,0,15,0.03926991,2.25000,prps,2,46
60124,60.124,1,4004,54004,ladder_a11_lin_r02,prps,1398,-30,-0.256853,17,0,17,0.04450589,2.55000,prps,2,47
60129,60.129,1,4004,54004,ladder_a11_lin_r02,prps,1405,-23,-0.195963,18,0,18,0.04712389,2.70000,prps,2,48
60134,60.134,1,4004,54004,ladder_a11_lin_r02,prps,1415,-13,-0.112217,19,0,19,0.04974188,2.85000,prps,2,49
60139,60.139,1,4004,54004,ladder_a11_lin_r02,prps,1427,-1,-0.011888,19,0,19,0.04974188,2.85000,prps,2,50
60144,60.144,1,4004,54004,ladder_a11_lin_r02,prps,1439,11,0.096740,19,0,19,0.04974188,2.85000,prps,2,51
60149,60.149,1,4004,54004,ladder_a11_lin_r02,prps,1452,24,0.204367,18,0,18,0.04712389,2.70000,prps,2,52
60154,60.154,1,4004,54004,ladder_a11_lin_r02,prps,1463,35,0.301808,15,0,15,0.03926991,2.25000,prps,2,53
60159,60.159,1,4004,54004,ladder_a11_lin_r02,prps,1473,45,0.381105,11,0,11,0.02879793,1.65000,prps,2,54
60164,60.164,1,4004,54004,ladder_a11_lin_r02,prps,1479,51,0.436494,5,0,5,0.01308997,0.75000,prps,2,55
60169,60.169,1,4004,54004,ladder_a11_lin_r02,prps,1482,54,0.465088,-1,0,-1,-0.00261799,-0.15000,prps,2,56
60174,60.174,1,4004,54004,ladder_a11_lin_r02,prps,1483,55,0.467199,-6,0,-6,-0.01570796,-0.90000,prps,2,57
60179,60.179,1,4004,54004,ladder_a11_lin_r02,prps,1480,52,0.446247,-12,0,-12,-0.03141592,-1.80000,prps,2,58
60184,60.184,1,4004,54004,ladder_a11_lin_r02,prps,1476,48,0.408268,-17,0,-17,-0.04450589,-2.55000,prps,2,59
60189,60.189,1,4004,54004,ladder_a11_lin_r02,prps,1470,42,0.361076,-21,0,-21,-0.05497787,-3.15000,prps,2,60
60194,60.194,1,4004,54004,ladder_a11_lin_r02,prps,1465,37,0.313192,-23,0,-23,-0.06021386,-3.45000,prps,2,61
60199,60.199,1,4004,54004,ladder_a11_lin_r02,prps,1460,32,0.272670,-24,0,-24,-0.06283185,-3.60000,prps,2,62
60204,60.204,1,4004,54004,ladder_a11_lin_r02,prps,1457,29,0.245979,-24,0,-24,-0.06283185,-3.60000,prps,2,63
60209,60.209,1,4004,54004,ladder_a11_lin_r02,prps,1456,28,0.237086,-24,0,-24,-0.06283185,-3.60000,prps,2,64
60214,60.214,1,4004,54004,ladder_a11_lin_r02,prps,1457,29,0.246867,-23,0,-23,-0.06021386,-3.45000,prps,2,65
60219,60.219,1,4004,54004,ladder_a11_lin_r02,prps,1460,32,0.272930,-22,0,-22,-0.05759586,-3.30000,prps,2,66
60224,60.224,1,4004,54004,ladder_a11_lin_r02,prps,1464,36,0.309885,-20,0,-20,-0.05235988,-3.00000,prps,2,67
60229,60.229,1,4004,54004,ladder_a11_lin_r02,prps,1469,41,0.350028,-19,0,-19,-0.04974188,-2.85000,prps,2,68
60234,60.234,1,4004,54004,ladder_a11_lin_r02,prps,1473,45,0.384376,-19,0,-19,-0.04974188,-2.85000,prps,2,69
60239,60.239,1,4004,54004,ladder_a11_lin_r02,prps,1475,47,0.403900,-19,0,-19,-0.04974188,-2.85000,prps,2,70
60244,60.244,1,4004,54004,ladder_a11_lin_r02,prps,1475,47,0.400826,-19,0,-19,-0.04974188,-2.85000,prps,2,71
60249,60.249,1,4004,54004,ladder_a11_lin_r02,prps,1471,43,0.369808,-20,0,-20,-0.05235988,-3.00000,prps,2,72
60254,60.254,1,4004,54004,ladder_a11_lin_r02,prps,1464,36,0.308836,-21,0,-21,-0.05497787,-3.15000,prps,2,73
60259,60.259,1,4004,54004,ladder_a11_lin_r02,prps,1454,26,0.219730,-22,0,-22,-0.05759586,-3.30000,prps,2,74
60264,60.264,1,4004,54004,ladder_a11_lin_r02,prps,1441,13,0.108161,-22,0,-22,-0.05759586,-3.30000,prps,2,75
60269,60.269,1,4004,54004,ladder_a11_lin_r02,prps,1426,-2,-0.016840,-22,0,-22,-0.05759586,-3.30000,prps,2,76
60274,60.274,1,4004,54004,ladder_a11_lin_r02,prps,1411,-17,-0.143823,-21,0,-21,-0.05497787,-3.15000,prps,2,77
60279,60.279,1,4004,54004,ladder_a11_lin_r02,prps,1398,-30,-0.260220,-17,0,-17,-0.04450589,-2.55000,prps,2,78
60284,60.284,1,4004,54004,ladder_a11_lin_r02,prps,1387,-41,-0.353839,-13,0,-13,-0.03403392,-1.95000,prps,2,79
60289,60.289,1,4004,54004,ladder_a11_lin_r02,prps,1380,-48,-0.414376,-7,0,-7,-0.01832596,-1.05000,prps,2,80
60294,60.294,1,4004,54004,ladder_a11_lin_r02,prps,1377,-51,-0.434755,-1,0,-1,-0.00261799,-0.15000,prps,2,81
60299,60.299,1,4004,54004,ladder_a11_lin_r02,prps,1380,-48,-0.412110,6,0,6,0.01570796,0.90000,prps,2,82
60304,60.304,1,4004,54004,ladder_a11_lin_r02,prps,1387,-41,-0.348292,12,0,12,0.03141592,1.80000,prps,2,83
60309,60.309,1,4004,54004,ladder_a11_lin_r02,prps,1399,-29,-0.249805,17,0,17,0.04450589,2.55000,prps,2,84
60314,60.314,1,4004,54004,ladder_a11_lin_r02,prps,1413,-15,-0.127177,21,0,21,0.05497787,3.15000,prps,2,85
60319,60.319,1,4004,54004,ladder_a11_lin_r02,prps,1429,1,0.006184,22,0,22,0.05759586,3.30000,prps,2,86
60324,60.324,1,4004,54004,ladder_a11_lin_r02,prps,1444,16,0.135507,22,0,22,0.05759586,3.30000,prps,2,87
60329,60.329,1,4004,54004,ladder_a11_lin_r02,prps,1457,29,0.246382,21,0,21,0.05497787,3.15000,prps,2,88
60334,60.334,1,4004,54004,ladder_a11_lin_r02,prps,1466,38,0.326480,17,0,17,0.04450589,2.55000,prps,2,89
60339,60.339,1,4004,54004,ladder_a11_lin_r02,prps,1471,43,0.367045,11,0,11,0.02879793,1.65000,prps,2,90
60344,60.344,1,4004,54004,ladder_a11_lin_r02,prps,1471,43,0.363992,5,0,5,0.01308997,0.75000,prps,2,91
60349,60.349,1,4004,54004,ladder_a11_lin_r02,prps,1465,37,0.318444,-1,0,-1,-0.00261799,-0.15000,prps,2,92
60354,60.354,1,4004,54004,ladder_a11_lin_r02,prps,1456,28,0.236644,-6,0,-6,-0.01570796,-0.90000,prps,2,93
60359,60.359,1,4004,54004,ladder_a11_lin_r02,prps,1443,15,0.129241,-10,0,-10,-0.02617994,-1.50000,prps,2,94
60364,60.364,1,4004,54004,ladder_a11_lin_r02,prps,1429,1,0.010021,-13,0,-13,-0.03403392,-1.95000,prps,2,95
60369,60.369,1,4004,54004,ladder_a11_lin_r02,prps,1416,-12,-0.105764,-14,0,-14,-0.03665191,-2.10000,prps,2,96
60374,60.374,1,4004,54004,ladder_a11_lin_r02,prps,1404,-24,-0.203270,-13,0,-13,-0.03403392,-1.95000,prps,2,97
60379,60.379,1,4004,54004,ladder_a11_lin_r02,prps,1396,-32,-0.269916,-10,0,-10,-0.02617994,-1.50000,prps,2,98
60384,60.384,1,4004,54004,ladder_a11_lin_r02,prps,1393,-35,-0.296978,-8,0,-8,-0.02094395,-1.20000,prps,2,99
60389,60.389,1,4004,54004,ladder_a11_lin_r02,prps,1395,-33,-0.280735,-3,0,-3,-0.00785398,-0.45000,prps,2,100
60394,60.394,1,4004,54004,ladder_a11_lin_r02,prps,1402,-26,-0.223003,3,0,3,0.00785398,0.45000,prps,2,101
60399,60.399,1,4004,54004,ladder_a11_lin_r02,prps,1413,-15,-0.131000,8,0,8,0.02094395,1.20000,prps,2,102
60404,60.404,1,4004,54004,ladder_a11_lin_r02,prps,1426,-2,-0.016526,11,0,11,0.02879793,1.65000,prps,2,103
60409,60.409,1,4004,54004,ladder_a11_lin_r02,prps,1440,12,0.105426,13,0,13,0.03403392,1.95000,prps,2,104
60414,60.414,1,4004,54004,ladder_a11_lin_r02,prps,1454,26,0.218490,13,0,13,0.03403392,1.95000,prps,2,105
60419,60.419,1,4004,54004,ladder_a11_lin_r02,prps,1464,36,0.306938,11,0,11,0.02879793,1.65000,prps,2,106
60424,60.424,1,4004,54004,ladder_a11_lin_r02,prps,1470,42,0.357648,8,0,8,0.02094395,1.20000,prps,2,107
60429,60.429,1,4004,54004,ladder_a11_lin_r02,prps,1470,42,0.361787,4,0,4,0.01047198,0.60000,prps,2,108
60434,60.434,1,4004,54004,ladder_a11_lin_r02,prps,1465,37,0.315987,-1,0,-1,-0.00261799,-0.15000,prps,2,109
60439,60.439,1,4004,54004,ladder_a11_lin_r02,prps,1454,26,0.222878,-6,0,-6,-0.01570796,-0.90000,prps,2,110
60444,60.444,1,4004,54004,ladder_a11_lin_r02,prps,1439,11,0.090885,-10,0,-10,-0.02617994,-1.50000,prps,2,111
60449,60.449,1,4004,54004,ladder_a11_lin_r02,prps,1420,-8,-0.066671,-13,0,-13,-0.03403392,-1.95000,prps,2,112
60454,60.454,1,4004,54004,ladder_a11_lin_r02,prps,1401,-27,-0.233096,-13,0,-13,-0.03403392,-1.95000,prps,2,113
60459,60.459,1,4004,54004,ladder_a11_lin_r02,prps,1382,-46,-0.390268,-12,0,-12,-0.03141592,-1.80000,prps,2,114
60464,60.464,1,4004,54004,ladder_a11_lin_r02,prps,1367,-61,-0.520781,-9,0,-9,-0.02356194,-1.35000,prps,2,115
60469,60.469,1,4004,54004,ladder_a11_lin_r02,prps,1357,-71,-0.610032,-4,0,-4,-0.01047198,-0.60000,prps,2,116
60474,60.474,1,4004,54004,ladder_a11_lin_r02,prps,1352,-76,-0.647988,3,0,3,0.00785398,0.45000,prps,2,117
60479,60.479,1,4004,54004,ladder_a11_lin_r02,prps,1354,-74,-0.630426,12,0,12,0.03141592,1.80000,prps,2,118
60484,60.484,1,4004,54004,ladder_a11_lin_r02,prps,1363,-65,-0.559481,19,0,19,0.04974188,2.85000,prps,2,119
60489,60.489,1,4004,54004,ladder_a11_lin_r02,prps,1376,-52,-0.443444,26,0,26,0.06806784,3.90000,prps,2,120
60494,60.494,1,4004,54004,ladder_a11_lin_r02,prps,1393,-35,-0.295810,31,0,31,0.08115781,4.65000,prps,2,121
60499,60.499,1,4004,54004,ladder_a11_lin_r02,prps,1412,-16,-0.133712,34,0,34,0.08901179,5.10000,prps,2,122
60504,60.504,1,4004,54004,ladder_a11_lin_r02,prps,1431,3,0.024098,34,0,34,0.08901179,5.10000,prps,2,123
60509,60.509,1,4004,54004,ladder_a11_lin_r02,prps,1447,19,0.159458,33,0,33,0.08639380,4.95000,prps,2,124
60514,60.514,1,4004,54004,ladder_a11_lin_r02,prps,1458,30,0.256941,28,0,28,0.07330382,4.20000,prps,2,125
60519,60.519,1,4004,54004,ladder_a11_lin_r02,prps,1464,36,0.305675,22,0,22,0.05759586,3.30000,prps,2,126
60524,60.524,1,4004,54004,ladder_a11_lin_r02,prps,1463,35,0.300614,15,0,15,0.03926991,2.25000,prps,2,127
60529,60.529,1,4004,54004,ladder_a11_lin_r02,prps,1456,28,0.243106,8,0,8,0.02094395,1.20000,prps,2,128
60534,60.534,1,4004,54004,ladder_a11_lin_r02,prps,1444,16,0.140699,2,0,2,0.00523599,0.30000,prps,2,129
60539,60.539,1,4004,54004,ladder_a11_lin_r02,prps,1429,1,0.006194,-3,0,-3,-0.00785398,-0.45000,prps,2,130
60544,60.544,1,4004,54004,ladder_a11_lin_r02,prps,1411,-17,-0.143924,-6,0,-6,-0.01570796,-0.90000,prps,2,131
60549,60.549,1,4004,54004,ladder_a11_lin_r02,prps,1394,-34,-0.291503,-6,0,-6,-0.01570796,-0.90000,prps,2,132
60554,60.554,1,4004,54004,ladder_a11_lin_r02,prps,1379,-49,-0.418920,-4,0,-4,-0.01047198,-0.60000,prps,2,133
60559,60.559,1,4004,54004,ladder_a11_lin_r02,prps,1368,-60,-0.511216,-3,0,-3,-0.00785398,-0.45000,prps,2,134
60564,60.564,1,4004,54004,ladder_a11_lin_r02,prps,1363,-65,-0.557891,3,0,3,0.00785398,0.45000,prps,2,135
60569,60.569,1,4004,54004,ladder_a11_lin_r02,prps,1363,-65,-0.554150,10,0,10,0.02617994,1.50000,prps,2,136
60574,60.574,1,4004,54004,ladder_a11_lin_r02,prps,1369,-59,-0.501454,16,0,16,0.04188790,2.40000,prps,2,137
60579,60.579,1,4004,54004,ladder_a11_lin_r02,prps,1380,-48,-0.407302,22,0,22,0.05759586,3.30000,prps,2,138
60584,60.584,1,4004,54004,ladder_a11_lin_r02,prps,1395,-33,-0.284281,27,0,27,0.07068583,4.05000,prps,2,139
60589,60.589,1,4004,54004,ladder_a11_lin_r02,prps,1411,-17,-0.148503,30,0,30,0.07853982,4.50000,prps,2,140
60594,60.594,1,4004,54004,ladder_a11_lin_r02,prps,1426,-2,-0.017611,31,0,31,0.08115781,4.65000,prps,2,141
60599,60.599,1,4004,54004,ladder_a11_lin_r02,prps,1439,11,0.091392,31,0,31,0.08115781,4.65000,prps,2,142
60604,60.604,1,4004,54004,ladder_a11_lin_r02,prps,1447,19,0.164230,27,0,27,0.07068583,4.05000,prps,2,143
60609,60.609,1,4004,54004,ladder_a11_lin_r02,prps,1450,22,0.191113,22,0,22,0.05759586,3.30000,prps,2,144
60614,60.614,1,4004,54004,ladder_a11_lin_r02,prps,1448,20,0.167943,16,0,16,0.04188790,2.40000,prps,2,145
60619,60.619,1,4004,54004,ladder_a11_lin_r02,prps,1439,11,0.096838,10,0,10,0.02617994,1.50000,prps,2,146
60624,60.624,1,4004,54004,ladder_a11_lin_r02,prps,1426,-2,-0.014088,5,0,5,0.01308997,0.75000,prps,2,147
60629,60.629,1,4004,54004,ladder_a11_lin_r02,prps,1410,-18,-0.151673,2,0,2,0.00523599,0.30000,prps,2,148
60634,60.634,1,4004,54004,ladder_a11_lin_r02,prps,1393,-35,-0.299233,1,0,1,0.00261799,0.15000,prps,2,149
60639,60.639,1,4004,54004,ladder_a11_lin_r02,prps,1377,-51,-0.438522,1,0,1,0.00261799,0.15000,prps,2,150
60644,60.644,1,4004,54004,ladder_a11_lin_r02,prps,1363,-65,-0.551843,2,0,2,0.00523599,0.30000,prps,2,151
60649,60.649,1,4004,54004,ladder_a11_lin_r02,prps,1355,-73,-0.624103,7,0,7,0.01832596,1.05000,prps,2,152
60654,60.654,1,4004,54004,ladder_a11_lin_r02,prps,1353,-75,-0.644530,13,0,13,0.03403392,1.95000,prps,2,153
60659,60.659,1,4004,54004,ladder_a11_lin_r02,prps,1357,-71,-0.607886,20,0,20,0.05235988,3.00000,prps,2,154
60664,60.664,1,4004,54004,ladder_a11_lin_r02,prps,1368,-60,-0.515022,26,0,26,0.06806784,3.90000,prps,2,155
60669,60.669,1,4004,54004,ladder_a11_lin_r02,prps,1384,-44,-0.372716,31,0,31,0.08115781,4.65000,prps,2,156
60674,60.674,1,4004,54004,ladder_a11_lin_r02,prps,1405,-23,-0.192853,35,0,35,0.09162979,5.25000,prps,2,157
60679,60.679,1,4004,54004,ladder_a11_lin_r02,prps,1429,1,0.008981,36,0,36,0.09424778,5.40000,prps,2,158
60684,60.684,1,4004,54004,ladder_a11_lin_r02,prps,1453,25,0.215287,36,0,36,0.09424778,5.40000,prps,2,159
60689,60.689,1,4004,54004,ladder_a11_lin_r02,prps,1476,48,0.408615,32,0,32,0.08377580,4.80000,prps,2,160
60694,60.694,1,4004,54004,ladder_a11_lin_r02,prps,1495,67,0.573474,26,0,26,0.06806784,3.90000,prps,2,161
60699,60.699,1,4004,54004,ladder_a11_lin_r02,prps,1510,82,0.697950,18,0,18,0.04712389,2.70000,prps,2,162
60704,60.704,1,4004,54004,ladder_a11_lin_r02,prps,1519,91,0.774875,8,0,8,0.02094395,1.20000,prps,2,163
60709,60.709,1,4004,54004,ladder_a11_lin_r02,prps,1522,94,0.802409,-2,0,-2,-0.00523599,-0.30000,prps,2,164
60714,60.714,1,4004,54004,ladder_a11_lin_r02,prps,1520,92,0.783988,-12,0,-12,-0.03141592,-1.80000,prps,2,165
60719,60.719,1,4004,54004,ladder_a11_lin_r02,prps,1513,85,0.727678,-21,0,-21,-0.05497787,-3.15000,prps,2,166
60724,60.724,1,4004,54004,ladder_a11_lin_r02,prps,1503,75,0.645017,-28,0,-28,-0.07330382,-4.20000,prps,2,167
60729,60.729,1,4004,54004,ladder_a11_lin_r02,prps,1492,64,0.549517,-34,0,-34,-0.08901179,-5.10000,prps,2,168
60734,60.734,1,4004,54004,ladder_a11_lin_r02,prps,1481,53,0.455006,-38,0,-38,-0.09948376,-5.70000,prps,2,169
60739,60.739,1,4004,54004,ladder_a11_lin_r02,prps,1472,44,0.374016,-40,0,-40,-0.10471976,-6.00000,prps,2,170
60744,60.744,1,4004,54004,ladder_a11_lin_r02,prps,1465,37,0.316409,-40,0,-40,-0.10471976,-6.00000,prps,2,171
60749,60.749,1,4004,54004,ladder_a11_lin_r02,prps,1462,34,0.288383,-39,0,-39,-0.10210176,-5.85000,prps,2,172
60754,60.754,1,4004,54004,ladder_a11_lin_r02,prps,1462,34,0.291976,-36,0,-36,-0.09424778,-5.40000,prps,2,173
60759,60.759,1,4004,54004,ladder_a11_lin_r02,prps,1466,38,0.325073,-33,0,-33,-0.08639380,-4.95000,prps,2,174
60764,60.764,1,4004,54004,ladder_a11_lin_r02,prps,1473,45,0.381924,-30,0,-30,-0.07853982,-4.50000,prps,2,175
60769,60.769,1,4004,54004,ladder_a11_lin_r02,prps,1481,53,0.454049,-27,0,-27,-0.07068583,-4.05000,prps,2,176
60774,60.774,1,4004,54004,ladder_a11_lin_r02,prps,1490,62,0.531420,-26,0,-26,-0.06806784,-3.90000,prps,2,177
60779,60.779,1,4004,54004,ladder_a11_lin_r02,prps,1499,71,0.603752,-25,0,-25,-0.06544985,-3.75000,prps,2,178
60784,60.784,1,4004,54004,ladder_a11_lin_r02,prps,1505,77,0.661743,-26,0,-26,-0.06806784,-3.90000,prps,2,179
60789,60.789,1,4004,54004,ladder_a11_lin_r02,prps,1510,82,0.698110,-27,0,-27,-0.07068583,-4.05000,prps,2,180
60794,60.794,1,4004,54004,ladder_a11_lin_r02,prps,1511,83,0.708310,-30,0,-30,-0.07853982,-4.50000,prps,2,181
60799,60.799,1,4004,54004,ladder_a11_lin_r02,prps,1509,81,0.690882,-34,0,-34,-0.08901179,-5.10000,prps,2,182
60804,60.804,1,4004,54004,ladder_a11_lin_r02,prps,1504,76,0.647395,-37,0,-37,-0.09686577,-5.55000,prps,2,183
60809,60.809,1,4004,54004,ladder_a11_lin_r02,prps,1496,68,0.582028,-40,0,-40,-0.10471976,-6.00000,prps,2,184
60814,60.814,1,4004,54004,ladder_a11_lin_r02,prps,1487,59,0.500883,-42,0,-42,-0.10995574,-6.30000,prps,2,185
60819,60.819,1,4004,54004,ladder_a11_lin_r02,prps,1476,48,0.411124,-43,0,-43,-0.11257374,-6.45000,prps,2,186
60824,60.824,1,4004,54004,ladder_a11_lin_r02,prps,1465,37,0.320075,-42,0,-42,-0.10995574,-6.30000,prps,2,187
60829,60.829,1,4004,54004,ladder_a11_lin_r02,prps,1455,27,0.234398,-42,0,-42,-0.10995574,-6.30000,prps,2,188
60834,60.834,1,4004,54004,ladder_a11_lin_r02,prps,1447,19,0.159449,-39,0,-39,-0.10210176,-5.85000,prps,2,189
60839,60.839,1,4004,54004,ladder_a11_lin_r02,prps,1440,12,0.098880,-35,0,-35,-0.09162979,-5.25000,prps,2,190
60844,60.844,1,4004,54004,ladder_a11_lin_r02,prps,1434,6,0.054521,-30,0,-30,-0.07853982,-4.50000,prps,2,191
60849,60.849,1,4004,54004,ladder_a11_lin_r02,prps,1431,3,0.026511,-25,0,-25,-0.06544985,-3.75000,prps,2,192
60854,60.854,1,4004,54004,ladder_a11_lin_r02,prps,1430,2,0.013649,-20,0,-20,-0.05235988,-3.00000,prps,2,193
60859,60.859,1,4004,54004,ladder_a11_lin_r02,prps,1430,2,0.013869,-15,0,-15,-0.03926991,-2.25000,prps,2,194
60864,60.864,1,4004,54004,ladder_a11_lin_r02,prps,1431,3,0.024753,-12,0,-12,-0.03141592,-1.80000,prps,2,195
60869,60.869,1,4004,54004,ladder_a11_lin_r02,prps,1433,5,0.043999,-9,0,-9,-0.02356194,-1.35000,prps,2,196
60874,60.874,1,4004,54004,ladder_a11_lin_r02,prps,1436,8,0.069747,-6,0,-6,-0.01570796,-0.90000,prps,2,197
60879,60.879,1,4004,54004,ladder_a11_lin_r02,prps,1440,12,0.100739,-5,0,-5,-0.01308997,-0.75000,prps,2,198
60884,60.884,1,4004,54004,ladder_a11_lin_r02,prps,1444,16,0.136276,-4,0,-4,-0.01047198,-0.60000,prps,2,199
60889,60.889,1,4004,54004,ladder_a11_lin_r02,prps,1449,21,0.176008,-4,0,-4,-0.01047198,-0.60000,prps,2,200
60894,60.894,1,4004,54004,ladder_a11_lin_r02,prps,1454,26,0.219599,-4,0,-4,-0.01047198,-0.60000,prps,2,201
60899,60.899,1,4004,54004,ladder_a11_lin_r02,prps,1459,31,0.266342,-5,0,-5,-0.01308997,-0.75000,prps,2,202
60904,60.904,1,4004,54004,ladder_a11_lin_r02,prps,1465,37,0.314816,-6,0,-6,-0.01570796,-0.90000,prps,2,203
60909,60.909,1,4004,54004,ladder_a11_lin_r02,prps,1470,42,0.362653,-8,0,-8,-0.02094395,-1.20000,prps,2,204
60914,60.914,1,4004,54004,ladder_a11_lin_r02,prps,1476,48,0.406498,-9,0,-9,-0.02356194,-1.35000,prps,2,205
60919,60.919,1,4004,54004,ladder_a11_lin_r02,prps,1480,52,0.442176,-13,0,-13,-0.03403392,-1.95000,prps,2,206
60924,60.924,1,4004,54004,ladder_a11_lin_r02,prps,1482,54,0.465083,-16,0,-16,-0.04188790,-2.40000,prps,2,207
60929,60.929,1,4004,54004,ladder_a11_lin_r02,prps,1483,55,0.470745,-19,0,-19,-0.04974188,-2.85000,prps,2,208
60934,60.934,1,4004,54004,ladder_a11_lin_r02,prps,1481,53,0.455496,-22,0,-22,-0.05759586,-3.30000,prps,2,209
60939,60.939,1,4004,54004,ladder_a11_lin_r02,prps,1477,49,0.417161,-24,0,-24,-0.06283185,-3.60000,prps,2,210
60944,60.944,1,4004,54004,ladder_a11_lin_r02,prps,1470,42,0.355636,-26,0,-26,-0.06806784,-3.90000,prps,2,211
60949,60.949,1,4004,54004,ladder_a11_lin_r02,prps,1460,32,0.273286,-27,0,-27,-0.07068583,-4.05000,prps,2,212
60954,60.954,1,4004,54004,ladder_a11_lin_r02,prps,1448,20,0.175045,-27,0,-27,-0.07068583,-4.05000,prps,2,213
60959,60.959,1,4004,54004,ladder_a11_lin_r02,prps,1436,8,0.068200,-27,0,-27,-0.07068583,-4.05000,prps,2,214
60964,60.964,1,4004,54004,ladder_a11_lin_r02,prps,1424,-4,-0.038168,-25,0,-25,-0.06544985,-3.75000,prps,2,215
60969,60.969,1,4004,54004,ladder_a11_lin_r02,prps,1412,-16,-0.134027,-22,0,-22,-0.05759586,-3.30000,prps,2,216
60974,60.974,1,4004,54004,ladder_a11_lin_r02,prps,1403,-25,-0.209455,-17,0,-17,-0.04450589,-2.55000,prps,2,217
60979,60.979,1,4004,54004,ladder_a11_lin_r02,prps,1398,-30,-0.255781,-12,0,-12,-0.03141592,-1.80000,prps,2,218
60984,60.984,1,4004,54004,ladder_a11_lin_r02,prps,1397,-31,-0.266686,-7,0,-7,-0.01832596,-1.05000,prps,2,219
60989,60.989,1,4004,54004,ladder_a11_lin_r02,prps,1400,-28,-0.239098,-1,0,-1,-0.00261799,-0.15000,prps,2,220
60994,60.994,1,4004,54004,ladder_a11_lin_r02,prps,1408,-20,-0.173772,4,0,4,0.01047198,0.60000,prps,2,221
60999,60.999,1,4004,54004,ladder_a11_lin_r02,prps,1419,-9,-0.075455,8,0,8,0.02094395,1.20000,prps,2,222
61004,61.004,1,4004,54004,ladder_a11_lin_r02,prps,1434,6,0.047408,11,0,11,0.02879793,1.65000,prps,2,223
61009,61.009,1,4004,54004,ladder_a11_lin_r02,prps,1449,21,0.183428,12,0,12,0.03141592,1.80000,prps,2,224
61014,61.014,1,4004,54004,ladder_a11_lin_r02,prps,1465,37,0.319399,12,0,12,0.03141592,1.80000,prps,2,225
61019,61.019,1,4004,54004,ladder_a11_lin_r02,prps,1480,52,0.441703,9,0,9,0.02356194,1.35000,prps,2,226
61024,61.024,1,4004,54004,ladder_a11_lin_r02,prps,1491,63,0.537821,4,0,4,0.01047198,0.60000,prps,2,227
61029,61.029,1,4004,54004,ladder_a11_lin_r02,prps,1498,70,0.597777,0,0,0,0.00000000,0.00000,prps,2,228
61034,61.034,1,4004,54004,ladder_a11_lin_r02,prps,1500,72,0.615354,-7,0,-7,-0.01832596,-1.05000,prps,2,229
61039,61.039,1,4004,54004,ladder_a11_lin_r02,prps,1497,69,0.588901,-13,0,-13,-0.03403392,-1.95000,prps,2,230
61044,61.044,1,4004,54004,ladder_a11_lin_r02,prps,1489,61,0.521656,-20,0,-20,-0.05235988,-3.00000,prps,2,231
61049,61.049,1,4004,54004,ladder_a11_lin_r02,prps,1477,49,0.421499,-25,0,-25,-0.06544985,-3.75000,prps,2,232
61054,61.054,1,4004,54004,ladder_a11_lin_r02,prps,1463,35,0.300170,-28,0,-28,-0.07330382,-4.20000,prps,2,233
61059,61.059,1,4004,54004,ladder_a11_lin_r02,prps,1448,20,0.172020,-30,0,-30,-0.07853982,-4.50000,prps,2,234
61064,61.064,1,4004,54004,ladder_a11_lin_r02,prps,1434,6,0.052427,-30,0,-30,-0.07853982,-4.50000,prps,2,235
61069,61.069,1,4004,54004,ladder_a11_lin_r02,prps,1423,-5,-0.043941,-29,0,-29,-0.07592182,-4.35000,prps,2,236
61074,61.074,1,4004,54004,ladder_a11_lin_r02,prps,1416,-12,-0.104821,-25,0,-25,-0.06544985,-3.75000,prps,2,237
61079,61.079,1,4004,54004,ladder_a11_lin_r02,prps,1414,-14,-0.121804,-20,0,-20,-0.05235988,-3.00000,prps,2,238
61084,61.084,1,4004,54004,ladder_a11_lin_r02,prps,1417,-11,-0.091374,-14,0,-14,-0.03665191,-2.10000,prps,2,239
61089,61.089,1,4004,54004,ladder_a11_lin_r02,prps,1426,-2,-0.015412,-9,0,-9,-0.02356194,-1.35000,prps,2,240
61094,61.094,1,4004,54004,ladder_a11_lin_r02,prps,1440,12,0.098917,-5,0,-5,-0.01308997,-0.75000,prps,2,241
61099,61.099,1,4004,54004,ladder_a11_lin_r02,prps,1456,28,0.239864,-2,0,-2,-0.00523599,-0.30000,prps,2,242
61104,61.104,1,4004,54004,ladder_a11_lin_r02,prps,1474,46,0.392327,-1,0,-1,-0.00261799,-0.15000,prps,2,243
61109,61.109,1,4004,54004,ladder_a11_lin_r02,prps,1491,63,0.539471,-2,0,-2,-0.00523599,-0.30000,prps,2,244
61114,61.114,1,4004,54004,ladder_a11_lin_r02,prps,1506,78,0.664556,-5,0,-5,-0.01308997,-0.75000,prps,2,245
61119,61.119,1,4004,54004,ladder_a11_lin_r02,prps,1516,88,0.752761,-8,0,-8,-0.02094395,-1.20000,prps,2,246
61124,61.124,1,4004,54004,ladder_a11_lin_r02,prps,1521,93,0.792813,-15,0,-15,-0.03926991,-2.25000,prps,2,247
61129,61.129,1,4004,54004,ladder_a11_lin_r02,prps,1519,91,0.778218,-22,0,-22,-0.05759586,-3.30000,prps,2,248
61134,61.134,1,4004,54004,ladder_a11_lin_r02,prps,1511,83,0.707975,-28,0,-28,-0.07330382,-4.20000,prps,2,249
61139,61.139,1,4004,54004,ladder_a11_lin_r02,prps,1497,69,0.586692,-34,0,-34,-0.08901179,-5.10000,prps,2,250
61144,61.144,1,4004,54004,ladder_a11_lin_r02,prps,1478,50,0.424079,-39,0,-39,-0.10210176,-5.85000,prps,2,251
61149,61.149,1,4004,54004,ladder_a11_lin_r02,prps,1455,27,0.233914,-41,0,-41,-0.10733775,-6.15000,prps,2,252
61154,61.154,1,4004,54004,ladder_a11_lin_r02,prps,1432,4,0.032566,-41,0,-41,-0.10733775,-6.15000,prps,2,253
61159,61.159,1,4004,54004,ladder_a11_lin_r02,prps,1409,-19,-0.162719,-40,0,-40,-0.10471976,-6.00000,prps,2,254
61164,61.164,1,4004,54004,ladder_a11_lin_r02,prps,1389,-39,-0.335603,-35,0,-35,-0.09162979,-5.25000,prps,2,255
61169,61.169,1,4004,54004,ladder_a11_lin_r02,prps,1373,-55,-0.472300,-28,0,-28,-0.07330382,-4.20000,prps,2,256
61174,61.174,1,4004,54004,ladder_a11_lin_r02,prps,1362,-66,-0.562899,-19,0,-19,-0.04974188,-2.85000,prps,2,257
61179,61.179,1,4004,54004,ladder_a11_lin_r02,prps,1358,-70,-0.602240,-10,0,-10,-0.02617994,-1.50000,prps,2,258
61184,61.184,1,4004,54004,ladder_a11_lin_r02,prps,1359,-69,-0.590249,0,0,0,0.00000000,0.00000,prps,2,259
61189,61.189,1,4004,54004,ladder_a11_lin_r02,prps,1366,-62,-0.531723,9,0,9,0.02356194,1.35000,prps,2,260
61194,61.194,1,4004,54004,ladder_a11_lin_r02,prps,1377,-51,-0.435604,17,0,17,0.04450589,2.55000,prps,2,261
61199,61.199,1,4004,54004,ladder_a11_lin_r02,prps,1391,-37,-0.313843,24,0,24,0.06283185,3.60000,prps,2,262
61204,61.204,1,4004,54004,ladder_a11_lin_r02,prps,1407,-21,-0.179997,28,0,28,0.07330382,4.20000,prps,2,263
61209,61.209,1,4004,54004,ladder_a11_lin_r02,prps,1422,-6,-0.047735,29,0,29,0.07592182,4.35000,prps,2,264
61214,61.214,1,4004,54004,ladder_a11_lin_r02,prps,1436,8,0.070590,30,0,30,0.07853982,4.50000,prps,2,265
61219,61.219,1,4004,54004,ladder_a11_lin_r02,prps,1447,19,0.165138,28,0,28,0.07330382,4.20000,prps,2,266
61224,61.224,1,4004,54004,ladder_a11_lin_r02,prps,1455,27,0.229420,23,0,23,0.06021386,3.45000,prps,2,267
61229,61.229,1,4004,54004,ladder_a11_lin_r02,prps,1459,31,0.260727,17,0,17,0.04450589,2.55000,prps,2,268
61234,61.234,1,4004,54004,ladder_a11_lin_r02,prps,1458,30,0.260098,11,0,11,0.02879793,1.65000,prps,2,269
61239,61.239,1,4004,54004,ladder_a11_lin_r02,prps,1455,27,0.231886,5,0,5,0.01308997,0.75000,prps,2,270
61244,61.244,1,4004,54004,ladder_a11_lin_r02,prps,1449,21,0.182979,0,0,0,0.00000000,0.00000,prps,2,271
61249,61.249,1,4004,54004,ladder_a11_lin_r02,prps,1442,14,0.121805,-4,0,-4,-0.01047198,-0.60000,prps,2,272
61254,61.254,1,4004,54004,ladder_a11_lin_r02,prps,1435,7,0.057240,-6,0,-6,-0.01570796,-0.90000,prps,2,273
61259,61.259,1,4004,54004,ladder_a11_lin_r02,prps,1428,0,-0.002432,-8,0,-8,-0.02094395,-1.20000,prps,2,274
61264,61.264,1,4004,54004,ladder_a11_lin_r02,prps,1422,-6,-0.050406,-8,0,-8,-0.02094395,-1.20000,prps,2,275
61269,61.269,1,4004,54004,ladder_a11_lin_r02,prps,1418,-10,-0.081989,-7,0,-7,-0.01832596,-1.05000,prps,2,276
61274,61.274,1,4004,54004,ladder_a11_lin_r02,prps,1417,-11,-0.094918,-6,0,-6,-0.01570796,-0.90000,prps,2,277
61279,61.279,1,4004,54004,ladder_a11_lin_r02,prps,1418,-10,-0.089375,-4,0,-4,-0.01047198,-0.60000,prps,2,278
61284,61.284,1,4004,54004,ladder_a11_lin_r02,prps,1420,-8,-0.067701,-1,0,-1,-0.00261799,-0.15000,prps,2,279
61289,61.289,1,4004,54004,ladder_a11_lin_r02,prps,1424,-4,-0.033888,1,0,1,0.00261799,0.15000,prps,2,280
61294,61.294,1,4004,54004,ladder_a11_lin_r02,prps,1429,1,0.007060,3,0,3,0.00785398,0.45000,prps,2,281
61299,61.299,1,4004,54004,ladder_a11_lin_r02,prps,1434,6,0.049830,4,0,4,0.01047198,0.60000,prps,2,282
61304,61.304,1,4004,54004,ladder_a11_lin_r02,prps,1438,10,0.089433,4,0,4,0.01047198,0.60000,prps,2,283
61309,61.309,1,4004,54004,ladder_a11_lin_r02,prps,1442,14,0.121727,4,0,4,0.01047198,0.60000,prps,2,284
61314,61.314,1,4004,54004,ladder_a11_lin_r02,prps,1445,17,0.143756,3,0,3,0.00785398,0.45000,prps,2,285
61319,61.319,1,4004,54004,ladder_a11_lin_r02,prps,1446,18,0.153884,1,0,1,0.00261799,0.15000,prps,2,286
61324,61.324,1,4004,54004,ladder_a11_lin_r02,prps,1446,18,0.151741,1,0,1,0.00261799,0.15000,prps,2,287
61329,61.329,1,4004,54004,ladder_a11_lin_r02,prps,1444,16,0.138010,-1,0,-1,-0.00261799,-0.15000,prps,2,288
61334,61.334,1,4004,54004,ladder_a11_lin_r02,prps,1441,13,0.114105,-3,0,-3,-0.00785398,-0.45000,prps,2,289
61339,61.339,1,4004,54004,ladder_a11_lin_r02,prps,1438,10,0.081815,-4,0,-4,-0.01047198,-0.60000,prps,2,290
61344,61.344,1,4004,54004,ladder_a11_lin_r02,prps,1433,5,0.042972,-5,0,-5,-0.01308997,-0.75000,prps,2,291
61349,61.349,1,4004,54004,ladder_a11_lin_r02,prps,1428,0,-0.000798,-5,0,-5,-0.01308997,-0.75000,prps,2,292
61354,61.354,1,4004,54004,ladder_a11_lin_r02,prps,1422,-6,-0.048219,-5,0,-5,-0.01308997,-0.75000,prps,2,293
61359,61.359,1,4004,54004,ladder_a11_lin_r02,prps,1416,-12,-0.098366,-4,0,-4,-0.01047198,-0.60000,prps,2,294
61364,61.364,1,4004,54004,ladder_a11_lin_r02,prps,1410,-18,-0.150558,-4,0,-4,-0.01047198,-0.60000,prps,2,295
61369,61.369,1,4004,54004,ladder_a11_lin_r02,prps,1404,-24,-0.204168,-2,0,-2,-0.00523599,-0.30000,prps,2,296
61374,61.374,1,4004,54004,ladder_a11_lin_r02,prps,1398,-30,-0.258393,1,0,1,0.00261799,0.15000,prps,2,297
61379,61.379,1,4004,54004,ladder_a11_lin_r02,prps,1391,-37,-0.312042,4,0,4,0.01047198,0.60000,prps,2,298
61384,61.384,1,4004,54004,ladder_a11_lin_r02,prps,1385,-43,-0.363401,8,0,8,0.02094395,1.20000,prps,2,299
61389,61.389,1,4004,54004,ladder_a11_lin_r02,prps,1380,-48,-0.410198,11,0,11,0.02879793,1.65000,prps,2,300
61394,61.394,1,4004,54004,ladder_a11_lin_r02,prps,1375,-53,-0.449718,15,0,15,0.03926991,2.25000,prps,2,301
61399,61.399,1,4004,54004,ladder_a11_lin_r02,prps,1372,-56,-0.479032,19,0,19,0.04974188,2.85000,prps,2,302
61404,61.404,1,4004,54004,ladder_a11_lin_r02,prps,1370,-58,-0.495348,23,0,23,0.06021386,3.45000,prps,2,303
61409,61.409,1,4004,54004,ladder_a11_lin_r02,prps,1370,-58,-0.496419,26,0,26,0.06806784,3.90000,prps,2,304
61414,61.414,1,4004,54004,ladder_a11_lin_r02,prps,1372,-56,-0.480952,29,0,29,0.07592182,4.35000,prps,2,305
61419,61.419,1,4004,54004,ladder_a11_lin_r02,prps,1375,-53,-0.448960,32,0,32,0.08377580,4.80000,prps,2,306
61424,61.424,1,4004,54004,ladder_a11_lin_r02,prps,1381,-47,-0.401986,33,0,33,0.08639380,4.95000,prps,2,307
61429,61.429,1,4004,54004,ladder_a11_lin_r02,prps,1388,-40,-0.343158,34,0,34,0.08901179,5.10000,prps,2,308
61434,61.434,1,4004,54004,ladder_a11_lin_r02,prps,1396,-32,-0.277045,34,0,34,0.08901179,5.10000,prps,2,309
61439,61.439,1,4004,54004,ladder_a11_lin_r02,prps,1404,-24,-0.209316,34,0,34,0.08901179,5.10000,prps,2,310
61444,61.444,1,4004,54004,ladder_a11_lin_r02,prps,1411,-17,-0.146231,34,0,34,0.08901179,5.10000,prps,2,311
61449,61.449,1,4004,54004,ladder_a11_lin_r02,prps,1417,-11,-0.094009,31,0,31,0.08115781,4.65000,prps,2,312
61454,61.454,1,4004,54004,ladder_a11_lin_r02,prps,1421,-7,-0.058158,28,0,28,0.07330382,4.20000,prps,2,313
61459,61.459,1,4004,54004,ladder_a11_lin_r02,prps,1423,-5,-0.042836,24,0,24,0.06283185,3.60000,prps,2,314
61464,61.464,1,4004,54004,ladder_a11_lin_r02,prps,1422,-6,-0.050336,21,0,21,0.05497787,3.15000,prps,2,315
61469,61.469,1,4004,54004,ladder_a11_lin_r02,prps,1419,-9,-0.080749,17,0,17,0.04450589,2.55000,prps,2,316
61474,61.474,1,4004,54004,ladder_a11_lin_r02,prps,1413,-15,-0.131880,14,0,14,0.03665191,2.10000,prps,2,317
61479,61.479,1,4004,54004,ladder_a11_lin_r02,prps,1405,-23,-0.199399,12,0,12,0.03141592,1.80000,prps,2,318
61484,61.484,1,4004,54004,ladder_a11_lin_r02,prps,1396,-32,-0.277257,11,0,11,0.02879793,1.65000,prps,2,319
61489,61.489,1,4004,54004,ladder_a11_lin_r02,prps,1386,-42,-0.358292,11,0,11,0.02879793,1.65000,prps,2,320
61494,61.494,1,4004,54004,ladder_a11_lin_r02,prps,1377,-51,-0.434971,11,0,11,0.02879793,1.65000,prps,2,321
61499,61.499,1,4004,54004,ladder_a11_lin_r02,prps,1369,-59,-0.500186,13,0,13,0.03403392,1.95000,prps,2,322
61504,61.504,1,4004,54004,ladder_a11_lin_r02,prps,1364,-64,-0.547999,17,0,17,0.04450589,2.55000,prps,2,323
61509,61.509,1,4004,54004,ladder_a11_lin_r02,prps,1361,-67,-0.574247,21,0,21,0.05497787,3.15000,prps,2,324
61514,61.514,1,4004,54004,ladder_a11_lin_r02,prps,1360,-68,-0.576950,26,0,26,0.06806784,3.90000,prps,2,325
61519,61.519,1,4004,54004,ladder_a11_lin_r02,prps,1363,-65,-0.556458,30,0,30,0.07853982,4.50000,prps,2,326
61524,61.524,1,4004,54004,ladder_a11_lin_r02,prps,1368,-60,-0.515328,33,0,33,0.08639380,4.95000,prps,2,327
61529,61.529,1,4004,54004,ladder_a11_lin_r02,prps,1374,-54,-0.457949,36,0,36,0.09424778,5.40000,prps,2,328
61534,61.534,1,4004,54004,ladder_a11_lin_r02,prps,1382,-46,-0.389962,38,0,38,0.09948376,5.70000,prps,2,329
61539,61.539,1,4004,54004,ladder_a11_lin_r02,prps,1391,-37,-0.317553,39,0,39,0.10210176,5.85000,prps,2,330
61544,61.544,1,4004,54004,ladder_a11_lin_r02,prps,1399,-29,-0.246703,39,0,39,0.10210176,5.85000,prps,2,331
61549,61.549,1,4004,54004,ladder_a11_lin_r02,prps,1407,-21,-0.182492,38,0,38,0.09948376,5.70000,prps,2,332
61554,61.554,1,4004,54004,ladder_a11_lin_r02,prps,1413,-15,-0.128545,36,0,36,0.09424778,5.40000,prps,2,333
61559,61.559,1,4004,54004,ladder_a11_lin_r02,prps,1418,-10,-0.086673,32,0,32,0.08377580,4.80000,prps,2,334
61564,61.564,1,4004,54004,ladder_a11_lin_r02,prps,1421,-7,-0.056770,28,0,28,0.07330382,4.20000,prps,2,335
61569,61.569,1,4004,54004,ladder_a11_lin_r02,prps,1424,-4,-0.036955,24,0,24,0.06283185,3.60000,prps,2,336
61574,61.574,1,4004,54004,ladder_a11_lin_r02,prps,1425,-3,-0.023930,20,0,20,0.05235988,3.00000,prps,2,337
61579,61.579,1,4004,54004,ladder_a11_lin_r02,prps,1426,-2,-0.013530,17,0,17,0.04450589,2.55000,prps,2,338
61584,61.584,1,4004,54004,ladder_a11_lin_r02,prps,1428,0,-0.001345,14,0,14,0.03665191,2.10000,prps,2,339
61589,61.589,1,4004,54004,ladder_a11_lin_r02,prps,1430,2,0.016631,11,0,11,0.02879793,1.65000,prps,2,340
61594,61.594,1,4004,54004,ladder_a11_lin_r02,prps,1433,5,0.043434,9,0,9,0.02356194,1.35000,prps,2,341
61599,61.599,1,4004,54004,ladder_a11_lin_r02,prps,1437,9,0.080719,7,0,7,0.01832596,1.05000,prps,2,342
61604,61.604,1,4004,54004,ladder_a11_lin_r02,prps,1443,15,0.128541,5,0,5,0.01308997,0.75000,prps,2,343
61609,61.609,1,4004,54004,ladder_a11_lin_r02,prps,1450,22,0.185368,3,0,3,0.00785398,0.45000,prps,2,344
61614,61.614,1,4004,54004,ladder_a11_lin_r02,prps,1457,29,0.248314,2,0,2,0.00523599,0.30000,prps,2,345
61619,61.619,1,4004,54004,ladder_a11_lin_r02,prps,1465,37,0.313547,-1,0,-1,-0.00261799,-0.15000,prps,2,346
61624,61.624,1,4004,54004,ladder_a11_lin_r02,prps,1472,44,0.376822,-4,0,-4,-0.01047198,-0.60000,prps,2,347
61629,61.629,1,4004,54004,ladder_a11_lin_r02,prps,1479,51,0.434060,-7,0,-7,-0.01832596,-1.05000,prps,2,348
61634,61.634,1,4004,54004,ladder_a11_lin_r02,prps,1484,56,0.481879,-11,0,-11,-0.02879793,-1.65000,prps,2,349
61639,61.639,1,4004,54004,ladder_a11_lin_r02,prps,1489,61,0.518023,-15,0,-15,-0.03926991,-2.25000,prps,2,350
61644,61.644,1,4004,54004,ladder_a11_lin_r02,prps,1491,63,0.541611,-19,0,-19,-0.04974188,-2.85000,prps,2,351
61649,61.649,1,4004,54004,ladder_a11_lin_r02,prps,1493,65,0.553182,-22,0,-22,-0.05759586,-3.30000,prps,2,352
61654,61.654,1,4004,54004,ladder_a11_lin_r02,prps,1493,65,0.554538,-26,0,-26,-0.06806784,-3.90000,prps,2,353
61659,61.659,1,4004,54004,ladder_a11_lin_r02,prps,1492,64,0.548386,-29,0,-29,-0.07592182,-4.35000,prps,2,354
61664,61.664,1,4004,54004,ladder_a11_lin_r02,prps,1491,63,0.537867,-31,0,-31,-0.08115781,-4.65000,prps,2,355
61669,61.669,1,4004,54004,ladder_a11_lin_r02,prps,1490,62,0.526011,-33,0,-33,-0.08639380,-4.95000,prps,2,356
61674,61.674,1,4004,54004,ladder_a11_lin_r02,prps,1488,60,0.515221,-35,0,-35,-0.09162979,-5.25000,prps,2,357
61679,61.679,1,4004,54004,ladder_a11_lin_r02,prps,1487,59,0.506845,-35,0,-35,-0.09162979,-5.25000,prps,2,358
61684,61.684,1,4004,54004,ladder_a11_lin_r02,prps,1487,59,0.500923,-35,0,-35,-0.09162979,-5.25000,prps,2,359
61689,61.689,1,4004,54004,ladder_a11_lin_r02,prps,1486,58,0.496135,-35,0,-35,-0.09162979,-5.25000,prps,2,360
61694,61.694,1,4004,54004,ladder_a11_lin_r02,prps,1485,57,0.489969,-35,0,-35,-0.09162979,-5.25000,prps,2,361
61699,61.699,1,4004,54004,ladder_a11_lin_r02,prps,1484,56,0.479102,-35,0,-35,-0.09162979,-5.25000,prps,2,362
61704,61.704,1,4004,54004,ladder_a11_lin_r02,prps,1482,54,0.459927,-35,0,-35,-0.09162979,-5.25000,prps,2,363
61709,61.709,1,4004,54004,ladder_a11_lin_r02,prps,1478,50,0.429178,-35,0,-35,-0.09162979,-5.25000,prps,2,364
61714,61.714,1,4004,54004,ladder_a11_lin_r02,prps,1473,45,0.384549,-35,0,-35,-0.09162979,-5.25000,prps,2,365
61719,61.719,1,4004,54004,ladder_a11_lin_r02,prps,1466,38,0.325234,-35,0,-35,-0.09162979,-5.25000,prps,2,366
61724,61.724,1,4004,54004,ladder_a11_lin_r02,prps,1458,30,0.252286,-34,0,-34,-0.08901179,-5.10000,prps,2,367
61729,61.729,1,4004,54004,ladder_a11_lin_r02,prps,1448,20,0.168763,-32,0,-32,-0.08377580,-4.80000,prps,2,368
61734,61.734,1,4004,54004,ladder_a11_lin_r02,prps,1437,9,0.079600,-30,0,-30,-0.07853982,-4.50000,prps,2,369
61739,61.739,1,4004,54004,ladder_a11_lin_r02,prps,1427,-1,-0.008781,-26,0,-26,-0.06806784,-3.90000,prps,2,370
61744,61.744,1,4004,54004,ladder_a11_lin_r02,prps,1418,-10,-0.089083,-22,0,-22,-0.05759586,-3.30000,prps,2,371
61749,61.749,1,4004,54004,ladder_a11_lin_r02,prps,1410,-18,-0.153915,-17,0,-17,-0.04450589,-2.55000,prps,2,372
61754,61.754,1,4004,54004,ladder_a11_lin_r02,prps,1405,-23,-0.196641,-12,0,-12,-0.03141592,-1.80000,prps,2,373
61759,61.759,1,4004,54004,ladder_a11_lin_r02,prps,1403,-25,-0.212211,-8,0,-8,-0.02094395,-1.20000,prps,2,374
61764,61.764,1,4004,54004,ladder_a11_lin_r02,prps,1405,-23,-0.197851,-3,0,-3,-0.00785398,-0.45000,prps,2,375
61769,61.769,1,4004,54004,ladder_a11_lin_r02,prps,1410,-18,-0.153538,2,0,2,0.00523599,0.30000,prps,2,376
61774,61.774,1,4004,54004,ladder_a11_lin_r02,prps,1418,-10,-0.082193,6,0,6,0.01570796,0.90000,prps,2,377
61779,61.779,1,4004,54004,ladder_a11_lin_r02,prps,1429,1,0.010457,9,0,9,0.02356194,1.35000,prps,2,378
61784,61.784,1,4004,54004,ladder_a11_lin_r02,prps,1442,14,0.116331,11,0,11,0.02879793,1.65000,prps,2,379
61789,61.789,1,4004,54004,ladder_a11_lin_r02,prps,1454,26,0.225717,11,0,11,0.02879793,1.65000,prps,2,380
61794,61.794,1,4004,54004,ladder_a11_lin_r02,prps,1466,38,0.328216,9,0,9,0.02356194,1.35000,prps,2,381
61799,61.799,1,4004,54004,ladder_a11_lin_r02,prps,1476,48,0.413776,5,0,5,0.01308997,0.75000,prps,2,382
61804,61.804,1,4004,54004,ladder_a11_lin_r02,prps,1483,55,0.473732,1,0,1,0.00261799,0.15000,prps,2,383
61809,61.809,1,4004,54004,ladder_a11_lin_r02,prps,1487,59,0.501718,-3,0,-3,-0.00785398,-0.45000,prps,2,384
61814,61.814,1,4004,54004,ladder_a11_lin_r02,prps,1486,58,0.494363,-9,0,-9,-0.02356194,-1.35000,prps,2,385
61819,61.819,1,4004,54004,ladder_a11_lin_r02,prps,1481,53,0.451682,-15,0,-15,-0.03926991,-2.25000,prps,2,386
61824,61.824,1,4004,54004,ladder_a11_lin_r02,prps,1472,44,0.377121,-19,0,-19,-0.04974188,-2.85000,prps,2,387
61829,61.829,1,4004,54004,ladder_a11_lin_r02,prps,1460,32,0.277250,-23,0,-23,-0.06021386,-3.45000,prps,2,388
61834,61.834,1,4004,54004,ladder_a11_lin_r02,prps,1447,19,0.161131,-24,0,-24,-0.06283185,-3.60000,prps,2,389
61839,61.839,1,4004,54004,ladder_a11_lin_r02,prps,1433,5,0.039420,-24,0,-24,-0.06283185,-3.60000,prps,2,390
61844,61.844,1,4004,54004,ladder_a11_lin_r02,prps,1419,-9,-0.076692,-24,0,-24,-0.06283185,-3.60000,prps,2,391
61849,61.849,1,4004,54004,ladder_a11_lin_r02,prps,1407,-21,-0.176593,-20,0,-20,-0.05235988,-3.00000,prps,2,392
61854,61.854,1,4004,54004,ladder_a11_lin_r02,prps,1399,-29,-0.251310,-16,0,-16,-0.04188790,-2.40000,prps,2,393
61859,61.859,1,4004,54004,ladder_a11_lin_r02,prps,1394,-34,-0.294402,-10,0,-10,-0.02617994,-1.50000,prps,2,394
61864,61.864,1,4004,54004,ladder_a11_lin_r02,prps,1393,-35,-0.302589,-5,0,-5,-0.01308997,-0.75000,prps,2,395
61869,61.869,1,4004,54004,ladder_a11_lin_r02,prps,1396,-32,-0.276073,1,0,1,0.00261799,0.15000,prps,2,396
61874,61.874,1,4004,54004,ladder_a11_lin_r02,prps,1402,-26,-0.218500,6,0,6,0.01570796,0.90000,prps,2,397
61879,61.879,1,4004,54004,ladder_a11_lin_r02,prps,1412,-16,-0.136587,11,0,11,0.02879793,1.65000,prps,2,398
61884,61.884,1,4004,54004,ladder_a11_lin_r02,prps,1423,-5,-0.039453,14,0,14,0.03665191,2.10000,prps,2,399
61889,61.889,1,4004,54004,ladder_a11_lin_r02,prps,1435,7,0.062286,15,0,15,0.03926991,2.25000,prps,2,400
61894,61.894,1,4004,54004,ladder_a11_lin_r02,prps,1446,18,0.157556,15,0,15,0.03926991,2.25000,prps,2,401
61899,61.899,1,4004,54004,ladder_a11_lin_r02,prps,1456,28,0.235900,13,0,13,0.03403392,1.95000,prps,2,402
61904,61.904,1,4004,54004,ladder_a11_lin_r02,prps,1462,34,0.288482,10,0,10,0.02617994,1.50000,prps,2,403
61909,61.909,1,4004,54004,ladder_a11_lin_r02,prps,1464,36,0.308934,5,0,5,0.01308997,0.75000,prps,2,404
61914,61.914,1,4004,54004,ladder_a11_lin_r02,prps,1462,34,0.293959,2,0,2,0.00523599,0.30000,prps,2,405
61919,61.919,1,4004,54004,ladder_a11_lin_r02,prps,1457,29,0.243648,-3,0,-3,-0.00785398,-0.45000,prps,2,406
61924,61.924,1,4004,54004,ladder_a11_lin_r02,prps,1447,19,0.161474,-7,0,-7,-0.01832596,-1.05000,prps,2,407
61929,61.929,1,4004,54004,ladder_a11_lin_r02,prps,1434,6,0.053984,-10,0,-10,-0.02617994,-1.50000,prps,2,408
61934,61.934,1,4004,54004,ladder_a11_lin_r02,prps,1420,-8,-0.069788,-12,0,-12,-0.03141592,-1.80000,prps,2,409
61939,61.939,1,4004,54004,ladder_a11_lin_r02,prps,1405,-23,-0.199132,-12,0,-12,-0.03141592,-1.80000,prps,2,410
61944,61.944,1,4004,54004,ladder_a11_lin_r02,prps,1390,-38,-0.322622,-10,0,-10,-0.02617994,-1.50000,prps,2,411
61949,61.949,1,4004,54004,ladder_a11_lin_r02,prps,1378,-50,-0.429129,-8,0,-8,-0.02094395,-1.20000,prps,2,412
61954,61.954,1,4004,54004,ladder_a11_lin_r02,prps,1368,-60,-0.508824,-3,0,-3,-0.00785398,-0.45000,prps,2,413
61959,61.959,1,4004,54004,ladder_a11_lin_r02,prps,1363,-65,-0.554060,4,0,4,0.01047198,0.60000,prps,2,414
61964,61.964,1,4004,54004,ladder_a11_lin_r02,prps,1362,-66,-0.560081,11,0,11,0.02879793,1.65000,prps,2,415
61969,61.969,1,4004,54004,ladder_a11_lin_r02,prps,1367,-61,-0.525484,17,0,17,0.04450589,2.55000,prps,2,416
61974,61.974,1,4004,54004,ladder_a11_lin_r02,prps,1375,-53,-0.452407,23,0,23,0.06021386,3.45000,prps,2,417
61979,61.979,1,4004,54004,ladder_a11_lin_r02,prps,1387,-41,-0.346421,28,0,28,0.07330382,4.20000,prps,2,418
61984,61.984,1,4004,54004,ladder_a11_lin_r02,prps,1403,-25,-0.216130,31,0,31,0.08115781,4.65000,prps,2,419
61989,61.989,1,4004,54004,ladder_a11_lin_r02,prps,1420,-8,-0.072510,32,0,32,0.08377580,4.80000,prps,2,420
61994,61.994,1,4004,54004,ladder_a11_lin_r02,prps,1436,8,0.071962,32,0,32,0.08377580,4.80000,prps,2,421
61999,61.999,1,4004,54004,ladder_a11_lin_r02,prps,1452,24,0.204325,30,0,30,0.07853982,4.50000,prps,2,422
62004,62.004,1,4004,54004,ladder_a11_lin_r02,prps,1465,37,0.312219,25,0,25,0.06544985,3.75000,prps,2,423
62009,62.009,1,4004,54004,ladder_a11_lin_r02,prps,1473,45,0.384955,18,0,18,0.04712389,2.70000,prps,2,424
62014,62.014,1,4004,54004,ladder_a11_lin_r02,prps,1476,48,0.414469,11,0,11,0.02879793,1.65000,prps,2,425
62019,62.019,1,4004,54004,ladder_a11_lin_r02,prps,1474,46,0.396096,4,0,4,0.01047198,0.60000,prps,2,426
62024,62.024,1,4004,54004,ladder_a11_lin_r02,prps,1467,39,0.329070,-2,0,-2,-0.00523599,-0.30000,prps,2,427
62029,62.029,1,4004,54004,ladder_a11_lin_r02,prps,1453,25,0.216720,-8,0,-8,-0.02094395,-1.20000,prps,2,428
62034,62.034,1,4004,54004,ladder_a11_lin_r02,prps,1436,8,0.066319,-12,0,-12,-0.03141592,-1.80000,prps,2,429
62039,62.039,1,4004,54004,ladder_a11_lin_r02,prps,1415,-13,-0.111424,-14,0,-14,-0.03665191,-2.10000,prps,2,430
62044,62.044,1,4004,54004,ladder_a11_lin_r02,prps,1393,-35,-0.303177,-14,0,-14,-0.03665191,-2.10000,prps,2,431
62049,62.049,1,4004,54004,ladder_a11_lin_r02,prps,1370,-58,-0.494067,-12,0,-12,-0.03141592,-1.80000,prps,2,432
62054,62.054,1,4004,54004,ladder_a11_lin_r02,prps,1350,-78,-0.668942,-8,0,-8,-0.02094395,-1.20000,prps,2,433
62059,62.059,1,4004,54004,ladder_a11_lin_r02,prps,1333,-95,-0.813698,-2,0,-2,-0.00523599,-0.30000,prps,2,434
62064,62.064,1,4004,54004,ladder_a11_lin_r02,prps,1321,-107,-0.916563,7,0,7,0.01832596,1.05000,prps,2,435
62069,62.069,1,4004,54004,ladder_a11_lin_r02,prps,1315,-113,-0.969215,16,0,16,0.04188790,2.40000,prps,2,436
62074,62.074,1,4004,54004,ladder_a11_lin_r02,prps,1315,-113,-0.967615,26,0,26,0.06806784,3.90000,prps,2,437
62079,62.079,1,4004,54004,ladder_a11_lin_r02,prps,1321,-107,-0.912476,35,0,35,0.09162979,5.25000,prps,2,438
62084,62.084,1,4004,54004,ladder_a11_lin_r02,prps,1333,-95,-0.809288,43,0,43,0.11257374,6.45000,prps,2,439
62089,62.089,1,4004,54004,ladder_a11_lin_r02,prps,1350,-78,-0.667902,50,0,50,0.13089970,7.50000,prps,2,440
62094,62.094,1,4004,54004,ladder_a11_lin_r02,prps,1369,-59,-0.501671,54,0,54,0.14137166,8.10000,prps,2,441
62099,62.099,1,4004,54004,ladder_a11_lin_r02,prps,1390,-38,-0.326232,56,0,56,0.14660765,8.40000,prps,2,442
62104,62.104,1,4004,54004,ladder_a11_lin_r02,prps,1410,-18,-0.158021,55,0,55,0.14398966,8.25000,prps,2,443
62109,62.109,1,4004,54004,ladder_a11_lin_r02,prps,1427,-1,-0.012683,51,0,51,0.13351768,7.65000,prps,2,444
62114,62.114,1,4004,54004,ladder_a11_lin_r02,prps,1439,11,0.096499,45,0,45,0.11780972,6.75000,prps,2,445
62119,62.119,1,4004,54004,ladder_a11_lin_r02,prps,1447,19,0.159964,39,0,39,0.10210176,5.85000,prps,2,446
62124,62.124,1,4004,54004,ladder_a11_lin_r02,prps,1448,20,0.172893,32,0,32,0.08377580,4.80000,prps,2,447
62129,62.129,1,4004,54004,ladder_a11_lin_r02,prps,1444,16,0.135764,24,0,24,0.06283185,3.60000,prps,2,448
62134,62.134,1,4004,54004,ladder_a11_lin_r02,prps,1434,6,0.054379,17,0,17,0.04450589,2.55000,prps,2,449
62139,62.139,1,4004,54004,ladder_a11_lin_r02,prps,1421,-7,-0.060668,11,0,11,0.02879793,1.65000,prps,2,450
62144,62.144,1,4004,54004,ladder_a11_lin_r02,prps,1405,-23,-0.195040,7,0,7,0.01832596,1.05000,prps,2,451
62149,62.149,1,4004,54004,ladder_a11_lin_r02,prps,1389,-39,-0.332115,5,0,5,0.01308997,0.75000,prps,2,452
62154,62.154,1,4004,54004,ladder_a11_lin_r02,prps,1375,-53,-0.454726,5,0,5,0.01308997,0.75000,prps,2,453
62159,62.159,1,4004,54004,ladder_a11_lin_r02,prps,1364,-64,-0.546995,7,0,7,0.01832596,1.05000,prps,2,454
62164,62.164,1,4004,54004,ladder_a11_lin_r02,prps,1358,-70,-0.596060,11,0,11,0.02879793,1.65000,prps,2,455
62169,62.169,1,4004,54004,ladder_a11_lin_r02,prps,1359,-69,-0.593525,16,0,16,0.04188790,2.40000,prps,2,456
62174,62.174,1,4004,54004,ladder_a11_lin_r02,prps,1365,-63,-0.536452,22,0,22,0.05759586,3.30000,prps,2,457
62179,62.179,1,4004,54004,ladder_a11_lin_r02,prps,1378,-50,-0.427787,27,0,27,0.07068583,4.05000,prps,2,458
62184,62.184,1,4004,54004,ladder_a11_lin_r02,prps,1396,-32,-0.276158,32,0,32,0.08377580,4.80000,prps,2,459
62189,62.189,1,4004,54004,ladder_a11_lin_r02,prps,1417,-11,-0.095060,34,0,34,0.08901179,5.10000,prps,2,460
62194,62.194,1,4004,54004,ladder_a11_lin_r02,prps,1440,12,0.098502,34,0,34,0.08901179,5.10000,prps,2,461
62199,62.199,1,4004,54004,ladder_a11_lin_r02,prps,1461,33,0.285764,33,0,33,0.08639380,4.95000,prps,2,462
62204,62.204,1,4004,54004,ladder_a11_lin_r02,prps,1480,52,0.448168,28,0,28,0.07330382,4.20000,prps,2,463
62209,62.209,1,4004,54004,ladder_a11_lin_r02,prps,1495,67,0.569324,20,0,20,0.05235988,3.00000,prps,2,464
62214,62.214,1,4004,54004,ladder_a11_lin_r02,prps,1503,75,0.636760,12,0,12,0.03141592,1.80000,prps,2,465
62219,62.219,1,4004,54004,ladder_a11_lin_r02,prps,1503,75,0.643251,3,0,3,0.00785398,0.45000,prps,2,466
62224,62.224,1,4004,54004,ladder_a11_lin_r02,prps,1497,69,0.587598,-6,0,-6,-0.01570796,-0.90000,prps,2,467
62229,62.229,1,4004,54004,ladder_a11_lin_r02,prps,1484,56,0.474751,-14,0,-14,-0.03665191,-2.10000,prps,2,468
62234,62.234,1,4004,54004,ladder_a11_lin_r02,prps,1465,37,0.315259,-21,0,-21,-0.05497787,-3.15000,prps,2,469
62239,62.239,1,4004,54004,ladder_a11_lin_r02,prps,1443,15,0.124132,-25,0,-25,-0.06544985,-3.75000,prps,2,470
62244,62.244,1,4004,54004,ladder_a11_lin_r02,prps,1419,-9,-0.080796,-27,0,-27,-0.07068583,-4.05000,prps,2,471
62249,62.249,1,4004,54004,ladder_a11_lin_r02,prps,1395,-33,-0.280785,-26,0,-26,-0.06806784,-3.90000,prps,2,472
62254,62.254,1,4004,54004,ladder_a11_lin_r02,prps,1374,-54,-0.458189,-22,0,-22,-0.05759586,-3.30000,prps,2,473
62259,62.259,1,4004,54004,ladder_a11_lin_r02,prps,1358,-70,-0.598315,-16,0,-16,-0.04188790,-2.40000,prps,2,474
62264,62.264,1,4004,54004,ladder_a11_lin_r02,prps,1347,-81,-0.690913,-8,0,-8,-0.02094395,-1.20000,prps,2,475
62269,62.269,1,4004,54004,ladder_a11_lin_r02,prps,1342,-86,-0.731157,1,0,1,0.00261799,0.15000,prps,2,476
62274,62.274,1,4004,54004,ladder_a11_lin_r02,prps,1344,-84,-0.719992,11,0,11,0.02879793,1.65000,prps,2,477
62279,62.279,1,4004,54004,ladder_a11_lin_r02,prps,1350,-78,-0.663822,20,0,20,0.05235988,3.00000,prps,2,478
62284,62.284,1,4004,54004,ladder_a11_lin_r02,prps,1361,-67,-0.573588,28,0,28,0.07330382,4.20000,prps,2,479
62289,62.289,1,4004,54004,ladder_a11_lin_r02,prps,1374,-54,-0.463351,34,0,34,0.08901179,5.10000,prps,2,480
62294,62.294,1,4004,54004,ladder_a11_lin_r02,prps,1387,-41,-0.348557,38,0,38,0.09948376,5.70000,prps,2,481
62299,62.299,1,4004,54004,ladder_a11_lin_r02,prps,1399,-29,-0.244185,40,0,40,0.10471976,6.00000,prps,2,482
62304,62.304,1,4004,54004,ladder_a11_lin_r02,prps,1409,-19,-0.163018,39,0,39,0.10210176,5.85000,prps,2,483
62309,62.309,1,4004,54004,ladder_a11_lin_r02,prps,1415,-13,-0.114222,39,0,39,0.10210176,5.85000,prps,2,484
62314,62.314,1,4004,54004,ladder_a11_lin_r02,prps,1416,-12,-0.102411,35,0,35,0.09162979,5.25000,prps,2,485
62319,62.319,1,4004,54004,ladder_a11_lin_r02,prps,1413,-15,-0.127293,30,0,30,0.07853982,4.50000,prps,2,486
62324,62.324,1,4004,54004,ladder_a11_lin_r02,prps,1406,-22,-0.183932,26,0,26,0.06806784,3.90000,prps,2,487
62329,62.329,1,4004,54004,ladder_a11_lin_r02,prps,1397,-31,-0.263576,22,0,22,0.05759586,3.30000,prps,2,488
62334,62.334,1,4004,54004,ladder_a11_lin_r02,prps,1386,-42,-0.354937,20,0,20,0.05235988,3.00000,prps,2,489
62339,62.339,1,4004,54004,ladder_a11_lin_r02,prps,1376,-52,-0.445755,19,0,19,0.04974188,2.85000,prps,2,490
62344,62.344,1,4004,54004,ladder_a11_lin_r02,prps,1367,-61,-0.524436,19,0,19,0.04974188,2.85000,prps,2,491
62349,62.349,1,4004,54004,ladder_a11_lin_r02,prps,1360,-68,-0.581562,20,0,20,0.05235988,3.00000,prps,2,492
62354,62.354,1,4004,54004,ladder_a11_lin_r02,prps,1357,-71,-0.611070,24,0,24,0.06283185,3.60000,prps,2,493
62359,62.359,1,4004,54004,ladder_a11_lin_r02,prps,1357,-71,-0.610973,28,0,28,0.07330382,4.20000,prps,2,494
62364,62.364,1,4004,54004,ladder_a11_lin_r02,prps,1360,-68,-0.583508,32,0,32,0.08377580,4.80000,prps,2,495
62369,62.369,1,4004,54004,ladder_a11_lin_r02,prps,1365,-63,-0.534729,36,0,36,0.09424778,5.40000,prps,2,496
62374,62.374,1,4004,54004,ladder_a11_lin_r02,prps,1373,-55,-0.473586,39,0,39,0.10210176,5.85000,prps,2,497
62379,62.379,1,4004,54004,ladder_a11_lin_r02,prps,1380,-48,-0.410624,41,0,41,0.10733775,6.15000,prps,2,498
62384,62.384,1,4004,54004,ladder_a11_lin_r02,prps,1386,-42,-0.356479,41,0,41,0.10733775,6.15000,prps,2,499
62389,62.389,1,4004,54004,ladder_a11_lin_r02,prps,1391,-37,-0.320373,40,0,40,0.10471976,6.00000,prps,2,500
62394,62.394,1,4004,54004,ladder_a11_lin_r02,prps,1392,-36,-0.308806,39,0,39,0.10210176,5.85000,prps,2,501
62399,62.399,1,4004,54004,ladder_a11_lin_r02,prps,1390,-38,-0.324630,38,0,38,0.09948376,5.70000,prps,2,502
62404,62.404,1,4004,54004,ladder_a11_lin_r02,prps,1385,-43,-0.366614,35,0,35,0.09162979,5.25000,prps,2,503
62409,62.409,1,4004,54004,ladder_a11_lin_r02,prps,1378,-50,-0.429584,33,0,33,0.08639380,4.95000,prps,2,504
62414,62.414,1,4004,54004,ladder_a11_lin_r02,prps,1369,-59,-0.505092,31,0,31,0.08115781,4.65000,prps,2,505
62419,62.419,1,4004,54004,ladder_a11_lin_r02,prps,1360,-68,-0.582561,30,0,30,0.07853982,4.50000,prps,2,506
62424,62.424,1,4004,54004,ladder_a11_lin_r02,prps,1352,-76,-0.650720,30,0,30,0.07853982,4.50000,prps,2,507
62429,62.429,1,4004,54004,ladder_a11_lin_r02,prps,1346,-82,-0.699170,31,0,31,0.08115781,4.65000,prps,2,508
62434,62.434,1,4004,54004,ladder_a11_lin_r02,prps,1344,-84,-0.719847,33,0,33,0.08639380,4.95000,prps,2,509
62439,62.439,1,4004,54004,ladder_a11_lin_r02,prps,1345,-83,-0.708196,37,0,37,0.09686577,5.55000,prps,2,510
62444,62.444,1,4004,54004,ladder_a11_lin_r02,prps,1350,-78,-0.663887,41,0,41,0.10733775,6.15000,prps,2,511
62449,62.449,1,4004,54004,ladder_a11_lin_r02,prps,1359,-69,-0.590967,44,0,44,0.11519173,6.60000,prps,2,512
62454,62.454,1,4004,54004,ladder_a11_lin_r02,prps,1370,-58,-0.497426,47,0,47,0.12304571,7.05000,prps,2,513
62459,62.459,1,4004,54004,ladder_a11_lin_r02,prps,1382,-46,-0.394205,48,0,48,0.12566370,7.20000,prps,2,514
62464,62.464,1,4004,54004,ladder_a11_lin_r02,prps,1394,-34,-0.293787,47,0,47,0.12304571,7.05000,prps,2,515
62469,62.469,1,4004,54004,ladder_a11_lin_r02,prps,1404,-24,-0.208536,45,0,45,0.11780972,6.75000,prps,2,516
62474,62.474,1,4004,54004,ladder_a11_lin_r02,prps,1411,-17,-0.149004,42,0,42,0.10995574,6.30000,prps,2,517
62479,62.479,1,4004,54004,ladder_a11_lin_r02,prps,1414,-14,-0.122428,39,0,39,0.10210176,5.85000,prps,2,518
62484,62.484,1,4004,54004,ladder_a11_lin_r02,prps,1413,-15,-0.131629,34,0,34,0.08901179,5.10000,prps,2,519
62489,62.489,1,4004,54004,ladder_a11_lin_r02,prps,1408,-20,-0.174461,29,0,29,0.07592182,4.35000,prps,2,520
62494,62.494,1,4004,54004,ladder_a11_lin_r02,prps,1399,-29,-0.243903,25,0,25,0.06544985,3.75000,prps,2,521
62499,62.499,1,4004,54004,ladder_a11_lin_r02,prps,1390,-38,-0.328806,22,0,22,0.05759586,3.30000,prps,2,522
62504,62.504,1,4004,54004,ladder_a11_lin_r02,prps,1379,-49,-0.415203,21,0,21,0.05497787,3.15000,prps,2,523
62509,62.509,1,4004,54004,ladder_a11_lin_r02,prps,1371,-57,-0.488052,21,0,21,0.05497787,3.15000,prps,2,524
62514,62.514,1,4004,54004,ladder_a11_lin_r02,prps,1366,-62,-0.533180,21,0,21,0.05497787,3.15000,prps,2,525
62519,62.519,1,4004,54004,ladder_a11_lin_r02,prps,1365,-63,-0.539195,23,0,23,0.06021386,3.45000,prps,2,526
62524,62.524,1,4004,54004,ladder_a11_lin_r02,prps,1370,-58,-0.499119,27,0,27,0.07068583,4.05000,prps,2,527
62529,62.529,1,4004,54004,ladder_a11_lin_r02,prps,1380,-48,-0.411528,30,0,30,0.07853982,4.50000,prps,2,528
62534,62.534,1,4004,54004,ladder_a11_lin_r02,prps,1395,-33,-0.281028,33,0,33,0.08639380,4.95000,prps,2,529
62539,62.539,1,4004,54004,ladder_a11_lin_r02,prps,1414,-14,-0.118003,34,0,34,0.08901179,5.10000,prps,2,530
62544,62.544,1,4004,54004,ladder_a11_lin_r02,prps,1435,7,0.062371,34,0,34,0.08901179,5.10000,prps,2,531
62549,62.549,1,4004,54004,ladder_a11_lin_r02,prps,1456,28,0.241731,33,0,33,0.08639380,4.95000,prps,2,532
62554,62.554,1,4004,54004,ladder_a11_lin_r02,prps,1475,47,0.400595,28,0,28,0.07330382,4.20000,prps,2,533
62559,62.559,1,4004,54004,ladder_a11_lin_r02,prps,1489,61,0.520619,22,0,22,0.05759586,3.30000,prps,2,534
62564,62.564,1,4004,54004,ladder_a11_lin_r02,prps,1497,69,0.586807,14,0,14,0.03665191,2.10000,prps,2,535
62569,62.569,1,4004,54004,ladder_a11_lin_r02,prps,1497,69,0.589380,5,0,5,0.01308997,0.75000,prps,2,536
62574,62.574,1,4004,54004,ladder_a11_lin_r02,prps,1489,61,0.525083,-3,0,-3,-0.00785398,-0.45000,prps,2,537
62579,62.579,1,4004,54004,ladder_a11_lin_r02,prps,1475,47,0.397763,-11,0,-11,-0.02879793,-1.65000,prps,2,538
62584,62.584,1,4004,54004,ladder_a11_lin_r02,prps,1454,26,0.218118,-18,0,-18,-0.04712389,-2.70000,prps,2,539
62589,62.589,1,4004,54004,ladder_a11_lin_r02,prps,1428,0,0.002653,-22,0,-22,-0.05759586,-3.30000,prps,2,540
62594,62.594,1,4004,54004,ladder_a11_lin_r02,prps,1401,-27,-0.228065,-23,0,-23,-0.06021386,-3.45000,prps,2,541
62599,62.599,1,4004,54004,ladder_a11_lin_r02,prps,1375,-53,-0.451642,-22,0,-22,-0.05759586,-3.30000,prps,2,542
62604,62.604,1,4004,54004,ladder_a11_lin_r02,prps,1352,-76,-0.646344,-17,0,-17,-0.04450589,-2.55000,prps,2,543
62609,62.609,1,4004,54004,ladder_a11_lin_r02,prps,1335,-93,-0.793527,-9,0,-9,-0.02356194,-1.35000,prps,2,544
62614,62.614,1,4004,54004,ladder_a11_lin_r02,prps,1325,-103,-0.879733,0,0,0,0.00000000,0.00000,prps,2,545
62619,62.619,1,4004,54004,ladder_a11_lin_r02,prps,1323,-105,-0.898216,11,0,11,0.02879793,1.65000,prps,2,546
62624,62.624,1,4004,54004,ladder_a11_lin_r02,prps,1329,-99,-0.849685,21,0,21,0.05497787,3.15000,prps,2,547
62629,62.629,1,4004,54004,ladder_a11_lin_r02,prps,1341,-87,-0.742212,31,0,31,0.08115781,4.65000,prps,2,548
62634,62.634,1,4004,54004,ladder_a11_lin_r02,prps,1359,-69,-0.590279,39,0,39,0.10210176,5.85000,prps,2,549
62639,62.639,1,4004,54004,ladder_a11_lin_r02,prps,1380,-48,-0.413093,44,0,44,0.11519173,6.60000,prps,2,550
62644,62.644,1,4004,54004,ladder_a11_lin_r02,prps,1401,-27,-0.232364,47,0,47,0.12304571,7.05000,prps,2,551
62649,62.649,1,4004,54004,ladder_a11_lin_r02,prps,1420,-8,-0.069793,47,0,47,0.12304571,7.05000,prps,2,552
62654,62.654,1,4004,54004,ladder_a11_lin_r02,prps,1434,6,0.055421,43,0,43,0.11257374,6.45000,prps,2,553
62659,62.659,1,4004,54004,ladder_a11_lin_r02,prps,1443,15,0.128774,40,0,40,0.10471976,6.00000,prps,2,554
62664,62.664,1,4004,54004,ladder_a11_lin_r02,prps,1445,17,0.142094,33,0,33,0.08639380,4.95000,prps,2,555
62669,62.669,1,4004,54004,ladder_a11_lin_r02,prps,1439,11,0.094428,26,0,26,0.06806784,3.90000,prps,2,556
62674,62.674,1,4004,54004,ladder_a11_lin_r02,prps,1427,-1,-0.007908,19,0,19,0.04974188,2.85000,prps,2,557
62679,62.679,1,4004,54004,ladder_a11_lin_r02,prps,1410,-18,-0.152131,13,0,13,0.03403392,1.95000,prps,2,558
62684,62.684,1,4004,54004,ladder_a11_lin_r02,prps,1390,-38,-0.320535,9,0,9,0.02356194,1.35000,prps,2,559
62689,62.689,1,4004,54004,ladder_a11_lin_r02,prps,1370,-58,-0.492592,7,0,7,0.01832596,1.05000,prps,2,560
62694,62.694,1,4004,54004,ladder_a11_lin_r02,prps,1352,-76,-0.647360,9,0,9,0.02356194,1.35000,prps,2,561
62699,62.699,1,4004,54004,ladder_a11_lin_r02,prps,1338,-90,-0.765924,11,0,11,0.02879793,1.65000,prps,2,562
62704,62.704,1,4004,54004,ladder_a11_lin_r02,prps,1330,-98,-0.833564,17,0,17,0.04450589,2.55000,prps,2,563
62709,62.709,1,4004,54004,ladder_a11_lin_r02,prps,1330,-98,-0.841429,25,0,25,0.06544985,3.75000,prps,2,564
62714,62.714,1,4004,54004,ladder_a11_lin_r02,prps,1336,-92,-0.787506,32,0,32,0.08377580,4.80000,prps,2,565
62719,62.719,1,4004,54004,ladder_a11_lin_r02,prps,1349,-79,-0.676793,39,0,39,0.10210176,5.85000,prps,2,566
62724,62.724,1,4004,54004,ladder_a11_lin_r02,prps,1367,-61,-0.520666,45,0,45,0.11780972,6.75000,prps,2,567
62729,62.729,1,4004,54004,ladder_a11_lin_r02,prps,1389,-39,-0.335524,48,0,48,0.12566370,7.20000,prps,2,568
62734,62.734,1,4004,54004,ladder_a11_lin_r02,prps,1412,-16,-0.140887,48,0,48,0.12566370,7.20000,prps,2,569
62739,62.739,1,4004,54004,ladder_a11_lin_r02,prps,1433,5,0.042836,46,0,46,0.12042772,6.90000,prps,2,570
62744,62.744,1,4004,54004,ladder_a11_lin_r02,prps,1451,23,0.196626,42,0,42,0.10995574,6.30000,prps,2,571
62749,62.749,1,4004,54004,ladder_a11_lin_r02,prps,1464,36,0.304941,37,0,37,0.09686577,5.55000,prps,2,572
62754,62.754,1,4004,54004,ladder_a11_lin_r02,prps,1470,42,0.357351,29,0,29,0.07592182,4.35000,prps,2,573
62759,62.759,1,4004,54004,ladder_a11_lin_r02,prps,1469,41,0.349564,20,0,20,0.05235988,3.00000,prps,2,574
62764,62.764,1,4004,54004,ladder_a11_lin_r02,prps,1461,33,0.283735,12,0,12,0.03141592,1.80000,prps,2,575
62769,62.769,1,4004,54004,ladder_a11_lin_r02,prps,1448,20,0.168035,4,0,4,0.01047198,0.60000,prps,2,576
62774,62.774,1,4004,54004,ladder_a11_lin_r02,prps,1430,2,0.015568,-2,0,-2,-0.00523599,-0.30000,prps,2,577
62779,62.779,1,4004,54004,ladder_a11_lin_r02,prps,1410,-18,-0.157237,-5,0,-5,-0.01308997,-0.75000,prps,2,578
62784,62.784,1,4004,54004,ladder_a11_lin_r02,prps,1389,-39,-0.332539,-7,0,-7,-0.01832596,-1.05000,prps,2,579
62789,62.789,1,4004,54004,ladder_a11_lin_r02,prps,1370,-58,-0.493091,-6,0,-6,-0.01570796,-0.90000,prps,2,580
62794,62.794,1,4004,54004,ladder_a11_lin_r02,prps,1355,-73,-0.624091,-2,0,-2,-0.00523599,-0.30000,prps,2,581
62799,62.799,1,4004,54004,ladder_a11_lin_r02,prps,1344,-84,-0.714684,3,0,3,0.00785398,0.45000,prps,2,582
62804,62.804,1,4004,54004,ladder_a11_lin_r02,prps,1339,-89,-0.758943,11,0,11,0.02879793,1.65000,prps,2,583
62809,62.809,1,4004,54004,ladder_a11_lin_r02,prps,1340,-88,-0.756254,19,0,19,0.04974188,2.85000,prps,2,584
62814,62.814,1,4004,54004,ladder_a11_lin_r02,prps,1345,-83,-0.711079,27,0,27,0.07068583,4.05000,prps,2,585
62819,62.819,1,4004,54004,ladder_a11_lin_r02,prps,1354,-74,-0.632157,34,0,34,0.08901179,5.10000,prps,2,586
62824,62.824,1,4004,54004,ladder_a11_lin_r02,prps,1366,-62,-0.531261,39,0,39,0.10210176,5.85000,prps,2,587
62829,62.829,1,4004,54004,ladder_a11_lin_r02,prps,1379,-49,-0.421682,43,0,43,0.11257374,6.45000,prps,2,588
62834,62.834,1,4004,54004,ladder_a11_lin_r02,prps,1391,-37,-0.316629,45,0,45,0.11780972,6.75000,prps,2,589
62839,62.839,1,4004,54004,ladder_a11_lin_r02,prps,1401,-27,-0.227734,45,0,45,0.11780972,6.75000,prps,2,590
62844,62.844,1,4004,54004,ladder_a11_lin_r02,prps,1409,-19,-0.163840,43,0,43,0.11257374,6.45000,prps,2,591
62849,62.849,1,4004,54004,ladder_a11_lin_r02,prps,1413,-15,-0.130179,40,0,40,0.10471976,6.00000,prps,2,592
62854,62.854,1,4004,54004,ladder_a11_lin_r02,prps,1413,-15,-0.128039,36,0,36,0.09424778,5.40000,prps,2,593
62859,62.859,1,4004,54004,ladder_a11_lin_r02,prps,1410,-18,-0.154904,31,0,31,0.08115781,4.65000,prps,2,594
62864,62.864,1,4004,54004,ladder_a11_lin_r02,prps,1404,-24,-0.205033,26,0,26,0.06806784,3.90000,prps,2,595
62869,62.869,1,4004,54004,ladder_a11_lin_r02,prps,1396,-32,-0.270381,23,0,23,0.06021386,3.45000,prps,2,596
62874,62.874,1,4004,54004,ladder_a11_lin_r02,prps,1388,-40,-0.341717,21,0,21,0.05497787,3.15000,prps,2,597
62879,62.879,1,4004,54004,ladder_a11_lin_r02,prps,1380,-48,-0.409807,20,0,20,0.05235988,3.00000,prps,2,598
62884,62.884,1,4004,54004,ladder_a11_lin_r02,prps,1373,-55,-0.466499,20,0,20,0.05235988,3.00000,prps,2,599
62889,62.889,1,4004,54004,ladder_a11_lin_r02,prps,1369,-59,-0.505600,20,0,20,0.05235988,3.00000,prps,2,600
62894,62.894,1,4004,54004,ladder_a11_lin_r02,prps,1367,-61,-0.523447,23,0,23,0.06021386,3.45000,prps,2,601
62899,62.899,1,4004,54004,ladder_a11_lin_r02,prps,1367,-61,-0.519126,26,0,26,0.06806784,3.90000,prps,2,602
62904,62.904,1,4004,54004,ladder_a11_lin_r02,prps,1370,-58,-0.494352,30,0,30,0.07853982,4.50000,prps,2,603
62909,62.909,1,4004,54004,ladder_a11_lin_r02,prps,1375,-53,-0.453036,32,0,32,0.08377580,4.80000,prps,2,604
62914,62.914,1,4004,54004,ladder_a11_lin_r02,prps,1381,-47,-0.400639,35,0,35,0.09162979,5.25000,prps,2,605
62919,62.919,1,4004,54004,ladder_a11_lin_r02,prps,1388,-40,-0.343397,35,0,35,0.09162979,5.25000,prps,2,606
62924,62.924,1,4004,54004,ladder_a11_lin_r02,prps,1394,-34,-0.287534,36,0,36,0.09424778,5.40000,prps,2,607
62929,62.929,1,4004,54004,ladder_a11_lin_r02,prps,1400,-28,-0.238556,36,0,36,0.09424778,5.40000,prps,2,608
62934,62.934,1,4004,54004,ladder_a11_lin_r02,prps,1405,-23,-0.200712,34,0,34,0.08901179,5.10000,prps,2,609
62939,62.939,1,4004,54004,ladder_a11_lin_r02,prps,1407,-21,-0.176666,32,0,32,0.08377580,4.80000,prps,2,610
62944,62.944,1,4004,54004,ladder_a11_lin_r02,prps,1408,-20,-0.167393,29,0,29,0.07592182,4.35000,prps,2,611
62949,62.949,1,4004,54004,ladder_a11_lin_r02,prps,1408,-20,-0.172295,26,0,26,0.06806784,3.90000,prps,2,612
62954,62.954,1,4004,54004,ladder_a11_lin_r02,prps,1406,-22,-0.189478,23,0,23,0.06021386,3.45000,prps,2,613
62959,62.959,1,4004,54004,ladder_a11_lin_r02,prps,1403,-25,-0.216134,21,0,21,0.05497787,3.15000,prps,2,614
62964,62.964,1,4004,54004,ladder_a11_lin_r02,prps,1399,-29,-0.248969,20,0,20,0.05235988,3.00000,prps,2,615
62969,62.969,1,4004,54004,ladder_a11_lin_r02,prps,1395,-33,-0.284583,19,0,19,0.04974188,2.85000,prps,2,616
62974,62.974,1,4004,54004,ladder_a11_lin_r02,prps,1391,-37,-0.319791,19,0,19,0.04974188,2.85000,prps,2,617
62979,62.979,1,4004,54004,ladder_a11_lin_r02,prps,1387,-41,-0.351807,19,0,19,0.04974188,2.85000,prps,2,618
62984,62.984,1,4004,54004,ladder_a11_lin_r02,prps,1384,-44,-0.378324,19,0,19,0.04974188,2.85000,prps,2,619
62989,62.989,1,4004,54004,ladder_a11_lin_r02,prps,1381,-47,-0.397484,20,0,20,0.05235988,3.00000,prps,2,620
62994,62.994,1,4004,54004,ladder_a11_lin_r02,prps,1380,-48,-0.407774,22,0,22,0.05759586,3.30000,prps,2,621
62999,62.999,1,4004,54004,ladder_a11_lin_r02,prps,1380,-48,-0.407896,24,0,24,0.06283185,3.60000,prps,2,622
63004,63.004,1,4004,54004,ladder_a11_lin_r02,prps,1382,-46,-0.396670,26,0,26,0.06806784,3.90000,prps,2,623
63009,63.009,1,4004,54004,ladder_a11_lin_r02,prps,1384,-44,-0.372983,28,0,28,0.07330382,4.20000,prps,2,624
63014,63.014,1,4004,54004,ladder_a11_lin_r02,prps,1389,-39,-0.335836,29,0,29,0.07592182,4.35000,prps,2,625
63019,63.019,1,4004,54004,ladder_a11_lin_r02,prps,1395,-33,-0.284481,29,0,29,0.07592182,4.35000,prps,2,626
63024,63.024,1,4004,54004,ladder_a11_lin_r02,prps,1402,-26,-0.218631,29,0,29,0.07592182,4.35000,prps,2,627
63029,63.029,1,4004,54004,ladder_a11_lin_r02,prps,1412,-16,-0.138706,29,0,29,0.07592182,4.35000,prps,2,628
63034,63.034,1,4004,54004,ladder_a11_lin_r02,prps,1423,-5,-0.046071,29,0,29,0.07592182,4.35000,prps,2,629
63039,63.039,1,4004,54004,ladder_a11_lin_r02,prps,1435,7,0.056801,27,0,27,0.07068583,4.05000,prps,2,630
63044,63.044,1,4004,54004,ladder_a11_lin_r02,prps,1447,19,0.166278,24,0,24,0.06283185,3.60000,prps,2,631
63049,63.049,1,4004,54004,ladder_a11_lin_r02,prps,1460,32,0.277690,19,0,19,0.04974188,2.85000,prps,2,632
63054,63.054,1,4004,54004,ladder_a11_lin_r02,prps,1473,45,0.385607,14,0,14,0.03665191,2.10000,prps,2,633
63059,63.059,1,4004,54004,ladder_a11_lin_r02,prps,1485,57,0.484289,9,0,9,0.02356194,1.35000,prps,2,634
63064,63.064,1,4004,54004,ladder_a11_lin_r02,prps,1494,66,0.568255,3,0,3,0.00785398,0.45000,prps,2,635
63069,63.069,1,4004,54004,ladder_a11_lin_r02,prps,1502,74,0.632908,-4,0,-4,-0.01047198,-0.60000,prps,2,636
63074,63.074,1,4004,54004,ladder_a11_lin_r02,prps,1507,79,0.675135,-10,0,-10,-0.02617994,-1.50000,prps,2,637
63079,63.079,1,4004,54004,ladder_a11_lin_r02,prps,1509,81,0.693806,-17,0,-17,-0.04450589,-2.55000,prps,2,638
63084,63.084,1,4004,54004,ladder_a11_lin_r02,prps,1509,81,0.690068,-23,0,-23,-0.06021386,-3.45000,prps,2,639
63089,63.089,1,4004,54004,ladder_a11_lin_r02,prps,1506,78,0.667396,-29,0,-29,-0.07592182,-4.35000,prps,2,640
63094,63.094,1,4004,54004,ladder_a11_lin_r02,prps,1502,74,0.631358,-33,0,-33,-0.08639380,-4.95000,prps,2,641
63099,63.099,1,4004,54004,ladder_a11_lin_r02,prps,1497,69,0.589089,-37,0,-37,-0.09686577,-5.55000,prps,2,642
63104,63.104,1,4004,54004,ladder_a11_lin_r02,prps,1492,64,0.548537,-39,0,-39,-0.10210176,-5.85000,prps,2,643
63109,63.109,1,4004,54004,ladder_a11_lin_r02,prps,1489,61,0.517536,-40,0,-40,-0.10471976,-6.00000,prps,2,644
63114,63.114,1,4004,54004,ladder_a11_lin_r02,prps,1487,59,0.502830,-40,0,-40,-0.10471976,-6.00000,prps,2,645
63119,63.119,1,4004,54004,ladder_a11_lin_r02,prps,1488,60,0.509158,-40,0,-40,-0.10471976,-6.00000,prps,2,646
63124,63.124,1,4004,54004,ladder_a11_lin_r02,prps,1491,63,0.538530,-40,0,-40,-0.10471976,-6.00000,prps,2,647
63129,63.129,1,4004,54004,ladder_a11_lin_r02,prps,1497,69,0.589788,-39,0,-39,-0.10210176,-5.85000,prps,2,648
63134,63.134,1,4004,54004,ladder_a11_lin_r02,prps,1505,77,0.658544,-39,0,-39,-0.10210176,-5.85000,prps,2,649
63139,63.139,1,4004,54004,ladder_a11_lin_r02,prps,1514,86,0.737511,-39,0,-39,-0.10210176,-5.85000,prps,2,650
63144,63.144,1,4004,54004,ladder_a11_lin_r02,prps,1524,96,0.817222,-39,0,-39,-0.10210176,-5.85000,prps,2,651
63149,63.149,1,4004,54004,ladder_a11_lin_r02,prps,1532,104,0.887064,-40,0,-40,-0.10471976,-6.00000,prps,2,652
63154,63.154,1,4004,54004,ladder_a11_lin_r02,prps,1538,110,0.936525,-42,0,-42,-0.10995574,-6.30000,prps,2,653
63159,63.159,1,4004,54004,ladder_a11_lin_r02,prps,1540,112,0.956499,-46,0,-46,-0.12042772,-6.90000,prps,2,654
63164,63.164,1,4004,54004,ladder_a11_lin_r02,prps,1538,110,0.940509,-49,0,-49,-0.12828170,-7.35000,prps,2,655
63169,63.169,1,4004,54004,ladder_a11_lin_r02,prps,1532,104,0.885680,-53,0,-53,-0.13875367,-7.95000,prps,2,656
63174,63.174,1,4004,54004,ladder_a11_lin_r02,prps,1521,93,0.793333,-57,0,-57,-0.14922565,-8.55000,prps,2,657
63179,63.179,1,4004,54004,ladder_a11_lin_r02,prps,1506,78,0.669115,-59,0,-59,-0.15446164,-8.85000,prps,2,658
63184,63.184,1,4004,54004,ladder_a11_lin_r02,prps,1489,61,0.522624,-60,0,-60,-0.15707964,-9.00000,prps,2,659
63189,63.189,1,4004,54004,ladder_a11_lin_r02,prps,1471,43,0.366544,-59,0,-59,-0.15446164,-8.85000,prps,2,660
63194,63.194,1,4004,54004,ladder_a11_lin_r02,prps,1453,25,0.215386,-56,0,-56,-0.14660765,-8.40000,prps,2,661
63199,63.199,1,4004,54004,ladder_a11_lin_r02,prps,1438,10,0.083951,-51,0,-51,-0.13351768,-7.65000,prps,2,662
63204,63.204,1,4004,54004,ladder_a11_lin_r02,prps,1426,-2,-0.014301,-46,0,-46,-0.12042772,-6.90000,prps,2,663
63209,63.209,1,4004,54004,ladder_a11_lin_r02,prps,1420,-8,-0.068800,-39,0,-39,-0.10210176,-5.85000,prps,2,664
63214,63.214,1,4004,54004,ladder_a11_lin_r02,prps,1419,-9,-0.073137,-31,0,-31,-0.08115781,-4.65000,prps,2,665
63219,63.219,1,4004,54004,ladder_a11_lin_r02,prps,1425,-3,-0.025913,-24,0,-24,-0.06283185,-3.60000,prps,2,666
63224,63.224,1,4004,54004,ladder_a11_lin_r02,prps,1436,8,0.068950,-17,0,-17,-0.04450589,-2.55000,prps,2,667
63229,63.229,1,4004,54004,ladder_a11_lin_r02,prps,1452,24,0.202485,-11,0,-11,-0.02879793,-1.65000,prps,2,668
63234,63.234,1,4004,54004,ladder_a11_lin_r02,prps,1470,42,0.361535,-8,0,-8,-0.02094395,-1.20000,prps,2,669
63239,63.239,1,4004,54004,ladder_a11_lin_r02,prps,1490,62,0.530079,-7,0,-7,-0.01832596,-1.05000,prps,2,670
63244,63.244,1,4004,54004,ladder_a11_lin_r02,prps,1509,81,0.690916,-8,0,-8,-0.02094395,-1.20000,prps,2,671
63249,63.249,1,4004,54004,ladder_a11_lin_r02,prps,1525,97,0.827498,-12,0,-12,-0.03141592,-1.80000,prps,2,672
63254,63.254,1,4004,54004,ladder_a11_lin_r02,prps,1536,108,0.925723,-17,0,-17,-0.04450589,-2.55000,prps,2,673
63259,63.259,1,4004,54004,ladder_a11_lin_r02,prps,1542,114,0.975473,-23,0,-23,-0.06021386,-3.45000,prps,2,674
63264,63.264,1,4004,54004,ladder_a11_lin_r02,prps,1542,114,0.971724,-31,0,-31,-0.08115781,-4.65000,prps,2,675
63269,63.269,1,4004,54004,ladder_a11_lin_r02,prps,1535,107,0.915109,-38,0,-38,-0.09948376,-5.70000,prps,2,676
63274,63.274,1,4004,54004,ladder_a11_lin_r02,prps,1523,95,0.811850,-45,0,-45,-0.11780972,-6.75000,prps,2,677
63279,63.279,1,4004,54004,ladder_a11_lin_r02,prps,1507,79,0.673077,-50,0,-50,-0.13089970,-7.50000,prps,2,678
63284,63.284,1,4004,54004,ladder_a11_lin_r02,prps,1488,60,0.513606,-53,0,-53,-0.13875367,-7.95000,prps,2,679
63289,63.289,1,4004,54004,ladder_a11_lin_r02,prps,1469,41,0.350311,-54,0,-54,-0.14137166,-8.10000,prps,2,680
63294,63.294,1,4004,54004,ladder_a11_lin_r02,prps,1451,23,0.200274,-53,0,-53,-0.13875367,-7.95000,prps,2,681
63299,63.299,1,4004,54004,ladder_a11_lin_r02,prps,1437,9,0.078928,-49,0,-49,-0.12828170,-7.35000,prps,2,682
63304,63.304,1,4004,54004,ladder_a11_lin_r02,prps,1428,0,-0.001608,-44,0,-44,-0.11519173,-6.60000,prps,2,683
63309,63.309,1,4004,54004,ladder_a11_lin_r02,prps,1424,-4,-0.033814,-37,0,-37,-0.09686577,-5.55000,prps,2,684
63314,63.314,1,4004,54004,ladder_a11_lin_r02,prps,1426,-2,-0.015529,-30,0,-30,-0.07853982,-4.50000,prps,2,685
63319,63.319,1,4004,54004,ladder_a11_lin_r02,prps,1434,6,0.049891,-23,0,-23,-0.06021386,-3.45000,prps,2,686
63324,63.324,1,4004,54004,ladder_a11_lin_r02,prps,1446,18,0.154026,-17,0,-17,-0.04450589,-2.55000,prps,2,687
63329,63.329,1,4004,54004,ladder_a11_lin_r02,prps,1461,33,0.284400,-12,0,-12,-0.03141592,-1.80000,prps,2,688
63334,63.334,1,4004,54004,ladder_a11_lin_r02,prps,1478,50,0.425918,-10,0,-10,-0.02617994,-1.50000,prps,2,689
63339,63.339,1,4004,54004,ladder_a11_lin_r02,prps,1494,66,0.562572,-10,0,-10,-0.02617994,-1.50000,prps,2,690
63344,63.344,1,4004,54004,ladder_a11_lin_r02,prps,1507,79,0.679211,-12,0,-12,-0.03141592,-1.80000,prps,2,691
63349,63.349,1,4004,54004,ladder_a11_lin_r02,prps,1517,89,0.763187,-15,0,-15,-0.03926991,-2.25000,prps,2,692
63354,63.354,1,4004,54004,ladder_a11_lin_r02,prps,1522,94,0.805686,-20,0,-20,-0.05235988,-3.00000,prps,2,693
63359,63.359,1,4004,54004,ladder_a11_lin_r02,prps,1522,94,0.802608,-26,0,-26,-0.06806784,-3.90000,prps,2,694
63364,63.364,1,4004,54004,ladder_a11_lin_r02,prps,1516,88,0.754910,-32,0,-32,-0.08377580,-4.80000,prps,2,695
63369,63.369,1,4004,54004,ladder_a11_lin_r02,prps,1506,78,0.668383,-37,0,-37,-0.09686577,-5.55000,prps,2,696
63374,63.374,1,4004,54004,ladder_a11_lin_r02,prps,1493,65,0.552914,-42,0,-42,-0.10995574,-6.30000,prps,2,697
63379,63.379,1,4004,54004,ladder_a11_lin_r02,prps,1477,49,0.421314,-44,0,-44,-0.11519173,-6.60000,prps,2,698
63384,63.384,1,4004,54004,ladder_a11_lin_r02,prps,1462,34,0.287869,-44,0,-44,-0.11519173,-6.60000,prps,2,699
63389,63.389,1,4004,54004,ladder_a11_lin_r02,prps,1448,20,0.166777,-44,0,-44,-0.11519173,-6.60000,prps,2,700
63394,63.394,1,4004,54004,ladder_a11_lin_r02,prps,1436,8,0.070646,-41,0,-41,-0.10733775,-6.15000,prps,2,701
63399,63.399,1,4004,54004,ladder_a11_lin_r02,prps,1429,1,0.009218,-37,0,-37,-0.09686577,-5.55000,prps,2,702
63404,63.404,1,4004,54004,ladder_a11_lin_r02,prps,1427,-1,-0.011550,-31,0,-31,-0.08115781,-4.65000,prps,2,703
63409,63.409,1,4004,54004,ladder_a11_lin_r02,prps,1429,1,0.010026,-24,0,-24,-0.06283185,-3.60000,prps,2,704
63414,63.414,1,4004,54004,ladder_a11_lin_r02,prps,1436,8,0.071353,-19,0,-19,-0.04974188,-2.85000,prps,2,705
63419,63.419,1,4004,54004,ladder_a11_lin_r02,prps,1447,19,0.165995,-14,0,-14,-0.03665191,-2.10000,prps,2,706
63424,63.424,1,4004,54004,ladder_a11_lin_r02,prps,1461,33,0.284496,-10,0,-10,-0.02617994,-1.50000,prps,2,707
63429,63.429,1,4004,54004,ladder_a11_lin_r02,prps,1477,49,0.415462,-8,0,-8,-0.02094395,-1.20000,prps,2,708
63434,63.434,1,4004,54004,ladder_a11_lin_r02,prps,1492,64,0.546782,-9,0,-9,-0.02356194,-1.35000,prps,2,709
63439,63.439,1,4004,54004,ladder_a11_lin_r02,prps,1506,78,0.666853,-11,0,-11,-0.02879793,-1.65000,prps,2,710
63444,63.444,1,4004,54004,ladder_a11_lin_r02,prps,1518,90,0.765656,-14,0,-14,-0.03665191,-2.10000,prps,2,711
63449,63.449,1,4004,54004,ladder_a11_lin_r02,prps,1526,98,0.835603,-20,0,-20,-0.05235988,-3.00000,prps,2,712
63454,63.454,1,4004,54004,ladder_a11_lin_r02,prps,1530,102,0.872069,-26,0,-26,-0.06806784,-3.90000,prps,2,713
63459,63.459,1,4004,54004,ladder_a11_lin_r02,prps,1530,102,0.873581,-32,0,-32,-0.08377580,-4.80000,prps,2,714
63464,63.464,1,4004,54004,ladder_a11_lin_r02,prps,1526,98,0.841675,-38,0,-38,-0.09948376,-5.70000,prps,2,715
63469,63.469,1,4004,54004,ladder_a11_lin_r02,prps,1519,91,0.780467,-43,0,-43,-0.11257374,-6.45000,prps,2,716
63474,63.474,1,4004,54004,ladder_a11_lin_r02,prps,1509,81,0.696016,-47,0,-47,-0.12304571,-7.05000,prps,2,717
63479,63.479,1,4004,54004,ladder_a11_lin_r02,prps,1498,70,0.595569,-50,0,-50,-0.13089970,-7.50000,prps,2,718
63484,63.484,1,4004,54004,ladder_a11_lin_r02,prps,1485,57,0.486782,-51,0,-51,-0.13351768,-7.65000,prps,2,719
63489,63.489,1,4004,54004,ladder_a11_lin_r02,prps,1472,44,0.377003,-51,0,-51,-0.13351768,-7.65000,prps,2,720
63494,63.494,1,4004,54004,ladder_a11_lin_r02,prps,1460,32,0.272694,-49,0,-49,-0.12828170,-7.35000,prps,2,721
63499,63.499,1,4004,54004,ladder_a11_lin_r02,prps,1449,21,0.179029,-46,0,-46,-0.12042772,-6.90000,prps,2,722
63504,63.504,1,4004,54004,ladder_a11_lin_r02,prps,1440,12,0.099687,-42,0,-42,-0.10995574,-6.30000,prps,2,723
63509,63.509,1,4004,54004,ladder_a11_lin_r02,prps,1432,4,0.036831,-36,0,-36,-0.09424778,-5.40000,prps,2,724
63514,63.514,1,4004,54004,ladder_a11_lin_r02,prps,1427,-1,-0.008760,-30,0,-30,-0.07853982,-4.50000,prps,2,725
63519,63.519,1,4004,54004,ladder_a11_lin_r02,prps,1424,-4,-0.037453,-24,0,-24,-0.06283185,-3.60000,prps,2,726
63524,63.524,1,4004,54004,ladder_a11_lin_r02,prps,1422,-6,-0.050471,-19,0,-19,-0.04974188,-2.85000,prps,2,727
63529,63.529,1,4004,54004,ladder_a11_lin_r02,prps,1422,-6,-0.049598,-13,0,-13,-0.03403392,-1.95000,prps,2,728
63534,63.534,1,4004,54004,ladder_a11_lin_r02,prps,1424,-4,-0.036935,-9,0,-9,-0.02356194,-1.35000,prps,2,729
63539,63.539,1,4004,54004,ladder_a11_lin_r02,prps,1426,-2,-0.014709,-6,0,-6,-0.01570796,-0.90000,prps,2,730
63544,63.544,1,4004,54004,ladder_a11_lin_r02,prps,1430,2,0.014836,-3,0,-3,-0.00785398,-0.45000,prps,2,731
63549,63.549,1,4004,54004,ladder_a11_lin_r02,prps,1434,6,0.049476,0,0,0,0.00000000,0.00000,prps,2,732
63554,63.554,1,4004,54004,ladder_a11_lin_r02,prps,1438,10,0.087008,1,0,1,0.00261799,0.15000,prps,2,733
63559,63.559,1,4004,54004,ladder_a11_lin_r02,prps,1443,15,0.125224,1,0,1,0.00261799,0.15000,prps,2,734
63564,63.564,1,4004,54004,ladder_a11_lin_r02,prps,1447,19,0.161910,0,0,0,0.00000000,0.00000,prps,2,735
63569,63.569,1,4004,54004,ladder_a11_lin_r02,prps,1451,23,0.194880,0,0,0,0.00000000,0.00000,prps,2,736
63574,63.574,1,4004,54004,ladder_a11_lin_r02,prps,1454,26,0.222064,-2,0,-2,-0.00523599,-0.30000,prps,2,737
63579,63.579,1,4004,54004,ladder_a11_lin_r02,prps,1456,28,0.241662,-3,0,-3,-0.00785398,-0.45000,prps,2,738
63584,63.584,1,4004,54004,ladder_a11_lin_r02,prps,1458,30,0.252333,-6,0,-6,-0.01570796,-0.90000,prps,2,739
63589,63.589,1,4004,54004,ladder_a11_lin_r02,prps,1458,30,0.253404,-7,0,-7,-0.01832596,-1.05000,prps,2,740
63594,63.594,1,4004,54004,ladder_a11_lin_r02,prps,1457,29,0.245061,-9,0,-9,-0.02356194,-1.35000,prps,2,741
63599,63.599,1,4004,54004,ladder_a11_lin_r02,prps,1455,27,0.228474,-11,0,-11,-0.02879793,-1.65000,prps,2,742
63604,63.604,1,4004,54004,ladder_a11_lin_r02,prps,1452,24,0.205835,-13,0,-13,-0.03403392,-1.95000,prps,2,743
63609,63.609,1,4004,54004,ladder_a11_lin_r02,prps,1449,21,0.180263,-14,0,-14,-0.03665191,-2.10000,prps,2,744
63614,63.614,1,4004,54004,ladder_a11_lin_r02,prps,1446,18,0.155587,-14,0,-14,-0.03665191,-2.10000,prps,2,745
63619,63.619,1,4004,54004,ladder_a11_lin_r02,prps,1444,16,0.135993,-14,0,-14,-0.03665191,-2.10000,prps,2,746
63624,63.624,1,4004,54004,ladder_a11_lin_r02,prps,1443,15,0.125593,-14,0,-14,-0.03665191,-2.10000,prps,2,747
63629,63.629,1,4004,54004,ladder_a11_lin_r02,prps,1443,15,0.127924,-14,0,-14,-0.03665191,-2.10000,prps,2,748
63634,63.634,1,4004,54004,ladder_a11_lin_r02,prps,1445,17,0.145469,-14,0,-14,-0.03665191,-2.10000,prps,2,749
63639,63.639,1,4004,54004,ladder_a11_lin_r02,prps,1449,21,0.179244,-13,0,-13,-0.03403392,-1.95000,prps,2,750
63644,63.644,1,4004,54004,ladder_a11_lin_r02,prps,1455,27,0.228510,-12,0,-12,-0.03141592,-1.80000,prps,2,751
63649,63.649,1,4004,54004,ladder_a11_lin_r02,prps,1462,34,0.290669,-11,0,-11,-0.02879793,-1.65000,prps,2,752
63654,63.654,1,4004,54004,ladder_a11_lin_r02,prps,1470,42,0.361357,-12,0,-12,-0.03141592,-1.80000,prps,2,753
63659,63.659,1,4004,54004,ladder_a11_lin_r02,prps,1479,51,0.434757,-12,0,-12,-0.03141592,-1.80000,prps,2,754
63664,63.664,1,4004,54004,ladder_a11_lin_r02,prps,1487,59,0.504091,-13,0,-13,-0.03403392,-1.95000,prps,2,755
63669,63.669,1,4004,54004,ladder_a11_lin_r02,prps,1494,66,0.562261,-16,0,-16,-0.04188790,-2.40000,prps,2,756
63674,63.674,1,4004,54004,ladder_a11_lin_r02,prps,1499,71,0.602569,-19,0,-19,-0.04974188,-2.85000,prps,2,757
63679,63.679,1,4004,54004,ladder_a11_lin_r02,prps,1500,72,0.619436,-23,0,-23,-0.06021386,-3.45000,prps,2,758
63684,63.684,1,4004,54004,ladder_a11_lin_r02,prps,1499,71,0.609037,-27,0,-27,-0.07068583,-4.05000,prps,2,759
63689,63.689,1,4004,54004,ladder_a11_lin_r02,prps,1495,67,0.569785,-30,0,-30,-0.07853982,-4.50000,prps,2,760
63694,63.694,1,4004,54004,ladder_a11_lin_r02,prps,1487,59,0.502593,-33,0,-33,-0.08639380,-4.95000,prps,2,761
63699,63.699,1,4004,54004,ladder_a11_lin_r02,prps,1476,48,0.410884,-35,0,-35,-0.09162979,-5.25000,prps,2,762
63704,63.704,1,4004,54004,ladder_a11_lin_r02,prps,1463,35,0.300346,-36,0,-36,-0.09424778,-5.40000,prps,2,763
63709,63.709,1,4004,54004,ladder_a11_lin_r02,prps,1449,21,0.178441,-36,0,-36,-0.09424778,-5.40000,prps,2,764
63714,63.714,1,4004,54004,ladder_a11_lin_r02,prps,1434,6,0.053723,-35,0,-35,-0.09162979,-5.25000,prps,2,765
63719,63.719,1,4004,54004,ladder_a11_lin_r02,prps,1420,-8,-0.064958,-31,0,-31,-0.08115781,-4.65000,prps,2,766
63724,63.724,1,4004,54004,ladder_a11_lin_r02,prps,1408,-20,-0.169292,-27,0,-27,-0.07068583,-4.05000,prps,2,767
63729,63.729,1,4004,54004,ladder_a11_lin_r02,prps,1398,-30,-0.252288,-21,0,-21,-0.05497787,-3.15000,prps,2,768
63734,63.734,1,4004,54004,ladder_a11_lin_r02,prps,1392,-36,-0.308924,-14,0,-14,-0.03665191,-2.10000,prps,2,769
63739,63.739,1,4004,54004,ladder_a11_lin_r02,prps,1389,-39,-0.336582,-8,0,-8,-0.02094395,-1.20000,prps,2,770
63744,63.744,1,4004,54004,ladder_a11_lin_r02,prps,1389,-39,-0.335247,-1,0,-1,-0.00261799,-0.15000,prps,2,771
63749,63.749,1,4004,54004,ladder_a11_lin_r02,prps,1392,-36,-0.307437,5,0,5,0.01308997,0.75000,prps,2,772
63754,63.754,1,4004,54004,ladder_a11_lin_r02,prps,1398,-30,-0.257886,10,0,10,0.02617994,1.50000,prps,2,773
63759,63.759,1,4004,54004,ladder_a11_lin_r02,prps,1405,-23,-0.193017,14,0,14,0.03665191,2.10000,prps,2,774
63764,63.764,1,4004,54004,ladder_a11_lin_r02,prps,1414,-14,-0.120266,17,0,17,0.04450589,2.55000,prps,2,775
63769,63.769,1,4004,54004,ladder_a11_lin_r02,prps,1422,-6,-0.047339,18,0,18,0.04712389,2.70000,prps,2,776
63774,63.774,1,4004,54004,ladder_a11_lin_r02,prps,1430,2,0.018526,19,0,19,0.04974188,2.85000,prps,2,777
63779,63.779,1,4004,54004,ladder_a11_lin_r02,prps,1436,8,0.071215,18,0,18,0.04712389,2.70000,prps,2,778
63784,63.784,1,4004,54004,ladder_a11_lin_r02,prps,1440,12,0.106237,16,0,16,0.04188790,2.40000,prps,2,779
63789,63.789,1,4004,54004,ladder_a11_lin_r02,prps,1442,14,0.121038,13,0,13,0.03403392,1.95000,prps,2,780
63794,63.794,1,4004,54004,ladder_a11_lin_r02,prps,1441,13,0.115104,8,0,8,0.02094395,1.20000,prps,2,781
63799,63.799,1,4004,54004,ladder_a11_lin_r02,prps,1439,11,0.089854,5,0,5,0.01308997,0.75000,prps,2,782
63804,63.804,1,4004,54004,ladder_a11_lin_r02,prps,1434,6,0.048351,3,0,3,0.00785398,0.45000,prps,2,783
63809,63.809,1,4004,54004,ladder_a11_lin_r02,prps,1427,-1,-0.005120,1,0,1,0.00261799,0.15000,prps,2,784
63814,63.814,1,4004,54004,ladder_a11_lin_r02,prps,1420,-8,-0.065557,-1,0,-1,-0.00261799,-0.15000,prps,2,785
63819,63.819,1,4004,54004,ladder_a11_lin_r02,prps,1413,-15,-0.127767,-1,0,-1,-0.00261799,-0.15000,prps,2,786
63824,63.824,1,4004,54004,ladder_a11_lin_r02,prps,1406,-22,-0.186855,-1,0,-1,-0.00261799,-0.15000,prps,2,787
63829,63.829,1,4004,54004,ladder_a11_lin_r02,prps,1400,-28,-0.238635,0,0,0,0.00000000,0.00000,prps,2,788
63834,63.834,1,4004,54004,ladder_a11_lin_r02,prps,1395,-33,-0.279921,3,0,3,0.00785398,0.45000,prps,2,789
63839,63.839,1,4004,54004,ladder_a11_lin_r02,prps,1392,-36,-0.308690,7,0,7,0.01832596,1.05000,prps,2,790
63844,63.844,1,4004,54004,ladder_a11_lin_r02,prps,1390,-38,-0.324116,10,0,10,0.02617994,1.50000,prps,2,791
63849,63.849,1,4004,54004,ladder_a11_lin_r02,prps,1390,-38,-0.326488,14,0,14,0.03665191,2.10000,prps,2,792
63854,63.854,1,4004,54004,ladder_a11_lin_r02,prps,1391,-37,-0.317032,17,0,17,0.04450589,2.55000,prps,2,793
63859,63.859,1,4004,54004,ladder_a11_lin_r02,prps,1393,-35,-0.297692,19,0,19,0.04974188,2.85000,prps,2,794
63864,63.864,1,4004,54004,ladder_a11_lin_r02,prps,1396,-32,-0.270868,22,0,22,0.05759586,3.30000,prps,2,795
63869,63.869,1,4004,54004,ladder_a11_lin_r02,prps,1400,-28,-0.239170,23,0,23,0.06021386,3.45000,prps,2,796
63874,63.874,1,4004,54004,ladder_a11_lin_r02,prps,1404,-24,-0.205202,23,0,23,0.06021386,3.45000,prps,2,797
63879,63.879,1,4004,54004,ladder_a11_lin_r02,prps,1408,-20,-0.171383,23,0,23,0.06021386,3.45000,prps,2,798
63884,63.884,1,4004,54004,ladder_a11_lin_r02,prps,1412,-16,-0.139812,23,0,23,0.06021386,3.45000,prps,2,799
63889,63.889,1,4004,54004,ladder_a11_lin_r02,prps,1415,-13,-0.112189,23,0,23,0.06021386,3.45000,prps,2,800
63894,63.894,1,4004,54004,ladder_a11_lin_r02,prps,1417,-11,-0.089753,21,0,21,0.05497787,3.15000,prps,2,801
63899,63.899,1,4004,54004,ladder_a11_lin_r02,prps,1419,-9,-0.073263,19,0,19,0.04974188,2.85000,prps,2,802
63904,63.904,1,4004,54004,ladder_a11_lin_r02,prps,1421,-7,-0.062978,17,0,17,0.04450589,2.55000,prps,2,803
63909,63.909,1,4004,54004,ladder_a11_lin_r02,prps,1421,-7,-0.058654,15,0,15,0.03926991,2.25000,prps,2,804
63914,63.914,1,4004,54004,ladder_a11_lin_r02,prps,1421,-7,-0.059542,13,0,13,0.03403392,1.95000,prps,2,805
63919,63.919,1,4004,54004,ladder_a11_lin_r02,prps,1420,-8,-0.064397,12,0,12,0.03141592,1.80000,prps,2,806
63924,63.924,1,4004,54004,ladder_a11_lin_r02,prps,1420,-8,-0.071508,11,0,11,0.02879793,1.65000,prps,2,807
63929,63.929,1,4004,54004,ladder_a11_lin_r02,prps,1419,-9,-0.078754,10,0,10,0.02617994,1.50000,prps,2,808
63934,63.934,1,4004,54004,ladder_a11_lin_r02,prps,1418,-10,-0.083696,9,0,9,0.02356194,1.35000,prps,2,809
63939,63.939,1,4004,54004,ladder_a11_lin_r02,prps,1418,-10,-0.083724,9,0,9,0.02356194,1.35000,prps,2,810
63944,63.944,1,4004,54004,ladder_a11_lin_r02,prps,1419,-9,-0.076237,9,0,9,0.02356194,1.35000,prps,2,811
63949,63.949,1,4004,54004,ladder_a11_lin_r02,prps,1421,-7,-0.058870,9,0,9,0.02356194,1.35000,prps,2,812
63954,63.954,1,4004,54004,ladder_a11_lin_r02,prps,1425,-3,-0.029739,9,0,9,0.02356194,1.35000,prps,2,813
63959,63.959,1,4004,54004,ladder_a11_lin_r02,prps,1429,1,0.012322,9,0,9,0.02356194,1.35000,prps,2,814
63964,63.964,1,4004,54004,ladder_a11_lin_r02,prps,1436,8,0.067544,9,0,9,0.02356194,1.35000,prps,2,815
63969,63.969,1,4004,54004,ladder_a11_lin_r02,prps,1444,16,0.135082,8,0,8,0.02094395,1.20000,prps,2,816
63974,63.974,1,4004,54004,ladder_a11_lin_r02,prps,1453,25,0.212951,6,0,6,0.01570796,0.90000,prps,2,817
63979,63.979,1,4004,54004,ladder_a11_lin_r02,prps,1463,35,0.298073,4,0,4,0.01047198,0.60000,prps,2,818
63984,63.984,1,4004,54004,ladder_a11_lin_r02,prps,1473,45,0.386442,1,0,1,0.00261799,0.15000,prps,2,819
63989,63.989,1,4004,54004,ladder_a11_lin_r02,prps,1483,55,0.473394,-2,0,-2,-0.00523599,-0.30000,prps,2,820
63994,63.994,1,4004,54004,ladder_a11_lin_r02,prps,1493,65,0.553968,-7,0,-7,-0.01832596,-1.05000,prps,2,821
63999,63.999,1,4004,54004,ladder_a11_lin_r02,prps,1501,73,0.623323,-11,0,-11,-0.02879793,-1.65000,prps,2,822
64004,64.004,1,4004,54004,ladder_a11_lin_r02,prps,1507,79,0.677169,-17,0,-17,-0.04450589,-2.55000,prps,2,823
64009,64.009,1,4004,54004,ladder_a11_lin_r02,prps,1511,83,0.712167,-22,0,-22,-0.05759586,-3.30000,prps,2,824
64014,64.014,1,4004,54004,ladder_a11_lin_r02,prps,1513,85,0.726246,-27,0,-27,-0.07068583,-4.05000,prps,2,825
64019,64.019,1,4004,54004,ladder_a11_lin_r02,prps,1512,84,0.718807,-32,0,-32,-0.08377580,-4.80000,prps,2,826
64024,64.024,1,4004,54004,ladder_a11_lin_r02,prps,1509,81,0.690780,-36,0,-36,-0.09424778,-5.40000,prps,2,827
64029,64.029,1,4004,54004,ladder_a11_lin_r02,prps,1503,75,0.644535,-39,0,-39,-0.10210176,-5.85000,prps,2,828
64034,64.034,1,4004,54004,ladder_a11_lin_r02,prps,1496,68,0.583639,-42,0,-42,-0.10995574,-6.30000,prps,2,829
64039,64.039,1,4004,54004,ladder_a11_lin_r02,prps,1488,60,0.512504,-43,0,-43,-0.11257374,-6.45000,prps,2,830
64044,64.044,1,4004,54004,ladder_a11_lin_r02,prps,1479,51,0.435956,-43,0,-43,-0.11257374,-6.45000,prps,2,831
64049,64.049,1,4004,54004,ladder_a11_lin_r02,prps,1470,42,0.358773,-43,0,-43,-0.11257374,-6.45000,prps,2,832
64054,64.054,1,4004,54004,ladder_a11_lin_r02,prps,1461,33,0.285263,-42,0,-42,-0.10995574,-6.30000,prps,2,833
64059,64.059,1,4004,54004,ladder_a11_lin_r02,prps,1454,26,0.218901,-40,0,-40,-0.10471976,-6.00000,prps,2,834
64064,64.064,1,4004,54004,ladder_a11_lin_r02,prps,1447,19,0.162103,-36,0,-36,-0.09424778,-5.40000,prps,2,835
64069,64.069,1,4004,54004,ladder_a11_lin_r02,prps,1442,14,0.116123,-32,0,-32,-0.08377580,-4.80000,prps,2,836
64074,64.074,1,4004,54004,ladder_a11_lin_r02,prps,1437,9,0.081106,-27,0,-27,-0.07068583,-4.05000,prps,2,837
64079,64.079,1,4004,54004,ladder_a11_lin_r02,prps,1435,7,0.056265,-23,0,-23,-0.06021386,-3.45000,prps,2,838
64084,64.084,1,4004,54004,ladder_a11_lin_r02,prps,1433,5,0.040155,-19,0,-19,-0.04974188,-2.85000,prps,2,839
64089,64.089,1,4004,54004,ladder_a11_lin_r02,prps,1432,4,0.031002,-15,0,-15,-0.03926991,-2.25000,prps,2,840
64094,64.094,1,4004,54004,ladder_a11_lin_r02,prps,1431,3,0.027032,-12,0,-12,-0.03141592,-1.80000,prps,2,841
64099,64.099,1,4004,54004,ladder_a11_lin_r02,prps,1431,3,0.026742,-9,0,-9,-0.02356194,-1.35000,prps,2,842
64104,64.104,1,4004,54004,ladder_a11_lin_r02,prps,1431,3,0.029099,-7,0,-7,-0.01832596,-1.05000,prps,2,843
64109,64.109,1,4004,54004,ladder_a11_lin_r02,prps,1432,4,0.033600,-5,0,-5,-0.01308997,-0.75000,prps,2,844
64114,64.114,1,4004,54004,ladder_a11_lin_r02,prps,1433,5,0.040227,-4,0,-4,-0.01047198,-0.60000,prps,2,845
64119,64.119,1,4004,54004,ladder_a11_lin_r02,prps,1434,6,0.049286,-3,0,-3,-0.00785398,-0.45000,prps,2,846
64124,64.124,1,4004,54004,ladder_a11_lin_r02,prps,1435,7,0.061161,-3,0,-3,-0.00785398,-0.45000,prps,2,847
64129,64.129,1,4004,54004,ladder_a11_lin_r02,prps,1437,9,0.076046,-3,0,-3,-0.00785398,-0.45000,prps,2,848
64134,64.134,1,4004,54004,ladder_a11_lin_r02,prps,1439,11,0.093697,-3,0,-3,-0.00785398,-0.45000,prps,2,849
64139,64.139,1,4004,54004,ladder_a11_lin_r02,prps,1441,13,0.113249,-3,0,-3,-0.00785398,-0.45000,prps,2,850
64144,64.144,1,4004,54004,ladder_a11_lin_r02,prps,1444,16,0.133153,-3,0,-3,-0.00785398,-0.45000,prps,2,851
64149,64.149,1,4004,54004,ladder_a11_lin_r02,prps,1446,18,0.151259,-3,0,-3,-0.00785398,-0.45000,prps,2,852
64154,64.154,1,4004,54004,ladder_a11_lin_r02,prps,1447,19,0.165023,-3,0,-3,-0.00785398,-0.45000,prps,2,853
64159,64.159,1,4004,54004,ladder_a11_lin_r02,prps,1448,20,0.171857,-4,0,-4,-0.01047198,-0.60000,prps,2,854
64164,64.164,1,4004,54004,ladder_a11_lin_r02,prps,1448,20,0.169536,-5,0,-5,-0.01308997,-0.75000,prps,2,855
64169,64.169,1,4004,54004,ladder_a11_lin_r02,prps,1446,18,0.156635,-6,0,-6,-0.01570796,-0.90000,prps,2,856
64174,64.174,1,4004,54004,ladder_a11_lin_r02,prps,1444,16,0.132904,-7,0,-7,-0.01832596,-1.05000,prps,2,857
64179,64.179,1,4004,54004,ladder_a11_lin_r02,prps,1440,12,0.099525,-7,0,-7,-0.01832596,-1.05000,prps,2,858
64184,64.184,1,4004,54004,ladder_a11_lin_r02,prps,1435,7,0.059186,-7,0,-7,-0.01832596,-1.05000,prps,2,859
64189,64.189,1,4004,54004,ladder_a11_lin_r02,prps,1430,2,0.015943,-7,0,-7,-0.01832596,-1.05000,prps,2,860
64194,64.194,1,4004,54004,ladder_a11_lin_r02,prps,1425,-3,-0.025142,-7,0,-7,-0.01832596,-1.05000,prps,2,861
64199,64.199,1,4004,54004,ladder_a11_lin_r02,prps,1421,-7,-0.058563,-6,0,-6,-0.01570796,-0.90000,prps,2,862
64204,64.204,1,4004,54004,ladder_a11_lin_r02,prps,1419,-9,-0.079065,-4,0,-4,-0.01047198,-0.60000,prps,2,863
64209,64.209,1,4004,54004,ladder_a11_lin_r02,prps,1418,-10,-0.082402,-2,0,-2,-0.00523599,-0.30000,prps,2,864
64214,64.214,1,4004,54004,ladder_a11_lin_r02,prps,1420,-8,-0.066054,0,0,0,0.00000000,0.00000,prps,2,865
64219,64.219,1,4004,54004,ladder_a11_lin_r02,prps,1425,-3,-0.029790,2,0,2,0.00523599,0.30000,prps,2,866
64224,64.224,1,4004,54004,ladder_a11_lin_r02,prps,1431,3,0.024000,4,0,4,0.01047198,0.60000,prps,2,867
64229,64.229,1,4004,54004,ladder_a11_lin_r02,prps,1439,11,0.090284,5,0,5,0.01308997,0.75000,prps,2,868
64234,64.234,1,4004,54004,ladder_a11_lin_r02,prps,1447,19,0.161713,5,0,5,0.01308997,0.75000,prps,2,869
64239,64.239,1,4004,54004,ladder_a11_lin_r02,prps,1455,27,0.229281,4,0,4,0.01047198,0.60000,prps,2,870
64244,64.244,1,4004,54004,ladder_a11_lin_r02,prps,1461,33,0.283265,2,0,2,0.00523599,0.30000,prps,2,871
64249,64.249,1,4004,54004,ladder_a11_lin_r02,prps,1465,37,0.314356,-1,0,-1,-0.00261799,-0.15000,prps,2,872
64254,64.254,1,4004,54004,ladder_a11_lin_r02,prps,1465,37,0.314845,-3,0,-3,-0.00785398,-0.45000,prps,2,873
64259,64.259,1,4004,54004,ladder_a11_lin_r02,prps,1461,33,0.279732,-6,0,-6,-0.01570796,-0.90000,prps,2,874
64264,64.264,1,4004,54004,ladder_a11_lin_r02,prps,1452,24,0.207594,-10,0,-10,-0.02617994,-1.50000,prps,2,875
64269,64.269,1,4004,54004,ladder_a11_lin_r02,prps,1440,12,0.101107,-13,0,-13,-0.03403392,-1.95000,prps,2,876
64274,64.274,1,4004,54004,ladder_a11_lin_r02,prps,1424,-4,-0.032890,-15,0,-15,-0.03926991,-2.25000,prps,2,877
64279,64.279,1,4004,54004,ladder_a11_lin_r02,prps,1406,-22,-0.183821,-14,0,-14,-0.03665191,-2.10000,prps,2,878
64284,64.284,1,4004,54004,ladder_a11_lin_r02,prps,1388,-40,-0.338276,-13,0,-13,-0.03403392,-1.95000,prps,2,879
64289,64.289,1,4004,54004,ladder_a11_lin_r02,prps,1372,-56,-0.481315,-10,0,-10,-0.02617994,-1.50000,prps,2,880
64294,64.294,1,4004,54004,ladder_a11_lin_r02,prps,1358,-70,-0.598042,-5,0,-5,-0.01308997,-0.75000,prps,2,881
64299,64.299,1,4004,54004,ladder_a11_lin_r02,prps,1349,-79,-0.675281,2,0,2,0.00523599,0.30000,prps,2,882
64304,64.304,1,4004,54004,ladder_a11_lin_r02,prps,1346,-82,-0.703168,10,0,10,0.02617994,1.50000,prps,2,883
64309,64.309,1,4004,54004,ladder_a11_lin_r02,prps,1349,-79,-0.676445,18,0,18,0.04712389,2.70000,prps,2,884
64314,64.314,1,4004,54004,ladder_a11_lin_r02,prps,1358,-70,-0.595322,26,0,26,0.06806784,3.90000,prps,2,885
64319,64.319,1,4004,54004,ladder_a11_lin_r02,prps,1374,-54,-0.465745,32,0,32,0.08377580,4.80000,prps,2,886
64324,64.324,1,4004,54004,ladder_a11_lin_r02,prps,1393,-35,-0.299045,36,0,36,0.09424778,5.40000,prps,2,887
64329,64.329,1,4004,54004,ladder_a11_lin_r02,prps,1415,-13,-0.110950,39,0,39,0.10210176,5.85000,prps,2,888
64334,64.334,1,4004,54004,ladder_a11_lin_r02,prps,1437,9,0.079928,38,0,38,0.09948376,5.70000,prps,2,889
64339,64.339,1,4004,54004,ladder_a11_lin_r02,prps,1458,30,0.254007,36,0,36,0.09424778,5.40000,prps,2,890
64344,64.344,1,4004,54004,ladder_a11_lin_r02,prps,1474,46,0.392815,31,0,31,0.08115781,4.65000,prps,2,891
64349,64.349,1,4004,54004,ladder_a11_lin_r02,prps,1484,56,0.481027,24,0,24,0.06283185,3.60000,prps,2,892
64354,64.354,1,4004,54004,ladder_a11_lin_r02,prps,1487,59,0.508220,15,0,15,0.03926991,2.25000,prps,2,893
64359,64.359,1,4004,54004,ladder_a11_lin_r02,prps,1483,55,0.470121,6,0,6,0.01570796,0.90000,prps,2,894
64364,64.364,1,4004,54004,ladder_a11_lin_r02,prps,1471,43,0.369218,-2,0,-2,-0.00523599,-0.30000,prps,2,895
64369,64.369,1,4004,54004,ladder_a11_lin_r02,prps,1453,25,0.214625,-9,0,-9,-0.02356194,-1.35000,prps,2,896
64374,64.374,1,4004,54004,ladder_a11_lin_r02,prps,1430,2,0.021206,-14,0,-14,-0.03665191,-2.10000,prps,2,897
64379,64.379,1,4004,54004,ladder_a11_lin_r02,prps,1406,-22,-0.191956,-16,0,-16,-0.04188790,-2.40000,prps,2,898
64384,64.384,1,4004,54004,ladder_a11_lin_r02,prps,1381,-47,-0.403581,-16,0,-16,-0.04188790,-2.40000,prps,2,899
64389,64.389,1,4004,54004,ladder_a11_lin_r02,prps,1359,-69,-0.592498,-13,0,-13,-0.03403392,-1.95000,prps,2,900
64394,64.394,1,4004,54004,ladder_a11_lin_r02,prps,1341,-87,-0.739953,-8,0,-8,-0.02094395,-1.20000,prps,2,901
64399,64.399,1,4004,54004,ladder_a11_lin_r02,prps,1331,-97,-0.831682,-1,0,-1,-0.00261799,-0.15000,prps,2,902
64404,64.404,1,4004,54004,ladder_a11_lin_r02,prps,1327,-101,-0.859483,9,0,9,0.02356194,1.35000,prps,2,903
64409,64.409,1,4004,54004,ladder_a11_lin_r02,prps,1332,-96,-0.822127,19,0,19,0.04974188,2.85000,prps,2,904
64414,64.414,1,4004,54004,ladder_a11_lin_r02,prps,1343,-85,-0.725476,29,0,29,0.07592182,4.35000,prps,2,905
64419,64.419,1,4004,54004,ladder_a11_lin_r02,prps,1360,-68,-0.581806,36,0,36,0.09424778,5.40000,prps,2,906
64424,64.424,1,4004,54004,ladder_a11_lin_r02,prps,1380,-48,-0.408397,42,0,42,0.10995574,6.30000,prps,2,907
64429,64.429,1,4004,54004,ladder_a11_lin_r02,prps,1402,-26,-0.225552,45,0,45,0.11780972,6.75000,prps,2,908
64434,64.434,1,4004,54004,ladder_a11_lin_r02,prps,1422,-6,-0.054276,45,0,45,0.11780972,6.75000,prps,2,909
64439,64.439,1,4004,54004,ladder_a11_lin_r02,prps,1438,10,0.086121,42,0,42,0.10995574,6.30000,prps,2,910
64444,64.444,1,4004,54004,ladder_a11_lin_r02,prps,1449,21,0.180225,38,0,38,0.09948376,5.70000,prps,2,911
64449,64.449,1,4004,54004,ladder_a11_lin_r02,prps,1454,26,0.218257,31,0,31,0.08115781,4.65000,prps,2,912
64454,64.454,1,4004,54004,ladder_a11_lin_r02,prps,1451,23,0.197164,24,0,24,0.06283185,3.60000,prps,2,913
64459,64.459,1,4004,54004,ladder_a11_lin_r02,prps,1442,14,0.120920,17,0,17,0.04450589,2.55000,prps,2,914
64464,64.464,1,4004,54004,ladder_a11_lin_r02,prps,1428,0,0.000019,10,0,10,0.02617994,1.50000,prps,2,915
64469,64.469,1,4004,54004,ladder_a11_lin_r02,prps,1410,-18,-0.149780,5,0,5,0.01308997,0.75000,prps,2,916
64474,64.474,1,4004,54004,ladder_a11_lin_r02,prps,1392,-36,-0.309309,3,0,3,0.00785398,0.45000,prps,2,917
64479,64.479,1,4004,54004,ladder_a11_lin_r02,prps,1374,-54,-0.458229,3,0,3,0.00785398,0.45000,prps,2,918
64484,64.484,1,4004,54004,ladder_a11_lin_r02,prps,1360,-68,-0.577374,5,0,5,0.01308997,0.75000,prps,2,919
64489,64.489,1,4004,54004,ladder_a11_lin_r02,prps,1352,-76,-0.650937,8,0,8,0.02094395,1.20000,prps,2,920
64494,64.494,1,4004,54004,ladder_a11_lin_r02,prps,1350,-78,-0.668244,14,0,14,0.03665191,2.10000,prps,2,921
64499,64.499,1,4004,54004,ladder_a11_lin_r02,prps,1355,-73,-0.624904,21,0,21,0.05497787,3.15000,prps,2,922
64504,64.504,1,4004,54004,ladder_a11_lin_r02,prps,1367,-61,-0.523219,27,0,27,0.07068583,4.05000,prps,2,923
64509,64.509,1,4004,54004,ladder_a11_lin_r02,prps,1384,-44,-0.371815,33,0,33,0.08639380,4.95000,prps,2,924
64514,64.514,1,4004,54004,ladder_a11_lin_r02,prps,1406,-22,-0.184541,36,0,36,0.09424778,5.40000,prps,2,925
64519,64.519,1,4004,54004,ladder_a11_lin_r02,prps,1430,2,0.021204,37,0,37,0.09686577,5.55000,prps,2,926
64524,64.524,1,4004,54004,ladder_a11_lin_r02,prps,1455,27,0.226520,36,0,36,0.09424778,5.40000,prps,2,927
64529,64.529,1,4004,54004,ladder_a11_lin_r02,prps,1476,48,0.413172,32,0,32,0.08377580,4.80000,prps,2,928
64534,64.534,1,4004,54004,ladder_a11_lin_r02,prps,1494,66,0.565618,25,0,25,0.06544985,3.75000,prps,2,929
64539,64.539,1,4004,54004,ladder_a11_lin_r02,prps,1507,79,0.672655,17,0,17,0.04450589,2.55000,prps,2,930
64544,64.544,1,4004,54004,ladder_a11_lin_r02,prps,1513,85,0.728496,8,0,8,0.02094395,1.20000,prps,2,931
64549,64.549,1,4004,54004,ladder_a11_lin_r02,prps,1514,86,0.733167,-2,0,-2,-0.00523599,-0.30000,prps,2,932
64554,64.554,1,4004,54004,ladder_a11_lin_r02,prps,1509,81,0.692194,-11,0,-11,-0.02879793,-1.65000,prps,2,933
64559,64.559,1,4004,54004,ladder_a11_lin_r02,prps,1500,72,0.615633,-20,0,-20,-0.05235988,-3.00000,prps,2,934
64564,64.564,1,4004,54004,ladder_a11_lin_r02,prps,1488,60,0.516596,-27,0,-27,-0.07068583,-4.05000,prps,2,935
64569,64.569,1,4004,54004,ladder_a11_lin_r02,prps,1476,48,0.409463,-31,0,-31,-0.08115781,-4.65000,prps,2,936
64574,64.574,1,4004,54004,ladder_a11_lin_r02,prps,1464,36,0.308013,-34,0,-34,-0.08901179,-5.10000,prps,2,937
64579,64.579,1,4004,54004,ladder_a11_lin_r02,prps,1454,26,0.223719,-34,0,-34,-0.08901179,-5.10000,prps,2,938
64584,64.584,1,4004,54004,ladder_a11_lin_r02,prps,1447,19,0.164420,-34,0,-34,-0.08901179,-5.10000,prps,2,939
64589,64.589,1,4004,54004,ladder_a11_lin_r02,prps,1444,16,0.133516,-31,0,-31,-0.08115781,-4.65000,prps,2,940
64594,64.594,1,4004,54004,ladder_a11_lin_r02,prps,1443,15,0.129796,-28,0,-28,-0.07330382,-4.20000,prps,2,941
64599,64.599,1,4004,54004,ladder_a11_lin_r02,prps,1445,17,0.147883,-24,0,-24,-0.06283185,-3.60000,prps,2,942
64604,64.604,1,4004,54004,ladder_a11_lin_r02,prps,1449,21,0.179234,-20,0,-20,-0.05235988,-3.00000,prps,2,943
64609,64.609,1,4004,54004,ladder_a11_lin_r02,prps,1453,25,0.213543,-16,0,-16,-0.04188790,-2.40000,prps,2,944
64614,64.614,1,4004,54004,ladder_a11_lin_r02,prps,1456,28,0.240347,-14,0,-14,-0.03665191,-2.10000,prps,2,945
64619,64.619,1,4004,54004,ladder_a11_lin_r02,prps,1457,29,0.250614,-13,0,-13,-0.03403392,-1.95000,prps,2,946
64624,64.624,1,4004,54004,ladder_a11_lin_r02,prps,1456,28,0.238107,-13,0,-13,-0.03403392,-1.95000,prps,2,947
64629,64.629,1,4004,54004,ladder_a11_lin_r02,prps,1451,23,0.200321,-13,0,-13,-0.03403392,-1.95000,prps,2,948
64634,64.634,1,4004,54004,ladder_a11_lin_r02,prps,1444,16,0.138884,-13,0,-13,-0.03403392,-1.95000,prps,2,949
64639,64.639,1,4004,54004,ladder_a11_lin_r02,prps,1435,7,0.059363,-13,0,-13,-0.03403392,-1.95000,prps,2,950
64644,64.644,1,4004,54004,ladder_a11_lin_r02,prps,1425,-3,-0.029499,-13,0,-13,-0.03403392,-1.95000,prps,2,951
64649,64.649,1,4004,54004,ladder_a11_lin_r02,prps,1414,-14,-0.117001,-12,0,-12,-0.03141592,-1.80000,prps,2,952
64654,64.654,1,4004,54004,ladder_a11_lin_r02,prps,1406,-22,-0.192002,-10,0,-10,-0.02617994,-1.50000,prps,2,953
64659,64.659,1,4004,54004,ladder_a11_lin_r02,prps,1399,-29,-0.244530,-7,0,-7,-0.01832596,-1.05000,prps,2,954
64664,64.664,1,4004,54004,ladder_a11_lin_r02,prps,1397,-31,-0.267249,-3,0,-3,-0.00785398,-0.45000,prps,2,955
64669,64.669,1,4004,54004,ladder_a11_lin_r02,prps,1398,-30,-0.256597,2,0,2,0.00523599,0.30000,prps,2,956
64674,64.674,1,4004,54004,ladder_a11_lin_r02,prps,1403,-25,-0.213431,6,0,6,0.01570796,0.90000,prps,2,957
64679,64.679,1,4004,54004,ladder_a11_lin_r02,prps,1411,-17,-0.143074,10,0,10,0.02617994,1.50000,prps,2,958
64684,64.684,1,4004,54004,ladder_a11_lin_r02,prps,1422,-6,-0.054754,13,0,13,0.03403392,1.95000,prps,2,959
64689,64.689,1,4004,54004,ladder_a11_lin_r02,prps,1433,5,0.039494,15,0,15,0.03926991,2.25000,prps,2,960
64694,64.694,1,4004,54004,ladder_a11_lin_r02,prps,1443,15,0.126352,14,0,14,0.03665191,2.10000,prps,2,961
64699,64.699,1,4004,54004,ladder_a11_lin_r02,prps,1451,23,0.192942,13,0,13,0.03403392,1.95000,prps,2,962
64704,64.704,1,4004,54004,ladder_a11_lin_r02,prps,1455,27,0.228558,10,0,10,0.02617994,1.50000,prps,2,963
64709,64.709,1,4004,54004,ladder_a11_lin_r02,prps,1454,26,0.226150,6,0,6,0.01570796,0.90000,prps,2,964
64714,64.714,1,4004,54004,ladder_a11_lin_r02,prps,1449,21,0.183380,3,0,3,0.00785398,0.45000,prps,2,965
64719,64.719,1,4004,54004,ladder_a11_lin_r02,prps,1440,12,0.103096,-1,0,-1,-0.00261799,-0.15000,prps,2,966
64724,64.724,1,4004,54004,ladder_a11_lin_r02,prps,1427,-1,-0.006852,-4,0,-4,-0.01047198,-0.60000,prps,2,967
64729,64.729,1,4004,54004,ladder_a11_lin_r02,prps,1412,-16,-0.134449,-6,0,-6,-0.01570796,-0.90000,prps,2,968
64734,64.734,1,4004,54004,ladder_a11_lin_r02,prps,1397,-31,-0.264905,-6,0,-6,-0.01570796,-0.90000,prps,2,969
64739,64.739,1,4004,54004,ladder_a11_lin_r02,prps,1383,-45,-0.382440,-5,0,-5,-0.01308997,-0.75000,prps,2,970
64744,64.744,1,4004,54004,ladder_a11_lin_r02,prps,1373,-55,-0.472244,-2,0,-2,-0.00523599,-0.30000,prps,2,971
64749,64.749,1,4004,54004,ladder_a11_lin_r02,prps,1367,-61,-0.522368,4,0,4,0.01047198,0.60000,prps,2,972
64754,64.754,1,4004,54004,ladder_a11_lin_r02,prps,1367,-61,-0.525315,10,0,10,0.02617994,1.50000,prps,2,973
64759,64.759,1,4004,54004,ladder_a11_lin_r02,prps,1372,-56,-0.479111,16,0,16,0.04188790,2.40000,prps,2,974
64764,64.764,1,4004,54004,ladder_a11_lin_r02,prps,1383,-45,-0.387726,22,0,22,0.05759586,3.30000,prps,2,975
64769,64.769,1,4004,54004,ladder_a11_lin_r02,prps,1397,-31,-0.260772,26,0,26,0.06806784,3.90000,prps,2,976
64774,64.774,1,4004,54004,ladder_a11_lin_r02,prps,1415,-13,-0.112499,29,0,29,0.07592182,4.35000,prps,2,977
64779,64.779,1,4004,54004,ladder_a11_lin_r02,prps,1433,5,0.039790,30,0,30,0.07853982,4.50000,prps,2,978
64784,64.784,1,4004,54004,ladder_a11_lin_r02,prps,1449,21,0.177743,29,0,29,0.07592182,4.35000,prps,2,979
64789,64.789,1,4004,54004,ladder_a11_lin_r02,prps,1461,33,0.284126,26,0,26,0.06806784,3.90000,prps,2,980
64794,64.794,1,4004,54004,ladder_a11_lin_r02,prps,1468,40,0.344906,20,0,20,0.05235988,3.00000,prps,2,981
64799,64.799,1,4004,54004,ladder_a11_lin_r02,prps,1469,41,0.350999,14,0,14,0.03665191,2.10000,prps,2,982
64804,64.804,1,4004,54004,ladder_a11_lin_r02,prps,1463,35,0.299469,6,0,6,0.01570796,0.90000,prps,2,983
64809,64.809,1,4004,54004,ladder_a11_lin_r02,prps,1451,23,0.194018,0,0,0,0.00000000,0.00000,prps,2,984
64814,64.814,1,4004,54004,ladder_a11_lin_r02,prps,1433,5,0.044721,-5,0,-5,-0.01308997,-0.75000,prps,2,985
64819,64.819,1,4004,54004,ladder_a11_lin_r02,prps,1412,-16,-0.132991,-8,0,-8,-0.02094395,-1.20000,prps,2,986
64824,64.824,1,4004,54004,ladder_a11_lin_r02,prps,1391,-37,-0.319978,-9,0,-9,-0.02356194,-1.35000,prps,2,987
64829,64.829,1,4004,54004,ladder_a11_lin_r02,prps,1370,-58,-0.495484,-7,0,-7,-0.01832596,-1.05000,prps,2,988
64834,64.834,1,4004,54004,ladder_a11_lin_r02,prps,1353,-75,-0.639439,-5,0,-5,-0.01308997,-0.75000,prps,2,989
64839,64.839,1,4004,54004,ladder_a11_lin_r02,prps,1342,-86,-0.734701,2,0,2,0.00523599,0.30000,prps,2,990
64844,64.844,1,4004,54004,ladder_a11_lin_r02,prps,1338,-90,-0.768988,10,0,10,0.02617994,1.50000,prps,2,991
64849,64.849,1,4004,54004,ladder_a11_lin_r02,prps,1342,-86,-0.736278,18,0,18,0.04712389,2.70000,prps,2,992
64854,64.854,1,4004,54004,ladder_a11_lin_r02,prps,1353,-75,-0.637513,26,0,26,0.06806784,3.90000,prps,2,993
64859,64.859,1,4004,54004,ladder_a11_lin_r02,prps,1372,-56,-0.480538,34,0,34,0.08901179,5.10000,prps,2,994
64864,64.864,1,4004,54004,ladder_a11_lin_r02,prps,1395,-33,-0.279279,38,0,38,0.09948376,5.70000,prps,2,995
64869,64.869,1,4004,54004,ladder_a11_lin_r02,prps,1422,-6,-0.052259,41,0,41,0.10733775,6.15000,prps,2,996
64874,64.874,1,4004,54004,ladder_a11_lin_r02,prps,1449,21,0.179368,41,0,41,0.10733775,6.15000,prps,2,997
64879,64.879,1,4004,54004,ladder_a11_lin_r02,prps,1474,46,0.394061,38,0,38,0.09948376,5.70000,prps,2,998
64884,64.884,1,4004,54004,ladder_a11_lin_r02,prps,1495,67,0.572138,31,0,31,0.08115781,4.65000,prps,2,999
64889,64.889,1,4004,54004,ladder_a11_lin_r02,prps,1510,82,0.697793,23,0,23,0.06021386,3.45000,prps,2,1000
64894,64.894,1,4004,54004,ladder_a11_lin_r02,prps,1517,89,0.760663,13,0,13,0.03403392,1.95000,prps,2,1001
64899,64.899,1,4004,54004,ladder_a11_lin_r02,prps,1517,89,0.756775,3,0,3,0.00785398,0.45000,prps,2,1002
64904,64.904,1,4004,54004,ladder_a11_lin_r02,prps,1509,81,0.688792,-8,0,-8,-0.02094395,-1.20000,prps,2,1003
64909,64.909,1,4004,54004,ladder_a11_lin_r02,prps,1494,66,0.565551,-17,0,-17,-0.04450589,-2.55000,prps,2,1004
64914,64.914,1,4004,54004,ladder_a11_lin_r02,prps,1475,47,0.400950,-25,0,-25,-0.06544985,-3.75000,prps,2,1005
64919,64.919,1,4004,54004,ladder_a11_lin_r02,prps,1453,25,0.212345,-30,0,-30,-0.07853982,-4.50000,prps,2,1006
64924,64.924,1,4004,54004,ladder_a11_lin_r02,prps,1430,2,0.018628,-31,0,-31,-0.08115781,-4.65000,prps,2,1007
64929,64.929,1,4004,54004,ladder_a11_lin_r02,prps,1409,-19,-0.161783,-32,0,-32,-0.08377580,-4.80000,prps,2,1008
64934,64.934,1,4004,54004,ladder_a11_lin_r02,prps,1391,-37,-0.312820,-28,0,-28,-0.07330382,-4.20000,prps,2,1009
64939,64.939,1,4004,54004,ladder_a11_lin_r02,prps,1379,-49,-0.422319,-22,0,-22,-0.05759586,-3.30000,prps,2,1010
64944,64.944,1,4004,54004,ladder_a11_lin_r02,prps,1371,-57,-0.483090,-15,0,-15,-0.03926991,-2.25000,prps,2,1011
64949,64.949,1,4004,54004,ladder_a11_lin_r02,prps,1370,-58,-0.493408,-6,0,-6,-0.01570796,-0.90000,prps,2,1012
64954,64.954,1,4004,54004,ladder_a11_lin_r02,prps,1375,-53,-0.456911,2,0,2,0.00523599,0.30000,prps,2,1013
64959,64.959,1,4004,54004,ladder_a11_lin_r02,prps,1383,-45,-0.381934,10,0,10,0.02617994,1.50000,prps,2,1014
64964,64.964,1,4004,54004,ladder_a11_lin_r02,prps,1395,-33,-0.280381,16,0,16,0.04188790,2.40000,prps,2,1015
64969,64.969,1,4004,54004,ladder_a11_lin_r02,prps,1409,-19,-0.166292,21,0,21,0.05497787,3.15000,prps,2,1016
64974,64.974,1,4004,54004,ladder_a11_lin_r02,prps,1422,-6,-0.054259,23,0,23,0.06021386,3.45000,prps,2,1017
64979,64.979,1,4004,54004,ladder_a11_lin_r02,prps,1433,5,0.042114,23,0,23,0.06021386,3.45000,prps,2,1018
64984,64.984,1,4004,54004,ladder_a11_lin_r02,prps,1441,13,0.111567,23,0,23,0.06021386,3.45000,prps,2,1019
64989,64.989,1,4004,54004,ladder_a11_lin_r02,prps,1445,17,0.146204,19,0,19,0.04974188,2.85000,prps,2,1020
64994,64.994,1,4004,54004,ladder_a11_lin_r02,prps,1445,17,0.142110,15,0,15,0.03926991,2.25000,prps,2,1021
64999,64.999,1,4004,54004,ladder_a11_lin_r02,prps,1440,12,0.099520,10,0,10,0.02617994,1.50000,prps,2,1022
65004,65.004,1,4004,54004,ladder_a11_lin_r02,prps,1431,3,0.022558,6,0,6,0.01570796,0.90000,prps,2,1023
65009,65.009,1,4004,54004,ladder_a11_lin_r02,prps,1418,-10,-0.081385,3,0,3,0.00785398,0.45000,prps,2,1024
65014,65.014,1,4004,54004,ladder_a11_lin_r02,prps,1404,-24,-0.202558,1,0,1,0.00261799,0.15000,prps,2,1025
65019,65.019,1,4004,54004,ladder_a11_lin_r02,prps,1389,-39,-0.329905,1,0,1,0.00261799,0.15000,prps,2,1026
65024,65.024,1,4004,54004,ladder_a11_lin_r02,prps,1375,-53,-0.452170,2,0,2,0.00523599,0.30000,prps,2,1027
65029,65.029,1,4004,54004,ladder_a11_lin_r02,prps,1363,-65,-0.558919,5,0,5,0.01308997,0.75000,prps,2,1028
65034,65.034,1,4004,54004,ladder_a11_lin_r02,prps,1353,-75,-0.641408,11,0,11,0.02879793,1.65000,prps,2,1029
65039,65.039,1,4004,54004,ladder_a11_lin_r02,prps,1347,-81,-0.693214,16,0,16,0.04188790,2.40000,prps,2,1030
65044,65.044,1,4004,54004,ladder_a11_lin_r02,prps,1345,-83,-0.710617,23,0,23,0.06021386,3.45000,prps,2,1031
65049,65.049,1,4004,54004,ladder_a11_lin_r02,prps,1347,-81,-0.692709,29,0,29,0.07592182,4.35000,prps,2,1032
65054,65.054,1,4004,54004,ladder_a11_lin_r02,prps,1353,-75,-0.641270,35,0,35,0.09162979,5.25000,prps,2,1033
65059,65.059,1,4004,54004,ladder_a11_lin_r02,prps,1362,-66,-0.560455,39,0,39,0.10210176,5.85000,prps,2,1034
65064,65.064,1,4004,54004,ladder_a11_lin_r02,prps,1375,-53,-0.456332,43,0,43,0.11257374,6.45000,prps,2,1035
65069,65.069,1,4004,54004,ladder_a11_lin_r02,prps,1389,-39,-0.336343,44,0,44,0.11519173,6.60000,prps,2,1036
65074,65.074,1,4004,54004,ladder_a11_lin_r02,prps,1404,-24,-0.208733,45,0,45,0.11780972,6.75000,prps,2,1037
65079,65.079,1,4004,54004,ladder_a11_lin_r02,prps,1418,-10,-0.081986,43,0,43,0.11257374,6.45000,prps,2,1038
65084,65.084,1,4004,54004,ladder_a11_lin_r02,prps,1432,4,0.035695,40,0,40,0.10471976,6.00000,prps,2,1039
65089,65.089,1,4004,54004,ladder_a11_lin_r02,prps,1444,16,0.136850,36,0,36,0.09424778,5.40000,prps,2,1040
65094,65.094,1,4004,54004,ladder_a11_lin_r02,prps,1453,25,0.215162,30,0,30,0.07853982,4.50000,prps,2,1041
65099,65.099,1,4004,54004,ladder_a11_lin_r02,prps,1459,31,0.265782,23,0,23,0.06021386,3.45000,prps,2,1042
65104,65.104,1,4004,54004,ladder_a11_lin_r02,prps,1461,33,0.285591,16,0,16,0.04188790,2.40000,prps,2,1043
65109,65.109,1,4004,54004,ladder_a11_lin_r02,prps,1460,32,0.273382,9,0,9,0.02356194,1.35000,prps,2,1044
65114,65.114,1,4004,54004,ladder_a11_lin_r02,prps,1455,27,0.229963,3,0,3,0.00785398,0.45000,prps,2,1045
65119,65.119,1,4004,54004,ladder_a11_lin_r02,prps,1447,19,0.158171,-2,0,-2,-0.00523599,-0.30000,prps,2,1046
65124,65.124,1,4004,54004,ladder_a11_lin_r02,prps,1435,7,0.062772,-6,0,-6,-0.01570796,-0.90000,prps,2,1047
65129,65.129,1,4004,54004,ladder_a11_lin_r02,prps,1422,-6,-0.049768,-8,0,-8,-0.02094395,-1.20000,prps,2,1048
65134,65.134,1,4004,54004,ladder_a11_lin_r02,prps,1408,-20,-0.171634,-8,0,-8,-0.02094395,-1.20000,prps,2,1049
65139,65.139,1,4004,54004,ladder_a11_lin_r02,prps,1394,-34,-0.294153,-7,0,-7,-0.01832596,-1.05000,prps,2,1050
65144,65.144,1,4004,54004,ladder_a11_lin_r02,prps,1380,-48,-0.408408,-4,0,-4,-0.01047198,-0.60000,prps,2,1051
65149,65.149,1,4004,54004,ladder_a11_lin_r02,prps,1369,-59,-0.505919,-1,0,-1,-0.00261799,-0.15000,prps,2,1052
65154,65.154,1,4004,54004,ladder_a11_lin_r02,prps,1360,-68,-0.579376,4,0,4,0.01047198,0.60000,prps,2,1053
65159,65.159,1,4004,54004,ladder_a11_lin_r02,prps,1355,-73,-0.623325,11,0,11,0.02879793,1.65000,prps,2,1054
65164,65.164,1,4004,54004,ladder_a11_lin_r02,prps,1354,-74,-0.634763,17,0,17,0.04450589,2.55000,prps,2,1055
65169,65.169,1,4004,54004,ladder_a11_lin_r02,prps,1356,-72,-0.613543,24,0,24,0.06283185,3.60000,prps,2,1056
65174,65.174,1,4004,54004,ladder_a11_lin_r02,prps,1362,-66,-0.562543,29,0,29,0.07592182,4.35000,prps,2,1057
65179,65.179,1,4004,54004,ladder_a11_lin_r02,prps,1371,-57,-0.487554,34,0,34,0.08901179,5.10000,prps,2,1058
65184,65.184,1,4004,54004,ladder_a11_lin_r02,prps,1382,-46,-0.396860,37,0,37,0.09686577,5.55000,prps,2,1059
65189,65.189,1,4004,54004,ladder_a11_lin_r02,prps,1393,-35,-0.300529,39,0,39,0.10210176,5.85000,prps,2,1060
65194,65.194,1,4004,54004,ladder_a11_lin_r02,prps,1403,-25,-0.209481,39,0,39,0.10210176,5.85000,prps,2,1061
65199,65.199,1,4004,54004,ladder_a11_lin_r02,prps,1412,-16,-0.134391,39,0,39,0.10210176,5.85000,prps,2,1062
65204,65.204,1,4004,54004,ladder_a11_lin_r02,prps,1418,-10,-0.084564,36,0,36,0.09424778,5.40000,prps,2,1063
65209,65.209,1,4004,54004,ladder_a11_lin_r02,prps,1420,-8,-0.066879,32,0,32,0.08377580,4.80000,prps,2,1064
65214,65.214,1,4004,54004,ladder_a11_lin_r02,prps,1418,-10,-0.084944,27,0,27,0.07068583,4.05000,prps,2,1065
65219,65.219,1,4004,54004,ladder_a11_lin_r02,prps,1412,-16,-0.138564,23,0,23,0.06021386,3.45000,prps,2,1066
65224,65.224,1,4004,54004,ladder_a11_lin_r02,prps,1402,-26,-0.223595,19,0,19,0.04974188,2.85000,prps,2,1067
65229,65.229,1,4004,54004,ladder_a11_lin_r02,prps,1389,-39,-0.332233,17,0,17,0.04450589,2.55000,prps,2,1068
65234,65.234,1,4004,54004,ladder_a11_lin_r02,prps,1375,-53,-0.453727,16,0,16,0.04188790,2.40000,prps,2,1069
65239,65.239,1,4004,54004,ladder_a11_lin_r02,prps,1361,-67,-0.575449,16,0,16,0.04188790,2.40000,prps,2,1070
65244,65.244,1,4004,54004,ladder_a11_lin_r02,prps,1348,-80,-0.684227,17,0,17,0.04450589,2.55000,prps,2,1071
65249,65.249,1,4004,54004,ladder_a11_lin_r02,prps,1338,-90,-0.767790,21,0,21,0.05497787,3.15000,prps,2,1072
65254,65.254,1,4004,54004,ladder_a11_lin_r02,prps,1333,-95,-0.816179,27,0,27,0.07068583,4.05000,prps,2,1073
65259,65.259,1,4004,54004,ladder_a11_lin_r02,prps,1332,-96,-0.822945,33,0,33,0.08639380,4.95000,prps,2,1074
65264,65.264,1,4004,54004,ladder_a11_lin_r02,prps,1336,-92,-0.785997,39,0,39,0.10210176,5.85000,prps,2,1075
65269,65.269,1,4004,54004,ladder_a11_lin_r02,prps,1345,-83,-0.707988,44,0,44,0.11519173,6.60000,prps,2,1076
65274,65.274,1,4004,54004,ladder_a11_lin_r02,prps,1358,-70,-0.596179,48,0,48,0.12566370,7.20000,prps,2,1077
65279,65.279,1,4004,54004,ladder_a11_lin_r02,prps,1374,-54,-0.461767,51,0,51,0.13351768,7.65000,prps,2,1078
65284,65.284,1,4004,54004,ladder_a11_lin_r02,prps,1391,-37,-0.318762,52,0,52,0.13613568,7.80000,prps,2,1079
65289,65.289,1,4004,54004,ladder_a11_lin_r02,prps,1407,-21,-0.182493,51,0,51,0.13351768,7.65000,prps,2,1080
65294,65.294,1,4004,54004,ladder_a11_lin_r02,prps,1420,-8,-0.067936,47,0,47,0.12304571,7.05000,prps,2,1081
65299,65.299,1,4004,54004,ladder_a11_lin_r02,prps,1429,1,0.011971,42,0,42,0.10995574,6.30000,prps,2,1082
65304,65.304,1,4004,54004,ladder_a11_lin_r02,prps,1434,6,0.047821,37,0,37,0.09686577,5.55000,prps,2,1083
65309,65.309,1,4004,54004,ladder_a11_lin_r02,prps,1432,4,0.034877,31,0,31,0.08115781,4.65000,prps,2,1084
65314,65.314,1,4004,54004,ladder_a11_lin_r02,prps,1425,-3,-0.026303,24,0,24,0.06283185,3.60000,prps,2,1085
65319,65.319,1,4004,54004,ladder_a11_lin_r02,prps,1413,-15,-0.129809,19,0,19,0.04974188,2.85000,prps,2,1086
65324,65.324,1,4004,54004,ladder_a11_lin_r02,prps,1397,-31,-0.264932,14,0,14,0.03665191,2.10000,prps,2,1087
65329,65.329,1,4004,54004,ladder_a11_lin_r02,prps,1379,-49,-0.417261,12,0,12,0.03141592,1.80000,prps,2,1088
65334,65.334,1,4004,54004,ladder_a11_lin_r02,prps,1361,-67,-0.570206,12,0,12,0.03141592,1.80000,prps,2,1089
65339,65.339,1,4004,54004,ladder_a11_lin_r02,prps,1345,-83,-0.706793,13,0,13,0.03403392,1.95000,prps,2,1090
65344,65.344,1,4004,54004,ladder_a11_lin_r02,prps,1333,-95,-0.811509,17,0,17,0.04450589,2.55000,prps,2,1091
65349,65.349,1,4004,54004,ladder_a11_lin_r02,prps,1326,-102,-0.872007,24,0,24,0.06283185,3.60000,prps,2,1092
65354,65.354,1,4004,54004,ladder_a11_lin_r02,prps,1325,-103,-0.880467,31,0,31,0.08115781,4.65000,prps,2,1093
65359,65.359,1,4004,54004,ladder_a11_lin_r02,prps,1330,-98,-0.834449,38,0,38,0.09948376,5.70000,prps,2,1094
65364,65.364,1,4004,54004,ladder_a11_lin_r02,prps,1342,-86,-0.737155,44,0,44,0.11519173,6.60000,prps,2,1095
65369,65.369,1,4004,54004,ladder_a11_lin_r02,prps,1358,-70,-0.597054,49,0,49,0.12828170,7.35000,prps,2,1096
65374,65.374,1,4004,54004,ladder_a11_lin_r02,prps,1378,-50,-0.426917,52,0,52,0.13613568,7.80000,prps,2,1097
65379,65.379,1,4004,54004,ladder_a11_lin_r02,prps,1400,-28,-0.242373,53,0,53,0.13875367,7.95000,prps,2,1098
65384,65.384,1,4004,54004,ladder_a11_lin_r02,prps,1421,-7,-0.060147,51,0,51,0.13351768,7.65000,prps,2,1099
65389,65.389,1,4004,54004,ladder_a11_lin_r02,prps,1440,12,0.103809,48,0,48,0.12566370,7.20000,prps,2,1100
65394,65.394,1,4004,54004,ladder_a11_lin_r02,prps,1456,28,0.236087,42,0,42,0.10995574,6.30000,prps,2,1101
65399,65.399,1,4004,54004,ladder_a11_lin_r02,prps,1466,38,0.327286,36,0,36,0.09424778,5.40000,prps,2,1102
65404,65.404,1,4004,54004,ladder_a11_lin_r02,prps,1472,44,0.373001,27,0,27,0.07068583,4.05000,prps,2,1103
65409,65.409,1,4004,54004,ladder_a11_lin_r02,prps,1472,44,0.374234,18,0,18,0.04712389,2.70000,prps,2,1104
65414,65.414,1,4004,54004,ladder_a11_lin_r02,prps,1467,39,0.337173,9,0,9,0.02356194,1.35000,prps,2,1105
65419,65.419,1,4004,54004,ladder_a11_lin_r02,prps,1460,32,0.272373,2,0,2,0.00523599,0.30000,prps,2,1106
65424,65.424,1,4004,54004,ladder_a11_lin_r02,prps,1451,23,0.193443,-4,0,-4,-0.01047198,-0.60000,prps,2,1107
65429,65.429,1,4004,54004,ladder_a11_lin_r02,prps,1442,14,0.115392,-8,0,-8,-0.02094395,-1.20000,prps,2,1108
65434,65.434,1,4004,54004,ladder_a11_lin_r02,prps,1434,6,0.052820,-11,0,-11,-0.02879793,-1.65000,prps,2,1109
65439,65.439,1,4004,54004,ladder_a11_lin_r02,prps,1430,2,0.018188,-12,0,-12,-0.03141592,-1.80000,prps,2,1110
65444,65.444,1,4004,54004,ladder_a11_lin_r02,prps,1430,2,0.020335,-11,0,-11,-0.02879793,-1.65000,prps,2,1111
65449,65.449,1,4004,54004,ladder_a11_lin_r02,prps,1435,7,0.063440,-10,0,-10,-0.02617994,-1.50000,prps,2,1112
65454,65.454,1,4004,54004,ladder_a11_lin_r02,prps,1445,17,0.146530,-8,0,-8,-0.02094395,-1.20000,prps,2,1113
65459,65.459,1,4004,54004,ladder_a11_lin_r02,prps,1459,31,0.263591,-6,0,-6,-0.01570796,-0.90000,prps,2,1114
65464,65.464,1,4004,54004,ladder_a11_lin_r02,prps,1475,47,0.404255,-5,0,-5,-0.01308997,-0.75000,prps,2,1115
65469,65.469,1,4004,54004,ladder_a11_lin_r02,prps,1493,65,0.554992,-6,0,-6,-0.01570796,-0.90000,prps,2,1116
65474,65.474,1,4004,54004,ladder_a11_lin_r02,prps,1510,82,0.700651,-8,0,-8,-0.02094395,-1.20000,prps,2,1117
65479,65.479,1,4004,54004,ladder_a11_lin_r02,prps,1525,97,0.826181,-13,0,-13,-0.03403392,-1.95000,prps,2,1118
65484,65.484,1,4004,54004,ladder_a11_lin_r02,prps,1535,107,0.918319,-19,0,-19,-0.04974188,-2.85000,prps,2,1119
65489,65.489,1,4004,54004,ladder_a11_lin_r02,prps,1541,113,0.967069,-25,0,-25,-0.06544985,-3.75000,prps,2,1120
65494,65.494,1,4004,54004,ladder_a11_lin_r02,prps,1541,113,0.966802,-32,0,-32,-0.08377580,-4.80000,prps,2,1121
65499,65.499,1,4004,54004,ladder_a11_lin_r02,prps,1535,107,0.916847,-39,0,-39,-0.10210176,-5.85000,prps,2,1122
65504,65.504,1,4004,54004,ladder_a11_lin_r02,prps,1524,96,0.821538,-45,0,-45,-0.11780972,-6.75000,prps,2,1123
65509,65.509,1,4004,54004,ladder_a11_lin_r02,prps,1509,81,0.689703,-50,0,-50,-0.13089970,-7.50000,prps,2,1124
65514,65.514,1,4004,54004,ladder_a11_lin_r02,prps,1490,62,0.533669,-53,0,-53,-0.13875367,-7.95000,prps,2,1125
65519,65.519,1,4004,54004,ladder_a11_lin_r02,prps,1471,43,0.367910,-54,0,-54,-0.14137166,-8.10000,prps,2,1126
65524,65.524,1,4004,54004,ladder_a11_lin_r02,prps,1452,24,0.207490,-52,0,-52,-0.13613568,-7.80000,prps,2,1127
65529,65.529,1,4004,54004,ladder_a11_lin_r02,prps,1436,8,0.066479,-48,0,-48,-0.12566370,-7.20000,prps,2,1128
65534,65.534,1,4004,54004,ladder_a11_lin_r02,prps,1423,-5,-0.043477,-44,0,-44,-0.11519173,-6.60000,prps,2,1129
65539,65.539,1,4004,54004,ladder_a11_lin_r02,prps,1415,-13,-0.114284,-37,0,-37,-0.09686577,-5.55000,prps,2,1130
65544,65.544,1,4004,54004,ladder_a11_lin_r02,prps,1411,-17,-0.142111,-30,0,-30,-0.07853982,-4.50000,prps,2,1131
65549,65.549,1,4004,54004,ladder_a11_lin_r02,prps,1413,-15,-0.127619,-22,0,-22,-0.05759586,-3.30000,prps,2,1132
65554,65.554,1,4004,54004,ladder_a11_lin_r02,prps,1419,-9,-0.075700,-15,0,-15,-0.03926991,-2.25000,prps,2,1133
65559,65.559,1,4004,54004,ladder_a11_lin_r02,prps,1429,1,0.005222,-9,0,-9,-0.02356194,-1.35000,prps,2,1134
65564,65.564,1,4004,54004,ladder_a11_lin_r02,prps,1440,12,0.104244,-4,0,-4,-0.01047198,-0.60000,prps,2,1135
65569,65.569,1,4004,54004,ladder_a11_lin_r02,prps,1452,24,0.209248,-2,0,-2,-0.00523599,-0.30000,prps,2,1136
65574,65.574,1,4004,54004,ladder_a11_lin_r02,prps,1464,36,0.308240,0,0,0,0.00000000,0.00000,prps,2,1137
65579,65.579,1,4004,54004,ladder_a11_lin_r02,prps,1474,46,0.390609,-1,0,-1,-0.00261799,-0.15000,prps,2,1138
65584,65.584,1,4004,54004,ladder_a11_lin_r02,prps,1480,52,0.448172,-4,0,-4,-0.01047198,-0.60000,prps,2,1139
65589,65.589,1,4004,54004,ladder_a11_lin_r02,prps,1484,56,0.475909,-7,0,-7,-0.01832596,-1.05000,prps,2,1140
65594,65.594,1,4004,54004,ladder_a11_lin_r02,prps,1483,55,0.472316,-10,0,-10,-0.02617994,-1.50000,prps,2,1141
65599,65.599,1,4004,54004,ladder_a11_lin_r02,prps,1479,51,0.439362,-15,0,-15,-0.03926991,-2.25000,prps,2,1142
65604,65.604,1,4004,54004,ladder_a11_lin_r02,prps,1473,45,0.382079,-19,0,-19,-0.04974188,-2.85000,prps,2,1143
65609,65.609,1,4004,54004,ladder_a11_lin_r02,prps,1464,36,0.307847,-22,0,-22,-0.05759586,-3.30000,prps,2,1144
65614,65.614,1,4004,54004,ladder_a11_lin_r02,prps,1454,26,0.225474,-24,0,-24,-0.06283185,-3.60000,prps,2,1145
65619,65.619,1,4004,54004,ladder_a11_lin_r02,prps,1445,17,0.144173,-24,0,-24,-0.06283185,-3.60000,prps,2,1146
65624,65.624,1,4004,54004,ladder_a11_lin_r02,prps,1436,8,0.072563,-24,0,-24,-0.06283185,-3.60000,prps,2,1147
65629,65.629,1,4004,54004,ladder_a11_lin_r02,prps,1430,2,0.017796,-22,0,-22,-0.05759586,-3.30000,prps,2,1148
65634,65.634,1,4004,54004,ladder_a11_lin_r02,prps,1426,-2,-0.015111,-19,0,-19,-0.04974188,-2.85000,prps,2,1149
65639,65.639,1,4004,54004,ladder_a11_lin_r02,prps,1425,-3,-0.023681,-15,0,-15,-0.03926991,-2.25000,prps,2,1150
65644,65.644,1,4004,54004,ladder_a11_lin_r02,prps,1427,-1,-0.008081,-11,0,-11,-0.02879793,-1.65000,prps,2,1151
65649,65.649,1,4004,54004,ladder_a11_lin_r02,prps,1431,3,0.029035,-8,0,-8,-0.02094395,-1.20000,prps,2,1152
65654,65.654,1,4004,54004,ladder_a11_lin_r02,prps,1438,10,0.082936,-5,0,-5,-0.01308997,-0.75000,prps,2,1153
65659,65.659,1,4004,54004,ladder_a11_lin_r02,prps,1445,17,0.147400,-3,0,-3,-0.00785398,-0.45000,prps,2,1154
65664,65.664,1,4004,54004,ladder_a11_lin_r02,prps,1453,25,0.215402,-2,0,-2,-0.00523599,-0.30000,prps,2,1155
65669,65.669,1,4004,54004,ladder_a11_lin_r02,prps,1461,33,0.279838,-3,0,-3,-0.00785398,-0.45000,prps,2,1156
65674,65.674,1,4004,54004,ladder_a11_lin_r02,prps,1467,39,0.334190,-4,0,-4,-0.01047198,-0.60000,prps,2,1157
65679,65.679,1,4004,54004,ladder_a11_lin_r02,prps,1472,44,0.373096,-6,0,-6,-0.01570796,-0.90000,prps,2,1158
65684,65.684,1,4004,54004,ladder_a11_lin_r02,prps,1474,46,0.392763,-8,0,-8,-0.02094395,-1.20000,prps,2,1159
65689,65.689,1,4004,54004,ladder_a11_lin_r02,prps,1474,46,0.391203,-11,0,-11,-0.02879793,-1.65000,prps,2,1160
65694,65.694,1,4004,54004,ladder_a11_lin_r02,prps,1471,43,0.368299,-15,0,-15,-0.03926991,-2.25000,prps,2,1161
65699,65.699,1,4004,54004,ladder_a11_lin_r02,prps,1466,38,0.325695,-18,0,-18,-0.04712389,-2.70000,prps,2,1162
65704,65.704,1,4004,54004,ladder_a11_lin_r02,prps,1459,31,0.266564,-20,0,-20,-0.05235988,-3.00000,prps,2,1163
65709,65.709,1,4004,54004,ladder_a11_lin_r02,prps,1451,23,0.195262,-21,0,-21,-0.05497787,-3.15000,prps,2,1164
65714,65.714,1,4004,54004,ladder_a11_lin_r02,prps,1442,14,0.116931,-21,0,-21,-0.05497787,-3.15000,prps,2,1165
65719,65.719,1,4004,54004,ladder_a11_lin_r02,prps,1432,4,0.037076,-21,0,-21,-0.05497787,-3.15000,prps,2,1166
65724,65.724,1,4004,54004,ladder_a11_lin_r02,prps,1423,-5,-0.038848,-19,0,-19,-0.04974188,-2.85000,prps,2,1167
65729,65.729,1,4004,54004,ladder_a11_lin_r02,prps,1416,-12,-0.105804,-16,0,-16,-0.04188790,-2.40000,prps,2,1168
65734,65.734,1,4004,54004,ladder_a11_lin_r02,prps,1409,-19,-0.159491,-12,0,-12,-0.03141592,-1.80000,prps,2,1169
65739,65.739,1,4004,54004,ladder_a11_lin_r02,prps,1405,-23,-0.196592,-8,0,-8,-0.02094395,-1.20000,prps,2,1170
65744,65.744,1,4004,54004,ladder_a11_lin_r02,prps,1403,-25,-0.214945,-4,0,-4,-0.01047198,-0.60000,prps,2,1171
65749,65.749,1,4004,54004,ladder_a11_lin_r02,prps,1403,-25,-0.213648,1,0,1,0.00261799,0.15000,prps,2,1172
65754,65.754,1,4004,54004,ladder_a11_lin_r02,prps,1405,-23,-0.193082,5,0,5,0.01308997,0.75000,prps,2,1173
65759,65.759,1,4004,54004,ladder_a11_lin_r02,prps,1410,-18,-0.154873,8,0,8,0.02094395,1.20000,prps,2,1174
65764,65.764,1,4004,54004,ladder_a11_lin_r02,prps,1416,-12,-0.101788,11,0,11,0.02879793,1.65000,prps,2,1175
65769,65.769,1,4004,54004,ladder_a11_lin_r02,prps,1424,-4,-0.037561,12,0,12,0.03141592,1.80000,prps,2,1176
65774,65.774,1,4004,54004,ladder_a11_lin_r02,prps,1432,4,0.033329,13,0,13,0.03403392,1.95000,prps,2,1177
65779,65.779,1,4004,54004,ladder_a11_lin_r02,prps,1440,12,0.105936,13,0,13,0.03403392,1.95000,prps,2,1178
65784,65.784,1,4004,54004,ladder_a11_lin_r02,prps,1448,20,0.175155,11,0,11,0.02879793,1.65000,prps,2,1179
65789,65.789,1,4004,54004,ladder_a11_lin_r02,prps,1456,28,0.236067,9,0,9,0.02356194,1.35000,prps,2,1180
65794,65.794,1,4004,54004,ladder_a11_lin_r02,prps,1461,33,0.284272,5,0,5,0.01308997,0.75000,prps,2,1181
65799,65.799,1,4004,54004,ladder_a11_lin_r02,prps,1465,37,0.316216,3,0,3,0.00785398,0.45000,prps,2,1182
65804,65.804,1,4004,54004,ladder_a11_lin_r02,prps,1467,39,0.329458,-1,0,-1,-0.00261799,-0.15000,prps,2,1183
65809,65.809,1,4004,54004,ladder_a11_lin_r02,prps,1466,38,0.322876,-5,0,-5,-0.01308997,-0.75000,prps,2,1184
65814,65.814,1,4004,54004,ladder_a11_lin_r02,prps,1463,35,0.296773,-9,0,-9,-0.02356194,-1.35000,prps,2,1185
65819,65.819,1,4004,54004,ladder_a11_lin_r02,prps,1458,30,0.252864,-13,0,-13,-0.03403392,-1.95000,prps,2,1186
65824,65.824,1,4004,54004,ladder_a11_lin_r02,prps,1451,23,0.194162,-15,0,-15,-0.03926991,-2.25000,prps,2,1187
65829,65.829,1,4004,54004,ladder_a11_lin_r02,prps,1443,15,0.124731,-17,0,-17,-0.04450589,-2.55000,prps,2,1188
65834,65.834,1,4004,54004,ladder_a11_lin_r02,prps,1434,6,0.049350,-17,0,-17,-0.04450589,-2.55000,prps,2,1189
65839,65.839,1,4004,54004,ladder_a11_lin_r02,prps,1425,-3,-0.026889,-16,0,-16,-0.04188790,-2.40000,prps,2,1190
65844,65.844,1,4004,54004,ladder_a11_lin_r02,prps,1416,-12,-0.099025,-15,0,-15,-0.03926991,-2.25000,prps,2,1191
65849,65.849,1,4004,54004,ladder_a11_lin_r02,prps,1409,-19,-0.162655,-12,0,-12,-0.03141592,-1.80000,prps,2,1192
65854,65.854,1,4004,54004,ladder_a11_lin_r02,prps,1403,-25,-0.214318,-8,0,-8,-0.02094395,-1.20000,prps,2,1193
65859,65.859,1,4004,54004,ladder_a11_lin_r02,prps,1399,-29,-0.251772,-4,0,-4,-0.01047198,-0.60000,prps,2,1194
65864,65.864,1,4004,54004,ladder_a11_lin_r02,prps,1396,-32,-0.274168,0,0,0,0.00000000,0.00000,prps,2,1195
65869,65.869,1,4004,54004,ladder_a11_lin_r02,prps,1395,-33,-0.282065,5,0,5,0.01308997,0.75000,prps,2,1196
65874,65.874,1,4004,54004,ladder_a11_lin_r02,prps,1396,-32,-0.277317,9,0,9,0.02356194,1.35000,prps,2,1197
65879,65.879,1,4004,54004,ladder_a11_lin_r02,prps,1397,-31,-0.262828,12,0,12,0.03141592,1.80000,prps,2,1198
65884,65.884,1,4004,54004,ladder_a11_lin_r02,prps,1400,-28,-0.242200,15,0,15,0.03926991,2.25000,prps,2,1199
65889,65.889,1,4004,54004,ladder_a11_lin_r02,prps,1402,-26,-0.219326,17,0,17,0.04450589,2.55000,prps,2,1200
65894,65.894,1,4004,54004,ladder_a11_lin_r02,prps,1405,-23,-0.197965,19,0,19,0.04974188,2.85000,prps,2,1201
65899,65.899,1,4004,54004,ladder_a11_lin_r02,prps,1407,-21,-0.181347,19,0,19,0.04974188,2.85000,prps,2,1202
65904,65.904,1,4004,54004,ladder_a11_lin_r02,prps,1408,-20,-0.171849,19,0,19,0.04974188,2.85000,prps,2,1203
65909,65.909,1,4004,54004,ladder_a11_lin_r02,prps,1408,-20,-0.170782,19,0,19,0.04974188,2.85000,prps,2,1204
65914,65.914,1,4004,54004,ladder_a11_lin_r02,prps,1407,-21,-0.178300,19,0,19,0.04974188,2.85000,prps,2,1205
65919,65.919,1,4004,54004,ladder_a11_lin_r02,prps,1405,-23,-0.193436,19,0,19,0.04974188,2.85000,prps,2,1206
65924,65.924,1,4004,54004,ladder_a11_lin_r02,prps,1403,-25,-0.214262,19,0,19,0.04974188,2.85000,prps,2,1207
65929,65.929,1,4004,54004,ladder_a11_lin_r02,prps,1400,-28,-0.238134,19,0,19,0.04974188,2.85000,prps,2,1208
65934,65.934,1,4004,54004,ladder_a11_lin_r02,prps,1397,-31,-0.262006,19,0,19,0.04974188,2.85000,prps,2,1209
65939,65.939,1,4004,54004,ladder_a11_lin_r02,prps,1395,-33,-0.282753,19,0,19,0.04974188,2.85000,prps,2,1210
65944,65.944,1,4004,54004,ladder_a11_lin_r02,prps,1393,-35,-0.297481,19,0,19,0.04974188,2.85000,prps,2,1211
65949,65.949,1,4004,54004,ladder_a11_lin_r02,prps,1392,-36,-0.303782,19,0,19,0.04974188,2.85000,prps,2,1212
65954,65.954,1,4004,54004,ladder_a11_lin_r02,prps,1393,-35,-0.299917,20,0,20,0.05235988,3.00000,prps,2,1213
65959,65.959,1,4004,54004,ladder_a11_lin_r02,prps,1395,-33,-0.284907,21,0,21,0.05497787,3.15000,prps,2,1214
65964,65.964,1,4004,54004,ladder_a11_lin_r02,prps,1398,-30,-0.258546,22,0,22,0.05759586,3.30000,prps,2,1215
65969,65.969,1,4004,54004,ladder_a11_lin_r02,prps,1402,-26,-0.221339,22,0,22,0.05759586,3.30000,prps,2,1216
65974,65.974,1,4004,54004,ladder_a11_lin_r02,prps,1408,-20,-0.174391,22,0,22,0.05759586,3.30000,prps,2,1217
65979,65.979,1,4004,54004,ladder_a11_lin_r02,prps,1414,-14,-0.119276,22,0,22,0.05759586,3.30000,prps,2,1218
65984,65.984,1,4004,54004,ladder_a11_lin_r02,prps,1421,-7,-0.057904,22,0,22,0.05759586,3.30000,prps,2,1219
65989,65.989,1,4004,54004,ladder_a11_lin_r02,prps,1429,1,0.007581,22,0,22,0.05759586,3.30000,prps,2,1220
65994,65.994,1,4004,54004,ladder_a11_lin_r02,prps,1437,9,0.074876,20,0,20,0.05235988,3.00000,prps,2,1221
65999,65.999,1,4004,54004,ladder_a11_lin_r02,prps,1445,17,0.141556,17,0,17,0.04450589,2.55000,prps,2,1222
66004,66.004,1,4004,54004,ladder_a11_lin_r02,prps,1452,24,0.205081,13,0,13,0.03403392,1.95000,prps,2,1223
66009,66.009,1,4004,54004,ladder_a11_lin_r02,prps,1459,31,0.262797,9,0,9,0.02356194,1.35000,prps,2,1224
66014,66.014,1,4004,54004,ladder_a11_lin_r02,prps,1464,36,0.311953,5,0,5,0.01308997,0.75000,prps,2,1225
66019,66.019,1,4004,54004,ladder_a11_lin_r02,prps,1469,41,0.349753,0,0,0,0.00000000,0.00000,prps,2,1226
66024,66.024,1,4004,54004,ladder_a11_lin_r02,prps,1472,44,0.373463,-4,0,-4,-0.01047198,-0.60000,prps,2,1227
66029,66.029,1,4004,54004,ladder_a11_lin_r02,prps,1473,45,0.380587,-8,0,-8,-0.02094395,-1.20000,prps,2,1228
66034,66.034,1,4004,54004,ladder_a11_lin_r02,prps,1471,43,0.369099,-12,0,-12,-0.03141592,-1.80000,prps,2,1229
66039,66.039,1,4004,54004,ladder_a11_lin_r02,prps,1468,40,0.337718,-16,0,-16,-0.04188790,-2.40000,prps,2,1230
66044,66.044,1,4004,54004,ladder_a11_lin_r02,prps,1461,33,0.286191,-19,0,-19,-0.04974188,-2.85000,prps,2,1231
66049,66.049,1,4004,54004,ladder_a11_lin_r02,prps,1453,25,0.215545,-20,0,-20,-0.05235988,-3.00000,prps,2,1232
66054,66.054,1,4004,54004,ladder_a11_lin_r02,prps,1443,15,0.128256,-21,0,-21,-0.05497787,-3.15000,prps,2,1233
66059,66.059,1,4004,54004,ladder_a11_lin_r02,prps,1431,3,0.028298,-21,0,-21,-0.05497787,-3.15000,prps,2,1234
66064,66.064,1,4004,54004,ladder_a11_lin_r02,prps,1419,-9,-0.078966,-20,0,-20,-0.05235988,-3.00000,prps,2,1235
66069,66.069,1,4004,54004,ladder_a11_lin_r02,prps,1406,-22,-0.187070,-17,0,-17,-0.04450589,-2.55000,prps,2,1236
66074,66.074,1,4004,54004,ladder_a11_lin_r02,prps,1394,-34,-0.288894,-13,0,-13,-0.03403392,-1.95000,prps,2,1237
66079,66.079,1,4004,54004,ladder_a11_lin_r02,prps,1384,-44,-0.377262,-8,0,-8,-0.02094395,-1.20000,prps,2,1238
66084,66.084,1,4004,54004,ladder_a11_lin_r02,prps,1376,-52,-0.445628,-3,0,-3,-0.00785398,-0.45000,prps,2,1239
66089,66.089,1,4004,54004,ladder_a11_lin_r02,prps,1371,-57,-0.488775,3,0,3,0.00785398,0.45000,prps,2,1240
66094,66.094,1,4004,54004,ladder_a11_lin_r02,prps,1369,-59,-0.503461,9,0,9,0.02356194,1.35000,prps,2,1241
66099,66.099,1,4004,54004,ladder_a11_lin_r02,prps,1371,-57,-0.488911,15,0,15,0.03926991,2.25000,prps,2,1242
66104,66.104,1,4004,54004,ladder_a11_lin_r02,prps,1376,-52,-0.447094,21,0,21,0.05497787,3.15000,prps,2,1243
66109,66.109,1,4004,54004,ladder_a11_lin_r02,prps,1383,-45,-0.382724,25,0,25,0.06544985,3.75000,prps,2,1244
66114,66.114,1,4004,54004,ladder_a11_lin_r02,prps,1393,-35,-0.302951,29,0,29,0.07592182,4.35000,prps,2,1245
66119,66.119,1,4004,54004,ladder_a11_lin_r02,prps,1403,-25,-0.216776,30,0,30,0.07853982,4.50000,prps,2,1246
66124,66.124,1,4004,54004,ladder_a11_lin_r02,prps,1412,-16,-0.134202,30,0,30,0.07853982,4.50000,prps,2,1247
66129,66.129,1,4004,54004,ladder_a11_lin_r02,prps,1420,-8,-0.065223,30,0,30,0.07853982,4.50000,prps,2,1248
66134,66.134,1,4004,54004,ladder_a11_lin_r02,prps,1426,-2,-0.018750,27,0,27,0.07068583,4.05000,prps,2,1249
66139,66.139,1,4004,54004,ladder_a11_lin_r02,prps,1428,0,-0.001587,24,0,24,0.06283185,3.60000,prps,2,1250
66144,66.144,1,4004,54004,ladder_a11_lin_r02,prps,1426,-2,-0.017588,20,0,20,0.05235988,3.00000,prps,2,1251
66149,66.149,1,4004,54004,ladder_a11_lin_r02,prps,1420,-8,-0.067104,16,0,16,0.04188790,2.40000,prps,2,1252
66154,66.154,1,4004,54004,ladder_a11_lin_r02,prps,1411,-17,-0.146784,13,0,13,0.03403392,1.95000,prps,2,1253
66159,66.159,1,4004,54004,ladder_a11_lin_r02,prps,1399,-29,-0.249796,10,0,10,0.02617994,1.50000,prps,2,1254
66164,66.164,1,4004,54004,ladder_a11_lin_r02,prps,1385,-43,-0.366446,9,0,9,0.02356194,1.35000,prps,2,1255
66169,66.169,1,4004,54004,ladder_a11_lin_r02,prps,1371,-57,-0.485149,9,0,9,0.02356194,1.35000,prps,2,1256
66174,66.174,1,4004,54004,ladder_a11_lin_r02,prps,1359,-69,-0.593653,11,0,11,0.02879793,1.65000,prps,2,1257
66179,66.179,1,4004,54004,ladder_a11_lin_r02,prps,1348,-80,-0.680385,15,0,15,0.03926991,2.25000,prps,2,1258
66184,66.184,1,4004,54004,ladder_a11_lin_r02,prps,1342,-86,-0.735776,20,0,20,0.05235988,3.00000,prps,2,1259
66189,66.189,1,4004,54004,ladder_a11_lin_r02,prps,1340,-88,-0.753398,26,0,26,0.06806784,3.90000,prps,2,1260
66194,66.194,1,4004,54004,ladder_a11_lin_r02,prps,1342,-86,-0.730777,32,0,32,0.08377580,4.80000,prps,2,1261
66199,66.199,1,4004,54004,ladder_a11_lin_r02,prps,1350,-78,-0.669793,37,0,37,0.09686577,5.55000,prps,2,1262
66204,66.204,1,4004,54004,ladder_a11_lin_r02,prps,1361,-67,-0.576583,42,0,42,0.10995574,6.30000,prps,2,1263
66209,66.209,1,4004,54004,ladder_a11_lin_r02,prps,1374,-54,-0.460959,45,0,45,0.11780972,6.75000,prps,2,1264
66214,66.214,1,4004,54004,ladder_a11_lin_r02,prps,1389,-39,-0.335397,47,0,47,0.12304571,7.05000,prps,2,1265
66219,66.219,1,4004,54004,ladder_a11_lin_r02,prps,1403,-25,-0.213692,46,0,46,0.12042772,6.90000,prps,2,1266
66224,66.224,1,4004,54004,ladder_a11_lin_r02,prps,1415,-13,-0.109432,44,0,44,0.11519173,6.60000,prps,2,1267
66229,66.229,1,4004,54004,ladder_a11_lin_r02,prps,1424,-4,-0.034467,40,0,40,0.10471976,6.00000,prps,2,1268
66234,66.234,1,4004,54004,ladder_a11_lin_r02,prps,1428,0,0.002453,36,0,36,0.09424778,5.40000,prps,2,1269
66239,66.239,1,4004,54004,ladder_a11_lin_r02,prps,1428,0,-0.003284,30,0,30,0.07853982,4.50000,prps,2,1270
66244,66.244,1,4004,54004,ladder_a11_lin_r02,prps,1422,-6,-0.051575,25,0,25,0.06544985,3.75000,prps,2,1271
66249,66.249,1,4004,54004,ladder_a11_lin_r02,prps,1412,-16,-0.137548,20,0,20,0.05235988,3.00000,prps,2,1272
66254,66.254,1,4004,54004,ladder_a11_lin_r02,prps,1399,-29,-0.252048,16,0,16,0.04188790,2.40000,prps,2,1273
66259,66.259,1,4004,54004,ladder_a11_lin_r02,prps,1383,-45,-0.382614,14,0,14,0.03665191,2.10000,prps,2,1274
66264,66.264,1,4004,54004,ladder_a11_lin_r02,prps,1368,-60,-0.514832,14,0,14,0.03665191,2.10000,prps,2,1275
66269,66.269,1,4004,54004,ladder_a11_lin_r02,prps,1354,-74,-0.633919,14,0,14,0.03665191,2.10000,prps,2,1276
66274,66.274,1,4004,54004,ladder_a11_lin_r02,prps,1343,-85,-0.726344,17,0,17,0.04450589,2.55000,prps,2,1277
66279,66.279,1,4004,54004,ladder_a11_lin_r02,prps,1337,-91,-0.781313,23,0,23,0.06021386,3.45000,prps,2,1278
66284,66.284,1,4004,54004,ladder_a11_lin_r02,prps,1335,-93,-0.791926,29,0,29,0.07592182,4.35000,prps,2,1279
66289,66.289,1,4004,54004,ladder_a11_lin_r02,prps,1340,-88,-0.755900,35,0,35,0.09162979,5.25000,prps,2,1280
66294,66.294,1,4004,54004,ladder_a11_lin_r02,prps,1349,-79,-0.675750,40,0,40,0.10471976,6.00000,prps,2,1281
66299,66.299,1,4004,54004,ladder_a11_lin_r02,prps,1363,-65,-0.558432,45,0,45,0.11780972,6.75000,prps,2,1282
66304,66.304,1,4004,54004,ladder_a11_lin_r02,prps,1380,-48,-0.414484,48,0,48,0.12566370,7.20000,prps,2,1283
66309,66.309,1,4004,54004,ladder_a11_lin_r02,prps,1398,-30,-0.256780,48,0,48,0.12566370,7.20000,prps,2,1284
66314,66.314,1,4004,54004,ladder_a11_lin_r02,prps,1416,-12,-0.099040,47,0,47,0.12304571,7.05000,prps,2,1285
66319,66.319,1,4004,54004,ladder_a11_lin_r02,prps,1433,5,0.045704,43,0,43,0.11257374,6.45000,prps,2,1286
66324,66.324,1,4004,54004,ladder_a11_lin_r02,prps,1447,19,0.166531,39,0,39,0.10210176,5.85000,prps,2,1287
66329,66.329,1,4004,54004,ladder_a11_lin_r02,prps,1458,30,0.255740,33,0,33,0.08639380,4.95000,prps,2,1288
66334,66.334,1,4004,54004,ladder_a11_lin_r02,prps,1464,36,0.309554,25,0,25,0.06544985,3.75000,prps,2,1289
66339,66.339,1,4004,54004,ladder_a11_lin_r02,prps,1466,38,0.328315,18,0,18,0.04712389,2.70000,prps,2,1290
66344,66.344,1,4004,54004,ladder_a11_lin_r02,prps,1465,37,0.316178,10,0,10,0.02617994,1.50000,prps,2,1291
66349,66.349,1,4004,54004,ladder_a11_lin_r02,prps,1461,33,0.280352,4,0,4,0.01047198,0.60000,prps,2,1292
66354,66.354,1,4004,54004,ladder_a11_lin_r02,prps,1455,27,0.229985,-2,0,-2,-0.00523599,-0.30000,prps,2,1293
66359,66.359,1,4004,54004,ladder_a11_lin_r02,prps,1448,20,0.174872,-7,0,-7,-0.01832596,-1.05000,prps,2,1294
66364,66.364,1,4004,54004,ladder_a11_lin_r02,prps,1443,15,0.124123,-10,0,-10,-0.02617994,-1.50000,prps,2,1295
66369,66.369,1,4004,54004,ladder_a11_lin_r02,prps,1438,10,0.084992,-11,0,-11,-0.02879793,-1.65000,prps,2,1296
66374,66.374,1,4004,54004,ladder_a11_lin_r02,prps,1435,7,0.062001,-11,0,-11,-0.02879793,-1.65000,prps,2,1297
66379,66.379,1,4004,54004,ladder_a11_lin_r02,prps,1435,7,0.056473,-11,0,-11,-0.02879793,-1.65000,prps,2,1298
66384,66.384,1,4004,54004,ladder_a11_lin_r02,prps,1436,8,0.066524,-10,0,-10,-0.02617994,-1.50000,prps,2,1299
66389,66.389,1,4004,54004,ladder_a11_lin_r02,prps,1438,10,0.087501,-8,0,-8,-0.02094395,-1.20000,prps,2,1300
66394,66.394,1,4004,54004,ladder_a11_lin_r02,prps,1441,13,0.112806,-7,0,-7,-0.01832596,-1.05000,prps,2,1301
66399,66.399,1,4004,54004,ladder_a11_lin_r02,prps,1444,16,0.134975,-6,0,-6,-0.01570796,-0.90000,prps,2,1302
66404,66.404,1,4004,54004,ladder_a11_lin_r02,prps,1445,17,0.146865,-6,0,-6,-0.01570796,-0.90000,prps,2,1303
66409,66.409,1,4004,54004,ladder_a11_lin_r02,prps,1445,17,0.142781,-6,0,-6,-0.01570796,-0.90000,prps,2,1304
66414,66.414,1,4004,54004,ladder_a11_lin_r02,prps,1442,14,0.119382,-6,0,-6,-0.01570796,-0.90000,prps,2,1305
66419,66.419,1,4004,54004,ladder_a11_lin_r02,prps,1437,9,0.076239,-6,0,-6,-0.01570796,-0.90000,prps,2,1306
66424,66.424,1,4004,54004,ladder_a11_lin_r02,prps,1430,2,0.015970,-6,0,-6,-0.01570796,-0.90000,prps,2,1307
66429,66.429,1,4004,54004,ladder_a11_lin_r02,prps,1421,-7,-0.056068,-6,0,-6,-0.01570796,-0.90000,prps,2,1308
66434,66.434,1,4004,54004,ladder_a11_lin_r02,prps,1412,-16,-0.132503,-6,0,-6,-0.01570796,-0.90000,prps,2,1309
66439,66.439,1,4004,54004,ladder_a11_lin_r02,prps,1404,-24,-0.204967,-5,0,-5,-0.01308997,-0.75000,prps,2,1310
66444,66.444,1,4004,54004,ladder_a11_lin_r02,prps,1397,-31,-0.265288,-3,0,-3,-0.00785398,-0.45000,prps,2,1311
66449,66.449,1,4004,54004,ladder_a11_lin_r02,prps,1392,-36,-0.306682,1,0,1,0.00261799,0.15000,prps,2,1312
66454,66.454,1,4004,54004,ladder_a11_lin_r02,prps,1390,-38,-0.324768,5,0,5,0.01308997,0.75000,prps,2,1313
66459,66.459,1,4004,54004,ladder_a11_lin_r02,prps,1391,-37,-0.318276,9,0,9,0.02356194,1.35000,prps,2,1314
66464,66.464,1,4004,54004,ladder_a11_lin_r02,prps,1394,-34,-0.289322,13,0,13,0.03403392,1.95000,prps,2,1315
66469,66.469,1,4004,54004,ladder_a11_lin_r02,prps,1400,-28,-0.243218,16,0,16,0.04188790,2.40000,prps,2,1316
66474,66.474,1,4004,54004,ladder_a11_lin_r02,prps,1406,-22,-0.187808,19,0,19,0.04974188,2.85000,prps,2,1317
66479,66.479,1,4004,54004,ladder_a11_lin_r02,prps,1413,-15,-0.132441,20,0,20,0.05235988,3.00000,prps,2,1318
66484,66.484,1,4004,54004,ladder_a11_lin_r02,prps,1418,-10,-0.086675,20,0,20,0.05235988,3.00000,prps,2,1319
66489,66.489,1,4004,54004,ladder_a11_lin_r02,prps,1421,-7,-0.058912,20,0,20,0.05235988,3.00000,prps,2,1320
66494,66.494,1,4004,54004,ladder_a11_lin_r02,prps,1422,-6,-0.055143,20,0,20,0.05235988,3.00000,prps,2,1321
66499,66.499,1,4004,54004,ladder_a11_lin_r02,prps,1419,-9,-0.077966,18,0,18,0.04712389,2.70000,prps,2,1322
66504,66.504,1,4004,54004,ladder_a11_lin_r02,prps,1413,-15,-0.126039,15,0,15,0.03926991,2.25000,prps,2,1323
66509,66.509,1,4004,54004,ladder_a11_lin_r02,prps,1405,-23,-0.194055,13,0,13,0.03403392,1.95000,prps,2,1324
66514,66.514,1,4004,54004,ladder_a11_lin_r02,prps,1396,-32,-0.273255,12,0,12,0.03141592,1.80000,prps,2,1325
66519,66.519,1,4004,54004,ladder_a11_lin_r02,prps,1387,-41,-0.352440,12,0,12,0.03141592,1.80000,prps,2,1326
66524,66.524,1,4004,54004,ladder_a11_lin_r02,prps,1379,-49,-0.419367,12,0,12,0.03141592,1.80000,prps,2,1327
66529,66.529,1,4004,54004,ladder_a11_lin_r02,prps,1374,-54,-0.462355,14,0,14,0.03665191,2.10000,prps,2,1328
66534,66.534,1,4004,54004,ladder_a11_lin_r02,prps,1373,-55,-0.471899,17,0,17,0.04450589,2.55000,prps,2,1329
66539,66.539,1,4004,54004,ladder_a11_lin_r02,prps,1376,-52,-0.442089,21,0,21,0.05497787,3.15000,prps,2,1330
66544,66.544,1,4004,54004,ladder_a11_lin_r02,prps,1385,-43,-0.371628,25,0,25,0.06544985,3.75000,prps,2,1331
66549,66.549,1,4004,54004,ladder_a11_lin_r02,prps,1397,-31,-0.264309,28,0,28,0.07330382,4.20000,prps,2,1332
66554,66.554,1,4004,54004,ladder_a11_lin_r02,prps,1413,-15,-0.128867,29,0,29,0.07592182,4.35000,prps,2,1333
66559,66.559,1,4004,54004,ladder_a11_lin_r02,prps,1431,3,0.021798,30,0,30,0.07853982,4.50000,prps,2,1334
66564,66.564,1,4004,54004,ladder_a11_lin_r02,prps,1448,20,0.171962,29,0,29,0.07592182,4.35000,prps,2,1335
66569,66.569,1,4004,54004,ladder_a11_lin_r02,prps,1464,36,0.304828,25,0,25,0.06544985,3.75000,prps,2,1336
66574,66.574,1,4004,54004,ladder_a11_lin_r02,prps,1475,47,0.404481,20,0,20,0.05235988,3.00000,prps,2,1337
66579,66.579,1,4004,54004,ladder_a11_lin_r02,prps,1482,54,0.457829,13,0,13,0.03403392,1.95000,prps,2,1338
66584,66.584,1,4004,54004,ladder_a11_lin_r02,prps,1481,53,0.456266,6,0,6,0.01570796,0.90000,prps,2,1339
66589,66.589,1,4004,54004,ladder_a11_lin_r02,prps,1474,46,0.396869,-1,0,-1,-0.00261799,-0.15000,prps,2,1340
66594,66.594,1,4004,54004,ladder_a11_lin_r02,prps,1461,33,0.282960,-8,0,-8,-0.02094395,-1.20000,prps,2,1341
66599,66.599,1,4004,54004,ladder_a11_lin_r02,prps,1443,15,0.123940,-13,0,-13,-0.03403392,-1.95000,prps,2,1342
66604,66.604,1,4004,54004,ladder_a11_lin_r02,prps,1420,-8,-0.065588,-16,0,-16,-0.04188790,-2.40000,prps,2,1343
66609,66.609,1,4004,54004,ladder_a11_lin_r02,prps,1397,-31,-0.267326,-16,0,-16,-0.04188790,-2.40000,prps,2,1344
66614,66.614,1,4004,54004,ladder_a11_lin_r02,prps,1374,-54,-0.461261,-14,0,-14,-0.03665191,-2.10000,prps,2,1345
66619,66.619,1,4004,54004,ladder_a11_lin_r02,prps,1355,-73,-0.627879,-10,0,-10,-0.02617994,-1.50000,prps,2,1346
66624,66.624,1,4004,54004,ladder_a11_lin_r02,prps,1340,-88,-0.750351,-4,0,-4,-0.01047198,-0.60000,prps,2,1347
66629,66.629,1,4004,54004,ladder_a11_lin_r02,prps,1332,-96,-0.816463,4,0,4,0.01047198,0.60000,prps,2,1348
66634,66.634,1,4004,54004,ladder_a11_lin_r02,prps,1332,-96,-0.820016,14,0,14,0.03665191,2.10000,prps,2,1349
66639,66.639,1,4004,54004,ladder_a11_lin_r02,prps,1339,-89,-0.761564,23,0,23,0.06021386,3.45000,prps,2,1350
66644,66.644,1,4004,54004,ladder_a11_lin_r02,prps,1352,-76,-0.648376,31,0,31,0.08115781,4.65000,prps,2,1351
66649,66.649,1,4004,54004,ladder_a11_lin_r02,prps,1370,-58,-0.493624,38,0,38,0.09948376,5.70000,prps,2,1352
66654,66.654,1,4004,54004,ladder_a11_lin_r02,prps,1391,-37,-0.314902,43,0,43,0.11257374,6.45000,prps,2,1353
66659,66.659,1,4004,54004,ladder_a11_lin_r02,prps,1413,-15,-0.132226,45,0,45,0.11780972,6.75000,prps,2,1354
66664,66.664,1,4004,54004,ladder_a11_lin_r02,prps,1432,4,0.034236,43,0,43,0.11257374,6.45000,prps,2,1355
66669,66.669,1,4004,54004,ladder_a11_lin_r02,prps,1447,19,0.166443,40,0,40,0.10471976,6.00000,prps,2,1356
66674,66.674,1,4004,54004,ladder_a11_lin_r02,prps,1457,29,0.250502,35,0,35,0.09162979,5.25000,prps,2,1357
66679,66.679,1,4004,54004,ladder_a11_lin_r02,prps,1461,33,0.278199,28,0,28,0.07330382,4.20000,prps,2,1358
66684,66.684,1,4004,54004,ladder_a11_lin_r02,prps,1457,29,0.247857,20,0,20,0.05235988,3.00000,prps,2,1359
66689,66.689,1,4004,54004,ladder_a11_lin_r02,prps,1447,19,0.164430,12,0,12,0.03141592,1.80000,prps,2,1360
66694,66.694,1,4004,54004,ladder_a11_lin_r02,prps,1433,5,0.038825,6,0,6,0.01570796,0.90000,prps,2,1361
66699,66.699,1,4004,54004,ladder_a11_lin_r02,prps,1415,-13,-0.113455,1,0,1,0.00261799,0.15000,prps,2,1362
66704,66.704,1,4004,54004,ladder_a11_lin_r02,prps,1396,-32,-0.274192,-1,0,-1,-0.00261799,-0.15000,prps,2,1363
66709,66.709,1,4004,54004,ladder_a11_lin_r02,prps,1378,-50,-0.424612,-1,0,-1,-0.00261799,-0.15000,prps,2,1364
66714,66.714,1,4004,54004,ladder_a11_lin_r02,prps,1364,-64,-0.547578,1,0,1,0.00261799,0.15000,prps,2,1365
66719,66.719,1,4004,54004,ladder_a11_lin_r02,prps,1354,-74,-0.629551,5,0,5,0.01308997,0.75000,prps,2,1366
66724,66.724,1,4004,54004,ladder_a11_lin_r02,prps,1351,-77,-0.662092,11,0,11,0.02879793,1.65000,prps,2,1367
66729,66.729,1,4004,54004,ladder_a11_lin_r02,prps,1353,-75,-0.642731,18,0,18,0.04712389,2.70000,prps,2,1368
66734,66.734,1,4004,54004,ladder_a11_lin_r02,prps,1361,-67,-0.575111,25,0,25,0.06544985,3.75000,prps,2,1369
66739,66.739,1,4004,54004,ladder_a11_lin_r02,prps,1373,-55,-0.468417,30,0,30,0.07853982,4.50000,prps,2,1370
66744,66.744,1,4004,54004,ladder_a11_lin_r02,prps,1389,-39,-0.336145,35,0,35,0.09162979,5.25000,prps,2,1371
66749,66.749,1,4004,54004,ladder_a11_lin_r02,prps,1405,-23,-0.194397,36,0,36,0.09424778,5.40000,prps,2,1372
66754,66.754,1,4004,54004,ladder_a11_lin_r02,prps,1421,-7,-0.059910,36,0,36,0.09424778,5.40000,prps,2,1373
66759,66.759,1,4004,54004,ladder_a11_lin_r02,prps,1434,6,0.051948,36,0,36,0.09424778,5.40000,prps,2,1374
66764,66.764,1,4004,54004,ladder_a11_lin_r02,prps,1443,15,0.128964,32,0,32,0.08377580,4.80000,prps,2,1375
66769,66.769,1,4004,54004,ladder_a11_lin_r02,prps,1447,19,0.163440,26,0,26,0.06806784,3.90000,prps,2,1376
66774,66.774,1,4004,54004,ladder_a11_lin_r02,prps,1446,18,0.152970,20,0,20,0.05235988,3.00000,prps,2,1377
66779,66.779,1,4004,54004,ladder_a11_lin_r02,prps,1440,12,0.100570,14,0,14,0.03665191,2.10000,prps,2,1378
66784,66.784,1,4004,54004,ladder_a11_lin_r02,prps,1430,2,0.014143,9,0,9,0.02356194,1.35000,prps,2,1379
66789,66.789,1,4004,54004,ladder_a11_lin_r02,prps,1417,-11,-0.094619,5,0,5,0.01308997,0.75000,prps,2,1380
66794,66.794,1,4004,54004,ladder_a11_lin_r02,prps,1403,-25,-0.211759,3,0,3,0.00785398,0.45000,prps,2,1381
66799,66.799,1,4004,54004,ladder_a11_lin_r02,prps,1390,-38,-0.322790,3,0,3,0.00785398,0.45000,prps,2,1382
66804,66.804,1,4004,54004,ladder_a11_lin_r02,prps,1380,-48,-0.414436,5,0,5,0.01308997,0.75000,prps,2,1383
66809,66.809,1,4004,54004,ladder_a11_lin_r02,prps,1372,-56,-0.476151,7,0,7,0.01832596,1.05000,prps,2,1384
66814,66.814,1,4004,54004,ladder_a11_lin_r02,prps,1369,-59,-0.501245,11,0,11,0.02879793,1.65000,prps,2,1385
66819,66.819,1,4004,54004,ladder_a11_lin_r02,prps,1371,-57,-0.487482,16,0,16,0.04188790,2.40000,prps,2,1386
66824,66.824,1,4004,54004,ladder_a11_lin_r02,prps,1377,-51,-0.437099,21,0,21,0.05497787,3.15000,prps,2,1387
66829,66.829,1,4004,54004,ladder_a11_lin_r02,prps,1386,-42,-0.356263,26,0,26,0.06806784,3.90000,prps,2,1388
66834,66.834,1,4004,54004,ladder_a11_lin_r02,prps,1398,-30,-0.254058,29,0,29,0.07592182,4.35000,prps,2,1389
66839,66.839,1,4004,54004,ladder_a11_lin_r02,prps,1411,-17,-0.141146,30,0,30,0.07853982,4.50000,prps,2,1390
66844,66.844,1,4004,54004,ladder_a11_lin_r02,prps,1425,-3,-0.028291,30,0,30,0.07853982,4.50000,prps,2,1391
66849,66.849,1,4004,54004,ladder_a11_lin_r02,prps,1437,9,0.075057,29,0,29,0.07592182,4.35000,prps,2,1392
66854,66.854,1,4004,54004,ladder_a11_lin_r02,prps,1447,19,0.161936,26,0,26,0.06806784,3.90000,prps,2,1393
66859,66.859,1,4004,54004,ladder_a11_lin_r02,prps,1455,27,0.228651,21,0,21,0.05497787,3.15000,prps,2,1394
66864,66.864,1,4004,54004,ladder_a11_lin_r02,prps,1460,32,0.275070,15,0,15,0.03926991,2.25000,prps,2,1395
66869,66.869,1,4004,54004,ladder_a11_lin_r02,prps,1464,36,0.304407,10,0,10,0.02617994,1.50000,prps,2,1396
66874,66.874,1,4004,54004,ladder_a11_lin_r02,prps,1466,38,0.322541,4,0,4,0.01047198,0.60000,prps,2,1397
66879,66.879,1,4004,54004,ladder_a11_lin_r02,prps,1467,39,0.336966,-1,0,-1,-0.00261799,-0.15000,prps,2,1398
66884,66.884,1,4004,54004,ladder_a11_lin_r02,prps,1470,42,0.355535,-6,0,-6,-0.01570796,-0.90000,prps,2,1399
66889,66.889,1,4004,54004,ladder_a11_lin_r02,prps,1473,45,0.385168,-9,0,-9,-0.02356194,-1.35000,prps,2,1400
66894,66.894,1,4004,54004,ladder_a11_lin_r02,prps,1478,50,0.430700,-13,0,-13,-0.03403392,-1.95000,prps,2,1401
66899,66.899,1,4004,54004,ladder_a11_lin_r02,prps,1486,58,0.494049,-16,0,-16,-0.04188790,-2.40000,prps,2,1402
66904,66.904,1,4004,54004,ladder_a11_lin_r02,prps,1495,67,0.573787,-19,0,-19,-0.04974188,-2.85000,prps,2,1403
66909,66.909,1,4004,54004,ladder_a11_lin_r02,prps,1506,78,0.665209,-22,0,-22,-0.05759586,-3.30000,prps,2,1404
66914,66.914,1,4004,54004,ladder_a11_lin_r02,prps,1517,89,0.760865,-26,0,-26,-0.06806784,-3.90000,prps,2,1405
66919,66.919,1,4004,54004,ladder_a11_lin_r02,prps,1528,100,0.851502,-29,0,-29,-0.07592182,-4.35000,prps,2,1406
66924,66.924,1,4004,54004,ladder_a11_lin_r02,prps,1536,108,0.927282,-33,0,-33,-0.08639380,-4.95000,prps,2,1407
66929,66.929,1,4004,54004,ladder_a11_lin_r02,prps,1543,115,0.979128,-38,0,-38,-0.09948376,-5.70000,prps,2,1408
66934,66.934,1,4004,54004,ladder_a11_lin_r02,prps,1545,117,1.000000,-43,0,-43,-0.11257374,-6.45000,prps,2,1409
66939,66.939,1,4004,54004,ladder_a11_lin_r02,prps,1543,115,0.985942,-48,0,-48,-0.12566370,-7.20000,prps,2,1410
66944,66.944,1,4004,54004,ladder_a11_lin_r02,prps,1538,110,0.936757,-53,0,-53,-0.13875367,-7.95000,prps,2,1411
66949,66.949,1,4004,54004,ladder_a11_lin_r02,prps,1528,100,0.856210,-57,0,-57,-0.14922565,-8.55000,prps,2,1412
66954,66.954,1,4004,54004,ladder_a11_lin_r02,prps,1516,88,0.751729,-60,0,-60,-0.15707964,-9.00000,prps,2,1413
66959,66.959,1,4004,54004,ladder_a11_lin_r02,prps,1502,74,0.633631,-62,0,-62,-0.16231562,-9.30000,prps,2,1414
66964,66.964,1,4004,54004,ladder_a11_lin_r02,prps,1488,60,0.513969,-61,0,-61,-0.15969762,-9.15000,prps,2,1415
66969,66.969,1,4004,54004,ladder_a11_lin_r02,prps,1475,47,0.405129,-60,0,-60,-0.15707964,-9.00000,prps,2,1416
66974,66.974,1,4004,54004,ladder_a11_lin_r02,prps,1465,37,0.318372,-56,0,-56,-0.14660765,-8.40000,prps,2,1417
66979,66.979,1,4004,54004,ladder_a11_lin_r02,prps,1459,31,0.262470,-51,0,-51,-0.13351768,-7.65000,prps,2,1418
66984,66.984,1,4004,54004,ladder_a11_lin_r02,prps,1456,28,0.242643,-47,0,-47,-0.12304571,-7.05000,prps,2,1419
66989,66.989,1,4004,54004,ladder_a11_lin_r02,prps,1458,30,0.259899,-41,0,-41,-0.10733775,-6.15000,prps,2,1420
66994,66.994,1,4004,54004,ladder_a11_lin_r02,prps,1464,36,0.310874,-36,0,-36,-0.09424778,-5.40000,prps,2,1421
66999,66.999,1,4004,54004,ladder_a11_lin_r02,prps,1473,45,0.388207,-31,0,-31,-0.08115781,-4.65000,prps,2,1422
67004,67.004,1,4004,54004,ladder_a11_lin_r02,prps,1484,56,0.481380,-28,0,-28,-0.07330382,-4.20000,prps,2,1423
67009,67.009,1,4004,54004,ladder_a11_lin_r02,prps,1496,68,0.577950,-26,0,-26,-0.06806784,-3.90000,prps,2,1424
67014,67.014,1,4004,54004,ladder_a11_lin_r02,prps,1506,78,0.665008,-26,0,-26,-0.06806784,-3.90000,prps,2,1425
67019,67.019,1,4004,54004,ladder_a11_lin_r02,prps,1513,85,0.730700,-27,0,-27,-0.07068583,-4.05000,prps,2,1426
67024,67.024,1,4004,54004,ladder_a11_lin_r02,prps,1518,90,0.765632,-30,0,-30,-0.07853982,-4.50000,prps,2,1427
67029,67.029,1,4004,54004,ladder_a11_lin_r02,prps,1517,89,0.763977,-33,0,-33,-0.08639380,-4.95000,prps,2,1428
67034,67.034,1,4004,54004,ladder_a11_lin_r02,prps,1513,85,0.724178,-37,0,-37,-0.09686577,-5.55000,prps,2,1429
67039,67.039,1,4004,54004,ladder_a11_lin_r02,prps,1504,76,0.649144,-41,0,-41,-0.10733775,-6.15000,prps,2,1430
67044,67.044,1,4004,54004,ladder_a11_lin_r02,prps,1492,64,0.545937,-44,0,-44,-0.11519173,-6.60000,prps,2,1431
67049,67.049,1,4004,54004,ladder_a11_lin_r02,prps,1478,50,0.424983,-45,0,-45,-0.11780972,-6.75000,prps,2,1432
67054,67.054,1,4004,54004,ladder_a11_lin_r02,prps,1463,35,0.298893,-45,0,-45,-0.11780972,-6.75000,prps,2,1433
67059,67.059,1,4004,54004,ladder_a11_lin_r02,prps,1449,21,0.181056,-44,0,-44,-0.11519173,-6.60000,prps,2,1434
67064,67.064,1,4004,54004,ladder_a11_lin_r02,prps,1438,10,0.084142,-41,0,-41,-0.10733775,-6.15000,prps,2,1435
67069,67.069,1,4004,54004,ladder_a11_lin_r02,prps,1430,2,0.018710,-37,0,-37,-0.09686577,-5.55000,prps,2,1436
67074,67.074,1,4004,54004,ladder_a11_lin_r02,prps,1427,-1,-0.007947,-31,0,-31,-0.08115781,-4.65000,prps,2,1437
67079,67.079,1,4004,54004,ladder_a11_lin_r02,prps,1429,1,0.007422,-25,0,-25,-0.06544985,-3.75000,prps,2,1438
67084,67.084,1,4004,54004,ladder_a11_lin_r02,prps,1435,7,0.063700,-19,0,-19,-0.04974188,-2.85000,prps,2,1439
67089,67.089,1,4004,54004,ladder_a11_lin_r02,prps,1446,18,0.155555,-14,0,-14,-0.03665191,-2.10000,prps,2,1440
67094,67.094,1,4004,54004,ladder_a11_lin_r02,prps,1460,32,0.274030,-10,0,-10,-0.02617994,-1.50000,prps,2,1441
67099,67.099,1,4004,54004,ladder_a11_lin_r02,prps,1476,48,0.407522,-9,0,-9,-0.02356194,-1.35000,prps,2,1442
67104,67.104,1,4004,54004,ladder_a11_lin_r02,prps,1492,64,0.542994,-9,0,-9,-0.02356194,-1.35000,prps,2,1443
67109,67.109,1,4004,54004,ladder_a11_lin_r02,prps,1506,78,0.667319,-12,0,-12,-0.03141592,-1.80000,prps,2,1444
67114,67.114,1,4004,54004,ladder_a11_lin_r02,prps,1518,90,0.768582,-15,0,-15,-0.03926991,-2.25000,prps,2,1445
67119,67.119,1,4004,54004,ladder_a11_lin_r02,prps,1526,98,0.837219,-20,0,-20,-0.05235988,-3.00000,prps,2,1446
67124,67.124,1,4004,54004,ladder_a11_lin_r02,prps,1529,101,0.866882,-26,0,-26,-0.06806784,-3.90000,prps,2,1447
67129,67.129,1,4004,54004,ladder_a11_lin_r02,prps,1528,100,0.854944,-32,0,-32,-0.08377580,-4.80000,prps,2,1448
67134,67.134,1,4004,54004,ladder_a11_lin_r02,prps,1522,94,0.802624,-38,0,-38,-0.09948376,-5.70000,prps,2,1449
67139,67.139,1,4004,54004,ladder_a11_lin_r02,prps,1512,84,0.714733,-43,0,-43,-0.11257374,-6.45000,prps,2,1450
67144,67.144,1,4004,54004,ladder_a11_lin_r02,prps,1498,70,0.599095,-47,0,-47,-0.12304571,-7.05000,prps,2,1451
67149,67.149,1,4004,54004,ladder_a11_lin_r02,prps,1482,54,0.465718,-49,0,-49,-0.12828170,-7.35000,prps,2,1452
67154,67.154,1,4004,54004,ladder_a11_lin_r02,prps,1466,38,0.325817,-48,0,-48,-0.12566370,-7.20000,prps,2,1453
67159,67.159,1,4004,54004,ladder_a11_lin_r02,prps,1450,22,0.190790,-47,0,-47,-0.12304571,-7.05000,prps,2,1454
67164,67.164,1,4004,54004,ladder_a11_lin_r02,prps,1436,8,0.071246,-44,0,-44,-0.11519173,-6.60000,prps,2,1455
67169,67.169,1,4004,54004,ladder_a11_lin_r02,prps,1425,-3,-0.023822,-40,0,-40,-0.10471976,-6.00000,prps,2,1456
67174,67.174,1,4004,54004,ladder_a11_lin_r02,prps,1418,-10,-0.087669,-34,0,-34,-0.08901179,-5.10000,prps,2,1457
67179,67.179,1,4004,54004,ladder_a11_lin_r02,prps,1414,-14,-0.116194,-27,0,-27,-0.07068583,-4.05000,prps,2,1458
67184,67.184,1,4004,54004,ladder_a11_lin_r02,prps,1415,-13,-0.108098,-20,0,-20,-0.05235988,-3.00000,prps,2,1459
67189,67.189,1,4004,54004,ladder_a11_lin_r02,prps,1420,-8,-0.064801,-14,0,-14,-0.03665191,-2.10000,prps,2,1460
67194,67.194,1,4004,54004,ladder_a11_lin_r02,prps,1429,1,0.009813,-8,0,-8,-0.02094395,-1.20000,prps,2,1461
67199,67.199,1,4004,54004,ladder_a11_lin_r02,prps,1441,13,0.109821,-4,0,-4,-0.01047198,-0.60000,prps,2,1462
67204,67.204,1,4004,54004,ladder_a11_lin_r02,prps,1455,27,0.227770,-2,0,-2,-0.00523599,-0.30000,prps,2,1463
67209,67.209,1,4004,54004,ladder_a11_lin_r02,prps,1470,42,0.355247,-1,0,-1,-0.00261799,-0.15000,prps,2,1464
67214,67.214,1,4004,54004,ladder_a11_lin_r02,prps,1485,57,0.483460,-2,0,-2,-0.00523599,-0.30000,prps,2,1465
67219,67.219,1,4004,54004,ladder_a11_lin_r02,prps,1499,71,0.603792,-5,0,-5,-0.01308997,-0.75000,prps,2,1466
67224,67.224,1,4004,54004,ladder_a11_lin_r02,prps,1511,83,0.708328,-9,0,-9,-0.02356194,-1.35000,prps,2,1467
67229,67.229,1,4004,54004,ladder_a11_lin_r02,prps,1520,92,0.790310,-14,0,-14,-0.03665191,-2.10000,prps,2,1468
67234,67.234,1,4004,54004,ladder_a11_lin_r02,prps,1527,99,0.844529,-20,0,-20,-0.05235988,-3.00000,prps,2,1469
67239,67.239,1,4004,54004,ladder_a11_lin_r02,prps,1530,102,0.867645,-27,0,-27,-0.07068583,-4.05000,prps,2,1470
67244,67.244,1,4004,54004,ladder_a11_lin_r02,prps,1528,100,0.858408,-33,0,-33,-0.08639380,-4.95000,prps,2,1471
67249,67.249,1,4004,54004,ladder_a11_lin_r02,prps,1524,96,0.817786,-39,0,-39,-0.10210176,-5.85000,prps,2,1472
67254,67.254,1,4004,54004,ladder_a11_lin_r02,prps,1516,88,0.748968,-44,0,-44,-0.11519173,-6.60000,prps,2,1473
67259,67.259,1,4004,54004,ladder_a11_lin_r02,prps,1505,77,0.657236,-48,0,-48,-0.12566370,-7.20000,prps,2,1474
67264,67.264,1,4004,54004,ladder_a11_lin_r02,prps,1492,64,0.549690,-50,0,-50,-0.13089970,-7.50000,prps,2,1475
67269,67.269,1,4004,54004,ladder_a11_lin_r02,prps,1479,51,0.434810,-50,0,-50,-0.13089970,-7.50000,prps,2,1476
67274,67.274,1,4004,54004,ladder_a11_lin_r02,prps,1466,38,0.321886,-49,0,-49,-0.12828170,-7.35000,prps,2,1477
67279,67.279,1,4004,54004,ladder_a11_lin_r02,prps,1454,26,0.220316,-47,0,-47,-0.12304571,-7.05000,prps,2,1478
67284,67.284,1,4004,54004,ladder_a11_lin_r02,prps,1444,16,0.138823,-44,0,-44,-0.11519173,-6.60000,prps,2,1479
67289,67.289,1,4004,54004,ladder_a11_lin_r02,prps,1438,10,0.084654,-39,0,-39,-0.10210176,-5.85000,prps,2,1480
67294,67.294,1,4004,54004,ladder_a11_lin_r02,prps,1435,7,0.062827,-33,0,-33,-0.08639380,-4.95000,prps,2,1481
67299,67.299,1,4004,54004,ladder_a11_lin_r02,prps,1437,9,0.075512,-28,0,-28,-0.07330382,-4.20000,prps,2,1482
67304,67.304,1,4004,54004,ladder_a11_lin_r02,prps,1442,14,0.121622,-22,0,-22,-0.05759586,-3.30000,prps,2,1483
67309,67.309,1,4004,54004,ladder_a11_lin_r02,prps,1451,23,0.196676,-18,0,-18,-0.04712389,-2.70000,prps,2,1484
67314,67.314,1,4004,54004,ladder_a11_lin_r02,prps,1462,34,0.292998,-14,0,-14,-0.03665191,-2.10000,prps,2,1485
67319,67.319,1,4004,54004,ladder_a11_lin_r02,prps,1475,47,0.400238,-13,0,-13,-0.03403392,-1.95000,prps,2,1486
67324,67.324,1,4004,54004,ladder_a11_lin_r02,prps,1487,59,0.506228,-13,0,-13,-0.03403392,-1.95000,prps,2,1487
67329,67.329,1,4004,54004,ladder_a11_lin_r02,prps,1498,70,0.598084,-15,0,-15,-0.03926991,-2.25000,prps,2,1488
67334,67.334,1,4004,54004,ladder_a11_lin_r02,prps,1506,78,0.663477,-17,0,-17,-0.04450589,-2.55000,prps,2,1489
67339,67.339,1,4004,54004,ladder_a11_lin_r02,prps,1509,81,0.691948,-21,0,-21,-0.05497787,-3.15000,prps,2,1490
67344,67.344,1,4004,54004,ladder_a11_lin_r02,prps,1507,79,0.676127,-25,0,-25,-0.06544985,-3.75000,prps,2,1491
67349,67.349,1,4004,54004,ladder_a11_lin_r02,prps,1500,72,0.612714,-30,0,-30,-0.07853982,-4.50000,prps,2,1492
67354,67.354,1,4004,54004,ladder_a11_lin_r02,prps,1487,59,0.503106,-34,0,-34,-0.08901179,-5.10000,prps,2,1493
67359,67.359,1,4004,54004,ladder_a11_lin_r02,prps,1469,41,0.353564,-37,0,-37,-0.09686577,-5.55000,prps,2,1494
67364,67.364,1,4004,54004,ladder_a11_lin_r02,prps,1448,20,0.174885,-38,0,-38,-0.09948376,-5.70000,prps,2,1495
67369,67.369,1,4004,54004,ladder_a11_lin_r02,prps,1426,-2,-0.018433,-38,0,-38,-0.09948376,-5.70000,prps,2,1496
67374,67.374,1,4004,54004,ladder_a11_lin_r02,prps,1403,-25,-0.209458,-36,0,-36,-0.09424778,-5.40000,prps,2,1497
67379,67.379,1,4004,54004,ladder_a11_lin_r02,prps,1383,-45,-0.380425,-30,0,-30,-0.07853982,-4.50000,prps,2,1498
67384,67.384,1,4004,54004,ladder_a11_lin_r02,prps,1368,-60,-0.514512,-23,0,-23,-0.06021386,-3.45000,prps,2,1499
67389,67.389,1,4004,54004,ladder_a11_lin_r02,prps,1358,-70,-0.597596,-15,0,-15,-0.03926991,-2.25000,prps,2,1500
67394,67.394,1,4004,54004,ladder_a11_lin_r02,prps,1355,-73,-0.619817,-6,0,-6,-0.01570796,-0.90000,prps,2,1501
67399,67.399,1,4004,54004,ladder_a11_lin_r02,prps,1361,-67,-0.576762,4,0,4,0.01047198,0.60000,prps,2,1502
67404,67.404,1,4004,54004,ladder_a11_lin_r02,prps,1373,-55,-0.470122,13,0,13,0.03403392,1.95000,prps,2,1503
67409,67.409,1,4004,54004,ladder_a11_lin_r02,prps,1392,-36,-0.307742,21,0,21,0.05497787,3.15000,prps,2,1504
67414,67.414,1,4004,54004,ladder_a11_lin_r02,prps,1416,-12,-0.103025,26,0,26,0.06806784,3.90000,prps,2,1505
67419,67.419,1,4004,54004,ladder_a11_lin_r02,prps,1443,15,0.126264,29,0,29,0.07592182,4.35000,prps,2,1506
67424,67.424,1,4004,54004,ladder_a11_lin_r02,prps,1470,42,0.359676,29,0,29,0.07592182,4.35000,prps,2,1507
67429,67.429,1,4004,54004,ladder_a11_lin_r02,prps,1495,67,0.576086,26,0,26,0.06806784,3.90000,prps,2,1508
67434,67.434,1,4004,54004,ladder_a11_lin_r02,prps,1516,88,0.755810,19,0,19,0.04974188,2.85000,prps,2,1509
67439,67.439,1,4004,54004,ladder_a11_lin_r02,prps,1531,103,0.882614,10,0,10,0.02617994,1.50000,prps,2,1510
67444,67.444,1,4004,54004,ladder_a11_lin_r02,prps,1539,111,0.945390,1,0,1,0.00261799,0.15000,prps,2,1511
67449,67.449,1,4004,54004,ladder_a11_lin_r02,prps,1538,110,0.939323,-10,0,-10,-0.02617994,-1.50000,prps,2,1512
67454,67.454,1,4004,54004,ladder_a11_lin_r02,prps,1529,101,0.866403,-21,0,-21,-0.05497787,-3.15000,prps,2,1513
67459,67.459,1,4004,54004,ladder_a11_lin_r02,prps,1514,86,0.735233,-30,0,-30,-0.07853982,-4.50000,prps,2,1514
67464,67.464,1,4004,54004,ladder_a11_lin_r02,prps,1494,66,0.560127,-38,0,-38,-0.09948376,-5.70000,prps,2,1515
67469,67.469,1,4004,54004,ladder_a11_lin_r02,prps,1470,42,0.359615,-43,0,-43,-0.11257374,-6.45000,prps,2,1516
67474,67.474,1,4004,54004,ladder_a11_lin_r02,prps,1446,18,0.154481,-45,0,-45,-0.11780972,-6.75000,prps,2,1517
67479,67.479,1,4004,54004,ladder_a11_lin_r02,prps,1424,-4,-0.034427,-44,0,-44,-0.11519173,-6.60000,prps,2,1518
67484,67.484,1,4004,54004,ladder_a11_lin_r02,prps,1406,-22,-0.188392,-41,0,-41,-0.10733775,-6.15000,prps,2,1519
67489,67.489,1,4004,54004,ladder_a11_lin_r02,prps,1394,-34,-0.292798,-35,0,-35,-0.09162979,-5.25000,prps,2,1520
67494,67.494,1,4004,54004,ladder_a11_lin_r02,prps,1388,-40,-0.338643,-27,0,-27,-0.07068583,-4.05000,prps,2,1521
67499,67.499,1,4004,54004,ladder_a11_lin_r02,prps,1390,-38,-0.323440,-18,0,-18,-0.04712389,-2.70000,prps,2,1522
67504,67.504,1,4004,54004,ladder_a11_lin_r02,prps,1399,-29,-0.251416,-9,0,-9,-0.02356194,-1.35000,prps,2,1523
67509,67.509,1,4004,54004,ladder_a11_lin_r02,prps,1412,-16,-0.132981,-2,0,-2,-0.00523599,-0.30000,prps,2,1524
67514,67.514,1,4004,54004,ladder_a11_lin_r02,prps,1430,2,0.016471,4,0,4,0.01047198,0.60000,prps,2,1525
67519,67.519,1,4004,54004,ladder_a11_lin_r02,prps,1449,21,0.178288,8,0,8,0.02094395,1.20000,prps,2,1526
67524,67.524,1,4004,54004,ladder_a11_lin_r02,prps,1467,39,0.332618,9,0,9,0.02356194,1.35000,prps,2,1527
67529,67.529,1,4004,54004,ladder_a11_lin_r02,prps,1482,54,0.460589,8,0,8,0.02094395,1.20000,prps,2,1528
67534,67.534,1,4004,54004,ladder_a11_lin_r02,prps,1492,64,0.546343,3,0,3,0.00785398,0.45000,prps,2,1529
67539,67.539,1,4004,54004,ladder_a11_lin_r02,prps,1496,68,0.578734,-2,0,-2,-0.00523599,-0.30000,prps,2,1530
67544,67.544,1,4004,54004,ladder_a11_lin_r02,prps,1493,65,0.552482,-7,0,-7,-0.01832596,-1.05000,prps,2,1531
67549,67.549,1,4004,54004,ladder_a11_lin_r02,prps,1483,55,0.468680,-14,0,-14,-0.03665191,-2.10000,prps,2,1532
67554,67.554,1,4004,54004,ladder_a11_lin_r02,prps,1467,39,0.334607,-20,0,-20,-0.05235988,-3.00000,prps,2,1533
67559,67.559,1,4004,54004,ladder_a11_lin_r02,prps,1447,19,0.162866,-24,0,-24,-0.06283185,-3.60000,prps,2,1534
67564,67.564,1,4004,54004,ladder_a11_lin_r02,prps,1424,-4,-0.030029,-26,0,-26,-0.06806784,-3.90000,prps,2,1535
67569,67.569,1,4004,54004,ladder_a11_lin_r02,prps,1402,-26,-0.225474,-26,0,-26,-0.06806784,-3.90000,prps,2,1536
67574,67.574,1,4004,54004,ladder_a11_lin_r02,prps,1381,-47,-0.404780,-24,0,-24,-0.06283185,-3.60000,prps,2,1537
67579,67.579,1,4004,54004,ladder_a11_lin_r02,prps,1364,-64,-0.551152,-18,0,-18,-0.04712389,-2.70000,prps,2,1538
67584,67.584,1,4004,54004,ladder_a11_lin_r02,prps,1352,-76,-0.651427,-10,0,-10,-0.02617994,-1.50000,prps,2,1539
67589,67.589,1,4004,54004,ladder_a11_lin_r02,prps,1346,-82,-0.697378,-2,0,-2,-0.00523599,-0.30000,prps,2,1540
67594,67.594,1,4004,54004,ladder_a11_lin_r02,prps,1348,-80,-0.686473,7,0,7,0.01832596,1.05000,prps,2,1541
67599,67.599,1,4004,54004,ladder_a11_lin_r02,prps,1355,-73,-0.621994,16,0,16,0.04188790,2.40000,prps,2,1542
67604,67.604,1,4004,54004,ladder_a11_lin_r02,prps,1368,-60,-0.512552,24,0,24,0.06283185,3.60000,prps,2,1543
67609,67.609,1,4004,54004,ladder_a11_lin_r02,prps,1385,-43,-0.371038,30,0,30,0.07853982,4.50000,prps,2,1544
67614,67.614,1,4004,54004,ladder_a11_lin_r02,prps,1403,-25,-0.213161,35,0,35,0.09162979,5.25000,prps,2,1545
67619,67.619,1,4004,54004,ladder_a11_lin_r02,prps,1421,-7,-0.055733,35,0,35,0.09162979,5.25000,prps,2,1546
67624,67.624,1,4004,54004,ladder_a11_lin_r02,prps,1438,10,0.085105,35,0,35,0.09162979,5.25000,prps,2,1547
67629,67.629,1,4004,54004,ladder_a11_lin_r02,prps,1451,23,0.195523,31,0,31,0.08115781,4.65000,prps,2,1548
67634,67.634,1,4004,54004,ladder_a11_lin_r02,prps,1459,31,0.265337,26,0,26,0.06806784,3.90000,prps,2,1549
67639,67.639,1,4004,54004,ladder_a11_lin_r02,prps,1462,34,0.288907,19,0,19,0.04974188,2.85000,prps,2,1550
67644,67.644,1,4004,54004,ladder_a11_lin_r02,prps,1459,31,0.265532,12,0,12,0.03141592,1.80000,prps,2,1551
67649,67.649,1,4004,54004,ladder_a11_lin_r02,prps,1451,23,0.199295,6,0,6,0.01570796,0.90000,prps,2,1552
67654,67.654,1,4004,54004,ladder_a11_lin_r02,prps,1440,12,0.098431,1,0,1,0.00261799,0.15000,prps,2,1553
67659,67.659,1,4004,54004,ladder_a11_lin_r02,prps,1425,-3,-0.025722,-4,0,-4,-0.01047198,-0.60000,prps,2,1554
67664,67.664,1,4004,54004,ladder_a11_lin_r02,prps,1409,-19,-0.160032,-5,0,-5,-0.01308997,-0.75000,prps,2,1555
67669,67.669,1,4004,54004,ladder_a11_lin_r02,prps,1394,-34,-0.291018,-5,0,-5,-0.01308997,-0.75000,prps,2,1556
67674,67.674,1,4004,54004,ladder_a11_lin_r02,prps,1380,-48,-0.406236,-4,0,-4,-0.01047198,-0.60000,prps,2,1557
67679,67.679,1,4004,54004,ladder_a11_lin_r02,prps,1370,-58,-0.495498,-1,0,-1,-0.00261799,-0.15000,prps,2,1558
67684,67.684,1,4004,54004,ladder_a11_lin_r02,prps,1363,-65,-0.551774,5,0,5,0.01308997,0.75000,prps,2,1559
67689,67.689,1,4004,54004,ladder_a11_lin_r02,prps,1361,-67,-0.571717,11,0,11,0.02879793,1.65000,prps,2,1560
67694,67.694,1,4004,54004,ladder_a11_lin_r02,prps,1363,-65,-0.555767,17,0,17,0.04450589,2.55000,prps,2,1561
67699,67.699,1,4004,54004,ladder_a11_lin_r02,prps,1369,-59,-0.507852,23,0,23,0.06021386,3.45000,prps,2,1562
67704,67.704,1,4004,54004,ladder_a11_lin_r02,prps,1377,-51,-0.434743,28,0,28,0.07330382,4.20000,prps,2,1563
67709,67.709,1,4004,54004,ladder_a11_lin_r02,prps,1388,-40,-0.345144,31,0,31,0.08115781,4.65000,prps,2,1564
67714,67.714,1,4004,54004,ladder_a11_lin_r02,prps,1399,-29,-0.248640,33,0,33,0.08639380,4.95000,prps,2,1565
67719,67.719,1,4004,54004,ladder_a11_lin_r02,prps,1410,-18,-0.154624,34,0,34,0.08901179,5.10000,prps,2,1566
67724,67.724,1,4004,54004,ladder_a11_lin_r02,prps,1420,-8,-0.071303,33,0,33,0.08639380,4.95000,prps,2,1567
67729,67.729,1,4004,54004,ladder_a11_lin_r02,prps,1427,-1,-0.004904,31,0,31,0.08115781,4.65000,prps,2,1568
67734,67.734,1,4004,54004,ladder_a11_lin_r02,prps,1433,5,0.040862,26,0,26,0.06806784,3.90000,prps,2,1569
67739,67.739,1,4004,54004,ladder_a11_lin_r02,prps,1436,8,0.065038,22,0,22,0.05759586,3.30000,prps,2,1570
67744,67.744,1,4004,54004,ladder_a11_lin_r02,prps,1436,8,0.069347,17,0,17,0.04450589,2.55000,prps,2,1571
67749,67.749,1,4004,54004,ladder_a11_lin_r02,prps,1435,7,0.057836,13,0,13,0.03403392,1.95000,prps,2,1572
67754,67.754,1,4004,54004,ladder_a11_lin_r02,prps,1432,4,0.036304,9,0,9,0.02356194,1.35000,prps,2,1573
67759,67.759,1,4004,54004,ladder_a11_lin_r02,prps,1429,1,0.011568,6,0,6,0.01570796,0.90000,prps,2,1574
67764,67.764,1,4004,54004,ladder_a11_lin_r02,prps,1427,-1,-0.009334,4,0,4,0.01047198,0.60000,prps,2,1575
67769,67.769,1,4004,54004,ladder_a11_lin_r02,prps,1426,-2,-0.019922,3,0,3,0.00785398,0.45000,prps,2,1576
67774,67.774,1,4004,54004,ladder_a11_lin_r02,prps,1426,-2,-0.014958,3,0,3,0.00785398,0.45000,prps,2,1577
67779,67.779,1,4004,54004,ladder_a11_lin_r02,prps,1429,1,0.009027,3,0,3,0.00785398,0.45000,prps,2,1578
67784,67.784,1,4004,54004,ladder_a11_lin_r02,prps,1434,6,0.053411,3,0,3,0.00785398,0.45000,prps,2,1579
67789,67.789,1,4004,54004,ladder_a11_lin_r02,prps,1442,14,0.117373,3,0,3,0.00785398,0.45000,prps,2,1580
67794,67.794,1,4004,54004,ladder_a11_lin_r02,prps,1451,23,0.198010,3,0,3,0.00785398,0.45000,prps,2,1581
67799,67.799,1,4004,54004,ladder_a11_lin_r02,prps,1462,34,0.290652,2,0,2,0.00523599,0.30000,prps,2,1582
67804,67.804,1,4004,54004,ladder_a11_lin_r02,prps,1474,46,0.389322,0,0,0,0.00000000,0.00000,prps,2,1583
67809,67.809,1,4004,54004,ladder_a11_lin_r02,prps,1485,57,0.487316,-3,0,-3,-0.00785398,-0.45000,prps,2,1584
67814,67.814,1,4004,54004,ladder_a11_lin_r02,prps,1496,68,0.577822,-7,0,-7,-0.01832596,-1.05000,prps,2,1585
67819,67.819,1,4004,54004,ladder_a11_lin_r02,prps,1505,77,0.654531,-12,0,-12,-0.03141592,-1.80000,prps,2,1586
67824,67.824,1,4004,54004,ladder_a11_lin_r02,prps,1511,83,0.712187,-18,0,-18,-0.04712389,-2.70000,prps,2,1587
67829,67.829,1,4004,54004,ladder_a11_lin_r02,prps,1515,87,0.747027,-23,0,-23,-0.06021386,-3.45000,prps,2,1588
67834,67.834,1,4004,54004,ladder_a11_lin_r02,prps,1517,89,0.757078,-28,0,-28,-0.07330382,-4.20000,prps,2,1589
67839,67.839,1,4004,54004,ladder_a11_lin_r02,prps,1515,87,0.742293,-33,0,-33,-0.08639380,-4.95000,prps,2,1590
67844,67.844,1,4004,54004,ladder_a11_lin_r02,prps,1510,82,0.704517,-37,0,-37,-0.09686577,-5.55000,prps,2,1591
67849,67.849,1,4004,54004,ladder_a11_lin_r02,prps,1504,76,0.647287,-41,0,-41,-0.10733775,-6.15000,prps,2,1592
67854,67.854,1,4004,54004,ladder_a11_lin_r02,prps,1495,67,0.575500,-44,0,-44,-0.11519173,-6.60000,prps,2,1593
67859,67.859,1,4004,54004,ladder_a11_lin_r02,prps,1486,58,0.494960,-45,0,-45,-0.11780972,-6.75000,prps,2,1594
67864,67.864,1,4004,54004,ladder_a11_lin_r02,prps,1476,48,0.411860,-45,0,-45,-0.11780972,-6.75000,prps,2,1595
67869,67.869,1,4004,54004,ladder_a11_lin_r02,prps,1467,39,0.332235,-44,0,-44,-0.11519173,-6.60000,prps,2,1596
67874,67.874,1,4004,54004,ladder_a11_lin_r02,prps,1459,31,0.261441,-43,0,-43,-0.11257374,-6.45000,prps,2,1597
67879,67.879,1,4004,54004,ladder_a11_lin_r02,prps,1452,24,0.203696,-40,0,-40,-0.10471976,-6.00000,prps,2,1598
67884,67.884,1,4004,54004,ladder_a11_lin_r02,prps,1447,19,0.161728,-35,0,-35,-0.09162979,-5.25000,prps,2,1599
67889,67.889,1,4004,54004,ladder_a11_lin_r02,prps,1444,16,0.136573,-31,0,-31,-0.08115781,-4.65000,prps,2,1600
67894,67.894,1,4004,54004,ladder_a11_lin_r02,prps,1443,15,0.127520,-27,0,-27,-0.07068583,-4.05000,prps,2,1601
67899,67.899,1,4004,54004,ladder_a11_lin_r02,prps,1443,15,0.132236,-23,0,-23,-0.06021386,-3.45000,prps,2,1602
67904,67.904,1,4004,54004,ladder_a11_lin_r02,prps,1445,17,0.147042,-19,0,-19,-0.04974188,-2.85000,prps,2,1603
67909,67.909,1,4004,54004,ladder_a11_lin_r02,prps,1448,20,0.167331,-16,0,-16,-0.04188790,-2.40000,prps,2,1604
67914,67.914,1,4004,54004,ladder_a11_lin_r02,prps,1450,22,0.188078,-14,0,-14,-0.03665191,-2.10000,prps,2,1605
67919,67.919,1,4004,54004,ladder_a11_lin_r02,prps,1452,24,0.204400,-12,0,-12,-0.03141592,-1.80000,prps,2,1606
67924,67.924,1,4004,54004,ladder_a11_lin_r02,prps,1453,25,0.212112,-12,0,-12,-0.03141592,-1.80000,prps,2,1607
67929,67.929,1,4004,54004,ladder_a11_lin_r02,prps,1452,24,0.208211,-12,0,-12,-0.03141592,-1.80000,prps,2,1608
67934,67.934,1,4004,54004,ladder_a11_lin_r02,prps,1450,22,0.191244,-12,0,-12,-0.03141592,-1.80000,prps,2,1609
67939,67.939,1,4004,54004,ladder_a11_lin_r02,prps,1447,19,0.161510,-12,0,-12,-0.03141592,-1.80000,prps,2,1610
67944,67.944,1,4004,54004,ladder_a11_lin_r02,prps,1442,14,0.121070,-12,0,-12,-0.03141592,-1.80000,prps,2,1611
67949,67.949,1,4004,54004,ladder_a11_lin_r02,prps,1437,9,0.073560,-12,0,-12,-0.03141592,-1.80000,prps,2,1612
67954,67.954,1,4004,54004,ladder_a11_lin_r02,prps,1431,3,0.023812,-12,0,-12,-0.03141592,-1.80000,prps,2,1613
67959,67.959,1,4004,54004,ladder_a11_lin_r02,prps,1425,-3,-0.022676,-11,0,-11,-0.02879793,-1.65000,prps,2,1614
67964,67.964,1,4004,54004,ladder_a11_lin_r02,prps,1421,-7,-0.060365,-9,0,-9,-0.02356194,-1.35000,prps,2,1615
67969,67.969,1,4004,54004,ladder_a11_lin_r02,prps,1418,-10,-0.084338,-7,0,-7,-0.01832596,-1.05000,prps,2,1616
67974,67.974,1,4004,54004,ladder_a11_lin_r02,prps,1417,-11,-0.090914,-5,0,-5,-0.01308997,-0.75000,prps,2,1617
67979,67.979,1,4004,54004,ladder_a11_lin_r02,prps,1419,-9,-0.078150,-2,0,-2,-0.00523599,-0.30000,prps,2,1618
67984,67.984,1,4004,54004,ladder_a11_lin_r02,prps,1423,-5,-0.046159,1,0,1,0.00261799,0.15000,prps,2,1619
67989,67.989,1,4004,54004,ladder_a11_lin_r02,prps,1428,0,0.002786,3,0,3,0.00785398,0.45000,prps,2,1620
67994,67.994,1,4004,54004,ladder_a11_lin_r02,prps,1436,8,0.064406,4,0,4,0.01047198,0.60000,prps,2,1621
67999,67.999,1,4004,54004,ladder_a11_lin_r02,prps,1444,16,0.132791,4,0,4,0.01047198,0.60000,prps,2,1622
68004,68.004,1,4004,54004,ladder_a11_lin_r02,prps,1452,24,0.200993,3,0,3,0.00785398,0.45000,prps,2,1623
68009,68.009,1,4004,54004,ladder_a11_lin_r02,prps,1459,31,0.261749,2,0,2,0.00523599,0.30000,prps,2,1624
68014,68.014,1,4004,54004,ladder_a11_lin_r02,prps,1464,36,0.308267,-1,0,-1,-0.00261799,-0.15000,prps,2,1625
68019,68.019,1,4004,54004,ladder_a11_lin_r02,prps,1467,39,0.334991,-3,0,-3,-0.00785398,-0.45000,prps,2,1626
68024,68.024,1,4004,54004,ladder_a11_lin_r02,prps,1468,40,0.338243,-6,0,-6,-0.01570796,-0.90000,prps,2,1627
68029,68.029,1,4004,54004,ladder_a11_lin_r02,prps,1465,37,0.316665,-9,0,-9,-0.02356194,-1.35000,prps,2,1628
68034,68.034,1,4004,54004,ladder_a11_lin_r02,prps,1460,32,0.271416,-13,0,-13,-0.03403392,-1.95000,prps,2,1629
68039,68.039,1,4004,54004,ladder_a11_lin_r02,prps,1452,24,0.206079,-15,0,-15,-0.03926991,-2.25000,prps,2,1630
68044,68.044,1,4004,54004,ladder_a11_lin_r02,prps,1443,15,0.126294,-17,0,-17,-0.04450589,-2.55000,prps,2,1631
68049,68.049,1,4004,54004,ladder_a11_lin_r02,prps,1433,5,0.039148,-17,0,-17,-0.04450589,-2.55000,prps,2,1632
68054,68.054,1,4004,54004,ladder_a11_lin_r02,prps,1422,-6,-0.047608,-17,0,-17,-0.04450589,-2.55000,prps,2,1633
68059,68.059,1,4004,54004,ladder_a11_lin_r02,prps,1413,-15,-0.126423,-15,0,-15,-0.03926991,-2.25000,prps,2,1634
68064,68.064,1,4004,54004,ladder_a11_lin_r02,prps,1406,-22,-0.190789,-12,0,-12,-0.03141592,-1.80000,prps,2,1635
68069,68.069,1,4004,54004,ladder_a11_lin_r02,prps,1400,-28,-0.235967,-8,0,-8,-0.02094395,-1.20000,prps,2,1636
68074,68.074,1,4004,54004,ladder_a11_lin_r02,prps,1398,-30,-0.259498,-4,0,-4,-0.01047198,-0.60000,prps,2,1637
68079,68.079,1,4004,54004,ladder_a11_lin_r02,prps,1397,-31,-0.261444,1,0,1,0.00261799,0.15000,prps,2,1638
68084,68.084,1,4004,54004,ladder_a11_lin_r02,prps,1399,-29,-0.244319,6,0,6,0.01570796,0.90000,prps,2,1639
68089,68.089,1,4004,54004,ladder_a11_lin_r02,prps,1403,-25,-0.212726,10,0,10,0.02617994,1.50000,prps,2,1640
68094,68.094,1,4004,54004,ladder_a11_lin_r02,prps,1408,-20,-0.172737,13,0,13,0.03403392,1.95000,prps,2,1641
68099,68.099,1,4004,54004,ladder_a11_lin_r02,prps,1413,-15,-0.131094,15,0,15,0.03926991,2.25000,prps,2,1642
68104,68.104,1,4004,54004,ladder_a11_lin_r02,prps,1417,-11,-0.094337,16,0,16,0.04188790,2.40000,prps,2,1643
68109,68.109,1,4004,54004,ladder_a11_lin_r02,prps,1420,-8,-0.067962,16,0,16,0.04188790,2.40000,prps,2,1644
68114,68.114,1,4004,54004,ladder_a11_lin_r02,prps,1421,-7,-0.055721,16,0,16,0.04188790,2.40000,prps,2,1645
68119,68.119,1,4004,54004,ladder_a11_lin_r02,prps,1421,-7,-0.059157,15,0,15,0.03926991,2.25000,prps,2,1646
68124,68.124,1,4004,54004,ladder_a11_lin_r02,prps,1419,-9,-0.077433,13,0,13,0.03403392,1.95000,prps,2,1647
68129,68.129,1,4004,54004,ladder_a11_lin_r02,prps,1415,-13,-0.107487,12,0,12,0.03141592,1.80000,prps,2,1648
68134,68.134,1,4004,54004,ladder_a11_lin_r02,prps,1411,-17,-0.144480,11,0,11,0.02879793,1.65000,prps,2,1649
68139,68.139,1,4004,54004,ladder_a11_lin_r02,prps,1407,-21,-0.182499,11,0,11,0.02879793,1.65000,prps,2,1650
68144,68.144,1,4004,54004,ladder_a11_lin_r02,prps,1403,-25,-0.215408,11,0,11,0.02879793,1.65000,prps,2,1651
68149,68.149,1,4004,54004,ladder_a11_lin_r02,prps,1400,-28,-0.237747,11,0,11,0.02879793,1.65000,prps,2,1652
68154,68.154,1,4004,54004,ladder_a11_lin_r02,prps,1399,-29,-0.245551,12,0,12,0.03141592,1.80000,prps,2,1653
68159,68.159,1,4004,54004,ladder_a11_lin_r02,prps,1400,-28,-0.236973,13,0,13,0.03403392,1.95000,prps,2,1654
68164,68.164,1,4004,54004,ladder_a11_lin_r02,prps,1403,-25,-0.212633,15,0,15,0.03926991,2.25000,prps,2,1655
68169,68.169,1,4004,54004,ladder_a11_lin_r02,prps,1407,-21,-0.175629,16,0,16,0.04188790,2.40000,prps,2,1656
68174,68.174,1,4004,54004,ladder_a11_lin_r02,prps,1413,-15,-0.131202,17,0,17,0.04450589,2.55000,prps,2,1657
68179,68.179,1,4004,54004,ladder_a11_lin_r02,prps,1418,-10,-0.086098,17,0,17,0.04450589,2.55000,prps,2,1658
68184,68.184,1,4004,54004,ladder_a11_lin_r02,prps,1422,-6,-0.047689,17,0,17,0.04450589,2.55000,prps,2,1659
68189,68.189,1,4004,54004,ladder_a11_lin_r02,prps,1425,-3,-0.022982,16,0,16,0.04188790,2.40000,prps,2,1660
68194,68.194,1,4004,54004,ladder_a11_lin_r02,prps,1426,-2,-0.017634,16,0,16,0.04188790,2.40000,prps,2,1661
68199,68.199,1,4004,54004,ladder_a11_lin_r02,prps,1424,-4,-0.035117,14,0,14,0.03665191,2.10000,prps,2,1662
68204,68.204,1,4004,54004,ladder_a11_lin_r02,prps,1419,-9,-0.076133,11,0,11,0.02879793,1.65000,prps,2,1663
68209,68.209,1,4004,54004,ladder_a11_lin_r02,prps,1412,-16,-0.138388,9,0,9,0.02356194,1.35000,prps,2,1664
68214,68.214,1,4004,54004,ladder_a11_lin_r02,prps,1403,-25,-0.216755,8,0,8,0.02094395,1.20000,prps,2,1665
68219,68.219,1,4004,54004,ladder_a11_lin_r02,prps,1392,-36,-0.303813,7,0,7,0.01832596,1.05000,prps,2,1666
68224,68.224,1,4004,54004,ladder_a11_lin_r02,prps,1382,-46,-0.390722,8,0,8,0.02094395,1.20000,prps,2,1667
68229,68.229,1,4004,54004,ladder_a11_lin_r02,prps,1373,-55,-0.468309,10,0,10,0.02617994,1.50000,prps,2,1668
68234,68.234,1,4004,54004,ladder_a11_lin_r02,prps,1366,-62,-0.528245,14,0,14,0.03665191,2.10000,prps,2,1669
68239,68.239,1,4004,54004,ladder_a11_lin_r02,prps,1362,-66,-0.564146,18,0,18,0.04712389,2.70000,prps,2,1670
68244,68.244,1,4004,54004,ladder_a11_lin_r02,prps,1361,-67,-0.572468,23,0,23,0.06021386,3.45000,prps,2,1671
68249,68.249,1,4004,54004,ladder_a11_lin_r02,prps,1363,-65,-0.553049,27,0,27,0.07068583,4.05000,prps,2,1672
68254,68.254,1,4004,54004,ladder_a11_lin_r02,prps,1368,-60,-0.509231,31,0,31,0.08115781,4.65000,prps,2,1673
68259,68.259,1,4004,54004,ladder_a11_lin_r02,prps,1376,-52,-0.447525,35,0,35,0.09162979,5.25000,prps,2,1674
68264,68.264,1,4004,54004,ladder_a11_lin_r02,prps,1384,-44,-0.376839,37,0,37,0.09686577,5.55000,prps,2,1675
68269,68.269,1,4004,54004,ladder_a11_lin_r02,prps,1392,-36,-0.307365,38,0,38,0.09948376,5.70000,prps,2,1676
68274,68.274,1,4004,54004,ladder_a11_lin_r02,prps,1399,-29,-0.249257,38,0,38,0.09948376,5.70000,prps,2,1677
68279,68.279,1,4004,54004,ladder_a11_lin_r02,prps,1403,-25,-0.211249,38,0,38,0.09948376,5.70000,prps,2,1678
68284,68.284,1,4004,54004,ladder_a11_lin_r02,prps,1405,-23,-0.199419,35,0,35,0.09162979,5.25000,prps,2,1679
68289,68.289,1,4004,54004,ladder_a11_lin_r02,prps,1403,-25,-0.216236,32,0,32,0.08377580,4.80000,prps,2,1680
68294,68.294,1,4004,54004,ladder_a11_lin_r02,prps,1398,-30,-0.260045,28,0,28,0.07330382,4.20000,prps,2,1681
68299,68.299,1,4004,54004,ladder_a11_lin_r02,prps,1390,-38,-0.325070,26,0,26,0.06806784,3.90000,prps,2,1682
68304,68.304,1,4004,54004,ladder_a11_lin_r02,prps,1381,-47,-0.401951,24,0,24,0.06283185,3.60000,prps,2,1683
68309,68.309,1,4004,54004,ladder_a11_lin_r02,prps,1372,-56,-0.478772,24,0,24,0.06283185,3.60000,prps,2,1684
68314,68.314,1,4004,54004,ladder_a11_lin_r02,prps,1365,-63,-0.542472,24,0,24,0.06283185,3.60000,prps,2,1685
68319,68.319,1,4004,54004,ladder_a11_lin_r02,prps,1360,-68,-0.580467,25,0,25,0.06544985,3.75000,prps,2,1686
68324,68.324,1,4004,54004,ladder_a11_lin_r02,prps,1360,-68,-0.582300,28,0,28,0.07330382,4.20000,prps,2,1687
68329,68.329,1,4004,54004,ladder_a11_lin_r02,prps,1365,-63,-0.541098,31,0,31,0.08115781,4.65000,prps,2,1688
68334,68.334,1,4004,54004,ladder_a11_lin_r02,prps,1375,-53,-0.454662,34,0,34,0.08901179,5.10000,prps,2,1689
68339,68.339,1,4004,54004,ladder_a11_lin_r02,prps,1390,-38,-0.326024,37,0,37,0.09686577,5.55000,prps,2,1690
68344,68.344,1,4004,54004,ladder_a11_lin_r02,prps,1409,-19,-0.163401,38,0,38,0.09948376,5.70000,prps,2,1691
68349,68.349,1,4004,54004,ladder_a11_lin_r02,prps,1430,2,0.020492,38,0,38,0.09948376,5.70000,prps,2,1692
68354,68.354,1,4004,54004,ladder_a11_lin_r02,prps,1453,25,0.209692,37,0,37,0.09686577,5.55000,prps,2,1693
68359,68.359,1,4004,54004,ladder_a11_lin_r02,prps,1473,45,0.386673,32,0,32,0.08377580,4.80000,prps,2,1694
68364,68.364,1,4004,54004,ladder_a11_lin_r02,prps,1491,63,0.534286,25,0,25,0.06544985,3.75000,prps,2,1695
68369,68.369,1,4004,54004,ladder_a11_lin_r02,prps,1503,75,0.637716,17,0,17,0.04450589,2.55000,prps,2,1696
68374,68.374,1,4004,54004,ladder_a11_lin_r02,prps,1508,80,0.686232,8,0,8,0.02094395,1.20000,prps,2,1697
68379,68.379,1,4004,54004,ladder_a11_lin_r02,prps,1507,79,0.674514,-1,0,-1,-0.00261799,-0.15000,prps,2,1698
68384,68.384,1,4004,54004,ladder_a11_lin_r02,prps,1499,71,0.603384,-10,0,-10,-0.02617994,-1.50000,prps,2,1699
68389,68.389,1,4004,54004,ladder_a11_lin_r02,prps,1484,56,0.479853,-18,0,-18,-0.04712389,-2.70000,prps,2,1700
68394,68.394,1,4004,54004,ladder_a11_lin_r02,prps,1465,37,0.316452,-25,0,-25,-0.06544985,-3.75000,prps,2,1701
68399,68.399,1,4004,54004,ladder_a11_lin_r02,prps,1443,15,0.129918,-28,0,-28,-0.07330382,-4.20000,prps,2,1702
68404,68.404,1,4004,54004,ladder_a11_lin_r02,prps,1421,-7,-0.060621,-29,0,-29,-0.07592182,-4.35000,prps,2,1703
68409,68.409,1,4004,54004,ladder_a11_lin_r02,prps,1400,-28,-0.235757,-28,0,-28,-0.07330382,-4.20000,prps,2,1704
68414,68.414,1,4004,54004,ladder_a11_lin_r02,prps,1384,-44,-0.377975,-23,0,-23,-0.06021386,-3.45000,prps,2,1705
68419,68.419,1,4004,54004,ladder_a11_lin_r02,prps,1373,-55,-0.473615,-16,0,-16,-0.04188790,-2.40000,prps,2,1706
68424,68.424,1,4004,54004,ladder_a11_lin_r02,prps,1368,-60,-0.514417,-9,0,-9,-0.02356194,-1.35000,prps,2,1707
68429,68.429,1,4004,54004,ladder_a11_lin_r02,prps,1370,-58,-0.498445,-1,0,-1,-0.00261799,-0.15000,prps,2,1708
68434,68.434,1,4004,54004,ladder_a11_lin_r02,prps,1378,-50,-0.430291,8,0,8,0.02094395,1.20000,prps,2,1709
68439,68.439,1,4004,54004,ladder_a11_lin_r02,prps,1390,-38,-0.320522,15,0,15,0.03926991,2.25000,prps,2,1710
68444,68.444,1,4004,54004,ladder_a11_lin_r02,prps,1406,-22,-0.184444,20,0,20,0.05235988,3.00000,prps,2,1711
68449,68.449,1,4004,54004,ladder_a11_lin_r02,prps,1423,-5,-0.040313,23,0,23,0.06021386,3.45000,prps,2,1712
68454,68.454,1,4004,54004,ladder_a11_lin_r02,prps,1439,11,0.092786,24,0,24,0.06283185,3.60000,prps,2,1713
68459,68.459,1,4004,54004,ladder_a11_lin_r02,prps,1451,23,0.197157,24,0,24,0.06283185,3.60000,prps,2,1714
68464,68.464,1,4004,54004,ladder_a11_lin_r02,prps,1458,30,0.258535,21,0,21,0.05497787,3.15000,prps,2,1715
68469,68.469,1,4004,54004,ladder_a11_lin_r02,prps,1459,31,0.267724,15,0,15,0.03926991,2.25000,prps,2,1716
68474,68.474,1,4004,54004,ladder_a11_lin_r02,prps,1454,26,0.221639,9,0,9,0.02356194,1.35000,prps,2,1717
68479,68.479,1,4004,54004,ladder_a11_lin_r02,prps,1442,14,0.123630,4,0,4,0.01047198,0.60000,prps,2,1718
68484,68.484,1,4004,54004,ladder_a11_lin_r02,prps,1426,-2,-0.016940,-1,0,-1,-0.00261799,-0.15000,prps,2,1719
68489,68.489,1,4004,54004,ladder_a11_lin_r02,prps,1406,-22,-0.185814,-4,0,-4,-0.01047198,-0.60000,prps,2,1720
68494,68.494,1,4004,54004,ladder_a11_lin_r02,prps,1385,-43,-0.365510,-4,0,-4,-0.01047198,-0.60000,prps,2,1721
68499,68.499,1,4004,54004,ladder_a11_lin_r02,prps,1365,-63,-0.537352,-3,0,-3,-0.00785398,-0.45000,prps,2,1722
68504,68.504,1,4004,54004,ladder_a11_lin_r02,prps,1348,-80,-0.683609,0,0,0,0.00000000,0.00000,prps,2,1723
68509,68.509,1,4004,54004,ladder_a11_lin_r02,prps,1336,-92,-0.789503,7,0,7,0.01832596,1.05000,prps,2,1724
68514,68.514,1,4004,54004,ladder_a11_lin_r02,prps,1329,-99,-0.844840,14,0,14,0.03665191,2.10000,prps,2,1725
68519,68.519,1,4004,54004,ladder_a11_lin_r02,prps,1329,-99,-0.845089,23,0,23,0.06021386,3.45000,prps,2,1726
68524,68.524,1,4004,54004,ladder_a11_lin_r02,prps,1335,-93,-0.791793,31,0,31,0.08115781,4.65000,prps,2,1727
68529,68.529,1,4004,54004,ladder_a11_lin_r02,prps,1347,-81,-0.692273,38,0,38,0.09948376,5.70000,prps,2,1728
68534,68.534,1,4004,54004,ladder_a11_lin_r02,prps,1363,-65,-0.558674,44,0,44,0.11519173,6.60000,prps,2,1729
68539,68.539,1,4004,54004,ladder_a11_lin_r02,prps,1380,-48,-0.406484,48,0,48,0.12566370,7.20000,prps,2,1730
68544,68.544,1,4004,54004,ladder_a11_lin_r02,prps,1398,-30,-0.252711,49,0,49,0.12828170,7.35000,prps,2,1731
68549,68.549,1,4004,54004,ladder_a11_lin_r02,prps,1415,-13,-0.113939,48,0,48,0.12566370,7.20000,prps,2,1732
68554,68.554,1,4004,54004,ladder_a11_lin_r02,prps,1427,-1,-0.004497,44,0,44,0.11519173,6.60000,prps,2,1733
68559,68.559,1,4004,54004,ladder_a11_lin_r02,prps,1436,8,0.065051,40,0,40,0.10471976,6.00000,prps,2,1734
68564,68.564,1,4004,54004,ladder_a11_lin_r02,prps,1438,10,0.088924,34,0,34,0.08901179,5.10000,prps,2,1735
68569,68.569,1,4004,54004,ladder_a11_lin_r02,prps,1436,8,0.066546,27,0,27,0.07068583,4.05000,prps,2,1736
68574,68.574,1,4004,54004,ladder_a11_lin_r02,prps,1428,0,0.002356,21,0,21,0.05497787,3.15000,prps,2,1737
68579,68.579,1,4004,54004,ladder_a11_lin_r02,prps,1417,-11,-0.094960,15,0,15,0.03926991,2.25000,prps,2,1738
68584,68.584,1,4004,54004,ladder_a11_lin_r02,prps,1403,-25,-0.213690,11,0,11,0.02879793,1.65000,prps,2,1739
68589,68.589,1,4004,54004,ladder_a11_lin_r02,prps,1388,-40,-0.340606,9,0,9,0.02356194,1.35000,prps,2,1740
68594,68.594,1,4004,54004,ladder_a11_lin_r02,prps,1374,-54,-0.462560,9,0,9,0.02356194,1.35000,prps,2,1741
68599,68.599,1,4004,54004,ladder_a11_lin_r02,prps,1362,-66,-0.567977,9,0,9,0.02356194,1.35000,prps,2,1742
68604,68.604,1,4004,54004,ladder_a11_lin_r02,prps,1352,-76,-0.648057,13,0,13,0.03403392,1.95000,prps,2,1743
68609,68.609,1,4004,54004,ladder_a11_lin_r02,prps,1346,-82,-0.697561,19,0,19,0.04974188,2.85000,prps,2,1744
68614,68.614,1,4004,54004,ladder_a11_lin_r02,prps,1344,-84,-0.715097,25,0,25,0.06544985,3.75000,prps,2,1745
68619,68.619,1,4004,54004,ladder_a11_lin_r02,prps,1346,-82,-0.702910,30,0,30,0.07853982,4.50000,prps,2,1746
68624,68.624,1,4004,54004,ladder_a11_lin_r02,prps,1350,-78,-0.666226,36,0,36,0.09424778,5.40000,prps,2,1747
68629,68.629,1,4004,54004,ladder_a11_lin_r02,prps,1356,-72,-0.612260,40,0,40,0.10471976,6.00000,prps,2,1748
68634,68.634,1,4004,54004,ladder_a11_lin_r02,prps,1364,-64,-0.549053,44,0,44,0.11519173,6.60000,prps,2,1749
68639,68.639,1,4004,54004,ladder_a11_lin_r02,prps,1371,-57,-0.484291,46,0,46,0.12042772,6.90000,prps,2,1750
68644,68.644,1,4004,54004,ladder_a11_lin_r02,prps,1378,-50,-0.424281,46,0,46,0.12042772,6.90000,prps,2,1751
68649,68.649,1,4004,54004,ladder_a11_lin_r02,prps,1384,-44,-0.373206,45,0,45,0.11780972,6.75000,prps,2,1752
68654,68.654,1,4004,54004,ladder_a11_lin_r02,prps,1389,-39,-0.332765,44,0,44,0.11519173,6.60000,prps,2,1753
68659,68.659,1,4004,54004,ladder_a11_lin_r02,prps,1393,-35,-0.302209,41,0,41,0.10733775,6.15000,prps,2,1754
68664,68.664,1,4004,54004,ladder_a11_lin_r02,prps,1395,-33,-0.278767,40,0,40,0.10471976,6.00000,prps,2,1755
68669,68.669,1,4004,54004,ladder_a11_lin_r02,prps,1398,-30,-0.258374,37,0,37,0.09686577,5.55000,prps,2,1756
68674,68.674,1,4004,54004,ladder_a11_lin_r02,prps,1400,-28,-0.236567,33,0,33,0.08639380,4.95000,prps,2,1757
68679,68.679,1,4004,54004,ladder_a11_lin_r02,prps,1403,-25,-0.209431,31,0,31,0.08115781,4.65000,prps,2,1758
68684,68.684,1,4004,54004,ladder_a11_lin_r02,prps,1408,-20,-0.174418,28,0,28,0.07330382,4.20000,prps,2,1759
68689,68.689,1,4004,54004,ladder_a11_lin_r02,prps,1413,-15,-0.130934,26,0,26,0.06806784,3.90000,prps,2,1760
68694,68.694,1,4004,54004,ladder_a11_lin_r02,prps,1419,-9,-0.080585,24,0,24,0.06283185,3.60000,prps,2,1761
68699,68.699,1,4004,54004,ladder_a11_lin_r02,prps,1425,-3,-0.027058,22,0,22,0.05759586,3.30000,prps,2,1762
68704,68.704,1,4004,54004,ladder_a11_lin_r02,prps,1431,3,0.024368,19,0,19,0.04974188,2.85000,prps,2,1763
68709,68.709,1,4004,54004,ladder_a11_lin_r02,prps,1436,8,0.067592,16,0,16,0.04188790,2.40000,prps,2,1764
68714,68.714,1,4004,54004,ladder_a11_lin_r02,prps,1439,11,0.096644,13,0,13,0.03403392,1.95000,prps,2,1765
68719,68.719,1,4004,54004,ladder_a11_lin_r02,prps,1440,12,0.106674,10,0,10,0.02617994,1.50000,prps,2,1766
68724,68.724,1,4004,54004,ladder_a11_lin_r02,prps,1439,11,0.094819,6,0,6,0.01570796,0.90000,prps,2,1767
68729,68.729,1,4004,54004,ladder_a11_lin_r02,prps,1435,7,0.060831,4,0,4,0.01047198,0.60000,prps,2,1768
68734,68.734,1,4004,54004,ladder_a11_lin_r02,prps,1429,1,0.007338,1,0,1,0.00261799,0.15000,prps,2,1769
68739,68.739,1,4004,54004,ladder_a11_lin_r02,prps,1421,-7,-0.060302,0,0,0,0.00000000,0.00000,prps,2,1770
68744,68.744,1,4004,54004,ladder_a11_lin_r02,prps,1412,-16,-0.134553,0,0,0,0.00000000,0.00000,prps,2,1771
68749,68.749,1,4004,54004,ladder_a11_lin_r02,prps,1404,-24,-0.206608,0,0,0,0.00000000,0.00000,prps,2,1772
68754,68.754,1,4004,54004,ladder_a11_lin_r02,prps,1397,-31,-0.267529,2,0,2,0.00523599,0.30000,prps,2,1773
68759,68.759,1,4004,54004,ladder_a11_lin_r02,prps,1392,-36,-0.309480,3,0,3,0.00785398,0.45000,prps,2,1774
68764,68.764,1,4004,54004,ladder_a11_lin_r02,prps,1390,-38,-0.326873,6,0,6,0.01570796,0.90000,prps,2,1775
68769,68.769,1,4004,54004,ladder_a11_lin_r02,prps,1391,-37,-0.317278,10,0,10,0.02617994,1.50000,prps,2,1776
68774,68.774,1,4004,54004,ladder_a11_lin_r02,prps,1395,-33,-0.281949,14,0,14,0.03665191,2.10000,prps,2,1777
68779,68.779,1,4004,54004,ladder_a11_lin_r02,prps,1402,-26,-0.225882,17,0,17,0.04450589,2.55000,prps,2,1778
68784,68.784,1,4004,54004,ladder_a11_lin_r02,prps,1410,-18,-0.157377,19,0,19,0.04974188,2.85000,prps,2,1779
68789,68.789,1,4004,54004,ladder_a11_lin_r02,prps,1418,-10,-0.087131,20,0,20,0.05235988,3.00000,prps,2,1780
68794,68.794,1,4004,54004,ladder_a11_lin_r02,prps,1425,-3,-0.026963,20,0,20,0.05235988,3.00000,prps,2,1781
68799,68.799,1,4004,54004,ladder_a11_lin_r02,prps,1429,1,0.011666,20,0,20,0.05235988,3.00000,prps,2,1782
68804,68.804,1,4004,54004,ladder_a11_lin_r02,prps,1430,2,0.019183,18,0,18,0.04712389,2.70000,prps,2,1783
68809,68.809,1,4004,54004,ladder_a11_lin_r02,prps,1427,-1,-0.010745,15,0,15,0.03926991,2.25000,prps,2,1784
68814,68.814,1,4004,54004,ladder_a11_lin_r02,prps,1419,-9,-0.080191,12,0,12,0.03141592,1.80000,prps,2,1785
68819,68.819,1,4004,54004,ladder_a11_lin_r02,prps,1406,-22,-0.186436,9,0,9,0.02356194,1.35000,prps,2,1786
68824,68.824,1,4004,54004,ladder_a11_lin_r02,prps,1390,-38,-0.322010,8,0,8,0.02094395,1.20000,prps,2,1787
68829,68.829,1,4004,54004,ladder_a11_lin_r02,prps,1372,-56,-0.475318,8,0,8,0.02094395,1.20000,prps,2,1788
68834,68.834,1,4004,54004,ladder_a11_lin_r02,prps,1354,-74,-0.631796,8,0,8,0.02094395,1.20000,prps,2,1789
68839,68.839,1,4004,54004,ladder_a11_lin_r02,prps,1337,-91,-0.775477,12,0,12,0.03141592,1.80000,prps,2,1790
68844,68.844,1,4004,54004,ladder_a11_lin_r02,prps,1324,-104,-0.890785,18,0,18,0.04712389,2.70000,prps,2,1791
68849,68.849,1,4004,54004,ladder_a11_lin_r02,prps,1315,-113,-0.964346,25,0,25,0.06544985,3.75000,prps,2,1792
68854,68.854,1,4004,54004,ladder_a11_lin_r02,prps,1313,-115,-0.986600,33,0,33,0.08639380,4.95000,prps,2,1793
68859,68.859,1,4004,54004,ladder_a11_lin_r02,prps,1316,-112,-0.953024,40,0,40,0.10471976,6.00000,prps,2,1794
68864,68.864,1,4004,54004,ladder_a11_lin_r02,prps,1327,-101,-0.864791,47,0,47,0.12304571,7.05000,prps,2,1795
68869,68.869,1,4004,54004,ladder_a11_lin_r02,prps,1343,-85,-0.728804,53,0,53,0.13875367,7.95000,prps,2,1796
68874,68.874,1,4004,54004,ladder_a11_lin_r02,prps,1363,-65,-0.557067,58,0,58,0.15184364,8.70000,prps,2,1797
68879,68.879,1,4004,54004,ladder_a11_lin_r02,prps,1385,-43,-0.365468,60,0,60,0.15707964,9.00000,prps,2,1798
68884,68.884,1,4004,54004,ladder_a11_lin_r02,prps,1408,-20,-0.172104,59,0,59,0.15446164,8.85000,prps,2,1799
68889,68.889,1,4004,54004,ladder_a11_lin_r02,prps,1429,1,0.004659,55,0,55,0.14398966,8.25000,prps,2,1800
68894,68.894,1,4004,54004,ladder_a11_lin_r02,prps,1445,17,0.148165,49,0,49,0.12828170,7.35000,prps,2,1801
68899,68.899,1,4004,54004,ladder_a11_lin_r02,prps,1457,29,0.245271,43,0,43,0.11257374,6.45000,prps,2,1802
68904,68.904,1,4004,54004,ladder_a11_lin_r02,prps,1462,34,0.287746,35,0,35,0.09162979,5.25000,prps,2,1803
68909,68.909,1,4004,54004,ladder_a11_lin_r02,prps,1460,32,0.273124,25,0,25,0.06544985,3.75000,prps,2,1804
68914,68.914,1,4004,54004,ladder_a11_lin_r02,prps,1452,24,0.204904,17,0,17,0.04450589,2.55000,prps,2,1805
68919,68.919,1,4004,54004,ladder_a11_lin_r02,prps,1439,11,0.092074,9,0,9,0.02356194,1.35000,prps,2,1806
68924,68.924,1,4004,54004,ladder_a11_lin_r02,prps,1422,-6,-0.051964,3,0,3,0.00785398,0.45000,prps,2,1807
68929,68.929,1,4004,54004,ladder_a11_lin_r02,prps,1403,-25,-0.210956,0,0,0,0.00000000,0.00000,prps,2,1808
68934,68.934,1,4004,54004,ladder_a11_lin_r02,prps,1385,-43,-0.367657,-1,0,-1,-0.00261799,-0.15000,prps,2,1809
68939,68.939,1,4004,54004,ladder_a11_lin_r02,prps,1369,-59,-0.505755,1,0,1,0.00261799,0.15000,prps,2,1810
68944,68.944,1,4004,54004,ladder_a11_lin_r02,prps,1356,-72,-0.611659,4,0,4,0.01047198,0.60000,prps,2,1811
68949,68.949,1,4004,54004,ladder_a11_lin_r02,prps,1349,-79,-0.675936,9,0,9,0.02356194,1.35000,prps,2,1812
68954,68.954,1,4004,54004,ladder_a11_lin_r02,prps,1347,-81,-0.694227,15,0,15,0.03926991,2.25000,prps,2,1813
68959,68.959,1,4004,54004,ladder_a11_lin_r02,prps,1350,-78,-0.667575,22,0,22,0.05759586,3.30000,prps,2,1814
68964,68.964,1,4004,54004,ladder_a11_lin_r02,prps,1358,-70,-0.602110,29,0,29,0.07592182,4.35000,prps,2,1815
68969,68.969,1,4004,54004,ladder_a11_lin_r02,prps,1369,-59,-0.508166,34,0,34,0.08901179,5.10000,prps,2,1816
68974,68.974,1,4004,54004,ladder_a11_lin_r02,prps,1381,-47,-0.398941,38,0,38,0.09948376,5.70000,prps,2,1817
68979,68.979,1,4004,54004,ladder_a11_lin_r02,prps,1394,-34,-0.288866,41,0,41,0.10733775,6.15000,prps,2,1818
68984,68.984,1,4004,54004,ladder_a11_lin_r02,prps,1406,-22,-0.191886,41,0,41,0.10733775,6.15000,prps,2,1819
68989,68.989,1,4004,54004,ladder_a11_lin_r02,prps,1414,-14,-0.119866,40,0,40,0.10471976,6.00000,prps,2,1820
68994,68.994,1,4004,54004,ladder_a11_lin_r02,prps,1418,-10,-0.081283,38,0,38,0.09948376,5.70000,prps,2,1821
68999,68.999,1,4004,54004,ladder_a11_lin_r02,prps,1419,-9,-0.080376,33,0,33,0.08639380,4.95000,prps,2,1822
69004,69.004,1,4004,54004,ladder_a11_lin_r02,prps,1414,-14,-0.116820,28,0,28,0.07330382,4.20000,prps,2,1823
69009,69.009,1,4004,54004,ladder_a11_lin_r02,prps,1406,-22,-0.185948,24,0,24,0.06283185,3.60000,prps,2,1824
69014,69.014,1,4004,54004,ladder_a11_lin_r02,prps,1395,-33,-0.279476,20,0,20,0.05235988,3.00000,prps,2,1825
69019,69.019,1,4004,54004,ladder_a11_lin_r02,prps,1383,-45,-0.386624,18,0,18,0.04712389,2.70000,prps,2,1826
69024,69.024,1,4004,54004,ladder_a11_lin_r02,prps,1370,-58,-0.495477,18,0,18,0.04712389,2.70000,prps,2,1827
69029,69.029,1,4004,54004,ladder_a11_lin_r02,prps,1358,-70,-0.594429,18,0,18,0.04712389,2.70000,prps,2,1828
69034,69.034,1,4004,54004,ladder_a11_lin_r02,prps,1349,-79,-0.673507,21,0,21,0.05497787,3.15000,prps,2,1829
69039,69.039,1,4004,54004,ladder_a11_lin_r02,prps,1343,-85,-0.725448,25,0,25,0.06544985,3.75000,prps,2,1830
69044,69.044,1,4004,54004,ladder_a11_lin_r02,prps,1341,-87,-0.746395,30,0,30,0.07853982,4.50000,prps,2,1831
69049,69.049,1,4004,54004,ladder_a11_lin_r02,prps,1342,-86,-0.736144,35,0,35,0.09162979,5.25000,prps,2,1832
69054,69.054,1,4004,54004,ladder_a11_lin_r02,prps,1346,-82,-0.697943,40,0,40,0.10471976,6.00000,prps,2,1833
69059,69.059,1,4004,54004,ladder_a11_lin_r02,prps,1353,-75,-0.637893,44,0,44,0.11519173,6.60000,prps,2,1834
69064,69.064,1,4004,54004,ladder_a11_lin_r02,prps,1362,-66,-0.564031,47,0,47,0.12304571,7.05000,prps,2,1835
69069,69.069,1,4004,54004,ladder_a11_lin_r02,prps,1371,-57,-0.485246,49,0,49,0.12828170,7.35000,prps,2,1836
69074,69.074,1,4004,54004,ladder_a11_lin_r02,prps,1380,-48,-0.410156,49,0,49,0.12828170,7.35000,prps,2,1837
69079,69.079,1,4004,54004,ladder_a11_lin_r02,prps,1388,-40,-0.346097,47,0,47,0.12304571,7.05000,prps,2,1838
69084,69.084,1,4004,54004,ladder_a11_lin_r02,prps,1393,-35,-0.298352,45,0,45,0.11780972,6.75000,prps,2,1839
69089,69.089,1,4004,54004,ladder_a11_lin_r02,prps,1396,-32,-0.269691,42,0,42,0.10995574,6.30000,prps,2,1840
69094,69.094,1,4004,54004,ladder_a11_lin_r02,prps,1398,-30,-0.260265,40,0,40,0.10471976,6.00000,prps,2,1841
69099,69.099,1,4004,54004,ladder_a11_lin_r02,prps,1397,-31,-0.267856,36,0,36,0.09424778,5.40000,prps,2,1842
69104,69.104,1,4004,54004,ladder_a11_lin_r02,prps,1394,-34,-0.288414,33,0,33,0.08639380,4.95000,prps,2,1843
69109,69.109,1,4004,54004,ladder_a11_lin_r02,prps,1391,-37,-0.316793,30,0,30,0.07853982,4.50000,prps,2,1844
69114,69.114,1,4004,54004,ladder_a11_lin_r02,prps,1387,-41,-0.347587,27,0,27,0.07068583,4.05000,prps,2,1845
69119,69.119,1,4004,54004,ladder_a11_lin_r02,prps,1384,-44,-0.375918,27,0,27,0.07068583,4.05000,prps,2,1846
69124,69.124,1,4004,54004,ladder_a11_lin_r02,prps,1381,-47,-0.398095,27,0,27,0.07068583,4.05000,prps,2,1847
69129,69.129,1,4004,54004,ladder_a11_lin_r02,prps,1380,-48,-0.412044,27,0,27,0.07068583,4.05000,prps,2,1848
69134,69.134,1,4004,54004,ladder_a11_lin_r02,prps,1379,-49,-0.417456,27,0,27,0.07068583,4.05000,prps,2,1849
69139,69.139,1,4004,54004,ladder_a11_lin_r02,prps,1379,-49,-0.415660,27,0,27,0.07068583,4.05000,prps,2,1850
69144,69.144,1,4004,54004,ladder_a11_lin_r02,prps,1380,-48,-0.409231,29,0,29,0.07592182,4.35000,prps,2,1851
69149,69.149,1,4004,54004,ladder_a11_lin_r02,prps,1381,-47,-0.401422,30,0,30,0.07853982,4.50000,prps,2,1852
69154,69.154,1,4004,54004,ladder_a11_lin_r02,prps,1382,-46,-0.395494,30,0,30,0.07853982,4.50000,prps,2,1853
69159,69.159,1,4004,54004,ladder_a11_lin_r02,prps,1382,-46,-0.394062,31,0,31,0.08115781,4.65000,prps,2,1854
69164,69.164,1,4004,54004,ladder_a11_lin_r02,prps,1381,-47,-0.398538,31,0,31,0.08115781,4.65000,prps,2,1855
69169,69.169,1,4004,54004,ladder_a11_lin_r02,prps,1380,-48,-0.408776,31,0,31,0.08115781,4.65000,prps,2,1856
69174,69.174,1,4004,54004,ladder_a11_lin_r02,prps,1379,-49,-0.422958,31,0,31,0.08115781,4.65000,prps,2,1857
69179,69.179,1,4004,54004,ladder_a11_lin_r02,prps,1377,-51,-0.437735,31,0,31,0.08115781,4.65000,prps,2,1858
69184,69.184,1,4004,54004,ladder_a11_lin_r02,prps,1376,-52,-0.448626,31,0,31,0.08115781,4.65000,prps,2,1859
69189,69.189,1,4004,54004,ladder_a11_lin_r02,prps,1375,-53,-0.450598,31,0,31,0.08115781,4.65000,prps,2,1860
69194,69.194,1,4004,54004,ladder_a11_lin_r02,prps,1377,-51,-0.438755,31,0,31,0.08115781,4.65000,prps,2,1861
69199,69.199,1,4004,54004,ladder_a11_lin_r02,prps,1380,-48,-0.409049,31,0,31,0.08115781,4.65000,prps,2,1862
69204,69.204,1,4004,54004,ladder_a11_lin_r02,prps,1386,-42,-0.358900,32,0,32,0.08377580,4.80000,prps,2,1863
69209,69.209,1,4004,54004,ladder_a11_lin_r02,prps,1394,-34,-0.287649,32,0,32,0.08377580,4.80000,prps,2,1864
69214,69.214,1,4004,54004,ladder_a11_lin_r02,prps,1405,-23,-0.196777,32,0,32,0.08377580,4.80000,prps,2,1865
69219,69.219,1,4004,54004,ladder_a11_lin_r02,prps,1417,-11,-0.089855,32,0,32,0.08377580,4.80000,prps,2,1866
69224,69.224,1,4004,54004,ladder_a11_lin_r02,prps,1431,3,0.027764,30,0,30,0.07853982,4.50000,prps,2,1867
69229,69.229,1,4004,54004,ladder_a11_lin_r02,prps,1445,17,0.149482,27,0,27,0.07068583,4.05000,prps,2,1868
69234,69.234,1,4004,54004,ladder_a11_lin_r02,prps,1459,31,0.268153,22,0,22,0.05759586,3.30000,prps,2,1869
69239,69.239,1,4004,54004,ladder_a11_lin_r02,prps,1472,44,0.376846,17,0,17,0.04450589,2.55000,prps,2,1870
69244,69.244,1,4004,54004,ladder_a11_lin_r02,prps,1483,55,0.469587,11,0,11,0.02879793,1.65000,prps,2,1871
69249,69.249,1,4004,54004,ladder_a11_lin_r02,prps,1491,63,0.541985,5,0,5,0.01308997,0.75000,prps,2,1872
69254,69.254,1,4004,54004,ladder_a11_lin_r02,prps,1497,69,0.591665,-2,0,-2,-0.00523599,-0.30000,prps,2,1873
69259,69.259,1,4004,54004,ladder_a11_lin_r02,prps,1500,72,0.618458,-9,0,-9,-0.02356194,-1.35000,prps,2,1874
69264,69.264,1,4004,54004,ladder_a11_lin_r02,prps,1501,73,0.624333,-15,0,-15,-0.03926991,-2.25000,prps,2,1875
69269,69.269,1,4004,54004,ladder_a11_lin_r02,prps,1500,72,0.613087,-21,0,-21,-0.05497787,-3.15000,prps,2,1876
69274,69.274,1,4004,54004,ladder_a11_lin_r02,prps,1497,69,0.589829,-26,0,-26,-0.06806784,-3.90000,prps,2,1877
69279,69.279,1,4004,54004,ladder_a11_lin_r02,prps,1494,66,0.560337,-30,0,-30,-0.07853982,-4.50000,prps,2,1878
69284,69.284,1,4004,54004,ladder_a11_lin_r02,prps,1490,62,0.530369,-33,0,-33,-0.08639380,-4.95000,prps,2,1879
69289,69.289,1,4004,54004,ladder_a11_lin_r02,prps,1487,59,0.505006,-35,0,-35,-0.09162979,-5.25000,prps,2,1880
69294,69.294,1,4004,54004,ladder_a11_lin_r02,prps,1485,57,0.488121,-36,0,-36,-0.09424778,-5.40000,prps,2,1881
69299,69.299,1,4004,54004,ladder_a11_lin_r02,prps,1484,56,0.482011,-36,0,-36,-0.09424778,-5.40000,prps,2,1882
69304,69.304,1,4004,54004,ladder_a11_lin_r02,prps,1485,57,0.487249,-36,0,-36,-0.09424778,-5.40000,prps,2,1883
69309,69.309,1,4004,54004,ladder_a11_lin_r02,prps,1487,59,0.502750,-36,0,-36,-0.09424778,-5.40000,prps,2,1884
69314,69.314,1,4004,54004,ladder_a11_lin_r02,prps,1490,62,0.526023,-36,0,-36,-0.09424778,-5.40000,prps,2,1885
69319,69.319,1,4004,54004,ladder_a11_lin_r02,prps,1493,65,0.553584,-36,0,-36,-0.09424778,-5.40000,prps,2,1886
69324,69.324,1,4004,54004,ladder_a11_lin_r02,prps,1496,68,0.581446,-36,0,-36,-0.09424778,-5.40000,prps,2,1887
69329,69.329,1,4004,54004,ladder_a11_lin_r02,prps,1499,71,0.605632,-36,0,-36,-0.09424778,-5.40000,prps,2,1888
69334,69.334,1,4004,54004,ladder_a11_lin_r02,prps,1501,73,0.622638,-36,0,-36,-0.09424778,-5.40000,prps,2,1889
69339,69.339,1,4004,54004,ladder_a11_lin_r02,prps,1502,74,0.629795,-37,0,-37,-0.09686577,-5.55000,prps,2,1890
69344,69.344,1,4004,54004,ladder_a11_lin_r02,prps,1501,73,0.625495,-38,0,-38,-0.09948376,-5.70000,prps,2,1891
69349,69.349,1,4004,54004,ladder_a11_lin_r02,prps,1499,71,0.609258,-39,0,-39,-0.10210176,-5.85000,prps,2,1892
69354,69.354,1,4004,54004,ladder_a11_lin_r02,prps,1496,68,0.581663,-40,0,-40,-0.10471976,-6.00000,prps,2,1893
69359,69.359,1,4004,54004,ladder_a11_lin_r02,prps,1492,64,0.544163,-40,0,-40,-0.10471976,-6.00000,prps,2,1894
69364,69.364,1,4004,54004,ladder_a11_lin_r02,prps,1486,58,0.498826,-40,0,-40,-0.10471976,-6.00000,prps,2,1895
69369,69.369,1,4004,54004,ladder_a11_lin_r02,prps,1480,52,0.448053,-40,0,-40,-0.10471976,-6.00000,prps,2,1896
69374,69.374,1,4004,54004,ladder_a11_lin_r02,prps,1474,46,0.394324,-40,0,-40,-0.10471976,-6.00000,prps,2,1897
69379,69.379,1,4004,54004,ladder_a11_lin_r02,prps,1468,40,0.340001,-40,0,-40,-0.10471976,-6.00000,prps,2,1898
69384,69.384,1,4004,54004,ladder_a11_lin_r02,prps,1462,34,0.287217,-38,0,-38,-0.09948376,-5.70000,prps,2,1899
69389,69.389,1,4004,54004,ladder_a11_lin_r02,prps,1456,28,0.237854,-35,0,-35,-0.09162979,-5.25000,prps,2,1900
69394,69.394,1,4004,54004,ladder_a11_lin_r02,prps,1451,23,0.193587,-32,0,-32,-0.08377580,-4.80000,prps,2,1901
69399,69.399,1,4004,54004,ladder_a11_lin_r02,prps,1446,18,0.155982,-29,0,-29,-0.07592182,-4.35000,prps,2,1902
69404,69.404,1,4004,54004,ladder_a11_lin_r02,prps,1443,15,0.126594,-25,0,-25,-0.06544985,-3.75000,prps,2,1903
69409,69.409,1,4004,54004,ladder_a11_lin_r02,prps,1441,13,0.107022,-22,0,-22,-0.05759586,-3.30000,prps,2,1904
69414,69.414,1,4004,54004,ladder_a11_lin_r02,prps,1440,12,0.098908,-19,0,-19,-0.04974188,-2.85000,prps,2,1905
69419,69.419,1,4004,54004,ladder_a11_lin_r02,prps,1440,12,0.103830,-15,0,-15,-0.03926991,-2.25000,prps,2,1906
69424,69.424,1,4004,54004,ladder_a11_lin_r02,prps,1442,14,0.123109,-13,0,-13,-0.03403392,-1.95000,prps,2,1907
69429,69.429,1,4004,54004,ladder_a11_lin_r02,prps,1446,18,0.157534,-11,0,-11,-0.02879793,-1.65000,prps,2,1908
69434,69.434,1,4004,54004,ladder_a11_lin_r02,prps,1452,24,0.207048,-9,0,-9,-0.02356194,-1.35000,prps,2,1909
69439,69.439,1,4004,54004,ladder_a11_lin_r02,prps,1460,32,0.270451,-9,0,-9,-0.02356194,-1.35000,prps,2,1910
69444,69.444,1,4004,54004,ladder_a11_lin_r02,prps,1468,40,0.345165,-9,0,-9,-0.02356194,-1.35000,prps,2,1911
69449,69.449,1,4004,54004,ladder_a11_lin_r02,prps,1478,50,0.427141,-10,0,-10,-0.02617994,-1.50000,prps,2,1912
69454,69.454,1,4004,54004,ladder_a11_lin_r02,prps,1488,60,0.510936,-11,0,-11,-0.02879793,-1.65000,prps,2,1913
69459,69.459,1,4004,54004,ladder_a11_lin_r02,prps,1497,69,0.589992,-14,0,-14,-0.03665191,-2.10000,prps,2,1914
69464,69.464,1,4004,54004,ladder_a11_lin_r02,prps,1505,77,0.657121,-18,0,-18,-0.04712389,-2.70000,prps,2,1915
69469,69.469,1,4004,54004,ladder_a11_lin_r02,prps,1511,83,0.705162,-22,0,-22,-0.05759586,-3.30000,prps,2,1916
69474,69.474,1,4004,54004,ladder_a11_lin_r02,prps,1513,85,0.727741,-27,0,-27,-0.07068583,-4.05000,prps,2,1917
69479,69.479,1,4004,54004,ladder_a11_lin_r02,prps,1512,84,0.720070,-31,0,-31,-0.08115781,-4.65000,prps,2,1918
69484,69.484,1,4004,54004,ladder_a11_lin_r02,prps,1508,80,0.679666,-35,0,-35,-0.09162979,-5.25000,prps,2,1919
69489,69.489,1,4004,54004,ladder_a11_lin_r02,prps,1499,71,0.606905,-39,0,-39,-0.10210176,-5.85000,prps,2,1920
69494,69.494,1,4004,54004,ladder_a11_lin_r02,prps,1487,59,0.505319,-42,0,-42,-0.10995574,-6.30000,prps,2,1921
69499,69.499,1,4004,54004,ladder_a11_lin_r02,prps,1473,45,0.381557,-43,0,-43,-0.11257374,-6.45000,prps,2,1922
69504,69.504,1,4004,54004,ladder_a11_lin_r02,prps,1457,29,0.245007,-42,0,-42,-0.10995574,-6.30000,prps,2,1923
69509,69.509,1,4004,54004,ladder_a11_lin_r02,prps,1441,13,0.107058,-42,0,-42,-0.10995574,-6.30000,prps,2,1924
69514,69.514,1,4004,54004,ladder_a11_lin_r02,prps,1426,-2,-0.019915,-38,0,-38,-0.09948376,-5.70000,prps,2,1925
69519,69.519,1,4004,54004,ladder_a11_lin_r02,prps,1414,-14,-0.123769,-33,0,-33,-0.08639380,-4.95000,prps,2,1926
69524,69.524,1,4004,54004,ladder_a11_lin_r02,prps,1405,-23,-0.193879,-27,0,-27,-0.07068583,-4.05000,prps,2,1927
69529,69.529,1,4004,54004,ladder_a11_lin_r02,prps,1402,-26,-0.222354,-20,0,-20,-0.05235988,-3.00000,prps,2,1928
69534,69.534,1,4004,54004,ladder_a11_lin_r02,prps,1404,-24,-0.205029,-13,0,-13,-0.03403392,-1.95000,prps,2,1929
69539,69.539,1,4004,54004,ladder_a11_lin_r02,prps,1411,-17,-0.142122,-7,0,-7,-0.01832596,-1.05000,prps,2,1930
69544,69.544,1,4004,54004,ladder_a11_lin_r02,prps,1424,-4,-0.038445,-1,0,-1,-0.00261799,-0.15000,prps,2,1931
69549,69.549,1,4004,54004,ladder_a11_lin_r02,prps,1439,11,0.096873,3,0,3,0.00785398,0.45000,prps,2,1932
69554,69.554,1,4004,54004,ladder_a11_lin_r02,prps,1457,29,0.251149,5,0,5,0.01308997,0.75000,prps,2,1933
69559,69.559,1,4004,54004,ladder_a11_lin_r02,prps,1476,48,0.409327,5,0,5,0.01308997,0.75000,prps,2,1934
69564,69.564,1,4004,54004,ladder_a11_lin_r02,prps,1493,65,0.555479,3,0,3,0.00785398,0.45000,prps,2,1935
69569,69.569,1,4004,54004,ladder_a11_lin_r02,prps,1507,79,0.674454,-1,0,-1,-0.00261799,-0.15000,prps,2,1936
69574,69.574,1,4004,54004,ladder_a11_lin_r02,prps,1516,88,0.753513,-5,0,-5,-0.01308997,-0.75000,prps,2,1937
69579,69.579,1,4004,54004,ladder_a11_lin_r02,prps,1520,92,0.783765,-12,0,-12,-0.03141592,-1.80000,prps,2,1938
69584,69.584,1,4004,54004,ladder_a11_lin_r02,prps,1517,89,0.761222,-20,0,-20,-0.05235988,-3.00000,prps,2,1939
69589,69.589,1,4004,54004,ladder_a11_lin_r02,prps,1508,80,0.687370,-27,0,-27,-0.07068583,-4.05000,prps,2,1940
69594,69.594,1,4004,54004,ladder_a11_lin_r02,prps,1495,67,0.569152,-33,0,-33,-0.08639380,-4.95000,prps,2,1941
69599,69.599,1,4004,54004,ladder_a11_lin_r02,prps,1477,49,0.418363,-37,0,-37,-0.09686577,-5.55000,prps,2,1942
69604,69.604,1,4004,54004,ladder_a11_lin_r02,prps,1457,29,0.250503,-39,0,-39,-0.10210176,-5.85000,prps,2,1943
69609,69.609,1,4004,54004,ladder_a11_lin_r02,prps,1438,10,0.083198,-39,0,-39,-0.10210176,-5.85000,prps,2,1944
69614,69.614,1,4004,54004,ladder_a11_lin_r02,prps,1420,-8,-0.065647,-37,0,-37,-0.09686577,-5.55000,prps,2,1945
69619,69.619,1,4004,54004,ladder_a11_lin_r02,prps,1407,-21,-0.179764,-33,0,-33,-0.08639380,-4.95000,prps,2,1946
69624,69.624,1,4004,54004,ladder_a11_lin_r02,prps,1399,-29,-0.246306,-26,0,-26,-0.06806784,-3.90000,prps,2,1947
69629,69.629,1,4004,54004,ladder_a11_lin_r02,prps,1398,-30,-0.257290,-19,0,-19,-0.04974188,-2.85000,prps,2,1948
69634,69.634,1,4004,54004,ladder_a11_lin_r02,prps,1403,-25,-0.210559,-12,0,-12,-0.03141592,-1.80000,prps,2,1949
69639,69.639,1,4004,54004,ladder_a11_lin_r02,prps,1415,-13,-0.110115,-5,0,-5,-0.01308997,-0.75000,prps,2,1950
69644,69.644,1,4004,54004,ladder_a11_lin_r02,prps,1432,4,0.034176,1,0,1,0.00261799,0.15000,prps,2,1951
69649,69.649,1,4004,54004,ladder_a11_lin_r02,prps,1452,24,0.207530,4,0,4,0.01047198,0.60000,prps,2,1952
69654,69.654,1,4004,54004,ladder_a11_lin_r02,prps,1474,46,0.391708,6,0,6,0.01570796,0.90000,prps,2,1953
69659,69.659,1,4004,54004,ladder_a11_lin_r02,prps,1494,66,0.566875,5,0,5,0.01308997,0.75000,prps,2,1954
69664,69.664,1,4004,54004,ladder_a11_lin_r02,prps,1511,83,0.713638,1,0,1,0.00261799,0.15000,prps,2,1955
69669,69.669,1,4004,54004,ladder_a11_lin_r02,prps,1523,95,0.815064,-4,0,-4,-0.01047198,-0.60000,prps,2,1956
69674,69.674,1,4004,54004,ladder_a11_lin_r02,prps,1528,100,0.858452,-11,0,-11,-0.02879793,-1.65000,prps,2,1957
69679,69.679,1,4004,54004,ladder_a11_lin_r02,prps,1526,98,0.836682,-19,0,-19,-0.04974188,-2.85000,prps,2,1958
69684,69.684,1,4004,54004,ladder_a11_lin_r02,prps,1516,88,0.748992,-27,0,-27,-0.07068583,-4.05000,prps,2,1959
69689,69.689,1,4004,54004,ladder_a11_lin_r02,prps,1498,70,0.601107,-34,0,-34,-0.08901179,-5.10000,prps,2,1960
69694,69.694,1,4004,54004,ladder_a11_lin_r02,prps,1475,47,0.404702,-39,0,-39,-0.10210176,-5.85000,prps,2,1961
69699,69.699,1,4004,54004,ladder_a11_lin_r02,prps,1449,21,0.176267,-42,0,-42,-0.10995574,-6.30000,prps,2,1962
69704,69.704,1,4004,54004,ladder_a11_lin_r02,prps,1420,-8,-0.064512,-41,0,-41,-0.10733775,-6.15000,prps,2,1963
69709,69.709,1,4004,54004,ladder_a11_lin_r02,prps,1393,-35,-0.296690,-39,0,-39,-0.10210176,-5.85000,prps,2,1964
69714,69.714,1,4004,54004,ladder_a11_lin_r02,prps,1369,-59,-0.500103,-33,0,-33,-0.08639380,-4.95000,prps,2,1965
69719,69.719,1,4004,54004,ladder_a11_lin_r02,prps,1351,-77,-0.657315,-24,0,-24,-0.06283185,-3.60000,prps,2,1966
69724,69.724,1,4004,54004,ladder_a11_lin_r02,prps,1340,-88,-0.755266,-14,0,-14,-0.03665191,-2.10000,prps,2,1967
69729,69.729,1,4004,54004,ladder_a11_lin_r02,prps,1336,-92,-0.786469,-4,0,-4,-0.01047198,-0.60000,prps,2,1968
69734,69.734,1,4004,54004,ladder_a11_lin_r02,prps,1340,-88,-0.749631,8,0,8,0.02094395,1.20000,prps,2,1969
69739,69.739,1,4004,54004,ladder_a11_lin_r02,prps,1352,-76,-0.649664,18,0,18,0.04712389,2.70000,prps,2,1970
69744,69.744,1,4004,54004,ladder_a11_lin_r02,prps,1370,-58,-0.497079,27,0,27,0.07068583,4.05000,prps,2,1971
69749,69.749,1,4004,54004,ladder_a11_lin_r02,prps,1392,-36,-0.306855,34,0,34,0.08901179,5.10000,prps,2,1972
69754,69.754,1,4004,54004,ladder_a11_lin_r02,prps,1417,-11,-0.096897,37,0,37,0.09686577,5.55000,prps,2,1973
69759,69.759,1,4004,54004,ladder_a11_lin_r02,prps,1441,13,0.113741,38,0,38,0.09948376,5.70000,prps,2,1974
69764,69.764,1,4004,54004,ladder_a11_lin_r02,prps,1464,36,0.306701,36,0,36,0.09424778,5.40000,prps,2,1975
69769,69.769,1,4004,54004,ladder_a11_lin_r02,prps,1483,55,0.466033,31,0,31,0.08115781,4.65000,prps,2,1976
69774,69.774,1,4004,54004,ladder_a11_lin_r02,prps,1496,68,0.579625,24,0,24,0.06283185,3.60000,prps,2,1977
69779,69.779,1,4004,54004,ladder_a11_lin_r02,prps,1503,75,0.640208,14,0,14,0.03665191,2.10000,prps,2,1978
69784,69.784,1,4004,54004,ladder_a11_lin_r02,prps,1504,76,0.645864,5,0,5,0.01308997,0.75000,prps,2,1979
69789,69.789,1,4004,54004,ladder_a11_lin_r02,prps,1498,70,0.599998,-4,0,-4,-0.01047198,-0.60000,prps,2,1980
69794,69.794,1,4004,54004,ladder_a11_lin_r02,prps,1488,60,0.510796,-13,0,-13,-0.03403392,-1.95000,prps,2,1981
69799,69.799,1,4004,54004,ladder_a11_lin_r02,prps,1474,46,0.390254,-20,0,-20,-0.05235988,-3.00000,prps,2,1982
69804,69.804,1,4004,54004,ladder_a11_lin_r02,prps,1458,30,0.252865,-24,0,-24,-0.06283185,-3.60000,prps,2,1983
69809,69.809,1,4004,54004,ladder_a11_lin_r02,prps,1441,13,0.114122,-26,0,-26,-0.06806784,-3.90000,prps,2,1984
69814,69.814,1,4004,54004,ladder_a11_lin_r02,prps,1427,-1,-0.011012,-26,0,-26,-0.06806784,-3.90000,prps,2,1985
69819,69.819,1,4004,54004,ladder_a11_lin_r02,prps,1415,-13,-0.109540,-25,0,-25,-0.06544985,-3.75000,prps,2,1986
69824,69.824,1,4004,54004,ladder_a11_lin_r02,prps,1408,-20,-0.171613,-21,0,-21,-0.05497787,-3.15000,prps,2,1987
69829,69.829,1,4004,54004,ladder_a11_lin_r02,prps,1406,-22,-0.191388,-15,0,-15,-0.03926991,-2.25000,prps,2,1988
69834,69.834,1,4004,54004,ladder_a11_lin_r02,prps,1408,-20,-0.167460,-9,0,-9,-0.02356194,-1.35000,prps,2,1989
69839,69.839,1,4004,54004,ladder_a11_lin_r02,prps,1416,-12,-0.102882,-4,0,-4,-0.01047198,-0.60000,prps,2,1990
69844,69.844,1,4004,54004,ladder_a11_lin_r02,prps,1427,-1,-0.004746,0,0,0,0.00000000,0.00000,prps,2,1991
69849,69.849,1,4004,54004,ladder_a11_lin_r02,prps,1442,14,0.116575,4,0,4,0.01047198,0.60000,prps,2,1992
69854,69.854,1,4004,54004,ladder_a11_lin_r02,prps,1457,29,0.248487,5,0,5,0.01308997,0.75000,prps,2,1993
69859,69.859,1,4004,54004,ladder_a11_lin_r02,prps,1472,44,0.377397,5,0,5,0.01308997,0.75000,prps,2,1994
69864,69.864,1,4004,54004,ladder_a11_lin_r02,prps,1485,57,0.489997,3,0,3,0.00785398,0.45000,prps,2,1995
69869,69.869,1,4004,54004,ladder_a11_lin_r02,prps,1495,67,0.574490,0,0,0,0.00000000,0.00000,prps,2,1996
69874,69.874,1,4004,54004,ladder_a11_lin_r02,prps,1501,73,0.621654,-5,0,-5,-0.01308997,-0.75000,prps,2,1997
69879,69.879,1,4004,54004,ladder_a11_lin_r02,prps,1501,73,0.625646,-11,0,-11,-0.02879793,-1.65000,prps,2,1998
69884,69.884,1,4004,54004,ladder_a11_lin_r02,prps,1496,68,0.584495,-18,0,-18,-0.04712389,-2.70000,prps,2,1999
88306,88.306,1,4004,54004,ladder_a11_lin_r02,baseline_post,1428,0,0.000000,0,0,0,0.00000000,0.00000,baseline_post,-1,-1
88313,88.313,1,4004,54004,ladder_a11_lin_r02,baseline_post,1428,0,0.000000,0,0,0,0.00000000,0.00000,baseline_post,-1,-1
88318,88.318,1,4004,54004,ladder_a11_lin_r02,baseline_post,1428,0,0.000000,0,0,0,0.00000000,0.00000,baseline_post,-1,-1
88323,88.323,1,4004,54004,ladder_a11_lin_r02,baseline_post,1428,0,0.000000,0,0,0,0.00000000,0.00000,baseline_post,-1,-1
88328,88.328,1,4004,54004,ladder_a11_lin_r02,baseline_post,1428,0,0.000000,0,0,0,0.00000000,0.00000,baseline_post,-1,-1
88333,88.333,1,4004,54004,ladder_a11_lin_r02,baseline_post,1428,0,0.000000,0,0,0,0.00000000,0.00000,baseline_post,-1,-1
88338,88.338,1,4004,54004,ladder_a11_lin_r02,baseline_post,1428,0,0.000000,0,0,0,0.00000000,0.00000,baseline_post,-1,-1
88343,88.343,1,4004,54004,ladder_a11_lin_r02,baseline_post,1428,0,0.000000,0,0,0,0.00000000,0.00000,baseline_post,-1,-1
88348,88.348,1,4004,54004,ladder_a11_lin_r02,baseline_post,1428,0,0.000000,0,0,0,0.00000000,0.00000,baseline_post,-1,-1
88353,88.353,1,4004,54004,ladder_a11_lin_r02,baseline_post,1428,0,0.000000,0,0,0,0.00000000,0.00000,baseline_post,-1,-1
88391,88.391,1,4004,54004,ladder_a11_lin_r02,baseline_post,1428,0,0.000000,0,0,0,0.00000000,0.00000,baseline_post,-1,-1
88396,88.396,1,4004,54004,ladder_a11_lin_r02,baseline_post,1428,0,0.000000,0,0,0,0.00000000,0.00000,baseline_post,-1,-1
88401,88.401,1,4004,54004,ladder_a11_lin_r02,baseline_post,1428,0,0.000000,0,0,0,0.00000000,0.00000,baseline_post,-1,-1
88406,88.406,1,4004,54004,ladder_a11_lin_r02,baseline_post,1428,0,0.000000,0,0,0,0.00000000,0.00000,baseline_post,-1,-1
88411,88.411,1,4004,54004,ladder_a11_lin_r02,baseline_post,1428,0,0.000000,0,0,0,0.00000000,0.00000,baseline_post,-1,-1
88416,88.416,1,4004,54004,ladder_a11_lin_r02,baseline_post,1428,0,0.000000,0,0,0,0.00000000,0.00000,baseline_post,-1,-1
88421,88.421,1,4004,54004,ladder_a11_lin_r02,baseline_post,1428,0,0.000000,0,0,0,0.00000000,0.00000,baseline_post,-1,-1
88426,88.426,1,4004,54004,ladder_a11_lin_r02,baseline_post,1428,0,0.000000,0,0,0,0.00000000,0.00000,baseline_post,-1,-1
88432,88.432,1,4004,54004,ladder_a11_lin_r02,baseline_post,1428,0,0.000000,0,0,0,0.00000000,0.00000,baseline_post,-1,-1
88437,88.437,1,4004,54004,ladder_a11_lin_r02,baseline_post,1428,0,0.000000,0,0,0,0.00000000,0.00000,baseline_post,-1,-1
88442,88.442,1,4004,54004,ladder_a11_lin_r02,baseline_post,1428,0,0.000000,0,0,0,0.00000000,0.00000,baseline_post,-1,-1
88447,88.447,1,4004,54004,ladder_a11_lin_r02,baseline_post,1428,0,0.000000,0,0,0,0.00000000,0.00000,baseline_post,-1,-1
88452,88.452,1,4004,54004,ladder_a11_lin_r02,baseline_post,1428,0,0.000000,0,0,0,0.00000000,0.00000,baseline_post,-1,-1
88457,88.457,1,4004,54004,ladder_a11_lin_r02,baseline_post,1428,0,0.000000,0,0,0,0.00000000,0.00000,baseline_post,-1,-1
88462,88.462,1,4004,54004,ladder_a11_lin_r02,baseline_post,1428,0,0.000000,0,0,0,0.00000000,0.00000,baseline_post,-1,-1
88467,88.467,1,4004,54004,ladder_a11_lin_r02,baseline_post,1428,0,0.000000,0,0,0,0.00000000,0.00000,baseline_post,-1,-1
88472,88.472,1,4004,54004,ladder_a11_lin_r02,baseline_post,1428,0,0.000000,0,0,0,0.00000000,0.00000,baseline_post,-1,-1
88479,88.479,1,4004,54004,ladder_a11_lin_r02,baseline_post,1428,0,0.000000,0,0,0,0.00000000,0.00000,baseline_post,-1,-1
88483,88.483,1,4004,54004,ladder_a11_lin_r02,baseline_post,1428,0,0.000000,0,0,0,0.00000000,0.00000,baseline_post,-1,-1
88488,88.488,1,4004,54004,ladder_a11_lin_r02,baseline_post,1428,0,0.000000,0,0,0,0.00000000,0.00000,baseline_post,-1,-1
88493,88.493,1,4004,54004,ladder_a11_lin_r02,baseline_post,1428,0,0.000000,0,0,0,0.00000000,0.00000,baseline_post,-1,-1
88498,88.498,1,4004,54004,ladder_a11_lin_r02,baseline_post,1428,0,0.000000,0,0,0,0.00000000,0.00000,baseline_post,-1,-1
88503,88.503,1,4004,54004,ladder_a11_lin_r02,baseline_post,1428,0,0.000000,0,0,0,0.00000000,0.00000,baseline_post,-1,-1
88508,88.508,1,4004,54004,ladder_a11_lin_r02,baseline_post,1428,0,0.000000,0,0,0,0.00000000,0.00000,baseline_post,-1,-1
88513,88.513,1,4004,54004,ladder_a11_lin_r02,baseline_post,1428,0,0.000000,0,0,0,0.00000000,0.00000,baseline_post,-1,-1
88519,88.519,1,4004,54004,ladder_a11_lin_r02,baseline_post,1428,0,0.000000,0,0,0,0.00000000,0.00000,baseline_post,-1,-1
88524,88.524,1,4004,54004,ladder_a11_lin_r02,baseline_post,1428,0,0.000000,0,0,0,0.00000000,0.00000,baseline_post,-1,-1
88529,88.529,1,4004,54004,ladder_a11_lin_r02,baseline_post,1428,0,0.000000,0,0,0,0.00000000,0.00000,baseline_post,-1,-1
88534,88.534,1,4004,54004,ladder_a11_lin_r02,baseline_post,1428,0,0.000000,0,0,0,0.00000000,0.00000,baseline_post,-1,-1
88539,88.539,1,4004,54004,ladder_a11_lin_r02,baseline_post,1428,0,0.000000,0,0,0,0.00000000,0.00000,baseline_post,-1,-1
88544,88.544,1,4004,54004,ladder_a11_lin_r02,baseline_post,1428,0,0.000000,0,0,0,0.00000000,0.00000,baseline_post,-1,-1
88549,88.549,1,4004,54004,ladder_a11_lin_r02,baseline_post,1428,0,0.000000,0,0,0,0.00000000,0.00000,baseline_post,-1,-1
88554,88.554,1,4004,54004,ladder_a11_lin_r02,baseline_post,1428,0,0.000000,0,0,0,0.00000000,0.00000,baseline_post,-1,-1
88559,88.559,1,4004,54004,ladder_a11_lin_r02,baseline_post,1428,0,0.000000,0,0,0,0.00000000,0.00000,baseline_post,-1,-1
88600,88.600,1,4004,54004,ladder_a11_lin_r02,baseline_post,1428,0,0.000000,0,0,0,0.00000000,0.00000,baseline_post,-1,-1
88604,88.604,1,4004,54004,ladder_a11_lin_r02,baseline_post,1428,0,0.000000,0,0,0,0.00000000,0.00000,baseline_post,-1,-1
88609,88.609,1,4004,54004,ladder_a11_lin_r02,baseline_post,1428,0,0.000000,0,0,0,0.00000000,0.00000,baseline_post,-1,-1
88614,88.614,1,4004,54004,ladder_a11_lin_r02,baseline_post,1428,0,0.000000,0,0,0,0.00000000,0.00000,baseline_post,-1,-1
88619,88.619,1,4004,54004,ladder_a11_lin_r02,baseline_post,1428,0,0.000000,0,0,0,0.00000000,0.00000,baseline_post,-1,-1
88624,88.624,1,4004,54004,ladder_a11_lin_r02,baseline_post,1428,0,0.000000,0,0,0,0.00000000,0.00000,baseline_post,-1,-1
88629,88.629,1,4004,54004,ladder_a11_lin_r02,baseline_post,1428,0,0.000000,0,0,0,0.00000000,0.00000,baseline_post,-1,-1
88634,88.634,1,4004,54004,ladder_a11_lin_r02,baseline_post,1428,0,0.000000,0,0,0,0.00000000,0.00000,baseline_post,-1,-1
88641,88.641,1,4004,54004,ladder_a11_lin_r02,baseline_post,1428,0,0.000000,0,0,0,0.00000000,0.00000,baseline_post,-1,-1
88645,88.645,1,4004,54004,ladder_a11_lin_r02,baseline_post,1428,0,0.000000,0,0,0,0.00000000,0.00000,baseline_post,-1,-1
88650,88.650,1,4004,54004,ladder_a11_lin_r02,baseline_post,1428,0,0.000000,0,0,0,0.00000000,0.00000,baseline_post,-1,-1
88655,88.655,1,4004,54004,ladder_a11_lin_r02,baseline_post,1428,0,0.000000,0,0,0,0.00000000,0.00000,baseline_post,-1,-1
88660,88.660,1,4004,54004,ladder_a11_lin_r02,baseline_post,1428,0,0.000000,0,0,0,0.00000000,0.00000,baseline_post,-1,-1
88665,88.665,1,4004,54004,ladder_a11_lin_r02,baseline_post,1428,0,0.000000,0,0,0,0.00000000,0.00000,baseline_post,-1,-1
88670,88.670,1,4004,54004,ladder_a11_lin_r02,baseline_post,1428,0,0.000000,0,0,0,0.00000000,0.00000,baseline_post,-1,-1
88675,88.675,1,4004,54004,ladder_a11_lin_r02,baseline_post,1428,0,0.000000,0,0,0,0.00000000,0.00000,baseline_post,-1,-1
88680,88.680,1,4004,54004,ladder_a11_lin_r02,baseline_post,1428,0,0.000000,0,0,0,0.00000000,0.00000,baseline_post,-1,-1
88686,88.686,1,4004,54004,ladder_a11_lin_r02,baseline_post,1428,0,0.000000,0,0,0,0.00000000,0.00000,baseline_post,-1,-1
88691,88.691,1,4004,54004,ladder_a11_lin_r02,baseline_post,1428,0,0.000000,0,0,0,0.00000000,0.00000,baseline_post,-1,-1
88696,88.696,1,4004,54004,ladder_a11_lin_r02,baseline_post,1428,0,0.000000,0,0,0,0.00000000,0.00000,baseline_post,-1,-1
88701,88.701,1,4004,54004,ladder_a11_lin_r02,baseline_post,1428,0,0.000000,0,0,0,0.00000000,0.00000,baseline_post,-1,-1
88706,88.706,1,4004,54004,ladder_a11_lin_r02,baseline_post,1428,0,0.000000,0,0,0,0.00000000,0.00000,baseline_post,-1,-1
88711,88.711,1,4004,54004,ladder_a11_lin_r02,baseline_post,1428,0,0.000000,0,0,0,0.00000000,0.00000,baseline_post,-1,-1
88716,88.716,1,4004,54004,ladder_a11_lin_r02,baseline_post,1428,0,0.000000,0,0,0,0.00000000,0.00000,baseline_post,-1,-1
88722,88.722,1,4004,54004,ladder_a11_lin_r02,baseline_post,1428,0,0.000000,0,0,0,0.00000000,0.00000,baseline_post,-1,-1
88729,88.729,1,4004,54004,ladder_a11_lin_r02,baseline_post,1428,0,0.000000,0,0,0,0.00000000,0.00000,baseline_post,-1,-1
88734,88.734,1,4004,54004,ladder_a11_lin_r02,baseline_post,1428,0,0.000000,0,0,0,0.00000000,0.00000,baseline_post,-1,-1
88739,88.739,1,4004,54004,ladder_a11_lin_r02,baseline_post,1428,0,0.000000,0,0,0,0.00000000,0.00000,baseline_post,-1,-1
88744,88.744,1,4004,54004,ladder_a11_lin_r02,baseline_post,1428,0,0.000000,0,0,0,0.00000000,0.00000,baseline_post,-1,-1
88749,88.749,1,4004,54004,ladder_a11_lin_r02,baseline_post,1428,0,0.000000,0,0,0,0.00000000,0.00000,baseline_post,-1,-1
88754,88.754,1,4004,54004,ladder_a11_lin_r02,baseline_post,1428,0,0.000000,0,0,0,0.00000000,0.00000,baseline_post,-1,-1
88759,88.759,1,4004,54004,ladder_a11_lin_r02,baseline_post,1428,0,0.000000,0,0,0,0.00000000,0.00000,baseline_post,-1,-1
88764,88.764,1,4004,54004,ladder_a11_lin_r02,baseline_post,1428,0,0.000000,0,0,0,0.00000000,0.00000,baseline_post,-1,-1
88769,88.769,1,4004,54004,ladder_a11_lin_r02,baseline_post,1428,0,0.000000,0,0,0,0.00000000,0.00000,baseline_post,-1,-1
88802,88.802,1,4004,54004,ladder_a11_lin_r02,baseline_post,1428,0,0.000000,0,0,0,0.00000000,0.00000,baseline_post,-1,-1
88807,88.807,1,4004,54004,ladder_a11_lin_r02,baseline_post,1428,0,0.000000,0,0,0,0.00000000,0.00000,baseline_post,-1,-1
88812,88.812,1,4004,54004,ladder_a11_lin_r02,baseline_post,1428,0,0.000000,0,0,0,0.00000000,0.00000,baseline_post,-1,-1
88817,88.817,1,4004,54004,ladder_a11_lin_r02,baseline_post,1428,0,0.000000,0,0,0,0.00000000,0.00000,baseline_post,-1,-1
88822,88.822,1,4004,54004,ladder_a11_lin_r02,baseline_post,1428,0,0.000000,0,0,0,0.00000000,0.00000,baseline_post,-1,-1
88827,88.827,1,4004,54004,ladder_a11_lin_r02,baseline_post,1428,0,0.000000,0,0,0,0.00000000,0.00000,baseline_post,-1,-1
88832,88.832,1,4004,54004,ladder_a11_lin_r02,baseline_post,1428,0,0.000000,0,0,0,0.00000000,0.00000,baseline_post,-1,-1
88837,88.837,1,4004,54004,ladder_a11_lin_r02,baseline_post,1428,0,0.000000,0,0,0,0.00000000,0.00000,baseline_post,-1,-1
88843,88.843,1,4004,54004,ladder_a11_lin_r02,baseline_post,1428,0,0.000000,0,0,0,0.00000000,0.00000,baseline_post,-1,-1
88848,88.848,1,4004,54004,ladder_a11_lin_r02,baseline_post,1428,0,0.000000,0,0,0,0.00000000,0.00000,baseline_post,-1,-1
88853,88.853,1,4004,54004,ladder_a11_lin_r02,baseline_post,1428,0,0.000000,0,0,0,0.00000000,0.00000,baseline_post,-1,-1
88858,88.858,1,4004,54004,ladder_a11_lin_r02,baseline_post,1428,0,0.000000,0,0,0,0.00000000,0.00000,baseline_post,-1,-1
88863,88.863,1,4004,54004,ladder_a11_lin_r02,baseline_post,1428,0,0.000000,0,0,0,0.00000000,0.00000,baseline_post,-1,-1
88868,88.868,1,4004,54004,ladder_a11_lin_r02,baseline_post,1428,0,0.000000,0,0,0,0.00000000,0.00000,baseline_post,-1,-1
88873,88.873,1,4004,54004,ladder_a11_lin_r02,baseline_post,1428,0,0.000000,0,0,0,0.00000000,0.00000,baseline_post,-1,-1
88878,88.878,1,4004,54004,ladder_a11_lin_r02,baseline_post,1428,0,0.000000,0,0,0,0.00000000,0.00000,baseline_post,-1,-1
88883,88.883,1,4004,54004,ladder_a11_lin_r02,baseline_post,1428,0,0.000000,0,0,0,0.00000000,0.00000,baseline_post,-1,-1
88889,88.889,1,4004,54004,ladder_a11_lin_r02,baseline_post,1428,0,0.000000,0,0,0,0.00000000,0.00000,baseline_post,-1,-1
88894,88.894,1,4004,54004,ladder_a11_lin_r02,baseline_post,1428,0,0.000000,0,0,0,0.00000000,0.00000,baseline_post,-1,-1
88899,88.899,1,4004,54004,ladder_a11_lin_r02,baseline_post,1428,0,0.000000,0,0,0,0.00000000,0.00000,baseline_post,-1,-1
88904,88.904,1,4004,54004,ladder_a11_lin_r02,baseline_post,1428,0,0.000000,0,0,0,0.00000000,0.00000,baseline_post,-1,-1
88909,88.909,1,4004,54004,ladder_a11_lin_r02,baseline_post,1428,0,0.000000,0,0,0,0.00000000,0.00000,baseline_post,-1,-1
88914,88.914,1,4004,54004,ladder_a11_lin_r02,baseline_post,1428,0,0.000000,0,0,0,0.00000000,0.00000,baseline_post,-1,-1
88919,88.919,1,4004,54004,ladder_a11_lin_r02,baseline_post,1428,0,0.000000,0,0,0,0.00000000,0.00000,baseline_post,-1,-1
88924,88.924,1,4004,54004,ladder_a11_lin_r02,baseline_post,1428,0,0.000000,0,0,0,0.00000000,0.00000,baseline_post,-1,-1
88930,88.930,1,4004,54004,ladder_a11_lin_r02,baseline_post,1428,0,0.000000,0,0,0,0.00000000,0.00000,baseline_post,-1,-1
88935,88.935,1,4004,54004,ladder_a11_lin_r02,baseline_post,1428,0,0.000000,0,0,0,0.00000000,0.00000,baseline_post,-1,-1
88940,88.940,1,4004,54004,ladder_a11_lin_r02,baseline_post,1428,0,0.000000,0,0,0,0.00000000,0.00000,baseline_post,-1,-1
88945,88.945,1,4004,54004,ladder_a11_lin_r02,baseline_post,1428,0,0.000000,0,0,0,0.00000000,0.00000,baseline_post,-1,-1
88951,88.951,1,4004,54004,ladder_a11_lin_r02,baseline_post,1428,0,0.000000,0,0,0,0.00000000,0.00000,baseline_post,-1,-1
88956,88.956,1,4004,54004,ladder_a11_lin_r02,baseline_post,1428,0,0.000000,0,0,0,0.00000000,0.00000,baseline_post,-1,-1
88961,88.961,1,4004,54004,ladder_a11_lin_r02,baseline_post,1428,0,0.000000,0,0,0,0.00000000,0.00000,baseline_post,-1,-1
88966,88.966,1,4004,54004,ladder_a11_lin_r02,baseline_post,1428,0,0.000000,0,0,0,0.00000000,0.00000,baseline_post,-1,-1
88971,88.971,1,4004,54004,ladder_a11_lin_r02,baseline_post,1428,0,0.000000,0,0,0,0.00000000,0.00000,baseline_post,-1,-1
89010,89.010,1,4004,54004,ladder_a11_lin_r02,baseline_post,1428,0,0.000000,0,0,0,0.00000000,0.00000,baseline_post,-1,-1
89014,89.014,1,4004,54004,ladder_a11_lin_r02,baseline_post,1428,0,0.000000,0,0,0,0.00000000,0.00000,baseline_post,-1,-1
89019,89.019,1,4004,54004,ladder_a11_lin_r02,baseline_post,1428,0,0.000000,0,0,0,0.00000000,0.00000,baseline_post,-1,-1
89024,89.024,1,4004,54004,ladder_a11_lin_r02,baseline_post,1428,0,0.000000,0,0,0,0.00000000,0.00000,baseline_post,-1,-1
89029,89.029,1,4004,54004,ladder_a11_lin_r02,baseline_post,1428,0,0.000000,0,0,0,0.00000000,0.00000,baseline_post,-1,-1
89034,89.034,1,4004,54004,ladder_a11_lin_r02,baseline_post,1428,0,0.000000,0,0,0,0.00000000,0.00000,baseline_post,-1,-1
89039,89.039,1,4004,54004,ladder_a11_lin_r02,baseline_post,1428,0,0.000000,0,0,0,0.00000000,0.00000,baseline_post,-1,-1
89044,89.044,1,4004,54004,ladder_a11_lin_r02,baseline_post,1428,0,0.000000,0,0,0,0.00000000,0.00000,baseline_post,-1,-1
89050,89.050,1,4004,54004,ladder_a11_lin_r02,baseline_post,1428,0,0.000000,0,0,0,0.00000000,0.00000,baseline_post,-1,-1
89055,89.055,1,4004,54004,ladder_a11_lin_r02,baseline_post,1428,0,0.000000,0,0,0,0.00000000,0.00000,baseline_post,-1,-1
89060,89.060,1,4004,54004,ladder_a11_lin_r02,baseline_post,1428,0,0.000000,0,0,0,0.00000000,0.00000,baseline_post,-1,-1
89065,89.065,1,4004,54004,ladder_a11_lin_r02,baseline_post,1428,0,0.000000,0,0,0,0.00000000,0.00000,baseline_post,-1,-1
89070,89.070,1,4004,54004,ladder_a11_lin_r02,baseline_post,1428,0,0.000000,0,0,0,0.00000000,0.00000,baseline_post,-1,-1
89075,89.075,1,4004,54004,ladder_a11_lin_r02,baseline_post,1428,0,0.000000,0,0,0,0.00000000,0.00000,baseline_post,-1,-1
89080,89.080,1,4004,54004,ladder_a11_lin_r02,baseline_post,1428,0,0.000000,0,0,0,0.00000000,0.00000,baseline_post,-1,-1
89085,89.085,1,4004,54004,ladder_a11_lin_r02,baseline_post,1428,0,0.000000,0,0,0,0.00000000,0.00000,baseline_post,-1,-1
89090,89.090,1,4004,54004,ladder_a11_lin_r02,baseline_post,1428,0,0.000000,0,0,0,0.00000000,0.00000,baseline_post,-1,-1
89096,89.096,1,4004,54004,ladder_a11_lin_r02,baseline_post,1428,0,0.000000,0,0,0,0.00000000,0.00000,baseline_post,-1,-1
89101,89.101,1,4004,54004,ladder_a11_lin_r02,baseline_post,1428,0,0.000000,0,0,0,0.00000000,0.00000,baseline_post,-1,-1
89106,89.106,1,4004,54004,ladder_a11_lin_r02,baseline_post,1428,0,0.000000,0,0,0,0.00000000,0.00000,baseline_post,-1,-1
89111,89.111,1,4004,54004,ladder_a11_lin_r02,baseline_post,1428,0,0.000000,0,0,0,0.00000000,0.00000,baseline_post,-1,-1
89116,89.116,1,4004,54004,ladder_a11_lin_r02,baseline_post,1428,0,0.000000,0,0,0,0.00000000,0.00000,baseline_post,-1,-1
89121,89.121,1,4004,54004,ladder_a11_lin_r02,baseline_post,1428,0,0.000000,0,0,0,0.00000000,0.00000,baseline_post,-1,-1
89126,89.126,1,4004,54004,ladder_a11_lin_r02,baseline_post,1428,0,0.000000,0,0,0,0.00000000,0.00000,baseline_post,-1,-1
89131,89.131,1,4004,54004,ladder_a11_lin_r02,baseline_post,1428,0,0.000000,0,0,0,0.00000000,0.00000,baseline_post,-1,-1
89137,89.137,1,4004,54004,ladder_a11_lin_r02,baseline_post,1428,0,0.000000,0,0,0,0.00000000,0.00000,baseline_post,-1,-1
89142,89.142,1,4004,54004,ladder_a11_lin_r02,baseline_post,1428,0,0.000000,0,0,0,0.00000000,0.00000,baseline_post,-1,-1
89147,89.147,1,4004,54004,ladder_a11_lin_r02,baseline_post,1428,0,0.000000,0,0,0,0.00000000,0.00000,baseline_post,-1,-1
89152,89.152,1,4004,54004,ladder_a11_lin_r02,baseline_post,1428,0,0.000000,0,0,0,0.00000000,0.00000,baseline_post,-1,-1
89157,89.157,1,4004,54004,ladder_a11_lin_r02,baseline_post,1428,0,0.000000,0,0,0,0.00000000,0.00000,baseline_post,-1,-1
89162,89.162,1,4004,54004,ladder_a11_lin_r02,baseline_post,1428,0,0.000000,0,0,0,0.00000000,0.00000,baseline_post,-1,-1
89167,89.167,1,4004,54004,ladder_a11_lin_r02,baseline_post,1428,0,0.000000,0,0,0,0.00000000,0.00000,baseline_post,-1,-1
89172,89.172,1,4004,54004,ladder_a11_lin_r02,baseline_post,1428,0,0.000000,0,0,0,0.00000000,0.00000,baseline_post,-1,-1
89177,89.177,1,4004,54004,ladder_a11_lin_r02,baseline_post,1428,0,0.000000,0,0,0,0.00000000,0.00000,baseline_post,-1,-1
89219,89.219,1,4004,54004,ladder_a11_lin_r02,baseline_post,1428,0,0.000000,0,0,0,0.00000000,0.00000,baseline_post,-1,-1
89224,89.224,1,4004,54004,ladder_a11_lin_r02,baseline_post,1428,0,0.000000,0,0,0,0.00000000,0.00000,baseline_post,-1,-1
89229,89.229,1,4004,54004,ladder_a11_lin_r02,baseline_post,1428,0,0.000000,0,0,0,0.00000000,0.00000,baseline_post,-1,-1
89234,89.234,1,4004,54004,ladder_a11_lin_r02,baseline_post,1428,0,0.000000,0,0,0,0.00000000,0.00000,baseline_post,-1,-1
89239,89.239,1,4004,54004,ladder_a11_lin_r02,baseline_post,1428,0,0.000000,0,0,0,0.00000000,0.00000,baseline_post,-1,-1
89244,89.244,1,4004,54004,ladder_a11_lin_r02,baseline_post,1428,0,0.000000,0,0,0,0.00000000,0.00000,baseline_post,-1,-1
89249,89.249,1,4004,54004,ladder_a11_lin_r02,baseline_post,1428,0,0.000000,0,0,0,0.00000000,0.00000,baseline_post,-1,-1
89254,89.254,1,4004,54004,ladder_a11_lin_r02,baseline_post,1428,0,0.000000,0,0,0,0.00000000,0.00000,baseline_post,-1,-1
89260,89.260,1,4004,54004,ladder_a11_lin_r02,baseline_post,1428,0,0.000000,0,0,0,0.00000000,0.00000,baseline_post,-1,-1
89265,89.265,1,4004,54004,ladder_a11_lin_r02,baseline_post,1428,0,0.000000,0,0,0,0.00000000,0.00000,baseline_post,-1,-1
89270,89.270,1,4004,54004,ladder_a11_lin_r02,baseline_post,1428,0,0.000000,0,0,0,0.00000000,0.00000,baseline_post,-1,-1
89275,89.275,1,4004,54004,ladder_a11_lin_r02,baseline_post,1428,0,0.000000,0,0,0,0.00000000,0.00000,baseline_post,-1,-1
89280,89.280,1,4004,54004,ladder_a11_lin_r02,baseline_post,1428,0,0.000000,0,0,0,0.00000000,0.00000,baseline_post,-1,-1
89285,89.285,1,4004,54004,ladder_a11_lin_r02,baseline_post,1428,0,0.000000,0,0,0,0.00000000,0.00000,baseline_post,-1,-1
89290,89.290,1,4004,54004,ladder_a11_lin_r02,baseline_post,1428,0,0.000000,0,0,0,0.00000000,0.00000,baseline_post,-1,-1
89295,89.295,1,4004,54004,ladder_a11_lin_r02,baseline_post,1428,0,0.000000,0,0,0,0.00000000,0.00000,baseline_post,-1,-1
89300,89.300,1,4004,54004,ladder_a11_lin_r02,baseline_post,1428,0,0.000000,0,0,0,0.00000000,0.00000,baseline_post,-1,-1
89306,89.306,1,4004,54004,ladder_a11_lin_r02,baseline_post,1428,0,0.000000,0,0,0,0.00000000,0.00000,baseline_post,-1,-1
89311,89.311,1,4004,54004,ladder_a11_lin_r02,baseline_post,1428,0,0.000000,0,0,0,0.00000000,0.00000,baseline_post,-1,-1
89316,89.316,1,4004,54004,ladder_a11_lin_r02,baseline_post,1428,0,0.000000,0,0,0,0.00000000,0.00000,baseline_post,-1,-1
89321,89.321,1,4004,54004,ladder_a11_lin_r02,baseline_post,1428,0,0.000000,0,0,0,0.00000000,0.00000,baseline_post,-1,-1
89326,89.326,1,4004,54004,ladder_a11_lin_r02,baseline_post,1428,0,0.000000,0,0,0,0.00000000,0.00000,baseline_post,-1,-1
89331,89.331,1,4004,54004,ladder_a11_lin_r02,baseline_post,1428,0,0.000000,0,0,0,0.00000000,0.00000,baseline_post,-1,-1
89336,89.336,1,4004,54004,ladder_a11_lin_r02,baseline_post,1428,0,0.000000,0,0,0,0.00000000,0.00000,baseline_post,-1,-1
89341,89.341,1,4004,54004,ladder_a11_lin_r02,baseline_post,1428,0,0.000000,0,0,0,0.00000000,0.00000,baseline_post,-1,-1
89347,89.347,1,4004,54004,ladder_a11_lin_r02,baseline_post,1428,0,0.000000,0,0,0,0.00000000,0.00000,baseline_post,-1,-1
89352,89.352,1,4004,54004,ladder_a11_lin_r02,baseline_post,1428,0,0.000000,0,0,0,0.00000000,0.00000,baseline_post,-1,-1
89357,89.357,1,4004,54004,ladder_a11_lin_r02,baseline_post,1428,0,0.000000,0,0,0,0.00000000,0.00000,baseline_post,-1,-1
89362,89.362,1,4004,54004,ladder_a11_lin_r02,baseline_post,1428,0,0.000000,0,0,0,0.00000000,0.00000,baseline_post,-1,-1
89367,89.367,1,4004,54004,ladder_a11_lin_r02,baseline_post,1428,0,0.000000,0,0,0,0.00000000,0.00000,baseline_post,-1,-1
89372,89.372,1,4004,54004,ladder_a11_lin_r02,baseline_post,1428,0,0.000000,0,0,0,0.00000000,0.00000,baseline_post,-1,-1
89377,89.377,1,4004,54004,ladder_a11_lin_r02,baseline_post,1428,0,0.000000,0,0,0,0.00000000,0.00000,baseline_post,-1,-1
89382,89.382,1,4004,54004,ladder_a11_lin_r02,baseline_post,1428,0,0.000000,0,0,0,0.00000000,0.00000,baseline_post,-1,-1
89387,89.387,1,4004,54004,ladder_a11_lin_r02,baseline_post,1428,0,0.000000,0,0,0,0.00000000,0.00000,baseline_post,-1,-1
89424,89.424,1,4004,54004,ladder_a11_lin_r02,baseline_post,1428,0,0.000000,0,0,0,0.00000000,0.00000,baseline_post,-1,-1
89429,89.429,1,4004,54004,ladder_a11_lin_r02,baseline_post,1428,0,0.000000,0,0,0,0.00000000,0.00000,baseline_post,-1,-1
89434,89.434,1,4004,54004,ladder_a11_lin_r02,baseline_post,1428,0,0.000000,0,0,0,0.00000000,0.00000,baseline_post,-1,-1
89439,89.439,1,4004,54004,ladder_a11_lin_r02,baseline_post,1428,0,0.000000,0,0,0,0.00000000,0.00000,baseline_post,-1,-1
89444,89.444,1,4004,54004,ladder_a11_lin_r02,baseline_post,1428,0,0.000000,0,0,0,0.00000000,0.00000,baseline_post,-1,-1
89449,89.449,1,4004,54004,ladder_a11_lin_r02,baseline_post,1428,0,0.000000,0,0,0,0.00000000,0.00000,baseline_post,-1,-1
89454,89.454,1,4004,54004,ladder_a11_lin_r02,baseline_post,1428,0,0.000000,0,0,0,0.00000000,0.00000,baseline_post,-1,-1
89459,89.459,1,4004,54004,ladder_a11_lin_r02,baseline_post,1428,0,0.000000,0,0,0,0.00000000,0.00000,baseline_post,-1,-1
89465,89.465,1,4004,54004,ladder_a11_lin_r02,baseline_post,1428,0,0.000000,0,0,0,0.00000000,0.00000,baseline_post,-1,-1
89470,89.470,1,4004,54004,ladder_a11_lin_r02,baseline_post,1428,0,0.000000,0,0,0,0.00000000,0.00000,baseline_post,-1,-1
89475,89.475,1,4004,54004,ladder_a11_lin_r02,baseline_post,1428,0,0.000000,0,0,0,0.00000000,0.00000,baseline_post,-1,-1
89480,89.480,1,4004,54004,ladder_a11_lin_r02,baseline_post,1428,0,0.000000,0,0,0,0.00000000,0.00000,baseline_post,-1,-1
89485,89.485,1,4004,54004,ladder_a11_lin_r02,baseline_post,1428,0,0.000000,0,0,0,0.00000000,0.00000,baseline_post,-1,-1
89490,89.490,1,4004,54004,ladder_a11_lin_r02,baseline_post,1428,0,0.000000,0,0,0,0.00000000,0.00000,baseline_post,-1,-1
89495,89.495,1,4004,54004,ladder_a11_lin_r02,baseline_post,1428,0,0.000000,0,0,0,0.00000000,0.00000,baseline_post,-1,-1
89500,89.500,1,4004,54004,ladder_a11_lin_r02,baseline_post,1428,0,0.000000,0,0,0,0.00000000,0.00000,baseline_post,-1,-1
89505,89.505,1,4004,54004,ladder_a11_lin_r02,baseline_post,1428,0,0.000000,0,0,0,0.00000000,0.00000,baseline_post,-1,-1
89511,89.511,1,4004,54004,ladder_a11_lin_r02,baseline_post,1428,0,0.000000,0,0,0,0.00000000,0.00000,baseline_post,-1,-1
89516,89.516,1,4004,54004,ladder_a11_lin_r02,baseline_post,1428,0,0.000000,0,0,0,0.00000000,0.00000,baseline_post,-1,-1
89533,89.533,1,4004,54004,ladder_a11_lin_r02,baseline_post,1428,0,0.000000,0,0,0,0.00000000,0.00000,baseline_post,-1,-1
89537,89.537,1,4004,54004,ladder_a11_lin_r02,baseline_post,1428,0,0.000000,0,0,0,0.00000000,0.00000,baseline_post,-1,-1
89542,89.542,1,4004,54004,ladder_a11_lin_r02,baseline_post,1428,0,0.000000,0,0,0,0.00000000,0.00000,baseline_post,-1,-1
89547,89.547,1,4004,54004,ladder_a11_lin_r02,baseline_post,1428,0,0.000000,0,0,0,0.00000000,0.00000,baseline_post,-1,-1
89552,89.552,1,4004,54004,ladder_a11_lin_r02,baseline_post,1428,0,0.000000,0,0,0,0.00000000,0.00000,baseline_post,-1,-1
89557,89.557,1,4004,54004,ladder_a11_lin_r02,baseline_post,1428,0,0.000000,0,0,0,0.00000000,0.00000,baseline_post,-1,-1
89563,89.563,1,4004,54004,ladder_a11_lin_r02,baseline_post,1428,0,0.000000,0,0,0,0.00000000,0.00000,baseline_post,-1,-1
89568,89.568,1,4004,54004,ladder_a11_lin_r02,baseline_post,1428,0,0.000000,0,0,0,0.00000000,0.00000,baseline_post,-1,-1
89573,89.573,1,4004,54004,ladder_a11_lin_r02,baseline_post,1428,0,0.000000,0,0,0,0.00000000,0.00000,baseline_post,-1,-1
89578,89.578,1,4004,54004,ladder_a11_lin_r02,baseline_post,1428,0,0.000000,0,0,0,0.00000000,0.00000,baseline_post,-1,-1
89583,89.583,1,4004,54004,ladder_a11_lin_r02,baseline_post,1428,0,0.000000,0,0,0,0.00000000,0.00000,baseline_post,-1,-1
89588,89.588,1,4004,54004,ladder_a11_lin_r02,baseline_post,1428,0,0.000000,0,0,0,0.00000000,0.00000,baseline_post,-1,-1
89593,89.593,1,4004,54004,ladder_a11_lin_r02,baseline_post,1428,0,0.000000,0,0,0,0.00000000,0.00000,baseline_post,-1,-1
89598,89.598,1,4004,54004,ladder_a11_lin_r02,baseline_post,1428,0,0.000000,0,0,0,0.00000000,0.00000,baseline_post,-1,-1
89603,89.603,1,4004,54004,ladder_a11_lin_r02,baseline_post,1428,0,0.000000,0,0,0,0.00000000,0.00000,baseline_post,-1,-1
89643,89.643,1,4004,54004,ladder_a11_lin_r02,baseline_post,1428,0,0.000000,0,0,0,0.00000000,0.00000,baseline_post,-1,-1
89648,89.648,1,4004,54004,ladder_a11_lin_r02,baseline_post,1428,0,0.000000,0,0,0,0.00000000,0.00000,baseline_post,-1,-1
89653,89.653,1,4004,54004,ladder_a11_lin_r02,baseline_post,1428,0,0.000000,0,0,0,0.00000000,0.00000,baseline_post,-1,-1
89658,89.658,1,4004,54004,ladder_a11_lin_r02,baseline_post,1428,0,0.000000,0,0,0,0.00000000,0.00000,baseline_post,-1,-1
89663,89.663,1,4004,54004,ladder_a11_lin_r02,baseline_post,1428,0,0.000000,0,0,0,0.00000000,0.00000,baseline_post,-1,-1
89668,89.668,1,4004,54004,ladder_a11_lin_r02,baseline_post,1428,0,0.000000,0,0,0,0.00000000,0.00000,baseline_post,-1,-1
89673,89.673,1,4004,54004,ladder_a11_lin_r02,baseline_post,1428,0,0.000000,0,0,0,0.00000000,0.00000,baseline_post,-1,-1
89678,89.678,1,4004,54004,ladder_a11_lin_r02,baseline_post,1428,0,0.000000,0,0,0,0.00000000,0.00000,baseline_post,-1,-1
89684,89.684,1,4004,54004,ladder_a11_lin_r02,baseline_post,1428,0,0.000000,0,0,0,0.00000000,0.00000,baseline_post,-1,-1
89689,89.689,1,4004,54004,ladder_a11_lin_r02,baseline_post,1428,0,0.000000,0,0,0,0.00000000,0.00000,baseline_post,-1,-1
89694,89.694,1,4004,54004,ladder_a11_lin_r02,baseline_post,1428,0,0.000000,0,0,0,0.00000000,0.00000,baseline_post,-1,-1
89699,89.699,1,4004,54004,ladder_a11_lin_r02,baseline_post,1428,0,0.000000,0,0,0,0.00000000,0.00000,baseline_post,-1,-1
89704,89.704,1,4004,54004,ladder_a11_lin_r02,baseline_post,1428,0,0.000000,0,0,0,0.00000000,0.00000,baseline_post,-1,-1
89709,89.709,1,4004,54004,ladder_a11_lin_r02,baseline_post,1428,0,0.000000,0,0,0,0.00000000,0.00000,baseline_post,-1,-1
89714,89.714,1,4004,54004,ladder_a11_lin_r02,baseline_post,1428,0,0.000000,0,0,0,0.00000000,0.00000,baseline_post,-1,-1
89719,89.719,1,4004,54004,ladder_a11_lin_r02,baseline_post,1428,0,0.000000,0,0,0,0.00000000,0.00000,baseline_post,-1,-1
89724,89.724,1,4004,54004,ladder_a11_lin_r02,baseline_post,1428,0,0.000000,0,0,0,0.00000000,0.00000,baseline_post,-1,-1
89730,89.730,1,4004,54004,ladder_a11_lin_r02,baseline_post,1428,0,0.000000,0,0,0,0.00000000,0.00000,baseline_post,-1,-1
89735,89.735,1,4004,54004,ladder_a11_lin_r02,baseline_post,1428,0,0.000000,0,0,0,0.00000000,0.00000,baseline_post,-1,-1
89740,89.740,1,4004,54004,ladder_a11_lin_r02,baseline_post,1428,0,0.000000,0,0,0,0.00000000,0.00000,baseline_post,-1,-1
89745,89.745,1,4004,54004,ladder_a11_lin_r02,baseline_post,1428,0,0.000000,0,0,0,0.00000000,0.00000,baseline_post,-1,-1
89750,89.750,1,4004,54004,ladder_a11_lin_r02,baseline_post,1428,0,0.000000,0,0,0,0.00000000,0.00000,baseline_post,-1,-1
89755,89.755,1,4004,54004,ladder_a11_lin_r02,baseline_post,1428,0,0.000000,0,0,0,0.00000000,0.00000,baseline_post,-1,-1
89760,89.760,1,4004,54004,ladder_a11_lin_r02,baseline_post,1428,0,0.000000,0,0,0,0.00000000,0.00000,baseline_post,-1,-1
89765,89.765,1,4004,54004,ladder_a11_lin_r02,baseline_post,1428,0,0.000000,0,0,0,0.00000000,0.00000,baseline_post,-1,-1
89770,89.770,1,4004,54004,ladder_a11_lin_r02,baseline_post,1428,0,0.000000,0,0,0,0.00000000,0.00000,baseline_post,-1,-1
89776,89.776,1,4004,54004,ladder_a11_lin_r02,baseline_post,1428,0,0.000000,0,0,0,0.00000000,0.00000,baseline_post,-1,-1
89781,89.781,1,4004,54004,ladder_a11_lin_r02,baseline_post,1428,0,0.000000,0,0,0,0.00000000,0.00000,baseline_post,-1,-1
89786,89.786,1,4004,54004,ladder_a11_lin_r02,baseline_post,1428,0,0.000000,0,0,0,0.00000000,0.00000,baseline_post,-1,-1
89791,89.791,1,4004,54004,ladder_a11_lin_r02,baseline_post,1428,0,0.000000,0,0,0,0.00000000,0.00000,baseline_post,-1,-1
89796,89.796,1,4004,54004,ladder_a11_lin_r02,baseline_post,1428,0,0.000000,0,0,0,0.00000000,0.00000,baseline_post,-1,-1
89801,89.801,1,4004,54004,ladder_a11_lin_r02,baseline_post,1428,0,0.000000,0,0,0,0.00000000,0.00000,baseline_post,-1,-1
89806,89.806,1,4004,54004,ladder_a11_lin_r02,baseline_post,1428,0,0.000000,0,0,0,0.00000000,0.00000,baseline_post,-1,-1
89811,89.811,1,4004,54004,ladder_a11_lin_r02,baseline_post,1428,0,0.000000,0,0,0,0.00000000,0.00000,baseline_post,-1,-1
89850,89.850,1,4004,54004,ladder_a11_lin_r02,baseline_post,1428,0,0.000000,0,0,0,0.00000000,0.00000,baseline_post,-1,-1
89855,89.855,1,4004,54004,ladder_a11_lin_r02,baseline_post,1428,0,0.000000,0,0,0,0.00000000,0.00000,baseline_post,-1,-1
89860,89.860,1,4004,54004,ladder_a11_lin_r02,baseline_post,1428,0,0.000000,0,0,0,0.00000000,0.00000,baseline_post,-1,-1
89865,89.865,1,4004,54004,ladder_a11_lin_r02,baseline_post,1428,0,0.000000,0,0,0,0.00000000,0.00000,baseline_post,-1,-1
89870,89.870,1,4004,54004,ladder_a11_lin_r02,baseline_post,1428,0,0.000000,0,0,0,0.00000000,0.00000,baseline_post,-1,-1
89875,89.875,1,4004,54004,ladder_a11_lin_r02,baseline_post,1428,0,0.000000,0,0,0,0.00000000,0.00000,baseline_post,-1,-1
89880,89.880,1,4004,54004,ladder_a11_lin_r02,baseline_post,1428,0,0.000000,0,0,0,0.00000000,0.00000,baseline_post,-1,-1
89885,89.885,1,4004,54004,ladder_a11_lin_r02,baseline_post,1428,0,0.000000,0,0,0,0.00000000,0.00000,baseline_post,-1,-1
89890,89.890,1,4004,54004,ladder_a11_lin_r02,baseline_post,1428,0,0.000000,0,0,0,0.00000000,0.00000,baseline_post,-1,-1
89896,89.896,1,4004,54004,ladder_a11_lin_r02,baseline_post,1428,0,0.000000,0,0,0,0.00000000,0.00000,baseline_post,-1,-1
89901,89.901,1,4004,54004,ladder_a11_lin_r02,baseline_post,1428,0,0.000000,0,0,0,0.00000000,0.00000,baseline_post,-1,-1
89906,89.906,1,4004,54004,ladder_a11_lin_r02,baseline_post,1428,0,0.000000,0,0,0,0.00000000,0.00000,baseline_post,-1,-1
89911,89.911,1,4004,54004,ladder_a11_lin_r02,baseline_post,1428,0,0.000000,0,0,0,0.00000000,0.00000,baseline_post,-1,-1
89916,89.916,1,4004,54004,ladder_a11_lin_r02,baseline_post,1428,0,0.000000,0,0,0,0.00000000,0.00000,baseline_post,-1,-1
89921,89.921,1,4004,54004,ladder_a11_lin_r02,baseline_post,1428,0,0.000000,0,0,0,0.00000000,0.00000,baseline_post,-1,-1
89926,89.926,1,4004,54004,ladder_a11_lin_r02,baseline_post,1428,0,0.000000,0,0,0,0.00000000,0.00000,baseline_post,-1,-1
89931,89.931,1,4004,54004,ladder_a11_lin_r02,baseline_post,1428,0,0.000000,0,0,0,0.00000000,0.00000,baseline_post,-1,-1
89937,89.937,1,4004,54004,ladder_a11_lin_r02,baseline_post,1428,0,0.000000,0,0,0,0.00000000,0.00000,baseline_post,-1,-1
89942,89.942,1,4004,54004,ladder_a11_lin_r02,baseline_post,1428,0,0.000000,0,0,0,0.00000000,0.00000,baseline_post,-1,-1
89947,89.947,1,4004,54004,ladder_a11_lin_r02,baseline_post,1428,0,0.000000,0,0,0,0.00000000,0.00000,baseline_post,-1,-1
89952,89.952,1,4004,54004,ladder_a11_lin_r02,baseline_post,1428,0,0.000000,0,0,0,0.00000000,0.00000,baseline_post,-1,-1
89957,89.957,1,4004,54004,ladder_a11_lin_r02,baseline_post,1428,0,0.000000,0,0,0,0.00000000,0.00000,baseline_post,-1,-1
89962,89.962,1,4004,54004,ladder_a11_lin_r02,baseline_post,1428,0,0.000000,0,0,0,0.00000000,0.00000,baseline_post,-1,-1
89967,89.967,1,4004,54004,ladder_a11_lin_r02,baseline_post,1428,0,0.000000,0,0,0,0.00000000,0.00000,baseline_post,-1,-1
89972,89.972,1,4004,54004,ladder_a11_lin_r02,baseline_post,1428,0,0.000000,0,0,0,0.00000000,0.00000,baseline_post,-1,-1
89977,89.977,1,4004,54004,ladder_a11_lin_r02,baseline_post,1428,0,0.000000,0,0,0,0.00000000,0.00000,baseline_post,-1,-1
89983,89.983,1,4004,54004,ladder_a11_lin_r02,baseline_post,1428,0,0.000000,0,0,0,0.00000000,0.00000,baseline_post,-1,-1
89988,89.988,1,4004,54004,ladder_a11_lin_r02,baseline_post,1428,0,0.000000,0,0,0,0.00000000,0.00000,baseline_post,-1,-1
89993,89.993,1,4004,54004,ladder_a11_lin_r02,baseline_post,1428,0,0.000000,0,0,0,0.00000000,0.00000,baseline_post,-1,-1
89998,89.998,1,4004,54004,ladder_a11_lin_r02,baseline_post,1428,0,0.000000,0,0,0,0.00000000,0.00000,baseline_post,-1,-1
90003,90.003,1,4004,54004,ladder_a11_lin_r02,baseline_post,1428,0,0.000000,0,0,0,0.00000000,0.00000,baseline_post,-1,-1
90008,90.008,1,4004,54004,ladder_a11_lin_r02,baseline_post,1428,0,0.000000,0,0,0,0.00000000,0.00000,baseline_post,-1,-1
90013,90.013,1,4004,54004,ladder_a11_lin_r02,baseline_post,1428,0,0.000000,0,0,0,0.00000000,0.00000,baseline_post,-1,-1
90018,90.018,1,4004,54004,ladder_a11_lin_r02,baseline_post,1428,0,0.000000,0,0,0,0.00000000,0.00000,baseline_post,-1,-1
90067,90.067,1,4004,54004,ladder_a11_lin_r02,baseline_post,1428,0,0.000000,0,0,0,0.00000000,0.00000,baseline_post,-1,-1
90072,90.072,1,4004,54004,ladder_a11_lin_r02,baseline_post,1428,0,0.000000,0,0,0,0.00000000,0.00000,baseline_post,-1,-1
90077,90.077,1,4004,54004,ladder_a11_lin_r02,baseline_post,1428,0,0.000000,0,0,0,0.00000000,0.00000,baseline_post,-1,-1
90082,90.082,1,4004,54004,ladder_a11_lin_r02,baseline_post,1428,0,0.000000,0,0,0,0.00000000,0.00000,baseline_post,-1,-1
90087,90.087,1,4004,54004,ladder_a11_lin_r02,baseline_post,1428,0,0.000000,0,0,0,0.00000000,0.00000,baseline_post,-1,-1
90092,90.092,1,4004,54004,ladder_a11_lin_r02,baseline_post,1428,0,0.000000,0,0,0,0.00000000,0.00000,baseline_post,-1,-1
90097,90.097,1,4004,54004,ladder_a11_lin_r02,baseline_post,1428,0,0.000000,0,0,0,0.00000000,0.00000,baseline_post,-1,-1
90102,90.102,1,4004,54004,ladder_a11_lin_r02,baseline_post,1428,0,0.000000,0,0,0,0.00000000,0.00000,baseline_post,-1,-1
90107,90.107,1,4004,54004,ladder_a11_lin_r02,baseline_post,1428,0,0.000000,0,0,0,0.00000000,0.00000,baseline_post,-1,-1
90113,90.113,1,4004,54004,ladder_a11_lin_r02,baseline_post,1428,0,0.000000,0,0,0,0.00000000,0.00000,baseline_post,-1,-1
90118,90.118,1,4004,54004,ladder_a11_lin_r02,baseline_post,1428,0,0.000000,0,0,0,0.00000000,0.00000,baseline_post,-1,-1
90123,90.123,1,4004,54004,ladder_a11_lin_r02,baseline_post,1428,0,0.000000,0,0,0,0.00000000,0.00000,baseline_post,-1,-1
90128,90.128,1,4004,54004,ladder_a11_lin_r02,baseline_post,1428,0,0.000000,0,0,0,0.00000000,0.00000,baseline_post,-1,-1
90133,90.133,1,4004,54004,ladder_a11_lin_r02,baseline_post,1428,0,0.000000,0,0,0,0.00000000,0.00000,baseline_post,-1,-1
90138,90.138,1,4004,54004,ladder_a11_lin_r02,baseline_post,1428,0,0.000000,0,0,0,0.00000000,0.00000,baseline_post,-1,-1
90143,90.143,1,4004,54004,ladder_a11_lin_r02,baseline_post,1428,0,0.000000,0,0,0,0.00000000,0.00000,baseline_post,-1,-1
90148,90.148,1,4004,54004,ladder_a11_lin_r02,baseline_post,1428,0,0.000000,0,0,0,0.00000000,0.00000,baseline_post,-1,-1
90154,90.154,1,4004,54004,ladder_a11_lin_r02,baseline_post,1428,0,0.000000,0,0,0,0.00000000,0.00000,baseline_post,-1,-1
90159,90.159,1,4004,54004,ladder_a11_lin_r02,baseline_post,1428,0,0.000000,0,0,0,0.00000000,0.00000,baseline_post,-1,-1
90164,90.164,1,4004,54004,ladder_a11_lin_r02,baseline_post,1428,0,0.000000,0,0,0,0.00000000,0.00000,baseline_post,-1,-1
90169,90.169,1,4004,54004,ladder_a11_lin_r02,baseline_post,1428,0,0.000000,0,0,0,0.00000000,0.00000,baseline_post,-1,-1
90174,90.174,1,4004,54004,ladder_a11_lin_r02,baseline_post,1428,0,0.000000,0,0,0,0.00000000,0.00000,baseline_post,-1,-1
90179,90.179,1,4004,54004,ladder_a11_lin_r02,baseline_post,1428,0,0.000000,0,0,0,0.00000000,0.00000,baseline_post,-1,-1
90184,90.184,1,4004,54004,ladder_a11_lin_r02,baseline_post,1428,0,0.000000,0,0,0,0.00000000,0.00000,baseline_post,-1,-1
90189,90.189,1,4004,54004,ladder_a11_lin_r02,baseline_post,1428,0,0.000000,0,0,0,0.00000000,0.00000,baseline_post,-1,-1
90195,90.195,1,4004,54004,ladder_a11_lin_r02,baseline_post,1428,0,0.000000,0,0,0,0.00000000,0.00000,baseline_post,-1,-1
90202,90.202,1,4004,54004,ladder_a11_lin_r02,baseline_post,1428,0,0.000000,0,0,0,0.00000000,0.00000,baseline_post,-1,-1
90206,90.206,1,4004,54004,ladder_a11_lin_r02,baseline_post,1428,0,0.000000,0,0,0,0.00000000,0.00000,baseline_post,-1,-1
90211,90.211,1,4004,54004,ladder_a11_lin_r02,baseline_post,1428,0,0.000000,0,0,0,0.00000000,0.00000,baseline_post,-1,-1
90216,90.216,1,4004,54004,ladder_a11_lin_r02,baseline_post,1428,0,0.000000,0,0,0,0.00000000,0.00000,baseline_post,-1,-1
90221,90.221,1,4004,54004,ladder_a11_lin_r02,baseline_post,1428,0,0.000000,0,0,0,0.00000000,0.00000,baseline_post,-1,-1
90226,90.226,1,4004,54004,ladder_a11_lin_r02,baseline_post,1428,0,0.000000,0,0,0,0.00000000,0.00000,baseline_post,-1,-1
90231,90.231,1,4004,54004,ladder_a11_lin_r02,baseline_post,1428,0,0.000000,0,0,0,0.00000000,0.00000,baseline_post,-1,-1
90236,90.236,1,4004,54004,ladder_a11_lin_r02,baseline_post,1428,0,0.000000,0,0,0,0.00000000,0.00000,baseline_post,-1,-1
90275,90.275,1,4004,54004,ladder_a11_lin_r02,baseline_post,1428,0,0.000000,0,0,0,0.00000000,0.00000,baseline_post,-1,-1
90280,90.280,1,4004,54004,ladder_a11_lin_r02,baseline_post,1428,0,0.000000,0,0,0,0.00000000,0.00000,baseline_post,-1,-1
90285,90.285,1,4004,54004,ladder_a11_lin_r02,baseline_post,1428,0,0.000000,0,0,0,0.00000000,0.00000,baseline_post,-1,-1
90290,90.290,1,4004,54004,ladder_a11_lin_r02,baseline_post,1428,0,0.000000,0,0,0,0.00000000,0.00000,baseline_post,-1,-1
90295,90.295,1,4004,54004,ladder_a11_lin_r02,baseline_post,1428,0,0.000000,0,0,0,0.00000000,0.00000,baseline_post,-1,-1
90300,90.300,1,4004,54004,ladder_a11_lin_r02,baseline_post,1428,0,0.000000,0,0,0,0.00000000,0.00000,baseline_post,-1,-1
90305,90.305,1,4004,54004,ladder_a11_lin_r02,baseline_post,1428,0,0.000000,0,0,0,0.00000000,0.00000,baseline_post,-1,-1
