t_ms,t_s,set_index,prps_seed,run_order_seed,run_name,segment,servo_us,command_delta_us,command_norm,count,count_zero,count_delta,theta_rad,theta_deg,phase,period_index,period_sample_index
13,0.013,1,4004,54004,ladder_a05_lin_r02,baseline_pre,1428,0,0.000000,0,0,0,0.00000000,0.00000,baseline_pre,-1,-1
18,0.018,1,4004,54004,ladder_a05_lin_r02,baseline_pre,1428,0,0.000000,0,0,0,0.00000000,0.00000,baseline_pre,-1,-1
23,0.023,1,4004,54004,ladder_a05_lin_r02,baseline_pre,1428,0,0.000000,0,0,0,0.00000000,0.00000,baseline_pre,-1,-1
65,0.065,1,4004,54004,ladder_a05_lin_r02,baseline_pre,1428,0,0.000000,0,0,0,0.00000000,0.00000,baseline_pre,-1,-1
69,0.069,1,4004,54004,ladder_a05_lin_r02,baseline_pre,1428,0,0.000000,0,0,0,0.00000000,0.00000,baseline_pre,-1,-1
74,0.074,1,4004,54004,ladder_a05_lin_r02,baseline_pre,1428,0,0.000000,0,0,0,0.00000000,0.00000,baseline_pre,-1,-1
79,0.079,1,4004,54004,ladder_a05_lin_r02,baseline_pre,1428,0,0.000000,0,0,0,0.00000000,0.00000,baseline_pre,-1,-1
84,0.084,1,4004,54004,ladder_a05_lin_r02,baseline_pre,1428,0,0.000000,0,0,0,0.00000000,0.00000,baseline_pre,-1,-1
90,0.090,1,4004,54004,ladder_a05_lin_r02,baseline_pre,1428,0,0.000000,0,0,0,0.00000000,0.00000,baseline_pre,-1,-1
95,0.095,1,4004,54004,ladder_a05_lin_r02,baseline_pre,1428,0,0.000000,0,0,0,0.00000000,0.00000,baseline_pre,-1,-1
100,0.100,1,4004,54004,ladder_a05_lin_r02,baseline_pre,1428,0,0.000000,0,0,0,0.00000000,0.00000,baseline_pre,-1,-1
105,0.105,1,4004,54004,ladder_a05_lin_r02,baseline_pre,1428,0,0.000000,0,0,0,0.00000000,0.00000,baseline_pre,-1,-1
110,0.110,1,4004,54004,ladder_a05_lin_r02,baseline_pre,1428,0,0.000000,0,0,0,0.00000000,0.00000,baseline_pre,-1,-1
115,0.115,1,4004,54004,ladder_a05_lin_r02,baseline_pre,1428,0,0.000000,0,0,0,0.00000000,0.00000,baseline_pre,-1,-1
120,0.120,1,4004,54004,ladder_a05_lin_r02,baseline_pre,1428,0,0.000000,0,0,0,0.00000000,0.00000,baseline_pre,-1,-1
125,0.125,1,4004,54004,ladder_a05_lin_r02,baseline_pre,1428,0,0.000000,0,0,0,0.00000000,0.00000,baseline_pre,-1,-1
130,0.130,1,4004,54004,ladder_a05_lin_r02,baseline_pre,1428,0,0.000000,0,0,0,0.00000000,0.00000,baseline_pre,-1,-1
136,0.136,1,4004,54004,ladder_a05_lin_r02,baseline_pre,1428,0,0.000000,0,0,0,0.00000000,0.00000,baseline_pre,-1,-1
141,0.141,1,4004,54004,ladder_a05_lin_r02,baseline_pre,1428,0,0.000000,0,0,0,0.00000000,0.00000,baseline_pre,-1,-1
146,0.146,1,4004,54004,ladder_a05_lin_r02,baseline_pre,1428,0,0.000000,0,0,0,0.00000000,0.00000,baseline_pre,-1,-1
151,0.151,1,4004,54004,ladder_a05_lin_r02,baseline_pre,1428,0,0.000000,0,0,0,0.00000000,0.00000,baseline_pre,-1,-1
156,0.156,1,4004,54004,ladder_a05_lin_r02,baseline_pre,1428,0,0.000000,0,0,0,0.00000000,0.00000,baseline_pre,-1,-1
161,0.161,1,4004,54004,ladder_a05_lin_r02,baseline_pre,1428,0,0.000000,0,0,0,0.00000000,0.00000,baseline_pre,-1,-1
166,0.166,1,4004,54004,ladder_a05_lin_r02,baseline_pre,1428,0,0.000000,0,0,0,0.00000000,0.00000,baseline_pre,-1,-1
171,0.171,1,4004,54004,ladder_a05_lin_r02,baseline_pre,1428,0,0.000000,0,0,0,0.00000000,0.00000,baseline_pre,-1,-1
176,0.176,1,4004,54004,ladder_a05_lin_r02,baseline_pre,1428,0,0.000000,0,0,0,0.00000000,0.00000,baseline_pre,-1,-1
182,0.182,1,4004,54004,ladder_a05_lin_r02,baseline_pre,1428,0,0.000000,0,0,0,0.00000000,0.00000,baseline_pre,-1,-1
187,0.187,1,4004,54004,ladder_a05_lin_r02,baseline_pre,1428,0,0.000000,0,0,0,0.00000000,0.00000,baseline_pre,-1,-1
192,0.192,1,4004,54004,ladder_a05_lin_r02,baseline_pre,1428,0,0.000000,0,0,0,0.00000000,0.00000,baseline_pre,-1,-1
197,0.197,1,4004,54004,ladder_a05_lin_r02,baseline_pre,1428,0,0.000000,0,0,0,0.00000000,0.00000,baseline_pre,-1,-1
202,0.202,1,4004,54004,ladder_a05_lin_r02,baseline_pre,1428,0,0.000000,0,0,0,0.00000000,0.00000,baseline_pre,-1,-1
207,0.207,1,4004,54004,ladder_a05_lin_r02,baseline_pre,1428,0,0.000000,0,0,0,0.00000000,0.00000,baseline_pre,-1,-1
212,0.212,1,4004,54004,ladder_a05_lin_r02,baseline_pre,1428,0,0.000000,0,0,0,0.00000000,0.00000,baseline_pre,-1,-1
217,0.217,1,4004,54004,ladder_a05_lin_r02,baseline_pre,1428,0,0.000000,0,0,0,0.00000000,0.00000,baseline_pre,-1,-1
222,0.222,1,4004,54004,ladder_a05_lin_r02,baseline_pre,1428,0,0.000000,0,0,0,0.00000000,0.00000,baseline_pre,-1,-1
258,0.258,1,4004,54004,ladder_a05_lin_r02,baseline_pre,1428,0,0.000000,0,0,0,0.00000000,0.00000,baseline_pre,-1,-1
263,0.263,1,4004,54004,ladder_a05_lin_r02,baseline_pre,1428,0,0.000000,0,0,0,0.00000000,0.00000,baseline_pre,-1,-1
268,0.268,1,4004,54004,ladder_a05_lin_r02,baseline_pre,1428,0,0.000000,0,0,0,0.00000000,0.00000,baseline_pre,-1,-1
273,0.273,1,4004,54004,ladder_a05_lin_r02,baseline_pre,1428,0,0.000000,0,0,0,0.00000000,0.00000,baseline_pre,-1,-1
278,0.278,1,4004,54004,ladder_a05_lin_r02,baseline_pre,1428,0,0.000000,0,0,0,0.00000000,0.00000,baseline_pre,-1,-1
283,0.283,1,4004,54004,ladder_a05_lin_r02,baseline_pre,1428,0,0.000000,0,0,0,0.00000000,0.00000,baseline_pre,-1,-1
288,0.288,1,4004,54004,ladder_a05_lin_r02,baseline_pre,1428,0,0.000000,0,0,0,0.00000000,0.00000,baseline_pre,-1,-1
293,0.293,1,4004,54004,ladder_a05_lin_r02,baseline_pre,1428,0,0.000000,0,0,0,0.00000000,0.00000,baseline_pre,-1,-1
299,0.299,1,4004,54004,ladder_a05_lin_r02,baseline_pre,1428,0,0.000000,0,0,0,0.00000000,0.00000,baseline_pre,-1,-1
304,0.304,1,4004,54004,ladder_a05_lin_r02,baseline_pre,1428,0,0.000000,0,0,0,0.00000000,0.00000,baseline_pre,-1,-1
309,0.309,1,4004,54004,ladder_a05_lin_r02,baseline_pre,1428,0,0.000000,0,0,0,0.00000000,0.00000,baseline_pre,-1,-1
314,0.314,1,4004,54004,ladder_a05_lin_r02,baseline_pre,1428,0,0.000000,0,0,0,0.00000000,0.00000,baseline_pre,-1,-1
319,0.319,1,4004,54004,ladder_a05_lin_r02,baseline_pre,1428,0,0.000000,0,0,0,0.00000000,0.00000,baseline_pre,-1,-1
336,0.336,1,4004,54004,ladder_a05_lin_r02,baseline_pre,1428,0,0.000000,0,0,0,0.00000000,0.00000,baseline_pre,-1,-1
340,0.340,1,4004,54004,ladder_a05_lin_r02,baseline_pre,1428,0,0.000000,0,0,0,0.00000000,0.00000,baseline_pre,-1,-1
345,0.345,1,4004,54004,ladder_a05_lin_r02,baseline_pre,1428,0,0.000000,0,0,0,0.00000000,0.00000,baseline_pre,-1,-1
350,0.350,1,4004,54004,ladder_a05_lin_r02,baseline_pre,1428,0,0.000000,0,0,0,0.00000000,0.00000,baseline_pre,-1,-1
356,0.356,1,4004,54004,ladder_a05_lin_r02,baseline_pre,1428,0,0.000000,0,0,0,0.00000000,0.00000,baseline_pre,-1,-1
361,0.361,1,4004,54004,ladder_a05_lin_r02,baseline_pre,1428,0,0.000000,0,0,0,0.00000000,0.00000,baseline_pre,-1,-1
366,0.366,1,4004,54004,ladder_a05_lin_r02,baseline_pre,1428,0,0.000000,0,0,0,0.00000000,0.00000,baseline_pre,-1,-1
371,0.371,1,4004,54004,ladder_a05_lin_r02,baseline_pre,1428,0,0.000000,0,0,0,0.00000000,0.00000,baseline_pre,-1,-1
376,0.376,1,4004,54004,ladder_a05_lin_r02,baseline_pre,1428,0,0.000000,0,0,0,0.00000000,0.00000,baseline_pre,-1,-1
381,0.381,1,4004,54004,ladder_a05_lin_r02,baseline_pre,1428,0,0.000000,0,0,0,0.00000000,0.00000,baseline_pre,-1,-1
386,0.386,1,4004,54004,ladder_a05_lin_r02,baseline_pre,1428,0,0.000000,0,0,0,0.00000000,0.00000,baseline_pre,-1,-1
391,0.391,1,4004,54004,ladder_a05_lin_r02,baseline_pre,1428,0,0.000000,0,0,0,0.00000000,0.00000,baseline_pre,-1,-1
396,0.396,1,4004,54004,ladder_a05_lin_r02,baseline_pre,1428,0,0.000000,0,0,0,0.00000000,0.00000,baseline_pre,-1,-1
402,0.402,1,4004,54004,ladder_a05_lin_r02,baseline_pre,1428,0,0.000000,0,0,0,0.00000000,0.00000,baseline_pre,-1,-1
407,0.407,1,4004,54004,ladder_a05_lin_r02,baseline_pre,1428,0,0.000000,0,0,0,0.00000000,0.00000,baseline_pre,-1,-1
412,0.412,1,4004,54004,ladder_a05_lin_r02,baseline_pre,1428,0,0.000000,0,0,0,0.00000000,0.00000,baseline_pre,-1,-1
417,0.417,1,4004,54004,ladder_a05_lin_r02,baseline_pre,1428,0,0.000000,0,0,0,0.00000000,0.00000,baseline_pre,-1,-1
422,0.422,1,4004,54004,ladder_a05_lin_r02,baseline_pre,1428,0,0.000000,0,0,0,0.00000000,0.00000,baseline_pre,-1,-1
427,0.427,1,4004,54004,ladder_a05_lin_r02,baseline_pre,1428,0,0.000000,0,0,0,0.00000000,0.00000,baseline_pre,-1,-1
432,0.432,1,4004,54004,ladder_a05_lin_r02,baseline_pre,1428,0,0.000000,0,0,0,0.00000000,0.00000,baseline_pre,-1,-1
437,0.437,1,4004,54004,ladder_a05_lin_r02,baseline_pre,1428,0,0.000000,0,0,0,0.00000000,0.00000,baseline_pre,-1,-1
442,0.442,1,4004,54004,ladder_a05_lin_r02,baseline_pre,1428,0,0.000000,0,0,0,0.00000000,0.00000,baseline_pre,-1,-1
476,0.476,1,4004,54004,ladder_a05_lin_r02,baseline_pre,1428,0,0.000000,0,0,0,0.00000000,0.00000,baseline_pre,-1,-1
481,0.481,1,4004,54004,ladder_a05_lin_r02,baseline_pre,1428,0,0.000000,0,0,0,0.00000000,0.00000,baseline_pre,-1,-1
486,0.486,1,4004,54004,ladder_a05_lin_r02,baseline_pre,1428,0,0.000000,0,0,0,0.00000000,0.00000,baseline_pre,-1,-1
491,0.491,1,4004,54004,ladder_a05_lin_r02,baseline_pre,1428,0,0.000000,0,0,0,0.00000000,0.00000,baseline_pre,-1,-1
496,0.496,1,4004,54004,ladder_a05_lin_r02,baseline_pre,1428,0,0.000000,0,0,0,0.00000000,0.00000,baseline_pre,-1,-1
501,0.501,1,4004,54004,ladder_a05_lin_r02,baseline_pre,1428,0,0.000000,0,0,0,0.00000000,0.00000,baseline_pre,-1,-1
506,0.506,1,4004,54004,ladder_a05_lin_r02,baseline_pre,1428,0,0.000000,0,0,0,0.00000000,0.00000,baseline_pre,-1,-1
511,0.511,1,4004,54004,ladder_a05_lin_r02,baseline_pre,1428,0,0.000000,0,0,0,0.00000000,0.00000,baseline_pre,-1,-1
516,0.516,1,4004,54004,ladder_a05_lin_r02,baseline_pre,1428,0,0.000000,0,0,0,0.00000000,0.00000,baseline_pre,-1,-1
522,0.522,1,4004,54004,ladder_a05_lin_r02,baseline_pre,1428,0,0.000000,0,0,0,0.00000000,0.00000,baseline_pre,-1,-1
527,0.527,1,4004,54004,ladder_a05_lin_r02,baseline_pre,1428,0,0.000000,0,0,0,0.00000000,0.00000,baseline_pre,-1,-1
532,0.532,1,4004,54004,ladder_a05_lin_r02,baseline_pre,1428,0,0.000000,0,0,0,0.00000000,0.00000,baseline_pre,-1,-1
537,0.537,1,4004,54004,ladder_a05_lin_r02,baseline_pre,1428,0,0.000000,0,0,0,0.00000000,0.00000,baseline_pre,-1,-1
542,0.542,1,4004,54004,ladder_a05_lin_r02,baseline_pre,1428,0,0.000000,0,0,0,0.00000000,0.00000,baseline_pre,-1,-1
547,0.547,1,4004,54004,ladder_a05_lin_r02,baseline_pre,1428,0,0.000000,0,0,0,0.00000000,0.00000,baseline_pre,-1,-1
552,0.552,1,4004,54004,ladder_a05_lin_r02,baseline_pre,1428,0,0.000000,0,0,0,0.00000000,0.00000,baseline_pre,-1,-1
557,0.557,1,4004,54004,ladder_a05_lin_r02,baseline_pre,1428,0,0.000000,0,0,0,0.00000000,0.00000,baseline_pre,-1,-1
562,0.562,1,4004,54004,ladder_a05_lin_r02,baseline_pre,1428,0,0.000000,0,0,0,0.00000000,0.00000,baseline_pre,-1,-1
568,0.568,1,4004,54004,ladder_a05_lin_r02,baseline_pre,1428,0,0.000000,0,0,0,0.00000000,0.00000,baseline_pre,-1,-1
573,0.573,1,4004,54004,ladder_a05_lin_r02,baseline_pre,1428,0,0.000000,0,0,0,0.00000000,0.00000,baseline_pre,-1,-1
578,0.578,1,4004,54004,ladder_a05_lin_r02,baseline_pre,1428,0,0.000000,0,0,0,0.00000000,0.00000,baseline_pre,-1,-1
583,0.583,1,4004,54004,ladder_a05_lin_r02,baseline_pre,1428,0,0.000000,0,0,0,0.00000000,0.00000,baseline_pre,-1,-1
588,0.588,1,4004,54004,ladder_a05_lin_r02,baseline_pre,1428,0,0.000000,0,0,0,0.00000000,0.00000,baseline_pre,-1,-1
593,0.593,1,4004,54004,ladder_a05_lin_r02,baseline_pre,1428,0,0.000000,0,0,0,0.00000000,0.00000,baseline_pre,-1,-1
598,0.598,1,4004,54004,ladder_a05_lin_r02,baseline_pre,1428,0,0.000000,0,0,0,0.00000000,0.00000,baseline_pre,-1,-1
603,0.603,1,4004,54004,ladder_a05_lin_r02,baseline_pre,1428,0,0.000000,0,0,0,0.00000000,0.00000,baseline_pre,-1,-1
608,0.608,1,4004,54004,ladder_a05_lin_r02,baseline_pre,1428,0,0.000000,0,0,0,0.00000000,0.00000,baseline_pre,-1,-1
614,0.614,1,4004,54004,ladder_a05_lin_r02,baseline_pre,1428,0,0.000000,0,0,0,0.00000000,0.00000,baseline_pre,-1,-1
619,0.619,1,4004,54004,ladder_a05_lin_r02,baseline_pre,1428,0,0.000000,0,0,0,0.00000000,0.00000,baseline_pre,-1,-1
624,0.624,1,4004,54004,ladder_a05_lin_r02,baseline_pre,1428,0,0.000000,0,0,0,0.00000000,0.00000,baseline_pre,-1,-1
629,0.629,1,4004,54004,ladder_a05_lin_r02,baseline_pre,1428,0,0.000000,0,0,0,0.00000000,0.00000,baseline_pre,-1,-1
634,0.634,1,4004,54004,ladder_a05_lin_r02,baseline_pre,1428,0,0.000000,0,0,0,0.00000000,0.00000,baseline_pre,-1,-1
639,0.639,1,4004,54004,ladder_a05_lin_r02,baseline_pre,1428,0,0.000000,0,0,0,0.00000000,0.00000,baseline_pre,-1,-1
644,0.644,1,4004,54004,ladder_a05_lin_r02,baseline_pre,1428,0,0.000000,0,0,0,0.00000000,0.00000,baseline_pre,-1,-1
649,0.649,1,4004,54004,ladder_a05_lin_r02,baseline_pre,1428,0,0.000000,0,0,0,0.00000000,0.00000,baseline_pre,-1,-1
654,0.654,1,4004,54004,ladder_a05_lin_r02,baseline_pre,1428,0,0.000000,0,0,0,0.00000000,0.00000,baseline_pre,-1,-1
693,0.693,1,4004,54004,ladder_a05_lin_r02,baseline_pre,1428,0,0.000000,0,0,0,0.00000000,0.00000,baseline_pre,-1,-1
697,0.697,1,4004,54004,ladder_a05_lin_r02,baseline_pre,1428,0,0.000000,0,0,0,0.00000000,0.00000,baseline_pre,-1,-1
702,0.702,1,4004,54004,ladder_a05_lin_r02,baseline_pre,1428,0,0.000000,0,0,0,0.00000000,0.00000,baseline_pre,-1,-1
707,0.707,1,4004,54004,ladder_a05_lin_r02,baseline_pre,1428,0,0.000000,0,0,0,0.00000000,0.00000,baseline_pre,-1,-1
712,0.712,1,4004,54004,ladder_a05_lin_r02,baseline_pre,1428,0,0.000000,0,0,0,0.00000000,0.00000,baseline_pre,-1,-1
717,0.717,1,4004,54004,ladder_a05_lin_r02,baseline_pre,1428,0,0.000000,0,0,0,0.00000000,0.00000,baseline_pre,-1,-1
722,0.722,1,4004,54004,ladder_a05_lin_r02,baseline_pre,1428,0,0.000000,0,0,0,0.00000000,0.00000,baseline_pre,-1,-1
727,0.727,1,4004,54004,ladder_a05_lin_r02,baseline_pre,1428,0,0.000000,0,0,0,0.00000000,0.00000,baseline_pre,-1,-1
732,0.732,1,4004,54004,ladder_a05_lin_r02,baseline_pre,1428,0,0.000000,0,0,0,0.00000000,0.00000,baseline_pre,-1,-1
738,0.738,1,4004,54004,ladder_a05_lin_r02,baseline_pre,1428,0,0.000000,0,0,0,0.00000000,0.00000,baseline_pre,-1,-1
743,0.743,1,4004,54004,ladder_a05_lin_r02,baseline_pre,1428,0,0.000000,0,0,0,0.00000000,0.00000,baseline_pre,-1,-1
748,0.748,1,4004,54004,ladder_a05_lin_r02,baseline_pre,1428,0,0.000000,0,0,0,0.00000000,0.00000,baseline_pre,-1,-1
753,0.753,1,4004,54004,ladder_a05_lin_r02,baseline_pre,1428,0,0.000000,0,0,0,0.00000000,0.00000,baseline_pre,-1,-1
758,0.758,1,4004,54004,ladder_a05_lin_r02,baseline_pre,1428,0,0.000000,0,0,0,0.00000000,0.00000,baseline_pre,-1,-1
763,0.763,1,4004,54004,ladder_a05_lin_r02,baseline_pre,1428,0,0.000000,0,0,0,0.00000000,0.00000,baseline_pre,-1,-1
768,0.768,1,4004,54004,ladder_a05_lin_r02,baseline_pre,1428,0,0.000000,0,0,0,0.00000000,0.00000,baseline_pre,-1,-1
773,0.773,1,4004,54004,ladder_a05_lin_r02,baseline_pre,1428,0,0.000000,0,0,0,0.00000000,0.00000,baseline_pre,-1,-1
779,0.779,1,4004,54004,ladder_a05_lin_r02,baseline_pre,1428,0,0.000000,0,0,0,0.00000000,0.00000,baseline_pre,-1,-1
784,0.784,1,4004,54004,ladder_a05_lin_r02,baseline_pre,1428,0,0.000000,0,0,0,0.00000000,0.00000,baseline_pre,-1,-1
789,0.789,1,4004,54004,ladder_a05_lin_r02,baseline_pre,1428,0,0.000000,0,0,0,0.00000000,0.00000,baseline_pre,-1,-1
794,0.794,1,4004,54004,ladder_a05_lin_r02,baseline_pre,1428,0,0.000000,0,0,0,0.00000000,0.00000,baseline_pre,-1,-1
799,0.799,1,4004,54004,ladder_a05_lin_r02,baseline_pre,1428,0,0.000000,0,0,0,0.00000000,0.00000,baseline_pre,-1,-1
804,0.804,1,4004,54004,ladder_a05_lin_r02,baseline_pre,1428,0,0.000000,0,0,0,0.00000000,0.00000,baseline_pre,-1,-1
809,0.809,1,4004,54004,ladder_a05_lin_r02,baseline_pre,1428,0,0.000000,0,0,0,0.00000000,0.00000,baseline_pre,-1,-1
814,0.814,1,4004,54004,ladder_a05_lin_r02,baseline_pre,1428,0,0.000000,0,0,0,0.00000000,0.00000,baseline_pre,-1,-1
819,0.819,1,4004,54004,ladder_a05_lin_r02,baseline_pre,1428,0,0.000000,0,0,0,0.00000000,0.00000,baseline_pre,-1,-1
825,0.825,1,4004,54004,ladder_a05_lin_r02,baseline_pre,1428,0,0.000000,0,0,0,0.00000000,0.00000,baseline_pre,-1,-1
830,0.830,1,4004,54004,ladder_a05_lin_r02,baseline_pre,1428,0,0.000000,0,0,0,0.00000000,0.00000,baseline_pre,-1,-1
835,0.835,1,4004,54004,ladder_a05_lin_r02,baseline_pre,1428,0,0.000000,0,0,0,0.00000000,0.00000,baseline_pre,-1,-1
840,0.840,1,4004,54004,ladder_a05_lin_r02,baseline_pre,1428,0,0.000000,0,0,0,0.00000000,0.00000,baseline_pre,-1,-1
845,0.845,1,4004,54004,ladder_a05_lin_r02,baseline_pre,1428,0,0.000000,0,0,0,0.00000000,0.00000,baseline_pre,-1,-1
850,0.850,1,4004,54004,ladder_a05_lin_r02,baseline_pre,1428,0,0.000000,0,0,0,0.00000000,0.00000,baseline_pre,-1,-1
855,0.855,1,4004,54004,ladder_a05_lin_r02,baseline_pre,1428,0,0.000000,0,0,0,0.00000000,0.00000,baseline_pre,-1,-1
860,0.860,1,4004,54004,ladder_a05_lin_r02,baseline_pre,1428,0,0.000000,0,0,0,0.00000000,0.00000,baseline_pre,-1,-1
865,0.865,1,4004,54004,ladder_a05_lin_r02,baseline_pre,1428,0,0.000000,0,0,0,0.00000000,0.00000,baseline_pre,-1,-1
905,0.905,1,4004,54004,ladder_a05_lin_r02,baseline_pre,1428,0,0.000000,0,0,0,0.00000000,0.00000,baseline_pre,-1,-1
910,0.910,1,4004,54004,ladder_a05_lin_r02,baseline_pre,1428,0,0.000000,0,0,0,0.00000000,0.00000,baseline_pre,-1,-1
915,0.915,1,4004,54004,ladder_a05_lin_r02,baseline_pre,1428,0,0.000000,0,0,0,0.00000000,0.00000,baseline_pre,-1,-1
920,0.920,1,4004,54004,ladder_a05_lin_r02,baseline_pre,1428,0,0.000000,0,0,0,0.00000000,0.00000,baseline_pre,-1,-1
925,0.925,1,4004,54004,ladder_a05_lin_r02,baseline_pre,1428,0,0.000000,0,0,0,0.00000000,0.00000,baseline_pre,-1,-1
930,0.930,1,4004,54004,ladder_a05_lin_r02,baseline_pre,1428,0,0.000000,0,0,0,0.00000000,0.00000,baseline_pre,-1,-1
935,0.935,1,4004,54004,ladder_a05_lin_r02,baseline_pre,1428,0,0.000000,0,0,0,0.00000000,0.00000,baseline_pre,-1,-1
940,0.940,1,4004,54004,ladder_a05_lin_r02,baseline_pre,1428,0,0.000000,0,0,0,0.00000000,0.00000,baseline_pre,-1,-1
945,0.945,1,4004,54004,ladder_a05_lin_r02,baseline_pre,1428,0,0.000000,0,0,0,0.00000000,0.00000,baseline_pre,-1,-1
951,0.951,1,4004,54004,ladder_a05_lin_r02,baseline_pre,1428,0,0.000000,0,0,0,0.00000000,0.00000,baseline_pre,-1,-1
956,0.956,1,4004,54004,ladder_a05_lin_r02,baseline_pre,1428,0,0.000000,0,0,0,0.00000000,0.00000,baseline_pre,-1,-1
961,0.961,1,4004,54004,ladder_a05_lin_r02,baseline_pre,1428,0,0.000000,0,0,0,0.00000000,0.00000,baseline_pre,-1,-1
966,0.966,1,4004,54004,ladder_a05_lin_r02,baseline_pre,1428,0,0.000000,0,0,0,0.00000000,0.00000,baseline_pre,-1,-1
971,0.971,1,4004,54004,ladder_a05_lin_r02,baseline_pre,1428,0,0.000000,0,0,0,0.00000000,0.00000,baseline_pre,-1,-1
976,0.976,1,4004,54004,ladder_a05_lin_r02,baseline_pre,1428,0,0.000000,0,0,0,0.00000000,0.00000,baseline_pre,-1,-1
981,0.981,1,4004,54004,ladder_a05_lin_r02,baseline_pre,1428,0,0.000000,0,0,0,0.00000000,0.00000,baseline_pre,-1,-1
986,0.986,1,4004,54004,ladder_a05_lin_r02,baseline_pre,1428,0,0.000000,0,0,0,0.00000000,0.00000,baseline_pre,-1,-1
991,0.991,1,4004,54004,ladder_a05_lin_r02,baseline_pre,1428,0,0.000000,0,0,0,0.00000000,0.00000,baseline_pre,-1,-1
997,0.997,1,4004,54004,ladder_a05_lin_r02,baseline_pre,1428,0,0.000000,0,0,0,0.00000000,0.00000,baseline_pre,-1,-1
1002,1.002,1,4004,54004,ladder_a05_lin_r02,baseline_pre,1428,0,0.000000,0,0,0,0.00000000,0.00000,baseline_pre,-1,-1
1007,1.007,1,4004,54004,ladder_a05_lin_r02,baseline_pre,1428,0,0.000000,0,0,0,0.00000000,0.00000,baseline_pre,-1,-1
1012,1.012,1,4004,54004,ladder_a05_lin_r02,baseline_pre,1428,0,0.000000,0,0,0,0.00000000,0.00000,baseline_pre,-1,-1
1017,1.017,1,4004,54004,ladder_a05_lin_r02,baseline_pre,1428,0,0.000000,0,0,0,0.00000000,0.00000,baseline_pre,-1,-1
1022,1.022,1,4004,54004,ladder_a05_lin_r02,baseline_pre,1428,0,0.000000,0,0,0,0.00000000,0.00000,baseline_pre,-1,-1
1027,1.027,1,4004,54004,ladder_a05_lin_r02,baseline_pre,1428,0,0.000000,0,0,0,0.00000000,0.00000,baseline_pre,-1,-1
1032,1.032,1,4004,54004,ladder_a05_lin_r02,baseline_pre,1428,0,0.000000,0,0,0,0.00000000,0.00000,baseline_pre,-1,-1
1037,1.037,1,4004,54004,ladder_a05_lin_r02,baseline_pre,1428,0,0.000000,0,0,0,0.00000000,0.00000,baseline_pre,-1,-1
1043,1.043,1,4004,54004,ladder_a05_lin_r02,baseline_pre,1428,0,0.000000,0,0,0,0.00000000,0.00000,baseline_pre,-1,-1
1048,1.048,1,4004,54004,ladder_a05_lin_r02,baseline_pre,1428,0,0.000000,0,0,0,0.00000000,0.00000,baseline_pre,-1,-1
1053,1.053,1,4004,54004,ladder_a05_lin_r02,baseline_pre,1428,0,0.000000,0,0,0,0.00000000,0.00000,baseline_pre,-1,-1
1058,1.058,1,4004,54004,ladder_a05_lin_r02,baseline_pre,1428,0,0.000000,0,0,0,0.00000000,0.00000,baseline_pre,-1,-1
1063,1.063,1,4004,54004,ladder_a05_lin_r02,baseline_pre,1428,0,0.000000,0,0,0,0.00000000,0.00000,baseline_pre,-1,-1
1068,1.068,1,4004,54004,ladder_a05_lin_r02,baseline_pre,1428,0,0.000000,0,0,0,0.00000000,0.00000,baseline_pre,-1,-1
1073,1.073,1,4004,54004,ladder_a05_lin_r02,baseline_pre,1428,0,0.000000,0,0,0,0.00000000,0.00000,baseline_pre,-1,-1
1078,1.078,1,4004,54004,ladder_a05_lin_r02,baseline_pre,1428,0,0.000000,0,0,0,0.00000000,0.00000,baseline_pre,-1,-1
1083,1.083,1,4004,54004,ladder_a05_lin_r02,baseline_pre,1428,0,0.000000,0,0,0,0.00000000,0.00000,baseline_pre,-1,-1
1130,1.130,1,4004,54004,ladder_a05_lin_r02,baseline_pre,1428,0,0.000000,0,0,0,0.00000000,0.00000,baseline_pre,-1,-1
1134,1.134,1,4004,54004,ladder_a05_lin_r02,baseline_pre,1428,0,0.000000,0,0,0,0.00000000,0.00000,baseline_pre,-1,-1
1139,1.139,1,4004,54004,ladder_a05_lin_r02,baseline_pre,1428,0,0.000000,0,0,0,0.00000000,0.00000,baseline_pre,-1,-1
1144,1.144,1,4004,54004,ladder_a05_lin_r02,baseline_pre,1428,0,0.000000,0,0,0,0.00000000,0.00000,baseline_pre,-1,-1
1149,1.149,1,4004,54004,ladder_a05_lin_r02,baseline_pre,1428,0,0.000000,0,0,0,0.00000000,0.00000,baseline_pre,-1,-1
1154,1.154,1,4004,54004,ladder_a05_lin_r02,baseline_pre,1428,0,0.000000,0,0,0,0.00000000,0.00000,baseline_pre,-1,-1
1159,1.159,1,4004,54004,ladder_a05_lin_r02,baseline_pre,1428,0,0.000000,0,0,0,0.00000000,0.00000,baseline_pre,-1,-1
1164,1.164,1,4004,54004,ladder_a05_lin_r02,baseline_pre,1428,0,0.000000,0,0,0,0.00000000,0.00000,baseline_pre,-1,-1
1170,1.170,1,4004,54004,ladder_a05_lin_r02,baseline_pre,1428,0,0.000000,0,0,0,0.00000000,0.00000,baseline_pre,-1,-1
1175,1.175,1,4004,54004,ladder_a05_lin_r02,baseline_pre,1428,0,0.000000,0,0,0,0.00000000,0.00000,baseline_pre,-1,-1
1180,1.180,1,4004,54004,ladder_a05_lin_r02,baseline_pre,1428,0,0.000000,0,0,0,0.00000000,0.00000,baseline_pre,-1,-1
1185,1.185,1,4004,54004,ladder_a05_lin_r02,baseline_pre,1428,0,0.000000,0,0,0,0.00000000,0.00000,baseline_pre,-1,-1
1190,1.190,1,4004,54004,ladder_a05_lin_r02,baseline_pre,1428,0,0.000000,0,0,0,0.00000000,0.00000,baseline_pre,-1,-1
1195,1.195,1,4004,54004,ladder_a05_lin_r02,baseline_pre,1428,0,0.000000,0,0,0,0.00000000,0.00000,baseline_pre,-1,-1
1200,1.200,1,4004,54004,ladder_a05_lin_r02,baseline_pre,1428,0,0.000000,0,0,0,0.00000000,0.00000,baseline_pre,-1,-1
1205,1.205,1,4004,54004,ladder_a05_lin_r02,baseline_pre,1428,0,0.000000,0,0,0,0.00000000,0.00000,baseline_pre,-1,-1
1210,1.210,1,4004,54004,ladder_a05_lin_r02,baseline_pre,1428,0,0.000000,0,0,0,0.00000000,0.00000,baseline_pre,-1,-1
1216,1.216,1,4004,54004,ladder_a05_lin_r02,baseline_pre,1428,0,0.000000,0,0,0,0.00000000,0.00000,baseline_pre,-1,-1
1221,1.221,1,4004,54004,ladder_a05_lin_r02,baseline_pre,1428,0,0.000000,0,0,0,0.00000000,0.00000,baseline_pre,-1,-1
1226,1.226,1,4004,54004,ladder_a05_lin_r02,baseline_pre,1428,0,0.000000,0,0,0,0.00000000,0.00000,baseline_pre,-1,-1
1231,1.231,1,4004,54004,ladder_a05_lin_r02,baseline_pre,1428,0,0.000000,0,0,0,0.00000000,0.00000,baseline_pre,-1,-1
1236,1.236,1,4004,54004,ladder_a05_lin_r02,baseline_pre,1428,0,0.000000,0,0,0,0.00000000,0.00000,baseline_pre,-1,-1
1241,1.241,1,4004,54004,ladder_a05_lin_r02,baseline_pre,1428,0,0.000000,0,0,0,0.00000000,0.00000,baseline_pre,-1,-1
1246,1.246,1,4004,54004,ladder_a05_lin_r02,baseline_pre,1428,0,0.000000,0,0,0,0.00000000,0.00000,baseline_pre,-1,-1
1251,1.251,1,4004,54004,ladder_a05_lin_r02,baseline_pre,1428,0,0.000000,0,0,0,0.00000000,0.00000,baseline_pre,-1,-1
1256,1.256,1,4004,54004,ladder_a05_lin_r02,baseline_pre,1428,0,0.000000,0,0,0,0.00000000,0.00000,baseline_pre,-1,-1
1262,1.262,1,4004,54004,ladder_a05_lin_r02,baseline_pre,1428,0,0.000000,0,0,0,0.00000000,0.00000,baseline_pre,-1,-1
1267,1.267,1,4004,54004,ladder_a05_lin_r02,baseline_pre,1428,0,0.000000,0,0,0,0.00000000,0.00000,baseline_pre,-1,-1
1272,1.272,1,4004,54004,ladder_a05_lin_r02,baseline_pre,1428,0,0.000000,0,0,0,0.00000000,0.00000,baseline_pre,-1,-1
1277,1.277,1,4004,54004,ladder_a05_lin_r02,baseline_pre,1428,0,0.000000,0,0,0,0.00000000,0.00000,baseline_pre,-1,-1
1282,1.282,1,4004,54004,ladder_a05_lin_r02,baseline_pre,1428,0,0.000000,0,0,0,0.00000000,0.00000,baseline_pre,-1,-1
1287,1.287,1,4004,54004,ladder_a05_lin_r02,baseline_pre,1428,0,0.000000,0,0,0,0.00000000,0.00000,baseline_pre,-1,-1
1292,1.292,1,4004,54004,ladder_a05_lin_r02,baseline_pre,1428,0,0.000000,0,0,0,0.00000000,0.00000,baseline_pre,-1,-1
1297,1.297,1,4004,54004,ladder_a05_lin_r02,baseline_pre,1428,0,0.000000,0,0,0,0.00000000,0.00000,baseline_pre,-1,-1
1302,1.302,1,4004,54004,ladder_a05_lin_r02,baseline_pre,1428,0,0.000000,0,0,0,0.00000000,0.00000,baseline_pre,-1,-1
1339,1.339,1,4004,54004,ladder_a05_lin_r02,baseline_pre,1428,0,0.000000,0,0,0,0.00000000,0.00000,baseline_pre,-1,-1
1343,1.343,1,4004,54004,ladder_a05_lin_r02,baseline_pre,1428,0,0.000000,0,0,0,0.00000000,0.00000,baseline_pre,-1,-1
1348,1.348,1,4004,54004,ladder_a05_lin_r02,baseline_pre,1428,0,0.000000,0,0,0,0.00000000,0.00000,baseline_pre,-1,-1
1353,1.353,1,4004,54004,ladder_a05_lin_r02,baseline_pre,1428,0,0.000000,0,0,0,0.00000000,0.00000,baseline_pre,-1,-1
1358,1.358,1,4004,54004,ladder_a05_lin_r02,baseline_pre,1428,0,0.000000,0,0,0,0.00000000,0.00000,baseline_pre,-1,-1
1363,1.363,1,4004,54004,ladder_a05_lin_r02,baseline_pre,1428,0,0.000000,0,0,0,0.00000000,0.00000,baseline_pre,-1,-1
1368,1.368,1,4004,54004,ladder_a05_lin_r02,baseline_pre,1428,0,0.000000,0,0,0,0.00000000,0.00000,baseline_pre,-1,-1
1373,1.373,1,4004,54004,ladder_a05_lin_r02,baseline_pre,1428,0,0.000000,0,0,0,0.00000000,0.00000,baseline_pre,-1,-1
1378,1.378,1,4004,54004,ladder_a05_lin_r02,baseline_pre,1428,0,0.000000,0,0,0,0.00000000,0.00000,baseline_pre,-1,-1
1384,1.384,1,4004,54004,ladder_a05_lin_r02,baseline_pre,1428,0,0.000000,0,0,0,0.00000000,0.00000,baseline_pre,-1,-1
1389,1.389,1,4004,54004,ladder_a05_lin_r02,baseline_pre,1428,0,0.000000,0,0,0,0.00000000,0.00000,baseline_pre,-1,-1
1394,1.394,1,4004,54004,ladder_a05_lin_r02,baseline_pre,1428,0,0.000000,0,0,0,0.00000000,0.00000,baseline_pre,-1,-1
1399,1.399,1,4004,54004,ladder_a05_lin_r02,baseline_pre,1428,0,0.000000,0,0,0,0.00000000,0.00000,baseline_pre,-1,-1
1404,1.404,1,4004,54004,ladder_a05_lin_r02,baseline_pre,1428,0,0.000000,0,0,0,0.00000000,0.00000,baseline_pre,-1,-1
1409,1.409,1,4004,54004,ladder_a05_lin_r02,baseline_pre,1428,0,0.000000,0,0,0,0.00000000,0.00000,baseline_pre,-1,-1
1414,1.414,1,4004,54004,ladder_a05_lin_r02,baseline_pre,1428,0,0.000000,0,0,0,0.00000000,0.00000,baseline_pre,-1,-1
1419,1.419,1,4004,54004,ladder_a05_lin_r02,baseline_pre,1428,0,0.000000,0,0,0,0.00000000,0.00000,baseline_pre,-1,-1
1424,1.424,1,4004,54004,ladder_a05_lin_r02,baseline_pre,1428,0,0.000000,0,0,0,0.00000000,0.00000,baseline_pre,-1,-1
1430,1.430,1,4004,54004,ladder_a05_lin_r02,baseline_pre,1428,0,0.000000,0,0,0,0.00000000,0.00000,baseline_pre,-1,-1
1435,1.435,1,4004,54004,ladder_a05_lin_r02,baseline_pre,1428,0,0.000000,0,0,0,0.00000000,0.00000,baseline_pre,-1,-1
1440,1.440,1,4004,54004,ladder_a05_lin_r02,baseline_pre,1428,0,0.000000,0,0,0,0.00000000,0.00000,baseline_pre,-1,-1
1445,1.445,1,4004,54004,ladder_a05_lin_r02,baseline_pre,1428,0,0.000000,0,0,0,0.00000000,0.00000,baseline_pre,-1,-1
1450,1.450,1,4004,54004,ladder_a05_lin_r02,baseline_pre,1428,0,0.000000,0,0,0,0.00000000,0.00000,baseline_pre,-1,-1
1455,1.455,1,4004,54004,ladder_a05_lin_r02,baseline_pre,1428,0,0.000000,0,0,0,0.00000000,0.00000,baseline_pre,-1,-1
1460,1.460,1,4004,54004,ladder_a05_lin_r02,baseline_pre,1428,0,0.000000,0,0,0,0.00000000,0.00000,baseline_pre,-1,-1
1465,1.465,1,4004,54004,ladder_a05_lin_r02,baseline_pre,1428,0,0.000000,0,0,0,0.00000000,0.00000,baseline_pre,-1,-1
1471,1.471,1,4004,54004,ladder_a05_lin_r02,baseline_pre,1428,0,0.000000,0,0,0,0.00000000,0.00000,baseline_pre,-1,-1
1476,1.476,1,4004,54004,ladder_a05_lin_r02,baseline_pre,1428,0,0.000000,0,0,0,0.00000000,0.00000,baseline_pre,-1,-1
1481,1.481,1,4004,54004,ladder_a05_lin_r02,baseline_pre,1428,0,0.000000,0,0,0,0.00000000,0.00000,baseline_pre,-1,-1
1486,1.486,1,4004,54004,ladder_a05_lin_r02,baseline_pre,1428,0,0.000000,0,0,0,0.00000000,0.00000,baseline_pre,-1,-1
1491,1.491,1,4004,54004,ladder_a05_lin_r02,baseline_pre,1428,0,0.000000,0,0,0,0.00000000,0.00000,baseline_pre,-1,-1
1496,1.496,1,4004,54004,ladder_a05_lin_r02,baseline_pre,1428,0,0.000000,0,0,0,0.00000000,0.00000,baseline_pre,-1,-1
1501,1.501,1,4004,54004,ladder_a05_lin_r02,baseline_pre,1428,0,0.000000,0,0,0,0.00000000,0.00000,baseline_pre,-1,-1
1506,1.506,1,4004,54004,ladder_a05_lin_r02,baseline_pre,1428,0,0.000000,0,0,0,0.00000000,0.00000,baseline_pre,-1,-1
1511,1.511,1,4004,54004,ladder_a05_lin_r02,baseline_pre,1428,0,0.000000,0,0,0,0.00000000,0.00000,baseline_pre,-1,-1
1546,1.546,1,4004,54004,ladder_a05_lin_r02,baseline_pre,1428,0,0.000000,0,0,0,0.00000000,0.00000,baseline_pre,-1,-1
1551,1.551,1,4004,54004,ladder_a05_lin_r02,baseline_pre,1428,0,0.000000,0,0,0,0.00000000,0.00000,baseline_pre,-1,-1
1556,1.556,1,4004,54004,ladder_a05_lin_r02,baseline_pre,1428,0,0.000000,0,0,0,0.00000000,0.00000,baseline_pre,-1,-1
1561,1.561,1,4004,54004,ladder_a05_lin_r02,baseline_pre,1428,0,0.000000,0,0,0,0.00000000,0.00000,baseline_pre,-1,-1
1566,1.566,1,4004,54004,ladder_a05_lin_r02,baseline_pre,1428,0,0.000000,0,0,0,0.00000000,0.00000,baseline_pre,-1,-1
1571,1.571,1,4004,54004,ladder_a05_lin_r02,baseline_pre,1428,0,0.000000,0,0,0,0.00000000,0.00000,baseline_pre,-1,-1
1576,1.576,1,4004,54004,ladder_a05_lin_r02,baseline_pre,1428,0,0.000000,0,0,0,0.00000000,0.00000,baseline_pre,-1,-1
1581,1.581,1,4004,54004,ladder_a05_lin_r02,baseline_pre,1428,0,0.000000,0,0,0,0.00000000,0.00000,baseline_pre,-1,-1
1586,1.586,1,4004,54004,ladder_a05_lin_r02,baseline_pre,1428,0,0.000000,0,0,0,0.00000000,0.00000,baseline_pre,-1,-1
1592,1.592,1,4004,54004,ladder_a05_lin_r02,baseline_pre,1428,0,0.000000,0,0,0,0.00000000,0.00000,baseline_pre,-1,-1
1597,1.597,1,4004,54004,ladder_a05_lin_r02,baseline_pre,1428,0,0.000000,0,0,0,0.00000000,0.00000,baseline_pre,-1,-1
1602,1.602,1,4004,54004,ladder_a05_lin_r02,baseline_pre,1428,0,0.000000,0,0,0,0.00000000,0.00000,baseline_pre,-1,-1
1607,1.607,1,4004,54004,ladder_a05_lin_r02,baseline_pre,1428,0,0.000000,0,0,0,0.00000000,0.00000,baseline_pre,-1,-1
1612,1.612,1,4004,54004,ladder_a05_lin_r02,baseline_pre,1428,0,0.000000,0,0,0,0.00000000,0.00000,baseline_pre,-1,-1
1617,1.617,1,4004,54004,ladder_a05_lin_r02,baseline_pre,1428,0,0.000000,0,0,0,0.00000000,0.00000,baseline_pre,-1,-1
1622,1.622,1,4004,54004,ladder_a05_lin_r02,baseline_pre,1428,0,0.000000,0,0,0,0.00000000,0.00000,baseline_pre,-1,-1
1627,1.627,1,4004,54004,ladder_a05_lin_r02,baseline_pre,1428,0,0.000000,0,0,0,0.00000000,0.00000,baseline_pre,-1,-1
1632,1.632,1,4004,54004,ladder_a05_lin_r02,baseline_pre,1428,0,0.000000,0,0,0,0.00000000,0.00000,baseline_pre,-1,-1
1638,1.638,1,4004,54004,ladder_a05_lin_r02,baseline_pre,1428,0,0.000000,0,0,0,0.00000000,0.00000,baseline_pre,-1,-1
1643,1.643,1,4004,54004,ladder_a05_lin_r02,baseline_pre,1428,0,0.000000,0,0,0,0.00000000,0.00000,baseline_pre,-1,-1
1648,1.648,1,4004,54004,ladder_a05_lin_r02,baseline_pre,1428,0,0.000000,0,0,0,0.00000000,0.00000,baseline_pre,-1,-1
1653,1.653,1,4004,54004,ladder_a05_lin_r02,baseline_pre,1428,0,0.000000,0,0,0,0.00000000,0.00000,baseline_pre,-1,-1
1658,1.658,1,4004,54004,ladder_a05_lin_r02,baseline_pre,1428,0,0.000000,0,0,0,0.00000000,0.00000,baseline_pre,-1,-1
1663,1.663,1,4004,54004,ladder_a05_lin_r02,baseline_pre,1428,0,0.000000,0,0,0,0.00000000,0.00000,baseline_pre,-1,-1
1668,1.668,1,4004,54004,ladder_a05_lin_r02,baseline_pre,1428,0,0.000000,0,0,0,0.00000000,0.00000,baseline_pre,-1,-1
1673,1.673,1,4004,54004,ladder_a05_lin_r02,baseline_pre,1428,0,0.000000,0,0,0,0.00000000,0.00000,baseline_pre,-1,-1
1678,1.678,1,4004,54004,ladder_a05_lin_r02,baseline_pre,1428,0,0.000000,0,0,0,0.00000000,0.00000,baseline_pre,-1,-1
1684,1.684,1,4004,54004,ladder_a05_lin_r02,baseline_pre,1428,0,0.000000,0,0,0,0.00000000,0.00000,baseline_pre,-1,-1
1689,1.689,1,4004,54004,ladder_a05_lin_r02,baseline_pre,1428,0,0.000000,0,0,0,0.00000000,0.00000,baseline_pre,-1,-1
1694,1.694,1,4004,54004,ladder_a05_lin_r02,baseline_pre,1428,0,0.000000,0,0,0,0.00000000,0.00000,baseline_pre,-1,-1
1699,1.699,1,4004,54004,ladder_a05_lin_r02,baseline_pre,1428,0,0.000000,0,0,0,0.00000000,0.00000,baseline_pre,-1,-1
1704,1.704,1,4004,54004,ladder_a05_lin_r02,baseline_pre,1428,0,0.000000,0,0,0,0.00000000,0.00000,baseline_pre,-1,-1
1709,1.709,1,4004,54004,ladder_a05_lin_r02,baseline_pre,1428,0,0.000000,0,0,0,0.00000000,0.00000,baseline_pre,-1,-1
1714,1.714,1,4004,54004,ladder_a05_lin_r02,baseline_pre,1428,0,0.000000,0,0,0,0.00000000,0.00000,baseline_pre,-1,-1
1719,1.719,1,4004,54004,ladder_a05_lin_r02,baseline_pre,1428,0,0.000000,0,0,0,0.00000000,0.00000,baseline_pre,-1,-1
1760,1.760,1,4004,54004,ladder_a05_lin_r02,baseline_pre,1428,0,0.000000,0,0,0,0.00000000,0.00000,baseline_pre,-1,-1
1764,1.764,1,4004,54004,ladder_a05_lin_r02,baseline_pre,1428,0,0.000000,0,0,0,0.00000000,0.00000,baseline_pre,-1,-1
1769,1.769,1,4004,54004,ladder_a05_lin_r02,baseline_pre,1428,0,0.000000,0,0,0,0.00000000,0.00000,baseline_pre,-1,-1
1774,1.774,1,4004,54004,ladder_a05_lin_r02,baseline_pre,1428,0,0.000000,0,0,0,0.00000000,0.00000,baseline_pre,-1,-1
1779,1.779,1,4004,54004,ladder_a05_lin_r02,baseline_pre,1428,0,0.000000,0,0,0,0.00000000,0.00000,baseline_pre,-1,-1
1784,1.784,1,4004,54004,ladder_a05_lin_r02,baseline_pre,1428,0,0.000000,0,0,0,0.00000000,0.00000,baseline_pre,-1,-1
1789,1.789,1,4004,54004,ladder_a05_lin_r02,baseline_pre,1428,0,0.000000,0,0,0,0.00000000,0.00000,baseline_pre,-1,-1
1794,1.794,1,4004,54004,ladder_a05_lin_r02,baseline_pre,1428,0,0.000000,0,0,0,0.00000000,0.00000,baseline_pre,-1,-1
1799,1.799,1,4004,54004,ladder_a05_lin_r02,baseline_pre,1428,0,0.000000,0,0,0,0.00000000,0.00000,baseline_pre,-1,-1
1805,1.805,1,4004,54004,ladder_a05_lin_r02,baseline_pre,1428,0,0.000000,0,0,0,0.00000000,0.00000,baseline_pre,-1,-1
1810,1.810,1,4004,54004,ladder_a05_lin_r02,baseline_pre,1428,0,0.000000,0,0,0,0.00000000,0.00000,baseline_pre,-1,-1
1815,1.815,1,4004,54004,ladder_a05_lin_r02,baseline_pre,1428,0,0.000000,0,0,0,0.00000000,0.00000,baseline_pre,-1,-1
1820,1.820,1,4004,54004,ladder_a05_lin_r02,baseline_pre,1428,0,0.000000,0,0,0,0.00000000,0.00000,baseline_pre,-1,-1
1825,1.825,1,4004,54004,ladder_a05_lin_r02,baseline_pre,1428,0,0.000000,0,0,0,0.00000000,0.00000,baseline_pre,-1,-1
1830,1.830,1,4004,54004,ladder_a05_lin_r02,baseline_pre,1428,0,0.000000,0,0,0,0.00000000,0.00000,baseline_pre,-1,-1
1835,1.835,1,4004,54004,ladder_a05_lin_r02,baseline_pre,1428,0,0.000000,0,0,0,0.00000000,0.00000,baseline_pre,-1,-1
1840,1.840,1,4004,54004,ladder_a05_lin_r02,baseline_pre,1428,0,0.000000,0,0,0,0.00000000,0.00000,baseline_pre,-1,-1
1845,1.845,1,4004,54004,ladder_a05_lin_r02,baseline_pre,1428,0,0.000000,0,0,0,0.00000000,0.00000,baseline_pre,-1,-1
1851,1.851,1,4004,54004,ladder_a05_lin_r02,baseline_pre,1428,0,0.000000,0,0,0,0.00000000,0.00000,baseline_pre,-1,-1
1856,1.856,1,4004,54004,ladder_a05_lin_r02,baseline_pre,1428,0,0.000000,0,0,0,0.00000000,0.00000,baseline_pre,-1,-1
1861,1.861,1,4004,54004,ladder_a05_lin_r02,baseline_pre,1428,0,0.000000,0,0,0,0.00000000,0.00000,baseline_pre,-1,-1
1866,1.866,1,4004,54004,ladder_a05_lin_r02,baseline_pre,1428,0,0.000000,0,0,0,0.00000000,0.00000,baseline_pre,-1,-1
1871,1.871,1,4004,54004,ladder_a05_lin_r02,baseline_pre,1428,0,0.000000,0,0,0,0.00000000,0.00000,baseline_pre,-1,-1
1876,1.876,1,4004,54004,ladder_a05_lin_r02,baseline_pre,1428,0,0.000000,0,0,0,0.00000000,0.00000,baseline_pre,-1,-1
1881,1.881,1,4004,54004,ladder_a05_lin_r02,baseline_pre,1428,0,0.000000,0,0,0,0.00000000,0.00000,baseline_pre,-1,-1
1886,1.886,1,4004,54004,ladder_a05_lin_r02,baseline_pre,1428,0,0.000000,0,0,0,0.00000000,0.00000,baseline_pre,-1,-1
1891,1.891,1,4004,54004,ladder_a05_lin_r02,baseline_pre,1428,0,0.000000,0,0,0,0.00000000,0.00000,baseline_pre,-1,-1
1897,1.897,1,4004,54004,ladder_a05_lin_r02,baseline_pre,1428,0,0.000000,0,0,0,0.00000000,0.00000,baseline_pre,-1,-1
1902,1.902,1,4004,54004,ladder_a05_lin_r02,baseline_pre,1428,0,0.000000,0,0,0,0.00000000,0.00000,baseline_pre,-1,-1
1907,1.907,1,4004,54004,ladder_a05_lin_r02,baseline_pre,1428,0,0.000000,0,0,0,0.00000000,0.00000,baseline_pre,-1,-1
1912,1.912,1,4004,54004,ladder_a05_lin_r02,baseline_pre,1428,0,0.000000,0,0,0,0.00000000,0.00000,baseline_pre,-1,-1
1917,1.917,1,4004,54004,ladder_a05_lin_r02,baseline_pre,1428,0,0.000000,0,0,0,0.00000000,0.00000,baseline_pre,-1,-1
1922,1.922,1,4004,54004,ladder_a05_lin_r02,baseline_pre,1428,0,0.000000,0,0,0,0.00000000,0.00000,baseline_pre,-1,-1
1927,1.927,1,4004,54004,ladder_a05_lin_r02,baseline_pre,1428,0,0.000000,0,0,0,0.00000000,0.00000,baseline_pre,-1,-1
1932,1.932,1,4004,54004,ladder_a05_lin_r02,baseline_pre,1428,0,0.000000,0,0,0,0.00000000,0.00000,baseline_pre,-1,-1
1937,1.937,1,4004,54004,ladder_a05_lin_r02,baseline_pre,1428,0,0.000000,0,0,0,0.00000000,0.00000,baseline_pre,-1,-1
1970,1.970,1,4004,54004,ladder_a05_lin_r02,baseline_pre,1428,0,0.000000,0,0,0,0.00000000,0.00000,baseline_pre,-1,-1
1975,1.975,1,4004,54004,ladder_a05_lin_r02,baseline_pre,1428,0,0.000000,0,0,0,0.00000000,0.00000,baseline_pre,-1,-1
1980,1.980,1,4004,54004,ladder_a05_lin_r02,baseline_pre,1428,0,0.000000,0,0,0,0.00000000,0.00000,baseline_pre,-1,-1
1985,1.985,1,4004,54004,ladder_a05_lin_r02,baseline_pre,1428,0,0.000000,0,0,0,0.00000000,0.00000,baseline_pre,-1,-1
1990,1.990,1,4004,54004,ladder_a05_lin_r02,baseline_pre,1428,0,0.000000,0,0,0,0.00000000,0.00000,baseline_pre,-1,-1
1995,1.995,1,4004,54004,ladder_a05_lin_r02,baseline_pre,1428,0,0.000000,0,0,0,0.00000000,0.00000,baseline_pre,-1,-1
2000,2.000,1,4004,54004,ladder_a05_lin_r02,baseline_pre,1428,0,0.000000,0,0,0,0.00000000,0.00000,baseline_pre,-1,-1
2005,2.005,1,4004,54004,ladder_a05_lin_r02,baseline_pre,1428,0,0.000000,0,0,0,0.00000000,0.00000,baseline_pre,-1,-1
2011,2.011,1,4004,54004,ladder_a05_lin_r02,baseline_pre,1428,0,0.000000,0,0,0,0.00000000,0.00000,baseline_pre,-1,-1
2017,2.017,1,4004,54004,ladder_a05_lin_r02,settle,1428,0,0.000000,0,0,0,0.00000000,0.00000,settle,-1,-1
2023,2.023,1,4004,54004,ladder_a05_lin_r02,settle,1428,0,0.000000,0,0,0,0.00000000,0.00000,settle,-1,-1
2028,2.028,1,4004,54004,ladder_a05_lin_r02,settle,1428,0,0.000000,0,0,0,0.00000000,0.00000,settle,-1,-1
2033,2.033,1,4004,54004,ladder_a05_lin_r02,settle,1428,0,0.000000,0,0,0,0.00000000,0.00000,settle,-1,-1
2038,2.038,1,4004,54004,ladder_a05_lin_r02,settle,1428,0,0.000000,0,0,0,0.00000000,0.00000,settle,-1,-1
2043,2.043,1,4004,54004,ladder_a05_lin_r02,settle,1428,0,0.000000,0,0,0,0.00000000,0.00000,settle,-1,-1
2048,2.048,1,4004,54004,ladder_a05_lin_r02,settle,1428,0,0.000000,0,0,0,0.00000000,0.00000,settle,-1,-1
2053,2.053,1,4004,54004,ladder_a05_lin_r02,settle,1428,0,0.000000,0,0,0,0.00000000,0.00000,settle,-1,-1
2058,2.058,1,4004,54004,ladder_a05_lin_r02,settle,1428,0,0.000000,0,0,0,0.00000000,0.00000,settle,-1,-1
2064,2.064,1,4004,54004,ladder_a05_lin_r02,settle,1428,0,0.000000,0,0,0,0.00000000,0.00000,settle,-1,-1
2069,2.069,1,4004,54004,ladder_a05_lin_r02,settle,1428,0,0.000000,0,0,0,0.00000000,0.00000,settle,-1,-1
2074,2.074,1,4004,54004,ladder_a05_lin_r02,settle,1428,0,0.000000,0,0,0,0.00000000,0.00000,settle,-1,-1
2079,2.079,1,4004,54004,ladder_a05_lin_r02,settle,1428,0,0.000000,0,0,0,0.00000000,0.00000,settle,-1,-1
2084,2.084,1,4004,54004,ladder_a05_lin_r02,settle,1428,0,0.000000,0,0,0,0.00000000,0.00000,settle,-1,-1
2089,2.089,1,4004,54004,ladder_a05_lin_r02,settle,1428,0,0.000000,0,0,0,0.00000000,0.00000,settle,-1,-1
2094,2.094,1,4004,54004,ladder_a05_lin_r02,settle,1428,0,0.000000,0,0,0,0.00000000,0.00000,settle,-1,-1
2099,2.099,1,4004,54004,ladder_a05_lin_r02,settle,1428,0,0.000000,0,0,0,0.00000000,0.00000,settle,-1,-1
2104,2.104,1,4004,54004,ladder_a05_lin_r02,settle,1428,0,0.000000,0,0,0,0.00000000,0.00000,settle,-1,-1
2109,2.109,1,4004,54004,ladder_a05_lin_r02,settle,1428,0,0.000000,0,0,0,0.00000000,0.00000,settle,-1,-1
2115,2.115,1,4004,54004,ladder_a05_lin_r02,settle,1428,0,0.000000,0,0,0,0.00000000,0.00000,settle,-1,-1
2120,2.120,1,4004,54004,ladder_a05_lin_r02,settle,1428,0,0.000000,0,0,0,0.00000000,0.00000,settle,-1,-1
2136,2.136,1,4004,54004,ladder_a05_lin_r02,settle,1428,0,0.000000,0,0,0,0.00000000,0.00000,settle,-1,-1
2142,2.142,1,4004,54004,ladder_a05_lin_r02,settle,1428,0,0.000000,0,0,0,0.00000000,0.00000,settle,-1,-1
2147,2.147,1,4004,54004,ladder_a05_lin_r02,settle,1428,0,0.000000,0,0,0,0.00000000,0.00000,settle,-1,-1
2152,2.152,1,4004,54004,ladder_a05_lin_r02,settle,1428,0,0.000000,0,0,0,0.00000000,0.00000,settle,-1,-1
2157,2.157,1,4004,54004,ladder_a05_lin_r02,settle,1428,0,0.000000,0,0,0,0.00000000,0.00000,settle,-1,-1
2162,2.162,1,4004,54004,ladder_a05_lin_r02,settle,1428,0,0.000000,0,0,0,0.00000000,0.00000,settle,-1,-1
2167,2.167,1,4004,54004,ladder_a05_lin_r02,settle,1428,0,0.000000,0,0,0,0.00000000,0.00000,settle,-1,-1
2172,2.172,1,4004,54004,ladder_a05_lin_r02,settle,1428,0,0.000000,0,0,0,0.00000000,0.00000,settle,-1,-1
2211,2.211,1,4004,54004,ladder_a05_lin_r02,settle,1428,0,0.000000,0,0,0,0.00000000,0.00000,settle,-1,-1
2216,2.216,1,4004,54004,ladder_a05_lin_r02,settle,1428,0,0.000000,0,0,0,0.00000000,0.00000,settle,-1,-1
2221,2.221,1,4004,54004,ladder_a05_lin_r02,settle,1428,0,0.000000,0,0,0,0.00000000,0.00000,settle,-1,-1
2226,2.226,1,4004,54004,ladder_a05_lin_r02,settle,1428,0,0.000000,0,0,0,0.00000000,0.00000,settle,-1,-1
2231,2.231,1,4004,54004,ladder_a05_lin_r02,settle,1428,0,0.000000,0,0,0,0.00000000,0.00000,settle,-1,-1
2236,2.236,1,4004,54004,ladder_a05_lin_r02,settle,1428,0,0.000000,0,0,0,0.00000000,0.00000,settle,-1,-1
2241,2.241,1,4004,54004,ladder_a05_lin_r02,settle,1428,0,0.000000,0,0,0,0.00000000,0.00000,settle,-1,-1
2246,2.246,1,4004,54004,ladder_a05_lin_r02,settle,1428,0,0.000000,0,0,0,0.00000000,0.00000,settle,-1,-1
2251,2.251,1,4004,54004,ladder_a05_lin_r02,settle,1428,0,0.000000,0,0,0,0.00000000,0.00000,settle,-1,-1
2256,2.256,1,4004,54004,ladder_a05_lin_r02,settle,1428,0,0.000000,0,0,0,0.00000000,0.00000,settle,-1,-1
2262,2.262,1,4004,54004,ladder_a05_lin_r02,settle,1428,0,0.000000,0,0,0,0.00000000,0.00000,settle,-1,-1
2267,2.267,1,4004,54004,ladder_a05_lin_r02,settle,1428,0,0.000000,0,0,0,0.00000000,0.00000,settle,-1,-1
2272,2.272,1,4004,54004,ladder_a05_lin_r02,settle,1428,0,0.000000,0,0,0,0.00000000,0.00000,settle,-1,-1
2277,2.277,1,4004,54004,ladder_a05_lin_r02,settle,1428,0,0.000000,0,0,0,0.00000000,0.00000,settle,-1,-1
2282,2.282,1,4004,54004,ladder_a05_lin_r02,settle,1428,0,0.000000,0,0,0,0.00000000,0.00000,settle,-1,-1
2287,2.287,1,4004,54004,ladder_a05_lin_r02,settle,1428,0,0.000000,0,0,0,0.00000000,0.00000,settle,-1,-1
2292,2.292,1,4004,54004,ladder_a05_lin_r02,settle,1428,0,0.000000,0,0,0,0.00000000,0.00000,settle,-1,-1
2297,2.297,1,4004,54004,ladder_a05_lin_r02,settle,1428,0,0.000000,0,0,0,0.00000000,0.00000,settle,-1,-1
2302,2.302,1,4004,54004,ladder_a05_lin_r02,settle,1428,0,0.000000,0,0,0,0.00000000,0.00000,settle,-1,-1
2308,2.308,1,4004,54004,ladder_a05_lin_r02,settle,1428,0,0.000000,0,0,0,0.00000000,0.00000,settle,-1,-1
2313,2.313,1,4004,54004,ladder_a05_lin_r02,settle,1428,0,0.000000,0,0,0,0.00000000,0.00000,settle,-1,-1
2318,2.318,1,4004,54004,ladder_a05_lin_r02,settle,1428,0,0.000000,0,0,0,0.00000000,0.00000,settle,-1,-1
2323,2.323,1,4004,54004,ladder_a05_lin_r02,settle,1428,0,0.000000,0,0,0,0.00000000,0.00000,settle,-1,-1
2328,2.328,1,4004,54004,ladder_a05_lin_r02,settle,1428,0,0.000000,0,0,0,0.00000000,0.00000,settle,-1,-1
2333,2.333,1,4004,54004,ladder_a05_lin_r02,settle,1428,0,0.000000,0,0,0,0.00000000,0.00000,settle,-1,-1
2338,2.338,1,4004,54004,ladder_a05_lin_r02,settle,1428,0,0.000000,0,0,0,0.00000000,0.00000,settle,-1,-1
2343,2.343,1,4004,54004,ladder_a05_lin_r02,settle,1428,0,0.000000,0,0,0,0.00000000,0.00000,settle,-1,-1
2348,2.348,1,4004,54004,ladder_a05_lin_r02,settle,1428,0,0.000000,0,0,0,0.00000000,0.00000,settle,-1,-1
2353,2.353,1,4004,54004,ladder_a05_lin_r02,settle,1428,0,0.000000,0,0,0,0.00000000,0.00000,settle,-1,-1
2359,2.359,1,4004,54004,ladder_a05_lin_r02,settle,1428,0,0.000000,0,0,0,0.00000000,0.00000,settle,-1,-1
2364,2.364,1,4004,54004,ladder_a05_lin_r02,settle,1428,0,0.000000,0,0,0,0.00000000,0.00000,settle,-1,-1
2369,2.369,1,4004,54004,ladder_a05_lin_r02,settle,1428,0,0.000000,0,0,0,0.00000000,0.00000,settle,-1,-1
2374,2.374,1,4004,54004,ladder_a05_lin_r02,settle,1428,0,0.000000,0,0,0,0.00000000,0.00000,settle,-1,-1
2379,2.379,1,4004,54004,ladder_a05_lin_r02,settle,1428,0,0.000000,0,0,0,0.00000000,0.00000,settle,-1,-1
2384,2.384,1,4004,54004,ladder_a05_lin_r02,settle,1428,0,0.000000,0,0,0,0.00000000,0.00000,settle,-1,-1
2389,2.389,1,4004,54004,ladder_a05_lin_r02,settle,1428,0,0.000000,0,0,0,0.00000000,0.00000,settle,-1,-1
2394,2.394,1,4004,54004,ladder_a05_lin_r02,settle,1428,0,0.000000,0,0,0,0.00000000,0.00000,settle,-1,-1
2399,2.399,1,4004,54004,ladder_a05_lin_r02,settle,1428,0,0.000000,0,0,0,0.00000000,0.00000,settle,-1,-1
2404,2.404,1,4004,54004,ladder_a05_lin_r02,settle,1428,0,0.000000,0,0,0,0.00000000,0.00000,settle,-1,-1
2442,2.442,1,4004,54004,ladder_a05_lin_r02,settle,1428,0,0.000000,0,0,0,0.00000000,0.00000,settle,-1,-1
2446,2.446,1,4004,54004,ladder_a05_lin_r02,settle,1428,0,0.000000,0,0,0,0.00000000,0.00000,settle,-1,-1
2451,2.451,1,4004,54004,ladder_a05_lin_r02,settle,1428,0,0.000000,0,0,0,0.00000000,0.00000,settle,-1,-1
2456,2.456,1,4004,54004,ladder_a05_lin_r02,settle,1428,0,0.000000,0,0,0,0.00000000,0.00000,settle,-1,-1
2461,2.461,1,4004,54004,ladder_a05_lin_r02,settle,1428,0,0.000000,0,0,0,0.00000000,0.00000,settle,-1,-1
2466,2.466,1,4004,54004,ladder_a05_lin_r02,settle,1428,0,0.000000,0,0,0,0.00000000,0.00000,settle,-1,-1
2471,2.471,1,4004,54004,ladder_a05_lin_r02,settle,1428,0,0.000000,0,0,0,0.00000000,0.00000,settle,-1,-1
2476,2.476,1,4004,54004,ladder_a05_lin_r02,settle,1428,0,0.000000,0,0,0,0.00000000,0.00000,settle,-1,-1
2481,2.481,1,4004,54004,ladder_a05_lin_r02,settle,1428,0,0.000000,0,0,0,0.00000000,0.00000,settle,-1,-1
2486,2.486,1,4004,54004,ladder_a05_lin_r02,settle,1428,0,0.000000,0,0,0,0.00000000,0.00000,settle,-1,-1
2492,2.492,1,4004,54004,ladder_a05_lin_r02,settle,1428,0,0.000000,0,0,0,0.00000000,0.00000,settle,-1,-1
2497,2.497,1,4004,54004,ladder_a05_lin_r02,settle,1428,0,0.000000,0,0,0,0.00000000,0.00000,settle,-1,-1
2502,2.502,1,4004,54004,ladder_a05_lin_r02,settle,1428,0,0.000000,0,0,0,0.00000000,0.00000,settle,-1,-1
2507,2.507,1,4004,54004,ladder_a05_lin_r02,settle,1428,0,0.000000,0,0,0,0.00000000,0.00000,settle,-1,-1
2512,2.512,1,4004,54004,ladder_a05_lin_r02,settle,1428,0,0.000000,0,0,0,0.00000000,0.00000,settle,-1,-1
2517,2.517,1,4004,54004,ladder_a05_lin_r02,settle,1428,0,0.000000,0,0,0,0.00000000,0.00000,settle,-1,-1
2522,2.522,1,4004,54004,ladder_a05_lin_r02,settle,1428,0,0.000000,0,0,0,0.00000000,0.00000,settle,-1,-1
2527,2.527,1,4004,54004,ladder_a05_lin_r02,settle,1428,0,0.000000,0,0,0,0.00000000,0.00000,settle,-1,-1
2532,2.532,1,4004,54004,ladder_a05_lin_r02,settle,1428,0,0.000000,0,0,0,0.00000000,0.00000,settle,-1,-1
2537,2.537,1,4004,54004,ladder_a05_lin_r02,settle,1428,0,0.000000,0,0,0,0.00000000,0.00000,settle,-1,-1
2543,2.543,1,4004,54004,ladder_a05_lin_r02,settle,1428,0,0.000000,0,0,0,0.00000000,0.00000,settle,-1,-1
2548,2.548,1,4004,54004,ladder_a05_lin_r02,settle,1428,0,0.000000,0,0,0,0.00000000,0.00000,settle,-1,-1
2553,2.553,1,4004,54004,ladder_a05_lin_r02,settle,1428,0,0.000000,0,0,0,0.00000000,0.00000,settle,-1,-1
2558,2.558,1,4004,54004,ladder_a05_lin_r02,settle,1428,0,0.000000,0,0,0,0.00000000,0.00000,settle,-1,-1
2563,2.563,1,4004,54004,ladder_a05_lin_r02,settle,1428,0,0.000000,0,0,0,0.00000000,0.00000,settle,-1,-1
2568,2.568,1,4004,54004,ladder_a05_lin_r02,settle,1428,0,0.000000,0,0,0,0.00000000,0.00000,settle,-1,-1
2573,2.573,1,4004,54004,ladder_a05_lin_r02,settle,1428,0,0.000000,0,0,0,0.00000000,0.00000,settle,-1,-1
2578,2.578,1,4004,54004,ladder_a05_lin_r02,settle,1428,0,0.000000,0,0,0,0.00000000,0.00000,settle,-1,-1
2583,2.583,1,4004,54004,ladder_a05_lin_r02,settle,1428,0,0.000000,0,0,0,0.00000000,0.00000,settle,-1,-1
2588,2.588,1,4004,54004,ladder_a05_lin_r02,settle,1428,0,0.000000,0,0,0,0.00000000,0.00000,settle,-1,-1
2594,2.594,1,4004,54004,ladder_a05_lin_r02,settle,1428,0,0.000000,0,0,0,0.00000000,0.00000,settle,-1,-1
2599,2.599,1,4004,54004,ladder_a05_lin_r02,settle,1428,0,0.000000,0,0,0,0.00000000,0.00000,settle,-1,-1
2604,2.604,1,4004,54004,ladder_a05_lin_r02,settle,1428,0,0.000000,0,0,0,0.00000000,0.00000,settle,-1,-1
2609,2.609,1,4004,54004,ladder_a05_lin_r02,settle,1428,0,0.000000,0,0,0,0.00000000,0.00000,settle,-1,-1
2614,2.614,1,4004,54004,ladder_a05_lin_r02,settle,1428,0,0.000000,0,0,0,0.00000000,0.00000,settle,-1,-1
2619,2.619,1,4004,54004,ladder_a05_lin_r02,settle,1428,0,0.000000,0,0,0,0.00000000,0.00000,settle,-1,-1
2624,2.624,1,4004,54004,ladder_a05_lin_r02,settle,1428,0,0.000000,0,0,0,0.00000000,0.00000,settle,-1,-1
2629,2.629,1,4004,54004,ladder_a05_lin_r02,settle,1428,0,0.000000,0,0,0,0.00000000,0.00000,settle,-1,-1
2634,2.634,1,4004,54004,ladder_a05_lin_r02,settle,1428,0,0.000000,0,0,0,0.00000000,0.00000,settle,-1,-1
2674,2.674,1,4004,54004,ladder_a05_lin_r02,settle,1428,0,0.000000,0,0,0,0.00000000,0.00000,settle,-1,-1
2679,2.679,1,4004,54004,ladder_a05_lin_r02,settle,1428,0,0.000000,0,0,0,0.00000000,0.00000,settle,-1,-1
2684,2.684,1,4004,54004,ladder_a05_lin_r02,settle,1428,0,0.000000,0,0,0,0.00000000,0.00000,settle,-1,-1
2689,2.689,1,4004,54004,ladder_a05_lin_r02,settle,1428,0,0.000000,0,0,0,0.00000000,0.00000,settle,-1,-1
2694,2.694,1,4004,54004,ladder_a05_lin_r02,settle,1428,0,0.000000,0,0,0,0.00000000,0.00000,settle,-1,-1
2699,2.699,1,4004,54004,ladder_a05_lin_r02,settle,1428,0,0.000000,0,0,0,0.00000000,0.00000,settle,-1,-1
2704,2.704,1,4004,54004,ladder_a05_lin_r02,settle,1428,0,0.000000,0,0,0,0.00000000,0.00000,settle,-1,-1
2709,2.709,1,4004,54004,ladder_a05_lin_r02,settle,1428,0,0.000000,0,0,0,0.00000000,0.00000,settle,-1,-1
2714,2.714,1,4004,54004,ladder_a05_lin_r02,settle,1428,0,0.000000,0,0,0,0.00000000,0.00000,settle,-1,-1
2719,2.719,1,4004,54004,ladder_a05_lin_r02,settle,1428,0,0.000000,0,0,0,0.00000000,0.00000,settle,-1,-1
2725,2.725,1,4004,54004,ladder_a05_lin_r02,settle,1428,0,0.000000,0,0,0,0.00000000,0.00000,settle,-1,-1
2730,2.730,1,4004,54004,ladder_a05_lin_r02,settle,1428,0,0.000000,0,0,0,0.00000000,0.00000,settle,-1,-1
2735,2.735,1,4004,54004,ladder_a05_lin_r02,settle,1428,0,0.000000,0,0,0,0.00000000,0.00000,settle,-1,-1
2740,2.740,1,4004,54004,ladder_a05_lin_r02,settle,1428,0,0.000000,0,0,0,0.00000000,0.00000,settle,-1,-1
2745,2.745,1,4004,54004,ladder_a05_lin_r02,settle,1428,0,0.000000,0,0,0,0.00000000,0.00000,settle,-1,-1
2750,2.750,1,4004,54004,ladder_a05_lin_r02,settle,1428,0,0.000000,0,0,0,0.00000000,0.00000,settle,-1,-1
2755,2.755,1,4004,54004,ladder_a05_lin_r02,settle,1428,0,0.000000,0,0,0,0.00000000,0.00000,settle,-1,-1
2760,2.760,1,4004,54004,ladder_a05_lin_r02,settle,1428,0,0.000000,0,0,0,0.00000000,0.00000,settle,-1,-1
2765,2.765,1,4004,54004,ladder_a05_lin_r02,settle,1428,0,0.000000,0,0,0,0.00000000,0.00000,settle,-1,-1
2770,2.770,1,4004,54004,ladder_a05_lin_r02,settle,1428,0,0.000000,0,0,0,0.00000000,0.00000,settle,-1,-1
2776,2.776,1,4004,54004,ladder_a05_lin_r02,settle,1428,0,0.000000,0,0,0,0.00000000,0.00000,settle,-1,-1
2781,2.781,1,4004,54004,ladder_a05_lin_r02,settle,1428,0,0.000000,0,0,0,0.00000000,0.00000,settle,-1,-1
2786,2.786,1,4004,54004,ladder_a05_lin_r02,settle,1428,0,0.000000,0,0,0,0.00000000,0.00000,settle,-1,-1
2791,2.791,1,4004,54004,ladder_a05_lin_r02,settle,1428,0,0.000000,0,0,0,0.00000000,0.00000,settle,-1,-1
2796,2.796,1,4004,54004,ladder_a05_lin_r02,settle,1428,0,0.000000,0,0,0,0.00000000,0.00000,settle,-1,-1
2801,2.801,1,4004,54004,ladder_a05_lin_r02,settle,1428,0,0.000000,0,0,0,0.00000000,0.00000,settle,-1,-1
2806,2.806,1,4004,54004,ladder_a05_lin_r02,settle,1428,0,0.000000,0,0,0,0.00000000,0.00000,settle,-1,-1
2811,2.811,1,4004,54004,ladder_a05_lin_r02,settle,1428,0,0.000000,0,0,0,0.00000000,0.00000,settle,-1,-1
2816,2.816,1,4004,54004,ladder_a05_lin_r02,settle,1428,0,0.000000,0,0,0,0.00000000,0.00000,settle,-1,-1
2821,2.821,1,4004,54004,ladder_a05_lin_r02,settle,1428,0,0.000000,0,0,0,0.00000000,0.00000,settle,-1,-1
2827,2.827,1,4004,54004,ladder_a05_lin_r02,settle,1428,0,0.000000,0,0,0,0.00000000,0.00000,settle,-1,-1
2832,2.832,1,4004,54004,ladder_a05_lin_r02,settle,1428,0,0.000000,0,0,0,0.00000000,0.00000,settle,-1,-1
2837,2.837,1,4004,54004,ladder_a05_lin_r02,settle,1428,0,0.000000,0,0,0,0.00000000,0.00000,settle,-1,-1
2842,2.842,1,4004,54004,ladder_a05_lin_r02,settle,1428,0,0.000000,0,0,0,0.00000000,0.00000,settle,-1,-1
2847,2.847,1,4004,54004,ladder_a05_lin_r02,settle,1428,0,0.000000,0,0,0,0.00000000,0.00000,settle,-1,-1
2852,2.852,1,4004,54004,ladder_a05_lin_r02,settle,1428,0,0.000000,0,0,0,0.00000000,0.00000,settle,-1,-1
2857,2.857,1,4004,54004,ladder_a05_lin_r02,settle,1428,0,0.000000,0,0,0,0.00000000,0.00000,settle,-1,-1
2862,2.862,1,4004,54004,ladder_a05_lin_r02,settle,1428,0,0.000000,0,0,0,0.00000000,0.00000,settle,-1,-1
2867,2.867,1,4004,54004,ladder_a05_lin_r02,settle,1428,0,0.000000,0,0,0,0.00000000,0.00000,settle,-1,-1
2872,2.872,1,4004,54004,ladder_a05_lin_r02,settle,1428,0,0.000000,0,0,0,0.00000000,0.00000,settle,-1,-1
2917,2.917,1,4004,54004,ladder_a05_lin_r02,settle,1428,0,0.000000,0,0,0,0.00000000,0.00000,settle,-1,-1
2922,2.922,1,4004,54004,ladder_a05_lin_r02,settle,1428,0,0.000000,0,0,0,0.00000000,0.00000,settle,-1,-1
2927,2.927,1,4004,54004,ladder_a05_lin_r02,settle,1428,0,0.000000,0,0,0,0.00000000,0.00000,settle,-1,-1
2932,2.932,1,4004,54004,ladder_a05_lin_r02,settle,1428,0,0.000000,0,0,0,0.00000000,0.00000,settle,-1,-1
2937,2.937,1,4004,54004,ladder_a05_lin_r02,settle,1428,0,0.000000,0,0,0,0.00000000,0.00000,settle,-1,-1
2942,2.942,1,4004,54004,ladder_a05_lin_r02,settle,1428,0,0.000000,0,0,0,0.00000000,0.00000,settle,-1,-1
2947,2.947,1,4004,54004,ladder_a05_lin_r02,settle,1428,0,0.000000,0,0,0,0.00000000,0.00000,settle,-1,-1
2952,2.952,1,4004,54004,ladder_a05_lin_r02,settle,1428,0,0.000000,0,0,0,0.00000000,0.00000,settle,-1,-1
2957,2.957,1,4004,54004,ladder_a05_lin_r02,settle,1428,0,0.000000,0,0,0,0.00000000,0.00000,settle,-1,-1
2962,2.962,1,4004,54004,ladder_a05_lin_r02,settle,1428,0,0.000000,0,0,0,0.00000000,0.00000,settle,-1,-1
2968,2.968,1,4004,54004,ladder_a05_lin_r02,settle,1428,0,0.000000,0,0,0,0.00000000,0.00000,settle,-1,-1
2973,2.973,1,4004,54004,ladder_a05_lin_r02,settle,1428,0,0.000000,0,0,0,0.00000000,0.00000,settle,-1,-1
2978,2.978,1,4004,54004,ladder_a05_lin_r02,settle,1428,0,0.000000,0,0,0,0.00000000,0.00000,settle,-1,-1
2983,2.983,1,4004,54004,ladder_a05_lin_r02,settle,1428,0,0.000000,0,0,0,0.00000000,0.00000,settle,-1,-1
2988,2.988,1,4004,54004,ladder_a05_lin_r02,settle,1428,0,0.000000,0,0,0,0.00000000,0.00000,settle,-1,-1
2993,2.993,1,4004,54004,ladder_a05_lin_r02,settle,1428,0,0.000000,0,0,0,0.00000000,0.00000,settle,-1,-1
2998,2.998,1,4004,54004,ladder_a05_lin_r02,settle,1428,0,0.000000,0,0,0,0.00000000,0.00000,settle,-1,-1
3003,3.003,1,4004,54004,ladder_a05_lin_r02,settle,1428,0,0.000000,0,0,0,0.00000000,0.00000,settle,-1,-1
3008,3.008,1,4004,54004,ladder_a05_lin_r02,settle,1428,0,0.000000,0,0,0,0.00000000,0.00000,settle,-1,-1
3014,3.014,1,4004,54004,ladder_a05_lin_r02,settle,1428,0,0.000000,0,0,0,0.00000000,0.00000,settle,-1,-1
3043,3.043,1,4004,54004,ladder_a05_lin_r02,prps,1431,3,0.064005,0,0,0,0.00000000,0.00000,prps,0,0
3047,3.047,1,4004,54004,ladder_a05_lin_r02,prps,1427,-1,-0.020788,0,0,0,0.00000000,0.00000,prps,0,1
3052,3.052,1,4004,54004,ladder_a05_lin_r02,prps,1422,-6,-0.107821,0,0,0,0.00000000,0.00000,prps,0,2
3057,3.057,1,4004,54004,ladder_a05_lin_r02,prps,1419,-9,-0.177462,0,0,0,0.00000000,0.00000,prps,0,3
3062,3.062,1,4004,54004,ladder_a05_lin_r02,prps,1417,-11,-0.214719,0,0,0,0.00000000,0.00000,prps,0,4
3067,3.067,1,4004,54004,ladder_a05_lin_r02,prps,1417,-11,-0.211972,0,0,0,0.00000000,0.00000,prps,0,5
3072,3.072,1,4004,54004,ladder_a05_lin_r02,prps,1419,-9,-0.170222,0,0,0,0.00000000,0.00000,prps,0,6
3077,3.077,1,4004,54004,ladder_a05_lin_r02,prps,1423,-5,-0.098657,1,0,1,0.00261799,0.15000,prps,0,7
3082,3.082,1,4004,54004,ladder_a05_lin_r02,prps,1427,-1,-0.012656,1,0,1,0.00261799,0.15000,prps,0,8
3087,3.087,1,4004,54004,ladder_a05_lin_r02,prps,1432,4,0.069328,1,0,1,0.00261799,0.15000,prps,0,9
3092,3.092,1,4004,54004,ladder_a05_lin_r02,prps,1435,7,0.129382,1,0,1,0.00261799,0.15000,prps,0,10
3097,3.097,1,4004,54004,ladder_a05_lin_r02,prps,1436,8,0.153533,0,0,0,0.00000000,0.00000,prps,0,11
3102,3.102,1,4004,54004,ladder_a05_lin_r02,prps,1435,7,0.134271,0,0,0,0.00000000,0.00000,prps,0,12
3107,3.107,1,4004,54004,ladder_a05_lin_r02,prps,1432,4,0.071750,-1,0,-1,-0.00261799,-0.15000,prps,0,13
3112,3.112,1,4004,54004,ladder_a05_lin_r02,prps,1427,-1,-0.026531,-2,0,-2,-0.00523599,-0.30000,prps,0,14
3117,3.117,1,4004,54004,ladder_a05_lin_r02,prps,1420,-8,-0.147413,-2,0,-2,-0.00523599,-0.30000,prps,0,15
3122,3.122,1,4004,54004,ladder_a05_lin_r02,prps,1413,-15,-0.274775,-2,0,-2,-0.00523599,-0.30000,prps,0,16
3127,3.127,1,4004,54004,ladder_a05_lin_r02,prps,1407,-21,-0.392622,-2,0,-2,-0.00523599,-0.30000,prps,0,17
3132,3.132,1,4004,54004,ladder_a05_lin_r02,prps,1402,-26,-0.487971,-2,0,-2,-0.00523599,-0.30000,prps,0,18
3137,3.137,1,4004,54004,ladder_a05_lin_r02,prps,1399,-29,-0.552938,0,0,0,0.00000000,0.00000,prps,0,19
3142,3.142,1,4004,54004,ladder_a05_lin_r02,prps,1397,-31,-0.585687,3,0,3,0.00785398,0.45000,prps,0,20
3147,3.147,1,4004,54004,ladder_a05_lin_r02,prps,1397,-31,-0.590101,6,0,6,0.01570796,0.90000,prps,0,21
3152,3.152,1,4004,54004,ladder_a05_lin_r02,prps,1398,-30,-0.574344,8,0,8,0.02094395,1.20000,prps,0,22
3157,3.157,1,4004,54004,ladder_a05_lin_r02,prps,1399,-29,-0.548701,10,0,10,0.02617994,1.50000,prps,0,23
3162,3.162,1,4004,54004,ladder_a05_lin_r02,prps,1400,-28,-0.523199,12,0,12,0.03141592,1.80000,prps,0,24
3167,3.167,1,4004,54004,ladder_a05_lin_r02,prps,1401,-27,-0.505555,13,0,13,0.03403392,1.95000,prps,0,25
3172,3.172,1,4004,54004,ladder_a05_lin_r02,prps,1402,-26,-0.499874,14,0,14,0.03665191,2.10000,prps,0,26
3177,3.177,1,4004,54004,ladder_a05_lin_r02,prps,1401,-27,-0.506328,14,0,14,0.03665191,2.10000,prps,0,27
3182,3.182,1,4004,54004,ladder_a05_lin_r02,prps,1400,-28,-0.521831,14,0,14,0.03665191,2.10000,prps,0,28
3187,3.187,1,4004,54004,ladder_a05_lin_r02,prps,1399,-29,-0.541444,14,0,14,0.03665191,2.10000,prps,0,29
3192,3.192,1,4004,54004,ladder_a05_lin_r02,prps,1398,-30,-0.560131,14,0,14,0.03665191,2.10000,prps,0,30
3197,3.197,1,4004,54004,ladder_a05_lin_r02,prps,1398,-30,-0.574379,14,0,14,0.03665191,2.10000,prps,0,31
3202,3.202,1,4004,54004,ladder_a05_lin_r02,prps,1397,-31,-0.583244,14,0,14,0.03665191,2.10000,prps,0,32
3207,3.207,1,4004,54004,ladder_a05_lin_r02,prps,1397,-31,-0.588568,14,0,14,0.03665191,2.10000,prps,0,33
3212,3.212,1,4004,54004,ladder_a05_lin_r02,prps,1397,-31,-0.594271,14,0,14,0.03665191,2.10000,prps,0,34
3217,3.217,1,4004,54004,ladder_a05_lin_r02,prps,1396,-32,-0.604919,15,0,15,0.03926991,2.25000,prps,0,35
3222,3.222,1,4004,54004,ladder_a05_lin_r02,prps,1395,-33,-0.623923,15,0,15,0.03926991,2.25000,prps,0,36
3227,3.227,1,4004,54004,ladder_a05_lin_r02,prps,1393,-35,-0.651848,15,0,15,0.03926991,2.25000,prps,0,37
3232,3.232,1,4004,54004,ladder_a05_lin_r02,prps,1392,-36,-0.685333,15,0,15,0.03926991,2.25000,prps,0,38
3237,3.237,1,4004,54004,ladder_a05_lin_r02,prps,1390,-38,-0.716955,16,0,16,0.04188790,2.40000,prps,0,39
3242,3.242,1,4004,54004,ladder_a05_lin_r02,prps,1389,-39,-0.736202,17,0,17,0.04450589,2.55000,prps,0,40
3247,3.247,1,4004,54004,ladder_a05_lin_r02,prps,1389,-39,-0.731445,17,0,17,0.04450589,2.55000,prps,0,41
3252,3.252,1,4004,54004,ladder_a05_lin_r02,prps,1391,-37,-0.692540,18,0,18,0.04712389,2.70000,prps,0,42
3257,3.257,1,4004,54004,ladder_a05_lin_r02,prps,1395,-33,-0.613519,18,0,18,0.04712389,2.70000,prps,0,43
3262,3.262,1,4004,54004,ladder_a05_lin_r02,prps,1402,-26,-0.494761,19,0,19,0.04974188,2.85000,prps,0,44
3267,3.267,1,4004,54004,ladder_a05_lin_r02,prps,1410,-18,-0.344100,19,0,19,0.04974188,2.85000,prps,0,45
3272,3.272,1,4004,54004,ladder_a05_lin_r02,prps,1419,-9,-0.176509,19,0,19,0.04974188,2.85000,prps,0,46
3277,3.277,1,4004,54004,ladder_a05_lin_r02,prps,1427,-1,-0.012280,19,0,19,0.04974188,2.85000,prps,0,47
3282,3.282,1,4004,54004,ladder_a05_lin_r02,prps,1435,7,0.126049,16,0,16,0.04188790,2.40000,prps,0,48
3287,3.287,1,4004,54004,ladder_a05_lin_r02,prps,1440,12,0.217511,13,0,13,0.03403392,1.95000,prps,0,49
3292,3.292,1,4004,54004,ladder_a05_lin_r02,prps,1441,13,0.246568,10,0,10,0.02617994,1.50000,prps,0,50
3297,3.297,1,4004,54004,ladder_a05_lin_r02,prps,1439,11,0.206240,6,0,6,0.01570796,0.90000,prps,0,51
3302,3.302,1,4004,54004,ladder_a05_lin_r02,prps,1433,5,0.099870,2,0,2,0.00523599,0.30000,prps,0,52
3307,3.307,1,4004,54004,ladder_a05_lin_r02,prps,1425,-3,-0.058899,-1,0,-1,-0.00261799,-0.15000,prps,0,53
3312,3.312,1,4004,54004,ladder_a05_lin_r02,prps,1415,-13,-0.248005,-3,0,-3,-0.00785398,-0.45000,prps,0,54
3317,3.317,1,4004,54004,ladder_a05_lin_r02,prps,1405,-23,-0.440431,-3,0,-3,-0.00785398,-0.45000,prps,0,55
3322,3.322,1,4004,54004,ladder_a05_lin_r02,prps,1396,-32,-0.608654,-3,0,-3,-0.00785398,-0.45000,prps,0,56
3327,3.327,1,4004,54004,ladder_a05_lin_r02,prps,1389,-39,-0.729270,-2,0,-2,-0.00523599,-0.30000,prps,0,57
3332,3.332,1,4004,54004,ladder_a05_lin_r02,prps,1386,-42,-0.786948,1,0,1,0.00261799,0.15000,prps,0,58
3337,3.337,1,4004,54004,ladder_a05_lin_r02,prps,1387,-41,-0.776975,5,0,5,0.01308997,0.75000,prps,0,59
3342,3.342,1,4004,54004,ladder_a05_lin_r02,prps,1391,-37,-0.705904,9,0,9,0.02356194,1.35000,prps,0,60
3347,3.347,1,4004,54004,ladder_a05_lin_r02,prps,1397,-31,-0.590193,13,0,13,0.03403392,1.95000,prps,0,61
3352,3.352,1,4004,54004,ladder_a05_lin_r02,prps,1404,-24,-0.453083,15,0,15,0.03926991,2.25000,prps,0,62
3357,3.357,1,4004,54004,ladder_a05_lin_r02,prps,1411,-17,-0.320325,17,0,17,0.04450589,2.55000,prps,0,63
3362,3.362,1,4004,54004,ladder_a05_lin_r02,prps,1417,-11,-0.215547,17,0,17,0.04450589,2.55000,prps,0,64
3367,3.367,1,4004,54004,ladder_a05_lin_r02,prps,1420,-8,-0.156136,17,0,17,0.04450589,2.55000,prps,0,65
3372,3.372,1,4004,54004,ladder_a05_lin_r02,prps,1420,-8,-0.150407,16,0,16,0.04188790,2.40000,prps,0,66
3377,3.377,1,4004,54004,ladder_a05_lin_r02,prps,1418,-10,-0.196526,14,0,14,0.03665191,2.10000,prps,0,67
3382,3.382,1,4004,54004,ladder_a05_lin_r02,prps,1413,-15,-0.283379,11,0,11,0.02879793,1.65000,prps,0,68
3387,3.387,1,4004,54004,ladder_a05_lin_r02,prps,1407,-21,-0.393126,9,0,9,0.02356194,1.35000,prps,0,69
3392,3.392,1,4004,54004,ladder_a05_lin_r02,prps,1401,-27,-0.504913,8,0,8,0.02094395,1.20000,prps,0,70
3397,3.397,1,4004,54004,ladder_a05_lin_r02,prps,1396,-32,-0.598979,8,0,8,0.02094395,1.20000,prps,0,71
3402,3.402,1,4004,54004,ladder_a05_lin_r02,prps,1393,-35,-0.660346,8,0,8,0.02094395,1.20000,prps,0,72
3407,3.407,1,4004,54004,ladder_a05_lin_r02,prps,1392,-36,-0.681392,9,0,9,0.02356194,1.35000,prps,0,73
3412,3.412,1,4004,54004,ladder_a05_lin_r02,prps,1393,-35,-0.662856,11,0,11,0.02879793,1.65000,prps,0,74
3417,3.417,1,4004,54004,ladder_a05_lin_r02,prps,1396,-32,-0.613127,13,0,13,0.03403392,1.95000,prps,0,75
3422,3.422,1,4004,54004,ladder_a05_lin_r02,prps,1399,-29,-0.546068,14,0,14,0.03665191,2.10000,prps,0,76
3427,3.427,1,4004,54004,ladder_a05_lin_r02,prps,1403,-25,-0.477852,16,0,16,0.04188790,2.40000,prps,0,77
3432,3.432,1,4004,54004,ladder_a05_lin_r02,prps,1406,-22,-0.423523,16,0,16,0.04188790,2.40000,prps,0,78
3437,3.437,1,4004,54004,ladder_a05_lin_r02,prps,1407,-21,-0.393989,16,0,16,0.04188790,2.40000,prps,0,79
3442,3.442,1,4004,54004,ladder_a05_lin_r02,prps,1407,-21,-0.394055,16,0,16,0.04188790,2.40000,prps,0,80
3447,3.447,1,4004,54004,ladder_a05_lin_r02,prps,1406,-22,-0.421854,16,0,16,0.04188790,2.40000,prps,0,81
3452,3.452,1,4004,54004,ladder_a05_lin_r02,prps,1403,-25,-0.469751,16,0,16,0.04188790,2.40000,prps,0,82
3457,3.457,1,4004,54004,ladder_a05_lin_r02,prps,1400,-28,-0.526436,16,0,16,0.04188790,2.40000,prps,0,83
3462,3.462,1,4004,54004,ladder_a05_lin_r02,prps,1397,-31,-0.579739,16,0,16,0.04188790,2.40000,prps,0,84
3467,3.467,1,4004,54004,ladder_a05_lin_r02,prps,1395,-33,-0.619502,16,0,16,0.04188790,2.40000,prps,0,85
3472,3.472,1,4004,54004,ladder_a05_lin_r02,prps,1394,-34,-0.639887,16,0,16,0.04188790,2.40000,prps,0,86
3477,3.477,1,4004,54004,ladder_a05_lin_r02,prps,1394,-34,-0.640625,16,0,16,0.04188790,2.40000,prps,0,87
3482,3.482,1,4004,54004,ladder_a05_lin_r02,prps,1395,-33,-0.626936,16,0,16,0.04188790,2.40000,prps,0,88
3487,3.487,1,4004,54004,ladder_a05_lin_r02,prps,1396,-32,-0.608177,17,0,17,0.04450589,2.55000,prps,0,89
3492,3.492,1,4004,54004,ladder_a05_lin_r02,prps,1396,-32,-0.595518,17,0,17,0.04450589,2.55000,prps,0,90
3497,3.497,1,4004,54004,ladder_a05_lin_r02,prps,1396,-32,-0.599174,17,0,17,0.04450589,2.55000,prps,0,91
3502,3.502,1,4004,54004,ladder_a05_lin_r02,prps,1395,-33,-0.625811,17,0,17,0.04450589,2.55000,prps,0,92
3507,3.507,1,4004,54004,ladder_a05_lin_r02,prps,1392,-36,-0.676712,17,0,17,0.04450589,2.55000,prps,0,93
3512,3.512,1,4004,54004,ladder_a05_lin_r02,prps,1388,-40,-0.747094,17,0,17,0.04450589,2.55000,prps,0,94
3517,3.517,1,4004,54004,ladder_a05_lin_r02,prps,1384,-44,-0.826771,17,0,17,0.04450589,2.55000,prps,0,95
3522,3.522,1,4004,54004,ladder_a05_lin_r02,prps,1380,-48,-0.902022,18,0,18,0.04712389,2.70000,prps,0,96
3527,3.527,1,4004,54004,ladder_a05_lin_r02,prps,1377,-51,-0.958294,19,0,19,0.04974188,2.85000,prps,0,97
3532,3.532,1,4004,54004,ladder_a05_lin_r02,prps,1376,-52,-0.983185,20,0,20,0.05235988,3.00000,prps,0,98
3537,3.537,1,4004,54004,ladder_a05_lin_r02,prps,1377,-51,-0.969089,21,0,21,0.05497787,3.15000,prps,0,99
3542,3.542,1,4004,54004,ladder_a05_lin_r02,prps,1380,-48,-0.914946,23,0,23,0.06021386,3.45000,prps,0,100
3547,3.547,1,4004,54004,ladder_a05_lin_r02,prps,1384,-44,-0.826730,25,0,25,0.06544985,3.75000,prps,0,101
3552,3.552,1,4004,54004,ladder_a05_lin_r02,prps,1390,-38,-0.716548,26,0,26,0.06806784,3.90000,prps,0,102
3557,3.557,1,4004,54004,ladder_a05_lin_r02,prps,1396,-32,-0.600518,26,0,26,0.06806784,3.90000,prps,0,103
3562,3.562,1,4004,54004,ladder_a05_lin_r02,prps,1402,-26,-0.495827,26,0,26,0.06806784,3.90000,prps,0,104
3567,3.567,1,4004,54004,ladder_a05_lin_r02,prps,1406,-22,-0.417519,26,0,26,0.06806784,3.90000,prps,0,105
3572,3.572,1,4004,54004,ladder_a05_lin_r02,prps,1408,-20,-0.375662,24,0,24,0.06283185,3.60000,prps,0,106
3577,3.577,1,4004,54004,ladder_a05_lin_r02,prps,1408,-20,-0.373390,22,0,22,0.05759586,3.30000,prps,0,107
3582,3.582,1,4004,54004,ladder_a05_lin_r02,prps,1406,-22,-0.406227,20,0,20,0.05235988,3.00000,prps,0,108
3587,3.587,1,4004,54004,ladder_a05_lin_r02,prps,1403,-25,-0.462791,18,0,18,0.04712389,2.70000,prps,0,109
3592,3.592,1,4004,54004,ladder_a05_lin_r02,prps,1400,-28,-0.526747,16,0,16,0.04188790,2.40000,prps,0,110
3597,3.597,1,4004,54004,ladder_a05_lin_r02,prps,1397,-31,-0.579642,16,0,16,0.04188790,2.40000,prps,0,111
3602,3.602,1,4004,54004,ladder_a05_lin_r02,prps,1396,-32,-0.604105,16,0,16,0.04188790,2.40000,prps,0,112
3607,3.607,1,4004,54004,ladder_a05_lin_r02,prps,1397,-31,-0.586845,16,0,16,0.04188790,2.40000,prps,0,113
3612,3.612,1,4004,54004,ladder_a05_lin_r02,prps,1400,-28,-0.520926,16,0,16,0.04188790,2.40000,prps,0,114
3617,3.617,1,4004,54004,ladder_a05_lin_r02,prps,1406,-22,-0.406963,16,0,16,0.04188790,2.40000,prps,0,115
3622,3.622,1,4004,54004,ladder_a05_lin_r02,prps,1415,-13,-0.253077,16,0,16,0.04188790,2.40000,prps,0,116
3627,3.627,1,4004,54004,ladder_a05_lin_r02,prps,1424,-4,-0.073667,15,0,15,0.03926991,2.25000,prps,0,117
3632,3.632,1,4004,54004,ladder_a05_lin_r02,prps,1434,6,0.112750,14,0,14,0.03665191,2.10000,prps,0,118
3637,3.637,1,4004,54004,ladder_a05_lin_r02,prps,1443,15,0.286216,13,0,13,0.03403392,1.95000,prps,0,119
3642,3.642,1,4004,54004,ladder_a05_lin_r02,prps,1451,23,0.428117,10,0,10,0.02617994,1.50000,prps,0,120
3647,3.647,1,4004,54004,ladder_a05_lin_r02,prps,1456,28,0.523611,6,0,6,0.01570796,0.90000,prps,0,121
3652,3.652,1,4004,54004,ladder_a05_lin_r02,prps,1458,30,0.563404,2,0,2,0.00523599,0.30000,prps,0,122
3657,3.657,1,4004,54004,ladder_a05_lin_r02,prps,1457,29,0.544672,-2,0,-2,-0.00523599,-0.30000,prps,0,123
3662,3.662,1,4004,54004,ladder_a05_lin_r02,prps,1453,25,0.471089,-6,0,-6,-0.01570796,-0.90000,prps,0,124
3667,3.667,1,4004,54004,ladder_a05_lin_r02,prps,1447,19,0.352063,-10,0,-10,-0.02617994,-1.50000,prps,0,125
3672,3.672,1,4004,54004,ladder_a05_lin_r02,prps,1439,11,0.201369,-13,0,-13,-0.03403392,-1.95000,prps,0,126
3677,3.677,1,4004,54004,ladder_a05_lin_r02,prps,1430,2,0.035416,-14,0,-14,-0.03665191,-2.10000,prps,0,127
3682,3.682,1,4004,54004,ladder_a05_lin_r02,prps,1421,-7,-0.128597,-14,0,-14,-0.03665191,-2.10000,prps,0,128
3687,3.687,1,4004,54004,ladder_a05_lin_r02,prps,1413,-15,-0.274451,-13,0,-13,-0.03403392,-1.95000,prps,0,129
3692,3.692,1,4004,54004,ladder_a05_lin_r02,prps,1407,-21,-0.388437,-11,0,-11,-0.02879793,-1.65000,prps,0,130
3697,3.697,1,4004,54004,ladder_a05_lin_r02,prps,1404,-24,-0.460557,-8,0,-8,-0.02094395,-1.20000,prps,0,131
3702,3.702,1,4004,54004,ladder_a05_lin_r02,prps,1402,-26,-0.485337,-6,0,-6,-0.01570796,-0.90000,prps,0,132
3707,3.707,1,4004,54004,ladder_a05_lin_r02,prps,1404,-24,-0.462248,-2,0,-2,-0.00523599,-0.30000,prps,0,133
3712,3.712,1,4004,54004,ladder_a05_lin_r02,prps,1407,-21,-0.395694,2,0,2,0.00523599,0.30000,prps,0,134
3717,3.717,1,4004,54004,ladder_a05_lin_r02,prps,1412,-16,-0.294593,5,0,5,0.01308997,0.75000,prps,0,135
3722,3.722,1,4004,54004,ladder_a05_lin_r02,prps,1419,-9,-0.171519,7,0,7,0.01832596,1.05000,prps,0,136
3727,3.727,1,4004,54004,ladder_a05_lin_r02,prps,1426,-2,-0.041461,7,0,7,0.01832596,1.05000,prps,0,137
3732,3.732,1,4004,54004,ladder_a05_lin_r02,prps,1432,4,0.079765,7,0,7,0.01832596,1.05000,prps,0,138
3737,3.737,1,4004,54004,ladder_a05_lin_r02,prps,1437,9,0.177301,7,0,7,0.01832596,1.05000,prps,0,139
3742,3.742,1,4004,54004,ladder_a05_lin_r02,prps,1441,13,0.239071,5,0,5,0.01308997,0.75000,prps,0,140
3747,3.747,1,4004,54004,ladder_a05_lin_r02,prps,1442,14,0.257390,3,0,3,0.00785398,0.45000,prps,0,141
3752,3.752,1,4004,54004,ladder_a05_lin_r02,prps,1440,12,0.230129,1,0,1,0.00261799,0.15000,prps,0,142
3757,3.757,1,4004,54004,ladder_a05_lin_r02,prps,1437,9,0.161200,-1,0,-1,-0.00261799,-0.15000,prps,0,143
3762,3.762,1,4004,54004,ladder_a05_lin_r02,prps,1431,3,0.060211,-4,0,-4,-0.01047198,-0.60000,prps,0,144
3767,3.767,1,4004,54004,ladder_a05_lin_r02,prps,1425,-3,-0.058731,-5,0,-5,-0.01308997,-0.75000,prps,0,145
3772,3.772,1,4004,54004,ladder_a05_lin_r02,prps,1419,-9,-0.178953,-5,0,-5,-0.01308997,-0.75000,prps,0,146
3777,3.777,1,4004,54004,ladder_a05_lin_r02,prps,1413,-15,-0.283644,-5,0,-5,-0.01308997,-0.75000,prps,0,147
3782,3.782,1,4004,54004,ladder_a05_lin_r02,prps,1409,-19,-0.358379,-4,0,-4,-0.01047198,-0.60000,prps,0,148
3787,3.787,1,4004,54004,ladder_a05_lin_r02,prps,1407,-21,-0.393352,-4,0,-4,-0.01047198,-0.60000,prps,0,149
3792,3.792,1,4004,54004,ladder_a05_lin_r02,prps,1408,-20,-0.384882,-1,0,-1,-0.00261799,-0.15000,prps,0,150
3797,3.797,1,4004,54004,ladder_a05_lin_r02,prps,1410,-18,-0.335924,1,0,1,0.00261799,0.15000,prps,0,151
3802,3.802,1,4004,54004,ladder_a05_lin_r02,prps,1414,-14,-0.255452,4,0,4,0.01047198,0.60000,prps,0,152
3807,3.807,1,4004,54004,ladder_a05_lin_r02,prps,1420,-8,-0.156790,6,0,6,0.01570796,0.90000,prps,0,153
3812,3.812,1,4004,54004,ladder_a05_lin_r02,prps,1425,-3,-0.055177,6,0,6,0.01570796,0.90000,prps,0,154
3817,3.817,1,4004,54004,ladder_a05_lin_r02,prps,1430,2,0.034986,6,0,6,0.01570796,0.90000,prps,0,155
3822,3.822,1,4004,54004,ladder_a05_lin_r02,prps,1433,5,0.102686,5,0,5,0.01308997,0.75000,prps,0,156
3827,3.827,1,4004,54004,ladder_a05_lin_r02,prps,1436,8,0.142155,4,0,4,0.01047198,0.60000,prps,0,157
3832,3.832,1,4004,54004,ladder_a05_lin_r02,prps,1436,8,0.153648,3,0,3,0.00785398,0.45000,prps,0,158
3837,3.837,1,4004,54004,ladder_a05_lin_r02,prps,1436,8,0.142984,1,0,1,0.00261799,0.15000,prps,0,159
3842,3.842,1,4004,54004,ladder_a05_lin_r02,prps,1434,6,0.119925,-1,0,-1,-0.00261799,-0.15000,prps,0,160
3847,3.847,1,4004,54004,ladder_a05_lin_r02,prps,1433,5,0.095718,-2,0,-2,-0.00523599,-0.30000,prps,0,161
3852,3.852,1,4004,54004,ladder_a05_lin_r02,prps,1432,4,0.080309,-3,0,-3,-0.00785398,-0.45000,prps,0,162
3857,3.857,1,4004,54004,ladder_a05_lin_r02,prps,1432,4,0.079822,-4,0,-4,-0.01047198,-0.60000,prps,0,163
3862,3.862,1,4004,54004,ladder_a05_lin_r02,prps,1433,5,0.094856,-4,0,-4,-0.01047198,-0.60000,prps,0,164
3867,3.867,1,4004,54004,ladder_a05_lin_r02,prps,1434,6,0.120018,-4,0,-4,-0.01047198,-0.60000,prps,0,165
3872,3.872,1,4004,54004,ladder_a05_lin_r02,prps,1436,8,0.144835,-4,0,-4,-0.01047198,-0.60000,prps,0,166
3877,3.877,1,4004,54004,ladder_a05_lin_r02,prps,1436,8,0.155933,-4,0,-4,-0.01047198,-0.60000,prps,0,167
3882,3.882,1,4004,54004,ladder_a05_lin_r02,prps,1435,7,0.140070,-4,0,-4,-0.01047198,-0.60000,prps,0,168
3887,3.887,1,4004,54004,ladder_a05_lin_r02,prps,1433,5,0.087423,-4,0,-4,-0.01047198,-0.60000,prps,0,169
3892,3.892,1,4004,54004,ladder_a05_lin_r02,prps,1428,0,-0.005563,-4,0,-4,-0.01047198,-0.60000,prps,0,170
3897,3.897,1,4004,54004,ladder_a05_lin_r02,prps,1421,-7,-0.134403,-4,0,-4,-0.01047198,-0.60000,prps,0,171
3902,3.902,1,4004,54004,ladder_a05_lin_r02,prps,1413,-15,-0.286314,-4,0,-4,-0.01047198,-0.60000,prps,0,172
3907,3.907,1,4004,54004,ladder_a05_lin_r02,prps,1405,-23,-0.441651,-4,0,-4,-0.01047198,-0.60000,prps,0,173
3912,3.912,1,4004,54004,ladder_a05_lin_r02,prps,1397,-31,-0.576842,-3,0,-3,-0.00785398,-0.45000,prps,0,174
3917,3.917,1,4004,54004,ladder_a05_lin_r02,prps,1393,-35,-0.668360,-1,0,-1,-0.00261799,-0.15000,prps,0,175
3922,3.922,1,4004,54004,ladder_a05_lin_r02,prps,1391,-37,-0.697001,2,0,2,0.00523599,0.30000,prps,0,176
3927,3.927,1,4004,54004,ladder_a05_lin_r02,prps,1393,-35,-0.651679,6,0,6,0.01570796,0.90000,prps,0,177
3932,3.932,1,4004,54004,ladder_a05_lin_r02,prps,1400,-28,-0.531984,9,0,9,0.02356194,1.35000,prps,0,178
3937,3.937,1,4004,54004,ladder_a05_lin_r02,prps,1410,-18,-0.348968,12,0,12,0.03141592,1.80000,prps,0,179
3942,3.942,1,4004,54004,ladder_a05_lin_r02,prps,1421,-7,-0.123954,14,0,14,0.03665191,2.10000,prps,0,180
3947,3.947,1,4004,54004,ladder_a05_lin_r02,prps,1434,6,0.114493,14,0,14,0.03665191,2.10000,prps,0,181
3952,3.952,1,4004,54004,ladder_a05_lin_r02,prps,1446,18,0.334925,14,0,14,0.03665191,2.10000,prps,0,182
3957,3.957,1,4004,54004,ladder_a05_lin_r02,prps,1455,27,0.507949,12,0,12,0.03141592,1.80000,prps,0,183
3962,3.962,1,4004,54004,ladder_a05_lin_r02,prps,1460,32,0.610879,8,0,8,0.02094395,1.20000,prps,0,184
3967,3.967,1,4004,54004,ladder_a05_lin_r02,prps,1461,33,0.631277,3,0,3,0.00785398,0.45000,prps,0,185
3972,3.972,1,4004,54004,ladder_a05_lin_r02,prps,1458,30,0.568768,-1,0,-1,-0.00261799,-0.15000,prps,0,186
3977,3.977,1,4004,54004,ladder_a05_lin_r02,prps,1451,23,0.434828,-6,0,-6,-0.01570796,-0.90000,prps,0,187
3982,3.982,1,4004,54004,ladder_a05_lin_r02,prps,1441,13,0.250632,-10,0,-10,-0.02617994,-1.50000,prps,0,188
3987,3.987,1,4004,54004,ladder_a05_lin_r02,prps,1430,2,0.043372,-12,0,-12,-0.03141592,-1.80000,prps,0,189
3992,3.992,1,4004,54004,ladder_a05_lin_r02,prps,1420,-8,-0.158254,-14,0,-14,-0.03665191,-2.10000,prps,0,190
3997,3.997,1,4004,54004,ladder_a05_lin_r02,prps,1411,-17,-0.328561,-13,0,-13,-0.03403392,-1.95000,prps,0,191
4002,4.002,1,4004,54004,ladder_a05_lin_r02,prps,1404,-24,-0.448624,-11,0,-11,-0.02879793,-1.65000,prps,0,192
4007,4.007,1,4004,54004,ladder_a05_lin_r02,prps,1401,-27,-0.508625,-9,0,-9,-0.02356194,-1.35000,prps,0,193
4012,4.012,1,4004,54004,ladder_a05_lin_r02,prps,1401,-27,-0.508499,-6,0,-6,-0.01570796,-0.90000,prps,0,194
4017,4.017,1,4004,54004,ladder_a05_lin_r02,prps,1404,-24,-0.456877,-2,0,-2,-0.00523599,-0.30000,prps,0,195
4022,4.022,1,4004,54004,ladder_a05_lin_r02,prps,1408,-20,-0.368669,2,0,2,0.00523599,0.30000,prps,0,196
4027,4.027,1,4004,54004,ladder_a05_lin_r02,prps,1414,-14,-0.261844,5,0,5,0.01308997,0.75000,prps,0,197
4032,4.032,1,4004,54004,ladder_a05_lin_r02,prps,1420,-8,-0.154104,7,0,7,0.01832596,1.05000,prps,0,198
4037,4.037,1,4004,54004,ladder_a05_lin_r02,prps,1425,-3,-0.060063,8,0,8,0.02094395,1.20000,prps,0,199
4042,4.042,1,4004,54004,ladder_a05_lin_r02,prps,1429,1,0.010548,8,0,8,0.02094395,1.20000,prps,0,200
4047,4.047,1,4004,54004,ladder_a05_lin_r02,prps,1431,3,0.053459,7,0,7,0.01832596,1.05000,prps,0,201
4052,4.052,1,4004,54004,ladder_a05_lin_r02,prps,1432,4,0.069244,5,0,5,0.01308997,0.75000,prps,0,202
4057,4.057,1,4004,54004,ladder_a05_lin_r02,prps,1431,3,0.061833,4,0,4,0.01047198,0.60000,prps,0,203
4062,4.062,1,4004,54004,ladder_a05_lin_r02,prps,1430,2,0.036613,2,0,2,0.00523599,0.30000,prps,0,204
4067,4.067,1,4004,54004,ladder_a05_lin_r02,prps,1428,0,-0.001352,1,0,1,0.00261799,0.15000,prps,0,205
4072,4.072,1,4004,54004,ladder_a05_lin_r02,prps,1425,-3,-0.048540,-1,0,-1,-0.00261799,-0.15000,prps,0,206
4077,4.077,1,4004,54004,ladder_a05_lin_r02,prps,1423,-5,-0.103349,-1,0,-1,-0.00261799,-0.15000,prps,0,207
4082,4.082,1,4004,54004,ladder_a05_lin_r02,prps,1419,-9,-0.165606,-1,0,-1,-0.00261799,-0.15000,prps,0,208
4087,4.087,1,4004,54004,ladder_a05_lin_r02,prps,1416,-12,-0.235391,-1,0,-1,-0.00261799,-0.15000,prps,0,209
4092,4.092,1,4004,54004,ladder_a05_lin_r02,prps,1411,-17,-0.311574,-1,0,-1,-0.00261799,-0.15000,prps,0,210
4097,4.097,1,4004,54004,ladder_a05_lin_r02,prps,1407,-21,-0.390517,-1,0,-1,-0.00261799,-0.15000,prps,0,211
4102,4.102,1,4004,54004,ladder_a05_lin_r02,prps,1403,-25,-0.465398,0,0,0,0.00000000,0.00000,prps,0,212
4107,4.107,1,4004,54004,ladder_a05_lin_r02,prps,1400,-28,-0.526422,2,0,2,0.00523599,0.30000,prps,0,213
4112,4.112,1,4004,54004,ladder_a05_lin_r02,prps,1398,-30,-0.562028,5,0,5,0.01308997,0.75000,prps,0,214
4117,4.117,1,4004,54004,ladder_a05_lin_r02,prps,1398,-30,-0.560885,7,0,7,0.01832596,1.05000,prps,0,215
4122,4.122,1,4004,54004,ladder_a05_lin_r02,prps,1401,-27,-0.514299,9,0,9,0.02356194,1.35000,prps,0,216
4127,4.127,1,4004,54004,ladder_a05_lin_r02,prps,1406,-22,-0.418504,11,0,11,0.02879793,1.65000,prps,0,217
4132,4.132,1,4004,54004,ladder_a05_lin_r02,prps,1413,-15,-0.276270,12,0,12,0.03141592,1.80000,prps,0,218
4137,4.137,1,4004,54004,ladder_a05_lin_r02,prps,1423,-5,-0.097401,13,0,13,0.03403392,1.95000,prps,0,219
4142,4.142,1,4004,54004,ladder_a05_lin_r02,prps,1433,5,0.102109,13,0,13,0.03403392,1.95000,prps,0,220
4147,4.147,1,4004,54004,ladder_a05_lin_r02,prps,1444,16,0.302216,13,0,13,0.03403392,1.95000,prps,0,221
4152,4.152,1,4004,54004,ladder_a05_lin_r02,prps,1454,26,0.481924,10,0,10,0.02617994,1.50000,prps,0,222
4157,4.157,1,4004,54004,ladder_a05_lin_r02,prps,1461,33,0.622786,7,0,7,0.01832596,1.05000,prps,0,223
4162,4.162,1,4004,54004,ladder_a05_lin_r02,prps,1466,38,0.712131,2,0,2,0.00523599,0.30000,prps,0,224
4167,4.167,1,4004,54004,ladder_a05_lin_r02,prps,1468,40,0.745366,-2,0,-2,-0.00523599,-0.30000,prps,0,225
4172,4.172,1,4004,54004,ladder_a05_lin_r02,prps,1467,39,0.726849,-7,0,-7,-0.01832596,-1.05000,prps,0,226
4177,4.177,1,4004,54004,ladder_a05_lin_r02,prps,1463,35,0.669132,-11,0,-11,-0.02879793,-1.65000,prps,0,227
4182,4.182,1,4004,54004,ladder_a05_lin_r02,prps,1459,31,0.590636,-15,0,-15,-0.03926991,-2.25000,prps,0,228
4187,4.187,1,4004,54004,ladder_a05_lin_r02,prps,1455,27,0.512210,-18,0,-18,-0.04712389,-2.70000,prps,0,229
4192,4.192,1,4004,54004,ladder_a05_lin_r02,prps,1452,24,0.453191,-20,0,-20,-0.05235988,-3.00000,prps,0,230
4197,4.197,1,4004,54004,ladder_a05_lin_r02,prps,1451,23,0.427754,-21,0,-21,-0.05497787,-3.15000,prps,0,231
4202,4.202,1,4004,54004,ladder_a05_lin_r02,prps,1451,23,0.442252,-21,0,-21,-0.05497787,-3.15000,prps,0,232
4207,4.207,1,4004,54004,ladder_a05_lin_r02,prps,1454,26,0.494095,-21,0,-21,-0.05497787,-3.15000,prps,0,233
4212,4.212,1,4004,54004,ladder_a05_lin_r02,prps,1458,30,0.572394,-21,0,-21,-0.05497787,-3.15000,prps,0,234
4217,4.217,1,4004,54004,ladder_a05_lin_r02,prps,1463,35,0.660249,-21,0,-21,-0.05497787,-3.15000,prps,0,235
4222,4.222,1,4004,54004,ladder_a05_lin_r02,prps,1467,39,0.738252,-21,0,-21,-0.05497787,-3.15000,prps,0,236
4227,4.227,1,4004,54004,ladder_a05_lin_r02,prps,1470,42,0.788489,-21,0,-21,-0.05497787,-3.15000,prps,0,237
4232,4.232,1,4004,54004,ladder_a05_lin_r02,prps,1470,42,0.798268,-22,0,-22,-0.05759586,-3.30000,prps,0,238
4237,4.237,1,4004,54004,ladder_a05_lin_r02,prps,1468,40,0.762814,-23,0,-23,-0.06021386,-3.45000,prps,0,239
4242,4.242,1,4004,54004,ladder_a05_lin_r02,prps,1464,36,0.686385,-24,0,-24,-0.06283185,-3.60000,prps,0,240
4247,4.247,1,4004,54004,ladder_a05_lin_r02,prps,1459,31,0.581596,-25,0,-25,-0.06544985,-3.75000,prps,0,241
4252,4.252,1,4004,54004,ladder_a05_lin_r02,prps,1453,25,0.467062,-25,0,-25,-0.06544985,-3.75000,prps,0,242
4257,4.257,1,4004,54004,ladder_a05_lin_r02,prps,1447,19,0.363824,-25,0,-25,-0.06544985,-3.75000,prps,0,243
4262,4.262,1,4004,54004,ladder_a05_lin_r02,prps,1443,15,0.291274,-24,0,-24,-0.06283185,-3.60000,prps,0,244
4267,4.267,1,4004,54004,ladder_a05_lin_r02,prps,1442,14,0.263360,-24,0,-24,-0.06283185,-3.60000,prps,0,245
4272,4.272,1,4004,54004,ladder_a05_lin_r02,prps,1443,15,0.285829,-22,0,-22,-0.05759586,-3.30000,prps,0,246
4277,4.277,1,4004,54004,ladder_a05_lin_r02,prps,1447,19,0.355051,-19,0,-19,-0.04974188,-2.85000,prps,0,247
4282,4.282,1,4004,54004,ladder_a05_lin_r02,prps,1452,24,0.458617,-17,0,-17,-0.04450589,-2.55000,prps,0,248
4287,4.287,1,4004,54004,ladder_a05_lin_r02,prps,1459,31,0.577631,-16,0,-16,-0.04188790,-2.40000,prps,0,249
4292,4.292,1,4004,54004,ladder_a05_lin_r02,prps,1465,37,0.690201,-16,0,-16,-0.04188790,-2.40000,prps,0,250
4297,4.297,1,4004,54004,ladder_a05_lin_r02,prps,1469,41,0.775469,-16,0,-16,-0.04188790,-2.40000,prps,0,251
4302,4.302,1,4004,54004,ladder_a05_lin_r02,prps,1471,43,0.817411,-17,0,-17,-0.04450589,-2.55000,prps,0,252
4307,4.307,1,4004,54004,ladder_a05_lin_r02,prps,1471,43,0.807666,-19,0,-19,-0.04974188,-2.85000,prps,0,253
4312,4.312,1,4004,54004,ladder_a05_lin_r02,prps,1468,40,0.746908,-21,0,-21,-0.05497787,-3.15000,prps,0,254
4317,4.317,1,4004,54004,ladder_a05_lin_r02,prps,1462,34,0.644518,-23,0,-23,-0.06021386,-3.45000,prps,0,255
4322,4.322,1,4004,54004,ladder_a05_lin_r02,prps,1455,27,0.516685,-25,0,-25,-0.06544985,-3.75000,prps,0,256
4327,4.327,1,4004,54004,ladder_a05_lin_r02,prps,1448,20,0.383327,-25,0,-25,-0.06544985,-3.75000,prps,0,257
4332,4.332,1,4004,54004,ladder_a05_lin_r02,prps,1442,14,0.264464,-25,0,-25,-0.06544985,-3.75000,prps,0,258
4337,4.337,1,4004,54004,ladder_a05_lin_r02,prps,1437,9,0.176747,-24,0,-24,-0.06283185,-3.60000,prps,0,259
4342,4.342,1,4004,54004,ladder_a05_lin_r02,prps,1435,7,0.130769,-22,0,-22,-0.05759586,-3.30000,prps,0,260
4347,4.347,1,4004,54004,ladder_a05_lin_r02,prps,1435,7,0.129636,-20,0,-20,-0.05235988,-3.00000,prps,0,261
4352,4.352,1,4004,54004,ladder_a05_lin_r02,prps,1437,9,0.168973,-17,0,-17,-0.04450589,-2.55000,prps,0,262
4357,4.357,1,4004,54004,ladder_a05_lin_r02,prps,1441,13,0.238291,-14,0,-14,-0.03665191,-2.10000,prps,0,263
4362,4.362,1,4004,54004,ladder_a05_lin_r02,prps,1445,17,0.323343,-13,0,-13,-0.03403392,-1.95000,prps,0,264
4367,4.367,1,4004,54004,ladder_a05_lin_r02,prps,1450,22,0.408951,-12,0,-12,-0.03141592,-1.80000,prps,0,265
4372,4.372,1,4004,54004,ladder_a05_lin_r02,prps,1454,26,0.481723,-12,0,-12,-0.03141592,-1.80000,prps,0,266
4377,4.377,1,4004,54004,ladder_a05_lin_r02,prps,1456,28,0.532135,-12,0,-12,-0.03141592,-1.80000,prps,0,267
4382,4.382,1,4004,54004,ladder_a05_lin_r02,prps,1457,29,0.555633,-12,0,-12,-0.03141592,-1.80000,prps,0,268
4387,4.387,1,4004,54004,ladder_a05_lin_r02,prps,1457,29,0.552617,-13,0,-13,-0.03403392,-1.95000,prps,0,269
4392,4.392,1,4004,54004,ladder_a05_lin_r02,prps,1456,28,0.527440,-15,0,-15,-0.03926991,-2.25000,prps,0,270
4397,4.397,1,4004,54004,ladder_a05_lin_r02,prps,1454,26,0.486727,-16,0,-16,-0.04188790,-2.40000,prps,0,271
4402,4.402,1,4004,54004,ladder_a05_lin_r02,prps,1451,23,0.437454,-18,0,-18,-0.04712389,-2.70000,prps,0,272
4407,4.407,1,4004,54004,ladder_a05_lin_r02,prps,1448,20,0.385255,-18,0,-18,-0.04712389,-2.70000,prps,0,273
4412,4.412,1,4004,54004,ladder_a05_lin_r02,prps,1446,18,0.333315,-18,0,-18,-0.04712389,-2.70000,prps,0,274
4417,4.417,1,4004,54004,ladder_a05_lin_r02,prps,1443,15,0.282076,-18,0,-18,-0.04712389,-2.70000,prps,0,275
4422,4.422,1,4004,54004,ladder_a05_lin_r02,prps,1440,12,0.229778,-18,0,-18,-0.04712389,-2.70000,prps,0,276
4427,4.427,1,4004,54004,ladder_a05_lin_r02,prps,1437,9,0.173631,-17,0,-17,-0.04450589,-2.55000,prps,0,277
4432,4.432,1,4004,54004,ladder_a05_lin_r02,prps,1434,6,0.111320,-17,0,-17,-0.04450589,-2.55000,prps,0,278
4437,4.437,1,4004,54004,ladder_a05_lin_r02,prps,1430,2,0.042424,-16,0,-16,-0.04188790,-2.40000,prps,0,279
4442,4.442,1,4004,54004,ladder_a05_lin_r02,prps,1426,-2,-0.030605,-14,0,-14,-0.03665191,-2.10000,prps,0,280
4447,4.447,1,4004,54004,ladder_a05_lin_r02,prps,1423,-5,-0.102182,-13,0,-13,-0.03403392,-1.95000,prps,0,281
4452,4.452,1,4004,54004,ladder_a05_lin_r02,prps,1419,-9,-0.164134,-11,0,-11,-0.02879793,-1.65000,prps,0,282
4457,4.457,1,4004,54004,ladder_a05_lin_r02,prps,1417,-11,-0.206976,-8,0,-8,-0.02094395,-1.20000,prps,0,283
4462,4.462,1,4004,54004,ladder_a05_lin_r02,prps,1416,-12,-0.221661,-6,0,-6,-0.01570796,-0.90000,prps,0,284
4467,4.467,1,4004,54004,ladder_a05_lin_r02,prps,1417,-11,-0.201447,-4,0,-4,-0.01047198,-0.60000,prps,0,285
4472,4.472,1,4004,54004,ladder_a05_lin_r02,prps,1420,-8,-0.143496,-1,0,-1,-0.00261799,-0.15000,prps,0,286
4477,4.477,1,4004,54004,ladder_a05_lin_r02,prps,1425,-3,-0.049856,0,0,0,0.00000000,0.00000,prps,0,287
4482,4.482,1,4004,54004,ladder_a05_lin_r02,prps,1432,4,0.072386,1,0,1,0.00261799,0.15000,prps,0,288
4487,4.487,1,4004,54004,ladder_a05_lin_r02,prps,1439,11,0.211825,1,0,1,0.00261799,0.15000,prps,0,289
4492,4.492,1,4004,54004,ladder_a05_lin_r02,prps,1447,19,0.354236,1,0,1,0.00261799,0.15000,prps,0,290
4497,4.497,1,4004,54004,ladder_a05_lin_r02,prps,1454,26,0.484563,-1,0,-1,-0.00261799,-0.15000,prps,0,291
4502,4.502,1,4004,54004,ladder_a05_lin_r02,prps,1459,31,0.589072,-3,0,-3,-0.00785398,-0.45000,prps,0,292
4507,4.507,1,4004,54004,ladder_a05_lin_r02,prps,1463,35,0.657279,-4,0,-4,-0.01047198,-0.60000,prps,0,293
4512,4.512,1,4004,54004,ladder_a05_lin_r02,prps,1464,36,0.683363,-7,0,-7,-0.01832596,-1.05000,prps,0,294
4517,4.517,1,4004,54004,ladder_a05_lin_r02,prps,1463,35,0.666835,-11,0,-11,-0.02879793,-1.65000,prps,0,295
4522,4.522,1,4004,54004,ladder_a05_lin_r02,prps,1460,32,0.612415,-14,0,-14,-0.03665191,-2.10000,prps,0,296
4527,4.527,1,4004,54004,ladder_a05_lin_r02,prps,1456,28,0.529179,-17,0,-17,-0.04450589,-2.55000,prps,0,297
4532,4.532,1,4004,54004,ladder_a05_lin_r02,prps,1451,23,0.429158,-19,0,-19,-0.04974188,-2.85000,prps,0,298
4537,4.537,1,4004,54004,ladder_a05_lin_r02,prps,1445,17,0.325655,-20,0,-20,-0.05235988,-3.00000,prps,0,299
4542,4.542,1,4004,54004,ladder_a05_lin_r02,prps,1440,12,0.231529,-20,0,-20,-0.05235988,-3.00000,prps,0,300
4547,4.547,1,4004,54004,ladder_a05_lin_r02,prps,1436,8,0.157688,-20,0,-20,-0.05235988,-3.00000,prps,0,301
4552,4.552,1,4004,54004,ladder_a05_lin_r02,prps,1434,6,0.111947,-19,0,-19,-0.04974188,-2.85000,prps,0,302
4557,4.557,1,4004,54004,ladder_a05_lin_r02,prps,1433,5,0.098339,-17,0,-17,-0.04450589,-2.55000,prps,0,303
4562,4.562,1,4004,54004,ladder_a05_lin_r02,prps,1434,6,0.116879,-16,0,-16,-0.04188790,-2.40000,prps,0,304
4567,4.567,1,4004,54004,ladder_a05_lin_r02,prps,1437,9,0.163731,-14,0,-14,-0.03665191,-2.10000,prps,0,305
4572,4.572,1,4004,54004,ladder_a05_lin_r02,prps,1440,12,0.231705,-12,0,-12,-0.03141592,-1.80000,prps,0,306
4577,4.577,1,4004,54004,ladder_a05_lin_r02,prps,1444,16,0.310999,-11,0,-11,-0.02879793,-1.65000,prps,0,307
4582,4.582,1,4004,54004,ladder_a05_lin_r02,prps,1449,21,0.390140,-10,0,-10,-0.02617994,-1.50000,prps,0,308
4587,4.587,1,4004,54004,ladder_a05_lin_r02,prps,1452,24,0.457061,-10,0,-10,-0.02617994,-1.50000,prps,0,309
4592,4.592,1,4004,54004,ladder_a05_lin_r02,prps,1455,27,0.500292,-10,0,-10,-0.02617994,-1.50000,prps,0,310
4597,4.597,1,4004,54004,ladder_a05_lin_r02,prps,1455,27,0.510209,-11,0,-11,-0.02879793,-1.65000,prps,0,311
4602,4.602,1,4004,54004,ladder_a05_lin_r02,prps,1453,25,0.480259,-12,0,-12,-0.03141592,-1.80000,prps,0,312
4607,4.607,1,4004,54004,ladder_a05_lin_r02,prps,1450,22,0.408039,-13,0,-13,-0.03403392,-1.95000,prps,0,313
4612,4.612,1,4004,54004,ladder_a05_lin_r02,prps,1444,16,0.296063,-15,0,-15,-0.03926991,-2.25000,prps,0,314
4617,4.617,1,4004,54004,ladder_a05_lin_r02,prps,1436,8,0.152044,-16,0,-16,-0.04188790,-2.40000,prps,0,315
4622,4.622,1,4004,54004,ladder_a05_lin_r02,prps,1427,-1,-0.011460,-16,0,-16,-0.04188790,-2.40000,prps,0,316
4627,4.627,1,4004,54004,ladder_a05_lin_r02,prps,1419,-9,-0.178135,-15,0,-15,-0.03926991,-2.25000,prps,0,317
4632,4.632,1,4004,54004,ladder_a05_lin_r02,prps,1411,-17,-0.329697,-14,0,-14,-0.03665191,-2.10000,prps,0,318
4637,4.637,1,4004,54004,ladder_a05_lin_r02,prps,1404,-24,-0.448224,-13,0,-13,-0.03403392,-1.95000,prps,0,319
4642,4.642,1,4004,54004,ladder_a05_lin_r02,prps,1401,-27,-0.518749,-9,0,-9,-0.02356194,-1.35000,prps,0,320
4647,4.647,1,4004,54004,ladder_a05_lin_r02,prps,1400,-28,-0.531714,-5,0,-5,-0.01308997,-0.75000,prps,0,321
4652,4.652,1,4004,54004,ladder_a05_lin_r02,prps,1402,-26,-0.484850,-1,0,-1,-0.00261799,-0.15000,prps,0,322
4657,4.657,1,4004,54004,ladder_a05_lin_r02,prps,1408,-20,-0.384100,3,0,3,0.00785398,0.45000,prps,0,323
4662,4.662,1,4004,54004,ladder_a05_lin_r02,prps,1415,-13,-0.243303,6,0,6,0.01570796,0.90000,prps,0,324
4667,4.667,1,4004,54004,ladder_a05_lin_r02,prps,1424,-4,-0.082558,8,0,8,0.02094395,1.20000,prps,0,325
4672,4.672,1,4004,54004,ladder_a05_lin_r02,prps,1432,4,0.074568,8,0,8,0.02094395,1.20000,prps,0,326
4677,4.677,1,4004,54004,ladder_a05_lin_r02,prps,1439,11,0.204616,8,0,8,0.02094395,1.20000,prps,0,327
4682,4.682,1,4004,54004,ladder_a05_lin_r02,prps,1443,15,0.288025,6,0,6,0.01570796,0.90000,prps,0,328
4687,4.687,1,4004,54004,ladder_a05_lin_r02,prps,1445,17,0.312501,3,0,3,0.00785398,0.45000,prps,0,329
4692,4.692,1,4004,54004,ladder_a05_lin_r02,prps,1443,15,0.275316,0,0,0,0.00000000,0.00000,prps,0,330
4697,4.697,1,4004,54004,ladder_a05_lin_r02,prps,1438,10,0.184093,-2,0,-2,-0.00523599,-0.30000,prps,0,331
4702,4.702,1,4004,54004,ladder_a05_lin_r02,prps,1431,3,0.055828,-4,0,-4,-0.01047198,-0.60000,prps,0,332
4707,4.707,1,4004,54004,ladder_a05_lin_r02,prps,1423,-5,-0.085748,-6,0,-6,-0.01570796,-0.90000,prps,0,333
4712,4.712,1,4004,54004,ladder_a05_lin_r02,prps,1417,-11,-0.214088,-6,0,-6,-0.01570796,-0.90000,prps,0,334
4717,4.717,1,4004,54004,ladder_a05_lin_r02,prps,1412,-16,-0.304375,-6,0,-6,-0.01570796,-0.90000,prps,0,335
4722,4.722,1,4004,54004,ladder_a05_lin_r02,prps,1410,-18,-0.337897,-6,0,-6,-0.01570796,-0.90000,prps,0,336
4727,4.727,1,4004,54004,ladder_a05_lin_r02,prps,1412,-16,-0.305473,-4,0,-4,-0.01047198,-0.60000,prps,0,337
4732,4.732,1,4004,54004,ladder_a05_lin_r02,prps,1417,-11,-0.209278,-2,0,-2,-0.00523599,-0.30000,prps,0,338
4737,4.737,1,4004,54004,ladder_a05_lin_r02,prps,1425,-3,-0.062693,1,0,1,0.00261799,0.15000,prps,0,339
4742,4.742,1,4004,54004,ladder_a05_lin_r02,prps,1434,6,0.111812,3,0,3,0.00785398,0.45000,prps,0,340
4747,4.747,1,4004,54004,ladder_a05_lin_r02,prps,1443,15,0.286449,3,0,3,0.00785398,0.45000,prps,0,341
4752,4.752,1,4004,54004,ladder_a05_lin_r02,prps,1451,23,0.432840,3,0,3,0.00785398,0.45000,prps,0,342
4757,4.757,1,4004,54004,ladder_a05_lin_r02,prps,1456,28,0.526889,1,0,1,0.00261799,0.15000,prps,0,343
4762,4.762,1,4004,54004,ladder_a05_lin_r02,prps,1457,29,0.552902,-1,0,-1,-0.00261799,-0.15000,prps,0,344
4767,4.767,1,4004,54004,ladder_a05_lin_r02,prps,1455,27,0.506210,-4,0,-4,-0.01047198,-0.60000,prps,0,345
4772,4.772,1,4004,54004,ladder_a05_lin_r02,prps,1449,21,0.393834,-7,0,-7,-0.01832596,-1.05000,prps,0,346
4777,4.777,1,4004,54004,ladder_a05_lin_r02,prps,1440,12,0.233080,-10,0,-10,-0.02617994,-1.50000,prps,0,347
4782,4.782,1,4004,54004,ladder_a05_lin_r02,prps,1431,3,0.048342,-12,0,-12,-0.03141592,-1.80000,prps,0,348
4787,4.787,1,4004,54004,ladder_a05_lin_r02,prps,1421,-7,-0.133267,-13,0,-13,-0.03403392,-1.95000,prps,0,349
4792,4.792,1,4004,54004,ladder_a05_lin_r02,prps,1413,-15,-0.286633,-13,0,-13,-0.03403392,-1.95000,prps,0,350
4797,4.797,1,4004,54004,ladder_a05_lin_r02,prps,1407,-21,-0.392837,-11,0,-11,-0.02879793,-1.65000,prps,0,351
4802,4.802,1,4004,54004,ladder_a05_lin_r02,prps,1405,-23,-0.442060,-9,0,-9,-0.02356194,-1.35000,prps,0,352
4807,4.807,1,4004,54004,ladder_a05_lin_r02,prps,1405,-23,-0.434697,-6,0,-6,-0.01570796,-0.90000,prps,0,353
4812,4.812,1,4004,54004,ladder_a05_lin_r02,prps,1408,-20,-0.380548,-2,0,-2,-0.00523599,-0.30000,prps,0,354
4817,4.817,1,4004,54004,ladder_a05_lin_r02,prps,1412,-16,-0.296294,1,0,1,0.00261799,0.15000,prps,0,355
4822,4.822,1,4004,54004,ladder_a05_lin_r02,prps,1417,-11,-0.201842,4,0,4,0.01047198,0.60000,prps,0,356
4827,4.827,1,4004,54004,ladder_a05_lin_r02,prps,1422,-6,-0.116275,6,0,6,0.01570796,0.90000,prps,0,357
4832,4.832,1,4004,54004,ladder_a05_lin_r02,prps,1425,-3,-0.054239,6,0,6,0.01570796,0.90000,prps,0,358
4837,4.837,1,4004,54004,ladder_a05_lin_r02,prps,1427,-1,-0.023454,6,0,6,0.01570796,0.90000,prps,0,359
4842,4.842,1,4004,54004,ladder_a05_lin_r02,prps,1427,-1,-0.023808,5,0,5,0.01308997,0.75000,prps,0,360
4847,4.847,1,4004,54004,ladder_a05_lin_r02,prps,1425,-3,-0.048142,4,0,4,0.01047198,0.60000,prps,0,361
4852,4.852,1,4004,54004,ladder_a05_lin_r02,prps,1424,-4,-0.084478,2,0,2,0.00523599,0.30000,prps,0,362
4857,4.857,1,4004,54004,ladder_a05_lin_r02,prps,1422,-6,-0.119185,1,0,1,0.00261799,0.15000,prps,0,363
4862,4.862,1,4004,54004,ladder_a05_lin_r02,prps,1421,-7,-0.140345,1,0,1,0.00261799,0.15000,prps,0,364
4867,4.867,1,4004,54004,ladder_a05_lin_r02,prps,1421,-7,-0.140604,1,0,1,0.00261799,0.15000,prps,0,365
4872,4.872,1,4004,54004,ladder_a05_lin_r02,prps,1422,-6,-0.118902,1,0,1,0.00261799,0.15000,prps,0,366
4877,4.877,1,4004,54004,ladder_a05_lin_r02,prps,1424,-4,-0.080715,1,0,1,0.00261799,0.15000,prps,0,367
4882,4.882,1,4004,54004,ladder_a05_lin_r02,prps,1426,-2,-0.036798,1,0,1,0.00261799,0.15000,prps,0,368
4887,4.887,1,4004,54004,ladder_a05_lin_r02,prps,1428,0,-0.000708,1,0,1,0.00261799,0.15000,prps,0,369
4892,4.892,1,4004,54004,ladder_a05_lin_r02,prps,1429,1,0.014331,1,0,1,0.00261799,0.15000,prps,0,370
4897,4.897,1,4004,54004,ladder_a05_lin_r02,prps,1428,0,-0.001455,1,0,1,0.00261799,0.15000,prps,0,371
4902,4.902,1,4004,54004,ladder_a05_lin_r02,prps,1425,-3,-0.051986,1,0,1,0.00261799,0.15000,prps,0,372
4907,4.907,1,4004,54004,ladder_a05_lin_r02,prps,1421,-7,-0.134145,0,0,0,0.00000000,0.00000,prps,0,373
4912,4.912,1,4004,54004,ladder_a05_lin_r02,prps,1415,-13,-0.238082,0,0,0,0.00000000,0.00000,prps,0,374
4917,4.917,1,4004,54004,ladder_a05_lin_r02,prps,1410,-18,-0.348957,0,0,0,0.00000000,0.00000,prps,0,375
4922,4.922,1,4004,54004,ladder_a05_lin_r02,prps,1404,-24,-0.449753,1,0,1,0.00261799,0.15000,prps,0,376
4927,4.927,1,4004,54004,ladder_a05_lin_r02,prps,1400,-28,-0.524585,2,0,2,0.00523599,0.30000,prps,0,377
4932,4.932,1,4004,54004,ladder_a05_lin_r02,prps,1398,-30,-0.561818,4,0,4,0.01047198,0.60000,prps,0,378
4937,4.937,1,4004,54004,ladder_a05_lin_r02,prps,1399,-29,-0.556357,6,0,6,0.01570796,0.90000,prps,0,379
4942,4.942,1,4004,54004,ladder_a05_lin_r02,prps,1401,-27,-0.510656,8,0,8,0.02094395,1.20000,prps,0,380
4947,4.947,1,4004,54004,ladder_a05_lin_r02,prps,1405,-23,-0.434237,10,0,10,0.02617994,1.50000,prps,0,381
4952,4.952,1,4004,54004,ladder_a05_lin_r02,prps,1410,-18,-0.341845,12,0,12,0.03141592,1.80000,prps,0,382
4957,4.957,1,4004,54004,ladder_a05_lin_r02,prps,1415,-13,-0.250636,12,0,12,0.03141592,1.80000,prps,0,383
4962,4.962,1,4004,54004,ladder_a05_lin_r02,prps,1419,-9,-0.176969,12,0,12,0.03141592,1.80000,prps,0,384
4967,4.967,1,4004,54004,ladder_a05_lin_r02,prps,1421,-7,-0.133459,12,0,12,0.03141592,1.80000,prps,0,385
4972,4.972,1,4004,54004,ladder_a05_lin_r02,prps,1421,-7,-0.126863,11,0,11,0.02879793,1.65000,prps,0,386
4977,4.977,1,4004,54004,ladder_a05_lin_r02,prps,1420,-8,-0.157192,10,0,10,0.02617994,1.50000,prps,0,387
4982,4.982,1,4004,54004,ladder_a05_lin_r02,prps,1416,-12,-0.218158,8,0,8,0.02094395,1.20000,prps,0,388
4987,4.987,1,4004,54004,ladder_a05_lin_r02,prps,1412,-16,-0.298802,7,0,7,0.01832596,1.05000,prps,0,389
4992,4.992,1,4004,54004,ladder_a05_lin_r02,prps,1408,-20,-0.385895,6,0,6,0.01570796,0.90000,prps,0,390
4997,4.997,1,4004,54004,ladder_a05_lin_r02,prps,1403,-25,-0.466561,5,0,5,0.01308997,0.75000,prps,0,391
5002,5.002,1,4004,54004,ladder_a05_lin_r02,prps,1400,-28,-0.530554,5,0,5,0.01308997,0.75000,prps,0,392
5007,5.007,1,4004,54004,ladder_a05_lin_r02,prps,1398,-30,-0.571713,6,0,6,0.01570796,0.90000,prps,0,393
5012,5.012,1,4004,54004,ladder_a05_lin_r02,prps,1397,-31,-0.588355,7,0,7,0.01832596,1.05000,prps,0,394
5017,5.017,1,4004,54004,ladder_a05_lin_r02,prps,1397,-31,-0.582574,9,0,9,0.02356194,1.35000,prps,0,395
5022,5.022,1,4004,54004,ladder_a05_lin_r02,prps,1398,-30,-0.558714,11,0,11,0.02879793,1.65000,prps,0,396
5027,5.027,1,4004,54004,ladder_a05_lin_r02,prps,1400,-28,-0.521442,12,0,12,0.03141592,1.80000,prps,0,397
5032,5.032,1,4004,54004,ladder_a05_lin_r02,prps,1403,-25,-0.473957,13,0,13,0.03403392,1.95000,prps,0,398
5037,5.037,1,4004,54004,ladder_a05_lin_r02,prps,1406,-22,-0.416793,14,0,14,0.03665191,2.10000,prps,0,399
5042,5.042,1,4004,54004,ladder_a05_lin_r02,prps,1410,-18,-0.347579,14,0,14,0.03665191,2.10000,prps,0,400
5047,5.047,1,4004,54004,ladder_a05_lin_r02,prps,1414,-14,-0.261823,14,0,14,0.03665191,2.10000,prps,0,401
5052,5.052,1,4004,54004,ladder_a05_lin_r02,prps,1420,-8,-0.154577,14,0,14,0.03665191,2.10000,prps,0,402
5057,5.057,1,4004,54004,ladder_a05_lin_r02,prps,1427,-1,-0.022573,14,0,14,0.03665191,2.10000,prps,0,403
5062,5.062,1,4004,54004,ladder_a05_lin_r02,prps,1435,7,0.133685,13,0,13,0.03403392,1.95000,prps,0,404
5067,5.067,1,4004,54004,ladder_a05_lin_r02,prps,1444,16,0.308452,10,0,10,0.02617994,1.50000,prps,0,405
5072,5.072,1,4004,54004,ladder_a05_lin_r02,prps,1454,26,0.490331,7,0,7,0.01832596,1.05000,prps,0,406
5077,5.077,1,4004,54004,ladder_a05_lin_r02,prps,1463,35,0.663156,4,0,4,0.01047198,0.60000,prps,0,407
5082,5.082,1,4004,54004,ladder_a05_lin_r02,prps,1471,43,0.808138,0,0,0,0.00000000,0.00000,prps,0,408
5087,5.087,1,4004,54004,ladder_a05_lin_r02,prps,1476,48,0.906925,-5,0,-5,-0.01308997,-0.75000,prps,0,409
5092,5.092,1,4004,54004,ladder_a05_lin_r02,prps,1478,50,0.945034,-9,0,-9,-0.02356194,-1.35000,prps,0,410
5097,5.097,1,4004,54004,ladder_a05_lin_r02,prps,1476,48,0.914961,-14,0,-14,-0.03665191,-2.10000,prps,0,411
5102,5.102,1,4004,54004,ladder_a05_lin_r02,prps,1471,43,0.818317,-18,0,-18,-0.04712389,-2.70000,prps,0,412
5107,5.107,1,4004,54004,ladder_a05_lin_r02,prps,1463,35,0.666493,-22,0,-22,-0.05759586,-3.30000,prps,0,413
5112,5.112,1,4004,54004,ladder_a05_lin_r02,prps,1453,25,0.479597,-25,0,-25,-0.06544985,-3.75000,prps,0,414
5117,5.117,1,4004,54004,ladder_a05_lin_r02,prps,1443,15,0.283769,-25,0,-25,-0.06544985,-3.75000,prps,0,415
5122,5.122,1,4004,54004,ladder_a05_lin_r02,prps,1434,6,0.107292,-25,0,-25,-0.06544985,-3.75000,prps,0,416
5127,5.127,1,4004,54004,ladder_a05_lin_r02,prps,1427,-1,-0.023872,-24,0,-24,-0.06283185,-3.60000,prps,0,417
5132,5.132,1,4004,54004,ladder_a05_lin_r02,prps,1423,-5,-0.090292,-22,0,-22,-0.05759586,-3.30000,prps,0,418
5137,5.137,1,4004,54004,ladder_a05_lin_r02,prps,1424,-4,-0.082299,-18,0,-18,-0.04712389,-2.70000,prps,0,419
5142,5.142,1,4004,54004,ladder_a05_lin_r02,prps,1428,0,-0.001624,-14,0,-14,-0.03665191,-2.10000,prps,0,420
5147,5.147,1,4004,54004,ladder_a05_lin_r02,prps,1435,7,0.138863,-11,0,-11,-0.02879793,-1.65000,prps,0,421
5152,5.152,1,4004,54004,ladder_a05_lin_r02,prps,1445,17,0.317267,-8,0,-8,-0.02094395,-1.20000,prps,0,422
5157,5.157,1,4004,54004,ladder_a05_lin_r02,prps,1455,27,0.506263,-7,0,-7,-0.01832596,-1.05000,prps,0,423
5162,5.162,1,4004,54004,ladder_a05_lin_r02,prps,1464,36,0.677538,-7,0,-7,-0.01832596,-1.05000,prps,0,424
5167,5.167,1,4004,54004,ladder_a05_lin_r02,prps,1471,43,0.806281,-9,0,-9,-0.02356194,-1.35000,prps,0,425
5172,5.172,1,4004,54004,ladder_a05_lin_r02,prps,1474,46,0.874960,-10,0,-10,-0.02617994,-1.50000,prps,0,426
5177,5.177,1,4004,54004,ladder_a05_lin_r02,prps,1474,46,0.875742,-13,0,-13,-0.03403392,-1.95000,prps,0,427
5182,5.182,1,4004,54004,ladder_a05_lin_r02,prps,1471,43,0.811202,-17,0,-17,-0.04450589,-2.55000,prps,0,428
5187,5.187,1,4004,54004,ladder_a05_lin_r02,prps,1465,37,0.693285,-21,0,-21,-0.05497787,-3.15000,prps,0,429
5192,5.192,1,4004,54004,ladder_a05_lin_r02,prps,1457,29,0.540774,-23,0,-23,-0.06021386,-3.45000,prps,0,430
5197,5.197,1,4004,54004,ladder_a05_lin_r02,prps,1448,20,0.375827,-24,0,-24,-0.06283185,-3.60000,prps,0,431
5202,5.202,1,4004,54004,ladder_a05_lin_r02,prps,1440,12,0.220228,-24,0,-24,-0.06283185,-3.60000,prps,0,432
5207,5.207,1,4004,54004,ladder_a05_lin_r02,prps,1433,5,0.092042,-24,0,-24,-0.06283185,-3.60000,prps,0,433
5212,5.212,1,4004,54004,ladder_a05_lin_r02,prps,1428,0,0.003236,-22,0,-22,-0.05759586,-3.30000,prps,0,434
5217,5.217,1,4004,54004,ladder_a05_lin_r02,prps,1426,-2,-0.041405,-19,0,-19,-0.04974188,-2.85000,prps,0,435
5222,5.222,1,4004,54004,ladder_a05_lin_r02,prps,1426,-2,-0.043993,-16,0,-16,-0.04188790,-2.40000,prps,0,436
5227,5.227,1,4004,54004,ladder_a05_lin_r02,prps,1427,-1,-0.012088,-13,0,-13,-0.03403392,-1.95000,prps,0,437
5232,5.232,1,4004,54004,ladder_a05_lin_r02,prps,1430,2,0.043515,-10,0,-10,-0.02617994,-1.50000,prps,0,438
5237,5.237,1,4004,54004,ladder_a05_lin_r02,prps,1434,6,0.111247,-8,0,-8,-0.02094395,-1.20000,prps,0,439
5242,5.242,1,4004,54004,ladder_a05_lin_r02,prps,1438,10,0.180956,-7,0,-7,-0.01832596,-1.05000,prps,0,440
5247,5.247,1,4004,54004,ladder_a05_lin_r02,prps,1441,13,0.245422,-6,0,-6,-0.01570796,-0.90000,prps,0,441
5252,5.252,1,4004,54004,ladder_a05_lin_r02,prps,1444,16,0.300972,-6,0,-6,-0.01570796,-0.90000,prps,0,442
5257,5.257,1,4004,54004,ladder_a05_lin_r02,prps,1446,18,0.347174,-6,0,-6,-0.01570796,-0.90000,prps,0,443
5262,5.262,1,4004,54004,ladder_a05_lin_r02,prps,1448,20,0.385809,-7,0,-7,-0.01832596,-1.05000,prps,0,444
5267,5.267,1,4004,54004,ladder_a05_lin_r02,prps,1450,22,0.419447,-8,0,-8,-0.02094395,-1.20000,prps,0,445
5272,5.272,1,4004,54004,ladder_a05_lin_r02,prps,1452,24,0.450021,-9,0,-9,-0.02356194,-1.35000,prps,0,446
5277,5.277,1,4004,54004,ladder_a05_lin_r02,prps,1453,25,0.477754,-10,0,-10,-0.02617994,-1.50000,prps,0,447
5282,5.282,1,4004,54004,ladder_a05_lin_r02,prps,1455,27,0.500698,-11,0,-11,-0.02879793,-1.65000,prps,0,448
5287,5.287,1,4004,54004,ladder_a05_lin_r02,prps,1455,27,0.514975,-13,0,-13,-0.03403392,-1.95000,prps,0,449
5292,5.292,1,4004,54004,ladder_a05_lin_r02,prps,1455,27,0.515628,-15,0,-15,-0.03926991,-2.25000,prps,0,450
5297,5.297,1,4004,54004,ladder_a05_lin_r02,prps,1454,26,0.497877,-16,0,-16,-0.04188790,-2.40000,prps,0,451
5302,5.302,1,4004,54004,ladder_a05_lin_r02,prps,1452,24,0.458449,-17,0,-17,-0.04450589,-2.55000,prps,0,452
5307,5.307,1,4004,54004,ladder_a05_lin_r02,prps,1449,21,0.396670,-18,0,-18,-0.04712389,-2.70000,prps,0,453
5312,5.312,1,4004,54004,ladder_a05_lin_r02,prps,1445,17,0.315056,-18,0,-18,-0.04712389,-2.70000,prps,0,454
5317,5.317,1,4004,54004,ladder_a05_lin_r02,prps,1440,12,0.219256,-18,0,-18,-0.04712389,-2.70000,prps,0,455
5322,5.322,1,4004,54004,ladder_a05_lin_r02,prps,1434,6,0.117365,-18,0,-18,-0.04712389,-2.70000,prps,0,456
5327,5.327,1,4004,54004,ladder_a05_lin_r02,prps,1429,1,0.018728,-17,0,-17,-0.04450589,-2.55000,prps,0,457
5332,5.332,1,4004,54004,ladder_a05_lin_r02,prps,1424,-4,-0.067490,-16,0,-16,-0.04188790,-2.40000,prps,0,458
5337,5.337,1,4004,54004,ladder_a05_lin_r02,prps,1421,-7,-0.133700,-15,0,-15,-0.03926991,-2.25000,prps,0,459
5342,5.342,1,4004,54004,ladder_a05_lin_r02,prps,1419,-9,-0.174967,-12,0,-12,-0.03141592,-1.80000,prps,0,460
5347,5.347,1,4004,54004,ladder_a05_lin_r02,prps,1418,-10,-0.189578,-10,0,-10,-0.02617994,-1.50000,prps,0,461
5352,5.352,1,4004,54004,ladder_a05_lin_r02,prps,1419,-9,-0.179032,-7,0,-7,-0.01832596,-1.05000,prps,0,462
5357,5.357,1,4004,54004,ladder_a05_lin_r02,prps,1420,-8,-0.147495,-4,0,-4,-0.01047198,-0.60000,prps,0,463
5362,5.362,1,4004,54004,ladder_a05_lin_r02,prps,1423,-5,-0.100873,-2,0,-2,-0.00523599,-0.30000,prps,0,464
5367,5.367,1,4004,54004,ladder_a05_lin_r02,prps,1426,-2,-0.045725,0,0,0,0.00000000,0.00000,prps,0,465
5372,5.372,1,4004,54004,ladder_a05_lin_r02,prps,1429,1,0.011754,0,0,0,0.00000000,0.00000,prps,0,466
5377,5.377,1,4004,54004,ladder_a05_lin_r02,prps,1432,4,0.066491,0,0,0,0.00000000,0.00000,prps,0,467
5382,5.382,1,4004,54004,ladder_a05_lin_r02,prps,1434,6,0.114933,0,0,0,0.00000000,0.00000,prps,0,468
5387,5.387,1,4004,54004,ladder_a05_lin_r02,prps,1436,8,0.155066,0,0,0,0.00000000,0.00000,prps,0,469
5392,5.392,1,4004,54004,ladder_a05_lin_r02,prps,1438,10,0.186137,-1,0,-1,-0.00261799,-0.15000,prps,0,470
5397,5.397,1,4004,54004,ladder_a05_lin_r02,prps,1439,11,0.208213,-2,0,-2,-0.00523599,-0.30000,prps,0,471
5402,5.402,1,4004,54004,ladder_a05_lin_r02,prps,1440,12,0.221739,-3,0,-3,-0.00785398,-0.45000,prps,0,472
5407,5.407,1,4004,54004,ladder_a05_lin_r02,prps,1440,12,0.227222,-4,0,-4,-0.01047198,-0.60000,prps,0,473
5412,5.412,1,4004,54004,ladder_a05_lin_r02,prps,1440,12,0.225119,-4,0,-4,-0.01047198,-0.60000,prps,0,474
5417,5.417,1,4004,54004,ladder_a05_lin_r02,prps,1439,11,0.215916,-5,0,-5,-0.01308997,-0.75000,prps,0,475
5422,5.422,1,4004,54004,ladder_a05_lin_r02,prps,1439,11,0.200341,-6,0,-6,-0.01570796,-0.90000,prps,0,476
5427,5.427,1,4004,54004,ladder_a05_lin_r02,prps,1438,10,0.179586,-7,0,-7,-0.01832596,-1.05000,prps,0,477
5432,5.432,1,4004,54004,ladder_a05_lin_r02,prps,1436,8,0.155418,-8,0,-8,-0.02094395,-1.20000,prps,0,478
5437,5.437,1,4004,54004,ladder_a05_lin_r02,prps,1435,7,0.130092,-8,0,-8,-0.02094395,-1.20000,prps,0,479
5442,5.442,1,4004,54004,ladder_a05_lin_r02,prps,1434,6,0.106053,-8,0,-8,-0.02094395,-1.20000,prps,0,480
5447,5.447,1,4004,54004,ladder_a05_lin_r02,prps,1433,5,0.085456,-8,0,-8,-0.02094395,-1.20000,prps,0,481
5452,5.452,1,4004,54004,ladder_a05_lin_r02,prps,1432,4,0.069642,-8,0,-8,-0.02094395,-1.20000,prps,0,482
5457,5.457,1,4004,54004,ladder_a05_lin_r02,prps,1431,3,0.058718,-8,0,-8,-0.02094395,-1.20000,prps,0,483
5462,5.462,1,4004,54004,ladder_a05_lin_r02,prps,1431,3,0.051392,-8,0,-8,-0.02094395,-1.20000,prps,0,484
5467,5.467,1,4004,54004,ladder_a05_lin_r02,prps,1430,2,0.045149,-8,0,-8,-0.02094395,-1.20000,prps,0,485
5472,5.472,1,4004,54004,ladder_a05_lin_r02,prps,1430,2,0.036803,-8,0,-8,-0.02094395,-1.20000,prps,0,486
5477,5.477,1,4004,54004,ladder_a05_lin_r02,prps,1429,1,0.023301,-7,0,-7,-0.01832596,-1.05000,prps,0,487
5482,5.482,1,4004,54004,ladder_a05_lin_r02,prps,1428,0,0.002634,-7,0,-7,-0.01832596,-1.05000,prps,0,488
5487,5.487,1,4004,54004,ladder_a05_lin_r02,prps,1427,-1,-0.025409,-7,0,-7,-0.01832596,-1.05000,prps,0,489
5492,5.492,1,4004,54004,ladder_a05_lin_r02,prps,1425,-3,-0.058842,-7,0,-7,-0.01832596,-1.05000,prps,0,490
5497,5.497,1,4004,54004,ladder_a05_lin_r02,prps,1423,-5,-0.093636,-6,0,-6,-0.01570796,-0.90000,prps,0,491
5502,5.502,1,4004,54004,ladder_a05_lin_r02,prps,1421,-7,-0.124443,-5,0,-5,-0.01308997,-0.75000,prps,0,492
5507,5.507,1,4004,54004,ladder_a05_lin_r02,prps,1420,-8,-0.145821,-4,0,-4,-0.01047198,-0.60000,prps,0,493
5512,5.512,1,4004,54004,ladder_a05_lin_r02,prps,1420,-8,-0.153716,-3,0,-3,-0.00785398,-0.45000,prps,0,494
5517,5.517,1,4004,54004,ladder_a05_lin_r02,prps,1420,-8,-0.146873,-1,0,-1,-0.00261799,-0.15000,prps,0,495
5522,5.522,1,4004,54004,ladder_a05_lin_r02,prps,1421,-7,-0.127805,0,0,0,0.00000000,0.00000,prps,0,496
5527,5.527,1,4004,54004,ladder_a05_lin_r02,prps,1423,-5,-0.103020,0,0,0,0.00000000,0.00000,prps,0,497
5532,5.532,1,4004,54004,ladder_a05_lin_r02,prps,1424,-4,-0.082308,0,0,0,0.00000000,0.00000,prps,0,498
5537,5.537,1,4004,54004,ladder_a05_lin_r02,prps,1424,-4,-0.077123,0,0,0,0.00000000,0.00000,prps,0,499
5542,5.542,1,4004,54004,ladder_a05_lin_r02,prps,1423,-5,-0.098259,0,0,0,0.00000000,0.00000,prps,0,500
5547,5.547,1,4004,54004,ladder_a05_lin_r02,prps,1420,-8,-0.153242,0,0,0,0.00000000,0.00000,prps,0,501
5552,5.552,1,4004,54004,ladder_a05_lin_r02,prps,1415,-13,-0.243972,0,0,0,0.00000000,0.00000,prps,0,502
5557,5.557,1,4004,54004,ladder_a05_lin_r02,prps,1409,-19,-0.365144,0,0,0,0.00000000,0.00000,prps,0,503
5562,5.562,1,4004,54004,ladder_a05_lin_r02,prps,1401,-27,-0.503908,1,0,1,0.00261799,0.15000,prps,0,504
5567,5.567,1,4004,54004,ladder_a05_lin_r02,prps,1394,-34,-0.640999,2,0,2,0.00523599,0.30000,prps,0,505
5572,5.572,1,4004,54004,ladder_a05_lin_r02,prps,1388,-40,-0.753290,4,0,4,0.01047198,0.60000,prps,0,506
5577,5.577,1,4004,54004,ladder_a05_lin_r02,prps,1385,-43,-0.817454,7,0,7,0.01832596,1.05000,prps,0,507
5582,5.582,1,4004,54004,ladder_a05_lin_r02,prps,1385,-43,-0.814131,10,0,10,0.02617994,1.50000,prps,0,508
5587,5.587,1,4004,54004,ladder_a05_lin_r02,prps,1389,-39,-0.731856,13,0,13,0.03403392,1.95000,prps,0,509
5592,5.592,1,4004,54004,ladder_a05_lin_r02,prps,1398,-30,-0.569984,16,0,16,0.04188790,2.40000,prps,0,510
5597,5.597,1,4004,54004,ladder_a05_lin_r02,prps,1410,-18,-0.339968,18,0,18,0.04712389,2.70000,prps,0,511
5602,5.602,1,4004,54004,ladder_a05_lin_r02,prps,1425,-3,-0.064623,19,0,19,0.04974188,2.85000,prps,0,512
5607,5.607,1,4004,54004,ladder_a05_lin_r02,prps,1440,12,0.224654,19,0,19,0.04974188,2.85000,prps,0,513
5612,5.612,1,4004,54004,ladder_a05_lin_r02,prps,1454,26,0.492341,17,0,17,0.04450589,2.55000,prps,0,514
5617,5.617,1,4004,54004,ladder_a05_lin_r02,prps,1465,37,0.704234,14,0,14,0.03665191,2.10000,prps,0,515
5622,5.622,1,4004,54004,ladder_a05_lin_r02,prps,1472,44,0.832963,9,0,9,0.02356194,1.35000,prps,0,516
5627,5.627,1,4004,54004,ladder_a05_lin_r02,prps,1474,46,0.862609,3,0,3,0.00785398,0.45000,prps,0,517
5632,5.632,1,4004,54004,ladder_a05_lin_r02,prps,1470,42,0.791581,-3,0,-3,-0.00785398,-0.45000,prps,0,518
5637,5.637,1,4004,54004,ladder_a05_lin_r02,prps,1462,34,0.633183,-9,0,-9,-0.02356194,-1.35000,prps,0,519
5642,5.642,1,4004,54004,ladder_a05_lin_r02,prps,1450,22,0.413717,-13,0,-13,-0.03403392,-1.95000,prps,0,520
5647,5.647,1,4004,54004,ladder_a05_lin_r02,prps,1437,9,0.168390,-17,0,-17,-0.04450589,-2.55000,prps,0,521
5652,5.652,1,4004,54004,ladder_a05_lin_r02,prps,1425,-3,-0.064297,-19,0,-19,-0.04974188,-2.85000,prps,0,522
5657,5.657,1,4004,54004,ladder_a05_lin_r02,prps,1415,-13,-0.248717,-18,0,-18,-0.04712389,-2.70000,prps,0,523
5662,5.662,1,4004,54004,ladder_a05_lin_r02,prps,1409,-19,-0.357789,-16,0,-16,-0.04188790,-2.40000,prps,0,524
5667,5.667,1,4004,54004,ladder_a05_lin_r02,prps,1408,-20,-0.377167,-13,0,-13,-0.03403392,-1.95000,prps,0,525
5672,5.672,1,4004,54004,ladder_a05_lin_r02,prps,1412,-16,-0.307239,-10,0,-10,-0.02617994,-1.50000,prps,0,526
5677,5.677,1,4004,54004,ladder_a05_lin_r02,prps,1419,-9,-0.162618,-6,0,-6,-0.01570796,-0.90000,prps,0,527
5682,5.682,1,4004,54004,ladder_a05_lin_r02,prps,1430,2,0.030748,-3,0,-3,-0.00785398,-0.45000,prps,0,528
5687,5.687,1,4004,54004,ladder_a05_lin_r02,prps,1441,13,0.240267,0,0,0,0.00000000,0.00000,prps,0,529
5692,5.692,1,4004,54004,ladder_a05_lin_r02,prps,1451,23,0.432355,1,0,1,0.00261799,0.15000,prps,0,530
5697,5.697,1,4004,54004,ladder_a05_lin_r02,prps,1459,31,0.578000,0,0,0,0.00000000,0.00000,prps,0,531
5702,5.702,1,4004,54004,ladder_a05_lin_r02,prps,1463,35,0.657284,-2,0,-2,-0.00523599,-0.30000,prps,0,532
5707,5.707,1,4004,54004,ladder_a05_lin_r02,prps,1463,35,0.662102,-4,0,-4,-0.01047198,-0.60000,prps,0,533
5712,5.712,1,4004,54004,ladder_a05_lin_r02,prps,1460,32,0.596685,-7,0,-7,-0.01832596,-1.05000,prps,0,534
5717,5.717,1,4004,54004,ladder_a05_lin_r02,prps,1453,25,0.475964,-11,0,-11,-0.02879793,-1.65000,prps,0,535
5722,5.722,1,4004,54004,ladder_a05_lin_r02,prps,1445,17,0.322177,-14,0,-14,-0.03665191,-2.10000,prps,0,536
5727,5.727,1,4004,54004,ladder_a05_lin_r02,prps,1437,9,0.160461,-16,0,-16,-0.04188790,-2.40000,prps,0,537
5732,5.732,1,4004,54004,ladder_a05_lin_r02,prps,1429,1,0.014303,-17,0,-17,-0.04450589,-2.55000,prps,0,538
5737,5.737,1,4004,54004,ladder_a05_lin_r02,prps,1423,-5,-0.098303,-17,0,-17,-0.04450589,-2.55000,prps,0,539
5742,5.742,1,4004,54004,ladder_a05_lin_r02,prps,1419,-9,-0.167330,-15,0,-15,-0.03926991,-2.25000,prps,0,540
5747,5.747,1,4004,54004,ladder_a05_lin_r02,prps,1418,-10,-0.191466,-13,0,-13,-0.03403392,-1.95000,prps,0,541
5752,5.752,1,4004,54004,ladder_a05_lin_r02,prps,1419,-9,-0.177139,-11,0,-11,-0.02879793,-1.65000,prps,0,542
5757,5.757,1,4004,54004,ladder_a05_lin_r02,prps,1421,-7,-0.136173,-8,0,-8,-0.02094395,-1.20000,prps,0,543
5762,5.762,1,4004,54004,ladder_a05_lin_r02,prps,1424,-4,-0.082663,-6,0,-6,-0.01570796,-0.90000,prps,0,544
5767,5.767,1,4004,54004,ladder_a05_lin_r02,prps,1426,-2,-0.029793,-3,0,-3,-0.00785398,-0.45000,prps,0,545
5772,5.772,1,4004,54004,ladder_a05_lin_r02,prps,1429,1,0.012752,-2,0,-2,-0.00523599,-0.30000,prps,0,546
5777,5.777,1,4004,54004,ladder_a05_lin_r02,prps,1430,2,0.040264,-1,0,-1,-0.00261799,-0.15000,prps,0,547
5782,5.782,1,4004,54004,ladder_a05_lin_r02,prps,1431,3,0.053168,-1,0,-1,-0.00261799,-0.15000,prps,0,548
5787,5.787,1,4004,54004,ladder_a05_lin_r02,prps,1431,3,0.055946,-1,0,-1,-0.00261799,-0.15000,prps,0,549
5792,5.792,1,4004,54004,ladder_a05_lin_r02,prps,1431,3,0.055168,-1,0,-1,-0.00261799,-0.15000,prps,0,550
5797,5.797,1,4004,54004,ladder_a05_lin_r02,prps,1431,3,0.057177,-1,0,-1,-0.00261799,-0.15000,prps,0,551
5802,5.802,1,4004,54004,ladder_a05_lin_r02,prps,1431,3,0.066005,-1,0,-1,-0.00261799,-0.15000,prps,0,552
5807,5.807,1,4004,54004,ladder_a05_lin_r02,prps,1432,4,0.082031,-1,0,-1,-0.00261799,-0.15000,prps,0,553
5812,5.812,1,4004,54004,ladder_a05_lin_r02,prps,1433,5,0.101694,-1,0,-1,-0.00261799,-0.15000,prps,0,554
5817,5.817,1,4004,54004,ladder_a05_lin_r02,prps,1434,6,0.118302,-1,0,-1,-0.00261799,-0.15000,prps,0,555
5822,5.822,1,4004,54004,ladder_a05_lin_r02,prps,1435,7,0.123743,-1,0,-1,-0.00261799,-0.15000,prps,0,556
5827,5.827,1,4004,54004,ladder_a05_lin_r02,prps,1434,6,0.110649,-2,0,-2,-0.00523599,-0.30000,prps,0,557
5832,5.832,1,4004,54004,ladder_a05_lin_r02,prps,1432,4,0.074511,-3,0,-3,-0.00785398,-0.45000,prps,0,558
5837,5.837,1,4004,54004,ladder_a05_lin_r02,prps,1429,1,0.015183,-3,0,-3,-0.00785398,-0.45000,prps,0,559
5842,5.842,1,4004,54004,ladder_a05_lin_r02,prps,1425,-3,-0.062572,-3,0,-3,-0.00785398,-0.45000,prps,0,560
5847,5.847,1,4004,54004,ladder_a05_lin_r02,prps,1420,-8,-0.149687,-3,0,-3,-0.00785398,-0.45000,prps,0,561
5852,5.852,1,4004,54004,ladder_a05_lin_r02,prps,1416,-12,-0.234435,-3,0,-3,-0.00785398,-0.45000,prps,0,562
5857,5.857,1,4004,54004,ladder_a05_lin_r02,prps,1412,-16,-0.304775,-3,0,-3,-0.00785398,-0.45000,prps,0,563
5862,5.862,1,4004,54004,ladder_a05_lin_r02,prps,1409,-19,-0.350881,-2,0,-2,-0.00523599,-0.30000,prps,0,564
5867,5.867,1,4004,54004,ladder_a05_lin_r02,prps,1409,-19,-0.367311,0,0,0,0.00000000,0.00000,prps,0,565
5872,5.872,1,4004,54004,ladder_a05_lin_r02,prps,1409,-19,-0.354294,2,0,2,0.00523599,0.30000,prps,0,566
5877,5.877,1,4004,54004,ladder_a05_lin_r02,prps,1411,-17,-0.317842,4,0,4,0.01047198,0.60000,prps,0,567
5882,5.882,1,4004,54004,ladder_a05_lin_r02,prps,1414,-14,-0.268619,6,0,6,0.01570796,0.90000,prps,0,568
5887,5.887,1,4004,54004,ladder_a05_lin_r02,prps,1416,-12,-0.219774,6,0,6,0.01570796,0.90000,prps,0,569
5892,5.892,1,4004,54004,ladder_a05_lin_r02,prps,1418,-10,-0.184190,6,0,6,0.01570796,0.90000,prps,0,570
5897,5.897,1,4004,54004,ladder_a05_lin_r02,prps,1419,-9,-0.171707,6,0,6,0.01570796,0.90000,prps,0,571
5902,5.902,1,4004,54004,ladder_a05_lin_r02,prps,1418,-10,-0.186925,6,0,6,0.01570796,0.90000,prps,0,572
5907,5.907,1,4004,54004,ladder_a05_lin_r02,prps,1416,-12,-0.228053,6,0,6,0.01570796,0.90000,prps,0,573
5912,5.912,1,4004,54004,ladder_a05_lin_r02,prps,1413,-15,-0.287074,6,0,6,0.01570796,0.90000,prps,0,574
5917,5.917,1,4004,54004,ladder_a05_lin_r02,prps,1409,-19,-0.351208,6,0,6,0.01570796,0.90000,prps,0,575
5922,5.922,1,4004,54004,ladder_a05_lin_r02,prps,1407,-21,-0.405393,6,0,6,0.01570796,0.90000,prps,0,576
5927,5.927,1,4004,54004,ladder_a05_lin_r02,prps,1405,-23,-0.435277,6,0,6,0.01570796,0.90000,prps,0,577
5932,5.932,1,4004,54004,ladder_a05_lin_r02,prps,1405,-23,-0.430114,7,0,7,0.01832596,1.05000,prps,0,578
5937,5.937,1,4004,54004,ladder_a05_lin_r02,prps,1408,-20,-0.384964,7,0,7,0.01832596,1.05000,prps,0,579
5942,5.942,1,4004,54004,ladder_a05_lin_r02,prps,1412,-16,-0.301752,8,0,8,0.02094395,1.20000,prps,0,580
5947,5.947,1,4004,54004,ladder_a05_lin_r02,prps,1418,-10,-0.188966,8,0,8,0.02094395,1.20000,prps,0,581
5952,5.952,1,4004,54004,ladder_a05_lin_r02,prps,1425,-3,-0.060052,8,0,8,0.02094395,1.20000,prps,0,582
5957,5.957,1,4004,54004,ladder_a05_lin_r02,prps,1432,4,0.069145,8,0,8,0.02094395,1.20000,prps,0,583
5962,5.962,1,4004,54004,ladder_a05_lin_r02,prps,1438,10,0.183379,7,0,7,0.01832596,1.05000,prps,0,584
5967,5.967,1,4004,54004,ladder_a05_lin_r02,prps,1442,14,0.270815,5,0,5,0.01308997,0.75000,prps,0,585
5972,5.972,1,4004,54004,ladder_a05_lin_r02,prps,1445,17,0.325097,3,0,3,0.00785398,0.45000,prps,0,586
5977,5.977,1,4004,54004,ladder_a05_lin_r02,prps,1446,18,0.346239,1,0,1,0.00261799,0.15000,prps,0,587
5982,5.982,1,4004,54004,ladder_a05_lin_r02,prps,1446,18,0.340213,-2,0,-2,-0.00523599,-0.30000,prps,0,588
5987,5.987,1,4004,54004,ladder_a05_lin_r02,prps,1445,17,0.317313,-5,0,-5,-0.01308997,-0.75000,prps,0,589
5992,5.992,1,4004,54004,ladder_a05_lin_r02,prps,1443,15,0.289689,-7,0,-7,-0.01832596,-1.05000,prps,0,590
5997,5.997,1,4004,54004,ladder_a05_lin_r02,prps,1442,14,0.268579,-9,0,-9,-0.02356194,-1.35000,prps,0,591
6002,6.002,1,4004,54004,ladder_a05_lin_r02,prps,1442,14,0.261830,-10,0,-10,-0.02617994,-1.50000,prps,0,592
6007,6.007,1,4004,54004,ladder_a05_lin_r02,prps,1442,14,0.272239,-10,0,-10,-0.02617994,-1.50000,prps,0,593
6012,6.012,1,4004,54004,ladder_a05_lin_r02,prps,1444,16,0.297054,-10,0,-10,-0.02617994,-1.50000,prps,0,594
6017,6.017,1,4004,54004,ladder_a05_lin_r02,prps,1445,17,0.328733,-10,0,-10,-0.02617994,-1.50000,prps,0,595
6022,6.022,1,4004,54004,ladder_a05_lin_r02,prps,1447,19,0.356780,-10,0,-10,-0.02617994,-1.50000,prps,0,596
6027,6.027,1,4004,54004,ladder_a05_lin_r02,prps,1448,20,0.370253,-10,0,-10,-0.02617994,-1.50000,prps,0,597
6032,6.032,1,4004,54004,ladder_a05_lin_r02,prps,1447,19,0.360406,-11,0,-11,-0.02879793,-1.65000,prps,0,598
6037,6.037,1,4004,54004,ladder_a05_lin_r02,prps,1445,17,0.322881,-12,0,-12,-0.03141592,-1.80000,prps,0,599
6042,6.042,1,4004,54004,ladder_a05_lin_r02,prps,1442,14,0.258978,-13,0,-13,-0.03403392,-1.95000,prps,0,600
6047,6.047,1,4004,54004,ladder_a05_lin_r02,prps,1437,9,0.175716,-13,0,-13,-0.03403392,-1.95000,prps,0,601
6052,6.052,1,4004,54004,ladder_a05_lin_r02,prps,1432,4,0.084669,-13,0,-13,-0.03403392,-1.95000,prps,0,602
6057,6.057,1,4004,54004,ladder_a05_lin_r02,prps,1428,0,-0.000219,-12,0,-12,-0.03141592,-1.80000,prps,0,603
6062,6.062,1,4004,54004,ladder_a05_lin_r02,prps,1425,-3,-0.065366,-11,0,-11,-0.02879793,-1.65000,prps,0,604
6067,6.067,1,4004,54004,ladder_a05_lin_r02,prps,1423,-5,-0.100310,-10,0,-10,-0.02617994,-1.50000,prps,0,605
6072,6.072,1,4004,54004,ladder_a05_lin_r02,prps,1423,-5,-0.099898,-9,0,-9,-0.02356194,-1.35000,prps,0,606
6077,6.077,1,4004,54004,ladder_a05_lin_r02,prps,1425,-3,-0.065480,-8,0,-8,-0.02094395,-1.20000,prps,0,607
6082,6.082,1,4004,54004,ladder_a05_lin_r02,prps,1428,0,-0.004852,-6,0,-6,-0.01570796,-0.90000,prps,0,608
6087,6.087,1,4004,54004,ladder_a05_lin_r02,prps,1432,4,0.069050,-4,0,-4,-0.01047198,-0.60000,prps,0,609
6092,6.092,1,4004,54004,ladder_a05_lin_r02,prps,1435,7,0.140454,-3,0,-3,-0.00785398,-0.45000,prps,0,610
6097,6.097,1,4004,54004,ladder_a05_lin_r02,prps,1438,10,0.193618,-3,0,-3,-0.00785398,-0.45000,prps,0,611
6102,6.102,1,4004,54004,ladder_a05_lin_r02,prps,1439,11,0.215698,-3,0,-3,-0.00785398,-0.45000,prps,0,612
6107,6.107,1,4004,54004,ladder_a05_lin_r02,prps,1439,11,0.199105,-3,0,-3,-0.00785398,-0.45000,prps,0,613
6112,6.112,1,4004,54004,ladder_a05_lin_r02,prps,1436,8,0.142898,-4,0,-4,-0.01047198,-0.60000,prps,0,614
6117,6.117,1,4004,54004,ladder_a05_lin_r02,prps,1431,3,0.052993,-4,0,-4,-0.01047198,-0.60000,prps,0,615
6122,6.122,1,4004,54004,ladder_a05_lin_r02,prps,1425,-3,-0.058825,-5,0,-5,-0.01308997,-0.75000,prps,0,616
6127,6.127,1,4004,54004,ladder_a05_lin_r02,prps,1419,-9,-0.176874,-5,0,-5,-0.01308997,-0.75000,prps,0,617
6132,6.132,1,4004,54004,ladder_a05_lin_r02,prps,1413,-15,-0.284146,-5,0,-5,-0.01308997,-0.75000,prps,0,618
6137,6.137,1,4004,54004,ladder_a05_lin_r02,prps,1409,-19,-0.365002,-4,0,-4,-0.01047198,-0.60000,prps,0,619
6142,6.142,1,4004,54004,ladder_a05_lin_r02,prps,1406,-22,-0.407525,-2,0,-2,-0.00523599,-0.30000,prps,0,620
6147,6.147,1,4004,54004,ladder_a05_lin_r02,prps,1407,-21,-0.405155,0,0,0,0.00000000,0.00000,prps,0,621
6152,6.152,1,4004,54004,ladder_a05_lin_r02,prps,1409,-19,-0.357390,2,0,2,0.00523599,0.30000,prps,0,622
6157,6.157,1,4004,54004,ladder_a05_lin_r02,prps,1414,-14,-0.269519,5,0,5,0.01308997,0.75000,prps,0,623
6162,6.162,1,4004,54004,ladder_a05_lin_r02,prps,1420,-8,-0.151518,6,0,6,0.01570796,0.90000,prps,0,624
6167,6.167,1,4004,54004,ladder_a05_lin_r02,prps,1427,-1,-0.016401,7,0,7,0.01832596,1.05000,prps,0,625
6172,6.172,1,4004,54004,ladder_a05_lin_r02,prps,1434,6,0.121671,6,0,6,0.01570796,0.90000,prps,0,626
6177,6.177,1,4004,54004,ladder_a05_lin_r02,prps,1441,13,0.249168,5,0,5,0.01308997,0.75000,prps,0,627
6182,6.182,1,4004,54004,ladder_a05_lin_r02,prps,1447,19,0.354624,3,0,3,0.00785398,0.45000,prps,0,628
6187,6.187,1,4004,54004,ladder_a05_lin_r02,prps,1451,23,0.429562,1,0,1,0.00261799,0.15000,prps,0,629
6192,6.192,1,4004,54004,ladder_a05_lin_r02,prps,1453,25,0.468898,-1,0,-1,-0.00261799,-0.15000,prps,0,630
6197,6.197,1,4004,54004,ladder_a05_lin_r02,prps,1453,25,0.470888,-4,0,-4,-0.01047198,-0.60000,prps,0,631
6202,6.202,1,4004,54004,ladder_a05_lin_r02,prps,1451,23,0.436779,-7,0,-7,-0.01832596,-1.05000,prps,0,632
6207,6.207,1,4004,54004,ladder_a05_lin_r02,prps,1448,20,0.370304,-10,0,-10,-0.02617994,-1.50000,prps,0,633
6212,6.212,1,4004,54004,ladder_a05_lin_r02,prps,1443,15,0.277174,-12,0,-12,-0.03141592,-1.80000,prps,0,634
6217,6.217,1,4004,54004,ladder_a05_lin_r02,prps,1437,9,0.164617,-13,0,-13,-0.03403392,-1.95000,prps,0,635
6222,6.222,1,4004,54004,ladder_a05_lin_r02,prps,1430,2,0.040988,-13,0,-13,-0.03403392,-1.95000,prps,0,636
6227,6.227,1,4004,54004,ladder_a05_lin_r02,prps,1424,-4,-0.084607,-13,0,-13,-0.03403392,-1.95000,prps,0,637
6232,6.232,1,4004,54004,ladder_a05_lin_r02,prps,1417,-11,-0.202757,-12,0,-12,-0.03141592,-1.80000,prps,0,638
6237,6.237,1,4004,54004,ladder_a05_lin_r02,prps,1412,-16,-0.304318,-11,0,-11,-0.02879793,-1.65000,prps,0,639
6242,6.242,1,4004,54004,ladder_a05_lin_r02,prps,1408,-20,-0.381139,-9,0,-9,-0.02356194,-1.35000,prps,0,640
6247,6.247,1,4004,54004,ladder_a05_lin_r02,prps,1405,-23,-0.426894,-6,0,-6,-0.01570796,-0.90000,prps,0,641
6252,6.252,1,4004,54004,ladder_a05_lin_r02,prps,1405,-23,-0.437902,-3,0,-3,-0.00785398,-0.45000,prps,0,642
6257,6.257,1,4004,54004,ladder_a05_lin_r02,prps,1406,-22,-0.413785,1,0,1,0.00261799,0.15000,prps,0,643
6262,6.262,1,4004,54004,ladder_a05_lin_r02,prps,1409,-19,-0.357795,4,0,4,0.01047198,0.60000,prps,0,644
6267,6.267,1,4004,54004,ladder_a05_lin_r02,prps,1413,-15,-0.276668,6,0,6,0.01570796,0.90000,prps,0,645
6272,6.272,1,4004,54004,ladder_a05_lin_r02,prps,1418,-10,-0.179968,7,0,7,0.01832596,1.05000,prps,0,646
6277,6.277,1,4004,54004,ladder_a05_lin_r02,prps,1424,-4,-0.078948,8,0,8,0.02094395,1.20000,prps,0,647
6282,6.282,1,4004,54004,ladder_a05_lin_r02,prps,1429,1,0.014899,8,0,8,0.02094395,1.20000,prps,0,648
6287,6.287,1,4004,54004,ladder_a05_lin_r02,prps,1433,5,0.091385,7,0,7,0.01832596,1.05000,prps,0,649
6292,6.292,1,4004,54004,ladder_a05_lin_r02,prps,1436,8,0.142986,6,0,6,0.01570796,0.90000,prps,0,650
6297,6.297,1,4004,54004,ladder_a05_lin_r02,prps,1437,9,0.165765,3,0,3,0.00785398,0.45000,prps,0,651
6302,6.302,1,4004,54004,ladder_a05_lin_r02,prps,1436,8,0.159698,1,0,1,0.00261799,0.15000,prps,0,652
6307,6.307,1,4004,54004,ladder_a05_lin_r02,prps,1435,7,0.128332,0,0,0,0.00000000,0.00000,prps,0,653
6312,6.312,1,4004,54004,ladder_a05_lin_r02,prps,1432,4,0.077864,-2,0,-2,-0.00523599,-0.30000,prps,0,654
6317,6.317,1,4004,54004,ladder_a05_lin_r02,prps,1429,1,0.015844,-3,0,-3,-0.00785398,-0.45000,prps,0,655
6322,6.322,1,4004,54004,ladder_a05_lin_r02,prps,1425,-3,-0.050235,-4,0,-4,-0.01047198,-0.60000,prps,0,656
6327,6.327,1,4004,54004,ladder_a05_lin_r02,prps,1422,-6,-0.114130,-4,0,-4,-0.01047198,-0.60000,prps,0,657
6332,6.332,1,4004,54004,ladder_a05_lin_r02,prps,1419,-9,-0.171618,-4,0,-4,-0.01047198,-0.60000,prps,0,658
6337,6.337,1,4004,54004,ladder_a05_lin_r02,prps,1416,-12,-0.220659,-4,0,-4,-0.01047198,-0.60000,prps,0,659
6342,6.342,1,4004,54004,ladder_a05_lin_r02,prps,1414,-14,-0.260992,-3,0,-3,-0.00785398,-0.45000,prps,0,660
6347,6.347,1,4004,54004,ladder_a05_lin_r02,prps,1412,-16,-0.293288,-2,0,-2,-0.00523599,-0.30000,prps,0,661
6352,6.352,1,4004,54004,ladder_a05_lin_r02,prps,1411,-17,-0.318137,0,0,0,0.00000000,0.00000,prps,0,662
6357,6.357,1,4004,54004,ladder_a05_lin_r02,prps,1410,-18,-0.335161,2,0,2,0.00523599,0.30000,prps,0,663
6362,6.362,1,4004,54004,ladder_a05_lin_r02,prps,1410,-18,-0.342565,3,0,3,0.00785398,0.45000,prps,0,664
6367,6.367,1,4004,54004,ladder_a05_lin_r02,prps,1410,-18,-0.337278,5,0,5,0.01308997,0.75000,prps,0,665
6372,6.372,1,4004,54004,ladder_a05_lin_r02,prps,1411,-17,-0.315743,6,0,6,0.01570796,0.90000,prps,0,666
6377,6.377,1,4004,54004,ladder_a05_lin_r02,prps,1413,-15,-0.275198,6,0,6,0.01570796,0.90000,prps,0,667
6382,6.382,1,4004,54004,ladder_a05_lin_r02,prps,1417,-11,-0.215152,6,0,6,0.01570796,0.90000,prps,0,668
6387,6.387,1,4004,54004,ladder_a05_lin_r02,prps,1421,-7,-0.138673,6,0,6,0.01570796,0.90000,prps,0,669
6392,6.392,1,4004,54004,ladder_a05_lin_r02,prps,1425,-3,-0.053093,6,0,6,0.01570796,0.90000,prps,0,670
6397,6.397,1,4004,54004,ladder_a05_lin_r02,prps,1430,2,0.030183,5,0,5,0.01308997,0.75000,prps,0,671
6402,6.402,1,4004,54004,ladder_a05_lin_r02,prps,1433,5,0.096880,5,0,5,0.01308997,0.75000,prps,0,672
6407,6.407,1,4004,54004,ladder_a05_lin_r02,prps,1435,7,0.131979,3,0,3,0.00785398,0.45000,prps,0,673
6412,6.412,1,4004,54004,ladder_a05_lin_r02,prps,1434,6,0.122459,1,0,1,0.00261799,0.15000,prps,0,674
6417,6.417,1,4004,54004,ladder_a05_lin_r02,prps,1431,3,0.060133,1,0,1,0.00261799,0.15000,prps,0,675
6422,6.422,1,4004,54004,ladder_a05_lin_r02,prps,1425,-3,-0.055987,-1,0,-1,-0.00261799,-0.15000,prps,0,676
6427,6.427,1,4004,54004,ladder_a05_lin_r02,prps,1416,-12,-0.218360,-1,0,-1,-0.00261799,-0.15000,prps,0,677
6432,6.432,1,4004,54004,ladder_a05_lin_r02,prps,1406,-22,-0.411016,-1,0,-1,-0.00261799,-0.15000,prps,0,678
6437,6.437,1,4004,54004,ladder_a05_lin_r02,prps,1396,-32,-0.611225,-1,0,-1,-0.00261799,-0.15000,prps,0,679
6442,6.442,1,4004,54004,ladder_a05_lin_r02,prps,1386,-42,-0.792588,-1,0,-1,-0.00261799,-0.15000,prps,0,680
6447,6.447,1,4004,54004,ladder_a05_lin_r02,prps,1379,-49,-0.929083,2,0,2,0.00523599,0.30000,prps,0,681
6452,6.452,1,4004,54004,ladder_a05_lin_r02,prps,1375,-53,-0.999383,6,0,6,0.01570796,0.90000,prps,0,682
6457,6.457,1,4004,54004,ladder_a05_lin_r02,prps,1375,-53,-0.990660,10,0,10,0.02617994,1.50000,prps,0,683
6462,6.462,1,4004,54004,ladder_a05_lin_r02,prps,1380,-48,-0.901142,14,0,14,0.03665191,2.10000,prps,0,684
6467,6.467,1,4004,54004,ladder_a05_lin_r02,prps,1389,-39,-0.740854,18,0,18,0.04712389,2.70000,prps,0,685
6472,6.472,1,4004,54004,ladder_a05_lin_r02,prps,1400,-28,-0.530340,21,0,21,0.05497787,3.15000,prps,0,686
6477,6.477,1,4004,54004,ladder_a05_lin_r02,prps,1412,-16,-0.297481,23,0,23,0.06021386,3.45000,prps,0,687
6482,6.482,1,4004,54004,ladder_a05_lin_r02,prps,1424,-4,-0.072945,23,0,23,0.06021386,3.45000,prps,0,688
6487,6.487,1,4004,54004,ladder_a05_lin_r02,prps,1434,6,0.114963,23,0,23,0.06021386,3.45000,prps,0,689
6492,6.492,1,4004,54004,ladder_a05_lin_r02,prps,1441,13,0.245107,20,0,20,0.05235988,3.00000,prps,0,690
6497,6.497,1,4004,54004,ladder_a05_lin_r02,prps,1444,16,0.307099,16,0,16,0.04188790,2.40000,prps,0,691
6502,6.502,1,4004,54004,ladder_a05_lin_r02,prps,1444,16,0.302959,11,0,11,0.02879793,1.65000,prps,0,692
6507,6.507,1,4004,54004,ladder_a05_lin_r02,prps,1441,13,0.246526,6,0,6,0.01570796,0.90000,prps,0,693
6512,6.512,1,4004,54004,ladder_a05_lin_r02,prps,1437,9,0.160704,2,0,2,0.00523599,0.30000,prps,0,694
6517,6.517,1,4004,54004,ladder_a05_lin_r02,prps,1432,4,0.073026,-1,0,-1,-0.00261799,-0.15000,prps,0,695
6522,6.522,1,4004,54004,ladder_a05_lin_r02,prps,1429,1,0.010371,-4,0,-4,-0.01047198,-0.60000,prps,0,696
6527,6.527,1,4004,54004,ladder_a05_lin_r02,prps,1428,0,-0.006177,-4,0,-4,-0.01047198,-0.60000,prps,0,697
6532,6.532,1,4004,54004,ladder_a05_lin_r02,prps,1430,2,0.034631,-5,0,-5,-0.01308997,-0.75000,prps,0,698
6537,6.537,1,4004,54004,ladder_a05_lin_r02,prps,1435,7,0.132055,-5,0,-5,-0.01308997,-0.75000,prps,0,699
6542,6.542,1,4004,54004,ladder_a05_lin_r02,prps,1442,14,0.273514,-5,0,-5,-0.01308997,-0.75000,prps,0,700
6547,6.547,1,4004,54004,ladder_a05_lin_r02,prps,1451,23,0.436992,-5,0,-5,-0.01308997,-0.75000,prps,0,701
6552,6.552,1,4004,54004,ladder_a05_lin_r02,prps,1460,32,0.595272,-5,0,-5,-0.01308997,-0.75000,prps,0,702
6557,6.557,1,4004,54004,ladder_a05_lin_r02,prps,1466,38,0.721165,-6,0,-6,-0.01570796,-0.90000,prps,0,703
6562,6.562,1,4004,54004,ladder_a05_lin_r02,prps,1470,42,0.792761,-9,0,-9,-0.02356194,-1.35000,prps,0,704
6567,6.567,1,4004,54004,ladder_a05_lin_r02,prps,1470,42,0.797675,-12,0,-12,-0.03141592,-1.80000,prps,0,705
6572,6.572,1,4004,54004,ladder_a05_lin_r02,prps,1467,39,0.735501,-15,0,-15,-0.03926991,-2.25000,prps,0,706
6577,6.577,1,4004,54004,ladder_a05_lin_r02,prps,1461,33,0.617996,-19,0,-19,-0.04974188,-2.85000,prps,0,707
6582,6.582,1,4004,54004,ladder_a05_lin_r02,prps,1453,25,0.466980,-21,0,-21,-0.05497787,-3.15000,prps,0,708
6587,6.587,1,4004,54004,ladder_a05_lin_r02,prps,1444,16,0.310338,-23,0,-23,-0.06021386,-3.45000,prps,0,709
6592,6.592,1,4004,54004,ladder_a05_lin_r02,prps,1437,9,0.176911,-23,0,-23,-0.06021386,-3.45000,prps,0,710
6597,6.597,1,4004,54004,ladder_a05_lin_r02,prps,1433,5,0.091225,-22,0,-22,-0.05759586,-3.30000,prps,0,711
6602,6.602,1,4004,54004,ladder_a05_lin_r02,prps,1432,4,0.069052,-21,0,-21,-0.05497787,-3.15000,prps,0,712
6607,6.607,1,4004,54004,ladder_a05_lin_r02,prps,1434,6,0.114605,-18,0,-18,-0.04712389,-2.70000,prps,0,713
6612,6.612,1,4004,54004,ladder_a05_lin_r02,prps,1440,12,0.219879,-15,0,-15,-0.03926991,-2.25000,prps,0,714
6617,6.617,1,4004,54004,ladder_a05_lin_r02,prps,1447,19,0.366198,-13,0,-13,-0.03403392,-1.95000,prps,0,715
6622,6.622,1,4004,54004,ladder_a05_lin_r02,prps,1456,28,0.527650,-11,0,-11,-0.02879793,-1.65000,prps,0,716
6627,6.627,1,4004,54004,ladder_a05_lin_r02,prps,1464,36,0.675728,-11,0,-11,-0.02879793,-1.65000,prps,0,717
6632,6.632,1,4004,54004,ladder_a05_lin_r02,prps,1470,42,0.784304,-11,0,-11,-0.02879793,-1.65000,prps,0,718
6637,6.637,1,4004,54004,ladder_a05_lin_r02,prps,1472,44,0.834020,-12,0,-12,-0.03141592,-1.80000,prps,0,719
6642,6.642,1,4004,54004,ladder_a05_lin_r02,prps,1471,43,0.815340,-15,0,-15,-0.03926991,-2.25000,prps,0,720
6647,6.647,1,4004,54004,ladder_a05_lin_r02,prps,1467,39,0.729778,-18,0,-18,-0.04712389,-2.70000,prps,0,721
6652,6.652,1,4004,54004,ladder_a05_lin_r02,prps,1459,31,0.589161,-21,0,-21,-0.05497787,-3.15000,prps,0,722
6657,6.657,1,4004,54004,ladder_a05_lin_r02,prps,1450,22,0.413203,-23,0,-23,-0.06021386,-3.45000,prps,0,723
6662,6.662,1,4004,54004,ladder_a05_lin_r02,prps,1440,12,0.225897,-24,0,-24,-0.06283185,-3.60000,prps,0,724
6667,6.667,1,4004,54004,ladder_a05_lin_r02,prps,1431,3,0.051477,-24,0,-24,-0.06283185,-3.60000,prps,0,725
6672,6.672,1,4004,54004,ladder_a05_lin_r02,prps,1423,-5,-0.089320,-23,0,-23,-0.06021386,-3.45000,prps,0,726
6677,6.677,1,4004,54004,ladder_a05_lin_r02,prps,1418,-10,-0.182045,-20,0,-20,-0.05235988,-3.00000,prps,0,727
6682,6.682,1,4004,54004,ladder_a05_lin_r02,prps,1416,-12,-0.219993,-16,0,-16,-0.04188790,-2.40000,prps,0,728
6687,6.687,1,4004,54004,ladder_a05_lin_r02,prps,1417,-11,-0.204203,-12,0,-12,-0.03141592,-1.80000,prps,0,729
6692,6.692,1,4004,54004,ladder_a05_lin_r02,prps,1420,-8,-0.142202,-9,0,-9,-0.02356194,-1.35000,prps,0,730
6697,6.697,1,4004,54004,ladder_a05_lin_r02,prps,1426,-2,-0.045889,-5,0,-5,-0.01308997,-0.75000,prps,0,731
6702,6.702,1,4004,54004,ladder_a05_lin_r02,prps,1432,4,0.070913,-3,0,-3,-0.00785398,-0.45000,prps,0,732
6707,6.707,1,4004,54004,ladder_a05_lin_r02,prps,1438,10,0.194686,-1,0,-1,-0.00261799,-0.15000,prps,0,733
6712,6.712,1,4004,54004,ladder_a05_lin_r02,prps,1445,17,0.313852,-1,0,-1,-0.00261799,-0.15000,prps,0,734
6717,6.717,1,4004,54004,ladder_a05_lin_r02,prps,1450,22,0.419563,-2,0,-2,-0.00523599,-0.30000,prps,0,735
6722,6.722,1,4004,54004,ladder_a05_lin_r02,prps,1455,27,0.505684,-3,0,-3,-0.00785398,-0.45000,prps,0,736
6727,6.727,1,4004,54004,ladder_a05_lin_r02,prps,1458,30,0.568166,-4,0,-4,-0.01047198,-0.60000,prps,0,737
6732,6.732,1,4004,54004,ladder_a05_lin_r02,prps,1460,32,0.604154,-6,0,-6,-0.01570796,-0.90000,prps,0,738
6737,6.737,1,4004,54004,ladder_a05_lin_r02,prps,1460,32,0.611225,-9,0,-9,-0.02356194,-1.35000,prps,0,739
6742,6.742,1,4004,54004,ladder_a05_lin_r02,prps,1459,31,0.587036,-12,0,-12,-0.03141592,-1.80000,prps,0,740
6747,6.747,1,4004,54004,ladder_a05_lin_r02,prps,1456,28,0.529575,-15,0,-15,-0.03926991,-2.25000,prps,0,741
6752,6.752,1,4004,54004,ladder_a05_lin_r02,prps,1451,23,0.437958,-17,0,-17,-0.04450589,-2.55000,prps,0,742
6757,6.757,1,4004,54004,ladder_a05_lin_r02,prps,1445,17,0.313565,-19,0,-19,-0.04974188,-2.85000,prps,0,743
6762,6.762,1,4004,54004,ladder_a05_lin_r02,prps,1437,9,0.161169,-19,0,-19,-0.04974188,-2.85000,prps,0,744
6767,6.767,1,4004,54004,ladder_a05_lin_r02,prps,1427,-1,-0.010339,-18,0,-18,-0.04712389,-2.70000,prps,0,745
6772,6.772,1,4004,54004,ladder_a05_lin_r02,prps,1418,-10,-0.187970,-17,0,-17,-0.04450589,-2.55000,prps,0,746
6777,6.777,1,4004,54004,ladder_a05_lin_r02,prps,1409,-19,-0.355576,-15,0,-15,-0.03926991,-2.25000,prps,0,747
6782,6.782,1,4004,54004,ladder_a05_lin_r02,prps,1402,-26,-0.495684,-13,0,-13,-0.03403392,-1.95000,prps,0,748
6787,6.787,1,4004,54004,ladder_a05_lin_r02,prps,1397,-31,-0.591993,-9,0,-9,-0.02356194,-1.35000,prps,0,749
6792,6.792,1,4004,54004,ladder_a05_lin_r02,prps,1394,-34,-0.632095,-5,0,-5,-0.01308997,-0.75000,prps,0,750
6797,6.797,1,4004,54004,ladder_a05_lin_r02,prps,1396,-32,-0.609891,0,0,0,0.00000000,0.00000,prps,0,751
6802,6.802,1,4004,54004,ladder_a05_lin_r02,prps,1400,-28,-0.527198,4,0,4,0.01047198,0.60000,prps,0,752
6807,6.807,1,4004,54004,ladder_a05_lin_r02,prps,1407,-21,-0.394136,8,0,8,0.02094395,1.20000,prps,0,753
6812,6.812,1,4004,54004,ladder_a05_lin_r02,prps,1416,-12,-0.228129,10,0,10,0.02617994,1.50000,prps,0,754
6817,6.817,1,4004,54004,ladder_a05_lin_r02,prps,1425,-3,-0.051590,11,0,11,0.02879793,1.65000,prps,0,755
6822,6.822,1,4004,54004,ladder_a05_lin_r02,prps,1434,6,0.111352,11,0,11,0.02879793,1.65000,prps,0,756
6827,6.827,1,4004,54004,ladder_a05_lin_r02,prps,1441,13,0.238546,10,0,10,0.02617994,1.50000,prps,0,757
6832,6.832,1,4004,54004,ladder_a05_lin_r02,prps,1445,17,0.313288,8,0,8,0.02094395,1.20000,prps,0,758
6837,6.837,1,4004,54004,ladder_a05_lin_r02,prps,1445,17,0.326941,5,0,5,0.01308997,0.75000,prps,0,759
6842,6.842,1,4004,54004,ladder_a05_lin_r02,prps,1443,15,0.280226,2,0,2,0.00523599,0.30000,prps,0,760
6847,6.847,1,4004,54004,ladder_a05_lin_r02,prps,1438,10,0.182958,-1,0,-1,-0.00261799,-0.15000,prps,0,761
6852,6.852,1,4004,54004,ladder_a05_lin_r02,prps,1431,3,0.052262,-4,0,-4,-0.01047198,-0.60000,prps,0,762
6857,6.857,1,4004,54004,ladder_a05_lin_r02,prps,1423,-5,-0.090388,-6,0,-6,-0.01570796,-0.90000,prps,0,763
6862,6.862,1,4004,54004,ladder_a05_lin_r02,prps,1416,-12,-0.222777,-6,0,-6,-0.01570796,-0.90000,prps,0,764
6867,6.867,1,4004,54004,ladder_a05_lin_r02,prps,1411,-17,-0.325539,-6,0,-6,-0.01570796,-0.90000,prps,0,765
6872,6.872,1,4004,54004,ladder_a05_lin_r02,prps,1408,-20,-0.385121,-5,0,-5,-0.01308997,-0.75000,prps,0,766
6877,6.877,1,4004,54004,ladder_a05_lin_r02,prps,1407,-21,-0.395596,-3,0,-3,-0.00785398,-0.45000,prps,0,767
6882,6.882,1,4004,54004,ladder_a05_lin_r02,prps,1409,-19,-0.359080,-1,0,-1,-0.00261799,-0.15000,prps,0,768
6887,6.887,1,4004,54004,ladder_a05_lin_r02,prps,1413,-15,-0.284751,2,0,2,0.00523599,0.30000,prps,0,769
6892,6.892,1,4004,54004,ladder_a05_lin_r02,prps,1418,-10,-0.186733,5,0,5,0.01308997,0.75000,prps,0,770
6897,6.897,1,4004,54004,ladder_a05_lin_r02,prps,1424,-4,-0.081308,6,0,6,0.01570796,0.90000,prps,0,771
6902,6.902,1,4004,54004,ladder_a05_lin_r02,prps,1429,1,0.015981,6,0,6,0.01570796,0.90000,prps,0,772
6907,6.907,1,4004,54004,ladder_a05_lin_r02,prps,1433,5,0.092785,6,0,6,0.01570796,0.90000,prps,0,773
6912,6.912,1,4004,54004,ladder_a05_lin_r02,prps,1436,8,0.141555,4,0,4,0.01047198,0.60000,prps,0,774
6917,6.917,1,4004,54004,ladder_a05_lin_r02,prps,1436,8,0.160056,3,0,3,0.00785398,0.45000,prps,0,775
6922,6.922,1,4004,54004,ladder_a05_lin_r02,prps,1436,8,0.150813,1,0,1,0.00261799,0.15000,prps,0,776
6927,6.927,1,4004,54004,ladder_a05_lin_r02,prps,1434,6,0.119716,0,0,0,0.00000000,0.00000,prps,0,777
6932,6.932,1,4004,54004,ladder_a05_lin_r02,prps,1432,4,0.074152,-2,0,-2,-0.00523599,-0.30000,prps,0,778
6937,6.937,1,4004,54004,ladder_a05_lin_r02,prps,1429,1,0.021120,-3,0,-3,-0.00785398,-0.45000,prps,0,779
6942,6.942,1,4004,54004,ladder_a05_lin_r02,prps,1426,-2,-0.034258,-3,0,-3,-0.00785398,-0.45000,prps,0,780
6947,6.947,1,4004,54004,ladder_a05_lin_r02,prps,1423,-5,-0.089537,-3,0,-3,-0.00785398,-0.45000,prps,0,781
6952,6.952,1,4004,54004,ladder_a05_lin_r02,prps,1420,-8,-0.144949,-3,0,-3,-0.00785398,-0.45000,prps,0,782
6957,6.957,1,4004,54004,ladder_a05_lin_r02,prps,1417,-11,-0.202662,-3,0,-3,-0.00785398,-0.45000,prps,0,783
6962,6.962,1,4004,54004,ladder_a05_lin_r02,prps,1414,-14,-0.265548,-3,0,-3,-0.00785398,-0.45000,prps,0,784
6967,6.967,1,4004,54004,ladder_a05_lin_r02,prps,1410,-18,-0.335791,-2,0,-2,-0.00523599,-0.30000,prps,0,785
6972,6.972,1,4004,54004,ladder_a05_lin_r02,prps,1406,-22,-0.413703,0,0,0,0.00000000,0.00000,prps,0,786
6977,6.977,1,4004,54004,ladder_a05_lin_r02,prps,1402,-26,-0.497030,2,0,2,0.00523599,0.30000,prps,0,787
6982,6.982,1,4004,54004,ladder_a05_lin_r02,prps,1397,-31,-0.580945,4,0,4,0.01047198,0.60000,prps,0,788
6987,6.987,1,4004,54004,ladder_a05_lin_r02,prps,1393,-35,-0.658703,6,0,6,0.01570796,0.90000,prps,0,789
6992,6.992,1,4004,54004,ladder_a05_lin_r02,prps,1390,-38,-0.722838,8,0,8,0.02094395,1.20000,prps,0,790
6997,6.997,1,4004,54004,ladder_a05_lin_r02,prps,1387,-41,-0.766610,11,0,11,0.02879793,1.65000,prps,0,791
7002,7.002,1,4004,54004,ladder_a05_lin_r02,prps,1386,-42,-0.785386,13,0,13,0.03403392,1.95000,prps,0,792
7007,7.007,1,4004,54004,ladder_a05_lin_r02,prps,1387,-41,-0.777646,15,0,15,0.03926991,2.25000,prps,0,793
7012,7.012,1,4004,54004,ladder_a05_lin_r02,prps,1388,-40,-0.745385,17,0,17,0.04450589,2.55000,prps,0,794
7017,7.017,1,4004,54004,ladder_a05_lin_r02,prps,1391,-37,-0.693840,19,0,19,0.04974188,2.85000,prps,0,795
7022,7.022,1,4004,54004,ladder_a05_lin_r02,prps,1395,-33,-0.630588,20,0,20,0.05235988,3.00000,prps,0,796
7027,7.027,1,4004,54004,ladder_a05_lin_r02,prps,1398,-30,-0.564223,20,0,20,0.05235988,3.00000,prps,0,797
7032,7.032,1,4004,54004,ladder_a05_lin_r02,prps,1401,-27,-0.502880,20,0,20,0.05235988,3.00000,prps,0,798
7037,7.037,1,4004,54004,ladder_a05_lin_r02,prps,1404,-24,-0.452918,20,0,20,0.05235988,3.00000,prps,0,799
7042,7.042,1,4004,54004,ladder_a05_lin_r02,prps,1406,-22,-0.418001,20,0,20,0.05235988,3.00000,prps,0,800
7047,7.047,1,4004,54004,ladder_a05_lin_r02,prps,1407,-21,-0.398752,20,0,20,0.05235988,3.00000,prps,0,801
7052,7.052,1,4004,54004,ladder_a05_lin_r02,prps,1407,-21,-0.392994,19,0,19,0.04974188,2.85000,prps,0,802
7057,7.057,1,4004,54004,ladder_a05_lin_r02,prps,1407,-21,-0.396490,18,0,18,0.04712389,2.70000,prps,0,803
7062,7.062,1,4004,54004,ladder_a05_lin_r02,prps,1407,-21,-0.403991,17,0,17,0.04450589,2.55000,prps,0,804
7067,7.067,1,4004,54004,ladder_a05_lin_r02,prps,1406,-22,-0.410341,16,0,16,0.04188790,2.40000,prps,0,805
7072,7.072,1,4004,54004,ladder_a05_lin_r02,prps,1406,-22,-0.411412,15,0,15,0.03926991,2.25000,prps,0,806
7077,7.077,1,4004,54004,ladder_a05_lin_r02,prps,1407,-21,-0.404702,15,0,15,0.03926991,2.25000,prps,0,807
7082,7.082,1,4004,54004,ladder_a05_lin_r02,prps,1407,-21,-0.389512,15,0,15,0.03926991,2.25000,prps,0,808
7087,7.087,1,4004,54004,ladder_a05_lin_r02,prps,1409,-19,-0.366740,15,0,15,0.03926991,2.25000,prps,0,809
7092,7.092,1,4004,54004,ladder_a05_lin_r02,prps,1410,-18,-0.338397,15,0,15,0.03926991,2.25000,prps,0,810
7097,7.097,1,4004,54004,ladder_a05_lin_r02,prps,1412,-16,-0.307030,14,0,14,0.03665191,2.10000,prps,0,811
7102,7.102,1,4004,54004,ladder_a05_lin_r02,prps,1413,-15,-0.275203,13,0,13,0.03403392,1.95000,prps,0,812
7107,7.107,1,4004,54004,ladder_a05_lin_r02,prps,1415,-13,-0.245174,12,0,12,0.03141592,1.80000,prps,0,813
7112,7.112,1,4004,54004,ladder_a05_lin_r02,prps,1416,-12,-0.218820,11,0,11,0.02879793,1.65000,prps,0,814
7117,7.117,1,4004,54004,ladder_a05_lin_r02,prps,1418,-10,-0.197768,10,0,10,0.02617994,1.50000,prps,0,815
7122,7.122,1,4004,54004,ladder_a05_lin_r02,prps,1418,-10,-0.183629,9,0,9,0.02356194,1.35000,prps,0,816
7127,7.127,1,4004,54004,ladder_a05_lin_r02,prps,1419,-9,-0.178189,8,0,8,0.02094395,1.20000,prps,0,817
7132,7.132,1,4004,54004,ladder_a05_lin_r02,prps,1418,-10,-0.183432,7,0,7,0.01832596,1.05000,prps,0,818
7137,7.137,1,4004,54004,ladder_a05_lin_r02,prps,1417,-11,-0.201295,6,0,6,0.01570796,0.90000,prps,0,819
7142,7.142,1,4004,54004,ladder_a05_lin_r02,prps,1416,-12,-0.233172,6,0,6,0.01570796,0.90000,prps,0,820
7147,7.147,1,4004,54004,ladder_a05_lin_r02,prps,1413,-15,-0.279262,6,0,6,0.01570796,0.90000,prps,0,821
7152,7.152,1,4004,54004,ladder_a05_lin_r02,prps,1410,-18,-0.337929,6,0,6,0.01570796,0.90000,prps,0,822
7157,7.157,1,4004,54004,ladder_a05_lin_r02,prps,1407,-21,-0.405290,6,0,6,0.01570796,0.90000,prps,0,823
7162,7.162,1,4004,54004,ladder_a05_lin_r02,prps,1403,-25,-0.475217,6,0,6,0.01570796,0.90000,prps,0,824
7167,7.167,1,4004,54004,ladder_a05_lin_r02,prps,1399,-29,-0.539869,6,0,6,0.01570796,0.90000,prps,0,825
7172,7.172,1,4004,54004,ladder_a05_lin_r02,prps,1397,-31,-0.590745,7,0,7,0.01832596,1.05000,prps,0,826
7177,7.177,1,4004,54004,ladder_a05_lin_r02,prps,1395,-33,-0.620134,8,0,8,0.02094395,1.20000,prps,0,827
7182,7.182,1,4004,54004,ladder_a05_lin_r02,prps,1395,-33,-0.622686,9,0,9,0.02356194,1.35000,prps,0,828
7187,7.187,1,4004,54004,ladder_a05_lin_r02,prps,1396,-32,-0.596785,11,0,11,0.02879793,1.65000,prps,0,829
7192,7.192,1,4004,54004,ladder_a05_lin_r02,prps,1399,-29,-0.545399,13,0,13,0.03403392,1.95000,prps,0,830
7197,7.197,1,4004,54004,ladder_a05_lin_r02,prps,1403,-25,-0.476123,14,0,14,0.03665191,2.10000,prps,0,831
7202,7.202,1,4004,54004,ladder_a05_lin_r02,prps,1407,-21,-0.400324,15,0,15,0.03926991,2.25000,prps,0,832
7207,7.207,1,4004,54004,ladder_a05_lin_r02,prps,1410,-18,-0.331449,15,0,15,0.03926991,2.25000,prps,0,833
7212,7.212,1,4004,54004,ladder_a05_lin_r02,prps,1413,-15,-0.282739,15,0,15,0.03926991,2.25000,prps,0,834
7217,7.217,1,4004,54004,ladder_a05_lin_r02,prps,1414,-14,-0.264768,15,0,15,0.03926991,2.25000,prps,0,835
7222,7.222,1,4004,54004,ladder_a05_lin_r02,prps,1413,-15,-0.283288,15,0,15,0.03926991,2.25000,prps,0,836
7227,7.227,1,4004,54004,ladder_a05_lin_r02,prps,1410,-18,-0.337827,14,0,14,0.03665191,2.10000,prps,0,837
7232,7.232,1,4004,54004,ladder_a05_lin_r02,prps,1406,-22,-0.421396,13,0,13,0.03403392,1.95000,prps,0,838
7237,7.237,1,4004,54004,ladder_a05_lin_r02,prps,1400,-28,-0.521417,12,0,12,0.03141592,1.80000,prps,0,839
7242,7.242,1,4004,54004,ladder_a05_lin_r02,prps,1395,-33,-0.621798,12,0,12,0.03141592,1.80000,prps,0,840
7247,7.247,1,4004,54004,ladder_a05_lin_r02,prps,1391,-37,-0.705782,12,0,12,0.03141592,1.80000,prps,0,841
7252,7.252,1,4004,54004,ladder_a05_lin_r02,prps,1388,-40,-0.759064,12,0,12,0.03141592,1.80000,prps,0,842
7257,7.257,1,4004,54004,ladder_a05_lin_r02,prps,1387,-41,-0.772565,12,0,12,0.03141592,1.80000,prps,0,843
7262,7.262,1,4004,54004,ladder_a05_lin_r02,prps,1389,-39,-0.744306,14,0,14,0.03665191,2.10000,prps,0,844
7267,7.267,1,4004,54004,ladder_a05_lin_r02,prps,1392,-36,-0.679965,16,0,16,0.04188790,2.40000,prps,0,845
7272,7.272,1,4004,54004,ladder_a05_lin_r02,prps,1397,-31,-0.591974,18,0,18,0.04712389,2.70000,prps,0,846
7277,7.277,1,4004,54004,ladder_a05_lin_r02,prps,1402,-26,-0.497279,19,0,19,0.04974188,2.85000,prps,0,847
7282,7.282,1,4004,54004,ladder_a05_lin_r02,prps,1406,-22,-0.414176,19,0,19,0.04974188,2.85000,prps,0,848
7287,7.287,1,4004,54004,ladder_a05_lin_r02,prps,1409,-19,-0.358830,19,0,19,0.04974188,2.85000,prps,0,849
7292,7.292,1,4004,54004,ladder_a05_lin_r02,prps,1410,-18,-0.342170,19,0,19,0.04974188,2.85000,prps,0,850
7297,7.297,1,4004,54004,ladder_a05_lin_r02,prps,1409,-19,-0.367788,18,0,18,0.04712389,2.70000,prps,0,851
7302,7.302,1,4004,54004,ladder_a05_lin_r02,prps,1405,-23,-0.431292,16,0,16,0.04188790,2.40000,prps,0,852
7307,7.307,1,4004,54004,ladder_a05_lin_r02,prps,1400,-28,-0.521256,15,0,15,0.03926991,2.25000,prps,0,853
7312,7.312,1,4004,54004,ladder_a05_lin_r02,prps,1395,-33,-0.621599,14,0,14,0.03665191,2.10000,prps,0,854
7317,7.317,1,4004,54004,ladder_a05_lin_r02,prps,1390,-38,-0.714926,14,0,14,0.03665191,2.10000,prps,0,855
7322,7.322,1,4004,54004,ladder_a05_lin_r02,prps,1386,-42,-0.786145,14,0,14,0.03665191,2.10000,prps,0,856
7327,7.327,1,4004,54004,ladder_a05_lin_r02,prps,1384,-44,-0.825600,14,0,14,0.03665191,2.10000,prps,0,857
7332,7.332,1,4004,54004,ladder_a05_lin_r02,prps,1384,-44,-0.831059,15,0,15,0.03926991,2.25000,prps,0,858
7337,7.337,1,4004,54004,ladder_a05_lin_r02,prps,1385,-43,-0.808108,17,0,17,0.04450589,2.55000,prps,0,859
7342,7.342,1,4004,54004,ladder_a05_lin_r02,prps,1387,-41,-0.768825,19,0,19,0.04974188,2.85000,prps,0,860
7347,7.347,1,4004,54004,ladder_a05_lin_r02,prps,1389,-39,-0.728984,20,0,20,0.05235988,3.00000,prps,0,861
7352,7.352,1,4004,54004,ladder_a05_lin_r02,prps,1391,-37,-0.704342,21,0,21,0.05497787,3.15000,prps,0,862
7357,7.357,1,4004,54004,ladder_a05_lin_r02,prps,1391,-37,-0.706782,21,0,21,0.05497787,3.15000,prps,0,863
7362,7.362,1,4004,54004,ladder_a05_lin_r02,prps,1389,-39,-0.741133,21,0,21,0.05497787,3.15000,prps,0,864
7367,7.367,1,4004,54004,ladder_a05_lin_r02,prps,1385,-43,-0.803402,21,0,21,0.05497787,3.15000,prps,0,865
7372,7.372,1,4004,54004,ladder_a05_lin_r02,prps,1381,-47,-0.880838,21,0,21,0.05497787,3.15000,prps,0,866
7377,7.377,1,4004,54004,ladder_a05_lin_r02,prps,1377,-51,-0.953927,22,0,22,0.05759586,3.30000,prps,0,867
7382,7.382,1,4004,54004,ladder_a05_lin_r02,prps,1375,-53,-1.000000,22,0,22,0.05759586,3.30000,prps,0,868
7387,7.387,1,4004,54004,ladder_a05_lin_r02,prps,1375,-53,-0.997780,24,0,24,0.06283185,3.60000,prps,0,869
7392,7.392,1,4004,54004,ladder_a05_lin_r02,prps,1379,-49,-0.931990,25,0,25,0.06544985,3.75000,prps,0,870
7397,7.397,1,4004,54004,ladder_a05_lin_r02,prps,1386,-42,-0.797093,26,0,26,0.06806784,3.90000,prps,0,871
7402,7.402,1,4004,54004,ladder_a05_lin_r02,prps,1396,-32,-0.599353,27,0,27,0.07068583,4.05000,prps,0,872
7407,7.407,1,4004,54004,ladder_a05_lin_r02,prps,1409,-19,-0.356746,27,0,27,0.07068583,4.05000,prps,0,873
7412,7.412,1,4004,54004,ladder_a05_lin_r02,prps,1423,-5,-0.096606,27,0,27,0.07068583,4.05000,prps,0,874
7417,7.417,1,4004,54004,ladder_a05_lin_r02,prps,1436,8,0.148620,25,0,25,0.06544985,3.75000,prps,0,875
7422,7.422,1,4004,54004,ladder_a05_lin_r02,prps,1446,18,0.346788,22,0,22,0.05759586,3.30000,prps,0,876
7427,7.427,1,4004,54004,ladder_a05_lin_r02,prps,1453,25,0.471660,17,0,17,0.04450589,2.55000,prps,0,877
7432,7.432,1,4004,54004,ladder_a05_lin_r02,prps,1455,27,0.507664,12,0,12,0.03141592,1.80000,prps,0,878
7437,7.437,1,4004,54004,ladder_a05_lin_r02,prps,1452,24,0.452905,6,0,6,0.01570796,0.90000,prps,0,879
7442,7.442,1,4004,54004,ladder_a05_lin_r02,prps,1445,17,0.319833,1,0,1,0.00261799,0.15000,prps,0,880
7447,7.447,1,4004,54004,ladder_a05_lin_r02,prps,1435,7,0.133409,-3,0,-3,-0.00785398,-0.45000,prps,0,881
7452,7.452,1,4004,54004,ladder_a05_lin_r02,prps,1424,-4,-0.072925,-7,0,-7,-0.01832596,-1.05000,prps,0,882
7457,7.457,1,4004,54004,ladder_a05_lin_r02,prps,1414,-14,-0.262783,-8,0,-8,-0.02094395,-1.20000,prps,0,883
7462,7.462,1,4004,54004,ladder_a05_lin_r02,prps,1407,-21,-0.402883,-8,0,-8,-0.02094395,-1.20000,prps,0,884
7467,7.467,1,4004,54004,ladder_a05_lin_r02,prps,1403,-25,-0.468535,-6,0,-6,-0.01570796,-0.90000,prps,0,885
7472,7.472,1,4004,54004,ladder_a05_lin_r02,prps,1404,-24,-0.447618,-4,0,-4,-0.01047198,-0.60000,prps,0,886
7477,7.477,1,4004,54004,ladder_a05_lin_r02,prps,1410,-18,-0.342352,-1,0,-1,-0.00261799,-0.15000,prps,0,887
7482,7.482,1,4004,54004,ladder_a05_lin_r02,prps,1419,-9,-0.168612,2,0,2,0.00523599,0.30000,prps,0,888
7487,7.487,1,4004,54004,ladder_a05_lin_r02,prps,1430,2,0.047044,5,0,5,0.01308997,0.75000,prps,0,889
7492,7.492,1,4004,54004,ladder_a05_lin_r02,prps,1442,14,0.272048,6,0,6,0.01570796,0.90000,prps,0,890
7497,7.497,1,4004,54004,ladder_a05_lin_r02,prps,1453,25,0.473318,6,0,6,0.01570796,0.90000,prps,0,891
7502,7.502,1,4004,54004,ladder_a05_lin_r02,prps,1461,33,0.622596,4,0,4,0.01047198,0.60000,prps,0,892
7507,7.507,1,4004,54004,ladder_a05_lin_r02,prps,1465,37,0.700700,1,0,1,0.00261799,0.15000,prps,0,893
7512,7.512,1,4004,54004,ladder_a05_lin_r02,prps,1465,37,0.700027,-3,0,-3,-0.00785398,-0.45000,prps,0,894
7517,7.517,1,4004,54004,ladder_a05_lin_r02,prps,1461,33,0.624960,-7,0,-7,-0.01832596,-1.05000,prps,0,895
7522,7.522,1,4004,54004,ladder_a05_lin_r02,prps,1454,26,0.490262,-11,0,-11,-0.02879793,-1.65000,prps,0,896
7527,7.527,1,4004,54004,ladder_a05_lin_r02,prps,1445,17,0.317871,-15,0,-15,-0.03926991,-2.25000,prps,0,897
7532,7.532,1,4004,54004,ladder_a05_lin_r02,prps,1435,7,0.132802,-17,0,-17,-0.04450589,-2.55000,prps,0,898
7537,7.537,1,4004,54004,ladder_a05_lin_r02,prps,1426,-2,-0.041063,-18,0,-18,-0.04712389,-2.70000,prps,0,899
7542,7.542,1,4004,54004,ladder_a05_lin_r02,prps,1418,-10,-0.184524,-17,0,-17,-0.04450589,-2.55000,prps,0,900
7547,7.547,1,4004,54004,ladder_a05_lin_r02,prps,1413,-15,-0.285391,-15,0,-15,-0.03926991,-2.25000,prps,0,901
7552,7.552,1,4004,54004,ladder_a05_lin_r02,prps,1410,-18,-0.339308,-12,0,-12,-0.03141592,-1.80000,prps,0,902
7557,7.557,1,4004,54004,ladder_a05_lin_r02,prps,1409,-19,-0.349094,-10,0,-10,-0.02617994,-1.50000,prps,0,903
7562,7.562,1,4004,54004,ladder_a05_lin_r02,prps,1411,-17,-0.322921,-7,0,-7,-0.01832596,-1.05000,prps,0,904
7567,7.567,1,4004,54004,ladder_a05_lin_r02,prps,1414,-14,-0.271834,-3,0,-3,-0.00785398,-0.45000,prps,0,905
7572,7.572,1,4004,54004,ladder_a05_lin_r02,prps,1417,-11,-0.207194,0,0,0,0.00000000,0.00000,prps,0,906
7577,7.577,1,4004,54004,ladder_a05_lin_r02,prps,1421,-7,-0.138579,3,0,3,0.00785398,0.45000,prps,0,907
7582,7.582,1,4004,54004,ladder_a05_lin_r02,prps,1424,-4,-0.072499,3,0,3,0.00785398,0.45000,prps,0,908
7587,7.587,1,4004,54004,ladder_a05_lin_r02,prps,1427,-1,-0.012092,4,0,4,0.01047198,0.60000,prps,0,909
7592,7.592,1,4004,54004,ladder_a05_lin_r02,prps,1430,2,0.042304,4,0,4,0.01047198,0.60000,prps,0,910
7597,7.597,1,4004,54004,ladder_a05_lin_r02,prps,1433,5,0.091975,3,0,3,0.00785398,0.45000,prps,0,911
7602,7.602,1,4004,54004,ladder_a05_lin_r02,prps,1435,7,0.138451,2,0,2,0.00523599,0.30000,prps,0,912
7607,7.607,1,4004,54004,ladder_a05_lin_r02,prps,1438,10,0.182319,1,0,1,0.00261799,0.15000,prps,0,913
7612,7.612,1,4004,54004,ladder_a05_lin_r02,prps,1440,12,0.222544,1,0,1,0.00261799,0.15000,prps,0,914
7617,7.617,1,4004,54004,ladder_a05_lin_r02,prps,1442,14,0.256460,-1,0,-1,-0.00261799,-0.15000,prps,0,915
7622,7.622,1,4004,54004,ladder_a05_lin_r02,prps,1443,15,0.280403,-3,0,-3,-0.00785398,-0.45000,prps,0,916
7627,7.627,1,4004,54004,ladder_a05_lin_r02,prps,1443,15,0.290774,-4,0,-4,-0.01047198,-0.60000,prps,0,917
7632,7.632,1,4004,54004,ladder_a05_lin_r02,prps,1443,15,0.285223,-6,0,-6,-0.01570796,-0.90000,prps,0,918
7637,7.637,1,4004,54004,ladder_a05_lin_r02,prps,1442,14,0.263607,-7,0,-7,-0.01832596,-1.05000,prps,0,919
7642,7.642,1,4004,54004,ladder_a05_lin_r02,prps,1440,12,0.228432,-9,0,-9,-0.02356194,-1.35000,prps,0,920
7647,7.647,1,4004,54004,ladder_a05_lin_r02,prps,1438,10,0.184627,-9,0,-9,-0.02356194,-1.35000,prps,0,921
7652,7.652,1,4004,54004,ladder_a05_lin_r02,prps,1435,7,0.138664,-9,0,-9,-0.02356194,-1.35000,prps,0,922
7657,7.657,1,4004,54004,ladder_a05_lin_r02,prps,1433,5,0.097209,-9,0,-9,-0.02356194,-1.35000,prps,0,923
7662,7.662,1,4004,54004,ladder_a05_lin_r02,prps,1431,3,0.065629,-9,0,-9,-0.02356194,-1.35000,prps,0,924
7667,7.667,1,4004,54004,ladder_a05_lin_r02,prps,1430,2,0.046720,-9,0,-9,-0.02356194,-1.35000,prps,0,925
7672,7.672,1,4004,54004,ladder_a05_lin_r02,prps,1430,2,0.039978,-9,0,-9,-0.02356194,-1.35000,prps,0,926
7677,7.677,1,4004,54004,ladder_a05_lin_r02,prps,1430,2,0.041647,-8,0,-8,-0.02094395,-1.20000,prps,0,927
7682,7.682,1,4004,54004,ladder_a05_lin_r02,prps,1430,2,0.045551,-8,0,-8,-0.02094395,-1.20000,prps,0,928
7687,7.687,1,4004,54004,ladder_a05_lin_r02,prps,1430,2,0.044594,-7,0,-7,-0.01832596,-1.05000,prps,0,929
7692,7.692,1,4004,54004,ladder_a05_lin_r02,prps,1430,2,0.032580,-7,0,-7,-0.01832596,-1.05000,prps,0,930
7697,7.697,1,4004,54004,ladder_a05_lin_r02,prps,1428,0,0.005961,-7,0,-7,-0.01832596,-1.05000,prps,0,931
7702,7.702,1,4004,54004,ladder_a05_lin_r02,prps,1426,-2,-0.034911,-7,0,-7,-0.01832596,-1.05000,prps,0,932
7707,7.707,1,4004,54004,ladder_a05_lin_r02,prps,1423,-5,-0.085351,-7,0,-7,-0.01832596,-1.05000,prps,0,933
7712,7.712,1,4004,54004,ladder_a05_lin_r02,prps,1421,-7,-0.136889,-6,0,-6,-0.01570796,-0.90000,prps,0,934
7717,7.717,1,4004,54004,ladder_a05_lin_r02,prps,1419,-9,-0.178743,-5,0,-5,-0.01308997,-0.75000,prps,0,935
7722,7.722,1,4004,54004,ladder_a05_lin_r02,prps,1417,-11,-0.199966,-4,0,-4,-0.01047198,-0.60000,prps,0,936
7727,7.727,1,4004,54004,ladder_a05_lin_r02,prps,1418,-10,-0.191830,-2,0,-2,-0.00523599,-0.30000,prps,0,937
7732,7.732,1,4004,54004,ladder_a05_lin_r02,prps,1420,-8,-0.149969,-1,0,-1,-0.00261799,-0.15000,prps,0,938
7737,7.737,1,4004,54004,ladder_a05_lin_r02,prps,1424,-4,-0.075799,1,0,1,0.00261799,0.15000,prps,0,939
7742,7.742,1,4004,54004,ladder_a05_lin_r02,prps,1429,1,0.023113,1,0,1,0.00261799,0.15000,prps,0,940
7747,7.747,1,4004,54004,ladder_a05_lin_r02,prps,1435,7,0.133889,1,0,1,0.00261799,0.15000,prps,0,941
7752,7.752,1,4004,54004,ladder_a05_lin_r02,prps,1441,13,0.240260,1,0,1,0.00261799,0.15000,prps,0,942
7757,7.757,1,4004,54004,ladder_a05_lin_r02,prps,1445,17,0.325274,1,0,1,0.00261799,0.15000,prps,0,943
7762,7.762,1,4004,54004,ladder_a05_lin_r02,prps,1448,20,0.374272,0,0,0,0.00000000,0.00000,prps,0,944
7767,7.767,1,4004,54004,ladder_a05_lin_r02,prps,1448,20,0.377607,-2,0,-2,-0.00523599,-0.30000,prps,0,945
7772,7.772,1,4004,54004,ladder_a05_lin_r02,prps,1446,18,0.332560,-4,0,-4,-0.01047198,-0.60000,prps,0,946
7777,7.777,1,4004,54004,ladder_a05_lin_r02,prps,1441,13,0.244098,-6,0,-6,-0.01570796,-0.90000,prps,0,947
7782,7.782,1,4004,54004,ladder_a05_lin_r02,prps,1435,7,0.124307,-8,0,-8,-0.02094395,-1.20000,prps,0,948
7787,7.787,1,4004,54004,ladder_a05_lin_r02,prps,1428,0,-0.009419,-9,0,-9,-0.02356194,-1.35000,prps,0,949
7792,7.792,1,4004,54004,ladder_a05_lin_r02,prps,1421,-7,-0.137101,-9,0,-9,-0.02356194,-1.35000,prps,0,950
7797,7.797,1,4004,54004,ladder_a05_lin_r02,prps,1415,-13,-0.239350,-9,0,-9,-0.02356194,-1.35000,prps,0,951
7802,7.802,1,4004,54004,ladder_a05_lin_r02,prps,1412,-16,-0.300425,-8,0,-8,-0.02094395,-1.20000,prps,0,952
7807,7.807,1,4004,54004,ladder_a05_lin_r02,prps,1412,-16,-0.310658,-7,0,-7,-0.01832596,-1.05000,prps,0,953
7812,7.812,1,4004,54004,ladder_a05_lin_r02,prps,1414,-14,-0.267857,-4,0,-4,-0.01047198,-0.60000,prps,0,954
7817,7.817,1,4004,54004,ladder_a05_lin_r02,prps,1419,-9,-0.177486,-1,0,-1,-0.00261799,-0.15000,prps,0,955
7822,7.822,1,4004,54004,ladder_a05_lin_r02,prps,1425,-3,-0.051653,1,0,1,0.00261799,0.15000,prps,0,956
7827,7.827,1,4004,54004,ladder_a05_lin_r02,prps,1433,5,0.092865,2,0,2,0.00523599,0.30000,prps,0,957
7832,7.832,1,4004,54004,ladder_a05_lin_r02,prps,1441,13,0.237175,3,0,3,0.00785398,0.45000,prps,0,958
7837,7.837,1,4004,54004,ladder_a05_lin_r02,prps,1447,19,0.362938,2,0,2,0.00523599,0.30000,prps,0,959
7842,7.842,1,4004,54004,ladder_a05_lin_r02,prps,1452,24,0.454744,1,0,1,0.00261799,0.15000,prps,0,960
7847,7.847,1,4004,54004,ladder_a05_lin_r02,prps,1455,27,0.501839,0,0,0,0.00000000,0.00000,prps,0,961
7852,7.852,1,4004,54004,ladder_a05_lin_r02,prps,1454,26,0.499027,-3,0,-3,-0.00785398,-0.45000,prps,0,962
7857,7.857,1,4004,54004,ladder_a05_lin_r02,prps,1452,24,0.446725,-6,0,-6,-0.01570796,-0.90000,prps,0,963
7862,7.862,1,4004,54004,ladder_a05_lin_r02,prps,1447,19,0.350304,-9,0,-9,-0.02356194,-1.35000,prps,0,964
7867,7.867,1,4004,54004,ladder_a05_lin_r02,prps,1440,12,0.218950,-12,0,-12,-0.03141592,-1.80000,prps,0,965
7872,7.872,1,4004,54004,ladder_a05_lin_r02,prps,1431,3,0.064303,-13,0,-13,-0.03403392,-1.95000,prps,0,966
7877,7.877,1,4004,54004,ladder_a05_lin_r02,prps,1423,-5,-0.100866,-14,0,-14,-0.03665191,-2.10000,prps,0,967
7882,7.882,1,4004,54004,ladder_a05_lin_r02,prps,1414,-14,-0.263772,-13,0,-13,-0.03403392,-1.95000,prps,0,968
7887,7.887,1,4004,54004,ladder_a05_lin_r02,prps,1406,-22,-0.412457,-11,0,-11,-0.02879793,-1.65000,prps,0,969
7892,7.892,1,4004,54004,ladder_a05_lin_r02,prps,1400,-28,-0.536356,-9,0,-9,-0.02356194,-1.35000,prps,0,970
7897,7.897,1,4004,54004,ladder_a05_lin_r02,prps,1395,-33,-0.626691,-6,0,-6,-0.01570796,-0.90000,prps,0,971
7902,7.902,1,4004,54004,ladder_a05_lin_r02,prps,1392,-36,-0.676788,-2,0,-2,-0.00523599,-0.30000,prps,0,972
7907,7.907,1,4004,54004,ladder_a05_lin_r02,prps,1392,-36,-0.682406,2,0,2,0.00523599,0.30000,prps,0,973
7912,7.912,1,4004,54004,ladder_a05_lin_r02,prps,1394,-34,-0.642114,6,0,6,0.01570796,0.90000,prps,0,974
7917,7.917,1,4004,54004,ladder_a05_lin_r02,prps,1398,-30,-0.557658,9,0,9,0.02356194,1.35000,prps,0,975
7922,7.922,1,4004,54004,ladder_a05_lin_r02,prps,1405,-23,-0.434219,12,0,12,0.03141592,1.80000,prps,0,976
7927,7.927,1,4004,54004,ladder_a05_lin_r02,prps,1413,-15,-0.280409,14,0,14,0.03665191,2.10000,prps,0,977
7932,7.932,1,4004,54004,ladder_a05_lin_r02,prps,1422,-6,-0.107880,15,0,15,0.03926991,2.25000,prps,0,978
7937,7.937,1,4004,54004,ladder_a05_lin_r02,prps,1432,4,0.069545,15,0,15,0.03926991,2.25000,prps,0,979
7942,7.942,1,4004,54004,ladder_a05_lin_r02,prps,1441,13,0.237187,14,0,14,0.03665191,2.10000,prps,0,980
7947,7.947,1,4004,54004,ladder_a05_lin_r02,prps,1448,20,0.381149,12,0,12,0.03141592,1.80000,prps,0,981
7952,7.952,1,4004,54004,ladder_a05_lin_r02,prps,1454,26,0.490059,8,0,8,0.02094395,1.20000,prps,0,982
7957,7.957,1,4004,54004,ladder_a05_lin_r02,prps,1458,30,0.556622,4,0,4,0.01047198,0.60000,prps,0,983
7962,7.962,1,4004,54004,ladder_a05_lin_r02,prps,1459,31,0.578697,0,0,0,0.00000000,0.00000,prps,0,984
7967,7.967,1,4004,54004,ladder_a05_lin_r02,prps,1458,30,0.559668,-5,0,-5,-0.01308997,-0.75000,prps,0,985
7972,7.972,1,4004,54004,ladder_a05_lin_r02,prps,1455,27,0.507999,-9,0,-9,-0.02356194,-1.35000,prps,0,986
7977,7.977,1,4004,54004,ladder_a05_lin_r02,prps,1451,23,0.435997,-12,0,-12,-0.03141592,-1.80000,prps,0,987
7982,7.982,1,4004,54004,ladder_a05_lin_r02,prps,1447,19,0.357980,-14,0,-14,-0.03665191,-2.10000,prps,0,988
7987,7.987,1,4004,54004,ladder_a05_lin_r02,prps,1443,15,0.288150,-16,0,-16,-0.04188790,-2.40000,prps,0,989
7992,7.992,1,4004,54004,ladder_a05_lin_r02,prps,1441,13,0.238531,-16,0,-16,-0.04188790,-2.40000,prps,0,990
7997,7.997,1,4004,54004,ladder_a05_lin_r02,prps,1440,12,0.217359,-16,0,-16,-0.04188790,-2.40000,prps,0,991
8002,8.002,1,4004,54004,ladder_a05_lin_r02,prps,1440,12,0.228163,-15,0,-15,-0.03926991,-2.25000,prps,0,992
8007,8.007,1,4004,54004,ladder_a05_lin_r02,prps,1442,14,0.269694,-15,0,-15,-0.03926991,-2.25000,prps,0,993
8012,8.012,1,4004,54004,ladder_a05_lin_r02,prps,1446,18,0.336669,-14,0,-14,-0.03665191,-2.10000,prps,0,994
8017,8.017,1,4004,54004,ladder_a05_lin_r02,prps,1450,22,0.421110,-14,0,-14,-0.03665191,-2.10000,prps,0,995
8022,8.022,1,4004,54004,ladder_a05_lin_r02,prps,1455,27,0.513990,-14,0,-14,-0.03665191,-2.10000,prps,0,996
8027,8.027,1,4004,54004,ladder_a05_lin_r02,prps,1460,32,0.606818,-14,0,-14,-0.03665191,-2.10000,prps,0,997
8032,8.032,1,4004,54004,ladder_a05_lin_r02,prps,1465,37,0.692825,-14,0,-14,-0.03665191,-2.10000,prps,0,998
8037,8.037,1,4004,54004,ladder_a05_lin_r02,prps,1469,41,0.767553,-15,0,-15,-0.03926991,-2.25000,prps,0,999
8042,8.042,1,4004,54004,ladder_a05_lin_r02,prps,1472,44,0.828760,-17,0,-17,-0.04450589,-2.55000,prps,0,1000
8047,8.047,1,4004,54004,ladder_a05_lin_r02,prps,1474,46,0.875764,-20,0,-20,-0.05235988,-3.00000,prps,0,1001
8052,8.052,1,4004,54004,ladder_a05_lin_r02,prps,1476,48,0.908459,-22,0,-22,-0.05759586,-3.30000,prps,0,1002
8057,8.057,1,4004,54004,ladder_a05_lin_r02,prps,1477,49,0.926328,-24,0,-24,-0.06283185,-3.60000,prps,0,1003
8062,8.062,1,4004,54004,ladder_a05_lin_r02,prps,1477,49,0.927795,-26,0,-26,-0.06806784,-3.90000,prps,0,1004
8067,8.067,1,4004,54004,ladder_a05_lin_r02,prps,1476,48,0.910137,-27,0,-27,-0.07068583,-4.05000,prps,0,1005
8072,8.072,1,4004,54004,ladder_a05_lin_r02,prps,1474,46,0.870061,-29,0,-29,-0.07592182,-4.35000,prps,0,1006
8077,8.077,1,4004,54004,ladder_a05_lin_r02,prps,1471,43,0.804843,-30,0,-30,-0.07853982,-4.50000,prps,0,1007
8082,8.082,1,4004,54004,ladder_a05_lin_r02,prps,1466,38,0.713785,-30,0,-30,-0.07853982,-4.50000,prps,0,1008
8087,8.087,1,4004,54004,ladder_a05_lin_r02,prps,1460,32,0.599588,-30,0,-30,-0.07853982,-4.50000,prps,0,1009
8092,8.092,1,4004,54004,ladder_a05_lin_r02,prps,1453,25,0.469249,-30,0,-30,-0.07853982,-4.50000,prps,0,1010
8097,8.097,1,4004,54004,ladder_a05_lin_r02,prps,1446,18,0.334125,-30,0,-30,-0.07853982,-4.50000,prps,0,1011
8102,8.102,1,4004,54004,ladder_a05_lin_r02,prps,1439,11,0.208994,-28,0,-28,-0.07330382,-4.20000,prps,0,1012
8107,8.107,1,4004,54004,ladder_a05_lin_r02,prps,1434,6,0.110132,-26,0,-26,-0.06806784,-3.90000,prps,0,1013
8112,8.112,1,4004,54004,ladder_a05_lin_r02,prps,1431,3,0.052686,-23,0,-23,-0.06021386,-3.45000,prps,0,1014
8117,8.117,1,4004,54004,ladder_a05_lin_r02,prps,1431,3,0.047805,-19,0,-19,-0.04974188,-2.85000,prps,0,1015
8122,8.122,1,4004,54004,ladder_a05_lin_r02,prps,1433,5,0.100091,-16,0,-16,-0.04188790,-2.40000,prps,0,1016
8127,8.127,1,4004,54004,ladder_a05_lin_r02,prps,1439,11,0.205959,-13,0,-13,-0.03403392,-1.95000,prps,0,1017
8132,8.132,1,4004,54004,ladder_a05_lin_r02,prps,1447,19,0.353318,-11,0,-11,-0.02879793,-1.65000,prps,0,1018
8137,8.137,1,4004,54004,ladder_a05_lin_r02,prps,1456,28,0.522799,-10,0,-10,-0.02617994,-1.50000,prps,0,1019
8142,8.142,1,4004,54004,ladder_a05_lin_r02,prps,1465,37,0.690421,-10,0,-10,-0.02617994,-1.50000,prps,0,1020
8147,8.147,1,4004,54004,ladder_a05_lin_r02,prps,1472,44,0.831299,-11,0,-11,-0.02879793,-1.65000,prps,0,1021
8152,8.152,1,4004,54004,ladder_a05_lin_r02,prps,1477,49,0.923787,-12,0,-12,-0.03141592,-1.80000,prps,0,1022
8157,8.157,1,4004,54004,ladder_a05_lin_r02,prps,1479,51,0.953272,-15,0,-15,-0.03926991,-2.25000,prps,0,1023
8162,8.162,1,4004,54004,ladder_a05_lin_r02,prps,1476,48,0.914893,-18,0,-18,-0.04712389,-2.70000,prps,0,1024
8167,8.167,1,4004,54004,ladder_a05_lin_r02,prps,1471,43,0.814631,-22,0,-22,-0.05759586,-3.30000,prps,0,1025
8172,8.172,1,4004,54004,ladder_a05_lin_r02,prps,1463,35,0.668468,-25,0,-25,-0.06544985,-3.75000,prps,0,1026
8177,8.177,1,4004,54004,ladder_a05_lin_r02,prps,1454,26,0.499728,-27,0,-27,-0.07068583,-4.05000,prps,0,1027
8182,8.182,1,4004,54004,ladder_a05_lin_r02,prps,1446,18,0.335016,-27,0,-27,-0.07068583,-4.05000,prps,0,1028
8187,8.187,1,4004,54004,ladder_a05_lin_r02,prps,1439,11,0.199502,-27,0,-27,-0.07068583,-4.05000,prps,0,1029
8192,8.192,1,4004,54004,ladder_a05_lin_r02,prps,1434,6,0.112404,-26,0,-26,-0.06806784,-3.90000,prps,0,1030
8197,8.197,1,4004,54004,ladder_a05_lin_r02,prps,1432,4,0.083543,-23,0,-23,-0.06021386,-3.45000,prps,0,1031
8202,8.202,1,4004,54004,ladder_a05_lin_r02,prps,1434,6,0.111634,-20,0,-20,-0.05235988,-3.00000,prps,0,1032
8207,8.207,1,4004,54004,ladder_a05_lin_r02,prps,1438,10,0.184665,-16,0,-16,-0.04188790,-2.40000,prps,0,1033
8212,8.212,1,4004,54004,ladder_a05_lin_r02,prps,1443,15,0.282303,-14,0,-14,-0.03665191,-2.10000,prps,0,1034
8217,8.217,1,4004,54004,ladder_a05_lin_r02,prps,1448,20,0.379899,-12,0,-12,-0.03141592,-1.80000,prps,0,1035
8222,8.222,1,4004,54004,ladder_a05_lin_r02,prps,1452,24,0.453315,-11,0,-11,-0.02879793,-1.65000,prps,0,1036
8227,8.227,1,4004,54004,ladder_a05_lin_r02,prps,1454,26,0.483650,-12,0,-12,-0.03141592,-1.80000,prps,0,1037
8232,8.232,1,4004,54004,ladder_a05_lin_r02,prps,1452,24,0.460945,-12,0,-12,-0.03141592,-1.80000,prps,0,1038
8237,8.237,1,4004,54004,ladder_a05_lin_r02,prps,1448,20,0.386149,-13,0,-13,-0.03403392,-1.95000,prps,0,1039
8242,8.242,1,4004,54004,ladder_a05_lin_r02,prps,1442,14,0.270939,-14,0,-14,-0.03665191,-2.10000,prps,0,1040
8247,8.247,1,4004,54004,ladder_a05_lin_r02,prps,1435,7,0.135449,-14,0,-14,-0.03665191,-2.10000,prps,0,1041
8252,8.252,1,4004,54004,ladder_a05_lin_r02,prps,1428,0,0.004322,-14,0,-14,-0.03665191,-2.10000,prps,0,1042
8257,8.257,1,4004,54004,ladder_a05_lin_r02,prps,1423,-5,-0.098109,-14,0,-14,-0.03665191,-2.10000,prps,0,1043
8262,8.262,1,4004,54004,ladder_a05_lin_r02,prps,1420,-8,-0.152601,-14,0,-14,-0.03665191,-2.10000,prps,0,1044
8267,8.267,1,4004,54004,ladder_a05_lin_r02,prps,1420,-8,-0.148770,-12,0,-12,-0.03141592,-1.80000,prps,0,1045
8272,8.272,1,4004,54004,ladder_a05_lin_r02,prps,1423,-5,-0.087122,-9,0,-9,-0.02356194,-1.35000,prps,0,1046
8277,8.277,1,4004,54004,ladder_a05_lin_r02,prps,1429,1,0.021057,-6,0,-6,-0.01570796,-0.90000,prps,0,1047
8282,8.282,1,4004,54004,ladder_a05_lin_r02,prps,1436,8,0.155928,-4,0,-4,-0.01047198,-0.60000,prps,0,1048
8287,8.287,1,4004,54004,ladder_a05_lin_r02,prps,1444,16,0.292998,-3,0,-3,-0.00785398,-0.45000,prps,0,1049
8292,8.292,1,4004,54004,ladder_a05_lin_r02,prps,1450,22,0.407932,-3,0,-3,-0.00785398,-0.45000,prps,0,1050
8297,8.297,1,4004,54004,ladder_a05_lin_r02,prps,1454,26,0.481306,-4,0,-4,-0.01047198,-0.60000,prps,0,1051
8302,8.302,1,4004,54004,ladder_a05_lin_r02,prps,1455,27,0.502388,-6,0,-6,-0.01570796,-0.90000,prps,0,1052
8307,8.307,1,4004,54004,ladder_a05_lin_r02,prps,1453,25,0.471187,-7,0,-7,-0.01832596,-1.05000,prps,0,1053
8312,8.312,1,4004,54004,ladder_a05_lin_r02,prps,1449,21,0.398381,-9,0,-9,-0.02356194,-1.35000,prps,0,1054
8317,8.317,1,4004,54004,ladder_a05_lin_r02,prps,1444,16,0.303154,-12,0,-12,-0.03141592,-1.80000,prps,0,1055
8322,8.322,1,4004,54004,ladder_a05_lin_r02,prps,1439,11,0.209355,-13,0,-13,-0.03403392,-1.95000,prps,0,1056
8327,8.327,1,4004,54004,ladder_a05_lin_r02,prps,1435,7,0.140762,-14,0,-14,-0.03665191,-2.10000,prps,0,1057
8332,8.332,1,4004,54004,ladder_a05_lin_r02,prps,1434,6,0.116371,-14,0,-14,-0.03665191,-2.10000,prps,0,1058
8337,8.337,1,4004,54004,ladder_a05_lin_r02,prps,1436,8,0.146623,-14,0,-14,-0.03665191,-2.10000,prps,0,1059
8342,8.342,1,4004,54004,ladder_a05_lin_r02,prps,1440,12,0.231308,-13,0,-13,-0.03403392,-1.95000,prps,0,1060
8347,8.347,1,4004,54004,ladder_a05_lin_r02,prps,1447,19,0.359532,-13,0,-13,-0.03403392,-1.95000,prps,0,1061
8352,8.352,1,4004,54004,ladder_a05_lin_r02,prps,1455,27,0.511727,-12,0,-12,-0.03141592,-1.80000,prps,0,1062
8357,8.357,1,4004,54004,ladder_a05_lin_r02,prps,1463,35,0.663308,-12,0,-12,-0.03141592,-1.80000,prps,0,1063
8362,8.362,1,4004,54004,ladder_a05_lin_r02,prps,1470,42,0.789242,-12,0,-12,-0.03141592,-1.80000,prps,0,1064
8367,8.367,1,4004,54004,ladder_a05_lin_r02,prps,1474,46,0.868653,-13,0,-13,-0.03403392,-1.95000,prps,0,1065
8372,8.372,1,4004,54004,ladder_a05_lin_r02,prps,1475,47,0.888583,-16,0,-16,-0.04188790,-2.40000,prps,0,1066
8377,8.377,1,4004,54004,ladder_a05_lin_r02,prps,1473,45,0.846214,-19,0,-19,-0.04974188,-2.85000,prps,0,1067
8382,8.382,1,4004,54004,ladder_a05_lin_r02,prps,1468,40,0.749167,-22,0,-22,-0.05759586,-3.30000,prps,0,1068
8387,8.387,1,4004,54004,ladder_a05_lin_r02,prps,1461,33,0.613876,-25,0,-25,-0.06544985,-3.75000,prps,0,1069
8392,8.392,1,4004,54004,ladder_a05_lin_r02,prps,1453,25,0.462386,-26,0,-26,-0.06806784,-3.90000,prps,0,1070
8397,8.397,1,4004,54004,ladder_a05_lin_r02,prps,1445,17,0.318237,-26,0,-26,-0.06806784,-3.90000,prps,0,1071
8402,8.402,1,4004,54004,ladder_a05_lin_r02,prps,1439,11,0.202223,-26,0,-26,-0.06806784,-3.90000,prps,0,1072
8407,8.407,1,4004,54004,ladder_a05_lin_r02,prps,1435,7,0.128820,-25,0,-25,-0.06544985,-3.75000,prps,0,1073
8412,8.412,1,4004,54004,ladder_a05_lin_r02,prps,1434,6,0.103930,-22,0,-22,-0.05759586,-3.30000,prps,0,1074
8417,8.417,1,4004,54004,ladder_a05_lin_r02,prps,1435,7,0.124288,-19,0,-19,-0.04974188,-2.85000,prps,0,1075
8422,8.422,1,4004,54004,ladder_a05_lin_r02,prps,1437,9,0.178555,-16,0,-16,-0.04188790,-2.40000,prps,0,1076
8427,8.427,1,4004,54004,ladder_a05_lin_r02,prps,1441,13,0.249835,-14,0,-14,-0.03665191,-2.10000,prps,0,1077
8432,8.432,1,4004,54004,ladder_a05_lin_r02,prps,1445,17,0.319035,-12,0,-12,-0.03141592,-1.80000,prps,0,1078
8437,8.437,1,4004,54004,ladder_a05_lin_r02,prps,1448,20,0.368431,-11,0,-11,-0.02879793,-1.65000,prps,0,1079
8442,8.442,1,4004,54004,ladder_a05_lin_r02,prps,1448,20,0.384758,-11,0,-11,-0.02879793,-1.65000,prps,0,1080
8447,8.447,1,4004,54004,ladder_a05_lin_r02,prps,1447,19,0.361292,-11,0,-11,-0.02879793,-1.65000,prps,0,1081
8452,8.452,1,4004,54004,ladder_a05_lin_r02,prps,1444,16,0.298633,-12,0,-12,-0.03141592,-1.80000,prps,0,1082
8457,8.457,1,4004,54004,ladder_a05_lin_r02,prps,1439,11,0.204140,-12,0,-12,-0.03141592,-1.80000,prps,0,1083
8462,8.462,1,4004,54004,ladder_a05_lin_r02,prps,1433,5,0.090248,-12,0,-12,-0.03141592,-1.80000,prps,0,1084
8467,8.467,1,4004,54004,ladder_a05_lin_r02,prps,1427,-1,-0.027932,-12,0,-12,-0.03141592,-1.80000,prps,0,1085
8472,8.472,1,4004,54004,ladder_a05_lin_r02,prps,1421,-7,-0.135208,-12,0,-12,-0.03141592,-1.80000,prps,0,1086
8477,8.477,1,4004,54004,ladder_a05_lin_r02,prps,1416,-12,-0.218629,-12,0,-12,-0.03141592,-1.80000,prps,0,1087
8482,8.482,1,4004,54004,ladder_a05_lin_r02,prps,1414,-14,-0.269142,-10,0,-10,-0.02617994,-1.50000,prps,0,1088
8487,8.487,1,4004,54004,ladder_a05_lin_r02,prps,1413,-15,-0.282394,-7,0,-7,-0.01832596,-1.05000,prps,0,1089
8492,8.492,1,4004,54004,ladder_a05_lin_r02,prps,1414,-14,-0.258661,-4,0,-4,-0.01047198,-0.60000,prps,0,1090
8497,8.497,1,4004,54004,ladder_a05_lin_r02,prps,1417,-11,-0.202086,-2,0,-2,-0.00523599,-0.30000,prps,0,1091
8502,8.502,1,4004,54004,ladder_a05_lin_r02,prps,1422,-6,-0.119508,1,0,1,0.00261799,0.15000,prps,0,1092
8507,8.507,1,4004,54004,ladder_a05_lin_r02,prps,1427,-1,-0.019184,2,0,2,0.00523599,0.30000,prps,0,1093
8512,8.512,1,4004,54004,ladder_a05_lin_r02,prps,1433,5,0.090292,3,0,3,0.00785398,0.45000,prps,0,1094
8517,8.517,1,4004,54004,ladder_a05_lin_r02,prps,1439,11,0.200728,3,0,3,0.00785398,0.45000,prps,0,1095
8522,8.522,1,4004,54004,ladder_a05_lin_r02,prps,1444,16,0.304680,2,0,2,0.00523599,0.30000,prps,0,1096
8527,8.527,1,4004,54004,ladder_a05_lin_r02,prps,1449,21,0.395488,0,0,0,0.00000000,0.00000,prps,0,1097
8532,8.532,1,4004,54004,ladder_a05_lin_r02,prps,1453,25,0.467186,-2,0,-2,-0.00523599,-0.30000,prps,0,1098
8537,8.537,1,4004,54004,ladder_a05_lin_r02,prps,1455,27,0.514471,-4,0,-4,-0.01047198,-0.60000,prps,0,1099
8542,8.542,1,4004,54004,ladder_a05_lin_r02,prps,1456,28,0.532899,-6,0,-6,-0.01570796,-0.90000,prps,0,1100
8547,8.547,1,4004,54004,ladder_a05_lin_r02,prps,1456,28,0.519364,-9,0,-9,-0.02356194,-1.35000,prps,0,1101
8552,8.552,1,4004,54004,ladder_a05_lin_r02,prps,1453,25,0.472808,-11,0,-11,-0.02879793,-1.65000,prps,0,1102
8557,8.557,1,4004,54004,ladder_a05_lin_r02,prps,1449,21,0.395004,-13,0,-13,-0.03403392,-1.95000,prps,0,1103
8562,8.562,1,4004,54004,ladder_a05_lin_r02,prps,1443,15,0.291148,-15,0,-15,-0.03926991,-2.25000,prps,0,1104
8567,8.567,1,4004,54004,ladder_a05_lin_r02,prps,1437,9,0.170047,-16,0,-16,-0.04188790,-2.40000,prps,0,1105
8572,8.572,1,4004,54004,ladder_a05_lin_r02,prps,1430,2,0.043671,-16,0,-16,-0.04188790,-2.40000,prps,0,1106
8577,8.577,1,4004,54004,ladder_a05_lin_r02,prps,1424,-4,-0.073968,-16,0,-16,-0.04188790,-2.40000,prps,0,1107
8582,8.582,1,4004,54004,ladder_a05_lin_r02,prps,1419,-9,-0.168555,-14,0,-14,-0.03665191,-2.10000,prps,0,1108
8587,8.587,1,4004,54004,ladder_a05_lin_r02,prps,1416,-12,-0.227577,-13,0,-13,-0.03403392,-1.95000,prps,0,1109
8592,8.592,1,4004,54004,ladder_a05_lin_r02,prps,1415,-13,-0.242434,-11,0,-11,-0.02879793,-1.65000,prps,0,1110
8597,8.597,1,4004,54004,ladder_a05_lin_r02,prps,1417,-11,-0.210171,-8,0,-8,-0.02094395,-1.20000,prps,0,1111
8602,8.602,1,4004,54004,ladder_a05_lin_r02,prps,1421,-7,-0.134431,-5,0,-5,-0.01308997,-0.75000,prps,0,1112
8607,8.607,1,4004,54004,ladder_a05_lin_r02,prps,1427,-1,-0.025394,-2,0,-2,-0.00523599,-0.30000,prps,0,1113
8612,8.612,1,4004,54004,ladder_a05_lin_r02,prps,1433,5,0.101389,0,0,0,0.00000000,0.00000,prps,0,1114
8617,8.617,1,4004,54004,ladder_a05_lin_r02,prps,1440,12,0.227137,0,0,0,0.00000000,0.00000,prps,0,1115
8622,8.622,1,4004,54004,ladder_a05_lin_r02,prps,1446,18,0.332624,0,0,0,0.00000000,0.00000,prps,0,1116
8627,8.627,1,4004,54004,ladder_a05_lin_r02,prps,1449,21,0.401160,-1,0,-1,-0.00261799,-0.15000,prps,0,1117
8632,8.632,1,4004,54004,ladder_a05_lin_r02,prps,1450,22,0.421248,-3,0,-3,-0.00785398,-0.45000,prps,0,1118
8637,8.637,1,4004,54004,ladder_a05_lin_r02,prps,1449,21,0.388436,-5,0,-5,-0.01308997,-0.75000,prps,0,1119
8642,8.642,1,4004,54004,ladder_a05_lin_r02,prps,1444,16,0.306048,-6,0,-6,-0.01570796,-0.90000,prps,0,1120
8647,8.647,1,4004,54004,ladder_a05_lin_r02,prps,1438,10,0.184646,-9,0,-9,-0.02356194,-1.35000,prps,0,1121
8652,8.652,1,4004,54004,ladder_a05_lin_r02,prps,1430,2,0.040314,-10,0,-10,-0.02617994,-1.50000,prps,0,1122
8657,8.657,1,4004,54004,ladder_a05_lin_r02,prps,1422,-6,-0.107910,-11,0,-11,-0.02879793,-1.65000,prps,0,1123
8662,8.662,1,4004,54004,ladder_a05_lin_r02,prps,1415,-13,-0.241020,-11,0,-11,-0.02879793,-1.65000,prps,0,1124
8667,8.667,1,4004,54004,ladder_a05_lin_r02,prps,1410,-18,-0.342916,-10,0,-10,-0.02617994,-1.50000,prps,0,1125
8672,8.672,1,4004,54004,ladder_a05_lin_r02,prps,1407,-21,-0.402675,-8,0,-8,-0.02094395,-1.20000,prps,0,1126
8677,8.677,1,4004,54004,ladder_a05_lin_r02,prps,1406,-22,-0.415875,-5,0,-5,-0.01308997,-0.75000,prps,0,1127
8682,8.682,1,4004,54004,ladder_a05_lin_r02,prps,1408,-20,-0.384788,-2,0,-2,-0.00523599,-0.30000,prps,0,1128
8687,8.687,1,4004,54004,ladder_a05_lin_r02,prps,1411,-17,-0.317494,1,0,1,0.00261799,0.15000,prps,0,1129
8692,8.692,1,4004,54004,ladder_a05_lin_r02,prps,1416,-12,-0.226141,4,0,4,0.01047198,0.60000,prps,0,1130
8697,8.697,1,4004,54004,ladder_a05_lin_r02,prps,1421,-7,-0.124736,6,0,6,0.01570796,0.90000,prps,0,1131
8702,8.702,1,4004,54004,ladder_a05_lin_r02,prps,1427,-1,-0.026881,6,0,6,0.01570796,0.90000,prps,0,1132
8707,8.707,1,4004,54004,ladder_a05_lin_r02,prps,1431,3,0.056130,6,0,6,0.01570796,0.90000,prps,0,1133
8712,8.712,1,4004,54004,ladder_a05_lin_r02,prps,1434,6,0.116573,5,0,5,0.01308997,0.75000,prps,0,1134
8717,8.717,1,4004,54004,ladder_a05_lin_r02,prps,1436,8,0.150772,3,0,3,0.00785398,0.45000,prps,0,1135
8722,8.722,1,4004,54004,ladder_a05_lin_r02,prps,1436,8,0.158812,1,0,1,0.00261799,0.15000,prps,0,1136
8727,8.727,1,4004,54004,ladder_a05_lin_r02,prps,1436,8,0.143685,-1,0,-1,-0.00261799,-0.15000,prps,0,1137
8732,8.732,1,4004,54004,ladder_a05_lin_r02,prps,1434,6,0.110111,-1,0,-1,-0.00261799,-0.15000,prps,0,1138
8737,8.737,1,4004,54004,ladder_a05_lin_r02,prps,1431,3,0.063349,-3,0,-3,-0.00785398,-0.45000,prps,0,1139
8742,8.742,1,4004,54004,ladder_a05_lin_r02,prps,1428,0,0.008239,-3,0,-3,-0.00785398,-0.45000,prps,0,1140
8747,8.747,1,4004,54004,ladder_a05_lin_r02,prps,1425,-3,-0.051355,-3,0,-3,-0.00785398,-0.45000,prps,0,1141
8752,8.752,1,4004,54004,ladder_a05_lin_r02,prps,1422,-6,-0.112679,-3,0,-3,-0.00785398,-0.45000,prps,0,1142
8757,8.757,1,4004,54004,ladder_a05_lin_r02,prps,1419,-9,-0.173857,-3,0,-3,-0.00785398,-0.45000,prps,0,1143
8762,8.762,1,4004,54004,ladder_a05_lin_r02,prps,1416,-12,-0.233463,-3,0,-3,-0.00785398,-0.45000,prps,0,1144
8767,8.767,1,4004,54004,ladder_a05_lin_r02,prps,1413,-15,-0.290089,-3,0,-3,-0.00785398,-0.45000,prps,0,1145
8772,8.772,1,4004,54004,ladder_a05_lin_r02,prps,1410,-18,-0.342072,-2,0,-2,-0.00523599,-0.30000,prps,0,1146
8777,8.777,1,4004,54004,ladder_a05_lin_r02,prps,1407,-21,-0.387481,0,0,0,0.00000000,0.00000,prps,0,1147
8782,8.782,1,4004,54004,ladder_a05_lin_r02,prps,1406,-22,-0.424372,2,0,2,0.00523599,0.30000,prps,0,1148
8787,8.787,1,4004,54004,ladder_a05_lin_r02,prps,1404,-24,-0.451220,4,0,4,0.01047198,0.60000,prps,0,1149
8792,8.792,1,4004,54004,ladder_a05_lin_r02,prps,1403,-25,-0.467373,6,0,6,0.01570796,0.90000,prps,0,1150
8797,8.797,1,4004,54004,ladder_a05_lin_r02,prps,1403,-25,-0.473353,8,0,8,0.02094395,1.20000,prps,0,1151
8802,8.802,1,4004,54004,ladder_a05_lin_r02,prps,1403,-25,-0.470874,9,0,9,0.02356194,1.35000,prps,0,1152
8807,8.807,1,4004,54004,ladder_a05_lin_r02,prps,1403,-25,-0.462497,10,0,10,0.02617994,1.50000,prps,0,1153
8812,8.812,1,4004,54004,ladder_a05_lin_r02,prps,1404,-24,-0.450980,11,0,11,0.02879793,1.65000,prps,0,1154
8817,8.817,1,4004,54004,ladder_a05_lin_r02,prps,1405,-23,-0.438441,11,0,11,0.02879793,1.65000,prps,0,1155
8822,8.822,1,4004,54004,ladder_a05_lin_r02,prps,1405,-23,-0.425576,12,0,12,0.03141592,1.80000,prps,0,1156
8827,8.827,1,4004,54004,ladder_a05_lin_r02,prps,1406,-22,-0.411137,12,0,12,0.03141592,1.80000,prps,0,1157
8832,8.832,1,4004,54004,ladder_a05_lin_r02,prps,1407,-21,-0.391874,12,0,12,0.03141592,1.80000,prps,0,1158
8837,8.837,1,4004,54004,ladder_a05_lin_r02,prps,1409,-19,-0.363038,12,0,12,0.03141592,1.80000,prps,0,1159
8842,8.842,1,4004,54004,ladder_a05_lin_r02,prps,1411,-17,-0.319393,12,0,12,0.03141592,1.80000,prps,0,1160
8847,8.847,1,4004,54004,ladder_a05_lin_r02,prps,1414,-14,-0.256582,12,0,12,0.03141592,1.80000,prps,0,1161
8852,8.852,1,4004,54004,ladder_a05_lin_r02,prps,1419,-9,-0.172539,12,0,12,0.03141592,1.80000,prps,0,1162
8857,8.857,1,4004,54004,ladder_a05_lin_r02,prps,1424,-4,-0.068635,11,0,11,0.02879793,1.65000,prps,0,1163
8862,8.862,1,4004,54004,ladder_a05_lin_r02,prps,1431,3,0.049777,11,0,11,0.02879793,1.65000,prps,0,1164
8867,8.867,1,4004,54004,ladder_a05_lin_r02,prps,1437,9,0.173608,10,0,10,0.02617994,1.50000,prps,0,1165
8872,8.872,1,4004,54004,ladder_a05_lin_r02,prps,1443,15,0.291149,8,0,8,0.02094395,1.20000,prps,0,1166
8877,8.877,1,4004,54004,ladder_a05_lin_r02,prps,1449,21,0.389894,5,0,5,0.01308997,0.75000,prps,0,1167
8882,8.882,1,4004,54004,ladder_a05_lin_r02,prps,1452,24,0.458786,1,0,1,0.00261799,0.15000,prps,0,1168
8887,8.887,1,4004,54004,ladder_a05_lin_r02,prps,1454,26,0.490451,-2,0,-2,-0.00523599,-0.30000,prps,0,1169
8892,8.892,1,4004,54004,ladder_a05_lin_r02,prps,1454,26,0.482946,-5,0,-5,-0.01308997,-0.75000,prps,0,1170
8897,8.897,1,4004,54004,ladder_a05_lin_r02,prps,1451,23,0.440630,-8,0,-8,-0.02094395,-1.20000,prps,0,1171
8902,8.902,1,4004,54004,ladder_a05_lin_r02,prps,1448,20,0.373905,-11,0,-11,-0.02879793,-1.65000,prps,0,1172
8907,8.907,1,4004,54004,ladder_a05_lin_r02,prps,1444,16,0.297782,-13,0,-13,-0.03403392,-1.95000,prps,0,1173
8912,8.912,1,4004,54004,ladder_a05_lin_r02,prps,1440,12,0.229475,-14,0,-14,-0.03665191,-2.10000,prps,0,1174
8917,8.917,1,4004,54004,ladder_a05_lin_r02,prps,1438,10,0.185444,-14,0,-14,-0.03665191,-2.10000,prps,0,1175
8922,8.922,1,4004,54004,ladder_a05_lin_r02,prps,1437,9,0.178412,-14,0,-14,-0.03665191,-2.10000,prps,0,1176
8927,8.927,1,4004,54004,ladder_a05_lin_r02,prps,1439,11,0.214945,-14,0,-14,-0.03665191,-2.10000,prps,0,1177
8932,8.932,1,4004,54004,ladder_a05_lin_r02,prps,1444,16,0.294068,-13,0,-13,-0.03403392,-1.95000,prps,0,1178
8937,8.937,1,4004,54004,ladder_a05_lin_r02,prps,1450,22,0.407229,-12,0,-12,-0.03141592,-1.80000,prps,0,1179
8942,8.942,1,4004,54004,ladder_a05_lin_r02,prps,1457,29,0.539639,-12,0,-12,-0.03141592,-1.80000,prps,0,1180
8947,8.947,1,4004,54004,ladder_a05_lin_r02,prps,1464,36,0.672772,-12,0,-12,-0.03141592,-1.80000,prps,0,1181
8952,8.952,1,4004,54004,ladder_a05_lin_r02,prps,1470,42,0.787543,-13,0,-13,-0.03403392,-1.95000,prps,0,1182
8957,8.957,1,4004,54004,ladder_a05_lin_r02,prps,1474,46,0.867591,-15,0,-15,-0.03926991,-2.25000,prps,0,1183
8962,8.962,1,4004,54004,ladder_a05_lin_r02,prps,1476,48,0.902013,-17,0,-17,-0.04450589,-2.55000,prps,0,1184
8967,8.967,1,4004,54004,ladder_a05_lin_r02,prps,1475,47,0.887050,-20,0,-20,-0.05235988,-3.00000,prps,0,1185
8972,8.972,1,4004,54004,ladder_a05_lin_r02,prps,1472,44,0.826403,-23,0,-23,-0.06021386,-3.45000,prps,0,1186
8977,8.977,1,4004,54004,ladder_a05_lin_r02,prps,1467,39,0.730164,-26,0,-26,-0.06806784,-3.90000,prps,0,1187
8982,8.982,1,4004,54004,ladder_a05_lin_r02,prps,1460,32,0.612595,-27,0,-27,-0.07068583,-4.05000,prps,0,1188
8987,8.987,1,4004,54004,ladder_a05_lin_r02,prps,1454,26,0.489258,-27,0,-27,-0.07068583,-4.05000,prps,0,1189
8992,8.992,1,4004,54004,ladder_a05_lin_r02,prps,1448,20,0.374094,-27,0,-27,-0.07068583,-4.05000,prps,0,1190
8997,8.997,1,4004,54004,ladder_a05_lin_r02,prps,1443,15,0.277067,-27,0,-27,-0.07068583,-4.05000,prps,0,1191
9002,9.002,1,4004,54004,ladder_a05_lin_r02,prps,1439,11,0.202855,-25,0,-25,-0.06544985,-3.75000,prps,0,1192
9007,9.007,1,4004,54004,ladder_a05_lin_r02,prps,1436,8,0.150820,-23,0,-23,-0.06021386,-3.45000,prps,0,1193
9012,9.012,1,4004,54004,ladder_a05_lin_r02,prps,1434,6,0.116226,-20,0,-20,-0.05235988,-3.00000,prps,0,1194
9017,9.017,1,4004,54004,ladder_a05_lin_r02,prps,1433,5,0.092364,-17,0,-17,-0.04450589,-2.55000,prps,0,1195
9022,9.022,1,4004,54004,ladder_a05_lin_r02,prps,1432,4,0.073060,-15,0,-15,-0.03926991,-2.25000,prps,0,1196
9027,9.027,1,4004,54004,ladder_a05_lin_r02,prps,1431,3,0.054934,-13,0,-13,-0.03403392,-1.95000,prps,0,1197
9032,9.032,1,4004,54004,ladder_a05_lin_r02,prps,1430,2,0.038831,-11,0,-11,-0.02879793,-1.65000,prps,0,1198
9037,9.037,1,4004,54004,ladder_a05_lin_r02,prps,1430,2,0.030034,-10,0,-10,-0.02617994,-1.50000,prps,0,1199
9042,9.042,1,4004,54004,ladder_a05_lin_r02,prps,1430,2,0.037133,-8,0,-8,-0.02094395,-1.20000,prps,0,1200
9047,9.047,1,4004,54004,ladder_a05_lin_r02,prps,1432,4,0.069752,-7,0,-7,-0.01832596,-1.05000,prps,0,1201
9052,9.052,1,4004,54004,ladder_a05_lin_r02,prps,1435,7,0.135621,-7,0,-7,-0.01832596,-1.05000,prps,0,1202
9057,9.057,1,4004,54004,ladder_a05_lin_r02,prps,1441,13,0.237645,-7,0,-7,-0.01832596,-1.05000,prps,0,1203
9062,9.062,1,4004,54004,ladder_a05_lin_r02,prps,1448,20,0.371697,-7,0,-7,-0.01832596,-1.05000,prps,0,1204
9067,9.067,1,4004,54004,ladder_a05_lin_r02,prps,1456,28,0.525748,-7,0,-7,-0.01832596,-1.05000,prps,0,1205
9072,9.072,1,4004,54004,ladder_a05_lin_r02,prps,1464,36,0.680662,-7,0,-7,-0.01832596,-1.05000,prps,0,1206
9077,9.077,1,4004,54004,ladder_a05_lin_r02,prps,1471,43,0.812705,-8,0,-8,-0.02094395,-1.20000,prps,0,1207
9082,9.082,1,4004,54004,ladder_a05_lin_r02,prps,1476,48,0.897387,-10,0,-10,-0.02617994,-1.50000,prps,0,1208
9087,9.087,1,4004,54004,ladder_a05_lin_r02,prps,1476,48,0.913970,-14,0,-14,-0.03665191,-2.10000,prps,0,1209
9092,9.092,1,4004,54004,ladder_a05_lin_r02,prps,1473,45,0.849809,-17,0,-17,-0.04450589,-2.55000,prps,0,1210
9097,9.097,1,4004,54004,ladder_a05_lin_r02,prps,1465,37,0.703604,-21,0,-21,-0.05497787,-3.15000,prps,0,1211
9102,9.102,1,4004,54004,ladder_a05_lin_r02,prps,1454,26,0.486860,-24,0,-24,-0.06283185,-3.60000,prps,0,1212
9107,9.107,1,4004,54004,ladder_a05_lin_r02,prps,1440,12,0.223130,-26,0,-26,-0.06806784,-3.90000,prps,0,1213
9112,9.112,1,4004,54004,ladder_a05_lin_r02,prps,1425,-3,-0.054983,-25,0,-25,-0.06544985,-3.75000,prps,0,1214
9117,9.117,1,4004,54004,ladder_a05_lin_r02,prps,1412,-16,-0.310631,-25,0,-25,-0.06544985,-3.75000,prps,0,1215
9122,9.122,1,4004,54004,ladder_a05_lin_r02,prps,1401,-27,-0.508548,-22,0,-22,-0.05759586,-3.30000,prps,0,1216
9127,9.127,1,4004,54004,ladder_a05_lin_r02,prps,1395,-33,-0.620908,-17,0,-17,-0.04450589,-2.55000,prps,0,1217
9132,9.132,1,4004,54004,ladder_a05_lin_r02,prps,1394,-34,-0.632125,-12,0,-12,-0.03141592,-1.80000,prps,0,1218
9137,9.137,1,4004,54004,ladder_a05_lin_r02,prps,1399,-29,-0.541741,-6,0,-6,-0.01570796,-0.90000,prps,0,1219
9142,9.142,1,4004,54004,ladder_a05_lin_r02,prps,1409,-19,-0.364804,-1,0,-1,-0.00261799,-0.15000,prps,0,1220
9147,9.147,1,4004,54004,ladder_a05_lin_r02,prps,1421,-7,-0.129647,3,0,3,0.00785398,0.45000,prps,0,1221
9152,9.152,1,4004,54004,ladder_a05_lin_r02,prps,1435,7,0.126603,7,0,7,0.01832596,1.05000,prps,0,1222
9157,9.157,1,4004,54004,ladder_a05_lin_r02,prps,1447,19,0.363997,7,0,7,0.01832596,1.05000,prps,0,1223
9162,9.162,1,4004,54004,ladder_a05_lin_r02,prps,1457,29,0.546205,6,0,6,0.01570796,0.90000,prps,0,1224
9167,9.167,1,4004,54004,ladder_a05_lin_r02,prps,1462,34,0.646279,3,0,3,0.00785398,0.45000,prps,0,1225
9172,9.172,1,4004,54004,ladder_a05_lin_r02,prps,1462,34,0.650770,-1,0,-1,-0.00261799,-0.15000,prps,0,1226
9177,9.177,1,4004,54004,ladder_a05_lin_r02,prps,1458,30,0.561502,-4,0,-4,-0.01047198,-0.60000,prps,0,1227
9182,9.182,1,4004,54004,ladder_a05_lin_r02,prps,1449,21,0.394747,-8,0,-8,-0.02094395,-1.20000,prps,0,1228
9187,9.187,1,4004,54004,ladder_a05_lin_r02,prps,1437,9,0.178015,-12,0,-12,-0.03141592,-1.80000,prps,0,1229
9192,9.192,1,4004,54004,ladder_a05_lin_r02,prps,1425,-3,-0.054903,-14,0,-14,-0.03665191,-2.10000,prps,0,1230
9197,9.197,1,4004,54004,ladder_a05_lin_r02,prps,1414,-14,-0.269710,-14,0,-14,-0.03665191,-2.10000,prps,0,1231
9202,9.202,1,4004,54004,ladder_a05_lin_r02,prps,1405,-23,-0.437167,-13,0,-13,-0.03403392,-1.95000,prps,0,1232
9207,9.207,1,4004,54004,ladder_a05_lin_r02,prps,1400,-28,-0.537466,-12,0,-12,-0.03141592,-1.80000,prps,0,1233
9212,9.212,1,4004,54004,ladder_a05_lin_r02,prps,1398,-30,-0.562718,-8,0,-8,-0.02094395,-1.20000,prps,0,1234
9217,9.217,1,4004,54004,ladder_a05_lin_r02,prps,1401,-27,-0.517234,-4,0,-4,-0.01047198,-0.60000,prps,0,1235
9222,9.222,1,4004,54004,ladder_a05_lin_r02,prps,1406,-22,-0.415675,1,0,1,0.00261799,0.15000,prps,0,1236
9227,9.227,1,4004,54004,ladder_a05_lin_r02,prps,1413,-15,-0.279572,5,0,5,0.01308997,0.75000,prps,0,1237
9232,9.232,1,4004,54004,ladder_a05_lin_r02,prps,1421,-7,-0.132950,7,0,7,0.01832596,1.05000,prps,0,1238
9237,9.237,1,4004,54004,ladder_a05_lin_r02,prps,1428,0,0.002063,8,0,8,0.02094395,1.20000,prps,0,1239
9242,9.242,1,4004,54004,ladder_a05_lin_r02,prps,1434,6,0.108823,8,0,8,0.02094395,1.20000,prps,0,1240
9247,9.247,1,4004,54004,ladder_a05_lin_r02,prps,1437,9,0.178359,7,0,7,0.01832596,1.05000,prps,0,1241
9252,9.252,1,4004,54004,ladder_a05_lin_r02,prps,1439,11,0.209859,5,0,5,0.01308997,0.75000,prps,0,1242
9257,9.257,1,4004,54004,ladder_a05_lin_r02,prps,1439,11,0.209512,2,0,2,0.00523599,0.30000,prps,0,1243
9262,9.262,1,4004,54004,ladder_a05_lin_r02,prps,1438,10,0.188093,0,0,0,0.00000000,0.00000,prps,0,1244
9267,9.267,1,4004,54004,ladder_a05_lin_r02,prps,1436,8,0.157881,-2,0,-2,-0.00523599,-0.30000,prps,0,1245
9272,9.272,1,4004,54004,ladder_a05_lin_r02,prps,1435,7,0.129609,-3,0,-3,-0.00785398,-0.45000,prps,0,1246
9277,9.277,1,4004,54004,ladder_a05_lin_r02,prps,1434,6,0.110068,-5,0,-5,-0.01308997,-0.75000,prps,0,1247
9282,9.282,1,4004,54004,ladder_a05_lin_r02,prps,1433,5,0.100836,-5,0,-5,-0.01308997,-0.75000,prps,0,1248
9287,9.287,1,4004,54004,ladder_a05_lin_r02,prps,1433,5,0.098302,-5,0,-5,-0.01308997,-0.75000,prps,0,1249
9292,9.292,1,4004,54004,ladder_a05_lin_r02,prps,1433,5,0.094906,-5,0,-5,-0.01308997,-0.75000,prps,0,1250
9297,9.297,1,4004,54004,ladder_a05_lin_r02,prps,1432,4,0.081246,-5,0,-5,-0.01308997,-0.75000,prps,0,1251
9302,9.302,1,4004,54004,ladder_a05_lin_r02,prps,1431,3,0.048541,-5,0,-5,-0.01308997,-0.75000,prps,0,1252
9307,9.307,1,4004,54004,ladder_a05_lin_r02,prps,1428,0,-0.009098,-5,0,-5,-0.01308997,-0.75000,prps,0,1253
9312,9.312,1,4004,54004,ladder_a05_lin_r02,prps,1423,-5,-0.093069,-5,0,-5,-0.01308997,-0.75000,prps,0,1254
9317,9.317,1,4004,54004,ladder_a05_lin_r02,prps,1417,-11,-0.199679,-5,0,-5,-0.01308997,-0.75000,prps,0,1255
9322,9.322,1,4004,54004,ladder_a05_lin_r02,prps,1411,-17,-0.320613,-5,0,-5,-0.01308997,-0.75000,prps,0,1256
9327,9.327,1,4004,54004,ladder_a05_lin_r02,prps,1404,-24,-0.444354,-5,0,-5,-0.01308997,-0.75000,prps,0,1257
9332,9.332,1,4004,54004,ladder_a05_lin_r02,prps,1398,-30,-0.558210,-3,0,-3,-0.00785398,-0.45000,prps,0,1258
9337,9.337,1,4004,54004,ladder_a05_lin_r02,prps,1394,-34,-0.650518,0,0,0,0.00000000,0.00000,prps,0,1259
9342,9.342,1,4004,54004,ladder_a05_lin_r02,prps,1390,-38,-0.712579,3,0,3,0.00785398,0.45000,prps,0,1260
9347,9.347,1,4004,54004,ladder_a05_lin_r02,prps,1389,-39,-0.739966,7,0,7,0.01832596,1.05000,prps,0,1261
9352,9.352,1,4004,54004,ladder_a05_lin_r02,prps,1389,-39,-0.732983,10,0,10,0.02617994,1.50000,prps,0,1262
9357,9.357,1,4004,54004,ladder_a05_lin_r02,prps,1391,-37,-0.696266,13,0,13,0.03403392,1.95000,prps,0,1263
9362,9.362,1,4004,54004,ladder_a05_lin_r02,prps,1394,-34,-0.637671,15,0,15,0.03926991,2.25000,prps,0,1264
9367,9.367,1,4004,54004,ladder_a05_lin_r02,prps,1398,-30,-0.566731,17,0,17,0.04450589,2.55000,prps,0,1265
9372,9.372,1,4004,54004,ladder_a05_lin_r02,prps,1402,-26,-0.493031,18,0,18,0.04712389,2.70000,prps,0,1266
9377,9.377,1,4004,54004,ladder_a05_lin_r02,prps,1405,-23,-0.424811,18,0,18,0.04712389,2.70000,prps,0,1267
9382,9.382,1,4004,54004,ladder_a05_lin_r02,prps,1408,-20,-0.368036,18,0,18,0.04712389,2.70000,prps,0,1268
9387,9.387,1,4004,54004,ladder_a05_lin_r02,prps,1411,-17,-0.326035,18,0,18,0.04712389,2.70000,prps,0,1269
9392,9.392,1,4004,54004,ladder_a05_lin_r02,prps,1412,-16,-0.299669,18,0,18,0.04712389,2.70000,prps,0,1270
9397,9.397,1,4004,54004,ladder_a05_lin_r02,prps,1413,-15,-0.287878,16,0,16,0.04188790,2.40000,prps,0,1271
9402,9.402,1,4004,54004,ladder_a05_lin_r02,prps,1413,-15,-0.288399,15,0,15,0.03926991,2.25000,prps,0,1272
9407,9.407,1,4004,54004,ladder_a05_lin_r02,prps,1412,-16,-0.298418,13,0,13,0.03403392,1.95000,prps,0,1273
9412,9.412,1,4004,54004,ladder_a05_lin_r02,prps,1411,-17,-0.315015,12,0,12,0.03141592,1.80000,prps,0,1274
9417,9.417,1,4004,54004,ladder_a05_lin_r02,prps,1410,-18,-0.335315,11,0,11,0.02879793,1.65000,prps,0,1275
9422,9.422,1,4004,54004,ladder_a05_lin_r02,prps,1409,-19,-0.356384,10,0,10,0.02617994,1.50000,prps,0,1276
9427,9.427,1,4004,54004,ladder_a05_lin_r02,prps,1408,-20,-0.375006,10,0,10,0.02617994,1.50000,prps,0,1277
9432,9.432,1,4004,54004,ladder_a05_lin_r02,prps,1407,-21,-0.387499,10,0,10,0.02617994,1.50000,prps,0,1278
9437,9.437,1,4004,54004,ladder_a05_lin_r02,prps,1407,-21,-0.389745,10,0,10,0.02617994,1.50000,prps,0,1279
9442,9.442,1,4004,54004,ladder_a05_lin_r02,prps,1408,-20,-0.377538,10,0,10,0.02617994,1.50000,prps,0,1280
9447,9.447,1,4004,54004,ladder_a05_lin_r02,prps,1410,-18,-0.347252,10,0,10,0.02617994,1.50000,prps,0,1281
9452,9.452,1,4004,54004,ladder_a05_lin_r02,prps,1412,-16,-0.296724,10,0,10,0.02617994,1.50000,prps,0,1282
9457,9.457,1,4004,54004,ladder_a05_lin_r02,prps,1416,-12,-0.226164,10,0,10,0.02617994,1.50000,prps,0,1283
9462,9.462,1,4004,54004,ladder_a05_lin_r02,prps,1421,-7,-0.138838,10,0,10,0.02617994,1.50000,prps,0,1284
9467,9.467,1,4004,54004,ladder_a05_lin_r02,prps,1426,-2,-0.041289,10,0,10,0.02617994,1.50000,prps,0,1285
9472,9.472,1,4004,54004,ladder_a05_lin_r02,prps,1431,3,0.057059,9,0,9,0.02356194,1.35000,prps,0,1286
9477,9.477,1,4004,54004,ladder_a05_lin_r02,prps,1436,8,0.144942,7,0,7,0.01832596,1.05000,prps,0,1287
9482,9.482,1,4004,54004,ladder_a05_lin_r02,prps,1439,11,0.210851,5,0,5,0.01308997,0.75000,prps,0,1288
9487,9.487,1,4004,54004,ladder_a05_lin_r02,prps,1441,13,0.244909,3,0,3,0.00785398,0.45000,prps,0,1289
9492,9.492,1,4004,54004,ladder_a05_lin_r02,prps,1441,13,0.240696,0,0,0,0.00000000,0.00000,prps,0,1290
9497,9.497,1,4004,54004,ladder_a05_lin_r02,prps,1438,10,0.196664,-2,0,-2,-0.00523599,-0.30000,prps,0,1291
9502,9.502,1,4004,54004,ladder_a05_lin_r02,prps,1434,6,0.116807,-4,0,-4,-0.01047198,-0.60000,prps,0,1292
9507,9.507,1,4004,54004,ladder_a05_lin_r02,prps,1429,1,0.010405,-6,0,-6,-0.01570796,-0.90000,prps,0,1293
9512,9.512,1,4004,54004,ladder_a05_lin_r02,prps,1422,-6,-0.109181,-6,0,-6,-0.01570796,-0.90000,prps,0,1294
9517,9.517,1,4004,54004,ladder_a05_lin_r02,prps,1416,-12,-0.226493,-6,0,-6,-0.01570796,-0.90000,prps,0,1295
9522,9.522,1,4004,54004,ladder_a05_lin_r02,prps,1411,-17,-0.326416,-6,0,-6,-0.01570796,-0.90000,prps,0,1296
9527,9.527,1,4004,54004,ladder_a05_lin_r02,prps,1407,-21,-0.396630,-5,0,-5,-0.01308997,-0.75000,prps,0,1297
9532,9.532,1,4004,54004,ladder_a05_lin_r02,prps,1405,-23,-0.429641,-4,0,-4,-0.01047198,-0.60000,prps,0,1298
9537,9.537,1,4004,54004,ladder_a05_lin_r02,prps,1406,-22,-0.423989,-1,0,-1,-0.00261799,-0.15000,prps,0,1299
9542,9.542,1,4004,54004,ladder_a05_lin_r02,prps,1408,-20,-0.384418,2,0,2,0.00523599,0.30000,prps,0,1300
9547,9.547,1,4004,54004,ladder_a05_lin_r02,prps,1411,-17,-0.320960,5,0,5,0.01308997,0.75000,prps,0,1301
9552,9.552,1,4004,54004,ladder_a05_lin_r02,prps,1415,-13,-0.247101,7,0,7,0.01832596,1.05000,prps,0,1302
9557,9.557,1,4004,54004,ladder_a05_lin_r02,prps,1419,-9,-0.177384,7,0,7,0.01832596,1.05000,prps,0,1303
9562,9.562,1,4004,54004,ladder_a05_lin_r02,prps,1421,-7,-0.124875,7,0,7,0.01832596,1.05000,prps,0,1304
9567,9.567,1,4004,54004,ladder_a05_lin_r02,prps,1423,-5,-0.098973,7,0,7,0.01832596,1.05000,prps,0,1305
9572,9.572,1,4004,54004,ladder_a05_lin_r02,prps,1422,-6,-0.103952,6,0,6,0.01570796,0.90000,prps,0,1306
9577,9.577,1,4004,54004,ladder_a05_lin_r02,prps,1421,-7,-0.138470,5,0,5,0.01308997,0.75000,prps,0,1307
9582,9.582,1,4004,54004,ladder_a05_lin_r02,prps,1418,-10,-0.196099,4,0,4,0.01047198,0.60000,prps,0,1308
9587,9.587,1,4004,54004,ladder_a05_lin_r02,prps,1414,-14,-0.266739,3,0,3,0.00785398,0.45000,prps,0,1309
9592,9.592,1,4004,54004,ladder_a05_lin_r02,prps,1410,-18,-0.338589,3,0,3,0.00785398,0.45000,prps,0,1310
9597,9.597,1,4004,54004,ladder_a05_lin_r02,prps,1407,-21,-0.400301,3,0,3,0.00785398,0.45000,prps,0,1311
9602,9.602,1,4004,54004,ladder_a05_lin_r02,prps,1405,-23,-0.442886,3,0,3,0.00785398,0.45000,prps,0,1312
9607,9.607,1,4004,54004,ladder_a05_lin_r02,prps,1404,-24,-0.461055,5,0,5,0.01308997,0.75000,prps,0,1313
9612,9.612,1,4004,54004,ladder_a05_lin_r02,prps,1404,-24,-0.453791,6,0,6,0.01570796,0.90000,prps,0,1314
9617,9.617,1,4004,54004,ladder_a05_lin_r02,prps,1406,-22,-0.424115,7,0,7,0.01832596,1.05000,prps,0,1315
9622,9.622,1,4004,54004,ladder_a05_lin_r02,prps,1408,-20,-0.378188,9,0,9,0.02356194,1.35000,prps,0,1316
9627,9.627,1,4004,54004,ladder_a05_lin_r02,prps,1411,-17,-0.323993,10,0,10,0.02617994,1.50000,prps,0,1317
9632,9.632,1,4004,54004,ladder_a05_lin_r02,prps,1414,-14,-0.269904,10,0,10,0.02617994,1.50000,prps,0,1318
9637,9.637,1,4004,54004,ladder_a05_lin_r02,prps,1416,-12,-0.223442,10,0,10,0.02617994,1.50000,prps,0,1319
9642,9.642,1,4004,54004,ladder_a05_lin_r02,prps,1418,-10,-0.190427,10,0,10,0.02617994,1.50000,prps,0,1320
9647,9.647,1,4004,54004,ladder_a05_lin_r02,prps,1419,-9,-0.174619,10,0,10,0.02617994,1.50000,prps,0,1321
9652,9.652,1,4004,54004,ladder_a05_lin_r02,prps,1419,-9,-0.177814,10,0,10,0.02617994,1.50000,prps,0,1322
9657,9.657,1,4004,54004,ladder_a05_lin_r02,prps,1417,-11,-0.200239,9,0,9,0.02356194,1.35000,prps,0,1323
9662,9.662,1,4004,54004,ladder_a05_lin_r02,prps,1415,-13,-0.241055,8,0,8,0.02094395,1.20000,prps,0,1324
9667,9.667,1,4004,54004,ladder_a05_lin_r02,prps,1412,-16,-0.298756,8,0,8,0.02094395,1.20000,prps,0,1325
9672,9.672,1,4004,54004,ladder_a05_lin_r02,prps,1408,-20,-0.371320,7,0,7,0.01832596,1.05000,prps,0,1326
9677,9.677,1,4004,54004,ladder_a05_lin_r02,prps,1404,-24,-0.456076,7,0,7,0.01832596,1.05000,prps,0,1327
9682,9.682,1,4004,54004,ladder_a05_lin_r02,prps,1399,-29,-0.549360,7,0,7,0.01832596,1.05000,prps,0,1328
9687,9.687,1,4004,54004,ladder_a05_lin_r02,prps,1394,-34,-0.646114,7,0,7,0.01832596,1.05000,prps,0,1329
9692,9.692,1,4004,54004,ladder_a05_lin_r02,prps,1389,-39,-0.739673,8,0,8,0.02094395,1.20000,prps,0,1330
9697,9.697,1,4004,54004,ladder_a05_lin_r02,prps,1384,-44,-0.821903,10,0,10,0.02617994,1.50000,prps,0,1331
9702,9.702,1,4004,54004,ladder_a05_lin_r02,prps,1381,-47,-0.883844,12,0,12,0.03141592,1.80000,prps,0,1332
9707,9.707,1,4004,54004,ladder_a05_lin_r02,prps,1379,-49,-0.916838,15,0,15,0.03926991,2.25000,prps,0,1333
9712,9.712,1,4004,54004,ladder_a05_lin_r02,prps,1380,-48,-0.913996,17,0,17,0.04450589,2.55000,prps,0,1334
9717,9.717,1,4004,54004,ladder_a05_lin_r02,prps,1382,-46,-0.871745,20,0,20,0.05235988,3.00000,prps,0,1335
9722,9.722,1,4004,54004,ladder_a05_lin_r02,prps,1386,-42,-0.791088,22,0,22,0.05759586,3.30000,prps,0,1336
9727,9.727,1,4004,54004,ladder_a05_lin_r02,prps,1392,-36,-0.678257,24,0,24,0.06283185,3.60000,prps,0,1337
9732,9.732,1,4004,54004,ladder_a05_lin_r02,prps,1399,-29,-0.544495,24,0,24,0.06283185,3.60000,prps,0,1338
9737,9.737,1,4004,54004,ladder_a05_lin_r02,prps,1407,-21,-0.404865,24,0,24,0.06283185,3.60000,prps,0,1339
9742,9.742,1,4004,54004,ladder_a05_lin_r02,prps,1413,-15,-0.276189,24,0,24,0.06283185,3.60000,prps,0,1340
9747,9.747,1,4004,54004,ladder_a05_lin_r02,prps,1419,-9,-0.174423,23,0,23,0.06021386,3.45000,prps,0,1341
9752,9.752,1,4004,54004,ladder_a05_lin_r02,prps,1422,-6,-0.111913,22,0,22,0.05759586,3.30000,prps,0,1342
9757,9.757,1,4004,54004,ladder_a05_lin_r02,prps,1423,-5,-0.095050,18,0,18,0.04712389,2.70000,prps,0,1343
9762,9.762,1,4004,54004,ladder_a05_lin_r02,prps,1421,-7,-0.122824,15,0,15,0.03926991,2.25000,prps,0,1344
9767,9.767,1,4004,54004,ladder_a05_lin_r02,prps,1418,-10,-0.186617,12,0,12,0.03141592,1.80000,prps,0,1345
9772,9.772,1,4004,54004,ladder_a05_lin_r02,prps,1414,-14,-0.271361,9,0,9,0.02356194,1.35000,prps,0,1346
9777,9.777,1,4004,54004,ladder_a05_lin_r02,prps,1409,-19,-0.357925,7,0,7,0.01832596,1.05000,prps,0,1347
9782,9.782,1,4004,54004,ladder_a05_lin_r02,prps,1405,-23,-0.426354,6,0,6,0.01570796,0.90000,prps,0,1348
9787,9.787,1,4004,54004,ladder_a05_lin_r02,prps,1404,-24,-0.459362,6,0,6,0.01570796,0.90000,prps,0,1349
9792,9.792,1,4004,54004,ladder_a05_lin_r02,prps,1404,-24,-0.445465,6,0,6,0.01570796,0.90000,prps,0,1350
9797,9.797,1,4004,54004,ladder_a05_lin_r02,prps,1408,-20,-0.381119,6,0,6,0.01570796,0.90000,prps,0,1351
9802,9.802,1,4004,54004,ladder_a05_lin_r02,prps,1414,-14,-0.271455,7,0,7,0.01832596,1.05000,prps,0,1352
9807,9.807,1,4004,54004,ladder_a05_lin_r02,prps,1421,-7,-0.129429,8,0,8,0.02094395,1.20000,prps,0,1353
9812,9.812,1,4004,54004,ladder_a05_lin_r02,prps,1429,1,0.026462,8,0,8,0.02094395,1.20000,prps,0,1354
9817,9.817,1,4004,54004,ladder_a05_lin_r02,prps,1437,9,0.175481,8,0,8,0.02094395,1.20000,prps,0,1355
9822,9.822,1,4004,54004,ladder_a05_lin_r02,prps,1444,16,0.298346,8,0,8,0.02094395,1.20000,prps,0,1356
9827,9.827,1,4004,54004,ladder_a05_lin_r02,prps,1448,20,0.380607,6,0,6,0.01570796,0.90000,prps,0,1357
9832,9.832,1,4004,54004,ladder_a05_lin_r02,prps,1450,22,0.415041,3,0,3,0.00785398,0.45000,prps,0,1358
9837,9.837,1,4004,54004,ladder_a05_lin_r02,prps,1449,21,0.402626,-1,0,-1,-0.00261799,-0.15000,prps,0,1359
9842,9.842,1,4004,54004,ladder_a05_lin_r02,prps,1447,19,0.351908,-4,0,-4,-0.01047198,-0.60000,prps,0,1360
9847,9.847,1,4004,54004,ladder_a05_lin_r02,prps,1443,15,0.276909,-7,0,-7,-0.01832596,-1.05000,prps,0,1361
9852,9.852,1,4004,54004,ladder_a05_lin_r02,prps,1438,10,0.194033,-9,0,-9,-0.02356194,-1.35000,prps,0,1362
9857,9.857,1,4004,54004,ladder_a05_lin_r02,prps,1434,6,0.118604,-10,0,-10,-0.02617994,-1.50000,prps,0,1363
9862,9.862,1,4004,54004,ladder_a05_lin_r02,prps,1431,3,0.061773,-11,0,-11,-0.02879793,-1.65000,prps,0,1364
9867,9.867,1,4004,54004,ladder_a05_lin_r02,prps,1430,2,0.028424,-10,0,-10,-0.02617994,-1.50000,prps,0,1365
9872,9.872,1,4004,54004,ladder_a05_lin_r02,prps,1429,1,0.016516,-10,0,-10,-0.02617994,-1.50000,prps,0,1366
9877,9.877,1,4004,54004,ladder_a05_lin_r02,prps,1429,1,0.017975,-9,0,-9,-0.02356194,-1.35000,prps,0,1367
9882,9.882,1,4004,54004,ladder_a05_lin_r02,prps,1429,1,0.020946,-8,0,-8,-0.02094395,-1.20000,prps,0,1368
9887,9.887,1,4004,54004,ladder_a05_lin_r02,prps,1429,1,0.012893,-7,0,-7,-0.01832596,-1.05000,prps,0,1369
9892,9.892,1,4004,54004,ladder_a05_lin_r02,prps,1427,-1,-0.016131,-6,0,-6,-0.01570796,-0.90000,prps,0,1370
9897,9.897,1,4004,54004,ladder_a05_lin_r02,prps,1424,-4,-0.070767,-6,0,-6,-0.01570796,-0.90000,prps,0,1371
9902,9.902,1,4004,54004,ladder_a05_lin_r02,prps,1420,-8,-0.148804,-5,0,-5,-0.01308997,-0.75000,prps,0,1372
9907,9.907,1,4004,54004,ladder_a05_lin_r02,prps,1415,-13,-0.241173,-4,0,-4,-0.01047198,-0.60000,prps,0,1373
9912,9.912,1,4004,54004,ladder_a05_lin_r02,prps,1410,-18,-0.333516,-3,0,-3,-0.00785398,-0.45000,prps,0,1374
9917,9.917,1,4004,54004,ladder_a05_lin_r02,prps,1406,-22,-0.409040,-1,0,-1,-0.00261799,-0.15000,prps,0,1375
9922,9.922,1,4004,54004,ladder_a05_lin_r02,prps,1404,-24,-0.452066,1,0,1,0.00261799,0.15000,prps,0,1376
9927,9.927,1,4004,54004,ladder_a05_lin_r02,prps,1404,-24,-0.451516,3,0,3,0.00785398,0.45000,prps,0,1377
9932,9.932,1,4004,54004,ladder_a05_lin_r02,prps,1407,-21,-0.403610,5,0,5,0.01308997,0.75000,prps,0,1378
9937,9.937,1,4004,54004,ladder_a05_lin_r02,prps,1411,-17,-0.313131,7,0,7,0.01832596,1.05000,prps,0,1379
9942,9.942,1,4004,54004,ladder_a05_lin_r02,prps,1418,-10,-0.192971,8,0,8,0.02094395,1.20000,prps,0,1380
9947,9.947,1,4004,54004,ladder_a05_lin_r02,prps,1425,-3,-0.061977,9,0,9,0.02356194,1.35000,prps,0,1381
9952,9.952,1,4004,54004,ladder_a05_lin_r02,prps,1431,3,0.058508,9,0,9,0.02356194,1.35000,prps,0,1382
9957,9.957,1,4004,54004,ladder_a05_lin_r02,prps,1436,8,0.148729,8,0,8,0.02094395,1.20000,prps,0,1383
9962,9.962,1,4004,54004,ladder_a05_lin_r02,prps,1438,10,0.194404,6,0,6,0.01570796,0.90000,prps,0,1384
9967,9.967,1,4004,54004,ladder_a05_lin_r02,prps,1438,10,0.189611,5,0,5,0.01308997,0.75000,prps,0,1385
9972,9.972,1,4004,54004,ladder_a05_lin_r02,prps,1435,7,0.138059,2,0,2,0.00523599,0.30000,prps,0,1386
9977,9.977,1,4004,54004,ladder_a05_lin_r02,prps,1431,3,0.052458,0,0,0,0.00000000,0.00000,prps,0,1387
9982,9.982,1,4004,54004,ladder_a05_lin_r02,prps,1425,-3,-0.047948,-2,0,-2,-0.00523599,-0.30000,prps,0,1388
9987,9.987,1,4004,54004,ladder_a05_lin_r02,prps,1421,-7,-0.141186,-3,0,-3,-0.00785398,-0.45000,prps,0,1389
9992,9.992,1,4004,54004,ladder_a05_lin_r02,prps,1417,-11,-0.206985,-3,0,-3,-0.00785398,-0.45000,prps,0,1390
9997,9.997,1,4004,54004,ladder_a05_lin_r02,prps,1416,-12,-0.230916,-3,0,-3,-0.00785398,-0.45000,prps,0,1391
10002,10.002,1,4004,54004,ladder_a05_lin_r02,prps,1417,-11,-0.207414,-2,0,-2,-0.00523599,-0.30000,prps,0,1392
10007,10.007,1,4004,54004,ladder_a05_lin_r02,prps,1421,-7,-0.141053,-1,0,-1,-0.00261799,-0.15000,prps,0,1393
10012,10.012,1,4004,54004,ladder_a05_lin_r02,prps,1426,-2,-0.045769,0,0,0,0.00000000,0.00000,prps,0,1394
10017,10.017,1,4004,54004,ladder_a05_lin_r02,prps,1431,3,0.057822,0,0,0,0.00000000,0.00000,prps,0,1395
10022,10.022,1,4004,54004,ladder_a05_lin_r02,prps,1436,8,0.146524,0,0,0,0.00000000,0.00000,prps,0,1396
10027,10.027,1,4004,54004,ladder_a05_lin_r02,prps,1439,11,0.199268,0,0,0,0.00000000,0.00000,prps,0,1397
10032,10.032,1,4004,54004,ladder_a05_lin_r02,prps,1439,11,0.201490,0,0,0,0.00000000,0.00000,prps,0,1398
10037,10.037,1,4004,54004,ladder_a05_lin_r02,prps,1436,8,0.148313,-1,0,-1,-0.00261799,-0.15000,prps,0,1399
10042,10.042,1,4004,54004,ladder_a05_lin_r02,prps,1430,2,0.045865,-2,0,-2,-0.00523599,-0.30000,prps,0,1400
10047,10.047,1,4004,54004,ladder_a05_lin_r02,prps,1423,-5,-0.089557,-3,0,-3,-0.00785398,-0.45000,prps,0,1401
10052,10.052,1,4004,54004,ladder_a05_lin_r02,prps,1416,-12,-0.234341,-4,0,-4,-0.01047198,-0.60000,prps,0,1402
10057,10.057,1,4004,54004,ladder_a05_lin_r02,prps,1409,-19,-0.361922,-4,0,-4,-0.01047198,-0.60000,prps,0,1403
10062,10.062,1,4004,54004,ladder_a05_lin_r02,prps,1404,-24,-0.447820,-3,0,-3,-0.00785398,-0.45000,prps,0,1404
10067,10.067,1,4004,54004,ladder_a05_lin_r02,prps,1403,-25,-0.474386,-2,0,-2,-0.00523599,-0.30000,prps,0,1405
10072,10.072,1,4004,54004,ladder_a05_lin_r02,prps,1405,-23,-0.434365,0,0,0,0.00000000,0.00000,prps,0,1406
10077,10.077,1,4004,54004,ladder_a05_lin_r02,prps,1410,-18,-0.332560,3,0,3,0.00785398,0.45000,prps,0,1407
10082,10.082,1,4004,54004,ladder_a05_lin_r02,prps,1418,-10,-0.185278,6,0,6,0.01570796,0.90000,prps,0,1408
10087,10.087,1,4004,54004,ladder_a05_lin_r02,prps,1427,-1,-0.017647,7,0,7,0.01832596,1.05000,prps,0,1409
10092,10.092,1,4004,54004,ladder_a05_lin_r02,prps,1435,7,0.140721,7,0,7,0.01832596,1.05000,prps,0,1410
10097,10.097,1,4004,54004,ladder_a05_lin_r02,prps,1442,14,0.260925,6,0,6,0.01570796,0.90000,prps,0,1411
10102,10.102,1,4004,54004,ladder_a05_lin_r02,prps,1445,17,0.319881,4,0,4,0.01047198,0.60000,prps,0,1412
10107,10.107,1,4004,54004,ladder_a05_lin_r02,prps,1444,16,0.304420,3,0,3,0.00785398,0.45000,prps,0,1413
10112,10.112,1,4004,54004,ladder_a05_lin_r02,prps,1439,11,0.213663,0,0,0,0.00000000,0.00000,prps,0,1414
10117,10.117,1,4004,54004,ladder_a05_lin_r02,prps,1431,3,0.059257,-3,0,-3,-0.00785398,-0.45000,prps,0,1415
10122,10.122,1,4004,54004,ladder_a05_lin_r02,prps,1421,-7,-0.136516,-5,0,-5,-0.01308997,-0.75000,prps,0,1416
10127,10.127,1,4004,54004,ladder_a05_lin_r02,prps,1410,-18,-0.344408,-6,0,-6,-0.01570796,-0.90000,prps,0,1417
10132,10.132,1,4004,54004,ladder_a05_lin_r02,prps,1400,-28,-0.532966,-6,0,-6,-0.01570796,-0.90000,prps,0,1418
10137,10.137,1,4004,54004,ladder_a05_lin_r02,prps,1392,-36,-0.673542,-5,0,-5,-0.01308997,-0.75000,prps,0,1419
10142,10.142,1,4004,54004,ladder_a05_lin_r02,prps,1389,-39,-0.744720,-3,0,-3,-0.00785398,-0.45000,prps,0,1420
10147,10.147,1,4004,54004,ladder_a05_lin_r02,prps,1389,-39,-0.735431,1,0,1,0.00261799,0.15000,prps,0,1421
10152,10.152,1,4004,54004,ladder_a05_lin_r02,prps,1394,-34,-0.646325,6,0,6,0.01570796,0.90000,prps,0,1422
10157,10.157,1,4004,54004,ladder_a05_lin_r02,prps,1402,-26,-0.489265,9,0,9,0.02356194,1.35000,prps,0,1423
10162,10.162,1,4004,54004,ladder_a05_lin_r02,prps,1413,-15,-0.285149,12,0,12,0.03141592,1.80000,prps,0,1424
10167,10.167,1,4004,54004,ladder_a05_lin_r02,prps,1425,-3,-0.060524,13,0,13,0.03403392,1.95000,prps,0,1425
10172,10.172,1,4004,54004,ladder_a05_lin_r02,prps,1436,8,0.156388,13,0,13,0.03403392,1.95000,prps,0,1426
10177,10.177,1,4004,54004,ladder_a05_lin_r02,prps,1446,18,0.339570,13,0,13,0.03403392,1.95000,prps,0,1427
10182,10.182,1,4004,54004,ladder_a05_lin_r02,prps,1453,25,0.468438,10,0,10,0.02617994,1.50000,prps,0,1428
10187,10.187,1,4004,54004,ladder_a05_lin_r02,prps,1456,28,0.529989,6,0,6,0.01570796,0.90000,prps,0,1429
10192,10.192,1,4004,54004,ladder_a05_lin_r02,prps,1456,28,0.519689,2,0,2,0.00523599,0.30000,prps,0,1430
10197,10.197,1,4004,54004,ladder_a05_lin_r02,prps,1451,23,0.441161,-2,0,-2,-0.00523599,-0.30000,prps,0,1431
10202,10.202,1,4004,54004,ladder_a05_lin_r02,prps,1444,16,0.304878,-6,0,-6,-0.01570796,-0.90000,prps,0,1432
10207,10.207,1,4004,54004,ladder_a05_lin_r02,prps,1435,7,0.126235,-10,0,-10,-0.02617994,-1.50000,prps,0,1433
10212,10.212,1,4004,54004,ladder_a05_lin_r02,prps,1424,-4,-0.076632,-11,0,-11,-0.02879793,-1.65000,prps,0,1434
10217,10.217,1,4004,54004,ladder_a05_lin_r02,prps,1413,-15,-0.284947,-11,0,-11,-0.02879793,-1.65000,prps,0,1435
10222,10.222,1,4004,54004,ladder_a05_lin_r02,prps,1403,-25,-0.481063,-11,0,-11,-0.02879793,-1.65000,prps,0,1436
10227,10.227,1,4004,54004,ladder_a05_lin_r02,prps,1394,-34,-0.649784,-8,0,-8,-0.02094395,-1.20000,prps,0,1437
10232,10.232,1,4004,54004,ladder_a05_lin_r02,prps,1387,-41,-0.779234,-6,0,-6,-0.01570796,-0.90000,prps,0,1438
10237,10.237,1,4004,54004,ladder_a05_lin_r02,prps,1382,-46,-0.861346,-2,0,-2,-0.00523599,-0.30000,prps,0,1439
10242,10.242,1,4004,54004,ladder_a05_lin_r02,prps,1381,-47,-0.892065,3,0,3,0.00785398,0.45000,prps,0,1440
10247,10.247,1,4004,54004,ladder_a05_lin_r02,prps,1382,-46,-0.871374,8,0,8,0.02094395,1.20000,prps,0,1441
10252,10.252,1,4004,54004,ladder_a05_lin_r02,prps,1385,-43,-0.803164,12,0,12,0.03141592,1.80000,prps,0,1442
10257,10.257,1,4004,54004,ladder_a05_lin_r02,prps,1391,-37,-0.694966,16,0,16,0.04188790,2.40000,prps,0,1443
10262,10.262,1,4004,54004,ladder_a05_lin_r02,prps,1398,-30,-0.557466,19,0,19,0.04974188,2.85000,prps,0,1444
10267,10.267,1,4004,54004,ladder_a05_lin_r02,prps,1407,-21,-0.403762,19,0,19,0.04974188,2.85000,prps,0,1445
10272,10.272,1,4004,54004,ladder_a05_lin_r02,prps,1415,-13,-0.248301,19,0,19,0.04974188,2.85000,prps,0,1446
10277,10.277,1,4004,54004,ladder_a05_lin_r02,prps,1422,-6,-0.105537,19,0,19,0.04974188,2.85000,prps,0,1447
10282,10.282,1,4004,54004,ladder_a05_lin_r02,prps,1429,1,0.011599,19,0,19,0.04974188,2.85000,prps,0,1448
10287,10.287,1,4004,54004,ladder_a05_lin_r02,prps,1433,5,0.093235,16,0,16,0.04188790,2.40000,prps,0,1449
10292,10.292,1,4004,54004,ladder_a05_lin_r02,prps,1435,7,0.133851,13,0,13,0.03403392,1.95000,prps,0,1450
10297,10.297,1,4004,54004,ladder_a05_lin_r02,prps,1435,7,0.133114,9,0,9,0.02356194,1.35000,prps,0,1451
10302,10.302,1,4004,54004,ladder_a05_lin_r02,prps,1433,5,0.096037,5,0,5,0.01308997,0.75000,prps,0,1452
10307,10.307,1,4004,54004,ladder_a05_lin_r02,prps,1430,2,0.032387,2,0,2,0.00523599,0.30000,prps,0,1453
10312,10.312,1,4004,54004,ladder_a05_lin_r02,prps,1426,-2,-0.044636,0,0,0,0.00000000,0.00000,prps,0,1454
10317,10.317,1,4004,54004,ladder_a05_lin_r02,prps,1422,-6,-0.120266,-1,0,-1,-0.00261799,-0.15000,prps,0,1455
10322,10.322,1,4004,54004,ladder_a05_lin_r02,prps,1418,-10,-0.180297,-1,0,-1,-0.00261799,-0.15000,prps,0,1456
10327,10.327,1,4004,54004,ladder_a05_lin_r02,prps,1417,-11,-0.213117,-1,0,-1,-0.00261799,-0.15000,prps,0,1457
10332,10.332,1,4004,54004,ladder_a05_lin_r02,prps,1417,-11,-0.211304,-1,0,-1,-0.00261799,-0.15000,prps,0,1458
10337,10.337,1,4004,54004,ladder_a05_lin_r02,prps,1419,-9,-0.172502,-1,0,-1,-0.00261799,-0.15000,prps,0,1459
10342,10.342,1,4004,54004,ladder_a05_lin_r02,prps,1423,-5,-0.099444,0,0,0,0.00000000,0.00000,prps,0,1460
10347,10.347,1,4004,54004,ladder_a05_lin_r02,prps,1428,0,0.000869,1,0,1,0.00261799,0.15000,prps,0,1461
10352,10.352,1,4004,54004,ladder_a05_lin_r02,prps,1434,6,0.118635,2,0,2,0.00523599,0.30000,prps,0,1462
10357,10.357,1,4004,54004,ladder_a05_lin_r02,prps,1441,13,0.243078,2,0,2,0.00523599,0.30000,prps,0,1463
10362,10.362,1,4004,54004,ladder_a05_lin_r02,prps,1447,19,0.364250,1,0,1,0.00261799,0.15000,prps,0,1464
10367,10.367,1,4004,54004,ladder_a05_lin_r02,prps,1453,25,0.474464,1,0,1,0.00261799,0.15000,prps,0,1465
10372,10.372,1,4004,54004,ladder_a05_lin_r02,prps,1458,30,0.569089,-2,0,-2,-0.00523599,-0.30000,prps,0,1466
10377,10.377,1,4004,54004,ladder_a05_lin_r02,prps,1462,34,0.646594,-5,0,-5,-0.01308997,-0.75000,prps,0,1467
10382,10.382,1,4004,54004,ladder_a05_lin_r02,prps,1466,38,0.707897,-8,0,-8,-0.02094395,-1.20000,prps,0,1468
10387,10.387,1,4004,54004,ladder_a05_lin_r02,prps,1468,40,0.755209,-11,0,-11,-0.02879793,-1.65000,prps,0,1469
10392,10.392,1,4004,54004,ladder_a05_lin_r02,prps,1470,42,0.790710,-15,0,-15,-0.03926991,-2.25000,prps,0,1470
10397,10.397,1,4004,54004,ladder_a05_lin_r02,prps,1471,43,0.815390,-18,0,-18,-0.04712389,-2.70000,prps,0,1471
10402,10.402,1,4004,54004,ladder_a05_lin_r02,prps,1472,44,0.828363,-21,0,-21,-0.05497787,-3.15000,prps,0,1472
10407,10.407,1,4004,54004,ladder_a05_lin_r02,prps,1472,44,0.826861,-23,0,-23,-0.06021386,-3.45000,prps,0,1473
10412,10.412,1,4004,54004,ladder_a05_lin_r02,prps,1471,43,0.806901,-25,0,-25,-0.06544985,-3.75000,prps,0,1474
10417,10.417,1,4004,54004,ladder_a05_lin_r02,prps,1469,41,0.764518,-26,0,-26,-0.06806784,-3.90000,prps,0,1475
10422,10.422,1,4004,54004,ladder_a05_lin_r02,prps,1465,37,0.697255,-27,0,-27,-0.07068583,-4.05000,prps,0,1476
10427,10.427,1,4004,54004,ladder_a05_lin_r02,prps,1460,32,0.605554,-27,0,-27,-0.07068583,-4.05000,prps,0,1477
10432,10.432,1,4004,54004,ladder_a05_lin_r02,prps,1454,26,0.493686,-27,0,-27,-0.07068583,-4.05000,prps,0,1478
10437,10.437,1,4004,54004,ladder_a05_lin_r02,prps,1448,20,0.369940,-27,0,-27,-0.07068583,-4.05000,prps,0,1479
10442,10.442,1,4004,54004,ladder_a05_lin_r02,prps,1441,13,0.245950,-27,0,-27,-0.07068583,-4.05000,prps,0,1480
10447,10.447,1,4004,54004,ladder_a05_lin_r02,prps,1435,7,0.135217,-25,0,-25,-0.06544985,-3.75000,prps,0,1481
10452,10.452,1,4004,54004,ladder_a05_lin_r02,prps,1431,3,0.051070,-23,0,-23,-0.06021386,-3.45000,prps,0,1482
10457,10.457,1,4004,54004,ladder_a05_lin_r02,prps,1428,0,0.004442,-19,0,-19,-0.04974188,-2.85000,prps,0,1483
10462,10.462,1,4004,54004,ladder_a05_lin_r02,prps,1428,0,0.001884,-16,0,-16,-0.04188790,-2.40000,prps,0,1484
10467,10.467,1,4004,54004,ladder_a05_lin_r02,prps,1430,2,0.044239,-13,0,-13,-0.03403392,-1.95000,prps,0,1485
10472,10.472,1,4004,54004,ladder_a05_lin_r02,prps,1435,7,0.126244,-11,0,-11,-0.02879793,-1.65000,prps,0,1486
10477,10.477,1,4004,54004,ladder_a05_lin_r02,prps,1441,13,0.237161,-9,0,-9,-0.02356194,-1.35000,prps,0,1487
10482,10.482,1,4004,54004,ladder_a05_lin_r02,prps,1447,19,0.362364,-8,0,-8,-0.02094395,-1.20000,prps,0,1488
10487,10.487,1,4004,54004,ladder_a05_lin_r02,prps,1454,26,0.485569,-7,0,-7,-0.01832596,-1.05000,prps,0,1489
10492,10.492,1,4004,54004,ladder_a05_lin_r02,prps,1459,31,0.591318,-7,0,-7,-0.01832596,-1.05000,prps,0,1490
10497,10.497,1,4004,54004,ladder_a05_lin_r02,prps,1463,35,0.667248,-8,0,-8,-0.02094395,-1.20000,prps,0,1491
10502,10.502,1,4004,54004,ladder_a05_lin_r02,prps,1465,37,0.705750,-9,0,-9,-0.02356194,-1.35000,prps,0,1492
10507,10.507,1,4004,54004,ladder_a05_lin_r02,prps,1465,37,0.704736,-12,0,-12,-0.03141592,-1.80000,prps,0,1493
10512,10.512,1,4004,54004,ladder_a05_lin_r02,prps,1463,35,0.667423,-15,0,-15,-0.03926991,-2.25000,prps,0,1494
10517,10.517,1,4004,54004,ladder_a05_lin_r02,prps,1460,32,0.601250,-18,0,-18,-0.04712389,-2.70000,prps,0,1495
10522,10.522,1,4004,54004,ladder_a05_lin_r02,prps,1455,27,0.516190,-20,0,-20,-0.05235988,-3.00000,prps,0,1496
10527,10.527,1,4004,54004,ladder_a05_lin_r02,prps,1450,22,0.422845,-21,0,-21,-0.05497787,-3.15000,prps,0,1497
10532,10.532,1,4004,54004,ladder_a05_lin_r02,prps,1446,18,0.330713,-21,0,-21,-0.05497787,-3.15000,prps,0,1498
10537,10.537,1,4004,54004,ladder_a05_lin_r02,prps,1441,13,0.246968,-21,0,-21,-0.05497787,-3.15000,prps,0,1499
10542,10.542,1,4004,54004,ladder_a05_lin_r02,prps,1437,9,0.175927,-21,0,-21,-0.05497787,-3.15000,prps,0,1500
10547,10.547,1,4004,54004,ladder_a05_lin_r02,prps,1434,6,0.119234,-20,0,-20,-0.05235988,-3.00000,prps,0,1501
10552,10.552,1,4004,54004,ladder_a05_lin_r02,prps,1432,4,0.076603,-18,0,-18,-0.04712389,-2.70000,prps,0,1502
10557,10.557,1,4004,54004,ladder_a05_lin_r02,prps,1430,2,0.046849,-16,0,-16,-0.04188790,-2.40000,prps,0,1503
10562,10.562,1,4004,54004,ladder_a05_lin_r02,prps,1430,2,0.028866,-13,0,-13,-0.03403392,-1.95000,prps,0,1504
10567,10.567,1,4004,54004,ladder_a05_lin_r02,prps,1429,1,0.022275,-11,0,-11,-0.02879793,-1.65000,prps,0,1505
10572,10.572,1,4004,54004,ladder_a05_lin_r02,prps,1429,1,0.027531,-9,0,-9,-0.02356194,-1.35000,prps,0,1506
10577,10.577,1,4004,54004,ladder_a05_lin_r02,prps,1430,2,0.045469,-8,0,-8,-0.02094395,-1.20000,prps,0,1507
10582,10.582,1,4004,54004,ladder_a05_lin_r02,prps,1432,4,0.076420,-7,0,-7,-0.01832596,-1.05000,prps,0,1508
10587,10.587,1,4004,54004,ladder_a05_lin_r02,prps,1434,6,0.119172,-6,0,-6,-0.01570796,-0.90000,prps,0,1509
10592,10.592,1,4004,54004,ladder_a05_lin_r02,prps,1437,9,0.170103,-6,0,-6,-0.01570796,-0.90000,prps,0,1510
10597,10.597,1,4004,54004,ladder_a05_lin_r02,prps,1440,12,0.222829,-6,0,-6,-0.01570796,-0.90000,prps,0,1511
10602,10.602,1,4004,54004,ladder_a05_lin_r02,prps,1442,14,0.268564,-6,0,-6,-0.01570796,-0.90000,prps,0,1512
10607,10.607,1,4004,54004,ladder_a05_lin_r02,prps,1444,16,0.297267,-6,0,-6,-0.01570796,-0.90000,prps,0,1513
10612,10.612,1,4004,54004,ladder_a05_lin_r02,prps,1444,16,0.299403,-7,0,-7,-0.01832596,-1.05000,prps,0,1514
10617,10.617,1,4004,54004,ladder_a05_lin_r02,prps,1442,14,0.268020,-7,0,-7,-0.01832596,-1.05000,prps,0,1515
10622,10.622,1,4004,54004,ladder_a05_lin_r02,prps,1439,11,0.200669,-8,0,-8,-0.02094395,-1.20000,prps,0,1516
10627,10.627,1,4004,54004,ladder_a05_lin_r02,prps,1433,5,0.100734,-8,0,-8,-0.02094395,-1.20000,prps,0,1517
10632,10.632,1,4004,54004,ladder_a05_lin_r02,prps,1427,-1,-0.022241,-9,0,-9,-0.02356194,-1.35000,prps,0,1518
10637,10.637,1,4004,54004,ladder_a05_lin_r02,prps,1420,-8,-0.153407,-9,0,-9,-0.02356194,-1.35000,prps,0,1519
10642,10.642,1,4004,54004,ladder_a05_lin_r02,prps,1413,-15,-0.274624,-9,0,-9,-0.02356194,-1.35000,prps,0,1520
10647,10.647,1,4004,54004,ladder_a05_lin_r02,prps,1409,-19,-0.367334,-8,0,-8,-0.02094395,-1.20000,prps,0,1521
10652,10.652,1,4004,54004,ladder_a05_lin_r02,prps,1406,-22,-0.415809,-6,0,-6,-0.01570796,-0.90000,prps,0,1522
10657,10.657,1,4004,54004,ladder_a05_lin_r02,prps,1406,-22,-0.410143,-3,0,-3,-0.00785398,-0.45000,prps,0,1523
10662,10.662,1,4004,54004,ladder_a05_lin_r02,prps,1410,-18,-0.348391,0,0,0,0.00000000,0.00000,prps,0,1524
10667,10.667,1,4004,54004,ladder_a05_lin_r02,prps,1415,-13,-0.237370,3,0,3,0.00785398,0.45000,prps,0,1525
10672,10.672,1,4004,54004,ladder_a05_lin_r02,prps,1423,-5,-0.091893,5,0,5,0.01308997,0.75000,prps,0,1526
10677,10.677,1,4004,54004,ladder_a05_lin_r02,prps,1432,4,0.067513,6,0,6,0.01570796,0.90000,prps,0,1527
10682,10.682,1,4004,54004,ladder_a05_lin_r02,prps,1440,12,0.218016,6,0,6,0.01570796,0.90000,prps,0,1528
10687,10.687,1,4004,54004,ladder_a05_lin_r02,prps,1446,18,0.338425,4,0,4,0.01047198,0.60000,prps,0,1529
10692,10.692,1,4004,54004,ladder_a05_lin_r02,prps,1450,22,0.412923,2,0,2,0.00523599,0.30000,prps,0,1530
10697,10.697,1,4004,54004,ladder_a05_lin_r02,prps,1451,23,0.433863,-1,0,-1,-0.00261799,-0.15000,prps,0,1531
10702,10.702,1,4004,54004,ladder_a05_lin_r02,prps,1449,21,0.403076,-3,0,-3,-0.00785398,-0.45000,prps,0,1532
10707,10.707,1,4004,54004,ladder_a05_lin_r02,prps,1446,18,0.331408,-6,0,-6,-0.01570796,-0.90000,prps,0,1533
10712,10.712,1,4004,54004,ladder_a05_lin_r02,prps,1441,13,0.236539,-8,0,-8,-0.02094395,-1.20000,prps,0,1534
10717,10.717,1,4004,54004,ladder_a05_lin_r02,prps,1435,7,0.139501,-10,0,-10,-0.02617994,-1.50000,prps,0,1535
10722,10.722,1,4004,54004,ladder_a05_lin_r02,prps,1431,3,0.060551,-12,0,-12,-0.03141592,-1.80000,prps,0,1536
10727,10.727,1,4004,54004,ladder_a05_lin_r02,prps,1429,1,0.015203,-11,0,-11,-0.02879793,-1.65000,prps,0,1537
10732,10.732,1,4004,54004,ladder_a05_lin_r02,prps,1429,1,0.011206,-11,0,-11,-0.02879793,-1.65000,prps,0,1538
10737,10.737,1,4004,54004,ladder_a05_lin_r02,prps,1430,2,0.047060,-10,0,-10,-0.02617994,-1.50000,prps,0,1539
10742,10.742,1,4004,54004,ladder_a05_lin_r02,prps,1434,6,0.112371,-9,0,-9,-0.02356194,-1.35000,prps,0,1540
10747,10.747,1,4004,54004,ladder_a05_lin_r02,prps,1438,10,0.189980,-8,0,-8,-0.02094395,-1.20000,prps,0,1541
10752,10.752,1,4004,54004,ladder_a05_lin_r02,prps,1442,14,0.259444,-7,0,-7,-0.01832596,-1.05000,prps,0,1542
10757,10.757,1,4004,54004,ladder_a05_lin_r02,prps,1444,16,0.301173,-7,0,-7,-0.01832596,-1.05000,prps,0,1543
10762,10.762,1,4004,54004,ladder_a05_lin_r02,prps,1444,16,0.300398,-7,0,-7,-0.01832596,-1.05000,prps,0,1544
10767,10.767,1,4004,54004,ladder_a05_lin_r02,prps,1441,13,0.250180,-8,0,-8,-0.02094395,-1.20000,prps,0,1545
10772,10.772,1,4004,54004,ladder_a05_lin_r02,prps,1436,8,0.152844,-8,0,-8,-0.02094395,-1.20000,prps,0,1546
10777,10.777,1,4004,54004,ladder_a05_lin_r02,prps,1429,1,0.019585,-8,0,-8,-0.02094395,-1.20000,prps,0,1547
10782,10.782,1,4004,54004,ladder_a05_lin_r02,prps,1421,-7,-0.131708,-8,0,-8,-0.02094395,-1.20000,prps,0,1548
10787,10.787,1,4004,54004,ladder_a05_lin_r02,prps,1413,-15,-0.279920,-8,0,-8,-0.02094395,-1.20000,prps,0,1549
10792,10.792,1,4004,54004,ladder_a05_lin_r02,prps,1407,-21,-0.404802,-7,0,-7,-0.01832596,-1.05000,prps,0,1550
10797,10.797,1,4004,54004,ladder_a05_lin_r02,prps,1402,-26,-0.490823,-5,0,-5,-0.01308997,-0.75000,prps,0,1551
10802,10.802,1,4004,54004,ladder_a05_lin_r02,prps,1400,-28,-0.530038,-2,0,-2,-0.00523599,-0.30000,prps,0,1552
10807,10.807,1,4004,54004,ladder_a05_lin_r02,prps,1400,-28,-0.523369,1,0,1,0.00261799,0.15000,prps,0,1553
10812,10.812,1,4004,54004,ladder_a05_lin_r02,prps,1403,-25,-0.480092,5,0,5,0.01308997,0.75000,prps,0,1554
10817,10.817,1,4004,54004,ladder_a05_lin_r02,prps,1406,-22,-0.415620,7,0,7,0.01832596,1.05000,prps,0,1555
10822,10.822,1,4004,54004,ladder_a05_lin_r02,prps,1410,-18,-0.348101,9,0,9,0.02356194,1.35000,prps,0,1556
10827,10.827,1,4004,54004,ladder_a05_lin_r02,prps,1412,-16,-0.294512,10,0,10,0.02617994,1.50000,prps,0,1557
10832,10.832,1,4004,54004,ladder_a05_lin_r02,prps,1414,-14,-0.267100,11,0,11,0.02879793,1.65000,prps,0,1558
10837,10.837,1,4004,54004,ladder_a05_lin_r02,prps,1414,-14,-0.270891,11,0,11,0.02879793,1.65000,prps,0,1559
10842,10.842,1,4004,54004,ladder_a05_lin_r02,prps,1412,-16,-0.302788,11,0,11,0.02879793,1.65000,prps,0,1560
10847,10.847,1,4004,54004,ladder_a05_lin_r02,prps,1409,-19,-0.352441,11,0,11,0.02879793,1.65000,prps,0,1561
10852,10.852,1,4004,54004,ladder_a05_lin_r02,prps,1407,-21,-0.404692,11,0,11,0.02879793,1.65000,prps,0,1562
10857,10.857,1,4004,54004,ladder_a05_lin_r02,prps,1405,-23,-0.443069,11,0,11,0.02879793,1.65000,prps,0,1563
10862,10.862,1,4004,54004,ladder_a05_lin_r02,prps,1404,-24,-0.453586,11,0,11,0.02879793,1.65000,prps,0,1564
10867,10.867,1,4004,54004,ladder_a05_lin_r02,prps,1405,-23,-0.428036,11,0,11,0.02879793,1.65000,prps,0,1565
10872,10.872,1,4004,54004,ladder_a05_lin_r02,prps,1409,-19,-0.366064,11,0,11,0.02879793,1.65000,prps,0,1566
10877,10.877,1,4004,54004,ladder_a05_lin_r02,prps,1413,-15,-0.275566,11,0,11,0.02879793,1.65000,prps,0,1567
10882,10.882,1,4004,54004,ladder_a05_lin_r02,prps,1419,-9,-0.171307,11,0,11,0.02879793,1.65000,prps,0,1568
10887,10.887,1,4004,54004,ladder_a05_lin_r02,prps,1424,-4,-0.072015,11,0,11,0.02879793,1.65000,prps,0,1569
10892,10.892,1,4004,54004,ladder_a05_lin_r02,prps,1428,0,0.003461,10,0,10,0.02617994,1.50000,prps,0,1570
10897,10.897,1,4004,54004,ladder_a05_lin_r02,prps,1430,2,0.040133,10,0,10,0.02617994,1.50000,prps,0,1571
10902,10.902,1,4004,54004,ladder_a05_lin_r02,prps,1430,2,0.030183,9,0,9,0.02356194,1.35000,prps,0,1572
10907,10.907,1,4004,54004,ladder_a05_lin_r02,prps,1427,-1,-0.025110,6,0,6,0.01570796,0.90000,prps,0,1573
10912,10.912,1,4004,54004,ladder_a05_lin_r02,prps,1422,-6,-0.115249,4,0,4,0.01047198,0.60000,prps,0,1574
10917,10.917,1,4004,54004,ladder_a05_lin_r02,prps,1416,-12,-0.222278,2,0,2,0.00523599,0.30000,prps,0,1575
10922,10.922,1,4004,54004,ladder_a05_lin_r02,prps,1411,-17,-0.324086,1,0,1,0.00261799,0.15000,prps,0,1576
10927,10.927,1,4004,54004,ladder_a05_lin_r02,prps,1407,-21,-0.398656,1,0,1,0.00261799,0.15000,prps,0,1577
10932,10.932,1,4004,54004,ladder_a05_lin_r02,prps,1405,-23,-0.428408,1,0,1,0.00261799,0.15000,prps,0,1578
10937,10.937,1,4004,54004,ladder_a05_lin_r02,prps,1407,-21,-0.403806,2,0,2,0.00523599,0.30000,prps,0,1579
10942,10.942,1,4004,54004,ladder_a05_lin_r02,prps,1411,-17,-0.325494,4,0,4,0.01047198,0.60000,prps,0,1580
10947,10.947,1,4004,54004,ladder_a05_lin_r02,prps,1417,-11,-0.204541,6,0,6,0.01570796,0.90000,prps,0,1581
10952,10.952,1,4004,54004,ladder_a05_lin_r02,prps,1425,-3,-0.060716,7,0,7,0.01832596,1.05000,prps,0,1582
10957,10.957,1,4004,54004,ladder_a05_lin_r02,prps,1432,4,0.080893,7,0,7,0.01832596,1.05000,prps,0,1583
10962,10.962,1,4004,54004,ladder_a05_lin_r02,prps,1438,10,0.194305,7,0,7,0.01832596,1.05000,prps,0,1584
10967,10.967,1,4004,54004,ladder_a05_lin_r02,prps,1442,14,0.257284,5,0,5,0.01308997,0.75000,prps,0,1585
10972,10.972,1,4004,54004,ladder_a05_lin_r02,prps,1442,14,0.255341,3,0,3,0.00785398,0.45000,prps,0,1586
10977,10.977,1,4004,54004,ladder_a05_lin_r02,prps,1438,10,0.184376,1,0,1,0.00261799,0.15000,prps,0,1587
10982,10.982,1,4004,54004,ladder_a05_lin_r02,prps,1431,3,0.051483,-2,0,-2,-0.00523599,-0.30000,prps,0,1588
10987,10.987,1,4004,54004,ladder_a05_lin_r02,prps,1421,-7,-0.126194,-4,0,-4,-0.01047198,-0.60000,prps,0,1589
10992,10.992,1,4004,54004,ladder_a05_lin_r02,prps,1411,-17,-0.324333,-5,0,-5,-0.01308997,-0.75000,prps,0,1590
10997,10.997,1,4004,54004,ladder_a05_lin_r02,prps,1401,-27,-0.515481,-5,0,-5,-0.01308997,-0.75000,prps,0,1591
11002,11.002,1,4004,54004,ladder_a05_lin_r02,prps,1392,-36,-0.673535,-4,0,-4,-0.01047198,-0.60000,prps,0,1592
11007,11.007,1,4004,54004,ladder_a05_lin_r02,prps,1387,-41,-0.777886,-2,0,-2,-0.00523599,-0.30000,prps,0,1593
11012,11.012,1,4004,54004,ladder_a05_lin_r02,prps,1385,-43,-0.816495,2,0,2,0.00523599,0.30000,prps,0,1594
11017,11.017,1,4004,54004,ladder_a05_lin_r02,prps,1386,-42,-0.787459,7,0,7,0.01832596,1.05000,prps,0,1595
11022,11.022,1,4004,54004,ladder_a05_lin_r02,prps,1391,-37,-0.698833,11,0,11,0.02879793,1.65000,prps,0,1596
11027,11.027,1,4004,54004,ladder_a05_lin_r02,prps,1398,-30,-0.566871,14,0,14,0.03665191,2.10000,prps,0,1597
11032,11.032,1,4004,54004,ladder_a05_lin_r02,prps,1406,-22,-0.413051,17,0,17,0.04450589,2.55000,prps,0,1598
11037,11.037,1,4004,54004,ladder_a05_lin_r02,prps,1414,-14,-0.260470,18,0,18,0.04712389,2.70000,prps,0,1599
11042,11.042,1,4004,54004,ladder_a05_lin_r02,prps,1421,-7,-0.130255,18,0,18,0.04712389,2.70000,prps,0,1600
11047,11.047,1,4004,54004,ladder_a05_lin_r02,prps,1426,-2,-0.038571,18,0,18,0.04712389,2.70000,prps,0,1601
11052,11.052,1,4004,54004,ladder_a05_lin_r02,prps,1428,0,0.005334,16,0,16,0.04188790,2.40000,prps,0,1602
11057,11.057,1,4004,54004,ladder_a05_lin_r02,prps,1428,0,-0.000173,13,0,13,0.03403392,1.95000,prps,0,1603
11062,11.062,1,4004,54004,ladder_a05_lin_r02,prps,1425,-3,-0.049647,10,0,10,0.02617994,1.50000,prps,0,1604
11067,11.067,1,4004,54004,ladder_a05_lin_r02,prps,1421,-7,-0.132123,7,0,7,0.01832596,1.05000,prps,0,1605
11072,11.072,1,4004,54004,ladder_a05_lin_r02,prps,1416,-12,-0.233319,4,0,4,0.01047198,0.60000,prps,0,1606
11077,11.077,1,4004,54004,ladder_a05_lin_r02,prps,1410,-18,-0.338068,3,0,3,0.00785398,0.45000,prps,0,1607
11082,11.082,1,4004,54004,ladder_a05_lin_r02,prps,1405,-23,-0.432564,3,0,3,0.00785398,0.45000,prps,0,1608
11087,11.087,1,4004,54004,ladder_a05_lin_r02,prps,1401,-27,-0.506121,3,0,3,0.00785398,0.45000,prps,0,1609
11092,11.092,1,4004,54004,ladder_a05_lin_r02,prps,1399,-29,-0.552246,3,0,3,0.00785398,0.45000,prps,0,1610
11097,11.097,1,4004,54004,ladder_a05_lin_r02,prps,1398,-30,-0.568997,5,0,5,0.01308997,0.75000,prps,0,1611
11102,11.102,1,4004,54004,ladder_a05_lin_r02,prps,1398,-30,-0.558705,7,0,7,0.01832596,1.05000,prps,0,1612
11107,11.107,1,4004,54004,ladder_a05_lin_r02,prps,1400,-28,-0.527197,9,0,9,0.02356194,1.35000,prps,0,1613
11112,11.112,1,4004,54004,ladder_a05_lin_r02,prps,1402,-26,-0.482728,11,0,11,0.02879793,1.65000,prps,0,1614
11117,11.117,1,4004,54004,ladder_a05_lin_r02,prps,1405,-23,-0.434798,12,0,12,0.03141592,1.80000,prps,0,1615
11122,11.122,1,4004,54004,ladder_a05_lin_r02,prps,1407,-21,-0.392974,13,0,13,0.03403392,1.95000,prps,0,1616
11127,11.127,1,4004,54004,ladder_a05_lin_r02,prps,1409,-19,-0.365834,13,0,13,0.03403392,1.95000,prps,0,1617
11132,11.132,1,4004,54004,ladder_a05_lin_r02,prps,1409,-19,-0.360048,13,0,13,0.03403392,1.95000,prps,0,1618
11137,11.137,1,4004,54004,ladder_a05_lin_r02,prps,1408,-20,-0.379650,13,0,13,0.03403392,1.95000,prps,0,1619
11142,11.142,1,4004,54004,ladder_a05_lin_r02,prps,1405,-23,-0.425499,13,0,13,0.03403392,1.95000,prps,0,1620
11147,11.147,1,4004,54004,ladder_a05_lin_r02,prps,1402,-26,-0.494989,13,0,13,0.03403392,1.95000,prps,0,1621
11152,11.152,1,4004,54004,ladder_a05_lin_r02,prps,1397,-31,-0.582053,13,0,13,0.03403392,1.95000,prps,0,1622
11157,11.157,1,4004,54004,ladder_a05_lin_r02,prps,1392,-36,-0.677535,13,0,13,0.03403392,1.95000,prps,0,1623
11162,11.162,1,4004,54004,ladder_a05_lin_r02,prps,1387,-41,-0.769969,13,0,13,0.03403392,1.95000,prps,0,1624
11167,11.167,1,4004,54004,ladder_a05_lin_r02,prps,1383,-45,-0.846777,14,0,14,0.03665191,2.10000,prps,0,1625
11172,11.172,1,4004,54004,ladder_a05_lin_r02,prps,1381,-47,-0.895807,16,0,16,0.04188790,2.40000,prps,0,1626
11177,11.177,1,4004,54004,ladder_a05_lin_r02,prps,1380,-48,-0.907042,18,0,18,0.04712389,2.70000,prps,0,1627
11182,11.182,1,4004,54004,ladder_a05_lin_r02,prps,1382,-46,-0.874261,19,0,19,0.04974188,2.85000,prps,0,1628
11187,11.187,1,4004,54004,ladder_a05_lin_r02,prps,1386,-42,-0.796362,21,0,21,0.05497787,3.15000,prps,0,1629
11192,11.192,1,4004,54004,ladder_a05_lin_r02,prps,1392,-36,-0.678072,23,0,23,0.06021386,3.45000,prps,0,1630
11197,11.197,1,4004,54004,ladder_a05_lin_r02,prps,1400,-28,-0.529827,24,0,24,0.06283185,3.60000,prps,0,1631
11202,11.202,1,4004,54004,ladder_a05_lin_r02,prps,1409,-19,-0.366734,24,0,24,0.06283185,3.60000,prps,0,1632
11207,11.207,1,4004,54004,ladder_a05_lin_r02,prps,1417,-11,-0.206681,24,0,24,0.06283185,3.60000,prps,0,1633
11212,11.212,1,4004,54004,ladder_a05_lin_r02,prps,1424,-4,-0.067809,23,0,23,0.06021386,3.45000,prps,0,1634
11217,11.217,1,4004,54004,ladder_a05_lin_r02,prps,1430,2,0.034258,21,0,21,0.05497787,3.15000,prps,0,1635
11222,11.222,1,4004,54004,ladder_a05_lin_r02,prps,1433,5,0.088996,18,0,18,0.04712389,2.70000,prps,0,1636
11227,11.227,1,4004,54004,ladder_a05_lin_r02,prps,1433,5,0.092896,14,0,14,0.03665191,2.10000,prps,0,1637
11232,11.232,1,4004,54004,ladder_a05_lin_r02,prps,1431,3,0.050337,10,0,10,0.02617994,1.50000,prps,0,1638
11237,11.237,1,4004,54004,ladder_a05_lin_r02,prps,1427,-1,-0.026794,6,0,6,0.01570796,0.90000,prps,0,1639
11242,11.242,1,4004,54004,ladder_a05_lin_r02,prps,1422,-6,-0.120742,3,0,3,0.00785398,0.45000,prps,0,1640
11247,11.247,1,4004,54004,ladder_a05_lin_r02,prps,1417,-11,-0.210557,1,0,1,0.00261799,0.15000,prps,0,1641
11252,11.252,1,4004,54004,ladder_a05_lin_r02,prps,1413,-15,-0.275391,0,0,0,0.00000000,0.00000,prps,0,1642
11257,11.257,1,4004,54004,ladder_a05_lin_r02,prps,1412,-16,-0.297856,0,0,0,0.00000000,0.00000,prps,0,1643
11262,11.262,1,4004,54004,ladder_a05_lin_r02,prps,1414,-14,-0.266878,1,0,1,0.00261799,0.15000,prps,0,1644
11267,11.267,1,4004,54004,ladder_a05_lin_r02,prps,1418,-10,-0.179559,1,0,1,0.00261799,0.15000,prps,0,1645
11272,11.272,1,4004,54004,ladder_a05_lin_r02,prps,1426,-2,-0.041701,2,0,2,0.00523599,0.30000,prps,0,1646
11277,11.277,1,4004,54004,ladder_a05_lin_r02,prps,1435,7,0.133071,3,0,3,0.00785398,0.45000,prps,0,1647
11282,11.282,1,4004,54004,ladder_a05_lin_r02,prps,1445,17,0.325454,3,0,3,0.00785398,0.45000,prps,0,1648
11287,11.287,1,4004,54004,ladder_a05_lin_r02,prps,1455,27,0.513466,3,0,3,0.00785398,0.45000,prps,0,1649
11292,11.292,1,4004,54004,ladder_a05_lin_r02,prps,1464,36,0.675795,2,0,2,0.00523599,0.30000,prps,0,1650
11297,11.297,1,4004,54004,ladder_a05_lin_r02,prps,1470,42,0.794902,-2,0,-2,-0.00523599,-0.30000,prps,0,1651
11302,11.302,1,4004,54004,ladder_a05_lin_r02,prps,1474,46,0.859370,-6,0,-6,-0.01570796,-0.90000,prps,0,1652
11307,11.307,1,4004,54004,ladder_a05_lin_r02,prps,1474,46,0.865136,-10,0,-10,-0.02617994,-1.50000,prps,0,1653
11312,11.312,1,4004,54004,ladder_a05_lin_r02,prps,1471,43,0.815480,-14,0,-14,-0.03665191,-2.10000,prps,0,1654
11317,11.317,1,4004,54004,ladder_a05_lin_r02,prps,1466,38,0.719859,-18,0,-18,-0.04712389,-2.70000,prps,0,1655
11322,11.322,1,4004,54004,ladder_a05_lin_r02,prps,1459,31,0.591903,-22,0,-22,-0.05759586,-3.30000,prps,0,1656
11327,11.327,1,4004,54004,ladder_a05_lin_r02,prps,1452,24,0.447007,-24,0,-24,-0.06283185,-3.60000,prps,0,1657
11332,11.332,1,4004,54004,ladder_a05_lin_r02,prps,1444,16,0.300004,-24,0,-24,-0.06283185,-3.60000,prps,0,1658
11337,11.337,1,4004,54004,ladder_a05_lin_r02,prps,1437,9,0.163329,-24,0,-24,-0.06283185,-3.60000,prps,0,1659
11342,11.342,1,4004,54004,ladder_a05_lin_r02,prps,1430,2,0.045962,-23,0,-23,-0.06021386,-3.45000,prps,0,1660
11347,11.347,1,4004,54004,ladder_a05_lin_r02,prps,1426,-2,-0.046786,-22,0,-22,-0.05759586,-3.30000,prps,0,1661
11352,11.352,1,4004,54004,ladder_a05_lin_r02,prps,1422,-6,-0.112749,-18,0,-18,-0.04712389,-2.70000,prps,0,1662
11357,11.357,1,4004,54004,ladder_a05_lin_r02,prps,1420,-8,-0.151902,-15,0,-15,-0.03926991,-2.25000,prps,0,1663
11362,11.362,1,4004,54004,ladder_a05_lin_r02,prps,1419,-9,-0.165255,-12,0,-12,-0.03141592,-1.80000,prps,0,1664
11367,11.367,1,4004,54004,ladder_a05_lin_r02,prps,1420,-8,-0.153963,-9,0,-9,-0.02356194,-1.35000,prps,0,1665
11372,11.372,1,4004,54004,ladder_a05_lin_r02,prps,1422,-6,-0.118912,-6,0,-6,-0.01570796,-0.90000,prps,0,1666
11377,11.377,1,4004,54004,ladder_a05_lin_r02,prps,1425,-3,-0.060888,-3,0,-3,-0.00785398,-0.45000,prps,0,1667
11382,11.382,1,4004,54004,ladder_a05_lin_r02,prps,1429,1,0.018766,-2,0,-2,-0.00523599,-0.30000,prps,0,1668
11387,11.387,1,4004,54004,ladder_a05_lin_r02,prps,1434,6,0.117219,-1,0,-1,-0.00261799,-0.15000,prps,0,1669
11392,11.392,1,4004,54004,ladder_a05_lin_r02,prps,1440,12,0.229285,-1,0,-1,-0.00261799,-0.15000,prps,0,1670
11397,11.397,1,4004,54004,ladder_a05_lin_r02,prps,1446,18,0.346958,-1,0,-1,-0.00261799,-0.15000,prps,0,1671
11402,11.402,1,4004,54004,ladder_a05_lin_r02,prps,1452,24,0.459602,-2,0,-2,-0.00523599,-0.30000,prps,0,1672
11407,11.407,1,4004,54004,ladder_a05_lin_r02,prps,1457,29,0.554909,-3,0,-3,-0.00785398,-0.45000,prps,0,1673
11412,11.412,1,4004,54004,ladder_a05_lin_r02,prps,1461,33,0.620545,-5,0,-5,-0.01308997,-0.75000,prps,0,1674
11417,11.417,1,4004,54004,ladder_a05_lin_r02,prps,1462,34,0.646206,-8,0,-8,-0.02094395,-1.20000,prps,0,1675
11422,11.422,1,4004,54004,ladder_a05_lin_r02,prps,1461,33,0.625696,-11,0,-11,-0.02879793,-1.65000,prps,0,1676
11427,11.427,1,4004,54004,ladder_a05_lin_r02,prps,1458,30,0.558560,-14,0,-14,-0.03665191,-2.10000,prps,0,1677
11432,11.432,1,4004,54004,ladder_a05_lin_r02,prps,1452,24,0.450868,-17,0,-17,-0.04450589,-2.55000,prps,0,1678
11437,11.437,1,4004,54004,ladder_a05_lin_r02,prps,1445,17,0.314894,-19,0,-19,-0.04974188,-2.85000,prps,0,1679
11442,11.442,1,4004,54004,ladder_a05_lin_r02,prps,1437,9,0.167647,-19,0,-19,-0.04974188,-2.85000,prps,0,1680
11447,11.447,1,4004,54004,ladder_a05_lin_r02,prps,1430,2,0.028431,-19,0,-19,-0.04974188,-2.85000,prps,0,1681
11452,11.452,1,4004,54004,ladder_a05_lin_r02,prps,1424,-4,-0.084149,-18,0,-18,-0.04712389,-2.70000,prps,0,1682
11457,11.457,1,4004,54004,ladder_a05_lin_r02,prps,1420,-8,-0.155205,-16,0,-16,-0.04188790,-2.40000,prps,0,1683
11462,11.462,1,4004,54004,ladder_a05_lin_r02,prps,1419,-9,-0.176036,-14,0,-14,-0.03665191,-2.10000,prps,0,1684
11467,11.467,1,4004,54004,ladder_a05_lin_r02,prps,1420,-8,-0.145568,-11,0,-11,-0.02879793,-1.65000,prps,0,1685
11472,11.472,1,4004,54004,ladder_a05_lin_r02,prps,1424,-4,-0.070473,-8,0,-8,-0.02094395,-1.20000,prps,0,1686
11477,11.477,1,4004,54004,ladder_a05_lin_r02,prps,1430,2,0.036077,-5,0,-5,-0.01308997,-0.75000,prps,0,1687
11482,11.482,1,4004,54004,ladder_a05_lin_r02,prps,1436,8,0.156780,-3,0,-3,-0.00785398,-0.45000,prps,0,1688
11487,11.487,1,4004,54004,ladder_a05_lin_r02,prps,1442,14,0.273264,-3,0,-3,-0.00785398,-0.45000,prps,0,1689
11492,11.492,1,4004,54004,ladder_a05_lin_r02,prps,1448,20,0.369215,-3,0,-3,-0.00785398,-0.45000,prps,0,1690
11497,11.497,1,4004,54004,ladder_a05_lin_r02,prps,1451,23,0.432998,-3,0,-3,-0.00785398,-0.45000,prps,0,1691
11502,11.502,1,4004,54004,ladder_a05_lin_r02,prps,1452,24,0.459259,-5,0,-5,-0.01308997,-0.75000,prps,0,1692
11507,11.507,1,4004,54004,ladder_a05_lin_r02,prps,1452,24,0.449229,-6,0,-6,-0.01570796,-0.90000,prps,0,1693
11512,11.512,1,4004,54004,ladder_a05_lin_r02,prps,1450,22,0.409720,-8,0,-8,-0.02094395,-1.20000,prps,0,1694
11517,11.517,1,4004,54004,ladder_a05_lin_r02,prps,1447,19,0.351088,-10,0,-10,-0.02617994,-1.50000,prps,0,1695
11522,11.522,1,4004,54004,ladder_a05_lin_r02,prps,1443,15,0.284624,-12,0,-12,-0.03141592,-1.80000,prps,0,1696
11527,11.527,1,4004,54004,ladder_a05_lin_r02,prps,1440,12,0.219985,-13,0,-13,-0.03403392,-1.95000,prps,0,1697
11532,11.532,1,4004,54004,ladder_a05_lin_r02,prps,1437,9,0.163223,-13,0,-13,-0.03403392,-1.95000,prps,0,1698
11537,11.537,1,4004,54004,ladder_a05_lin_r02,prps,1434,6,0.115862,-13,0,-13,-0.03403392,-1.95000,prps,0,1699
11542,11.542,1,4004,54004,ladder_a05_lin_r02,prps,1432,4,0.075199,-13,0,-13,-0.03403392,-1.95000,prps,0,1700
11547,11.547,1,4004,54004,ladder_a05_lin_r02,prps,1430,2,0.035750,-12,0,-12,-0.03141592,-1.80000,prps,0,1701
11552,11.552,1,4004,54004,ladder_a05_lin_r02,prps,1428,0,-0.008525,-11,0,-11,-0.02879793,-1.65000,prps,0,1702
11557,11.557,1,4004,54004,ladder_a05_lin_r02,prps,1425,-3,-0.061763,-11,0,-11,-0.02879793,-1.65000,prps,0,1703
11562,11.562,1,4004,54004,ladder_a05_lin_r02,prps,1421,-7,-0.124124,-9,0,-9,-0.02356194,-1.35000,prps,0,1704
11567,11.567,1,4004,54004,ladder_a05_lin_r02,prps,1418,-10,-0.190651,-7,0,-7,-0.01832596,-1.05000,prps,0,1705
11572,11.572,1,4004,54004,ladder_a05_lin_r02,prps,1415,-13,-0.251417,-6,0,-6,-0.01570796,-0.90000,prps,0,1706
11577,11.577,1,4004,54004,ladder_a05_lin_r02,prps,1412,-16,-0.293038,-3,0,-3,-0.00785398,-0.45000,prps,0,1707
11582,11.582,1,4004,54004,ladder_a05_lin_r02,prps,1412,-16,-0.301294,-1,0,-1,-0.00261799,-0.15000,prps,0,1708
11587,11.587,1,4004,54004,ladder_a05_lin_r02,prps,1414,-14,-0.264371,1,0,1,0.00261799,0.15000,prps,0,1709
11592,11.592,1,4004,54004,ladder_a05_lin_r02,prps,1419,-9,-0.176022,3,0,3,0.00785398,0.45000,prps,0,1710
11597,11.597,1,4004,54004,ladder_a05_lin_r02,prps,1426,-2,-0.037949,4,0,4,0.01047198,0.60000,prps,0,1711
11602,11.602,1,4004,54004,ladder_a05_lin_r02,prps,1435,7,0.139193,5,0,5,0.01308997,0.75000,prps,0,1712
11607,11.607,1,4004,54004,ladder_a05_lin_r02,prps,1446,18,0.336495,5,0,5,0.01308997,0.75000,prps,0,1713
11612,11.612,1,4004,54004,ladder_a05_lin_r02,prps,1456,28,0.529202,3,0,3,0.00785398,0.45000,prps,0,1714
11617,11.617,1,4004,54004,ladder_a05_lin_r02,prps,1465,37,0.690469,1,0,1,0.00261799,0.15000,prps,0,1715
11622,11.622,1,4004,54004,ladder_a05_lin_r02,prps,1470,42,0.795821,-1,0,-1,-0.00261799,-0.15000,prps,0,1716
11627,11.627,1,4004,54004,ladder_a05_lin_r02,prps,1472,44,0.827486,-5,0,-5,-0.01308997,-0.75000,prps,0,1717
11632,11.632,1,4004,54004,ladder_a05_lin_r02,prps,1469,41,0.777778,-10,0,-10,-0.02617994,-1.50000,prps,0,1718
11637,11.637,1,4004,54004,ladder_a05_lin_r02,prps,1462,34,0.650832,-14,0,-14,-0.03665191,-2.10000,prps,0,1719
11642,11.642,1,4004,54004,ladder_a05_lin_r02,prps,1453,25,0.462325,-18,0,-18,-0.04712389,-2.70000,prps,0,1720
11647,11.647,1,4004,54004,ladder_a05_lin_r02,prps,1441,13,0.237154,-21,0,-21,-0.05497787,-3.15000,prps,0,1721
11652,11.652,1,4004,54004,ladder_a05_lin_r02,prps,1428,0,0.005462,-22,0,-22,-0.05759586,-3.30000,prps,0,1722
11657,11.657,1,4004,54004,ladder_a05_lin_r02,prps,1417,-11,-0.202276,-21,0,-21,-0.05497787,-3.15000,prps,0,1723
11662,11.662,1,4004,54004,ladder_a05_lin_r02,prps,1409,-19,-0.360243,-20,0,-20,-0.05235988,-3.00000,prps,0,1724
11667,11.667,1,4004,54004,ladder_a05_lin_r02,prps,1404,-24,-0.451409,-17,0,-17,-0.04450589,-2.55000,prps,0,1725
11672,11.672,1,4004,54004,ladder_a05_lin_r02,prps,1403,-25,-0.470068,-12,0,-12,-0.03141592,-1.80000,prps,0,1726
11677,11.677,1,4004,54004,ladder_a05_lin_r02,prps,1406,-22,-0.422331,-8,0,-8,-0.02094395,-1.20000,prps,0,1727
11682,11.682,1,4004,54004,ladder_a05_lin_r02,prps,1411,-17,-0.324514,-3,0,-3,-0.00785398,-0.45000,prps,0,1728
11687,11.687,1,4004,54004,ladder_a05_lin_r02,prps,1417,-11,-0.199772,1,0,1,0.00261799,0.15000,prps,0,1729
11692,11.692,1,4004,54004,ladder_a05_lin_r02,prps,1424,-4,-0.073642,3,0,3,0.00785398,0.45000,prps,0,1730
11697,11.697,1,4004,54004,ladder_a05_lin_r02,prps,1430,2,0.030639,5,0,5,0.01308997,0.75000,prps,0,1731
11702,11.702,1,4004,54004,ladder_a05_lin_r02,prps,1433,5,0.096158,5,0,5,0.01308997,0.75000,prps,0,1732
11707,11.707,1,4004,54004,ladder_a05_lin_r02,prps,1434,6,0.114946,4,0,4,0.01047198,0.60000,prps,0,1733
11712,11.712,1,4004,54004,ladder_a05_lin_r02,prps,1433,5,0.088761,3,0,3,0.00785398,0.45000,prps,0,1734
11717,11.717,1,4004,54004,ladder_a05_lin_r02,prps,1429,1,0.027957,1,0,1,0.00261799,0.15000,prps,0,1735
11722,11.722,1,4004,54004,ladder_a05_lin_r02,prps,1425,-3,-0.051241,-1,0,-1,-0.00261799,-0.15000,prps,0,1736
11727,11.727,1,4004,54004,ladder_a05_lin_r02,prps,1421,-7,-0.130464,-1,0,-1,-0.00261799,-0.15000,prps,0,1737
11732,11.732,1,4004,54004,ladder_a05_lin_r02,prps,1418,-10,-0.193098,-1,0,-1,-0.00261799,-0.15000,prps,0,1738
11737,11.737,1,4004,54004,ladder_a05_lin_r02,prps,1416,-12,-0.227591,-1,0,-1,-0.00261799,-0.15000,prps,0,1739
11742,11.742,1,4004,54004,ladder_a05_lin_r02,prps,1416,-12,-0.229480,-1,0,-1,-0.00261799,-0.15000,prps,0,1740
11747,11.747,1,4004,54004,ladder_a05_lin_r02,prps,1417,-11,-0.201796,0,0,0,0.00000000,0.00000,prps,0,1741
11752,11.752,1,4004,54004,ladder_a05_lin_r02,prps,1420,-8,-0.153807,1,0,1,0.00261799,0.15000,prps,0,1742
11757,11.757,1,4004,54004,ladder_a05_lin_r02,prps,1423,-5,-0.098432,2,0,2,0.00523599,0.30000,prps,0,1743
11762,11.762,1,4004,54004,ladder_a05_lin_r02,prps,1425,-3,-0.048937,3,0,3,0.00785398,0.45000,prps,0,1744
11767,11.767,1,4004,54004,ladder_a05_lin_r02,prps,1427,-1,-0.015624,3,0,3,0.00785398,0.45000,prps,0,1745
11772,11.772,1,4004,54004,ladder_a05_lin_r02,prps,1428,0,-0.003273,3,0,3,0.00785398,0.45000,prps,0,1746
11777,11.777,1,4004,54004,ladder_a05_lin_r02,prps,1427,-1,-0.009865,3,0,3,0.00785398,0.45000,prps,0,1747
11782,11.782,1,4004,54004,ladder_a05_lin_r02,prps,1427,-1,-0.026879,2,0,2,0.00523599,0.30000,prps,0,1748
11787,11.787,1,4004,54004,ladder_a05_lin_r02,prps,1426,-2,-0.041098,2,0,2,0.00523599,0.30000,prps,0,1749
11792,11.792,1,4004,54004,ladder_a05_lin_r02,prps,1426,-2,-0.037546,2,0,2,0.00523599,0.30000,prps,0,1750
11797,11.797,1,4004,54004,ladder_a05_lin_r02,prps,1428,0,-0.002931,2,0,2,0.00523599,0.30000,prps,0,1751
11802,11.802,1,4004,54004,ladder_a05_lin_r02,prps,1432,4,0.071128,2,0,2,0.00523599,0.30000,prps,0,1752
11807,11.807,1,4004,54004,ladder_a05_lin_r02,prps,1438,10,0.185779,2,0,2,0.00523599,0.30000,prps,0,1753
11812,11.812,1,4004,54004,ladder_a05_lin_r02,prps,1446,18,0.334024,1,0,1,0.00261799,0.15000,prps,0,1754
11817,11.817,1,4004,54004,ladder_a05_lin_r02,prps,1455,27,0.501431,0,0,0,0.00000000,0.00000,prps,0,1755
11822,11.822,1,4004,54004,ladder_a05_lin_r02,prps,1463,35,0.668358,-1,0,-1,-0.00261799,-0.15000,prps,0,1756
11827,11.827,1,4004,54004,ladder_a05_lin_r02,prps,1471,43,0.813284,-3,0,-3,-0.00785398,-0.45000,prps,0,1757
11832,11.832,1,4004,54004,ladder_a05_lin_r02,prps,1477,49,0.916599,-7,0,-7,-0.01832596,-1.05000,prps,0,1758
11837,11.837,1,4004,54004,ladder_a05_lin_r02,prps,1479,51,0.964147,-11,0,-11,-0.02879793,-1.65000,prps,0,1759
11842,11.842,1,4004,54004,ladder_a05_lin_r02,prps,1478,50,0.949818,-15,0,-15,-0.03926991,-2.25000,prps,0,1760
11847,11.847,1,4004,54004,ladder_a05_lin_r02,prps,1474,46,0.876739,-20,0,-20,-0.05235988,-3.00000,prps,0,1761
11852,11.852,1,4004,54004,ladder_a05_lin_r02,prps,1468,40,0.756811,-23,0,-23,-0.06021386,-3.45000,prps,0,1762
11857,11.857,1,4004,54004,ladder_a05_lin_r02,prps,1460,32,0.608713,-26,0,-26,-0.06806784,-3.90000,prps,0,1763
11862,11.862,1,4004,54004,ladder_a05_lin_r02,prps,1452,24,0.454756,-27,0,-27,-0.07068583,-4.05000,prps,0,1764
11867,11.867,1,4004,54004,ladder_a05_lin_r02,prps,1445,17,0.317160,-27,0,-27,-0.07068583,-4.05000,prps,0,1765
11872,11.872,1,4004,54004,ladder_a05_lin_r02,prps,1439,11,0.214457,-26,0,-26,-0.06806784,-3.90000,prps,0,1766
11877,11.877,1,4004,54004,ladder_a05_lin_r02,prps,1436,8,0.158630,-25,0,-25,-0.06544985,-3.75000,prps,0,1767
11882,11.882,1,4004,54004,ladder_a05_lin_r02,prps,1436,8,0.153487,-22,0,-22,-0.05759586,-3.30000,prps,0,1768
11887,11.887,1,4004,54004,ladder_a05_lin_r02,prps,1438,10,0.194487,-18,0,-18,-0.04712389,-2.70000,prps,0,1769
11892,11.892,1,4004,54004,ladder_a05_lin_r02,prps,1442,14,0.269984,-16,0,-16,-0.04188790,-2.40000,prps,0,1770
11897,11.897,1,4004,54004,ladder_a05_lin_r02,prps,1447,19,0.363598,-14,0,-14,-0.03665191,-2.10000,prps,0,1771
11902,11.902,1,4004,54004,ladder_a05_lin_r02,prps,1452,24,0.457231,-13,0,-13,-0.03403392,-1.95000,prps,0,1772
11907,11.907,1,4004,54004,ladder_a05_lin_r02,prps,1456,28,0.534172,-13,0,-13,-0.03403392,-1.95000,prps,0,1773
11912,11.912,1,4004,54004,ladder_a05_lin_r02,prps,1459,31,0.581748,-13,0,-13,-0.03403392,-1.95000,prps,0,1774
11917,11.917,1,4004,54004,ladder_a05_lin_r02,prps,1459,31,0.593105,-13,0,-13,-0.03403392,-1.95000,prps,0,1775
11922,11.922,1,4004,54004,ladder_a05_lin_r02,prps,1458,30,0.567885,-14,0,-14,-0.03665191,-2.10000,prps,0,1776
11927,11.927,1,4004,54004,ladder_a05_lin_r02,prps,1455,27,0.511782,-16,0,-16,-0.04188790,-2.40000,prps,0,1777
11932,11.932,1,4004,54004,ladder_a05_lin_r02,prps,1451,23,0.435153,-18,0,-18,-0.04712389,-2.70000,prps,0,1778
11937,11.937,1,4004,54004,ladder_a05_lin_r02,prps,1447,19,0.350995,-19,0,-19,-0.04974188,-2.85000,prps,0,1779
11942,11.942,1,4004,54004,ladder_a05_lin_r02,prps,1442,14,0.272700,-19,0,-19,-0.04974188,-2.85000,prps,0,1780
11947,11.947,1,4004,54004,ladder_a05_lin_r02,prps,1439,11,0.211955,-19,0,-19,-0.04974188,-2.85000,prps,0,1781
11952,11.952,1,4004,54004,ladder_a05_lin_r02,prps,1437,9,0.177107,-18,0,-18,-0.04712389,-2.70000,prps,0,1782
11957,11.957,1,4004,54004,ladder_a05_lin_r02,prps,1437,9,0.172185,-17,0,-17,-0.04450589,-2.55000,prps,0,1783
11962,11.962,1,4004,54004,ladder_a05_lin_r02,prps,1438,10,0.196638,-16,0,-16,-0.04188790,-2.40000,prps,0,1784
11967,11.967,1,4004,54004,ladder_a05_lin_r02,prps,1441,13,0.245730,-15,0,-15,-0.03926991,-2.25000,prps,0,1785
11972,11.972,1,4004,54004,ladder_a05_lin_r02,prps,1445,17,0.311432,-13,0,-13,-0.03403392,-1.95000,prps,0,1786
11977,11.977,1,4004,54004,ladder_a05_lin_r02,prps,1448,20,0.383640,-12,0,-12,-0.03141592,-1.80000,prps,0,1787
11982,11.982,1,4004,54004,ladder_a05_lin_r02,prps,1452,24,0.451504,-12,0,-12,-0.03141592,-1.80000,prps,0,1788
11987,11.987,1,4004,54004,ladder_a05_lin_r02,prps,1455,27,0.504719,-12,0,-12,-0.03141592,-1.80000,prps,0,1789
11992,11.992,1,4004,54004,ladder_a05_lin_r02,prps,1456,28,0.534663,-12,0,-12,-0.03141592,-1.80000,prps,0,1790
11997,11.997,1,4004,54004,ladder_a05_lin_r02,prps,1456,28,0.535307,-13,0,-13,-0.03403392,-1.95000,prps,0,1791
12002,12.002,1,4004,54004,ladder_a05_lin_r02,prps,1455,27,0.503861,-14,0,-14,-0.03665191,-2.10000,prps,0,1792
12007,12.007,1,4004,54004,ladder_a05_lin_r02,prps,1451,23,0.441145,-16,0,-16,-0.04188790,-2.40000,prps,0,1793
12012,12.012,1,4004,54004,ladder_a05_lin_r02,prps,1447,19,0.351636,-17,0,-17,-0.04450589,-2.55000,prps,0,1794
12017,12.017,1,4004,54004,ladder_a05_lin_r02,prps,1441,13,0.243196,-18,0,-18,-0.04712389,-2.70000,prps,0,1795
12022,12.022,1,4004,54004,ladder_a05_lin_r02,prps,1435,7,0.126423,-18,0,-18,-0.04712389,-2.70000,prps,0,1796
12027,12.027,1,4004,54004,ladder_a05_lin_r02,prps,1429,1,0.013634,-17,0,-17,-0.04450589,-2.55000,prps,0,1797
12032,12.032,1,4004,54004,ladder_a05_lin_r02,prps,1424,-4,-0.082481,-16,0,-16,-0.04188790,-2.40000,prps,0,1798
12037,12.037,1,4004,54004,ladder_a05_lin_r02,prps,1420,-8,-0.150443,-15,0,-15,-0.03926991,-2.25000,prps,0,1799
12042,12.042,1,4004,54004,ladder_a05_lin_r02,prps,1418,-10,-0.181626,-13,0,-13,-0.03403392,-1.95000,prps,0,1800
12047,12.047,1,4004,54004,ladder_a05_lin_r02,prps,1419,-9,-0.171733,-10,0,-10,-0.02617994,-1.50000,prps,0,1801
12052,12.052,1,4004,54004,ladder_a05_lin_r02,prps,1422,-6,-0.121837,-7,0,-7,-0.01832596,-1.05000,prps,0,1802
12057,12.057,1,4004,54004,ladder_a05_lin_r02,prps,1426,-2,-0.038754,-4,0,-4,-0.01047198,-0.60000,prps,0,1803
12062,12.062,1,4004,54004,ladder_a05_lin_r02,prps,1431,3,0.065431,-2,0,-2,-0.00523599,-0.30000,prps,0,1804
12067,12.067,1,4004,54004,ladder_a05_lin_r02,prps,1437,9,0.174726,-1,0,-1,-0.00261799,-0.15000,prps,0,1805
12072,12.072,1,4004,54004,ladder_a05_lin_r02,prps,1442,14,0.271372,-1,0,-1,-0.00261799,-0.15000,prps,0,1806
12077,12.077,1,4004,54004,ladder_a05_lin_r02,prps,1446,18,0.338507,-2,0,-2,-0.00523599,-0.30000,prps,0,1807
12082,12.082,1,4004,54004,ladder_a05_lin_r02,prps,1447,19,0.362932,-3,0,-3,-0.00785398,-0.45000,prps,0,1808
12087,12.087,1,4004,54004,ladder_a05_lin_r02,prps,1446,18,0.337543,-5,0,-5,-0.01308997,-0.75000,prps,0,1809
12092,12.092,1,4004,54004,ladder_a05_lin_r02,prps,1442,14,0.262943,-5,0,-5,-0.01308997,-0.75000,prps,0,1810
12097,12.097,1,4004,54004,ladder_a05_lin_r02,prps,1436,8,0.147907,-7,0,-7,-0.01832596,-1.05000,prps,0,1811
12102,12.102,1,4004,54004,ladder_a05_lin_r02,prps,1428,0,0.008506,-8,0,-8,-0.02094395,-1.20000,prps,0,1812
12107,12.107,1,4004,54004,ladder_a05_lin_r02,prps,1421,-7,-0.134047,-9,0,-9,-0.02356194,-1.35000,prps,0,1813
12112,12.112,1,4004,54004,ladder_a05_lin_r02,prps,1414,-14,-0.256539,-9,0,-9,-0.02356194,-1.35000,prps,0,1814
12117,12.117,1,4004,54004,ladder_a05_lin_r02,prps,1410,-18,-0.337406,-8,0,-8,-0.02094395,-1.20000,prps,0,1815
12122,12.122,1,4004,54004,ladder_a05_lin_r02,prps,1409,-19,-0.360271,-6,0,-6,-0.01570796,-0.90000,prps,0,1816
12127,12.127,1,4004,54004,ladder_a05_lin_r02,prps,1411,-17,-0.316768,-4,0,-4,-0.01047198,-0.60000,prps,0,1817
12132,12.132,1,4004,54004,ladder_a05_lin_r02,prps,1417,-11,-0.208117,-1,0,-1,-0.00261799,-0.15000,prps,0,1818
12137,12.137,1,4004,54004,ladder_a05_lin_r02,prps,1426,-2,-0.045160,2,0,2,0.00523599,0.30000,prps,0,1819
12142,12.142,1,4004,54004,ladder_a05_lin_r02,prps,1436,8,0.153197,3,0,3,0.00785398,0.45000,prps,0,1820
12147,12.147,1,4004,54004,ladder_a05_lin_r02,prps,1447,19,0.362896,3,0,3,0.00785398,0.45000,prps,0,1821
12152,12.152,1,4004,54004,ladder_a05_lin_r02,prps,1458,30,0.558489,3,0,3,0.00785398,0.45000,prps,0,1822
12157,12.157,1,4004,54004,ladder_a05_lin_r02,prps,1466,38,0.717109,0,0,0,0.00000000,0.00000,prps,0,1823
12162,12.162,1,4004,54004,ladder_a05_lin_r02,prps,1472,44,0.821962,-2,0,-2,-0.00523599,-0.30000,prps,0,1824
12167,12.167,1,4004,54004,ladder_a05_lin_r02,prps,1474,46,0.864735,-6,0,-6,-0.01570796,-0.90000,prps,0,1825
12172,12.172,1,4004,54004,ladder_a05_lin_r02,prps,1473,45,0.846511,-10,0,-10,-0.02617994,-1.50000,prps,0,1826
12177,12.177,1,4004,54004,ladder_a05_lin_r02,prps,1469,41,0.777082,-15,0,-15,-0.03926991,-2.25000,prps,0,1827
12182,12.182,1,4004,54004,ladder_a05_lin_r02,prps,1464,36,0.672811,-19,0,-19,-0.04974188,-2.85000,prps,0,1828
12187,12.187,1,4004,54004,ladder_a05_lin_r02,prps,1457,29,0.553494,-22,0,-22,-0.05759586,-3.30000,prps,0,1829
12192,12.192,1,4004,54004,ladder_a05_lin_r02,prps,1451,23,0.438805,-24,0,-24,-0.06283185,-3.60000,prps,0,1830
12197,12.197,1,4004,54004,ladder_a05_lin_r02,prps,1446,18,0.345010,-24,0,-24,-0.06283185,-3.60000,prps,0,1831
12202,12.202,1,4004,54004,ladder_a05_lin_r02,prps,1443,15,0.282508,-23,0,-23,-0.06021386,-3.45000,prps,0,1832
12207,12.207,1,4004,54004,ladder_a05_lin_r02,prps,1441,13,0.254630,-23,0,-23,-0.06021386,-3.45000,prps,0,1833
12212,12.212,1,4004,54004,ladder_a05_lin_r02,prps,1442,14,0.257814,-21,0,-21,-0.05497787,-3.15000,prps,0,1834
12217,12.217,1,4004,54004,ladder_a05_lin_r02,prps,1443,15,0.283051,-19,0,-19,-0.04974188,-2.85000,prps,0,1835
12222,12.222,1,4004,54004,ladder_a05_lin_r02,prps,1445,17,0.318210,-17,0,-17,-0.04450589,-2.55000,prps,0,1836
12227,12.227,1,4004,54004,ladder_a05_lin_r02,prps,1447,19,0.350742,-15,0,-15,-0.03926991,-2.25000,prps,0,1837
12232,12.232,1,4004,54004,ladder_a05_lin_r02,prps,1448,20,0.370182,-15,0,-15,-0.03926991,-2.25000,prps,0,1838
12237,12.237,1,4004,54004,ladder_a05_lin_r02,prps,1448,20,0.369973,-15,0,-15,-0.03926991,-2.25000,prps,0,1839
12242,12.242,1,4004,54004,ladder_a05_lin_r02,prps,1446,18,0.348289,-14,0,-14,-0.03665191,-2.10000,prps,0,1840
12247,12.247,1,4004,54004,ladder_a05_lin_r02,prps,1444,16,0.307794,-14,0,-14,-0.03665191,-2.10000,prps,0,1841
12252,12.252,1,4004,54004,ladder_a05_lin_r02,prps,1441,13,0.254464,-14,0,-14,-0.03665191,-2.10000,prps,0,1842
12257,12.257,1,4004,54004,ladder_a05_lin_r02,prps,1438,10,0.195845,-14,0,-14,-0.03665191,-2.10000,prps,0,1843
12262,12.262,1,4004,54004,ladder_a05_lin_r02,prps,1435,7,0.139172,-14,0,-14,-0.03665191,-2.10000,prps,0,1844
12267,12.267,1,4004,54004,ladder_a05_lin_r02,prps,1433,5,0.089819,-14,0,-14,-0.03665191,-2.10000,prps,0,1845
12272,12.272,1,4004,54004,ladder_a05_lin_r02,prps,1431,3,0.050407,-13,0,-13,-0.03403392,-1.95000,prps,0,1846
12277,12.277,1,4004,54004,ladder_a05_lin_r02,prps,1429,1,0.020752,-12,0,-12,-0.03141592,-1.80000,prps,0,1847
12282,12.282,1,4004,54004,ladder_a05_lin_r02,prps,1428,0,-0.001413,-11,0,-11,-0.02879793,-1.65000,prps,0,1848
12287,12.287,1,4004,54004,ladder_a05_lin_r02,prps,1427,-1,-0.019168,-9,0,-9,-0.02356194,-1.35000,prps,0,1849
12292,12.292,1,4004,54004,ladder_a05_lin_r02,prps,1426,-2,-0.034970,-8,0,-8,-0.02094395,-1.20000,prps,0,1850
12297,12.297,1,4004,54004,ladder_a05_lin_r02,prps,1425,-3,-0.049463,-6,0,-6,-0.01570796,-0.90000,prps,0,1851
12302,12.302,1,4004,54004,ladder_a05_lin_r02,prps,1425,-3,-0.060892,-5,0,-5,-0.01308997,-0.75000,prps,0,1852
12307,12.307,1,4004,54004,ladder_a05_lin_r02,prps,1425,-3,-0.065296,-4,0,-4,-0.01047198,-0.60000,prps,0,1853
12312,12.312,1,4004,54004,ladder_a05_lin_r02,prps,1425,-3,-0.057499,-3,0,-3,-0.00785398,-0.45000,prps,0,1854
12317,12.317,1,4004,54004,ladder_a05_lin_r02,prps,1426,-2,-0.032667,-2,0,-2,-0.00523599,-0.30000,prps,0,1855
12322,12.322,1,4004,54004,ladder_a05_lin_r02,prps,1429,1,0.011950,-2,0,-2,-0.00523599,-0.30000,prps,0,1856
12327,12.327,1,4004,54004,ladder_a05_lin_r02,prps,1432,4,0.075537,-2,0,-2,-0.00523599,-0.30000,prps,0,1857
12332,12.332,1,4004,54004,ladder_a05_lin_r02,prps,1436,8,0.152927,-2,0,-2,-0.00523599,-0.30000,prps,0,1858
12337,12.337,1,4004,54004,ladder_a05_lin_r02,prps,1440,12,0.234793,-2,0,-2,-0.00523599,-0.30000,prps,0,1859
12342,12.342,1,4004,54004,ladder_a05_lin_r02,prps,1444,16,0.308898,-2,0,-2,-0.00523599,-0.30000,prps,0,1860
12347,12.347,1,4004,54004,ladder_a05_lin_r02,prps,1447,19,0.362220,-3,0,-3,-0.00785398,-0.45000,prps,0,1861
12352,12.352,1,4004,54004,ladder_a05_lin_r02,prps,1448,20,0.383576,-4,0,-4,-0.01047198,-0.60000,prps,0,1862
12357,12.357,1,4004,54004,ladder_a05_lin_r02,prps,1447,19,0.366190,-5,0,-5,-0.01308997,-0.75000,prps,0,1863
12362,12.362,1,4004,54004,ladder_a05_lin_r02,prps,1444,16,0.309627,-7,0,-7,-0.01832596,-1.05000,prps,0,1864
12367,12.367,1,4004,54004,ladder_a05_lin_r02,prps,1440,12,0.220629,-9,0,-9,-0.02356194,-1.35000,prps,0,1865
12372,12.372,1,4004,54004,ladder_a05_lin_r02,prps,1434,6,0.112548,-10,0,-10,-0.02617994,-1.50000,prps,0,1866
12377,12.377,1,4004,54004,ladder_a05_lin_r02,prps,1428,0,0.003393,-11,0,-11,-0.02879793,-1.65000,prps,0,1867
12382,12.382,1,4004,54004,ladder_a05_lin_r02,prps,1423,-5,-0.087223,-10,0,-10,-0.02617994,-1.50000,prps,0,1868
12387,12.387,1,4004,54004,ladder_a05_lin_r02,prps,1420,-8,-0.141693,-10,0,-10,-0.02617994,-1.50000,prps,0,1869
12392,12.392,1,4004,54004,ladder_a05_lin_r02,prps,1420,-8,-0.147901,-10,0,-10,-0.02617994,-1.50000,prps,0,1870
12397,12.397,1,4004,54004,ladder_a05_lin_r02,prps,1423,-5,-0.101864,-8,0,-8,-0.02094395,-1.20000,prps,0,1871
12402,12.402,1,4004,54004,ladder_a05_lin_r02,prps,1428,0,-0.008977,-6,0,-6,-0.01570796,-0.90000,prps,0,1872
12407,12.407,1,4004,54004,ladder_a05_lin_r02,prps,1434,6,0.116451,-4,0,-4,-0.01047198,-0.60000,prps,0,1873
12412,12.412,1,4004,54004,ladder_a05_lin_r02,prps,1441,13,0.253370,-3,0,-3,-0.00785398,-0.45000,prps,0,1874
12417,12.417,1,4004,54004,ladder_a05_lin_r02,prps,1448,20,0.377509,-3,0,-3,-0.00785398,-0.45000,prps,0,1875
12422,12.422,1,4004,54004,ladder_a05_lin_r02,prps,1453,25,0.465613,-3,0,-3,-0.00785398,-0.45000,prps,0,1876
12427,12.427,1,4004,54004,ladder_a05_lin_r02,prps,1454,26,0.499624,-4,0,-4,-0.01047198,-0.60000,prps,0,1877
12432,12.432,1,4004,54004,ladder_a05_lin_r02,prps,1453,25,0.470004,-6,0,-6,-0.01570796,-0.90000,prps,0,1878
12437,12.437,1,4004,54004,ladder_a05_lin_r02,prps,1448,20,0.377559,-7,0,-7,-0.01832596,-1.05000,prps,0,1879
12442,12.442,1,4004,54004,ladder_a05_lin_r02,prps,1440,12,0.233425,-10,0,-10,-0.02617994,-1.50000,prps,0,1880
12447,12.447,1,4004,54004,ladder_a05_lin_r02,prps,1431,3,0.057173,-12,0,-12,-0.03141592,-1.80000,prps,0,1881
12452,12.452,1,4004,54004,ladder_a05_lin_r02,prps,1421,-7,-0.126568,-13,0,-13,-0.03403392,-1.95000,prps,0,1882
12457,12.457,1,4004,54004,ladder_a05_lin_r02,prps,1413,-15,-0.292375,-12,0,-12,-0.03141592,-1.80000,prps,0,1883
12462,12.462,1,4004,54004,ladder_a05_lin_r02,prps,1406,-22,-0.418343,-11,0,-11,-0.02879793,-1.65000,prps,0,1884
12467,12.467,1,4004,54004,ladder_a05_lin_r02,prps,1402,-26,-0.489653,-9,0,-9,-0.02356194,-1.35000,prps,0,1885
12472,12.472,1,4004,54004,ladder_a05_lin_r02,prps,1401,-27,-0.500740,-6,0,-6,-0.01570796,-0.90000,prps,0,1886
12477,12.477,1,4004,54004,ladder_a05_lin_r02,prps,1404,-24,-0.455695,-2,0,-2,-0.00523599,-0.30000,prps,0,1887
12482,12.482,1,4004,54004,ladder_a05_lin_r02,prps,1409,-19,-0.366889,2,0,2,0.00523599,0.30000,prps,0,1888
12487,12.487,1,4004,54004,ladder_a05_lin_r02,prps,1415,-13,-0.252145,5,0,5,0.01308997,0.75000,prps,0,1889
12492,12.492,1,4004,54004,ladder_a05_lin_r02,prps,1421,-7,-0.131083,7,0,7,0.01832596,1.05000,prps,0,1890
12497,12.497,1,4004,54004,ladder_a05_lin_r02,prps,1427,-1,-0.021401,8,0,8,0.02094395,1.20000,prps,0,1891
12502,12.502,1,4004,54004,ladder_a05_lin_r02,prps,1431,3,0.064177,7,0,7,0.01832596,1.05000,prps,0,1892
12507,12.507,1,4004,54004,ladder_a05_lin_r02,prps,1434,6,0.119672,6,0,6,0.01570796,0.90000,prps,0,1893
12512,12.512,1,4004,54004,ladder_a05_lin_r02,prps,1436,8,0.146067,4,0,4,0.01047198,0.60000,prps,0,1894
12517,12.517,1,4004,54004,ladder_a05_lin_r02,prps,1436,8,0.149990,2,0,2,0.00523599,0.30000,prps,0,1895
12522,12.522,1,4004,54004,ladder_a05_lin_r02,prps,1435,7,0.141230,0,0,0,0.00000000,0.00000,prps,0,1896
12527,12.527,1,4004,54004,ladder_a05_lin_r02,prps,1435,7,0.129701,-1,0,-1,-0.00261799,-0.15000,prps,0,1897
12532,12.532,1,4004,54004,ladder_a05_lin_r02,prps,1434,6,0.122558,-2,0,-2,-0.00523599,-0.30000,prps,0,1898
12537,12.537,1,4004,54004,ladder_a05_lin_r02,prps,1434,6,0.122147,-4,0,-4,-0.01047198,-0.60000,prps,0,1899
12542,12.542,1,4004,54004,ladder_a05_lin_r02,prps,1435,7,0.125251,-4,0,-4,-0.01047198,-0.60000,prps,0,1900
12547,12.547,1,4004,54004,ladder_a05_lin_r02,prps,1435,7,0.123827,-4,0,-4,-0.01047198,-0.60000,prps,0,1901
12552,12.552,1,4004,54004,ladder_a05_lin_r02,prps,1434,6,0.107066,-4,0,-4,-0.01047198,-0.60000,prps,0,1902
12557,12.557,1,4004,54004,ladder_a05_lin_r02,prps,1431,3,0.064335,-4,0,-4,-0.01047198,-0.60000,prps,0,1903
12562,12.562,1,4004,54004,ladder_a05_lin_r02,prps,1427,-1,-0.011677,-4,0,-4,-0.01047198,-0.60000,prps,0,1904
12567,12.567,1,4004,54004,ladder_a05_lin_r02,prps,1422,-6,-0.122331,-4,0,-4,-0.01047198,-0.60000,prps,0,1905
12572,12.572,1,4004,54004,ladder_a05_lin_r02,prps,1414,-14,-0.261562,-4,0,-4,-0.01047198,-0.60000,prps,0,1906
12577,12.577,1,4004,54004,ladder_a05_lin_r02,prps,1406,-22,-0.415963,-4,0,-4,-0.01047198,-0.60000,prps,0,1907
12582,12.582,1,4004,54004,ladder_a05_lin_r02,prps,1398,-30,-0.566509,-4,0,-4,-0.01047198,-0.60000,prps,0,1908
12587,12.587,1,4004,54004,ladder_a05_lin_r02,prps,1391,-37,-0.691650,-2,0,-2,-0.00523599,-0.30000,prps,0,1909
12592,12.592,1,4004,54004,ladder_a05_lin_r02,prps,1387,-41,-0.771209,2,0,2,0.00523599,0.30000,prps,0,1910
12597,12.597,1,4004,54004,ladder_a05_lin_r02,prps,1386,-42,-0.790334,6,0,6,0.01570796,0.90000,prps,0,1911
12602,12.602,1,4004,54004,ladder_a05_lin_r02,prps,1389,-39,-0.742696,9,0,9,0.02356194,1.35000,prps,0,1912
12607,12.607,1,4004,54004,ladder_a05_lin_r02,prps,1394,-34,-0.632274,13,0,13,0.03403392,1.95000,prps,0,1913
12612,12.612,1,4004,54004,ladder_a05_lin_r02,prps,1403,-25,-0.473317,15,0,15,0.03926991,2.25000,prps,0,1914
12617,12.617,1,4004,54004,ladder_a05_lin_r02,prps,1413,-15,-0.288408,17,0,17,0.04450589,2.55000,prps,0,1915
12622,12.622,1,4004,54004,ladder_a05_lin_r02,prps,1422,-6,-0.104950,18,0,18,0.04712389,2.70000,prps,0,1916
12627,12.627,1,4004,54004,ladder_a05_lin_r02,prps,1431,3,0.049324,18,0,18,0.04712389,2.70000,prps,0,1917
12632,12.632,1,4004,54004,ladder_a05_lin_r02,prps,1436,8,0.151008,16,0,16,0.04188790,2.40000,prps,0,1918
12637,12.637,1,4004,54004,ladder_a05_lin_r02,prps,1438,10,0.185009,13,0,13,0.03403392,1.95000,prps,0,1919
12642,12.642,1,4004,54004,ladder_a05_lin_r02,prps,1436,8,0.147125,9,0,9,0.02356194,1.35000,prps,0,1920
12647,12.647,1,4004,54004,ladder_a05_lin_r02,prps,1430,2,0.044773,5,0,5,0.01308997,0.75000,prps,0,1921
12652,12.652,1,4004,54004,ladder_a05_lin_r02,prps,1422,-6,-0.104264,2,0,2,0.00523599,0.30000,prps,0,1922
12657,12.657,1,4004,54004,ladder_a05_lin_r02,prps,1413,-15,-0.274818,0,0,0,0.00000000,0.00000,prps,0,1923
12662,12.662,1,4004,54004,ladder_a05_lin_r02,prps,1405,-23,-0.438494,-1,0,-1,-0.00261799,-0.15000,prps,0,1924
12667,12.667,1,4004,54004,ladder_a05_lin_r02,prps,1398,-30,-0.568251,-1,0,-1,-0.00261799,-0.15000,prps,0,1925
12672,12.672,1,4004,54004,ladder_a05_lin_r02,prps,1394,-34,-0.642591,0,0,0,0.00000000,0.00000,prps,0,1926
12677,12.677,1,4004,54004,ladder_a05_lin_r02,prps,1394,-34,-0.648664,3,0,3,0.00785398,0.45000,prps,0,1927
12682,12.682,1,4004,54004,ladder_a05_lin_r02,prps,1397,-31,-0.583787,6,0,6,0.01570796,0.90000,prps,0,1928
12687,12.687,1,4004,54004,ladder_a05_lin_r02,prps,1404,-24,-0.455220,9,0,9,0.02356194,1.35000,prps,0,1929
12692,12.692,1,4004,54004,ladder_a05_lin_r02,prps,1413,-15,-0.278336,12,0,12,0.03141592,1.80000,prps,0,1930
12697,12.697,1,4004,54004,ladder_a05_lin_r02,prps,1424,-4,-0.073618,13,0,13,0.03403392,1.95000,prps,0,1931
12702,12.702,1,4004,54004,ladder_a05_lin_r02,prps,1435,7,0.136904,12,0,12,0.03141592,1.80000,prps,0,1932
12707,12.707,1,4004,54004,ladder_a05_lin_r02,prps,1446,18,0.333105,12,0,12,0.03141592,1.80000,prps,0,1933
12712,12.712,1,4004,54004,ladder_a05_lin_r02,prps,1454,26,0.499506,10,0,10,0.02617994,1.50000,prps,0,1934
12717,12.717,1,4004,54004,ladder_a05_lin_r02,prps,1461,33,0.626898,6,0,6,0.01570796,0.90000,prps,0,1935
12722,12.722,1,4004,54004,ladder_a05_lin_r02,prps,1466,38,0.712667,2,0,2,0.00523599,0.30000,prps,0,1936
12727,12.727,1,4004,54004,ladder_a05_lin_r02,prps,1468,40,0.759921,-3,0,-3,-0.00785398,-0.45000,prps,0,1937
12732,12.732,1,4004,54004,ladder_a05_lin_r02,prps,1469,41,0.775722,-8,0,-8,-0.02094395,-1.20000,prps,0,1938
12737,12.737,1,4004,54004,ladder_a05_lin_r02,prps,1469,41,0.768900,-12,0,-12,-0.03141592,-1.80000,prps,0,1939
12742,12.742,1,4004,54004,ladder_a05_lin_r02,prps,1468,40,0.747910,-16,0,-16,-0.04188790,-2.40000,prps,0,1940
12747,12.747,1,4004,54004,ladder_a05_lin_r02,prps,1466,38,0.719190,-19,0,-19,-0.04974188,-2.85000,prps,0,1941
12752,12.752,1,4004,54004,ladder_a05_lin_r02,prps,1464,36,0.686288,-21,0,-21,-0.05497787,-3.15000,prps,0,1942
12757,12.757,1,4004,54004,ladder_a05_lin_r02,prps,1462,34,0.649855,-23,0,-23,-0.06021386,-3.45000,prps,0,1943
12762,12.762,1,4004,54004,ladder_a05_lin_r02,prps,1460,32,0.608394,-24,0,-24,-0.06283185,-3.60000,prps,0,1944
12767,12.767,1,4004,54004,ladder_a05_lin_r02,prps,1458,30,0.559515,-24,0,-24,-0.06283185,-3.60000,prps,0,1945
12772,12.772,1,4004,54004,ladder_a05_lin_r02,prps,1455,27,0.501348,-24,0,-24,-0.06283185,-3.60000,prps,0,1946
12777,12.777,1,4004,54004,ladder_a05_lin_r02,prps,1451,23,0.433756,-24,0,-24,-0.06283185,-3.60000,prps,0,1947
12782,12.782,1,4004,54004,ladder_a05_lin_r02,prps,1447,19,0.359070,-24,0,-24,-0.06283185,-3.60000,prps,0,1948
12787,12.787,1,4004,54004,ladder_a05_lin_r02,prps,1443,15,0.282182,-23,0,-23,-0.06021386,-3.45000,prps,0,1949
12792,12.792,1,4004,54004,ladder_a05_lin_r02,prps,1439,11,0.210001,-22,0,-22,-0.05759586,-3.30000,prps,0,1950
12797,12.797,1,4004,54004,ladder_a05_lin_r02,prps,1436,8,0.150383,-20,0,-20,-0.05235988,-3.00000,prps,0,1951
12802,12.802,1,4004,54004,ladder_a05_lin_r02,prps,1434,6,0.110789,-18,0,-18,-0.04712389,-2.70000,prps,0,1952
12807,12.807,1,4004,54004,ladder_a05_lin_r02,prps,1433,5,0.096938,-16,0,-16,-0.04188790,-2.40000,prps,0,1953
12812,12.812,1,4004,54004,ladder_a05_lin_r02,prps,1434,6,0.111721,-14,0,-14,-0.03665191,-2.10000,prps,0,1954
12817,12.817,1,4004,54004,ladder_a05_lin_r02,prps,1436,8,0.154569,-12,0,-12,-0.03141592,-1.80000,prps,0,1955
12822,12.822,1,4004,54004,ladder_a05_lin_r02,prps,1440,12,0.221372,-10,0,-10,-0.02617994,-1.50000,prps,0,1956
12827,12.827,1,4004,54004,ladder_a05_lin_r02,prps,1444,16,0.304927,-10,0,-10,-0.02617994,-1.50000,prps,0,1957
12832,12.832,1,4004,54004,ladder_a05_lin_r02,prps,1449,21,0.395815,-10,0,-10,-0.02617994,-1.50000,prps,0,1958
12837,12.837,1,4004,54004,ladder_a05_lin_r02,prps,1454,26,0.483535,-10,0,-10,-0.02617994,-1.50000,prps,0,1959
12842,12.842,1,4004,54004,ladder_a05_lin_r02,prps,1458,30,0.557714,-10,0,-10,-0.02617994,-1.50000,prps,0,1960
12847,12.847,1,4004,54004,ladder_a05_lin_r02,prps,1460,32,0.609226,-11,0,-11,-0.02879793,-1.65000,prps,0,1961
12852,12.852,1,4004,54004,ladder_a05_lin_r02,prps,1461,33,0.631117,-12,0,-12,-0.03141592,-1.80000,prps,0,1962
12857,12.857,1,4004,54004,ladder_a05_lin_r02,prps,1461,33,0.619253,-14,0,-14,-0.03665191,-2.10000,prps,0,1963
12862,12.862,1,4004,54004,ladder_a05_lin_r02,prps,1458,30,0.572705,-16,0,-16,-0.04188790,-2.40000,prps,0,1964
12867,12.867,1,4004,54004,ladder_a05_lin_r02,prps,1454,26,0.493868,-18,0,-18,-0.04712389,-2.70000,prps,0,1965
12872,12.872,1,4004,54004,ladder_a05_lin_r02,prps,1449,21,0.388356,-20,0,-20,-0.05235988,-3.00000,prps,0,1966
12877,12.877,1,4004,54004,ladder_a05_lin_r02,prps,1442,14,0.264676,-20,0,-20,-0.05235988,-3.00000,prps,0,1967
12882,12.882,1,4004,54004,ladder_a05_lin_r02,prps,1435,7,0.133680,-20,0,-20,-0.05235988,-3.00000,prps,0,1968
12887,12.887,1,4004,54004,ladder_a05_lin_r02,prps,1428,0,0.007771,-19,0,-19,-0.04974188,-2.85000,prps,0,1969
12892,12.892,1,4004,54004,ladder_a05_lin_r02,prps,1423,-5,-0.100141,-18,0,-18,-0.04712389,-2.70000,prps,0,1970
12897,12.897,1,4004,54004,ladder_a05_lin_r02,prps,1419,-9,-0.177924,-16,0,-16,-0.04188790,-2.40000,prps,0,1971
12902,12.902,1,4004,54004,ladder_a05_lin_r02,prps,1417,-11,-0.215668,-13,0,-13,-0.03403392,-1.95000,prps,0,1972
12907,12.907,1,4004,54004,ladder_a05_lin_r02,prps,1417,-11,-0.207142,-10,0,-10,-0.02617994,-1.50000,prps,0,1973
12912,12.912,1,4004,54004,ladder_a05_lin_r02,prps,1420,-8,-0.151063,-7,0,-7,-0.01832596,-1.05000,prps,0,1974
12917,12.917,1,4004,54004,ladder_a05_lin_r02,prps,1425,-3,-0.051927,-4,0,-4,-0.01047198,-0.60000,prps,0,1975
12922,12.922,1,4004,54004,ladder_a05_lin_r02,prps,1432,4,0.079820,-2,0,-2,-0.00523599,-0.30000,prps,0,1976
12927,12.927,1,4004,54004,ladder_a05_lin_r02,prps,1440,12,0.228447,-1,0,-1,-0.00261799,-0.15000,prps,0,1977
12932,12.932,1,4004,54004,ladder_a05_lin_r02,prps,1448,20,0.374484,-1,0,-1,-0.00261799,-0.15000,prps,0,1978
12937,12.937,1,4004,54004,ladder_a05_lin_r02,prps,1454,26,0.497048,-1,0,-1,-0.00261799,-0.15000,prps,0,1979
12942,12.942,1,4004,54004,ladder_a05_lin_r02,prps,1459,31,0.576679,-3,0,-3,-0.00785398,-0.45000,prps,0,1980
12947,12.947,1,4004,54004,ladder_a05_lin_r02,prps,1460,32,0.598282,-5,0,-5,-0.01308997,-0.75000,prps,0,1981
12952,12.952,1,4004,54004,ladder_a05_lin_r02,prps,1457,29,0.553708,-7,0,-7,-0.01832596,-1.05000,prps,0,1982
12957,12.957,1,4004,54004,ladder_a05_lin_r02,prps,1452,24,0.443484,-10,0,-10,-0.02617994,-1.50000,prps,0,1983
12962,12.962,1,4004,54004,ladder_a05_lin_r02,prps,1443,15,0.277322,-13,0,-13,-0.03403392,-1.95000,prps,0,1984
12967,12.967,1,4004,54004,ladder_a05_lin_r02,prps,1432,4,0.073208,-15,0,-15,-0.03926991,-2.25000,prps,0,1985
12972,12.972,1,4004,54004,ladder_a05_lin_r02,prps,1420,-8,-0.144876,-16,0,-16,-0.04188790,-2.40000,prps,0,1986
12977,12.977,1,4004,54004,ladder_a05_lin_r02,prps,1409,-19,-0.350322,-16,0,-16,-0.04188790,-2.40000,prps,0,1987
12982,12.982,1,4004,54004,ladder_a05_lin_r02,prps,1401,-27,-0.517847,-14,0,-14,-0.03665191,-2.10000,prps,0,1988
12987,12.987,1,4004,54004,ladder_a05_lin_r02,prps,1395,-33,-0.627375,-11,0,-11,-0.02879793,-1.65000,prps,0,1989
12992,12.992,1,4004,54004,ladder_a05_lin_r02,prps,1393,-35,-0.667187,-7,0,-7,-0.01832596,-1.05000,prps,0,1990
12997,12.997,1,4004,54004,ladder_a05_lin_r02,prps,1394,-34,-0.635777,-2,0,-2,-0.00523599,-0.30000,prps,0,1991
13002,13.002,1,4004,54004,ladder_a05_lin_r02,prps,1399,-29,-0.542054,3,0,3,0.00785398,0.45000,prps,0,1992
13007,13.007,1,4004,54004,ladder_a05_lin_r02,prps,1407,-21,-0.403807,7,0,7,0.01832596,1.05000,prps,0,1993
13012,13.012,1,4004,54004,ladder_a05_lin_r02,prps,1415,-13,-0.244687,9,0,9,0.02356194,1.35000,prps,0,1994
13017,13.017,1,4004,54004,ladder_a05_lin_r02,prps,1423,-5,-0.090215,11,0,11,0.02879793,1.65000,prps,0,1995
13022,13.022,1,4004,54004,ladder_a05_lin_r02,prps,1430,2,0.036496,11,0,11,0.02879793,1.65000,prps,0,1996
13027,13.027,1,4004,54004,ladder_a05_lin_r02,prps,1434,6,0.118526,10,0,10,0.02617994,1.50000,prps,0,1997
13032,13.032,1,4004,54004,ladder_a05_lin_r02,prps,1436,8,0.147784,8,0,8,0.02094395,1.20000,prps,0,1998
13037,13.037,1,4004,54004,ladder_a05_lin_r02,prps,1435,7,0.126012,5,0,5,0.01308997,0.75000,prps,0,1999
30791,30.791,1,4004,54004,ladder_a05_lin_r02,prps,1431,3,0.064005,-1,0,-1,-0.00261799,-0.15000,prps,1,0
30797,30.797,1,4004,54004,ladder_a05_lin_r02,prps,1427,-1,-0.020788,-1,0,-1,-0.00261799,-0.15000,prps,1,1
30802,30.802,1,4004,54004,ladder_a05_lin_r02,prps,1422,-6,-0.107821,-1,0,-1,-0.00261799,-0.15000,prps,1,2
30807,30.807,1,4004,54004,ladder_a05_lin_r02,prps,1419,-9,-0.177462,-1,0,-1,-0.00261799,-0.15000,prps,1,3
30812,30.812,1,4004,54004,ladder_a05_lin_r02,prps,1417,-11,-0.214719,-1,0,-1,-0.00261799,-0.15000,prps,1,4
30817,30.817,1,4004,54004,ladder_a05_lin_r02,prps,1417,-11,-0.211972,-1,0,-1,-0.00261799,-0.15000,prps,1,5
30822,30.822,1,4004,54004,ladder_a05_lin_r02,prps,1419,-9,-0.170222,-1,0,-1,-0.00261799,-0.15000,prps,1,6
30827,30.827,1,4004,54004,ladder_a05_lin_r02,prps,1423,-5,-0.098657,0,0,0,0.00000000,0.00000,prps,1,7
30832,30.832,1,4004,54004,ladder_a05_lin_r02,prps,1427,-1,-0.012656,1,0,1,0.00261799,0.15000,prps,1,8
30837,30.837,1,4004,54004,ladder_a05_lin_r02,prps,1432,4,0.069328,2,0,2,0.00523599,0.30000,prps,1,9
30842,30.842,1,4004,54004,ladder_a05_lin_r02,prps,1435,7,0.129382,2,0,2,0.00523599,0.30000,prps,1,10
30847,30.847,1,4004,54004,ladder_a05_lin_r02,prps,1436,8,0.153533,1,0,1,0.00261799,0.15000,prps,1,11
30852,30.852,1,4004,54004,ladder_a05_lin_r02,prps,1435,7,0.134271,0,0,0,0.00000000,0.00000,prps,1,12
30857,30.857,1,4004,54004,ladder_a05_lin_r02,prps,1432,4,0.071750,0,0,0,0.00000000,0.00000,prps,1,13
30862,30.862,1,4004,54004,ladder_a05_lin_r02,prps,1427,-1,-0.026531,-1,0,-1,-0.00261799,-0.15000,prps,1,14
30867,30.867,1,4004,54004,ladder_a05_lin_r02,prps,1420,-8,-0.147413,-1,0,-1,-0.00261799,-0.15000,prps,1,15
30872,30.872,1,4004,54004,ladder_a05_lin_r02,prps,1413,-15,-0.274775,-1,0,-1,-0.00261799,-0.15000,prps,1,16
30877,30.877,1,4004,54004,ladder_a05_lin_r02,prps,1407,-21,-0.392622,-1,0,-1,-0.00261799,-0.15000,prps,1,17
30882,30.882,1,4004,54004,ladder_a05_lin_r02,prps,1402,-26,-0.487971,-1,0,-1,-0.00261799,-0.15000,prps,1,18
30887,30.887,1,4004,54004,ladder_a05_lin_r02,prps,1399,-29,-0.552938,1,0,1,0.00261799,0.15000,prps,1,19
30892,30.892,1,4004,54004,ladder_a05_lin_r02,prps,1397,-31,-0.585687,3,0,3,0.00785398,0.45000,prps,1,20
30897,30.897,1,4004,54004,ladder_a05_lin_r02,prps,1397,-31,-0.590101,6,0,6,0.01570796,0.90000,prps,1,21
30902,30.902,1,4004,54004,ladder_a05_lin_r02,prps,1398,-30,-0.574344,9,0,9,0.02356194,1.35000,prps,1,22
30907,30.907,1,4004,54004,ladder_a05_lin_r02,prps,1399,-29,-0.548701,11,0,11,0.02879793,1.65000,prps,1,23
30912,30.912,1,4004,54004,ladder_a05_lin_r02,prps,1400,-28,-0.523199,13,0,13,0.03403392,1.95000,prps,1,24
30917,30.917,1,4004,54004,ladder_a05_lin_r02,prps,1401,-27,-0.505555,14,0,14,0.03665191,2.10000,prps,1,25
30922,30.922,1,4004,54004,ladder_a05_lin_r02,prps,1402,-26,-0.499874,14,0,14,0.03665191,2.10000,prps,1,26
30927,30.927,1,4004,54004,ladder_a05_lin_r02,prps,1401,-27,-0.506328,14,0,14,0.03665191,2.10000,prps,1,27
30932,30.932,1,4004,54004,ladder_a05_lin_r02,prps,1400,-28,-0.521831,14,0,14,0.03665191,2.10000,prps,1,28
30937,30.937,1,4004,54004,ladder_a05_lin_r02,prps,1399,-29,-0.541444,14,0,14,0.03665191,2.10000,prps,1,29
30942,30.942,1,4004,54004,ladder_a05_lin_r02,prps,1398,-30,-0.560131,14,0,14,0.03665191,2.10000,prps,1,30
30947,30.947,1,4004,54004,ladder_a05_lin_r02,prps,1398,-30,-0.574379,14,0,14,0.03665191,2.10000,prps,1,31
30952,30.952,1,4004,54004,ladder_a05_lin_r02,prps,1397,-31,-0.583244,14,0,14,0.03665191,2.10000,prps,1,32
30957,30.957,1,4004,54004,ladder_a05_lin_r02,prps,1397,-31,-0.588568,14,0,14,0.03665191,2.10000,prps,1,33
30962,30.962,1,4004,54004,ladder_a05_lin_r02,prps,1397,-31,-0.594271,14,0,14,0.03665191,2.10000,prps,1,34
30967,30.967,1,4004,54004,ladder_a05_lin_r02,prps,1396,-32,-0.604919,15,0,15,0.03926991,2.25000,prps,1,35
30972,30.972,1,4004,54004,ladder_a05_lin_r02,prps,1395,-33,-0.623923,15,0,15,0.03926991,2.25000,prps,1,36
30977,30.977,1,4004,54004,ladder_a05_lin_r02,prps,1393,-35,-0.651848,15,0,15,0.03926991,2.25000,prps,1,37
30982,30.982,1,4004,54004,ladder_a05_lin_r02,prps,1392,-36,-0.685333,16,0,16,0.04188790,2.40000,prps,1,38
30987,30.987,1,4004,54004,ladder_a05_lin_r02,prps,1390,-38,-0.716955,16,0,16,0.04188790,2.40000,prps,1,39
30992,30.992,1,4004,54004,ladder_a05_lin_r02,prps,1389,-39,-0.736202,17,0,17,0.04450589,2.55000,prps,1,40
30997,30.997,1,4004,54004,ladder_a05_lin_r02,prps,1389,-39,-0.731445,17,0,17,0.04450589,2.55000,prps,1,41
31002,31.002,1,4004,54004,ladder_a05_lin_r02,prps,1391,-37,-0.692540,18,0,18,0.04712389,2.70000,prps,1,42
31007,31.007,1,4004,54004,ladder_a05_lin_r02,prps,1395,-33,-0.613519,18,0,18,0.04712389,2.70000,prps,1,43
31012,31.012,1,4004,54004,ladder_a05_lin_r02,prps,1402,-26,-0.494761,19,0,19,0.04974188,2.85000,prps,1,44
31017,31.017,1,4004,54004,ladder_a05_lin_r02,prps,1410,-18,-0.344100,19,0,19,0.04974188,2.85000,prps,1,45
31022,31.022,1,4004,54004,ladder_a05_lin_r02,prps,1419,-9,-0.176509,19,0,19,0.04974188,2.85000,prps,1,46
31027,31.027,1,4004,54004,ladder_a05_lin_r02,prps,1427,-1,-0.012280,19,0,19,0.04974188,2.85000,prps,1,47
31032,31.032,1,4004,54004,ladder_a05_lin_r02,prps,1435,7,0.126049,17,0,17,0.04450589,2.55000,prps,1,48
31037,31.037,1,4004,54004,ladder_a05_lin_r02,prps,1440,12,0.217511,14,0,14,0.03665191,2.10000,prps,1,49
31042,31.042,1,4004,54004,ladder_a05_lin_r02,prps,1441,13,0.246568,10,0,10,0.02617994,1.50000,prps,1,50
31047,31.047,1,4004,54004,ladder_a05_lin_r02,prps,1439,11,0.206240,6,0,6,0.01570796,0.90000,prps,1,51
31052,31.052,1,4004,54004,ladder_a05_lin_r02,prps,1433,5,0.099870,3,0,3,0.00785398,0.45000,prps,1,52
31057,31.057,1,4004,54004,ladder_a05_lin_r02,prps,1425,-3,-0.058899,0,0,0,0.00000000,0.00000,prps,1,53
31062,31.062,1,4004,54004,ladder_a05_lin_r02,prps,1415,-13,-0.248005,-2,0,-2,-0.00523599,-0.30000,prps,1,54
31067,31.067,1,4004,54004,ladder_a05_lin_r02,prps,1405,-23,-0.440431,-3,0,-3,-0.00785398,-0.45000,prps,1,55
31072,31.072,1,4004,54004,ladder_a05_lin_r02,prps,1396,-32,-0.608654,-3,0,-3,-0.00785398,-0.45000,prps,1,56
31077,31.077,1,4004,54004,ladder_a05_lin_r02,prps,1389,-39,-0.729270,-2,0,-2,-0.00523599,-0.30000,prps,1,57
31082,31.082,1,4004,54004,ladder_a05_lin_r02,prps,1386,-42,-0.786948,1,0,1,0.00261799,0.15000,prps,1,58
31087,31.087,1,4004,54004,ladder_a05_lin_r02,prps,1387,-41,-0.776975,5,0,5,0.01308997,0.75000,prps,1,59
31092,31.092,1,4004,54004,ladder_a05_lin_r02,prps,1391,-37,-0.705904,9,0,9,0.02356194,1.35000,prps,1,60
31097,31.097,1,4004,54004,ladder_a05_lin_r02,prps,1397,-31,-0.590193,12,0,12,0.03141592,1.80000,prps,1,61
31102,31.102,1,4004,54004,ladder_a05_lin_r02,prps,1404,-24,-0.453083,15,0,15,0.03926991,2.25000,prps,1,62
31107,31.107,1,4004,54004,ladder_a05_lin_r02,prps,1411,-17,-0.320325,17,0,17,0.04450589,2.55000,prps,1,63
31112,31.112,1,4004,54004,ladder_a05_lin_r02,prps,1417,-11,-0.215547,17,0,17,0.04450589,2.55000,prps,1,64
31117,31.117,1,4004,54004,ladder_a05_lin_r02,prps,1420,-8,-0.156136,17,0,17,0.04450589,2.55000,prps,1,65
31122,31.122,1,4004,54004,ladder_a05_lin_r02,prps,1420,-8,-0.150407,16,0,16,0.04188790,2.40000,prps,1,66
31127,31.127,1,4004,54004,ladder_a05_lin_r02,prps,1418,-10,-0.196526,14,0,14,0.03665191,2.10000,prps,1,67
31132,31.132,1,4004,54004,ladder_a05_lin_r02,prps,1413,-15,-0.283379,12,0,12,0.03141592,1.80000,prps,1,68
31137,31.137,1,4004,54004,ladder_a05_lin_r02,prps,1407,-21,-0.393126,10,0,10,0.02617994,1.50000,prps,1,69
31142,31.142,1,4004,54004,ladder_a05_lin_r02,prps,1401,-27,-0.504913,9,0,9,0.02356194,1.35000,prps,1,70
31147,31.147,1,4004,54004,ladder_a05_lin_r02,prps,1396,-32,-0.598979,9,0,9,0.02356194,1.35000,prps,1,71
31152,31.152,1,4004,54004,ladder_a05_lin_r02,prps,1393,-35,-0.660346,9,0,9,0.02356194,1.35000,prps,1,72
31157,31.157,1,4004,54004,ladder_a05_lin_r02,prps,1392,-36,-0.681392,9,0,9,0.02356194,1.35000,prps,1,73
31162,31.162,1,4004,54004,ladder_a05_lin_r02,prps,1393,-35,-0.662856,11,0,11,0.02879793,1.65000,prps,1,74
31167,31.167,1,4004,54004,ladder_a05_lin_r02,prps,1396,-32,-0.613127,13,0,13,0.03403392,1.95000,prps,1,75
31172,31.172,1,4004,54004,ladder_a05_lin_r02,prps,1399,-29,-0.546068,14,0,14,0.03665191,2.10000,prps,1,76
31177,31.177,1,4004,54004,ladder_a05_lin_r02,prps,1403,-25,-0.477852,16,0,16,0.04188790,2.40000,prps,1,77
31182,31.182,1,4004,54004,ladder_a05_lin_r02,prps,1406,-22,-0.423523,16,0,16,0.04188790,2.40000,prps,1,78
31187,31.187,1,4004,54004,ladder_a05_lin_r02,prps,1407,-21,-0.393989,16,0,16,0.04188790,2.40000,prps,1,79
31192,31.192,1,4004,54004,ladder_a05_lin_r02,prps,1407,-21,-0.394055,16,0,16,0.04188790,2.40000,prps,1,80
31197,31.197,1,4004,54004,ladder_a05_lin_r02,prps,1406,-22,-0.421854,16,0,16,0.04188790,2.40000,prps,1,81
31202,31.202,1,4004,54004,ladder_a05_lin_r02,prps,1403,-25,-0.469751,16,0,16,0.04188790,2.40000,prps,1,82
31207,31.207,1,4004,54004,ladder_a05_lin_r02,prps,1400,-28,-0.526436,16,0,16,0.04188790,2.40000,prps,1,83
31212,31.212,1,4004,54004,ladder_a05_lin_r02,prps,1397,-31,-0.579739,16,0,16,0.04188790,2.40000,prps,1,84
31217,31.217,1,4004,54004,ladder_a05_lin_r02,prps,1395,-33,-0.619502,16,0,16,0.04188790,2.40000,prps,1,85
31222,31.222,1,4004,54004,ladder_a05_lin_r02,prps,1394,-34,-0.639887,16,0,16,0.04188790,2.40000,prps,1,86
31227,31.227,1,4004,54004,ladder_a05_lin_r02,prps,1394,-34,-0.640625,16,0,16,0.04188790,2.40000,prps,1,87
31232,31.232,1,4004,54004,ladder_a05_lin_r02,prps,1395,-33,-0.626936,16,0,16,0.04188790,2.40000,prps,1,88
31237,31.237,1,4004,54004,ladder_a05_lin_r02,prps,1396,-32,-0.608177,16,0,16,0.04188790,2.40000,prps,1,89
31242,31.242,1,4004,54004,ladder_a05_lin_r02,prps,1396,-32,-0.595518,16,0,16,0.04188790,2.40000,prps,1,90
31247,31.247,1,4004,54004,ladder_a05_lin_r02,prps,1396,-32,-0.599174,16,0,16,0.04188790,2.40000,prps,1,91
31252,31.252,1,4004,54004,ladder_a05_lin_r02,prps,1395,-33,-0.625811,16,0,16,0.04188790,2.40000,prps,1,92
31257,31.257,1,4004,54004,ladder_a05_lin_r02,prps,1392,-36,-0.676712,16,0,16,0.04188790,2.40000,prps,1,93
31262,31.262,1,4004,54004,ladder_a05_lin_r02,prps,1388,-40,-0.747094,16,0,16,0.04188790,2.40000,prps,1,94
31267,31.267,1,4004,54004,ladder_a05_lin_r02,prps,1384,-44,-0.826771,17,0,17,0.04450589,2.55000,prps,1,95
31272,31.272,1,4004,54004,ladder_a05_lin_r02,prps,1380,-48,-0.902022,18,0,18,0.04712389,2.70000,prps,1,96
31277,31.277,1,4004,54004,ladder_a05_lin_r02,prps,1377,-51,-0.958294,19,0,19,0.04974188,2.85000,prps,1,97
31282,31.282,1,4004,54004,ladder_a05_lin_r02,prps,1376,-52,-0.983185,20,0,20,0.05235988,3.00000,prps,1,98
31287,31.287,1,4004,54004,ladder_a05_lin_r02,prps,1377,-51,-0.969089,22,0,22,0.05759586,3.30000,prps,1,99
31292,31.292,1,4004,54004,ladder_a05_lin_r02,prps,1380,-48,-0.914946,23,0,23,0.06021386,3.45000,prps,1,100
31297,31.297,1,4004,54004,ladder_a05_lin_r02,prps,1384,-44,-0.826730,25,0,25,0.06544985,3.75000,prps,1,101
31302,31.302,1,4004,54004,ladder_a05_lin_r02,prps,1390,-38,-0.716548,26,0,26,0.06806784,3.90000,prps,1,102
31307,31.307,1,4004,54004,ladder_a05_lin_r02,prps,1396,-32,-0.600518,26,0,26,0.06806784,3.90000,prps,1,103
31312,31.312,1,4004,54004,ladder_a05_lin_r02,prps,1402,-26,-0.495827,26,0,26,0.06806784,3.90000,prps,1,104
31317,31.317,1,4004,54004,ladder_a05_lin_r02,prps,1406,-22,-0.417519,26,0,26,0.06806784,3.90000,prps,1,105
31322,31.322,1,4004,54004,ladder_a05_lin_r02,prps,1408,-20,-0.375662,24,0,24,0.06283185,3.60000,prps,1,106
31327,31.327,1,4004,54004,ladder_a05_lin_r02,prps,1408,-20,-0.373390,22,0,22,0.05759586,3.30000,prps,1,107
31332,31.332,1,4004,54004,ladder_a05_lin_r02,prps,1406,-22,-0.406227,20,0,20,0.05235988,3.00000,prps,1,108
31337,31.337,1,4004,54004,ladder_a05_lin_r02,prps,1403,-25,-0.462791,18,0,18,0.04712389,2.70000,prps,1,109
31342,31.342,1,4004,54004,ladder_a05_lin_r02,prps,1400,-28,-0.526747,16,0,16,0.04188790,2.40000,prps,1,110
31347,31.347,1,4004,54004,ladder_a05_lin_r02,prps,1397,-31,-0.579642,15,0,15,0.03926991,2.25000,prps,1,111
31352,31.352,1,4004,54004,ladder_a05_lin_r02,prps,1396,-32,-0.604105,15,0,15,0.03926991,2.25000,prps,1,112
31357,31.357,1,4004,54004,ladder_a05_lin_r02,prps,1397,-31,-0.586845,15,0,15,0.03926991,2.25000,prps,1,113
31362,31.362,1,4004,54004,ladder_a05_lin_r02,prps,1400,-28,-0.520926,15,0,15,0.03926991,2.25000,prps,1,114
31367,31.367,1,4004,54004,ladder_a05_lin_r02,prps,1406,-22,-0.406963,15,0,15,0.03926991,2.25000,prps,1,115
31372,31.372,1,4004,54004,ladder_a05_lin_r02,prps,1415,-13,-0.253077,15,0,15,0.03926991,2.25000,prps,1,116
31377,31.377,1,4004,54004,ladder_a05_lin_r02,prps,1424,-4,-0.073667,15,0,15,0.03926991,2.25000,prps,1,117
31382,31.382,1,4004,54004,ladder_a05_lin_r02,prps,1434,6,0.112750,14,0,14,0.03665191,2.10000,prps,1,118
31387,31.387,1,4004,54004,ladder_a05_lin_r02,prps,1443,15,0.286216,12,0,12,0.03141592,1.80000,prps,1,119
31392,31.392,1,4004,54004,ladder_a05_lin_r02,prps,1451,23,0.428117,9,0,9,0.02356194,1.35000,prps,1,120
31397,31.397,1,4004,54004,ladder_a05_lin_r02,prps,1456,28,0.523611,6,0,6,0.01570796,0.90000,prps,1,121
31402,31.402,1,4004,54004,ladder_a05_lin_r02,prps,1458,30,0.563404,2,0,2,0.00523599,0.30000,prps,1,122
31407,31.407,1,4004,54004,ladder_a05_lin_r02,prps,1457,29,0.544672,-3,0,-3,-0.00785398,-0.45000,prps,1,123
31412,31.412,1,4004,54004,ladder_a05_lin_r02,prps,1453,25,0.471089,-7,0,-7,-0.01832596,-1.05000,prps,1,124
31417,31.417,1,4004,54004,ladder_a05_lin_r02,prps,1447,19,0.352063,-10,0,-10,-0.02617994,-1.50000,prps,1,125
31422,31.422,1,4004,54004,ladder_a05_lin_r02,prps,1439,11,0.201369,-13,0,-13,-0.03403392,-1.95000,prps,1,126
31427,31.427,1,4004,54004,ladder_a05_lin_r02,prps,1430,2,0.035416,-14,0,-14,-0.03665191,-2.10000,prps,1,127
31432,31.432,1,4004,54004,ladder_a05_lin_r02,prps,1421,-7,-0.128597,-14,0,-14,-0.03665191,-2.10000,prps,1,128
31437,31.437,1,4004,54004,ladder_a05_lin_r02,prps,1413,-15,-0.274451,-14,0,-14,-0.03665191,-2.10000,prps,1,129
31442,31.442,1,4004,54004,ladder_a05_lin_r02,prps,1407,-21,-0.388437,-12,0,-12,-0.03141592,-1.80000,prps,1,130
31447,31.447,1,4004,54004,ladder_a05_lin_r02,prps,1404,-24,-0.460557,-9,0,-9,-0.02356194,-1.35000,prps,1,131
31452,31.452,1,4004,54004,ladder_a05_lin_r02,prps,1402,-26,-0.485337,-6,0,-6,-0.01570796,-0.90000,prps,1,132
31457,31.457,1,4004,54004,ladder_a05_lin_r02,prps,1404,-24,-0.462248,-2,0,-2,-0.00523599,-0.30000,prps,1,133
31462,31.462,1,4004,54004,ladder_a05_lin_r02,prps,1407,-21,-0.395694,2,0,2,0.00523599,0.30000,prps,1,134
31467,31.467,1,4004,54004,ladder_a05_lin_r02,prps,1412,-16,-0.294593,5,0,5,0.01308997,0.75000,prps,1,135
31472,31.472,1,4004,54004,ladder_a05_lin_r02,prps,1419,-9,-0.171519,7,0,7,0.01832596,1.05000,prps,1,136
31477,31.477,1,4004,54004,ladder_a05_lin_r02,prps,1426,-2,-0.041461,8,0,8,0.02094395,1.20000,prps,1,137
31482,31.482,1,4004,54004,ladder_a05_lin_r02,prps,1432,4,0.079765,7,0,7,0.01832596,1.05000,prps,1,138
31487,31.487,1,4004,54004,ladder_a05_lin_r02,prps,1437,9,0.177301,6,0,6,0.01570796,0.90000,prps,1,139
31492,31.492,1,4004,54004,ladder_a05_lin_r02,prps,1441,13,0.239071,5,0,5,0.01308997,0.75000,prps,1,140
31497,31.497,1,4004,54004,ladder_a05_lin_r02,prps,1442,14,0.257390,3,0,3,0.00785398,0.45000,prps,1,141
31502,31.502,1,4004,54004,ladder_a05_lin_r02,prps,1440,12,0.230129,1,0,1,0.00261799,0.15000,prps,1,142
31507,31.507,1,4004,54004,ladder_a05_lin_r02,prps,1437,9,0.161200,-2,0,-2,-0.00523599,-0.30000,prps,1,143
31512,31.512,1,4004,54004,ladder_a05_lin_r02,prps,1431,3,0.060211,-4,0,-4,-0.01047198,-0.60000,prps,1,144
31517,31.517,1,4004,54004,ladder_a05_lin_r02,prps,1425,-3,-0.058731,-5,0,-5,-0.01308997,-0.75000,prps,1,145
31522,31.522,1,4004,54004,ladder_a05_lin_r02,prps,1419,-9,-0.178953,-6,0,-6,-0.01570796,-0.90000,prps,1,146
31527,31.527,1,4004,54004,ladder_a05_lin_r02,prps,1413,-15,-0.283644,-5,0,-5,-0.01308997,-0.75000,prps,1,147
31532,31.532,1,4004,54004,ladder_a05_lin_r02,prps,1409,-19,-0.358379,-4,0,-4,-0.01047198,-0.60000,prps,1,148
31537,31.537,1,4004,54004,ladder_a05_lin_r02,prps,1407,-21,-0.393352,-4,0,-4,-0.01047198,-0.60000,prps,1,149
31542,31.542,1,4004,54004,ladder_a05_lin_r02,prps,1408,-20,-0.384882,-2,0,-2,-0.00523599,-0.30000,prps,1,150
31547,31.547,1,4004,54004,ladder_a05_lin_r02,prps,1410,-18,-0.335924,1,0,1,0.00261799,0.15000,prps,1,151
31552,31.552,1,4004,54004,ladder_a05_lin_r02,prps,1414,-14,-0.255452,4,0,4,0.01047198,0.60000,prps,1,152
31557,31.557,1,4004,54004,ladder_a05_lin_r02,prps,1420,-8,-0.156790,6,0,6,0.01570796,0.90000,prps,1,153
31562,31.562,1,4004,54004,ladder_a05_lin_r02,prps,1425,-3,-0.055177,6,0,6,0.01570796,0.90000,prps,1,154
31567,31.567,1,4004,54004,ladder_a05_lin_r02,prps,1430,2,0.034986,6,0,6,0.01570796,0.90000,prps,1,155
31572,31.572,1,4004,54004,ladder_a05_lin_r02,prps,1433,5,0.102686,5,0,5,0.01308997,0.75000,prps,1,156
31577,31.577,1,4004,54004,ladder_a05_lin_r02,prps,1436,8,0.142155,4,0,4,0.01047198,0.60000,prps,1,157
31582,31.582,1,4004,54004,ladder_a05_lin_r02,prps,1436,8,0.153648,3,0,3,0.00785398,0.45000,prps,1,158
31587,31.587,1,4004,54004,ladder_a05_lin_r02,prps,1436,8,0.142984,1,0,1,0.00261799,0.15000,prps,1,159
31592,31.592,1,4004,54004,ladder_a05_lin_r02,prps,1434,6,0.119925,-1,0,-1,-0.00261799,-0.15000,prps,1,160
31597,31.597,1,4004,54004,ladder_a05_lin_r02,prps,1433,5,0.095718,-2,0,-2,-0.00523599,-0.30000,prps,1,161
31602,31.602,1,4004,54004,ladder_a05_lin_r02,prps,1432,4,0.080309,-3,0,-3,-0.00785398,-0.45000,prps,1,162
31607,31.607,1,4004,54004,ladder_a05_lin_r02,prps,1432,4,0.079822,-3,0,-3,-0.00785398,-0.45000,prps,1,163
31612,31.612,1,4004,54004,ladder_a05_lin_r02,prps,1433,5,0.094856,-3,0,-3,-0.00785398,-0.45000,prps,1,164
31617,31.617,1,4004,54004,ladder_a05_lin_r02,prps,1434,6,0.120018,-3,0,-3,-0.00785398,-0.45000,prps,1,165
31622,31.622,1,4004,54004,ladder_a05_lin_r02,prps,1436,8,0.144835,-3,0,-3,-0.00785398,-0.45000,prps,1,166
31627,31.627,1,4004,54004,ladder_a05_lin_r02,prps,1436,8,0.155933,-3,0,-3,-0.00785398,-0.45000,prps,1,167
31632,31.632,1,4004,54004,ladder_a05_lin_r02,prps,1435,7,0.140070,-3,0,-3,-0.00785398,-0.45000,prps,1,168
31637,31.637,1,4004,54004,ladder_a05_lin_r02,prps,1433,5,0.087423,-4,0,-4,-0.01047198,-0.60000,prps,1,169
31642,31.642,1,4004,54004,ladder_a05_lin_r02,prps,1428,0,-0.005563,-4,0,-4,-0.01047198,-0.60000,prps,1,170
31647,31.647,1,4004,54004,ladder_a05_lin_r02,prps,1421,-7,-0.134403,-4,0,-4,-0.01047198,-0.60000,prps,1,171
31652,31.652,1,4004,54004,ladder_a05_lin_r02,prps,1413,-15,-0.286314,-4,0,-4,-0.01047198,-0.60000,prps,1,172
31657,31.657,1,4004,54004,ladder_a05_lin_r02,prps,1405,-23,-0.441651,-4,0,-4,-0.01047198,-0.60000,prps,1,173
31662,31.662,1,4004,54004,ladder_a05_lin_r02,prps,1397,-31,-0.576842,-3,0,-3,-0.00785398,-0.45000,prps,1,174
31667,31.667,1,4004,54004,ladder_a05_lin_r02,prps,1393,-35,-0.668360,-1,0,-1,-0.00261799,-0.15000,prps,1,175
31672,31.672,1,4004,54004,ladder_a05_lin_r02,prps,1391,-37,-0.697001,2,0,2,0.00523599,0.30000,prps,1,176
31677,31.677,1,4004,54004,ladder_a05_lin_r02,prps,1393,-35,-0.651679,6,0,6,0.01570796,0.90000,prps,1,177
31682,31.682,1,4004,54004,ladder_a05_lin_r02,prps,1400,-28,-0.531984,9,0,9,0.02356194,1.35000,prps,1,178
31687,31.687,1,4004,54004,ladder_a05_lin_r02,prps,1410,-18,-0.348968,12,0,12,0.03141592,1.80000,prps,1,179
31692,31.692,1,4004,54004,ladder_a05_lin_r02,prps,1421,-7,-0.123954,14,0,14,0.03665191,2.10000,prps,1,180
31697,31.697,1,4004,54004,ladder_a05_lin_r02,prps,1434,6,0.114493,14,0,14,0.03665191,2.10000,prps,1,181
31702,31.702,1,4004,54004,ladder_a05_lin_r02,prps,1446,18,0.334925,14,0,14,0.03665191,2.10000,prps,1,182
31707,31.707,1,4004,54004,ladder_a05_lin_r02,prps,1455,27,0.507949,12,0,12,0.03141592,1.80000,prps,1,183
31712,31.712,1,4004,54004,ladder_a05_lin_r02,prps,1460,32,0.610879,8,0,8,0.02094395,1.20000,prps,1,184
31717,31.717,1,4004,54004,ladder_a05_lin_r02,prps,1461,33,0.631277,3,0,3,0.00785398,0.45000,prps,1,185
31722,31.722,1,4004,54004,ladder_a05_lin_r02,prps,1458,30,0.568768,-1,0,-1,-0.00261799,-0.15000,prps,1,186
31727,31.727,1,4004,54004,ladder_a05_lin_r02,prps,1451,23,0.434828,-6,0,-6,-0.01570796,-0.90000,prps,1,187
31732,31.732,1,4004,54004,ladder_a05_lin_r02,prps,1441,13,0.250632,-10,0,-10,-0.02617994,-1.50000,prps,1,188
31737,31.737,1,4004,54004,ladder_a05_lin_r02,prps,1430,2,0.043372,-13,0,-13,-0.03403392,-1.95000,prps,1,189
31742,31.742,1,4004,54004,ladder_a05_lin_r02,prps,1420,-8,-0.158254,-13,0,-13,-0.03403392,-1.95000,prps,1,190
31747,31.747,1,4004,54004,ladder_a05_lin_r02,prps,1411,-17,-0.328561,-13,0,-13,-0.03403392,-1.95000,prps,1,191
31752,31.752,1,4004,54004,ladder_a05_lin_r02,prps,1404,-24,-0.448624,-11,0,-11,-0.02879793,-1.65000,prps,1,192
31757,31.757,1,4004,54004,ladder_a05_lin_r02,prps,1401,-27,-0.508625,-8,0,-8,-0.02094395,-1.20000,prps,1,193
31762,31.762,1,4004,54004,ladder_a05_lin_r02,prps,1401,-27,-0.508499,-6,0,-6,-0.01570796,-0.90000,prps,1,194
31767,31.767,1,4004,54004,ladder_a05_lin_r02,prps,1404,-24,-0.456877,-2,0,-2,-0.00523599,-0.30000,prps,1,195
31772,31.772,1,4004,54004,ladder_a05_lin_r02,prps,1408,-20,-0.368669,2,0,2,0.00523599,0.30000,prps,1,196
31777,31.777,1,4004,54004,ladder_a05_lin_r02,prps,1414,-14,-0.261844,5,0,5,0.01308997,0.75000,prps,1,197
31782,31.782,1,4004,54004,ladder_a05_lin_r02,prps,1420,-8,-0.154104,7,0,7,0.01832596,1.05000,prps,1,198
31787,31.787,1,4004,54004,ladder_a05_lin_r02,prps,1425,-3,-0.060063,8,0,8,0.02094395,1.20000,prps,1,199
31792,31.792,1,4004,54004,ladder_a05_lin_r02,prps,1429,1,0.010548,8,0,8,0.02094395,1.20000,prps,1,200
31797,31.797,1,4004,54004,ladder_a05_lin_r02,prps,1431,3,0.053459,7,0,7,0.01832596,1.05000,prps,1,201
31802,31.802,1,4004,54004,ladder_a05_lin_r02,prps,1432,4,0.069244,5,0,5,0.01308997,0.75000,prps,1,202
31807,31.807,1,4004,54004,ladder_a05_lin_r02,prps,1431,3,0.061833,4,0,4,0.01047198,0.60000,prps,1,203
31812,31.812,1,4004,54004,ladder_a05_lin_r02,prps,1430,2,0.036613,2,0,2,0.00523599,0.30000,prps,1,204
31817,31.817,1,4004,54004,ladder_a05_lin_r02,prps,1428,0,-0.001352,1,0,1,0.00261799,0.15000,prps,1,205
31822,31.822,1,4004,54004,ladder_a05_lin_r02,prps,1425,-3,-0.048540,-1,0,-1,-0.00261799,-0.15000,prps,1,206
31827,31.827,1,4004,54004,ladder_a05_lin_r02,prps,1423,-5,-0.103349,-1,0,-1,-0.00261799,-0.15000,prps,1,207
31832,31.832,1,4004,54004,ladder_a05_lin_r02,prps,1419,-9,-0.165606,-1,0,-1,-0.00261799,-0.15000,prps,1,208
31837,31.837,1,4004,54004,ladder_a05_lin_r02,prps,1416,-12,-0.235391,-1,0,-1,-0.00261799,-0.15000,prps,1,209
31842,31.842,1,4004,54004,ladder_a05_lin_r02,prps,1411,-17,-0.311574,-1,0,-1,-0.00261799,-0.15000,prps,1,210
31847,31.847,1,4004,54004,ladder_a05_lin_r02,prps,1407,-21,-0.390517,-1,0,-1,-0.00261799,-0.15000,prps,1,211
31852,31.852,1,4004,54004,ladder_a05_lin_r02,prps,1403,-25,-0.465398,1,0,1,0.00261799,0.15000,prps,1,212
31857,31.857,1,4004,54004,ladder_a05_lin_r02,prps,1400,-28,-0.526422,3,0,3,0.00785398,0.45000,prps,1,213
31862,31.862,1,4004,54004,ladder_a05_lin_r02,prps,1398,-30,-0.562028,5,0,5,0.01308997,0.75000,prps,1,214
31867,31.867,1,4004,54004,ladder_a05_lin_r02,prps,1398,-30,-0.560885,7,0,7,0.01832596,1.05000,prps,1,215
31872,31.872,1,4004,54004,ladder_a05_lin_r02,prps,1401,-27,-0.514299,9,0,9,0.02356194,1.35000,prps,1,216
31877,31.877,1,4004,54004,ladder_a05_lin_r02,prps,1406,-22,-0.418504,11,0,11,0.02879793,1.65000,prps,1,217
31882,31.882,1,4004,54004,ladder_a05_lin_r02,prps,1413,-15,-0.276270,13,0,13,0.03403392,1.95000,prps,1,218
31887,31.887,1,4004,54004,ladder_a05_lin_r02,prps,1423,-5,-0.097401,13,0,13,0.03403392,1.95000,prps,1,219
31892,31.892,1,4004,54004,ladder_a05_lin_r02,prps,1433,5,0.102109,13,0,13,0.03403392,1.95000,prps,1,220
31897,31.897,1,4004,54004,ladder_a05_lin_r02,prps,1444,16,0.302216,13,0,13,0.03403392,1.95000,prps,1,221
31902,31.902,1,4004,54004,ladder_a05_lin_r02,prps,1454,26,0.481924,10,0,10,0.02617994,1.50000,prps,1,222
31907,31.907,1,4004,54004,ladder_a05_lin_r02,prps,1461,33,0.622786,6,0,6,0.01570796,0.90000,prps,1,223
31912,31.912,1,4004,54004,ladder_a05_lin_r02,prps,1466,38,0.712131,2,0,2,0.00523599,0.30000,prps,1,224
31917,31.917,1,4004,54004,ladder_a05_lin_r02,prps,1468,40,0.745366,-2,0,-2,-0.00523599,-0.30000,prps,1,225
31922,31.922,1,4004,54004,ladder_a05_lin_r02,prps,1467,39,0.726849,-7,0,-7,-0.01832596,-1.05000,prps,1,226
31927,31.927,1,4004,54004,ladder_a05_lin_r02,prps,1463,35,0.669132,-11,0,-11,-0.02879793,-1.65000,prps,1,227
31932,31.932,1,4004,54004,ladder_a05_lin_r02,prps,1459,31,0.590636,-15,0,-15,-0.03926991,-2.25000,prps,1,228
31937,31.937,1,4004,54004,ladder_a05_lin_r02,prps,1455,27,0.512210,-18,0,-18,-0.04712389,-2.70000,prps,1,229
31942,31.942,1,4004,54004,ladder_a05_lin_r02,prps,1452,24,0.453191,-20,0,-20,-0.05235988,-3.00000,prps,1,230
31947,31.947,1,4004,54004,ladder_a05_lin_r02,prps,1451,23,0.427754,-21,0,-21,-0.05497787,-3.15000,prps,1,231
31952,31.952,1,4004,54004,ladder_a05_lin_r02,prps,1451,23,0.442252,-21,0,-21,-0.05497787,-3.15000,prps,1,232
31957,31.957,1,4004,54004,ladder_a05_lin_r02,prps,1454,26,0.494095,-21,0,-21,-0.05497787,-3.15000,prps,1,233
31962,31.962,1,4004,54004,ladder_a05_lin_r02,prps,1458,30,0.572394,-21,0,-21,-0.05497787,-3.15000,prps,1,234
31967,31.967,1,4004,54004,ladder_a05_lin_r02,prps,1463,35,0.660249,-21,0,-21,-0.05497787,-3.15000,prps,1,235
31972,31.972,1,4004,54004,ladder_a05_lin_r02,prps,1467,39,0.738252,-21,0,-21,-0.05497787,-3.15000,prps,1,236
31977,31.977,1,4004,54004,ladder_a05_lin_r02,prps,1470,42,0.788489,-21,0,-21,-0.05497787,-3.15000,prps,1,237
31982,31.982,1,4004,54004,ladder_a05_lin_r02,prps,1470,42,0.798268,-22,0,-22,-0.05759586,-3.30000,prps,1,238
31987,31.987,1,4004,54004,ladder_a05_lin_r02,prps,1468,40,0.762814,-23,0,-23,-0.06021386,-3.45000,prps,1,239
31992,31.992,1,4004,54004,ladder_a05_lin_r02,prps,1464,36,0.686385,-24,0,-24,-0.06283185,-3.60000,prps,1,240
31997,31.997,1,4004,54004,ladder_a05_lin_r02,prps,1459,31,0.581596,-25,0,-25,-0.06544985,-3.75000,prps,1,241
32002,32.002,1,4004,54004,ladder_a05_lin_r02,prps,1453,25,0.467062,-25,0,-25,-0.06544985,-3.75000,prps,1,242
32007,32.007,1,4004,54004,ladder_a05_lin_r02,prps,1447,19,0.363824,-24,0,-24,-0.06283185,-3.60000,prps,1,243
32012,32.012,1,4004,54004,ladder_a05_lin_r02,prps,1443,15,0.291274,-24,0,-24,-0.06283185,-3.60000,prps,1,244
32017,32.017,1,4004,54004,ladder_a05_lin_r02,prps,1442,14,0.263360,-23,0,-23,-0.06021386,-3.45000,prps,1,245
32022,32.022,1,4004,54004,ladder_a05_lin_r02,prps,1443,15,0.285829,-21,0,-21,-0.05497787,-3.15000,prps,1,246
32027,32.027,1,4004,54004,ladder_a05_lin_r02,prps,1447,19,0.355051,-19,0,-19,-0.04974188,-2.85000,prps,1,247
32032,32.032,1,4004,54004,ladder_a05_lin_r02,prps,1452,24,0.458617,-17,0,-17,-0.04450589,-2.55000,prps,1,248
32037,32.037,1,4004,54004,ladder_a05_lin_r02,prps,1459,31,0.577631,-16,0,-16,-0.04188790,-2.40000,prps,1,249
32042,32.042,1,4004,54004,ladder_a05_lin_r02,prps,1465,37,0.690201,-15,0,-15,-0.03926991,-2.25000,prps,1,250
32047,32.047,1,4004,54004,ladder_a05_lin_r02,prps,1469,41,0.775469,-15,0,-15,-0.03926991,-2.25000,prps,1,251
32052,32.052,1,4004,54004,ladder_a05_lin_r02,prps,1471,43,0.817411,-16,0,-16,-0.04188790,-2.40000,prps,1,252
32057,32.057,1,4004,54004,ladder_a05_lin_r02,prps,1471,43,0.807666,-18,0,-18,-0.04712389,-2.70000,prps,1,253
32062,32.062,1,4004,54004,ladder_a05_lin_r02,prps,1468,40,0.746908,-20,0,-20,-0.05235988,-3.00000,prps,1,254
32067,32.067,1,4004,54004,ladder_a05_lin_r02,prps,1462,34,0.644518,-23,0,-23,-0.06021386,-3.45000,prps,1,255
32072,32.072,1,4004,54004,ladder_a05_lin_r02,prps,1455,27,0.516685,-24,0,-24,-0.06283185,-3.60000,prps,1,256
32077,32.077,1,4004,54004,ladder_a05_lin_r02,prps,1448,20,0.383327,-25,0,-25,-0.06544985,-3.75000,prps,1,257
32082,32.082,1,4004,54004,ladder_a05_lin_r02,prps,1442,14,0.264464,-24,0,-24,-0.06283185,-3.60000,prps,1,258
32087,32.087,1,4004,54004,ladder_a05_lin_r02,prps,1437,9,0.176747,-24,0,-24,-0.06283185,-3.60000,prps,1,259
32092,32.092,1,4004,54004,ladder_a05_lin_r02,prps,1435,7,0.130769,-22,0,-22,-0.05759586,-3.30000,prps,1,260
32097,32.097,1,4004,54004,ladder_a05_lin_r02,prps,1435,7,0.129636,-19,0,-19,-0.04974188,-2.85000,prps,1,261
32102,32.102,1,4004,54004,ladder_a05_lin_r02,prps,1437,9,0.168973,-17,0,-17,-0.04450589,-2.55000,prps,1,262
32107,32.107,1,4004,54004,ladder_a05_lin_r02,prps,1441,13,0.238291,-14,0,-14,-0.03665191,-2.10000,prps,1,263
32112,32.112,1,4004,54004,ladder_a05_lin_r02,prps,1445,17,0.323343,-12,0,-12,-0.03141592,-1.80000,prps,1,264
32117,32.117,1,4004,54004,ladder_a05_lin_r02,prps,1450,22,0.408951,-12,0,-12,-0.03141592,-1.80000,prps,1,265
32122,32.122,1,4004,54004,ladder_a05_lin_r02,prps,1454,26,0.481723,-12,0,-12,-0.03141592,-1.80000,prps,1,266
32127,32.127,1,4004,54004,ladder_a05_lin_r02,prps,1456,28,0.532135,-12,0,-12,-0.03141592,-1.80000,prps,1,267
32132,32.132,1,4004,54004,ladder_a05_lin_r02,prps,1457,29,0.555633,-12,0,-12,-0.03141592,-1.80000,prps,1,268
32137,32.137,1,4004,54004,ladder_a05_lin_r02,prps,1457,29,0.552617,-13,0,-13,-0.03403392,-1.95000,prps,1,269
32142,32.142,1,4004,54004,ladder_a05_lin_r02,prps,1456,28,0.527440,-15,0,-15,-0.03926991,-2.25000,prps,1,270
32147,32.147,1,4004,54004,ladder_a05_lin_r02,prps,1454,26,0.486727,-16,0,-16,-0.04188790,-2.40000,prps,1,271
32152,32.152,1,4004,54004,ladder_a05_lin_r02,prps,1451,23,0.437454,-18,0,-18,-0.04712389,-2.70000,prps,1,272
32157,32.157,1,4004,54004,ladder_a05_lin_r02,prps,1448,20,0.385255,-18,0,-18,-0.04712389,-2.70000,prps,1,273
32162,32.162,1,4004,54004,ladder_a05_lin_r02,prps,1446,18,0.333315,-18,0,-18,-0.04712389,-2.70000,prps,1,274
32167,32.167,1,4004,54004,ladder_a05_lin_r02,prps,1443,15,0.282076,-18,0,-18,-0.04712389,-2.70000,prps,1,275
32172,32.172,1,4004,54004,ladder_a05_lin_r02,prps,1440,12,0.229778,-18,0,-18,-0.04712389,-2.70000,prps,1,276
32177,32.177,1,4004,54004,ladder_a05_lin_r02,prps,1437,9,0.173631,-17,0,-17,-0.04450589,-2.55000,prps,1,277
32182,32.182,1,4004,54004,ladder_a05_lin_r02,prps,1434,6,0.111320,-17,0,-17,-0.04450589,-2.55000,prps,1,278
32187,32.187,1,4004,54004,ladder_a05_lin_r02,prps,1430,2,0.042424,-16,0,-16,-0.04188790,-2.40000,prps,1,279
32192,32.192,1,4004,54004,ladder_a05_lin_r02,prps,1426,-2,-0.030605,-15,0,-15,-0.03926991,-2.25000,prps,1,280
32197,32.197,1,4004,54004,ladder_a05_lin_r02,prps,1423,-5,-0.102182,-13,0,-13,-0.03403392,-1.95000,prps,1,281
32202,32.202,1,4004,54004,ladder_a05_lin_r02,prps,1419,-9,-0.164134,-11,0,-11,-0.02879793,-1.65000,prps,1,282
32207,32.207,1,4004,54004,ladder_a05_lin_r02,prps,1417,-11,-0.206976,-9,0,-9,-0.02356194,-1.35000,prps,1,283
32212,32.212,1,4004,54004,ladder_a05_lin_r02,prps,1416,-12,-0.221661,-6,0,-6,-0.01570796,-0.90000,prps,1,284
32217,32.217,1,4004,54004,ladder_a05_lin_r02,prps,1417,-11,-0.201447,-4,0,-4,-0.01047198,-0.60000,prps,1,285
32222,32.222,1,4004,54004,ladder_a05_lin_r02,prps,1420,-8,-0.143496,-1,0,-1,-0.00261799,-0.15000,prps,1,286
32227,32.227,1,4004,54004,ladder_a05_lin_r02,prps,1425,-3,-0.049856,0,0,0,0.00000000,0.00000,prps,1,287
32232,32.232,1,4004,54004,ladder_a05_lin_r02,prps,1432,4,0.072386,1,0,1,0.00261799,0.15000,prps,1,288
32237,32.237,1,4004,54004,ladder_a05_lin_r02,prps,1439,11,0.211825,1,0,1,0.00261799,0.15000,prps,1,289
32242,32.242,1,4004,54004,ladder_a05_lin_r02,prps,1447,19,0.354236,1,0,1,0.00261799,0.15000,prps,1,290
32247,32.247,1,4004,54004,ladder_a05_lin_r02,prps,1454,26,0.484563,0,0,0,0.00000000,0.00000,prps,1,291
32252,32.252,1,4004,54004,ladder_a05_lin_r02,prps,1459,31,0.589072,-3,0,-3,-0.00785398,-0.45000,prps,1,292
32257,32.257,1,4004,54004,ladder_a05_lin_r02,prps,1463,35,0.657279,-4,0,-4,-0.01047198,-0.60000,prps,1,293
32262,32.262,1,4004,54004,ladder_a05_lin_r02,prps,1464,36,0.683363,-7,0,-7,-0.01832596,-1.05000,prps,1,294
32267,32.267,1,4004,54004,ladder_a05_lin_r02,prps,1463,35,0.666835,-11,0,-11,-0.02879793,-1.65000,prps,1,295
32272,32.272,1,4004,54004,ladder_a05_lin_r02,prps,1460,32,0.612415,-14,0,-14,-0.03665191,-2.10000,prps,1,296
32277,32.277,1,4004,54004,ladder_a05_lin_r02,prps,1456,28,0.529179,-17,0,-17,-0.04450589,-2.55000,prps,1,297
32282,32.282,1,4004,54004,ladder_a05_lin_r02,prps,1451,23,0.429158,-19,0,-19,-0.04974188,-2.85000,prps,1,298
32287,32.287,1,4004,54004,ladder_a05_lin_r02,prps,1445,17,0.325655,-20,0,-20,-0.05235988,-3.00000,prps,1,299
32292,32.292,1,4004,54004,ladder_a05_lin_r02,prps,1440,12,0.231529,-20,0,-20,-0.05235988,-3.00000,prps,1,300
32297,32.297,1,4004,54004,ladder_a05_lin_r02,prps,1436,8,0.157688,-20,0,-20,-0.05235988,-3.00000,prps,1,301
32302,32.302,1,4004,54004,ladder_a05_lin_r02,prps,1434,6,0.111947,-18,0,-18,-0.04712389,-2.70000,prps,1,302
32307,32.307,1,4004,54004,ladder_a05_lin_r02,prps,1433,5,0.098339,-17,0,-17,-0.04450589,-2.55000,prps,1,303
32312,32.312,1,4004,54004,ladder_a05_lin_r02,prps,1434,6,0.116879,-16,0,-16,-0.04188790,-2.40000,prps,1,304
32317,32.317,1,4004,54004,ladder_a05_lin_r02,prps,1437,9,0.163731,-14,0,-14,-0.03665191,-2.10000,prps,1,305
32322,32.322,1,4004,54004,ladder_a05_lin_r02,prps,1440,12,0.231705,-12,0,-12,-0.03141592,-1.80000,prps,1,306
32327,32.327,1,4004,54004,ladder_a05_lin_r02,prps,1444,16,0.310999,-11,0,-11,-0.02879793,-1.65000,prps,1,307
32332,32.332,1,4004,54004,ladder_a05_lin_r02,prps,1449,21,0.390140,-10,0,-10,-0.02617994,-1.50000,prps,1,308
32337,32.337,1,4004,54004,ladder_a05_lin_r02,prps,1452,24,0.457061,-10,0,-10,-0.02617994,-1.50000,prps,1,309
32342,32.342,1,4004,54004,ladder_a05_lin_r02,prps,1455,27,0.500292,-11,0,-11,-0.02879793,-1.65000,prps,1,310
32347,32.347,1,4004,54004,ladder_a05_lin_r02,prps,1455,27,0.510209,-11,0,-11,-0.02879793,-1.65000,prps,1,311
32352,32.352,1,4004,54004,ladder_a05_lin_r02,prps,1453,25,0.480259,-12,0,-12,-0.03141592,-1.80000,prps,1,312
32357,32.357,1,4004,54004,ladder_a05_lin_r02,prps,1450,22,0.408039,-14,0,-14,-0.03665191,-2.10000,prps,1,313
32362,32.362,1,4004,54004,ladder_a05_lin_r02,prps,1444,16,0.296063,-15,0,-15,-0.03926991,-2.25000,prps,1,314
32367,32.367,1,4004,54004,ladder_a05_lin_r02,prps,1436,8,0.152044,-16,0,-16,-0.04188790,-2.40000,prps,1,315
32372,32.372,1,4004,54004,ladder_a05_lin_r02,prps,1427,-1,-0.011460,-16,0,-16,-0.04188790,-2.40000,prps,1,316
32377,32.377,1,4004,54004,ladder_a05_lin_r02,prps,1419,-9,-0.178135,-16,0,-16,-0.04188790,-2.40000,prps,1,317
32382,32.382,1,4004,54004,ladder_a05_lin_r02,prps,1411,-17,-0.329697,-14,0,-14,-0.03665191,-2.10000,prps,1,318
32387,32.387,1,4004,54004,ladder_a05_lin_r02,prps,1404,-24,-0.448224,-13,0,-13,-0.03403392,-1.95000,prps,1,319
32392,32.392,1,4004,54004,ladder_a05_lin_r02,prps,1401,-27,-0.518749,-9,0,-9,-0.02356194,-1.35000,prps,1,320
32397,32.397,1,4004,54004,ladder_a05_lin_r02,prps,1400,-28,-0.531714,-5,0,-5,-0.01308997,-0.75000,prps,1,321
32402,32.402,1,4004,54004,ladder_a05_lin_r02,prps,1402,-26,-0.484850,-1,0,-1,-0.00261799,-0.15000,prps,1,322
32407,32.407,1,4004,54004,ladder_a05_lin_r02,prps,1408,-20,-0.384100,3,0,3,0.00785398,0.45000,prps,1,323
32412,32.412,1,4004,54004,ladder_a05_lin_r02,prps,1415,-13,-0.243303,6,0,6,0.01570796,0.90000,prps,1,324
32417,32.417,1,4004,54004,ladder_a05_lin_r02,prps,1424,-4,-0.082558,8,0,8,0.02094395,1.20000,prps,1,325
32422,32.422,1,4004,54004,ladder_a05_lin_r02,prps,1432,4,0.074568,9,0,9,0.02356194,1.35000,prps,1,326
32427,32.427,1,4004,54004,ladder_a05_lin_r02,prps,1439,11,0.204616,8,0,8,0.02094395,1.20000,prps,1,327
32432,32.432,1,4004,54004,ladder_a05_lin_r02,prps,1443,15,0.288025,6,0,6,0.01570796,0.90000,prps,1,328
32437,32.437,1,4004,54004,ladder_a05_lin_r02,prps,1445,17,0.312501,4,0,4,0.01047198,0.60000,prps,1,329
32442,32.442,1,4004,54004,ladder_a05_lin_r02,prps,1443,15,0.275316,1,0,1,0.00261799,0.15000,prps,1,330
32447,32.447,1,4004,54004,ladder_a05_lin_r02,prps,1438,10,0.184093,-1,0,-1,-0.00261799,-0.15000,prps,1,331
32452,32.452,1,4004,54004,ladder_a05_lin_r02,prps,1431,3,0.055828,-3,0,-3,-0.00785398,-0.45000,prps,1,332
32457,32.457,1,4004,54004,ladder_a05_lin_r02,prps,1423,-5,-0.085748,-5,0,-5,-0.01308997,-0.75000,prps,1,333
32462,32.462,1,4004,54004,ladder_a05_lin_r02,prps,1417,-11,-0.214088,-6,0,-6,-0.01570796,-0.90000,prps,1,334
32467,32.467,1,4004,54004,ladder_a05_lin_r02,prps,1412,-16,-0.304375,-6,0,-6,-0.01570796,-0.90000,prps,1,335
32472,32.472,1,4004,54004,ladder_a05_lin_r02,prps,1410,-18,-0.337897,-5,0,-5,-0.01308997,-0.75000,prps,1,336
32477,32.477,1,4004,54004,ladder_a05_lin_r02,prps,1412,-16,-0.305473,-4,0,-4,-0.01047198,-0.60000,prps,1,337
32482,32.482,1,4004,54004,ladder_a05_lin_r02,prps,1417,-11,-0.209278,-1,0,-1,-0.00261799,-0.15000,prps,1,338
32487,32.487,1,4004,54004,ladder_a05_lin_r02,prps,1425,-3,-0.062693,1,0,1,0.00261799,0.15000,prps,1,339
32492,32.492,1,4004,54004,ladder_a05_lin_r02,prps,1434,6,0.111812,3,0,3,0.00785398,0.45000,prps,1,340
32497,32.497,1,4004,54004,ladder_a05_lin_r02,prps,1443,15,0.286449,3,0,3,0.00785398,0.45000,prps,1,341
32502,32.502,1,4004,54004,ladder_a05_lin_r02,prps,1451,23,0.432840,3,0,3,0.00785398,0.45000,prps,1,342
32507,32.507,1,4004,54004,ladder_a05_lin_r02,prps,1456,28,0.526889,1,0,1,0.00261799,0.15000,prps,1,343
32512,32.512,1,4004,54004,ladder_a05_lin_r02,prps,1457,29,0.552902,-1,0,-1,-0.00261799,-0.15000,prps,1,344
32517,32.517,1,4004,54004,ladder_a05_lin_r02,prps,1455,27,0.506210,-4,0,-4,-0.01047198,-0.60000,prps,1,345
32522,32.522,1,4004,54004,ladder_a05_lin_r02,prps,1449,21,0.393834,-7,0,-7,-0.01832596,-1.05000,prps,1,346
32527,32.527,1,4004,54004,ladder_a05_lin_r02,prps,1440,12,0.233080,-10,0,-10,-0.02617994,-1.50000,prps,1,347
32532,32.532,1,4004,54004,ladder_a05_lin_r02,prps,1431,3,0.048342,-13,0,-13,-0.03403392,-1.95000,prps,1,348
32537,32.537,1,4004,54004,ladder_a05_lin_r02,prps,1421,-7,-0.133267,-14,0,-14,-0.03665191,-2.10000,prps,1,349
32542,32.542,1,4004,54004,ladder_a05_lin_r02,prps,1413,-15,-0.286633,-13,0,-13,-0.03403392,-1.95000,prps,1,350
32547,32.547,1,4004,54004,ladder_a05_lin_r02,prps,1407,-21,-0.392837,-12,0,-12,-0.03141592,-1.80000,prps,1,351
32552,32.552,1,4004,54004,ladder_a05_lin_r02,prps,1405,-23,-0.442060,-10,0,-10,-0.02617994,-1.50000,prps,1,352
32557,32.557,1,4004,54004,ladder_a05_lin_r02,prps,1405,-23,-0.434697,-6,0,-6,-0.01570796,-0.90000,prps,1,353
32562,32.562,1,4004,54004,ladder_a05_lin_r02,prps,1408,-20,-0.380548,-2,0,-2,-0.00523599,-0.30000,prps,1,354
32567,32.567,1,4004,54004,ladder_a05_lin_r02,prps,1412,-16,-0.296294,1,0,1,0.00261799,0.15000,prps,1,355
32572,32.572,1,4004,54004,ladder_a05_lin_r02,prps,1417,-11,-0.201842,4,0,4,0.01047198,0.60000,prps,1,356
32577,32.577,1,4004,54004,ladder_a05_lin_r02,prps,1422,-6,-0.116275,6,0,6,0.01570796,0.90000,prps,1,357
32582,32.582,1,4004,54004,ladder_a05_lin_r02,prps,1425,-3,-0.054239,6,0,6,0.01570796,0.90000,prps,1,358
32587,32.587,1,4004,54004,ladder_a05_lin_r02,prps,1427,-1,-0.023454,6,0,6,0.01570796,0.90000,prps,1,359
32592,32.592,1,4004,54004,ladder_a05_lin_r02,prps,1427,-1,-0.023808,5,0,5,0.01308997,0.75000,prps,1,360
32597,32.597,1,4004,54004,ladder_a05_lin_r02,prps,1425,-3,-0.048142,4,0,4,0.01047198,0.60000,prps,1,361
32602,32.602,1,4004,54004,ladder_a05_lin_r02,prps,1424,-4,-0.084478,2,0,2,0.00523599,0.30000,prps,1,362
32607,32.607,1,4004,54004,ladder_a05_lin_r02,prps,1422,-6,-0.119185,1,0,1,0.00261799,0.15000,prps,1,363
32612,32.612,1,4004,54004,ladder_a05_lin_r02,prps,1421,-7,-0.140345,1,0,1,0.00261799,0.15000,prps,1,364
32617,32.617,1,4004,54004,ladder_a05_lin_r02,prps,1421,-7,-0.140604,1,0,1,0.00261799,0.15000,prps,1,365
32622,32.622,1,4004,54004,ladder_a05_lin_r02,prps,1422,-6,-0.118902,1,0,1,0.00261799,0.15000,prps,1,366
32627,32.627,1,4004,54004,ladder_a05_lin_r02,prps,1424,-4,-0.080715,1,0,1,0.00261799,0.15000,prps,1,367
32632,32.632,1,4004,54004,ladder_a05_lin_r02,prps,1426,-2,-0.036798,1,0,1,0.00261799,0.15000,prps,1,368
32637,32.637,1,4004,54004,ladder_a05_lin_r02,prps,1428,0,-0.000708,1,0,1,0.00261799,0.15000,prps,1,369
32642,32.642,1,4004,54004,ladder_a05_lin_r02,prps,1429,1,0.014331,1,0,1,0.00261799,0.15000,prps,1,370
32647,32.647,1,4004,54004,ladder_a05_lin_r02,prps,1428,0,-0.001455,1,0,1,0.00261799,0.15000,prps,1,371
32652,32.652,1,4004,54004,ladder_a05_lin_r02,prps,1425,-3,-0.051986,1,0,1,0.00261799,0.15000,prps,1,372
32657,32.657,1,4004,54004,ladder_a05_lin_r02,prps,1421,-7,-0.134145,0,0,0,0.00000000,0.00000,prps,1,373
32662,32.662,1,4004,54004,ladder_a05_lin_r02,prps,1415,-13,-0.238082,0,0,0,0.00000000,0.00000,prps,1,374
32667,32.667,1,4004,54004,ladder_a05_lin_r02,prps,1410,-18,-0.348957,0,0,0,0.00000000,0.00000,prps,1,375
32672,32.672,1,4004,54004,ladder_a05_lin_r02,prps,1404,-24,-0.449753,0,0,0,0.00000000,0.00000,prps,1,376
32677,32.677,1,4004,54004,ladder_a05_lin_r02,prps,1400,-28,-0.524585,2,0,2,0.00523599,0.30000,prps,1,377
32682,32.682,1,4004,54004,ladder_a05_lin_r02,prps,1398,-30,-0.561818,4,0,4,0.01047198,0.60000,prps,1,378
32687,32.687,1,4004,54004,ladder_a05_lin_r02,prps,1399,-29,-0.556357,6,0,6,0.01570796,0.90000,prps,1,379
32692,32.692,1,4004,54004,ladder_a05_lin_r02,prps,1401,-27,-0.510656,8,0,8,0.02094395,1.20000,prps,1,380
32697,32.697,1,4004,54004,ladder_a05_lin_r02,prps,1405,-23,-0.434237,10,0,10,0.02617994,1.50000,prps,1,381
32702,32.702,1,4004,54004,ladder_a05_lin_r02,prps,1410,-18,-0.341845,12,0,12,0.03141592,1.80000,prps,1,382
32707,32.707,1,4004,54004,ladder_a05_lin_r02,prps,1415,-13,-0.250636,12,0,12,0.03141592,1.80000,prps,1,383
32712,32.712,1,4004,54004,ladder_a05_lin_r02,prps,1419,-9,-0.176969,12,0,12,0.03141592,1.80000,prps,1,384
32717,32.717,1,4004,54004,ladder_a05_lin_r02,prps,1421,-7,-0.133459,12,0,12,0.03141592,1.80000,prps,1,385
32722,32.722,1,4004,54004,ladder_a05_lin_r02,prps,1421,-7,-0.126863,12,0,12,0.03141592,1.80000,prps,1,386
32727,32.727,1,4004,54004,ladder_a05_lin_r02,prps,1420,-8,-0.157192,11,0,11,0.02879793,1.65000,prps,1,387
32732,32.732,1,4004,54004,ladder_a05_lin_r02,prps,1416,-12,-0.218158,9,0,9,0.02356194,1.35000,prps,1,388
32737,32.737,1,4004,54004,ladder_a05_lin_r02,prps,1412,-16,-0.298802,7,0,7,0.01832596,1.05000,prps,1,389
32742,32.742,1,4004,54004,ladder_a05_lin_r02,prps,1408,-20,-0.385895,6,0,6,0.01570796,0.90000,prps,1,390
32747,32.747,1,4004,54004,ladder_a05_lin_r02,prps,1403,-25,-0.466561,5,0,5,0.01308997,0.75000,prps,1,391
32752,32.752,1,4004,54004,ladder_a05_lin_r02,prps,1400,-28,-0.530554,6,0,6,0.01570796,0.90000,prps,1,392
32757,32.757,1,4004,54004,ladder_a05_lin_r02,prps,1398,-30,-0.571713,6,0,6,0.01570796,0.90000,prps,1,393
32762,32.762,1,4004,54004,ladder_a05_lin_r02,prps,1397,-31,-0.588355,8,0,8,0.02094395,1.20000,prps,1,394
32767,32.767,1,4004,54004,ladder_a05_lin_r02,prps,1397,-31,-0.582574,9,0,9,0.02356194,1.35000,prps,1,395
32772,32.772,1,4004,54004,ladder_a05_lin_r02,prps,1398,-30,-0.558714,11,0,11,0.02879793,1.65000,prps,1,396
32777,32.777,1,4004,54004,ladder_a05_lin_r02,prps,1400,-28,-0.521442,12,0,12,0.03141592,1.80000,prps,1,397
32782,32.782,1,4004,54004,ladder_a05_lin_r02,prps,1403,-25,-0.473957,14,0,14,0.03665191,2.10000,prps,1,398
32787,32.787,1,4004,54004,ladder_a05_lin_r02,prps,1406,-22,-0.416793,14,0,14,0.03665191,2.10000,prps,1,399
32792,32.792,1,4004,54004,ladder_a05_lin_r02,prps,1410,-18,-0.347579,14,0,14,0.03665191,2.10000,prps,1,400
32797,32.797,1,4004,54004,ladder_a05_lin_r02,prps,1414,-14,-0.261823,14,0,14,0.03665191,2.10000,prps,1,401
32802,32.802,1,4004,54004,ladder_a05_lin_r02,prps,1420,-8,-0.154577,14,0,14,0.03665191,2.10000,prps,1,402
32807,32.807,1,4004,54004,ladder_a05_lin_r02,prps,1427,-1,-0.022573,14,0,14,0.03665191,2.10000,prps,1,403
32812,32.812,1,4004,54004,ladder_a05_lin_r02,prps,1435,7,0.133685,13,0,13,0.03403392,1.95000,prps,1,404
32817,32.817,1,4004,54004,ladder_a05_lin_r02,prps,1444,16,0.308452,10,0,10,0.02617994,1.50000,prps,1,405
32822,32.822,1,4004,54004,ladder_a05_lin_r02,prps,1454,26,0.490331,7,0,7,0.01832596,1.05000,prps,1,406
32827,32.827,1,4004,54004,ladder_a05_lin_r02,prps,1463,35,0.663156,4,0,4,0.01047198,0.60000,prps,1,407
32832,32.832,1,4004,54004,ladder_a05_lin_r02,prps,1471,43,0.808138,0,0,0,0.00000000,0.00000,prps,1,408
32837,32.837,1,4004,54004,ladder_a05_lin_r02,prps,1476,48,0.906925,-4,0,-4,-0.01047198,-0.60000,prps,1,409
32842,32.842,1,4004,54004,ladder_a05_lin_r02,prps,1478,50,0.945034,-9,0,-9,-0.02356194,-1.35000,prps,1,410
32847,32.847,1,4004,54004,ladder_a05_lin_r02,prps,1476,48,0.914961,-14,0,-14,-0.03665191,-2.10000,prps,1,411
32852,32.852,1,4004,54004,ladder_a05_lin_r02,prps,1471,43,0.818317,-18,0,-18,-0.04712389,-2.70000,prps,1,412
32857,32.857,1,4004,54004,ladder_a05_lin_r02,prps,1463,35,0.666493,-22,0,-22,-0.05759586,-3.30000,prps,1,413
32862,32.862,1,4004,54004,ladder_a05_lin_r02,prps,1453,25,0.479597,-25,0,-25,-0.06544985,-3.75000,prps,1,414
32867,32.867,1,4004,54004,ladder_a05_lin_r02,prps,1443,15,0.283769,-25,0,-25,-0.06544985,-3.75000,prps,1,415
32872,32.872,1,4004,54004,ladder_a05_lin_r02,prps,1434,6,0.107292,-25,0,-25,-0.06544985,-3.75000,prps,1,416
32877,32.877,1,4004,54004,ladder_a05_lin_r02,prps,1427,-1,-0.023872,-24,0,-24,-0.06283185,-3.60000,prps,1,417
32882,32.882,1,4004,54004,ladder_a05_lin_r02,prps,1423,-5,-0.090292,-21,0,-21,-0.05497787,-3.15000,prps,1,418
32887,32.887,1,4004,54004,ladder_a05_lin_r02,prps,1424,-4,-0.082299,-18,0,-18,-0.04712389,-2.70000,prps,1,419
32892,32.892,1,4004,54004,ladder_a05_lin_r02,prps,1428,0,-0.001624,-14,0,-14,-0.03665191,-2.10000,prps,1,420
32897,32.897,1,4004,54004,ladder_a05_lin_r02,prps,1435,7,0.138863,-11,0,-11,-0.02879793,-1.65000,prps,1,421
32902,32.902,1,4004,54004,ladder_a05_lin_r02,prps,1445,17,0.317267,-8,0,-8,-0.02094395,-1.20000,prps,1,422
32907,32.907,1,4004,54004,ladder_a05_lin_r02,prps,1455,27,0.506263,-7,0,-7,-0.01832596,-1.05000,prps,1,423
32912,32.912,1,4004,54004,ladder_a05_lin_r02,prps,1464,36,0.677538,-7,0,-7,-0.01832596,-1.05000,prps,1,424
32917,32.917,1,4004,54004,ladder_a05_lin_r02,prps,1471,43,0.806281,-8,0,-8,-0.02094395,-1.20000,prps,1,425
32922,32.922,1,4004,54004,ladder_a05_lin_r02,prps,1474,46,0.874960,-9,0,-9,-0.02356194,-1.35000,prps,1,426
32927,32.927,1,4004,54004,ladder_a05_lin_r02,prps,1474,46,0.875742,-12,0,-12,-0.03141592,-1.80000,prps,1,427
32932,32.932,1,4004,54004,ladder_a05_lin_r02,prps,1471,43,0.811202,-16,0,-16,-0.04188790,-2.40000,prps,1,428
32937,32.937,1,4004,54004,ladder_a05_lin_r02,prps,1465,37,0.693285,-20,0,-20,-0.05235988,-3.00000,prps,1,429
32942,32.942,1,4004,54004,ladder_a05_lin_r02,prps,1457,29,0.540774,-23,0,-23,-0.06021386,-3.45000,prps,1,430
32947,32.947,1,4004,54004,ladder_a05_lin_r02,prps,1448,20,0.375827,-24,0,-24,-0.06283185,-3.60000,prps,1,431
32952,32.952,1,4004,54004,ladder_a05_lin_r02,prps,1440,12,0.220228,-24,0,-24,-0.06283185,-3.60000,prps,1,432
32957,32.957,1,4004,54004,ladder_a05_lin_r02,prps,1433,5,0.092042,-23,0,-23,-0.06021386,-3.45000,prps,1,433
32962,32.962,1,4004,54004,ladder_a05_lin_r02,prps,1428,0,0.003236,-22,0,-22,-0.05759586,-3.30000,prps,1,434
32967,32.967,1,4004,54004,ladder_a05_lin_r02,prps,1426,-2,-0.041405,-19,0,-19,-0.04974188,-2.85000,prps,1,435
32972,32.972,1,4004,54004,ladder_a05_lin_r02,prps,1426,-2,-0.043993,-16,0,-16,-0.04188790,-2.40000,prps,1,436
32977,32.977,1,4004,54004,ladder_a05_lin_r02,prps,1427,-1,-0.012088,-13,0,-13,-0.03403392,-1.95000,prps,1,437
32982,32.982,1,4004,54004,ladder_a05_lin_r02,prps,1430,2,0.043515,-10,0,-10,-0.02617994,-1.50000,prps,1,438
32987,32.987,1,4004,54004,ladder_a05_lin_r02,prps,1434,6,0.111247,-8,0,-8,-0.02094395,-1.20000,prps,1,439
32992,32.992,1,4004,54004,ladder_a05_lin_r02,prps,1438,10,0.180956,-6,0,-6,-0.01570796,-0.90000,prps,1,440
32997,32.997,1,4004,54004,ladder_a05_lin_r02,prps,1441,13,0.245422,-6,0,-6,-0.01570796,-0.90000,prps,1,441
33002,33.002,1,4004,54004,ladder_a05_lin_r02,prps,1444,16,0.300972,-6,0,-6,-0.01570796,-0.90000,prps,1,442
33007,33.007,1,4004,54004,ladder_a05_lin_r02,prps,1446,18,0.347174,-6,0,-6,-0.01570796,-0.90000,prps,1,443
33012,33.012,1,4004,54004,ladder_a05_lin_r02,prps,1448,20,0.385809,-7,0,-7,-0.01832596,-1.05000,prps,1,444
33017,33.017,1,4004,54004,ladder_a05_lin_r02,prps,1450,22,0.419447,-7,0,-7,-0.01832596,-1.05000,prps,1,445
33022,33.022,1,4004,54004,ladder_a05_lin_r02,prps,1452,24,0.450021,-8,0,-8,-0.02094395,-1.20000,prps,1,446
33027,33.027,1,4004,54004,ladder_a05_lin_r02,prps,1453,25,0.477754,-10,0,-10,-0.02617994,-1.50000,prps,1,447
33032,33.032,1,4004,54004,ladder_a05_lin_r02,prps,1455,27,0.500698,-11,0,-11,-0.02879793,-1.65000,prps,1,448
33037,33.037,1,4004,54004,ladder_a05_lin_r02,prps,1455,27,0.514975,-13,0,-13,-0.03403392,-1.95000,prps,1,449
33042,33.042,1,4004,54004,ladder_a05_lin_r02,prps,1455,27,0.515628,-15,0,-15,-0.03926991,-2.25000,prps,1,450
33047,33.047,1,4004,54004,ladder_a05_lin_r02,prps,1454,26,0.497877,-16,0,-16,-0.04188790,-2.40000,prps,1,451
33052,33.052,1,4004,54004,ladder_a05_lin_r02,prps,1452,24,0.458449,-17,0,-17,-0.04450589,-2.55000,prps,1,452
33057,33.057,1,4004,54004,ladder_a05_lin_r02,prps,1449,21,0.396670,-18,0,-18,-0.04712389,-2.70000,prps,1,453
33062,33.062,1,4004,54004,ladder_a05_lin_r02,prps,1445,17,0.315056,-18,0,-18,-0.04712389,-2.70000,prps,1,454
33067,33.067,1,4004,54004,ladder_a05_lin_r02,prps,1440,12,0.219256,-18,0,-18,-0.04712389,-2.70000,prps,1,455
33072,33.072,1,4004,54004,ladder_a05_lin_r02,prps,1434,6,0.117365,-18,0,-18,-0.04712389,-2.70000,prps,1,456
33077,33.077,1,4004,54004,ladder_a05_lin_r02,prps,1429,1,0.018728,-17,0,-17,-0.04450589,-2.55000,prps,1,457
33082,33.082,1,4004,54004,ladder_a05_lin_r02,prps,1424,-4,-0.067490,-16,0,-16,-0.04188790,-2.40000,prps,1,458
33087,33.087,1,4004,54004,ladder_a05_lin_r02,prps,1421,-7,-0.133700,-15,0,-15,-0.03926991,-2.25000,prps,1,459
33092,33.092,1,4004,54004,ladder_a05_lin_r02,prps,1419,-9,-0.174967,-12,0,-12,-0.03141592,-1.80000,prps,1,460
33097,33.097,1,4004,54004,ladder_a05_lin_r02,prps,1418,-10,-0.189578,-9,0,-9,-0.02356194,-1.35000,prps,1,461
33102,33.102,1,4004,54004,ladder_a05_lin_r02,prps,1419,-9,-0.179032,-7,0,-7,-0.01832596,-1.05000,prps,1,462
33107,33.107,1,4004,54004,ladder_a05_lin_r02,prps,1420,-8,-0.147495,-4,0,-4,-0.01047198,-0.60000,prps,1,463
33112,33.112,1,4004,54004,ladder_a05_lin_r02,prps,1423,-5,-0.100873,-2,0,-2,-0.00523599,-0.30000,prps,1,464
33117,33.117,1,4004,54004,ladder_a05_lin_r02,prps,1426,-2,-0.045725,0,0,0,0.00000000,0.00000,prps,1,465
33122,33.122,1,4004,54004,ladder_a05_lin_r02,prps,1429,1,0.011754,1,0,1,0.00261799,0.15000,prps,1,466
33127,33.127,1,4004,54004,ladder_a05_lin_r02,prps,1432,4,0.066491,1,0,1,0.00261799,0.15000,prps,1,467
33132,33.132,1,4004,54004,ladder_a05_lin_r02,prps,1434,6,0.114933,1,0,1,0.00261799,0.15000,prps,1,468
33137,33.137,1,4004,54004,ladder_a05_lin_r02,prps,1436,8,0.155066,1,0,1,0.00261799,0.15000,prps,1,469
33142,33.142,1,4004,54004,ladder_a05_lin_r02,prps,1438,10,0.186137,0,0,0,0.00000000,0.00000,prps,1,470
33147,33.147,1,4004,54004,ladder_a05_lin_r02,prps,1439,11,0.208213,-1,0,-1,-0.00261799,-0.15000,prps,1,471
33152,33.152,1,4004,54004,ladder_a05_lin_r02,prps,1440,12,0.221739,-3,0,-3,-0.00785398,-0.45000,prps,1,472
33157,33.157,1,4004,54004,ladder_a05_lin_r02,prps,1440,12,0.227222,-3,0,-3,-0.00785398,-0.45000,prps,1,473
33162,33.162,1,4004,54004,ladder_a05_lin_r02,prps,1440,12,0.225119,-4,0,-4,-0.01047198,-0.60000,prps,1,474
33167,33.167,1,4004,54004,ladder_a05_lin_r02,prps,1439,11,0.215916,-5,0,-5,-0.01308997,-0.75000,prps,1,475
33172,33.172,1,4004,54004,ladder_a05_lin_r02,prps,1439,11,0.200341,-6,0,-6,-0.01570796,-0.90000,prps,1,476
33177,33.177,1,4004,54004,ladder_a05_lin_r02,prps,1438,10,0.179586,-7,0,-7,-0.01832596,-1.05000,prps,1,477
33182,33.182,1,4004,54004,ladder_a05_lin_r02,prps,1436,8,0.155418,-7,0,-7,-0.01832596,-1.05000,prps,1,478
33187,33.187,1,4004,54004,ladder_a05_lin_r02,prps,1435,7,0.130092,-7,0,-7,-0.01832596,-1.05000,prps,1,479
33192,33.192,1,4004,54004,ladder_a05_lin_r02,prps,1434,6,0.106053,-7,0,-7,-0.01832596,-1.05000,prps,1,480
33197,33.197,1,4004,54004,ladder_a05_lin_r02,prps,1433,5,0.085456,-7,0,-7,-0.01832596,-1.05000,prps,1,481
33202,33.202,1,4004,54004,ladder_a05_lin_r02,prps,1432,4,0.069642,-7,0,-7,-0.01832596,-1.05000,prps,1,482
33207,33.207,1,4004,54004,ladder_a05_lin_r02,prps,1431,3,0.058718,-7,0,-7,-0.01832596,-1.05000,prps,1,483
33212,33.212,1,4004,54004,ladder_a05_lin_r02,prps,1431,3,0.051392,-7,0,-7,-0.01832596,-1.05000,prps,1,484
33217,33.217,1,4004,54004,ladder_a05_lin_r02,prps,1430,2,0.045149,-7,0,-7,-0.01832596,-1.05000,prps,1,485
33222,33.222,1,4004,54004,ladder_a05_lin_r02,prps,1430,2,0.036803,-7,0,-7,-0.01832596,-1.05000,prps,1,486
33227,33.227,1,4004,54004,ladder_a05_lin_r02,prps,1429,1,0.023301,-7,0,-7,-0.01832596,-1.05000,prps,1,487
33232,33.232,1,4004,54004,ladder_a05_lin_r02,prps,1428,0,0.002634,-7,0,-7,-0.01832596,-1.05000,prps,1,488
33237,33.237,1,4004,54004,ladder_a05_lin_r02,prps,1427,-1,-0.025409,-7,0,-7,-0.01832596,-1.05000,prps,1,489
33242,33.242,1,4004,54004,ladder_a05_lin_r02,prps,1425,-3,-0.058842,-7,0,-7,-0.01832596,-1.05000,prps,1,490
33247,33.247,1,4004,54004,ladder_a05_lin_r02,prps,1423,-5,-0.093636,-6,0,-6,-0.01570796,-0.90000,prps,1,491
33252,33.252,1,4004,54004,ladder_a05_lin_r02,prps,1421,-7,-0.124443,-6,0,-6,-0.01570796,-0.90000,prps,1,492
33257,33.257,1,4004,54004,ladder_a05_lin_r02,prps,1420,-8,-0.145821,-5,0,-5,-0.01308997,-0.75000,prps,1,493
33262,33.262,1,4004,54004,ladder_a05_lin_r02,prps,1420,-8,-0.153716,-4,0,-4,-0.01047198,-0.60000,prps,1,494
33267,33.267,1,4004,54004,ladder_a05_lin_r02,prps,1420,-8,-0.146873,-2,0,-2,-0.00523599,-0.30000,prps,1,495
33272,33.272,1,4004,54004,ladder_a05_lin_r02,prps,1421,-7,-0.127805,-1,0,-1,-0.00261799,-0.15000,prps,1,496
33277,33.277,1,4004,54004,ladder_a05_lin_r02,prps,1423,-5,-0.103020,-1,0,-1,-0.00261799,-0.15000,prps,1,497
33282,33.282,1,4004,54004,ladder_a05_lin_r02,prps,1424,-4,-0.082308,-1,0,-1,-0.00261799,-0.15000,prps,1,498
33287,33.287,1,4004,54004,ladder_a05_lin_r02,prps,1424,-4,-0.077123,-1,0,-1,-0.00261799,-0.15000,prps,1,499
33292,33.292,1,4004,54004,ladder_a05_lin_r02,prps,1423,-5,-0.098259,-1,0,-1,-0.00261799,-0.15000,prps,1,500
33297,33.297,1,4004,54004,ladder_a05_lin_r02,prps,1420,-8,-0.153242,-1,0,-1,-0.00261799,-0.15000,prps,1,501
33302,33.302,1,4004,54004,ladder_a05_lin_r02,prps,1415,-13,-0.243972,-1,0,-1,-0.00261799,-0.15000,prps,1,502
33307,33.307,1,4004,54004,ladder_a05_lin_r02,prps,1409,-19,-0.365144,-1,0,-1,-0.00261799,-0.15000,prps,1,503
33312,33.312,1,4004,54004,ladder_a05_lin_r02,prps,1401,-27,-0.503908,0,0,0,0.00000000,0.00000,prps,1,504
33317,33.317,1,4004,54004,ladder_a05_lin_r02,prps,1394,-34,-0.640999,2,0,2,0.00523599,0.30000,prps,1,505
33322,33.322,1,4004,54004,ladder_a05_lin_r02,prps,1388,-40,-0.753290,4,0,4,0.01047198,0.60000,prps,1,506
33327,33.327,1,4004,54004,ladder_a05_lin_r02,prps,1385,-43,-0.817454,6,0,6,0.01570796,0.90000,prps,1,507
33332,33.332,1,4004,54004,ladder_a05_lin_r02,prps,1385,-43,-0.814131,10,0,10,0.02617994,1.50000,prps,1,508
33337,33.337,1,4004,54004,ladder_a05_lin_r02,prps,1389,-39,-0.731856,13,0,13,0.03403392,1.95000,prps,1,509
33342,33.342,1,4004,54004,ladder_a05_lin_r02,prps,1398,-30,-0.569984,16,0,16,0.04188790,2.40000,prps,1,510
33347,33.347,1,4004,54004,ladder_a05_lin_r02,prps,1410,-18,-0.339968,18,0,18,0.04712389,2.70000,prps,1,511
33352,33.352,1,4004,54004,ladder_a05_lin_r02,prps,1425,-3,-0.064623,19,0,19,0.04974188,2.85000,prps,1,512
33357,33.357,1,4004,54004,ladder_a05_lin_r02,prps,1440,12,0.224654,19,0,19,0.04974188,2.85000,prps,1,513
33362,33.362,1,4004,54004,ladder_a05_lin_r02,prps,1454,26,0.492341,17,0,17,0.04450589,2.55000,prps,1,514
33367,33.367,1,4004,54004,ladder_a05_lin_r02,prps,1465,37,0.704234,13,0,13,0.03403392,1.95000,prps,1,515
33372,33.372,1,4004,54004,ladder_a05_lin_r02,prps,1472,44,0.832963,8,0,8,0.02094395,1.20000,prps,1,516
33377,33.377,1,4004,54004,ladder_a05_lin_r02,prps,1474,46,0.862609,2,0,2,0.00523599,0.30000,prps,1,517
33382,33.382,1,4004,54004,ladder_a05_lin_r02,prps,1470,42,0.791581,-3,0,-3,-0.00785398,-0.45000,prps,1,518
33387,33.387,1,4004,54004,ladder_a05_lin_r02,prps,1462,34,0.633183,-9,0,-9,-0.02356194,-1.35000,prps,1,519
33392,33.392,1,4004,54004,ladder_a05_lin_r02,prps,1450,22,0.413717,-14,0,-14,-0.03665191,-2.10000,prps,1,520
33397,33.397,1,4004,54004,ladder_a05_lin_r02,prps,1437,9,0.168390,-17,0,-17,-0.04450589,-2.55000,prps,1,521
33402,33.402,1,4004,54004,ladder_a05_lin_r02,prps,1425,-3,-0.064297,-19,0,-19,-0.04974188,-2.85000,prps,1,522
33407,33.407,1,4004,54004,ladder_a05_lin_r02,prps,1415,-13,-0.248717,-19,0,-19,-0.04974188,-2.85000,prps,1,523
33412,33.412,1,4004,54004,ladder_a05_lin_r02,prps,1409,-19,-0.357789,-17,0,-17,-0.04450589,-2.55000,prps,1,524
33417,33.417,1,4004,54004,ladder_a05_lin_r02,prps,1408,-20,-0.377167,-14,0,-14,-0.03665191,-2.10000,prps,1,525
33422,33.422,1,4004,54004,ladder_a05_lin_r02,prps,1412,-16,-0.307239,-11,0,-11,-0.02879793,-1.65000,prps,1,526
33427,33.427,1,4004,54004,ladder_a05_lin_r02,prps,1419,-9,-0.162618,-7,0,-7,-0.01832596,-1.05000,prps,1,527
33432,33.432,1,4004,54004,ladder_a05_lin_r02,prps,1430,2,0.030748,-3,0,-3,-0.00785398,-0.45000,prps,1,528
33437,33.437,1,4004,54004,ladder_a05_lin_r02,prps,1441,13,0.240267,0,0,0,0.00000000,0.00000,prps,1,529
33442,33.442,1,4004,54004,ladder_a05_lin_r02,prps,1451,23,0.432355,0,0,0,0.00000000,0.00000,prps,1,530
33447,33.447,1,4004,54004,ladder_a05_lin_r02,prps,1459,31,0.578000,0,0,0,0.00000000,0.00000,prps,1,531
33452,33.452,1,4004,54004,ladder_a05_lin_r02,prps,1463,35,0.657284,-2,0,-2,-0.00523599,-0.30000,prps,1,532
33457,33.457,1,4004,54004,ladder_a05_lin_r02,prps,1463,35,0.662102,-4,0,-4,-0.01047198,-0.60000,prps,1,533
33462,33.462,1,4004,54004,ladder_a05_lin_r02,prps,1460,32,0.596685,-8,0,-8,-0.02094395,-1.20000,prps,1,534
33467,33.467,1,4004,54004,ladder_a05_lin_r02,prps,1453,25,0.475964,-11,0,-11,-0.02879793,-1.65000,prps,1,535
33472,33.472,1,4004,54004,ladder_a05_lin_r02,prps,1445,17,0.322177,-15,0,-15,-0.03926991,-2.25000,prps,1,536
33477,33.477,1,4004,54004,ladder_a05_lin_r02,prps,1437,9,0.160461,-17,0,-17,-0.04450589,-2.55000,prps,1,537
33482,33.482,1,4004,54004,ladder_a05_lin_r02,prps,1429,1,0.014303,-17,0,-17,-0.04450589,-2.55000,prps,1,538
33487,33.487,1,4004,54004,ladder_a05_lin_r02,prps,1423,-5,-0.098303,-17,0,-17,-0.04450589,-2.55000,prps,1,539
33492,33.492,1,4004,54004,ladder_a05_lin_r02,prps,1419,-9,-0.167330,-16,0,-16,-0.04188790,-2.40000,prps,1,540
33497,33.497,1,4004,54004,ladder_a05_lin_r02,prps,1418,-10,-0.191466,-13,0,-13,-0.03403392,-1.95000,prps,1,541
33502,33.502,1,4004,54004,ladder_a05_lin_r02,prps,1419,-9,-0.177139,-11,0,-11,-0.02879793,-1.65000,prps,1,542
33507,33.507,1,4004,54004,ladder_a05_lin_r02,prps,1421,-7,-0.136173,-8,0,-8,-0.02094395,-1.20000,prps,1,543
33512,33.512,1,4004,54004,ladder_a05_lin_r02,prps,1424,-4,-0.082663,-6,0,-6,-0.01570796,-0.90000,prps,1,544
33517,33.517,1,4004,54004,ladder_a05_lin_r02,prps,1426,-2,-0.029793,-3,0,-3,-0.00785398,-0.45000,prps,1,545
33522,33.522,1,4004,54004,ladder_a05_lin_r02,prps,1429,1,0.012752,-1,0,-1,-0.00261799,-0.15000,prps,1,546
33527,33.527,1,4004,54004,ladder_a05_lin_r02,prps,1430,2,0.040264,-1,0,-1,-0.00261799,-0.15000,prps,1,547
33532,33.532,1,4004,54004,ladder_a05_lin_r02,prps,1431,3,0.053168,-1,0,-1,-0.00261799,-0.15000,prps,1,548
33537,33.537,1,4004,54004,ladder_a05_lin_r02,prps,1431,3,0.055946,-1,0,-1,-0.00261799,-0.15000,prps,1,549
33542,33.542,1,4004,54004,ladder_a05_lin_r02,prps,1431,3,0.055168,-1,0,-1,-0.00261799,-0.15000,prps,1,550
33547,33.547,1,4004,54004,ladder_a05_lin_r02,prps,1431,3,0.057177,-1,0,-1,-0.00261799,-0.15000,prps,1,551
33552,33.552,1,4004,54004,ladder_a05_lin_r02,prps,1431,3,0.066005,-1,0,-1,-0.00261799,-0.15000,prps,1,552
33557,33.557,1,4004,54004,ladder_a05_lin_r02,prps,1432,4,0.082031,-1,0,-1,-0.00261799,-0.15000,prps,1,553
33562,33.562,1,4004,54004,ladder_a05_lin_r02,prps,1433,5,0.101694,-1,0,-1,-0.00261799,-0.15000,prps,1,554
33567,33.567,1,4004,54004,ladder_a05_lin_r02,prps,1434,6,0.118302,-1,0,-1,-0.00261799,-0.15000,prps,1,555
33572,33.572,1,4004,54004,ladder_a05_lin_r02,prps,1435,7,0.123743,-1,0,-1,-0.00261799,-0.15000,prps,1,556
33577,33.577,1,4004,54004,ladder_a05_lin_r02,prps,1434,6,0.110649,-2,0,-2,-0.00523599,-0.30000,prps,1,557
33582,33.582,1,4004,54004,ladder_a05_lin_r02,prps,1432,4,0.074511,-3,0,-3,-0.00785398,-0.45000,prps,1,558
33587,33.587,1,4004,54004,ladder_a05_lin_r02,prps,1429,1,0.015183,-3,0,-3,-0.00785398,-0.45000,prps,1,559
33592,33.592,1,4004,54004,ladder_a05_lin_r02,prps,1425,-3,-0.062572,-3,0,-3,-0.00785398,-0.45000,prps,1,560
33597,33.597,1,4004,54004,ladder_a05_lin_r02,prps,1420,-8,-0.149687,-3,0,-3,-0.00785398,-0.45000,prps,1,561
33602,33.602,1,4004,54004,ladder_a05_lin_r02,prps,1416,-12,-0.234435,-3,0,-3,-0.00785398,-0.45000,prps,1,562
33607,33.607,1,4004,54004,ladder_a05_lin_r02,prps,1412,-16,-0.304775,-3,0,-3,-0.00785398,-0.45000,prps,1,563
33612,33.612,1,4004,54004,ladder_a05_lin_r02,prps,1409,-19,-0.350881,-2,0,-2,-0.00523599,-0.30000,prps,1,564
33617,33.617,1,4004,54004,ladder_a05_lin_r02,prps,1409,-19,-0.367311,0,0,0,0.00000000,0.00000,prps,1,565
33622,33.622,1,4004,54004,ladder_a05_lin_r02,prps,1409,-19,-0.354294,2,0,2,0.00523599,0.30000,prps,1,566
33627,33.627,1,4004,54004,ladder_a05_lin_r02,prps,1411,-17,-0.317842,4,0,4,0.01047198,0.60000,prps,1,567
33632,33.632,1,4004,54004,ladder_a05_lin_r02,prps,1414,-14,-0.268619,6,0,6,0.01570796,0.90000,prps,1,568
33637,33.637,1,4004,54004,ladder_a05_lin_r02,prps,1416,-12,-0.219774,6,0,6,0.01570796,0.90000,prps,1,569
33642,33.642,1,4004,54004,ladder_a05_lin_r02,prps,1418,-10,-0.184190,6,0,6,0.01570796,0.90000,prps,1,570
33647,33.647,1,4004,54004,ladder_a05_lin_r02,prps,1419,-9,-0.171707,6,0,6,0.01570796,0.90000,prps,1,571
33652,33.652,1,4004,54004,ladder_a05_lin_r02,prps,1418,-10,-0.186925,6,0,6,0.01570796,0.90000,prps,1,572
33657,33.657,1,4004,54004,ladder_a05_lin_r02,prps,1416,-12,-0.228053,6,0,6,0.01570796,0.90000,prps,1,573
33662,33.662,1,4004,54004,ladder_a05_lin_r02,prps,1413,-15,-0.287074,6,0,6,0.01570796,0.90000,prps,1,574
33667,33.667,1,4004,54004,ladder_a05_lin_r02,prps,1409,-19,-0.351208,6,0,6,0.01570796,0.90000,prps,1,575
33672,33.672,1,4004,54004,ladder_a05_lin_r02,prps,1407,-21,-0.405393,6,0,6,0.01570796,0.90000,prps,1,576
33677,33.677,1,4004,54004,ladder_a05_lin_r02,prps,1405,-23,-0.435277,6,0,6,0.01570796,0.90000,prps,1,577
33682,33.682,1,4004,54004,ladder_a05_lin_r02,prps,1405,-23,-0.430114,7,0,7,0.01832596,1.05000,prps,1,578
33687,33.687,1,4004,54004,ladder_a05_lin_r02,prps,1408,-20,-0.384964,7,0,7,0.01832596,1.05000,prps,1,579
33692,33.692,1,4004,54004,ladder_a05_lin_r02,prps,1412,-16,-0.301752,8,0,8,0.02094395,1.20000,prps,1,580
33697,33.697,1,4004,54004,ladder_a05_lin_r02,prps,1418,-10,-0.188966,8,0,8,0.02094395,1.20000,prps,1,581
33702,33.702,1,4004,54004,ladder_a05_lin_r02,prps,1425,-3,-0.060052,8,0,8,0.02094395,1.20000,prps,1,582
33707,33.707,1,4004,54004,ladder_a05_lin_r02,prps,1432,4,0.069145,8,0,8,0.02094395,1.20000,prps,1,583
33712,33.712,1,4004,54004,ladder_a05_lin_r02,prps,1438,10,0.183379,8,0,8,0.02094395,1.20000,prps,1,584
33717,33.717,1,4004,54004,ladder_a05_lin_r02,prps,1442,14,0.270815,6,0,6,0.01570796,0.90000,prps,1,585
33722,33.722,1,4004,54004,ladder_a05_lin_r02,prps,1445,17,0.325097,3,0,3,0.00785398,0.45000,prps,1,586
33727,33.727,1,4004,54004,ladder_a05_lin_r02,prps,1446,18,0.346239,1,0,1,0.00261799,0.15000,prps,1,587
33732,33.732,1,4004,54004,ladder_a05_lin_r02,prps,1446,18,0.340213,-1,0,-1,-0.00261799,-0.15000,prps,1,588
33737,33.737,1,4004,54004,ladder_a05_lin_r02,prps,1445,17,0.317313,-4,0,-4,-0.01047198,-0.60000,prps,1,589
33742,33.742,1,4004,54004,ladder_a05_lin_r02,prps,1443,15,0.289689,-6,0,-6,-0.01570796,-0.90000,prps,1,590
33747,33.747,1,4004,54004,ladder_a05_lin_r02,prps,1442,14,0.268579,-8,0,-8,-0.02094395,-1.20000,prps,1,591
33752,33.752,1,4004,54004,ladder_a05_lin_r02,prps,1442,14,0.261830,-9,0,-9,-0.02356194,-1.35000,prps,1,592
33757,33.757,1,4004,54004,ladder_a05_lin_r02,prps,1442,14,0.272239,-10,0,-10,-0.02617994,-1.50000,prps,1,593
33762,33.762,1,4004,54004,ladder_a05_lin_r02,prps,1444,16,0.297054,-10,0,-10,-0.02617994,-1.50000,prps,1,594
33767,33.767,1,4004,54004,ladder_a05_lin_r02,prps,1445,17,0.328733,-10,0,-10,-0.02617994,-1.50000,prps,1,595
33772,33.772,1,4004,54004,ladder_a05_lin_r02,prps,1447,19,0.356780,-10,0,-10,-0.02617994,-1.50000,prps,1,596
33777,33.777,1,4004,54004,ladder_a05_lin_r02,prps,1448,20,0.370253,-10,0,-10,-0.02617994,-1.50000,prps,1,597
33782,33.782,1,4004,54004,ladder_a05_lin_r02,prps,1447,19,0.360406,-11,0,-11,-0.02879793,-1.65000,prps,1,598
33787,33.787,1,4004,54004,ladder_a05_lin_r02,prps,1445,17,0.322881,-12,0,-12,-0.03141592,-1.80000,prps,1,599
33792,33.792,1,4004,54004,ladder_a05_lin_r02,prps,1442,14,0.258978,-12,0,-12,-0.03141592,-1.80000,prps,1,600
33797,33.797,1,4004,54004,ladder_a05_lin_r02,prps,1437,9,0.175716,-13,0,-13,-0.03403392,-1.95000,prps,1,601
33802,33.802,1,4004,54004,ladder_a05_lin_r02,prps,1432,4,0.084669,-13,0,-13,-0.03403392,-1.95000,prps,1,602
33807,33.807,1,4004,54004,ladder_a05_lin_r02,prps,1428,0,-0.000219,-12,0,-12,-0.03141592,-1.80000,prps,1,603
33812,33.812,1,4004,54004,ladder_a05_lin_r02,prps,1425,-3,-0.065366,-11,0,-11,-0.02879793,-1.65000,prps,1,604
33817,33.817,1,4004,54004,ladder_a05_lin_r02,prps,1423,-5,-0.100310,-10,0,-10,-0.02617994,-1.50000,prps,1,605
33822,33.822,1,4004,54004,ladder_a05_lin_r02,prps,1423,-5,-0.099898,-10,0,-10,-0.02617994,-1.50000,prps,1,606
33827,33.827,1,4004,54004,ladder_a05_lin_r02,prps,1425,-3,-0.065480,-8,0,-8,-0.02094395,-1.20000,prps,1,607
33832,33.832,1,4004,54004,ladder_a05_lin_r02,prps,1428,0,-0.004852,-6,0,-6,-0.01570796,-0.90000,prps,1,608
33837,33.837,1,4004,54004,ladder_a05_lin_r02,prps,1432,4,0.069050,-4,0,-4,-0.01047198,-0.60000,prps,1,609
33842,33.842,1,4004,54004,ladder_a05_lin_r02,prps,1435,7,0.140454,-4,0,-4,-0.01047198,-0.60000,prps,1,610
33847,33.847,1,4004,54004,ladder_a05_lin_r02,prps,1438,10,0.193618,-4,0,-4,-0.01047198,-0.60000,prps,1,611
33852,33.852,1,4004,54004,ladder_a05_lin_r02,prps,1439,11,0.215698,-4,0,-4,-0.01047198,-0.60000,prps,1,612
33857,33.857,1,4004,54004,ladder_a05_lin_r02,prps,1439,11,0.199105,-4,0,-4,-0.01047198,-0.60000,prps,1,613
33862,33.862,1,4004,54004,ladder_a05_lin_r02,prps,1436,8,0.142898,-4,0,-4,-0.01047198,-0.60000,prps,1,614
33867,33.867,1,4004,54004,ladder_a05_lin_r02,prps,1431,3,0.052993,-5,0,-5,-0.01308997,-0.75000,prps,1,615
33872,33.872,1,4004,54004,ladder_a05_lin_r02,prps,1425,-3,-0.058825,-5,0,-5,-0.01308997,-0.75000,prps,1,616
33877,33.877,1,4004,54004,ladder_a05_lin_r02,prps,1419,-9,-0.176874,-5,0,-5,-0.01308997,-0.75000,prps,1,617
33882,33.882,1,4004,54004,ladder_a05_lin_r02,prps,1413,-15,-0.284146,-5,0,-5,-0.01308997,-0.75000,prps,1,618
33887,33.887,1,4004,54004,ladder_a05_lin_r02,prps,1409,-19,-0.365002,-5,0,-5,-0.01308997,-0.75000,prps,1,619
33892,33.892,1,4004,54004,ladder_a05_lin_r02,prps,1406,-22,-0.407525,-3,0,-3,-0.00785398,-0.45000,prps,1,620
33897,33.897,1,4004,54004,ladder_a05_lin_r02,prps,1407,-21,-0.405155,-1,0,-1,-0.00261799,-0.15000,prps,1,621
33902,33.902,1,4004,54004,ladder_a05_lin_r02,prps,1409,-19,-0.357390,2,0,2,0.00523599,0.30000,prps,1,622
33907,33.907,1,4004,54004,ladder_a05_lin_r02,prps,1414,-14,-0.269519,5,0,5,0.01308997,0.75000,prps,1,623
33912,33.912,1,4004,54004,ladder_a05_lin_r02,prps,1420,-8,-0.151518,6,0,6,0.01570796,0.90000,prps,1,624
33917,33.917,1,4004,54004,ladder_a05_lin_r02,prps,1427,-1,-0.016401,7,0,7,0.01832596,1.05000,prps,1,625
33922,33.922,1,4004,54004,ladder_a05_lin_r02,prps,1434,6,0.121671,7,0,7,0.01832596,1.05000,prps,1,626
33927,33.927,1,4004,54004,ladder_a05_lin_r02,prps,1441,13,0.249168,6,0,6,0.01570796,0.90000,prps,1,627
33932,33.932,1,4004,54004,ladder_a05_lin_r02,prps,1447,19,0.354624,4,0,4,0.01047198,0.60000,prps,1,628
33937,33.937,1,4004,54004,ladder_a05_lin_r02,prps,1451,23,0.429562,1,0,1,0.00261799,0.15000,prps,1,629
33942,33.942,1,4004,54004,ladder_a05_lin_r02,prps,1453,25,0.468898,0,0,0,0.00000000,0.00000,prps,1,630
33947,33.947,1,4004,54004,ladder_a05_lin_r02,prps,1453,25,0.470888,-3,0,-3,-0.00785398,-0.45000,prps,1,631
33952,33.952,1,4004,54004,ladder_a05_lin_r02,prps,1451,23,0.436779,-7,0,-7,-0.01832596,-1.05000,prps,1,632
33957,33.957,1,4004,54004,ladder_a05_lin_r02,prps,1448,20,0.370304,-10,0,-10,-0.02617994,-1.50000,prps,1,633
33962,33.962,1,4004,54004,ladder_a05_lin_r02,prps,1443,15,0.277174,-12,0,-12,-0.03141592,-1.80000,prps,1,634
33967,33.967,1,4004,54004,ladder_a05_lin_r02,prps,1437,9,0.164617,-13,0,-13,-0.03403392,-1.95000,prps,1,635
33972,33.972,1,4004,54004,ladder_a05_lin_r02,prps,1430,2,0.040988,-13,0,-13,-0.03403392,-1.95000,prps,1,636
33977,33.977,1,4004,54004,ladder_a05_lin_r02,prps,1424,-4,-0.084607,-13,0,-13,-0.03403392,-1.95000,prps,1,637
33982,33.982,1,4004,54004,ladder_a05_lin_r02,prps,1417,-11,-0.202757,-12,0,-12,-0.03141592,-1.80000,prps,1,638
33987,33.987,1,4004,54004,ladder_a05_lin_r02,prps,1412,-16,-0.304318,-11,0,-11,-0.02879793,-1.65000,prps,1,639
33992,33.992,1,4004,54004,ladder_a05_lin_r02,prps,1408,-20,-0.381139,-9,0,-9,-0.02356194,-1.35000,prps,1,640
33997,33.997,1,4004,54004,ladder_a05_lin_r02,prps,1405,-23,-0.426894,-6,0,-6,-0.01570796,-0.90000,prps,1,641
34002,34.002,1,4004,54004,ladder_a05_lin_r02,prps,1405,-23,-0.437902,-3,0,-3,-0.00785398,-0.45000,prps,1,642
34007,34.007,1,4004,54004,ladder_a05_lin_r02,prps,1406,-22,-0.413785,0,0,0,0.00000000,0.00000,prps,1,643
34012,34.012,1,4004,54004,ladder_a05_lin_r02,prps,1409,-19,-0.357795,4,0,4,0.01047198,0.60000,prps,1,644
34017,34.017,1,4004,54004,ladder_a05_lin_r02,prps,1413,-15,-0.276668,6,0,6,0.01570796,0.90000,prps,1,645
34022,34.022,1,4004,54004,ladder_a05_lin_r02,prps,1418,-10,-0.179968,7,0,7,0.01832596,1.05000,prps,1,646
34027,34.027,1,4004,54004,ladder_a05_lin_r02,prps,1424,-4,-0.078948,8,0,8,0.02094395,1.20000,prps,1,647
34032,34.032,1,4004,54004,ladder_a05_lin_r02,prps,1429,1,0.014899,8,0,8,0.02094395,1.20000,prps,1,648
34037,34.037,1,4004,54004,ladder_a05_lin_r02,prps,1433,5,0.091385,7,0,7,0.01832596,1.05000,prps,1,649
34042,34.042,1,4004,54004,ladder_a05_lin_r02,prps,1436,8,0.142986,6,0,6,0.01570796,0.90000,prps,1,650
34047,34.047,1,4004,54004,ladder_a05_lin_r02,prps,1437,9,0.165765,4,0,4,0.01047198,0.60000,prps,1,651
34052,34.052,1,4004,54004,ladder_a05_lin_r02,prps,1436,8,0.159698,2,0,2,0.00523599,0.30000,prps,1,652
34057,34.057,1,4004,54004,ladder_a05_lin_r02,prps,1435,7,0.128332,0,0,0,0.00000000,0.00000,prps,1,653
34062,34.062,1,4004,54004,ladder_a05_lin_r02,prps,1432,4,0.077864,-1,0,-1,-0.00261799,-0.15000,prps,1,654
34067,34.067,1,4004,54004,ladder_a05_lin_r02,prps,1429,1,0.015844,-3,0,-3,-0.00785398,-0.45000,prps,1,655
34072,34.072,1,4004,54004,ladder_a05_lin_r02,prps,1425,-3,-0.050235,-3,0,-3,-0.00785398,-0.45000,prps,1,656
34077,34.077,1,4004,54004,ladder_a05_lin_r02,prps,1422,-6,-0.114130,-3,0,-3,-0.00785398,-0.45000,prps,1,657
34082,34.082,1,4004,54004,ladder_a05_lin_r02,prps,1419,-9,-0.171618,-3,0,-3,-0.00785398,-0.45000,prps,1,658
34087,34.087,1,4004,54004,ladder_a05_lin_r02,prps,1416,-12,-0.220659,-3,0,-3,-0.00785398,-0.45000,prps,1,659
34092,34.092,1,4004,54004,ladder_a05_lin_r02,prps,1414,-14,-0.260992,-3,0,-3,-0.00785398,-0.45000,prps,1,660
34097,34.097,1,4004,54004,ladder_a05_lin_r02,prps,1412,-16,-0.293288,-2,0,-2,-0.00523599,-0.30000,prps,1,661
34102,34.102,1,4004,54004,ladder_a05_lin_r02,prps,1411,-17,-0.318137,0,0,0,0.00000000,0.00000,prps,1,662
34107,34.107,1,4004,54004,ladder_a05_lin_r02,prps,1410,-18,-0.335161,2,0,2,0.00523599,0.30000,prps,1,663
34112,34.112,1,4004,54004,ladder_a05_lin_r02,prps,1410,-18,-0.342565,3,0,3,0.00785398,0.45000,prps,1,664
34117,34.117,1,4004,54004,ladder_a05_lin_r02,prps,1410,-18,-0.337278,5,0,5,0.01308997,0.75000,prps,1,665
34122,34.122,1,4004,54004,ladder_a05_lin_r02,prps,1411,-17,-0.315743,6,0,6,0.01570796,0.90000,prps,1,666
34127,34.127,1,4004,54004,ladder_a05_lin_r02,prps,1413,-15,-0.275198,6,0,6,0.01570796,0.90000,prps,1,667
34132,34.132,1,4004,54004,ladder_a05_lin_r02,prps,1417,-11,-0.215152,6,0,6,0.01570796,0.90000,prps,1,668
34137,34.137,1,4004,54004,ladder_a05_lin_r02,prps,1421,-7,-0.138673,6,0,6,0.01570796,0.90000,prps,1,669
34142,34.142,1,4004,54004,ladder_a05_lin_r02,prps,1425,-3,-0.053093,6,0,6,0.01570796,0.90000,prps,1,670
34147,34.147,1,4004,54004,ladder_a05_lin_r02,prps,1430,2,0.030183,6,0,6,0.01570796,0.90000,prps,1,671
34152,34.152,1,4004,54004,ladder_a05_lin_r02,prps,1433,5,0.096880,5,0,5,0.01308997,0.75000,prps,1,672
34157,34.157,1,4004,54004,ladder_a05_lin_r02,prps,1435,7,0.131979,3,0,3,0.00785398,0.45000,prps,1,673
34162,34.162,1,4004,54004,ladder_a05_lin_r02,prps,1434,6,0.122459,2,0,2,0.00523599,0.30000,prps,1,674
34167,34.167,1,4004,54004,ladder_a05_lin_r02,prps,1431,3,0.060133,1,0,1,0.00261799,0.15000,prps,1,675
34172,34.172,1,4004,54004,ladder_a05_lin_r02,prps,1425,-3,-0.055987,-1,0,-1,-0.00261799,-0.15000,prps,1,676
34177,34.177,1,4004,54004,ladder_a05_lin_r02,prps,1416,-12,-0.218360,-1,0,-1,-0.00261799,-0.15000,prps,1,677
34182,34.182,1,4004,54004,ladder_a05_lin_r02,prps,1406,-22,-0.411016,-2,0,-2,-0.00523599,-0.30000,prps,1,678
34187,34.187,1,4004,54004,ladder_a05_lin_r02,prps,1396,-32,-0.611225,-1,0,-1,-0.00261799,-0.15000,prps,1,679
34192,34.192,1,4004,54004,ladder_a05_lin_r02,prps,1386,-42,-0.792588,-1,0,-1,-0.00261799,-0.15000,prps,1,680
34197,34.197,1,4004,54004,ladder_a05_lin_r02,prps,1379,-49,-0.929083,2,0,2,0.00523599,0.30000,prps,1,681
34202,34.202,1,4004,54004,ladder_a05_lin_r02,prps,1375,-53,-0.999383,6,0,6,0.01570796,0.90000,prps,1,682
34207,34.207,1,4004,54004,ladder_a05_lin_r02,prps,1375,-53,-0.990660,10,0,10,0.02617994,1.50000,prps,1,683
34212,34.212,1,4004,54004,ladder_a05_lin_r02,prps,1380,-48,-0.901142,14,0,14,0.03665191,2.10000,prps,1,684
34217,34.217,1,4004,54004,ladder_a05_lin_r02,prps,1389,-39,-0.740854,19,0,19,0.04974188,2.85000,prps,1,685
34222,34.222,1,4004,54004,ladder_a05_lin_r02,prps,1400,-28,-0.530340,22,0,22,0.05759586,3.30000,prps,1,686
34227,34.227,1,4004,54004,ladder_a05_lin_r02,prps,1412,-16,-0.297481,23,0,23,0.06021386,3.45000,prps,1,687
34232,34.232,1,4004,54004,ladder_a05_lin_r02,prps,1424,-4,-0.072945,23,0,23,0.06021386,3.45000,prps,1,688
34237,34.237,1,4004,54004,ladder_a05_lin_r02,prps,1434,6,0.114963,23,0,23,0.06021386,3.45000,prps,1,689
34242,34.242,1,4004,54004,ladder_a05_lin_r02,prps,1441,13,0.245107,21,0,21,0.05497787,3.15000,prps,1,690
34247,34.247,1,4004,54004,ladder_a05_lin_r02,prps,1444,16,0.307099,16,0,16,0.04188790,2.40000,prps,1,691
34252,34.252,1,4004,54004,ladder_a05_lin_r02,prps,1444,16,0.302959,12,0,12,0.03141592,1.80000,prps,1,692
34257,34.257,1,4004,54004,ladder_a05_lin_r02,prps,1441,13,0.246526,7,0,7,0.01832596,1.05000,prps,1,693
34262,34.262,1,4004,54004,ladder_a05_lin_r02,prps,1437,9,0.160704,2,0,2,0.00523599,0.30000,prps,1,694
34267,34.267,1,4004,54004,ladder_a05_lin_r02,prps,1432,4,0.073026,-1,0,-1,-0.00261799,-0.15000,prps,1,695
34272,34.272,1,4004,54004,ladder_a05_lin_r02,prps,1429,1,0.010371,-3,0,-3,-0.00785398,-0.45000,prps,1,696
34277,34.277,1,4004,54004,ladder_a05_lin_r02,prps,1428,0,-0.006177,-4,0,-4,-0.01047198,-0.60000,prps,1,697
34282,34.282,1,4004,54004,ladder_a05_lin_r02,prps,1430,2,0.034631,-5,0,-5,-0.01308997,-0.75000,prps,1,698
34287,34.287,1,4004,54004,ladder_a05_lin_r02,prps,1435,7,0.132055,-5,0,-5,-0.01308997,-0.75000,prps,1,699
34292,34.292,1,4004,54004,ladder_a05_lin_r02,prps,1442,14,0.273514,-5,0,-5,-0.01308997,-0.75000,prps,1,700
34297,34.297,1,4004,54004,ladder_a05_lin_r02,prps,1451,23,0.436992,-5,0,-5,-0.01308997,-0.75000,prps,1,701
34302,34.302,1,4004,54004,ladder_a05_lin_r02,prps,1460,32,0.595272,-5,0,-5,-0.01308997,-0.75000,prps,1,702
34307,34.307,1,4004,54004,ladder_a05_lin_r02,prps,1466,38,0.721165,-6,0,-6,-0.01570796,-0.90000,prps,1,703
34312,34.312,1,4004,54004,ladder_a05_lin_r02,prps,1470,42,0.792761,-9,0,-9,-0.02356194,-1.35000,prps,1,704
34317,34.317,1,4004,54004,ladder_a05_lin_r02,prps,1470,42,0.797675,-12,0,-12,-0.03141592,-1.80000,prps,1,705
34322,34.322,1,4004,54004,ladder_a05_lin_r02,prps,1467,39,0.735501,-15,0,-15,-0.03926991,-2.25000,prps,1,706
34327,34.327,1,4004,54004,ladder_a05_lin_r02,prps,1461,33,0.617996,-19,0,-19,-0.04974188,-2.85000,prps,1,707
34332,34.332,1,4004,54004,ladder_a05_lin_r02,prps,1453,25,0.466980,-21,0,-21,-0.05497787,-3.15000,prps,1,708
34337,34.337,1,4004,54004,ladder_a05_lin_r02,prps,1444,16,0.310338,-23,0,-23,-0.06021386,-3.45000,prps,1,709
34342,34.342,1,4004,54004,ladder_a05_lin_r02,prps,1437,9,0.176911,-23,0,-23,-0.06021386,-3.45000,prps,1,710
34347,34.347,1,4004,54004,ladder_a05_lin_r02,prps,1433,5,0.091225,-22,0,-22,-0.05759586,-3.30000,prps,1,711
34352,34.352,1,4004,54004,ladder_a05_lin_r02,prps,1432,4,0.069052,-21,0,-21,-0.05497787,-3.15000,prps,1,712
34357,34.357,1,4004,54004,ladder_a05_lin_r02,prps,1434,6,0.114605,-18,0,-18,-0.04712389,-2.70000,prps,1,713
34362,34.362,1,4004,54004,ladder_a05_lin_r02,prps,1440,12,0.219879,-15,0,-15,-0.03926991,-2.25000,prps,1,714
34367,34.367,1,4004,54004,ladder_a05_lin_r02,prps,1447,19,0.366198,-13,0,-13,-0.03403392,-1.95000,prps,1,715
34372,34.372,1,4004,54004,ladder_a05_lin_r02,prps,1456,28,0.527650,-12,0,-12,-0.03141592,-1.80000,prps,1,716
34377,34.377,1,4004,54004,ladder_a05_lin_r02,prps,1464,36,0.675728,-12,0,-12,-0.03141592,-1.80000,prps,1,717
34382,34.382,1,4004,54004,ladder_a05_lin_r02,prps,1470,42,0.784304,-12,0,-12,-0.03141592,-1.80000,prps,1,718
34387,34.387,1,4004,54004,ladder_a05_lin_r02,prps,1472,44,0.834020,-13,0,-13,-0.03403392,-1.95000,prps,1,719
34392,34.392,1,4004,54004,ladder_a05_lin_r02,prps,1471,43,0.815340,-16,0,-16,-0.04188790,-2.40000,prps,1,720
34397,34.397,1,4004,54004,ladder_a05_lin_r02,prps,1467,39,0.729778,-19,0,-19,-0.04974188,-2.85000,prps,1,721
34402,34.402,1,4004,54004,ladder_a05_lin_r02,prps,1459,31,0.589161,-22,0,-22,-0.05759586,-3.30000,prps,1,722
34407,34.407,1,4004,54004,ladder_a05_lin_r02,prps,1450,22,0.413203,-24,0,-24,-0.06283185,-3.60000,prps,1,723
34412,34.412,1,4004,54004,ladder_a05_lin_r02,prps,1440,12,0.225897,-25,0,-25,-0.06544985,-3.75000,prps,1,724
34417,34.417,1,4004,54004,ladder_a05_lin_r02,prps,1431,3,0.051477,-24,0,-24,-0.06283185,-3.60000,prps,1,725
34422,34.422,1,4004,54004,ladder_a05_lin_r02,prps,1423,-5,-0.089320,-24,0,-24,-0.06283185,-3.60000,prps,1,726
34427,34.427,1,4004,54004,ladder_a05_lin_r02,prps,1418,-10,-0.182045,-21,0,-21,-0.05497787,-3.15000,prps,1,727
34432,34.432,1,4004,54004,ladder_a05_lin_r02,prps,1416,-12,-0.219993,-17,0,-17,-0.04450589,-2.55000,prps,1,728
34437,34.437,1,4004,54004,ladder_a05_lin_r02,prps,1417,-11,-0.204203,-13,0,-13,-0.03403392,-1.95000,prps,1,729
34442,34.442,1,4004,54004,ladder_a05_lin_r02,prps,1420,-8,-0.142202,-9,0,-9,-0.02356194,-1.35000,prps,1,730
34447,34.447,1,4004,54004,ladder_a05_lin_r02,prps,1426,-2,-0.045889,-6,0,-6,-0.01570796,-0.90000,prps,1,731
34452,34.452,1,4004,54004,ladder_a05_lin_r02,prps,1432,4,0.070913,-3,0,-3,-0.00785398,-0.45000,prps,1,732
34457,34.457,1,4004,54004,ladder_a05_lin_r02,prps,1438,10,0.194686,-2,0,-2,-0.00523599,-0.30000,prps,1,733
34462,34.462,1,4004,54004,ladder_a05_lin_r02,prps,1445,17,0.313852,-1,0,-1,-0.00261799,-0.15000,prps,1,734
34467,34.467,1,4004,54004,ladder_a05_lin_r02,prps,1450,22,0.419563,-1,0,-1,-0.00261799,-0.15000,prps,1,735
34472,34.472,1,4004,54004,ladder_a05_lin_r02,prps,1455,27,0.505684,-3,0,-3,-0.00785398,-0.45000,prps,1,736
34477,34.477,1,4004,54004,ladder_a05_lin_r02,prps,1458,30,0.568166,-4,0,-4,-0.01047198,-0.60000,prps,1,737
34482,34.482,1,4004,54004,ladder_a05_lin_r02,prps,1460,32,0.604154,-6,0,-6,-0.01570796,-0.90000,prps,1,738
34487,34.487,1,4004,54004,ladder_a05_lin_r02,prps,1460,32,0.611225,-9,0,-9,-0.02356194,-1.35000,prps,1,739
34492,34.492,1,4004,54004,ladder_a05_lin_r02,prps,1459,31,0.587036,-12,0,-12,-0.03141592,-1.80000,prps,1,740
34497,34.497,1,4004,54004,ladder_a05_lin_r02,prps,1456,28,0.529575,-15,0,-15,-0.03926991,-2.25000,prps,1,741
34502,34.502,1,4004,54004,ladder_a05_lin_r02,prps,1451,23,0.437958,-17,0,-17,-0.04450589,-2.55000,prps,1,742
34507,34.507,1,4004,54004,ladder_a05_lin_r02,prps,1445,17,0.313565,-19,0,-19,-0.04974188,-2.85000,prps,1,743
34512,34.512,1,4004,54004,ladder_a05_lin_r02,prps,1437,9,0.161169,-19,0,-19,-0.04974188,-2.85000,prps,1,744
34517,34.517,1,4004,54004,ladder_a05_lin_r02,prps,1427,-1,-0.010339,-19,0,-19,-0.04974188,-2.85000,prps,1,745
34522,34.522,1,4004,54004,ladder_a05_lin_r02,prps,1418,-10,-0.187970,-18,0,-18,-0.04712389,-2.70000,prps,1,746
34527,34.527,1,4004,54004,ladder_a05_lin_r02,prps,1409,-19,-0.355576,-16,0,-16,-0.04188790,-2.40000,prps,1,747
34532,34.532,1,4004,54004,ladder_a05_lin_r02,prps,1402,-26,-0.495684,-14,0,-14,-0.03665191,-2.10000,prps,1,748
34537,34.537,1,4004,54004,ladder_a05_lin_r02,prps,1397,-31,-0.591993,-10,0,-10,-0.02617994,-1.50000,prps,1,749
34542,34.542,1,4004,54004,ladder_a05_lin_r02,prps,1394,-34,-0.632095,-6,0,-6,-0.01570796,-0.90000,prps,1,750
34547,34.547,1,4004,54004,ladder_a05_lin_r02,prps,1396,-32,-0.609891,-1,0,-1,-0.00261799,-0.15000,prps,1,751
34552,34.552,1,4004,54004,ladder_a05_lin_r02,prps,1400,-28,-0.527198,4,0,4,0.01047198,0.60000,prps,1,752
34557,34.557,1,4004,54004,ladder_a05_lin_r02,prps,1407,-21,-0.394136,7,0,7,0.01832596,1.05000,prps,1,753
34562,34.562,1,4004,54004,ladder_a05_lin_r02,prps,1416,-12,-0.228129,10,0,10,0.02617994,1.50000,prps,1,754
34567,34.567,1,4004,54004,ladder_a05_lin_r02,prps,1425,-3,-0.051590,11,0,11,0.02879793,1.65000,prps,1,755
34572,34.572,1,4004,54004,ladder_a05_lin_r02,prps,1434,6,0.111352,11,0,11,0.02879793,1.65000,prps,1,756
34577,34.577,1,4004,54004,ladder_a05_lin_r02,prps,1441,13,0.238546,10,0,10,0.02617994,1.50000,prps,1,757
34582,34.582,1,4004,54004,ladder_a05_lin_r02,prps,1445,17,0.313288,8,0,8,0.02094395,1.20000,prps,1,758
34587,34.587,1,4004,54004,ladder_a05_lin_r02,prps,1445,17,0.326941,5,0,5,0.01308997,0.75000,prps,1,759
34592,34.592,1,4004,54004,ladder_a05_lin_r02,prps,1443,15,0.280226,2,0,2,0.00523599,0.30000,prps,1,760
34597,34.597,1,4004,54004,ladder_a05_lin_r02,prps,1438,10,0.182958,-1,0,-1,-0.00261799,-0.15000,prps,1,761
34602,34.602,1,4004,54004,ladder_a05_lin_r02,prps,1431,3,0.052262,-4,0,-4,-0.01047198,-0.60000,prps,1,762
34607,34.607,1,4004,54004,ladder_a05_lin_r02,prps,1423,-5,-0.090388,-6,0,-6,-0.01570796,-0.90000,prps,1,763
34612,34.612,1,4004,54004,ladder_a05_lin_r02,prps,1416,-12,-0.222777,-6,0,-6,-0.01570796,-0.90000,prps,1,764
34617,34.617,1,4004,54004,ladder_a05_lin_r02,prps,1411,-17,-0.325539,-6,0,-6,-0.01570796,-0.90000,prps,1,765
34622,34.622,1,4004,54004,ladder_a05_lin_r02,prps,1408,-20,-0.385121,-6,0,-6,-0.01570796,-0.90000,prps,1,766
34627,34.627,1,4004,54004,ladder_a05_lin_r02,prps,1407,-21,-0.395596,-4,0,-4,-0.01047198,-0.60000,prps,1,767
34632,34.632,1,4004,54004,ladder_a05_lin_r02,prps,1409,-19,-0.359080,-1,0,-1,-0.00261799,-0.15000,prps,1,768
34637,34.637,1,4004,54004,ladder_a05_lin_r02,prps,1413,-15,-0.284751,2,0,2,0.00523599,0.30000,prps,1,769
34642,34.642,1,4004,54004,ladder_a05_lin_r02,prps,1418,-10,-0.186733,4,0,4,0.01047198,0.60000,prps,1,770
34647,34.647,1,4004,54004,ladder_a05_lin_r02,prps,1424,-4,-0.081308,6,0,6,0.01570796,0.90000,prps,1,771
34652,34.652,1,4004,54004,ladder_a05_lin_r02,prps,1429,1,0.015981,6,0,6,0.01570796,0.90000,prps,1,772
34657,34.657,1,4004,54004,ladder_a05_lin_r02,prps,1433,5,0.092785,5,0,5,0.01308997,0.75000,prps,1,773
34662,34.662,1,4004,54004,ladder_a05_lin_r02,prps,1436,8,0.141555,4,0,4,0.01047198,0.60000,prps,1,774
34667,34.667,1,4004,54004,ladder_a05_lin_r02,prps,1436,8,0.160056,2,0,2,0.00523599,0.30000,prps,1,775
34672,34.672,1,4004,54004,ladder_a05_lin_r02,prps,1436,8,0.150813,0,0,0,0.00000000,0.00000,prps,1,776
34677,34.677,1,4004,54004,ladder_a05_lin_r02,prps,1434,6,0.119716,0,0,0,0.00000000,0.00000,prps,1,777
34682,34.682,1,4004,54004,ladder_a05_lin_r02,prps,1432,4,0.074152,-2,0,-2,-0.00523599,-0.30000,prps,1,778
34687,34.687,1,4004,54004,ladder_a05_lin_r02,prps,1429,1,0.021120,-3,0,-3,-0.00785398,-0.45000,prps,1,779
34692,34.692,1,4004,54004,ladder_a05_lin_r02,prps,1426,-2,-0.034258,-3,0,-3,-0.00785398,-0.45000,prps,1,780
34697,34.697,1,4004,54004,ladder_a05_lin_r02,prps,1423,-5,-0.089537,-3,0,-3,-0.00785398,-0.45000,prps,1,781
34702,34.702,1,4004,54004,ladder_a05_lin_r02,prps,1420,-8,-0.144949,-3,0,-3,-0.00785398,-0.45000,prps,1,782
34707,34.707,1,4004,54004,ladder_a05_lin_r02,prps,1417,-11,-0.202662,-3,0,-3,-0.00785398,-0.45000,prps,1,783
34712,34.712,1,4004,54004,ladder_a05_lin_r02,prps,1414,-14,-0.265548,-3,0,-3,-0.00785398,-0.45000,prps,1,784
34717,34.717,1,4004,54004,ladder_a05_lin_r02,prps,1410,-18,-0.335791,-2,0,-2,-0.00523599,-0.30000,prps,1,785
34722,34.722,1,4004,54004,ladder_a05_lin_r02,prps,1406,-22,-0.413703,-1,0,-1,-0.00261799,-0.15000,prps,1,786
34727,34.727,1,4004,54004,ladder_a05_lin_r02,prps,1402,-26,-0.497030,1,0,1,0.00261799,0.15000,prps,1,787
34732,34.732,1,4004,54004,ladder_a05_lin_r02,prps,1397,-31,-0.580945,4,0,4,0.01047198,0.60000,prps,1,788
34737,34.737,1,4004,54004,ladder_a05_lin_r02,prps,1393,-35,-0.658703,6,0,6,0.01570796,0.90000,prps,1,789
34742,34.742,1,4004,54004,ladder_a05_lin_r02,prps,1390,-38,-0.722838,8,0,8,0.02094395,1.20000,prps,1,790
34747,34.747,1,4004,54004,ladder_a05_lin_r02,prps,1387,-41,-0.766610,10,0,10,0.02617994,1.50000,prps,1,791
34752,34.752,1,4004,54004,ladder_a05_lin_r02,prps,1386,-42,-0.785386,13,0,13,0.03403392,1.95000,prps,1,792
34757,34.757,1,4004,54004,ladder_a05_lin_r02,prps,1387,-41,-0.777646,15,0,15,0.03926991,2.25000,prps,1,793
34762,34.762,1,4004,54004,ladder_a05_lin_r02,prps,1388,-40,-0.745385,18,0,18,0.04712389,2.70000,prps,1,794
34767,34.767,1,4004,54004,ladder_a05_lin_r02,prps,1391,-37,-0.693840,19,0,19,0.04974188,2.85000,prps,1,795
34772,34.772,1,4004,54004,ladder_a05_lin_r02,prps,1395,-33,-0.630588,20,0,20,0.05235988,3.00000,prps,1,796
34777,34.777,1,4004,54004,ladder_a05_lin_r02,prps,1398,-30,-0.564223,21,0,21,0.05497787,3.15000,prps,1,797
34782,34.782,1,4004,54004,ladder_a05_lin_r02,prps,1401,-27,-0.502880,21,0,21,0.05497787,3.15000,prps,1,798
34787,34.787,1,4004,54004,ladder_a05_lin_r02,prps,1404,-24,-0.452918,21,0,21,0.05497787,3.15000,prps,1,799
34792,34.792,1,4004,54004,ladder_a05_lin_r02,prps,1406,-22,-0.418001,21,0,21,0.05497787,3.15000,prps,1,800
34797,34.797,1,4004,54004,ladder_a05_lin_r02,prps,1407,-21,-0.398752,21,0,21,0.05497787,3.15000,prps,1,801
34802,34.802,1,4004,54004,ladder_a05_lin_r02,prps,1407,-21,-0.392994,20,0,20,0.05235988,3.00000,prps,1,802
34807,34.807,1,4004,54004,ladder_a05_lin_r02,prps,1407,-21,-0.396490,18,0,18,0.04712389,2.70000,prps,1,803
34812,34.812,1,4004,54004,ladder_a05_lin_r02,prps,1407,-21,-0.403991,17,0,17,0.04450589,2.55000,prps,1,804
34817,34.817,1,4004,54004,ladder_a05_lin_r02,prps,1406,-22,-0.410341,16,0,16,0.04188790,2.40000,prps,1,805
34822,34.822,1,4004,54004,ladder_a05_lin_r02,prps,1406,-22,-0.411412,15,0,15,0.03926991,2.25000,prps,1,806
34827,34.827,1,4004,54004,ladder_a05_lin_r02,prps,1407,-21,-0.404702,15,0,15,0.03926991,2.25000,prps,1,807
34832,34.832,1,4004,54004,ladder_a05_lin_r02,prps,1407,-21,-0.389512,15,0,15,0.03926991,2.25000,prps,1,808
34837,34.837,1,4004,54004,ladder_a05_lin_r02,prps,1409,-19,-0.366740,15,0,15,0.03926991,2.25000,prps,1,809
34842,34.842,1,4004,54004,ladder_a05_lin_r02,prps,1410,-18,-0.338397,15,0,15,0.03926991,2.25000,prps,1,810
34847,34.847,1,4004,54004,ladder_a05_lin_r02,prps,1412,-16,-0.307030,14,0,14,0.03665191,2.10000,prps,1,811
34852,34.852,1,4004,54004,ladder_a05_lin_r02,prps,1413,-15,-0.275203,14,0,14,0.03665191,2.10000,prps,1,812
34857,34.857,1,4004,54004,ladder_a05_lin_r02,prps,1415,-13,-0.245174,12,0,12,0.03141592,1.80000,prps,1,813
34862,34.862,1,4004,54004,ladder_a05_lin_r02,prps,1416,-12,-0.218820,11,0,11,0.02879793,1.65000,prps,1,814
34867,34.867,1,4004,54004,ladder_a05_lin_r02,prps,1418,-10,-0.197768,10,0,10,0.02617994,1.50000,prps,1,815
34872,34.872,1,4004,54004,ladder_a05_lin_r02,prps,1418,-10,-0.183629,9,0,9,0.02356194,1.35000,prps,1,816
34877,34.877,1,4004,54004,ladder_a05_lin_r02,prps,1419,-9,-0.178189,8,0,8,0.02094395,1.20000,prps,1,817
34882,34.882,1,4004,54004,ladder_a05_lin_r02,prps,1418,-10,-0.183432,7,0,7,0.01832596,1.05000,prps,1,818
34887,34.887,1,4004,54004,ladder_a05_lin_r02,prps,1417,-11,-0.201295,7,0,7,0.01832596,1.05000,prps,1,819
34892,34.892,1,4004,54004,ladder_a05_lin_r02,prps,1416,-12,-0.233172,7,0,7,0.01832596,1.05000,prps,1,820
34897,34.897,1,4004,54004,ladder_a05_lin_r02,prps,1413,-15,-0.279262,7,0,7,0.01832596,1.05000,prps,1,821
34902,34.902,1,4004,54004,ladder_a05_lin_r02,prps,1410,-18,-0.337929,7,0,7,0.01832596,1.05000,prps,1,822
34907,34.907,1,4004,54004,ladder_a05_lin_r02,prps,1407,-21,-0.405290,7,0,7,0.01832596,1.05000,prps,1,823
34912,34.912,1,4004,54004,ladder_a05_lin_r02,prps,1403,-25,-0.475217,7,0,7,0.01832596,1.05000,prps,1,824
34917,34.917,1,4004,54004,ladder_a05_lin_r02,prps,1399,-29,-0.539869,7,0,7,0.01832596,1.05000,prps,1,825
34922,34.922,1,4004,54004,ladder_a05_lin_r02,prps,1397,-31,-0.590745,7,0,7,0.01832596,1.05000,prps,1,826
34927,34.927,1,4004,54004,ladder_a05_lin_r02,prps,1395,-33,-0.620134,8,0,8,0.02094395,1.20000,prps,1,827
34932,34.932,1,4004,54004,ladder_a05_lin_r02,prps,1395,-33,-0.622686,9,0,9,0.02356194,1.35000,prps,1,828
34937,34.937,1,4004,54004,ladder_a05_lin_r02,prps,1396,-32,-0.596785,11,0,11,0.02879793,1.65000,prps,1,829
34942,34.942,1,4004,54004,ladder_a05_lin_r02,prps,1399,-29,-0.545399,13,0,13,0.03403392,1.95000,prps,1,830
34947,34.947,1,4004,54004,ladder_a05_lin_r02,prps,1403,-25,-0.476123,14,0,14,0.03665191,2.10000,prps,1,831
34952,34.952,1,4004,54004,ladder_a05_lin_r02,prps,1407,-21,-0.400324,15,0,15,0.03926991,2.25000,prps,1,832
34957,34.957,1,4004,54004,ladder_a05_lin_r02,prps,1410,-18,-0.331449,15,0,15,0.03926991,2.25000,prps,1,833
34962,34.962,1,4004,54004,ladder_a05_lin_r02,prps,1413,-15,-0.282739,15,0,15,0.03926991,2.25000,prps,1,834
34967,34.967,1,4004,54004,ladder_a05_lin_r02,prps,1414,-14,-0.264768,15,0,15,0.03926991,2.25000,prps,1,835
34972,34.972,1,4004,54004,ladder_a05_lin_r02,prps,1413,-15,-0.283288,15,0,15,0.03926991,2.25000,prps,1,836
34977,34.977,1,4004,54004,ladder_a05_lin_r02,prps,1410,-18,-0.337827,13,0,13,0.03403392,1.95000,prps,1,837
34982,34.982,1,4004,54004,ladder_a05_lin_r02,prps,1406,-22,-0.421396,12,0,12,0.03141592,1.80000,prps,1,838
34987,34.987,1,4004,54004,ladder_a05_lin_r02,prps,1400,-28,-0.521417,12,0,12,0.03141592,1.80000,prps,1,839
34992,34.992,1,4004,54004,ladder_a05_lin_r02,prps,1395,-33,-0.621798,11,0,11,0.02879793,1.65000,prps,1,840
34997,34.997,1,4004,54004,ladder_a05_lin_r02,prps,1391,-37,-0.705782,11,0,11,0.02879793,1.65000,prps,1,841
35002,35.002,1,4004,54004,ladder_a05_lin_r02,prps,1388,-40,-0.759064,11,0,11,0.02879793,1.65000,prps,1,842
35007,35.007,1,4004,54004,ladder_a05_lin_r02,prps,1387,-41,-0.772565,13,0,13,0.03403392,1.95000,prps,1,843
35012,35.012,1,4004,54004,ladder_a05_lin_r02,prps,1389,-39,-0.744306,15,0,15,0.03926991,2.25000,prps,1,844
35017,35.017,1,4004,54004,ladder_a05_lin_r02,prps,1392,-36,-0.679965,17,0,17,0.04450589,2.55000,prps,1,845
35022,35.022,1,4004,54004,ladder_a05_lin_r02,prps,1397,-31,-0.591974,18,0,18,0.04712389,2.70000,prps,1,846
35027,35.027,1,4004,54004,ladder_a05_lin_r02,prps,1402,-26,-0.497279,19,0,19,0.04974188,2.85000,prps,1,847
35032,35.032,1,4004,54004,ladder_a05_lin_r02,prps,1406,-22,-0.414176,19,0,19,0.04974188,2.85000,prps,1,848
35037,35.037,1,4004,54004,ladder_a05_lin_r02,prps,1409,-19,-0.358830,19,0,19,0.04974188,2.85000,prps,1,849
35042,35.042,1,4004,54004,ladder_a05_lin_r02,prps,1410,-18,-0.342170,19,0,19,0.04974188,2.85000,prps,1,850
35047,35.047,1,4004,54004,ladder_a05_lin_r02,prps,1409,-19,-0.367788,18,0,18,0.04712389,2.70000,prps,1,851
35052,35.052,1,4004,54004,ladder_a05_lin_r02,prps,1405,-23,-0.431292,16,0,16,0.04188790,2.40000,prps,1,852
35057,35.057,1,4004,54004,ladder_a05_lin_r02,prps,1400,-28,-0.521256,15,0,15,0.03926991,2.25000,prps,1,853
35062,35.062,1,4004,54004,ladder_a05_lin_r02,prps,1395,-33,-0.621599,14,0,14,0.03665191,2.10000,prps,1,854
35067,35.067,1,4004,54004,ladder_a05_lin_r02,prps,1390,-38,-0.714926,14,0,14,0.03665191,2.10000,prps,1,855
35072,35.072,1,4004,54004,ladder_a05_lin_r02,prps,1386,-42,-0.786145,14,0,14,0.03665191,2.10000,prps,1,856
35077,35.077,1,4004,54004,ladder_a05_lin_r02,prps,1384,-44,-0.825600,14,0,14,0.03665191,2.10000,prps,1,857
35082,35.082,1,4004,54004,ladder_a05_lin_r02,prps,1384,-44,-0.831059,15,0,15,0.03926991,2.25000,prps,1,858
35087,35.087,1,4004,54004,ladder_a05_lin_r02,prps,1385,-43,-0.808108,17,0,17,0.04450589,2.55000,prps,1,859
35092,35.092,1,4004,54004,ladder_a05_lin_r02,prps,1387,-41,-0.768825,19,0,19,0.04974188,2.85000,prps,1,860
35097,35.097,1,4004,54004,ladder_a05_lin_r02,prps,1389,-39,-0.728984,20,0,20,0.05235988,3.00000,prps,1,861
35102,35.102,1,4004,54004,ladder_a05_lin_r02,prps,1391,-37,-0.704342,21,0,21,0.05497787,3.15000,prps,1,862
35107,35.107,1,4004,54004,ladder_a05_lin_r02,prps,1391,-37,-0.706782,22,0,22,0.05759586,3.30000,prps,1,863
35112,35.112,1,4004,54004,ladder_a05_lin_r02,prps,1389,-39,-0.741133,22,0,22,0.05759586,3.30000,prps,1,864
35117,35.117,1,4004,54004,ladder_a05_lin_r02,prps,1385,-43,-0.803402,22,0,22,0.05759586,3.30000,prps,1,865
35122,35.122,1,4004,54004,ladder_a05_lin_r02,prps,1381,-47,-0.880838,22,0,22,0.05759586,3.30000,prps,1,866
35127,35.127,1,4004,54004,ladder_a05_lin_r02,prps,1377,-51,-0.953927,22,0,22,0.05759586,3.30000,prps,1,867
35132,35.132,1,4004,54004,ladder_a05_lin_r02,prps,1375,-53,-1.000000,23,0,23,0.06021386,3.45000,prps,1,868
35137,35.137,1,4004,54004,ladder_a05_lin_r02,prps,1375,-53,-0.997780,24,0,24,0.06283185,3.60000,prps,1,869
35142,35.142,1,4004,54004,ladder_a05_lin_r02,prps,1379,-49,-0.931990,25,0,25,0.06544985,3.75000,prps,1,870
35147,35.147,1,4004,54004,ladder_a05_lin_r02,prps,1386,-42,-0.797093,26,0,26,0.06806784,3.90000,prps,1,871
35152,35.152,1,4004,54004,ladder_a05_lin_r02,prps,1396,-32,-0.599353,27,0,27,0.07068583,4.05000,prps,1,872
35157,35.157,1,4004,54004,ladder_a05_lin_r02,prps,1409,-19,-0.356746,27,0,27,0.07068583,4.05000,prps,1,873
35162,35.162,1,4004,54004,ladder_a05_lin_r02,prps,1423,-5,-0.096606,27,0,27,0.07068583,4.05000,prps,1,874
35167,35.167,1,4004,54004,ladder_a05_lin_r02,prps,1436,8,0.148620,25,0,25,0.06544985,3.75000,prps,1,875
35172,35.172,1,4004,54004,ladder_a05_lin_r02,prps,1446,18,0.346788,22,0,22,0.05759586,3.30000,prps,1,876
35177,35.177,1,4004,54004,ladder_a05_lin_r02,prps,1453,25,0.471660,17,0,17,0.04450589,2.55000,prps,1,877
35182,35.182,1,4004,54004,ladder_a05_lin_r02,prps,1455,27,0.507664,12,0,12,0.03141592,1.80000,prps,1,878
35187,35.187,1,4004,54004,ladder_a05_lin_r02,prps,1452,24,0.452905,6,0,6,0.01570796,0.90000,prps,1,879
35192,35.192,1,4004,54004,ladder_a05_lin_r02,prps,1445,17,0.319833,1,0,1,0.00261799,0.15000,prps,1,880
35197,35.197,1,4004,54004,ladder_a05_lin_r02,prps,1435,7,0.133409,-3,0,-3,-0.00785398,-0.45000,prps,1,881
35202,35.202,1,4004,54004,ladder_a05_lin_r02,prps,1424,-4,-0.072925,-7,0,-7,-0.01832596,-1.05000,prps,1,882
35207,35.207,1,4004,54004,ladder_a05_lin_r02,prps,1414,-14,-0.262783,-8,0,-8,-0.02094395,-1.20000,prps,1,883
35212,35.212,1,4004,54004,ladder_a05_lin_r02,prps,1407,-21,-0.402883,-8,0,-8,-0.02094395,-1.20000,prps,1,884
35217,35.217,1,4004,54004,ladder_a05_lin_r02,prps,1403,-25,-0.468535,-6,0,-6,-0.01570796,-0.90000,prps,1,885
35222,35.222,1,4004,54004,ladder_a05_lin_r02,prps,1404,-24,-0.447618,-4,0,-4,-0.01047198,-0.60000,prps,1,886
35227,35.227,1,4004,54004,ladder_a05_lin_r02,prps,1410,-18,-0.342352,-1,0,-1,-0.00261799,-0.15000,prps,1,887
35232,35.232,1,4004,54004,ladder_a05_lin_r02,prps,1419,-9,-0.168612,2,0,2,0.00523599,0.30000,prps,1,888
35237,35.237,1,4004,54004,ladder_a05_lin_r02,prps,1430,2,0.047044,5,0,5,0.01308997,0.75000,prps,1,889
35242,35.242,1,4004,54004,ladder_a05_lin_r02,prps,1442,14,0.272048,6,0,6,0.01570796,0.90000,prps,1,890
35247,35.247,1,4004,54004,ladder_a05_lin_r02,prps,1453,25,0.473318,6,0,6,0.01570796,0.90000,prps,1,891
35252,35.252,1,4004,54004,ladder_a05_lin_r02,prps,1461,33,0.622596,4,0,4,0.01047198,0.60000,prps,1,892
35257,35.257,1,4004,54004,ladder_a05_lin_r02,prps,1465,37,0.700700,1,0,1,0.00261799,0.15000,prps,1,893
35262,35.262,1,4004,54004,ladder_a05_lin_r02,prps,1465,37,0.700027,-3,0,-3,-0.00785398,-0.45000,prps,1,894
35267,35.267,1,4004,54004,ladder_a05_lin_r02,prps,1461,33,0.624960,-8,0,-8,-0.02094395,-1.20000,prps,1,895
35272,35.272,1,4004,54004,ladder_a05_lin_r02,prps,1454,26,0.490262,-12,0,-12,-0.03141592,-1.80000,prps,1,896
35277,35.277,1,4004,54004,ladder_a05_lin_r02,prps,1445,17,0.317871,-15,0,-15,-0.03926991,-2.25000,prps,1,897
35282,35.282,1,4004,54004,ladder_a05_lin_r02,prps,1435,7,0.132802,-17,0,-17,-0.04450589,-2.55000,prps,1,898
35287,35.287,1,4004,54004,ladder_a05_lin_r02,prps,1426,-2,-0.041063,-18,0,-18,-0.04712389,-2.70000,prps,1,899
35292,35.292,1,4004,54004,ladder_a05_lin_r02,prps,1418,-10,-0.184524,-17,0,-17,-0.04450589,-2.55000,prps,1,900
35297,35.297,1,4004,54004,ladder_a05_lin_r02,prps,1413,-15,-0.285391,-15,0,-15,-0.03926991,-2.25000,prps,1,901
35302,35.302,1,4004,54004,ladder_a05_lin_r02,prps,1410,-18,-0.339308,-12,0,-12,-0.03141592,-1.80000,prps,1,902
35307,35.307,1,4004,54004,ladder_a05_lin_r02,prps,1409,-19,-0.349094,-10,0,-10,-0.02617994,-1.50000,prps,1,903
35312,35.312,1,4004,54004,ladder_a05_lin_r02,prps,1411,-17,-0.322921,-6,0,-6,-0.01570796,-0.90000,prps,1,904
35317,35.317,1,4004,54004,ladder_a05_lin_r02,prps,1414,-14,-0.271834,-2,0,-2,-0.00523599,-0.30000,prps,1,905
35322,35.322,1,4004,54004,ladder_a05_lin_r02,prps,1417,-11,-0.207194,1,0,1,0.00261799,0.15000,prps,1,906
35327,35.327,1,4004,54004,ladder_a05_lin_r02,prps,1421,-7,-0.138579,3,0,3,0.00785398,0.45000,prps,1,907
35332,35.332,1,4004,54004,ladder_a05_lin_r02,prps,1424,-4,-0.072499,4,0,4,0.01047198,0.60000,prps,1,908
35337,35.337,1,4004,54004,ladder_a05_lin_r02,prps,1427,-1,-0.012092,4,0,4,0.01047198,0.60000,prps,1,909
35342,35.342,1,4004,54004,ladder_a05_lin_r02,prps,1430,2,0.042304,4,0,4,0.01047198,0.60000,prps,1,910
35347,35.347,1,4004,54004,ladder_a05_lin_r02,prps,1433,5,0.091975,3,0,3,0.00785398,0.45000,prps,1,911
35352,35.352,1,4004,54004,ladder_a05_lin_r02,prps,1435,7,0.138451,2,0,2,0.00523599,0.30000,prps,1,912
35357,35.357,1,4004,54004,ladder_a05_lin_r02,prps,1438,10,0.182319,1,0,1,0.00261799,0.15000,prps,1,913
35362,35.362,1,4004,54004,ladder_a05_lin_r02,prps,1440,12,0.222544,0,0,0,0.00000000,0.00000,prps,1,914
35367,35.367,1,4004,54004,ladder_a05_lin_r02,prps,1442,14,0.256460,-1,0,-1,-0.00261799,-0.15000,prps,1,915
35372,35.372,1,4004,54004,ladder_a05_lin_r02,prps,1443,15,0.280403,-3,0,-3,-0.00785398,-0.45000,prps,1,916
35377,35.377,1,4004,54004,ladder_a05_lin_r02,prps,1443,15,0.290774,-5,0,-5,-0.01308997,-0.75000,prps,1,917
35382,35.382,1,4004,54004,ladder_a05_lin_r02,prps,1443,15,0.285223,-6,0,-6,-0.01570796,-0.90000,prps,1,918
35387,35.387,1,4004,54004,ladder_a05_lin_r02,prps,1442,14,0.263607,-8,0,-8,-0.02094395,-1.20000,prps,1,919
35392,35.392,1,4004,54004,ladder_a05_lin_r02,prps,1440,12,0.228432,-9,0,-9,-0.02356194,-1.35000,prps,1,920
35397,35.397,1,4004,54004,ladder_a05_lin_r02,prps,1438,10,0.184627,-9,0,-9,-0.02356194,-1.35000,prps,1,921
35402,35.402,1,4004,54004,ladder_a05_lin_r02,prps,1435,7,0.138664,-9,0,-9,-0.02356194,-1.35000,prps,1,922
35407,35.407,1,4004,54004,ladder_a05_lin_r02,prps,1433,5,0.097209,-9,0,-9,-0.02356194,-1.35000,prps,1,923
35412,35.412,1,4004,54004,ladder_a05_lin_r02,prps,1431,3,0.065629,-9,0,-9,-0.02356194,-1.35000,prps,1,924
35417,35.417,1,4004,54004,ladder_a05_lin_r02,prps,1430,2,0.046720,-9,0,-9,-0.02356194,-1.35000,prps,1,925
35422,35.422,1,4004,54004,ladder_a05_lin_r02,prps,1430,2,0.039978,-9,0,-9,-0.02356194,-1.35000,prps,1,926
35427,35.427,1,4004,54004,ladder_a05_lin_r02,prps,1430,2,0.041647,-9,0,-9,-0.02356194,-1.35000,prps,1,927
35432,35.432,1,4004,54004,ladder_a05_lin_r02,prps,1430,2,0.045551,-8,0,-8,-0.02094395,-1.20000,prps,1,928
35437,35.437,1,4004,54004,ladder_a05_lin_r02,prps,1430,2,0.044594,-7,0,-7,-0.01832596,-1.05000,prps,1,929
35442,35.442,1,4004,54004,ladder_a05_lin_r02,prps,1430,2,0.032580,-7,0,-7,-0.01832596,-1.05000,prps,1,930
35447,35.447,1,4004,54004,ladder_a05_lin_r02,prps,1428,0,0.005961,-7,0,-7,-0.01832596,-1.05000,prps,1,931
35452,35.452,1,4004,54004,ladder_a05_lin_r02,prps,1426,-2,-0.034911,-7,0,-7,-0.01832596,-1.05000,prps,1,932
35457,35.457,1,4004,54004,ladder_a05_lin_r02,prps,1423,-5,-0.085351,-7,0,-7,-0.01832596,-1.05000,prps,1,933
35462,35.462,1,4004,54004,ladder_a05_lin_r02,prps,1421,-7,-0.136889,-6,0,-6,-0.01570796,-0.90000,prps,1,934
35467,35.467,1,4004,54004,ladder_a05_lin_r02,prps,1419,-9,-0.178743,-5,0,-5,-0.01308997,-0.75000,prps,1,935
35472,35.472,1,4004,54004,ladder_a05_lin_r02,prps,1417,-11,-0.199966,-3,0,-3,-0.00785398,-0.45000,prps,1,936
35477,35.477,1,4004,54004,ladder_a05_lin_r02,prps,1418,-10,-0.191830,-2,0,-2,-0.00523599,-0.30000,prps,1,937
35482,35.482,1,4004,54004,ladder_a05_lin_r02,prps,1420,-8,-0.149969,0,0,0,0.00000000,0.00000,prps,1,938
35487,35.487,1,4004,54004,ladder_a05_lin_r02,prps,1424,-4,-0.075799,1,0,1,0.00261799,0.15000,prps,1,939
35492,35.492,1,4004,54004,ladder_a05_lin_r02,prps,1429,1,0.023113,2,0,2,0.00523599,0.30000,prps,1,940
35497,35.497,1,4004,54004,ladder_a05_lin_r02,prps,1435,7,0.133889,2,0,2,0.00523599,0.30000,prps,1,941
35502,35.502,1,4004,54004,ladder_a05_lin_r02,prps,1441,13,0.240260,2,0,2,0.00523599,0.30000,prps,1,942
35507,35.507,1,4004,54004,ladder_a05_lin_r02,prps,1445,17,0.325274,1,0,1,0.00261799,0.15000,prps,1,943
35512,35.512,1,4004,54004,ladder_a05_lin_r02,prps,1448,20,0.374272,0,0,0,0.00000000,0.00000,prps,1,944
35517,35.517,1,4004,54004,ladder_a05_lin_r02,prps,1448,20,0.377607,-2,0,-2,-0.00523599,-0.30000,prps,1,945
35522,35.522,1,4004,54004,ladder_a05_lin_r02,prps,1446,18,0.332560,-4,0,-4,-0.01047198,-0.60000,prps,1,946
35527,35.527,1,4004,54004,ladder_a05_lin_r02,prps,1441,13,0.244098,-6,0,-6,-0.01570796,-0.90000,prps,1,947
35532,35.532,1,4004,54004,ladder_a05_lin_r02,prps,1435,7,0.124307,-8,0,-8,-0.02094395,-1.20000,prps,1,948
35537,35.537,1,4004,54004,ladder_a05_lin_r02,prps,1428,0,-0.009419,-10,0,-10,-0.02617994,-1.50000,prps,1,949
35542,35.542,1,4004,54004,ladder_a05_lin_r02,prps,1421,-7,-0.137101,-10,0,-10,-0.02617994,-1.50000,prps,1,950
35547,35.547,1,4004,54004,ladder_a05_lin_r02,prps,1415,-13,-0.239350,-10,0,-10,-0.02617994,-1.50000,prps,1,951
35552,35.552,1,4004,54004,ladder_a05_lin_r02,prps,1412,-16,-0.300425,-8,0,-8,-0.02094395,-1.20000,prps,1,952
35557,35.557,1,4004,54004,ladder_a05_lin_r02,prps,1412,-16,-0.310658,-7,0,-7,-0.01832596,-1.05000,prps,1,953
35562,35.562,1,4004,54004,ladder_a05_lin_r02,prps,1414,-14,-0.267857,-4,0,-4,-0.01047198,-0.60000,prps,1,954
35567,35.567,1,4004,54004,ladder_a05_lin_r02,prps,1419,-9,-0.177486,-2,0,-2,-0.00523599,-0.30000,prps,1,955
35572,35.572,1,4004,54004,ladder_a05_lin_r02,prps,1425,-3,-0.051653,1,0,1,0.00261799,0.15000,prps,1,956
35577,35.577,1,4004,54004,ladder_a05_lin_r02,prps,1433,5,0.092865,2,0,2,0.00523599,0.30000,prps,1,957
35582,35.582,1,4004,54004,ladder_a05_lin_r02,prps,1441,13,0.237175,3,0,3,0.00785398,0.45000,prps,1,958
35587,35.587,1,4004,54004,ladder_a05_lin_r02,prps,1447,19,0.362938,2,0,2,0.00523599,0.30000,prps,1,959
35592,35.592,1,4004,54004,ladder_a05_lin_r02,prps,1452,24,0.454744,1,0,1,0.00261799,0.15000,prps,1,960
35597,35.597,1,4004,54004,ladder_a05_lin_r02,prps,1455,27,0.501839,-1,0,-1,-0.00261799,-0.15000,prps,1,961
35602,35.602,1,4004,54004,ladder_a05_lin_r02,prps,1454,26,0.499027,-3,0,-3,-0.00785398,-0.45000,prps,1,962
35607,35.607,1,4004,54004,ladder_a05_lin_r02,prps,1452,24,0.446725,-7,0,-7,-0.01832596,-1.05000,prps,1,963
35612,35.612,1,4004,54004,ladder_a05_lin_r02,prps,1447,19,0.350304,-10,0,-10,-0.02617994,-1.50000,prps,1,964
35617,35.617,1,4004,54004,ladder_a05_lin_r02,prps,1440,12,0.218950,-12,0,-12,-0.03141592,-1.80000,prps,1,965
35622,35.622,1,4004,54004,ladder_a05_lin_r02,prps,1431,3,0.064303,-14,0,-14,-0.03665191,-2.10000,prps,1,966
35627,35.627,1,4004,54004,ladder_a05_lin_r02,prps,1423,-5,-0.100866,-14,0,-14,-0.03665191,-2.10000,prps,1,967
35632,35.632,1,4004,54004,ladder_a05_lin_r02,prps,1414,-14,-0.263772,-13,0,-13,-0.03403392,-1.95000,prps,1,968
35637,35.637,1,4004,54004,ladder_a05_lin_r02,prps,1406,-22,-0.412457,-12,0,-12,-0.03141592,-1.80000,prps,1,969
35642,35.642,1,4004,54004,ladder_a05_lin_r02,prps,1400,-28,-0.536356,-10,0,-10,-0.02617994,-1.50000,prps,1,970
35647,35.647,1,4004,54004,ladder_a05_lin_r02,prps,1395,-33,-0.626691,-7,0,-7,-0.01832596,-1.05000,prps,1,971
35652,35.652,1,4004,54004,ladder_a05_lin_r02,prps,1392,-36,-0.676788,-3,0,-3,-0.00785398,-0.45000,prps,1,972
35657,35.657,1,4004,54004,ladder_a05_lin_r02,prps,1392,-36,-0.682406,2,0,2,0.00523599,0.30000,prps,1,973
35662,35.662,1,4004,54004,ladder_a05_lin_r02,prps,1394,-34,-0.642114,6,0,6,0.01570796,0.90000,prps,1,974
35667,35.667,1,4004,54004,ladder_a05_lin_r02,prps,1398,-30,-0.557658,9,0,9,0.02356194,1.35000,prps,1,975
35672,35.672,1,4004,54004,ladder_a05_lin_r02,prps,1405,-23,-0.434219,12,0,12,0.03141592,1.80000,prps,1,976
35677,35.677,1,4004,54004,ladder_a05_lin_r02,prps,1413,-15,-0.280409,14,0,14,0.03665191,2.10000,prps,1,977
35682,35.682,1,4004,54004,ladder_a05_lin_r02,prps,1422,-6,-0.107880,15,0,15,0.03926991,2.25000,prps,1,978
35687,35.687,1,4004,54004,ladder_a05_lin_r02,prps,1432,4,0.069545,15,0,15,0.03926991,2.25000,prps,1,979
35692,35.692,1,4004,54004,ladder_a05_lin_r02,prps,1441,13,0.237187,14,0,14,0.03665191,2.10000,prps,1,980
35697,35.697,1,4004,54004,ladder_a05_lin_r02,prps,1448,20,0.381149,12,0,12,0.03141592,1.80000,prps,1,981
35702,35.702,1,4004,54004,ladder_a05_lin_r02,prps,1454,26,0.490059,8,0,8,0.02094395,1.20000,prps,1,982
35707,35.707,1,4004,54004,ladder_a05_lin_r02,prps,1458,30,0.556622,4,0,4,0.01047198,0.60000,prps,1,983
35712,35.712,1,4004,54004,ladder_a05_lin_r02,prps,1459,31,0.578697,-1,0,-1,-0.00261799,-0.15000,prps,1,984
35717,35.717,1,4004,54004,ladder_a05_lin_r02,prps,1458,30,0.559668,-5,0,-5,-0.01308997,-0.75000,prps,1,985
35722,35.722,1,4004,54004,ladder_a05_lin_r02,prps,1455,27,0.507999,-9,0,-9,-0.02356194,-1.35000,prps,1,986
35727,35.727,1,4004,54004,ladder_a05_lin_r02,prps,1451,23,0.435997,-12,0,-12,-0.03141592,-1.80000,prps,1,987
35732,35.732,1,4004,54004,ladder_a05_lin_r02,prps,1447,19,0.357980,-14,0,-14,-0.03665191,-2.10000,prps,1,988
35737,35.737,1,4004,54004,ladder_a05_lin_r02,prps,1443,15,0.288150,-16,0,-16,-0.04188790,-2.40000,prps,1,989
35742,35.742,1,4004,54004,ladder_a05_lin_r02,prps,1441,13,0.238531,-17,0,-17,-0.04450589,-2.55000,prps,1,990
35747,35.747,1,4004,54004,ladder_a05_lin_r02,prps,1440,12,0.217359,-17,0,-17,-0.04450589,-2.55000,prps,1,991
35752,35.752,1,4004,54004,ladder_a05_lin_r02,prps,1440,12,0.228163,-16,0,-16,-0.04188790,-2.40000,prps,1,992
35757,35.757,1,4004,54004,ladder_a05_lin_r02,prps,1442,14,0.269694,-15,0,-15,-0.03926991,-2.25000,prps,1,993
35762,35.762,1,4004,54004,ladder_a05_lin_r02,prps,1446,18,0.336669,-14,0,-14,-0.03665191,-2.10000,prps,1,994
35767,35.767,1,4004,54004,ladder_a05_lin_r02,prps,1450,22,0.421110,-14,0,-14,-0.03665191,-2.10000,prps,1,995
35772,35.772,1,4004,54004,ladder_a05_lin_r02,prps,1455,27,0.513990,-14,0,-14,-0.03665191,-2.10000,prps,1,996
35777,35.777,1,4004,54004,ladder_a05_lin_r02,prps,1460,32,0.606818,-14,0,-14,-0.03665191,-2.10000,prps,1,997
35782,35.782,1,4004,54004,ladder_a05_lin_r02,prps,1465,37,0.692825,-15,0,-15,-0.03926991,-2.25000,prps,1,998
35787,35.787,1,4004,54004,ladder_a05_lin_r02,prps,1469,41,0.767553,-16,0,-16,-0.04188790,-2.40000,prps,1,999
35792,35.792,1,4004,54004,ladder_a05_lin_r02,prps,1472,44,0.828760,-18,0,-18,-0.04712389,-2.70000,prps,1,1000
35797,35.797,1,4004,54004,ladder_a05_lin_r02,prps,1474,46,0.875764,-20,0,-20,-0.05235988,-3.00000,prps,1,1001
35802,35.802,1,4004,54004,ladder_a05_lin_r02,prps,1476,48,0.908459,-22,0,-22,-0.05759586,-3.30000,prps,1,1002
35807,35.807,1,4004,54004,ladder_a05_lin_r02,prps,1477,49,0.926328,-24,0,-24,-0.06283185,-3.60000,prps,1,1003
35812,35.812,1,4004,54004,ladder_a05_lin_r02,prps,1477,49,0.927795,-26,0,-26,-0.06806784,-3.90000,prps,1,1004
35817,35.817,1,4004,54004,ladder_a05_lin_r02,prps,1476,48,0.910137,-27,0,-27,-0.07068583,-4.05000,prps,1,1005
35822,35.822,1,4004,54004,ladder_a05_lin_r02,prps,1474,46,0.870061,-29,0,-29,-0.07592182,-4.35000,prps,1,1006
35827,35.827,1,4004,54004,ladder_a05_lin_r02,prps,1471,43,0.804843,-29,0,-29,-0.07592182,-4.35000,prps,1,1007
35832,35.832,1,4004,54004,ladder_a05_lin_r02,prps,1466,38,0.713785,-30,0,-30,-0.07853982,-4.50000,prps,1,1008
35837,35.837,1,4004,54004,ladder_a05_lin_r02,prps,1460,32,0.599588,-30,0,-30,-0.07853982,-4.50000,prps,1,1009
35842,35.842,1,4004,54004,ladder_a05_lin_r02,prps,1453,25,0.469249,-30,0,-30,-0.07853982,-4.50000,prps,1,1010
35847,35.847,1,4004,54004,ladder_a05_lin_r02,prps,1446,18,0.334125,-30,0,-30,-0.07853982,-4.50000,prps,1,1011
35852,35.852,1,4004,54004,ladder_a05_lin_r02,prps,1439,11,0.208994,-28,0,-28,-0.07330382,-4.20000,prps,1,1012
35857,35.857,1,4004,54004,ladder_a05_lin_r02,prps,1434,6,0.110132,-26,0,-26,-0.06806784,-3.90000,prps,1,1013
35862,35.862,1,4004,54004,ladder_a05_lin_r02,prps,1431,3,0.052686,-23,0,-23,-0.06021386,-3.45000,prps,1,1014
35867,35.867,1,4004,54004,ladder_a05_lin_r02,prps,1431,3,0.047805,-19,0,-19,-0.04974188,-2.85000,prps,1,1015
35872,35.872,1,4004,54004,ladder_a05_lin_r02,prps,1433,5,0.100091,-16,0,-16,-0.04188790,-2.40000,prps,1,1016
35877,35.877,1,4004,54004,ladder_a05_lin_r02,prps,1439,11,0.205959,-13,0,-13,-0.03403392,-1.95000,prps,1,1017
35882,35.882,1,4004,54004,ladder_a05_lin_r02,prps,1447,19,0.353318,-11,0,-11,-0.02879793,-1.65000,prps,1,1018
35887,35.887,1,4004,54004,ladder_a05_lin_r02,prps,1456,28,0.522799,-10,0,-10,-0.02617994,-1.50000,prps,1,1019
35892,35.892,1,4004,54004,ladder_a05_lin_r02,prps,1465,37,0.690421,-10,0,-10,-0.02617994,-1.50000,prps,1,1020
35897,35.897,1,4004,54004,ladder_a05_lin_r02,prps,1472,44,0.831299,-11,0,-11,-0.02879793,-1.65000,prps,1,1021
35902,35.902,1,4004,54004,ladder_a05_lin_r02,prps,1477,49,0.923787,-12,0,-12,-0.03141592,-1.80000,prps,1,1022
35907,35.907,1,4004,54004,ladder_a05_lin_r02,prps,1479,51,0.953272,-15,0,-15,-0.03926991,-2.25000,prps,1,1023
35912,35.912,1,4004,54004,ladder_a05_lin_r02,prps,1476,48,0.914893,-19,0,-19,-0.04974188,-2.85000,prps,1,1024
35917,35.917,1,4004,54004,ladder_a05_lin_r02,prps,1471,43,0.814631,-22,0,-22,-0.05759586,-3.30000,prps,1,1025
35922,35.922,1,4004,54004,ladder_a05_lin_r02,prps,1463,35,0.668468,-25,0,-25,-0.06544985,-3.75000,prps,1,1026
35927,35.927,1,4004,54004,ladder_a05_lin_r02,prps,1454,26,0.499728,-27,0,-27,-0.07068583,-4.05000,prps,1,1027
35932,35.932,1,4004,54004,ladder_a05_lin_r02,prps,1446,18,0.335016,-27,0,-27,-0.07068583,-4.05000,prps,1,1028
35937,35.937,1,4004,54004,ladder_a05_lin_r02,prps,1439,11,0.199502,-27,0,-27,-0.07068583,-4.05000,prps,1,1029
35942,35.942,1,4004,54004,ladder_a05_lin_r02,prps,1434,6,0.112404,-26,0,-26,-0.06806784,-3.90000,prps,1,1030
35947,35.947,1,4004,54004,ladder_a05_lin_r02,prps,1432,4,0.083543,-24,0,-24,-0.06283185,-3.60000,prps,1,1031
35952,35.952,1,4004,54004,ladder_a05_lin_r02,prps,1434,6,0.111634,-20,0,-20,-0.05235988,-3.00000,prps,1,1032
35957,35.957,1,4004,54004,ladder_a05_lin_r02,prps,1438,10,0.184665,-17,0,-17,-0.04450589,-2.55000,prps,1,1033
35962,35.962,1,4004,54004,ladder_a05_lin_r02,prps,1443,15,0.282303,-14,0,-14,-0.03665191,-2.10000,prps,1,1034
35967,35.967,1,4004,54004,ladder_a05_lin_r02,prps,1448,20,0.379899,-12,0,-12,-0.03141592,-1.80000,prps,1,1035
35972,35.972,1,4004,54004,ladder_a05_lin_r02,prps,1452,24,0.453315,-12,0,-12,-0.03141592,-1.80000,prps,1,1036
35977,35.977,1,4004,54004,ladder_a05_lin_r02,prps,1454,26,0.483650,-12,0,-12,-0.03141592,-1.80000,prps,1,1037
35982,35.982,1,4004,54004,ladder_a05_lin_r02,prps,1452,24,0.460945,-12,0,-12,-0.03141592,-1.80000,prps,1,1038
35987,35.987,1,4004,54004,ladder_a05_lin_r02,prps,1448,20,0.386149,-13,0,-13,-0.03403392,-1.95000,prps,1,1039
35992,35.992,1,4004,54004,ladder_a05_lin_r02,prps,1442,14,0.270939,-14,0,-14,-0.03665191,-2.10000,prps,1,1040
35997,35.997,1,4004,54004,ladder_a05_lin_r02,prps,1435,7,0.135449,-14,0,-14,-0.03665191,-2.10000,prps,1,1041
36002,36.002,1,4004,54004,ladder_a05_lin_r02,prps,1428,0,0.004322,-14,0,-14,-0.03665191,-2.10000,prps,1,1042
36007,36.007,1,4004,54004,ladder_a05_lin_r02,prps,1423,-5,-0.098109,-14,0,-14,-0.03665191,-2.10000,prps,1,1043
36012,36.012,1,4004,54004,ladder_a05_lin_r02,prps,1420,-8,-0.152601,-14,0,-14,-0.03665191,-2.10000,prps,1,1044
36017,36.017,1,4004,54004,ladder_a05_lin_r02,prps,1420,-8,-0.148770,-12,0,-12,-0.03141592,-1.80000,prps,1,1045
36022,36.022,1,4004,54004,ladder_a05_lin_r02,prps,1423,-5,-0.087122,-9,0,-9,-0.02356194,-1.35000,prps,1,1046
36027,36.027,1,4004,54004,ladder_a05_lin_r02,prps,1429,1,0.021057,-7,0,-7,-0.01832596,-1.05000,prps,1,1047
36032,36.032,1,4004,54004,ladder_a05_lin_r02,prps,1436,8,0.155928,-4,0,-4,-0.01047198,-0.60000,prps,1,1048
36037,36.037,1,4004,54004,ladder_a05_lin_r02,prps,1444,16,0.292998,-3,0,-3,-0.00785398,-0.45000,prps,1,1049
36042,36.042,1,4004,54004,ladder_a05_lin_r02,prps,1450,22,0.407932,-3,0,-3,-0.00785398,-0.45000,prps,1,1050
36047,36.047,1,4004,54004,ladder_a05_lin_r02,prps,1454,26,0.481306,-4,0,-4,-0.01047198,-0.60000,prps,1,1051
36052,36.052,1,4004,54004,ladder_a05_lin_r02,prps,1455,27,0.502388,-5,0,-5,-0.01308997,-0.75000,prps,1,1052
36057,36.057,1,4004,54004,ladder_a05_lin_r02,prps,1453,25,0.471187,-7,0,-7,-0.01832596,-1.05000,prps,1,1053
36062,36.062,1,4004,54004,ladder_a05_lin_r02,prps,1449,21,0.398381,-9,0,-9,-0.02356194,-1.35000,prps,1,1054
36067,36.067,1,4004,54004,ladder_a05_lin_r02,prps,1444,16,0.303154,-11,0,-11,-0.02879793,-1.65000,prps,1,1055
36072,36.072,1,4004,54004,ladder_a05_lin_r02,prps,1439,11,0.209355,-13,0,-13,-0.03403392,-1.95000,prps,1,1056
36077,36.077,1,4004,54004,ladder_a05_lin_r02,prps,1435,7,0.140762,-14,0,-14,-0.03665191,-2.10000,prps,1,1057
36082,36.082,1,4004,54004,ladder_a05_lin_r02,prps,1434,6,0.116371,-14,0,-14,-0.03665191,-2.10000,prps,1,1058
36087,36.087,1,4004,54004,ladder_a05_lin_r02,prps,1436,8,0.146623,-14,0,-14,-0.03665191,-2.10000,prps,1,1059
36092,36.092,1,4004,54004,ladder_a05_lin_r02,prps,1440,12,0.231308,-13,0,-13,-0.03403392,-1.95000,prps,1,1060
36097,36.097,1,4004,54004,ladder_a05_lin_r02,prps,1447,19,0.359532,-13,0,-13,-0.03403392,-1.95000,prps,1,1061
36102,36.102,1,4004,54004,ladder_a05_lin_r02,prps,1455,27,0.511727,-12,0,-12,-0.03141592,-1.80000,prps,1,1062
36107,36.107,1,4004,54004,ladder_a05_lin_r02,prps,1463,35,0.663308,-12,0,-12,-0.03141592,-1.80000,prps,1,1063
36112,36.112,1,4004,54004,ladder_a05_lin_r02,prps,1470,42,0.789242,-12,0,-12,-0.03141592,-1.80000,prps,1,1064
36117,36.117,1,4004,54004,ladder_a05_lin_r02,prps,1474,46,0.868653,-13,0,-13,-0.03403392,-1.95000,prps,1,1065
36122,36.122,1,4004,54004,ladder_a05_lin_r02,prps,1475,47,0.888583,-16,0,-16,-0.04188790,-2.40000,prps,1,1066
36127,36.127,1,4004,54004,ladder_a05_lin_r02,prps,1473,45,0.846214,-19,0,-19,-0.04974188,-2.85000,prps,1,1067
36132,36.132,1,4004,54004,ladder_a05_lin_r02,prps,1468,40,0.749167,-22,0,-22,-0.05759586,-3.30000,prps,1,1068
36137,36.137,1,4004,54004,ladder_a05_lin_r02,prps,1461,33,0.613876,-25,0,-25,-0.06544985,-3.75000,prps,1,1069
36142,36.142,1,4004,54004,ladder_a05_lin_r02,prps,1453,25,0.462386,-25,0,-25,-0.06544985,-3.75000,prps,1,1070
36147,36.147,1,4004,54004,ladder_a05_lin_r02,prps,1445,17,0.318237,-26,0,-26,-0.06806784,-3.90000,prps,1,1071
36152,36.152,1,4004,54004,ladder_a05_lin_r02,prps,1439,11,0.202223,-25,0,-25,-0.06544985,-3.75000,prps,1,1072
36157,36.157,1,4004,54004,ladder_a05_lin_r02,prps,1435,7,0.128820,-24,0,-24,-0.06283185,-3.60000,prps,1,1073
36162,36.162,1,4004,54004,ladder_a05_lin_r02,prps,1434,6,0.103930,-21,0,-21,-0.05497787,-3.15000,prps,1,1074
36167,36.167,1,4004,54004,ladder_a05_lin_r02,prps,1435,7,0.124288,-18,0,-18,-0.04712389,-2.70000,prps,1,1075
36172,36.172,1,4004,54004,ladder_a05_lin_r02,prps,1437,9,0.178555,-15,0,-15,-0.03926991,-2.25000,prps,1,1076
36177,36.177,1,4004,54004,ladder_a05_lin_r02,prps,1441,13,0.249835,-13,0,-13,-0.03403392,-1.95000,prps,1,1077
36182,36.182,1,4004,54004,ladder_a05_lin_r02,prps,1445,17,0.319035,-12,0,-12,-0.03141592,-1.80000,prps,1,1078
36187,36.187,1,4004,54004,ladder_a05_lin_r02,prps,1448,20,0.368431,-11,0,-11,-0.02879793,-1.65000,prps,1,1079
36192,36.192,1,4004,54004,ladder_a05_lin_r02,prps,1448,20,0.384758,-11,0,-11,-0.02879793,-1.65000,prps,1,1080
36197,36.197,1,4004,54004,ladder_a05_lin_r02,prps,1447,19,0.361292,-11,0,-11,-0.02879793,-1.65000,prps,1,1081
36202,36.202,1,4004,54004,ladder_a05_lin_r02,prps,1444,16,0.298633,-12,0,-12,-0.03141592,-1.80000,prps,1,1082
36207,36.207,1,4004,54004,ladder_a05_lin_r02,prps,1439,11,0.204140,-12,0,-12,-0.03141592,-1.80000,prps,1,1083
36212,36.212,1,4004,54004,ladder_a05_lin_r02,prps,1433,5,0.090248,-12,0,-12,-0.03141592,-1.80000,prps,1,1084
36217,36.217,1,4004,54004,ladder_a05_lin_r02,prps,1427,-1,-0.027932,-12,0,-12,-0.03141592,-1.80000,prps,1,1085
36222,36.222,1,4004,54004,ladder_a05_lin_r02,prps,1421,-7,-0.135208,-12,0,-12,-0.03141592,-1.80000,prps,1,1086
36227,36.227,1,4004,54004,ladder_a05_lin_r02,prps,1416,-12,-0.218629,-12,0,-12,-0.03141592,-1.80000,prps,1,1087
36232,36.232,1,4004,54004,ladder_a05_lin_r02,prps,1414,-14,-0.269142,-10,0,-10,-0.02617994,-1.50000,prps,1,1088
36237,36.237,1,4004,54004,ladder_a05_lin_r02,prps,1413,-15,-0.282394,-8,0,-8,-0.02094395,-1.20000,prps,1,1089
36242,36.242,1,4004,54004,ladder_a05_lin_r02,prps,1414,-14,-0.258661,-5,0,-5,-0.01308997,-0.75000,prps,1,1090
36247,36.247,1,4004,54004,ladder_a05_lin_r02,prps,1417,-11,-0.202086,-2,0,-2,-0.00523599,-0.30000,prps,1,1091
36252,36.252,1,4004,54004,ladder_a05_lin_r02,prps,1422,-6,-0.119508,1,0,1,0.00261799,0.15000,prps,1,1092
36257,36.257,1,4004,54004,ladder_a05_lin_r02,prps,1427,-1,-0.019184,2,0,2,0.00523599,0.30000,prps,1,1093
36262,36.262,1,4004,54004,ladder_a05_lin_r02,prps,1433,5,0.090292,3,0,3,0.00785398,0.45000,prps,1,1094
36267,36.267,1,4004,54004,ladder_a05_lin_r02,prps,1439,11,0.200728,3,0,3,0.00785398,0.45000,prps,1,1095
36272,36.272,1,4004,54004,ladder_a05_lin_r02,prps,1444,16,0.304680,2,0,2,0.00523599,0.30000,prps,1,1096
36277,36.277,1,4004,54004,ladder_a05_lin_r02,prps,1449,21,0.395488,0,0,0,0.00000000,0.00000,prps,1,1097
36282,36.282,1,4004,54004,ladder_a05_lin_r02,prps,1453,25,0.467186,-2,0,-2,-0.00523599,-0.30000,prps,1,1098
36287,36.287,1,4004,54004,ladder_a05_lin_r02,prps,1455,27,0.514471,-4,0,-4,-0.01047198,-0.60000,prps,1,1099
36292,36.292,1,4004,54004,ladder_a05_lin_r02,prps,1456,28,0.532899,-6,0,-6,-0.01570796,-0.90000,prps,1,1100
36297,36.297,1,4004,54004,ladder_a05_lin_r02,prps,1456,28,0.519364,-9,0,-9,-0.02356194,-1.35000,prps,1,1101
36302,36.302,1,4004,54004,ladder_a05_lin_r02,prps,1453,25,0.472808,-11,0,-11,-0.02879793,-1.65000,prps,1,1102
36307,36.307,1,4004,54004,ladder_a05_lin_r02,prps,1449,21,0.395004,-14,0,-14,-0.03665191,-2.10000,prps,1,1103
36312,36.312,1,4004,54004,ladder_a05_lin_r02,prps,1443,15,0.291148,-15,0,-15,-0.03926991,-2.25000,prps,1,1104
36317,36.317,1,4004,54004,ladder_a05_lin_r02,prps,1437,9,0.170047,-16,0,-16,-0.04188790,-2.40000,prps,1,1105
36322,36.322,1,4004,54004,ladder_a05_lin_r02,prps,1430,2,0.043671,-16,0,-16,-0.04188790,-2.40000,prps,1,1106
36327,36.327,1,4004,54004,ladder_a05_lin_r02,prps,1424,-4,-0.073968,-16,0,-16,-0.04188790,-2.40000,prps,1,1107
36332,36.332,1,4004,54004,ladder_a05_lin_r02,prps,1419,-9,-0.168555,-14,0,-14,-0.03665191,-2.10000,prps,1,1108
36337,36.337,1,4004,54004,ladder_a05_lin_r02,prps,1416,-12,-0.227577,-13,0,-13,-0.03403392,-1.95000,prps,1,1109
36342,36.342,1,4004,54004,ladder_a05_lin_r02,prps,1415,-13,-0.242434,-11,0,-11,-0.02879793,-1.65000,prps,1,1110
36347,36.347,1,4004,54004,ladder_a05_lin_r02,prps,1417,-11,-0.210171,-8,0,-8,-0.02094395,-1.20000,prps,1,1111
36352,36.352,1,4004,54004,ladder_a05_lin_r02,prps,1421,-7,-0.134431,-5,0,-5,-0.01308997,-0.75000,prps,1,1112
36357,36.357,1,4004,54004,ladder_a05_lin_r02,prps,1427,-1,-0.025394,-2,0,-2,-0.00523599,-0.30000,prps,1,1113
36362,36.362,1,4004,54004,ladder_a05_lin_r02,prps,1433,5,0.101389,0,0,0,0.00000000,0.00000,prps,1,1114
36367,36.367,1,4004,54004,ladder_a05_lin_r02,prps,1440,12,0.227137,0,0,0,0.00000000,0.00000,prps,1,1115
36372,36.372,1,4004,54004,ladder_a05_lin_r02,prps,1446,18,0.332624,0,0,0,0.00000000,0.00000,prps,1,1116
36377,36.377,1,4004,54004,ladder_a05_lin_r02,prps,1449,21,0.401160,-1,0,-1,-0.00261799,-0.15000,prps,1,1117
36382,36.382,1,4004,54004,ladder_a05_lin_r02,prps,1450,22,0.421248,-3,0,-3,-0.00785398,-0.45000,prps,1,1118
36387,36.387,1,4004,54004,ladder_a05_lin_r02,prps,1449,21,0.388436,-4,0,-4,-0.01047198,-0.60000,prps,1,1119
36392,36.392,1,4004,54004,ladder_a05_lin_r02,prps,1444,16,0.306048,-6,0,-6,-0.01570796,-0.90000,prps,1,1120
36397,36.397,1,4004,54004,ladder_a05_lin_r02,prps,1438,10,0.184646,-9,0,-9,-0.02356194,-1.35000,prps,1,1121
36402,36.402,1,4004,54004,ladder_a05_lin_r02,prps,1430,2,0.040314,-10,0,-10,-0.02617994,-1.50000,prps,1,1122
36407,36.407,1,4004,54004,ladder_a05_lin_r02,prps,1422,-6,-0.107910,-11,0,-11,-0.02879793,-1.65000,prps,1,1123
36412,36.412,1,4004,54004,ladder_a05_lin_r02,prps,1415,-13,-0.241020,-11,0,-11,-0.02879793,-1.65000,prps,1,1124
36417,36.417,1,4004,54004,ladder_a05_lin_r02,prps,1410,-18,-0.342916,-10,0,-10,-0.02617994,-1.50000,prps,1,1125
36422,36.422,1,4004,54004,ladder_a05_lin_r02,prps,1407,-21,-0.402675,-9,0,-9,-0.02356194,-1.35000,prps,1,1126
36427,36.427,1,4004,54004,ladder_a05_lin_r02,prps,1406,-22,-0.415875,-6,0,-6,-0.01570796,-0.90000,prps,1,1127
36432,36.432,1,4004,54004,ladder_a05_lin_r02,prps,1408,-20,-0.384788,-2,0,-2,-0.00523599,-0.30000,prps,1,1128
36437,36.437,1,4004,54004,ladder_a05_lin_r02,prps,1411,-17,-0.317494,1,0,1,0.00261799,0.15000,prps,1,1129
36442,36.442,1,4004,54004,ladder_a05_lin_r02,prps,1416,-12,-0.226141,4,0,4,0.01047198,0.60000,prps,1,1130
36447,36.447,1,4004,54004,ladder_a05_lin_r02,prps,1421,-7,-0.124736,6,0,6,0.01570796,0.90000,prps,1,1131
36452,36.452,1,4004,54004,ladder_a05_lin_r02,prps,1427,-1,-0.026881,6,0,6,0.01570796,0.90000,prps,1,1132
36457,36.457,1,4004,54004,ladder_a05_lin_r02,prps,1431,3,0.056130,6,0,6,0.01570796,0.90000,prps,1,1133
36462,36.462,1,4004,54004,ladder_a05_lin_r02,prps,1434,6,0.116573,5,0,5,0.01308997,0.75000,prps,1,1134
36467,36.467,1,4004,54004,ladder_a05_lin_r02,prps,1436,8,0.150772,3,0,3,0.00785398,0.45000,prps,1,1135
36472,36.472,1,4004,54004,ladder_a05_lin_r02,prps,1436,8,0.158812,1,0,1,0.00261799,0.15000,prps,1,1136
36477,36.477,1,4004,54004,ladder_a05_lin_r02,prps,1436,8,0.143685,-1,0,-1,-0.00261799,-0.15000,prps,1,1137
36482,36.482,1,4004,54004,ladder_a05_lin_r02,prps,1434,6,0.110111,-1,0,-1,-0.00261799,-0.15000,prps,1,1138
36487,36.487,1,4004,54004,ladder_a05_lin_r02,prps,1431,3,0.063349,-2,0,-2,-0.00523599,-0.30000,prps,1,1139
36492,36.492,1,4004,54004,ladder_a05_lin_r02,prps,1428,0,0.008239,-3,0,-3,-0.00785398,-0.45000,prps,1,1140
36497,36.497,1,4004,54004,ladder_a05_lin_r02,prps,1425,-3,-0.051355,-3,0,-3,-0.00785398,-0.45000,prps,1,1141
36502,36.502,1,4004,54004,ladder_a05_lin_r02,prps,1422,-6,-0.112679,-3,0,-3,-0.00785398,-0.45000,prps,1,1142
36507,36.507,1,4004,54004,ladder_a05_lin_r02,prps,1419,-9,-0.173857,-3,0,-3,-0.00785398,-0.45000,prps,1,1143
36512,36.512,1,4004,54004,ladder_a05_lin_r02,prps,1416,-12,-0.233463,-3,0,-3,-0.00785398,-0.45000,prps,1,1144
36517,36.517,1,4004,54004,ladder_a05_lin_r02,prps,1413,-15,-0.290089,-3,0,-3,-0.00785398,-0.45000,prps,1,1145
36522,36.522,1,4004,54004,ladder_a05_lin_r02,prps,1410,-18,-0.342072,-2,0,-2,-0.00523599,-0.30000,prps,1,1146
36527,36.527,1,4004,54004,ladder_a05_lin_r02,prps,1407,-21,-0.387481,0,0,0,0.00000000,0.00000,prps,1,1147
36532,36.532,1,4004,54004,ladder_a05_lin_r02,prps,1406,-22,-0.424372,2,0,2,0.00523599,0.30000,prps,1,1148
36537,36.537,1,4004,54004,ladder_a05_lin_r02,prps,1404,-24,-0.451220,4,0,4,0.01047198,0.60000,prps,1,1149
36542,36.542,1,4004,54004,ladder_a05_lin_r02,prps,1403,-25,-0.467373,6,0,6,0.01570796,0.90000,prps,1,1150
36547,36.547,1,4004,54004,ladder_a05_lin_r02,prps,1403,-25,-0.473353,7,0,7,0.01832596,1.05000,prps,1,1151
36552,36.552,1,4004,54004,ladder_a05_lin_r02,prps,1403,-25,-0.470874,9,0,9,0.02356194,1.35000,prps,1,1152
36557,36.557,1,4004,54004,ladder_a05_lin_r02,prps,1403,-25,-0.462497,10,0,10,0.02617994,1.50000,prps,1,1153
36562,36.562,1,4004,54004,ladder_a05_lin_r02,prps,1404,-24,-0.450980,11,0,11,0.02879793,1.65000,prps,1,1154
36567,36.567,1,4004,54004,ladder_a05_lin_r02,prps,1405,-23,-0.438441,11,0,11,0.02879793,1.65000,prps,1,1155
36572,36.572,1,4004,54004,ladder_a05_lin_r02,prps,1405,-23,-0.425576,11,0,11,0.02879793,1.65000,prps,1,1156
36577,36.577,1,4004,54004,ladder_a05_lin_r02,prps,1406,-22,-0.411137,11,0,11,0.02879793,1.65000,prps,1,1157
36582,36.582,1,4004,54004,ladder_a05_lin_r02,prps,1407,-21,-0.391874,11,0,11,0.02879793,1.65000,prps,1,1158
36587,36.587,1,4004,54004,ladder_a05_lin_r02,prps,1409,-19,-0.363038,11,0,11,0.02879793,1.65000,prps,1,1159
36592,36.592,1,4004,54004,ladder_a05_lin_r02,prps,1411,-17,-0.319393,11,0,11,0.02879793,1.65000,prps,1,1160
36597,36.597,1,4004,54004,ladder_a05_lin_r02,prps,1414,-14,-0.256582,11,0,11,0.02879793,1.65000,prps,1,1161
36602,36.602,1,4004,54004,ladder_a05_lin_r02,prps,1419,-9,-0.172539,11,0,11,0.02879793,1.65000,prps,1,1162
36607,36.607,1,4004,54004,ladder_a05_lin_r02,prps,1424,-4,-0.068635,11,0,11,0.02879793,1.65000,prps,1,1163
36612,36.612,1,4004,54004,ladder_a05_lin_r02,prps,1431,3,0.049777,10,0,10,0.02617994,1.50000,prps,1,1164
36617,36.617,1,4004,54004,ladder_a05_lin_r02,prps,1437,9,0.173608,9,0,9,0.02356194,1.35000,prps,1,1165
36622,36.622,1,4004,54004,ladder_a05_lin_r02,prps,1443,15,0.291149,8,0,8,0.02094395,1.20000,prps,1,1166
36627,36.627,1,4004,54004,ladder_a05_lin_r02,prps,1449,21,0.389894,5,0,5,0.01308997,0.75000,prps,1,1167
36632,36.632,1,4004,54004,ladder_a05_lin_r02,prps,1452,24,0.458786,2,0,2,0.00523599,0.30000,prps,1,1168
36637,36.637,1,4004,54004,ladder_a05_lin_r02,prps,1454,26,0.490451,-1,0,-1,-0.00261799,-0.15000,prps,1,1169
36642,36.642,1,4004,54004,ladder_a05_lin_r02,prps,1454,26,0.482946,-5,0,-5,-0.01308997,-0.75000,prps,1,1170
36647,36.647,1,4004,54004,ladder_a05_lin_r02,prps,1451,23,0.440630,-8,0,-8,-0.02094395,-1.20000,prps,1,1171
36652,36.652,1,4004,54004,ladder_a05_lin_r02,prps,1448,20,0.373905,-11,0,-11,-0.02879793,-1.65000,prps,1,1172
36657,36.657,1,4004,54004,ladder_a05_lin_r02,prps,1444,16,0.297782,-13,0,-13,-0.03403392,-1.95000,prps,1,1173
36662,36.662,1,4004,54004,ladder_a05_lin_r02,prps,1440,12,0.229475,-14,0,-14,-0.03665191,-2.10000,prps,1,1174
36667,36.667,1,4004,54004,ladder_a05_lin_r02,prps,1438,10,0.185444,-14,0,-14,-0.03665191,-2.10000,prps,1,1175
36672,36.672,1,4004,54004,ladder_a05_lin_r02,prps,1437,9,0.178412,-14,0,-14,-0.03665191,-2.10000,prps,1,1176
36677,36.677,1,4004,54004,ladder_a05_lin_r02,prps,1439,11,0.214945,-14,0,-14,-0.03665191,-2.10000,prps,1,1177
36682,36.682,1,4004,54004,ladder_a05_lin_r02,prps,1444,16,0.294068,-13,0,-13,-0.03403392,-1.95000,prps,1,1178
36687,36.687,1,4004,54004,ladder_a05_lin_r02,prps,1450,22,0.407229,-12,0,-12,-0.03141592,-1.80000,prps,1,1179
36692,36.692,1,4004,54004,ladder_a05_lin_r02,prps,1457,29,0.539639,-12,0,-12,-0.03141592,-1.80000,prps,1,1180
36697,36.697,1,4004,54004,ladder_a05_lin_r02,prps,1464,36,0.672772,-12,0,-12,-0.03141592,-1.80000,prps,1,1181
36702,36.702,1,4004,54004,ladder_a05_lin_r02,prps,1470,42,0.787543,-13,0,-13,-0.03403392,-1.95000,prps,1,1182
36707,36.707,1,4004,54004,ladder_a05_lin_r02,prps,1474,46,0.867591,-15,0,-15,-0.03926991,-2.25000,prps,1,1183
36712,36.712,1,4004,54004,ladder_a05_lin_r02,prps,1476,48,0.902013,-17,0,-17,-0.04450589,-2.55000,prps,1,1184
36717,36.717,1,4004,54004,ladder_a05_lin_r02,prps,1475,47,0.887050,-20,0,-20,-0.05235988,-3.00000,prps,1,1185
36722,36.722,1,4004,54004,ladder_a05_lin_r02,prps,1472,44,0.826403,-23,0,-23,-0.06021386,-3.45000,prps,1,1186
36727,36.727,1,4004,54004,ladder_a05_lin_r02,prps,1467,39,0.730164,-25,0,-25,-0.06544985,-3.75000,prps,1,1187
36732,36.732,1,4004,54004,ladder_a05_lin_r02,prps,1460,32,0.612595,-27,0,-27,-0.07068583,-4.05000,prps,1,1188
36737,36.737,1,4004,54004,ladder_a05_lin_r02,prps,1454,26,0.489258,-27,0,-27,-0.07068583,-4.05000,prps,1,1189
36742,36.742,1,4004,54004,ladder_a05_lin_r02,prps,1448,20,0.374094,-27,0,-27,-0.07068583,-4.05000,prps,1,1190
36747,36.747,1,4004,54004,ladder_a05_lin_r02,prps,1443,15,0.277067,-27,0,-27,-0.07068583,-4.05000,prps,1,1191
36752,36.752,1,4004,54004,ladder_a05_lin_r02,prps,1439,11,0.202855,-25,0,-25,-0.06544985,-3.75000,prps,1,1192
36757,36.757,1,4004,54004,ladder_a05_lin_r02,prps,1436,8,0.150820,-22,0,-22,-0.05759586,-3.30000,prps,1,1193
36762,36.762,1,4004,54004,ladder_a05_lin_r02,prps,1434,6,0.116226,-19,0,-19,-0.04974188,-2.85000,prps,1,1194
36767,36.767,1,4004,54004,ladder_a05_lin_r02,prps,1433,5,0.092364,-17,0,-17,-0.04450589,-2.55000,prps,1,1195
36772,36.772,1,4004,54004,ladder_a05_lin_r02,prps,1432,4,0.073060,-14,0,-14,-0.03665191,-2.10000,prps,1,1196
36777,36.777,1,4004,54004,ladder_a05_lin_r02,prps,1431,3,0.054934,-12,0,-12,-0.03141592,-1.80000,prps,1,1197
36782,36.782,1,4004,54004,ladder_a05_lin_r02,prps,1430,2,0.038831,-11,0,-11,-0.02879793,-1.65000,prps,1,1198
36787,36.787,1,4004,54004,ladder_a05_lin_r02,prps,1430,2,0.030034,-9,0,-9,-0.02356194,-1.35000,prps,1,1199
36792,36.792,1,4004,54004,ladder_a05_lin_r02,prps,1430,2,0.037133,-8,0,-8,-0.02094395,-1.20000,prps,1,1200
36797,36.797,1,4004,54004,ladder_a05_lin_r02,prps,1432,4,0.069752,-7,0,-7,-0.01832596,-1.05000,prps,1,1201
36802,36.802,1,4004,54004,ladder_a05_lin_r02,prps,1435,7,0.135621,-6,0,-6,-0.01570796,-0.90000,prps,1,1202
36807,36.807,1,4004,54004,ladder_a05_lin_r02,prps,1441,13,0.237645,-6,0,-6,-0.01570796,-0.90000,prps,1,1203
36812,36.812,1,4004,54004,ladder_a05_lin_r02,prps,1448,20,0.371697,-6,0,-6,-0.01570796,-0.90000,prps,1,1204
36817,36.817,1,4004,54004,ladder_a05_lin_r02,prps,1456,28,0.525748,-6,0,-6,-0.01570796,-0.90000,prps,1,1205
36822,36.822,1,4004,54004,ladder_a05_lin_r02,prps,1464,36,0.680662,-7,0,-7,-0.01832596,-1.05000,prps,1,1206
36827,36.827,1,4004,54004,ladder_a05_lin_r02,prps,1471,43,0.812705,-8,0,-8,-0.02094395,-1.20000,prps,1,1207
36832,36.832,1,4004,54004,ladder_a05_lin_r02,prps,1476,48,0.897387,-10,0,-10,-0.02617994,-1.50000,prps,1,1208
36837,36.837,1,4004,54004,ladder_a05_lin_r02,prps,1476,48,0.913970,-14,0,-14,-0.03665191,-2.10000,prps,1,1209
36842,36.842,1,4004,54004,ladder_a05_lin_r02,prps,1473,45,0.849809,-18,0,-18,-0.04712389,-2.70000,prps,1,1210
36847,36.847,1,4004,54004,ladder_a05_lin_r02,prps,1465,37,0.703604,-21,0,-21,-0.05497787,-3.15000,prps,1,1211
36852,36.852,1,4004,54004,ladder_a05_lin_r02,prps,1454,26,0.486860,-24,0,-24,-0.06283185,-3.60000,prps,1,1212
36857,36.857,1,4004,54004,ladder_a05_lin_r02,prps,1440,12,0.223130,-25,0,-25,-0.06544985,-3.75000,prps,1,1213
36862,36.862,1,4004,54004,ladder_a05_lin_r02,prps,1425,-3,-0.054983,-25,0,-25,-0.06544985,-3.75000,prps,1,1214
36867,36.867,1,4004,54004,ladder_a05_lin_r02,prps,1412,-16,-0.310631,-24,0,-24,-0.06283185,-3.60000,prps,1,1215
36872,36.872,1,4004,54004,ladder_a05_lin_r02,prps,1401,-27,-0.508548,-21,0,-21,-0.05497787,-3.15000,prps,1,1216
36877,36.877,1,4004,54004,ladder_a05_lin_r02,prps,1395,-33,-0.620908,-16,0,-16,-0.04188790,-2.40000,prps,1,1217
36882,36.882,1,4004,54004,ladder_a05_lin_r02,prps,1394,-34,-0.632125,-11,0,-11,-0.02879793,-1.65000,prps,1,1218
36887,36.887,1,4004,54004,ladder_a05_lin_r02,prps,1399,-29,-0.541741,-6,0,-6,-0.01570796,-0.90000,prps,1,1219
36892,36.892,1,4004,54004,ladder_a05_lin_r02,prps,1409,-19,-0.364804,-1,0,-1,-0.00261799,-0.15000,prps,1,1220
36897,36.897,1,4004,54004,ladder_a05_lin_r02,prps,1421,-7,-0.129647,4,0,4,0.01047198,0.60000,prps,1,1221
36902,36.902,1,4004,54004,ladder_a05_lin_r02,prps,1435,7,0.126603,7,0,7,0.01832596,1.05000,prps,1,1222
36907,36.907,1,4004,54004,ladder_a05_lin_r02,prps,1447,19,0.363997,7,0,7,0.01832596,1.05000,prps,1,1223
36912,36.912,1,4004,54004,ladder_a05_lin_r02,prps,1457,29,0.546205,6,0,6,0.01570796,0.90000,prps,1,1224
36917,36.917,1,4004,54004,ladder_a05_lin_r02,prps,1462,34,0.646279,3,0,3,0.00785398,0.45000,prps,1,1225
36922,36.922,1,4004,54004,ladder_a05_lin_r02,prps,1462,34,0.650770,-1,0,-1,-0.00261799,-0.15000,prps,1,1226
36927,36.927,1,4004,54004,ladder_a05_lin_r02,prps,1458,30,0.561502,-4,0,-4,-0.01047198,-0.60000,prps,1,1227
36932,36.932,1,4004,54004,ladder_a05_lin_r02,prps,1449,21,0.394747,-8,0,-8,-0.02094395,-1.20000,prps,1,1228
36937,36.937,1,4004,54004,ladder_a05_lin_r02,prps,1437,9,0.178015,-11,0,-11,-0.02879793,-1.65000,prps,1,1229
36942,36.942,1,4004,54004,ladder_a05_lin_r02,prps,1425,-3,-0.054903,-14,0,-14,-0.03665191,-2.10000,prps,1,1230
36947,36.947,1,4004,54004,ladder_a05_lin_r02,prps,1414,-14,-0.269710,-14,0,-14,-0.03665191,-2.10000,prps,1,1231
36952,36.952,1,4004,54004,ladder_a05_lin_r02,prps,1405,-23,-0.437167,-13,0,-13,-0.03403392,-1.95000,prps,1,1232
36957,36.957,1,4004,54004,ladder_a05_lin_r02,prps,1400,-28,-0.537466,-12,0,-12,-0.03141592,-1.80000,prps,1,1233
36962,36.962,1,4004,54004,ladder_a05_lin_r02,prps,1398,-30,-0.562718,-8,0,-8,-0.02094395,-1.20000,prps,1,1234
36967,36.967,1,4004,54004,ladder_a05_lin_r02,prps,1401,-27,-0.517234,-4,0,-4,-0.01047198,-0.60000,prps,1,1235
36972,36.972,1,4004,54004,ladder_a05_lin_r02,prps,1406,-22,-0.415675,1,0,1,0.00261799,0.15000,prps,1,1236
36977,36.977,1,4004,54004,ladder_a05_lin_r02,prps,1413,-15,-0.279572,5,0,5,0.01308997,0.75000,prps,1,1237
36982,36.982,1,4004,54004,ladder_a05_lin_r02,prps,1421,-7,-0.132950,7,0,7,0.01832596,1.05000,prps,1,1238
36987,36.987,1,4004,54004,ladder_a05_lin_r02,prps,1428,0,0.002063,8,0,8,0.02094395,1.20000,prps,1,1239
36992,36.992,1,4004,54004,ladder_a05_lin_r02,prps,1434,6,0.108823,8,0,8,0.02094395,1.20000,prps,1,1240
36997,36.997,1,4004,54004,ladder_a05_lin_r02,prps,1437,9,0.178359,7,0,7,0.01832596,1.05000,prps,1,1241
37002,37.002,1,4004,54004,ladder_a05_lin_r02,prps,1439,11,0.209859,5,0,5,0.01308997,0.75000,prps,1,1242
37007,37.007,1,4004,54004,ladder_a05_lin_r02,prps,1439,11,0.209512,2,0,2,0.00523599,0.30000,prps,1,1243
37012,37.012,1,4004,54004,ladder_a05_lin_r02,prps,1438,10,0.188093,0,0,0,0.00000000,0.00000,prps,1,1244
37017,37.017,1,4004,54004,ladder_a05_lin_r02,prps,1436,8,0.157881,-2,0,-2,-0.00523599,-0.30000,prps,1,1245
37022,37.022,1,4004,54004,ladder_a05_lin_r02,prps,1435,7,0.129609,-3,0,-3,-0.00785398,-0.45000,prps,1,1246
37027,37.027,1,4004,54004,ladder_a05_lin_r02,prps,1434,6,0.110068,-5,0,-5,-0.01308997,-0.75000,prps,1,1247
37032,37.032,1,4004,54004,ladder_a05_lin_r02,prps,1433,5,0.100836,-5,0,-5,-0.01308997,-0.75000,prps,1,1248
37037,37.037,1,4004,54004,ladder_a05_lin_r02,prps,1433,5,0.098302,-5,0,-5,-0.01308997,-0.75000,prps,1,1249
37042,37.042,1,4004,54004,ladder_a05_lin_r02,prps,1433,5,0.094906,-5,0,-5,-0.01308997,-0.75000,prps,1,1250
37047,37.047,1,4004,54004,ladder_a05_lin_r02,prps,1432,4,0.081246,-5,0,-5,-0.01308997,-0.75000,prps,1,1251
37052,37.052,1,4004,54004,ladder_a05_lin_r02,prps,1431,3,0.048541,-5,0,-5,-0.01308997,-0.75000,prps,1,1252
37057,37.057,1,4004,54004,ladder_a05_lin_r02,prps,1428,0,-0.009098,-5,0,-5,-0.01308997,-0.75000,prps,1,1253
37062,37.062,1,4004,54004,ladder_a05_lin_r02,prps,1423,-5,-0.093069,-5,0,-5,-0.01308997,-0.75000,prps,1,1254
37067,37.067,1,4004,54004,ladder_a05_lin_r02,prps,1417,-11,-0.199679,-5,0,-5,-0.01308997,-0.75000,prps,1,1255
37072,37.072,1,4004,54004,ladder_a05_lin_r02,prps,1411,-17,-0.320613,-5,0,-5,-0.01308997,-0.75000,prps,1,1256
37077,37.077,1,4004,54004,ladder_a05_lin_r02,prps,1404,-24,-0.444354,-5,0,-5,-0.01308997,-0.75000,prps,1,1257
37082,37.082,1,4004,54004,ladder_a05_lin_r02,prps,1398,-30,-0.558210,-3,0,-3,-0.00785398,-0.45000,prps,1,1258
37087,37.087,1,4004,54004,ladder_a05_lin_r02,prps,1394,-34,-0.650518,0,0,0,0.00000000,0.00000,prps,1,1259
37092,37.092,1,4004,54004,ladder_a05_lin_r02,prps,1390,-38,-0.712579,3,0,3,0.00785398,0.45000,prps,1,1260
37097,37.097,1,4004,54004,ladder_a05_lin_r02,prps,1389,-39,-0.739966,7,0,7,0.01832596,1.05000,prps,1,1261
37102,37.102,1,4004,54004,ladder_a05_lin_r02,prps,1389,-39,-0.732983,10,0,10,0.02617994,1.50000,prps,1,1262
37107,37.107,1,4004,54004,ladder_a05_lin_r02,prps,1391,-37,-0.696266,13,0,13,0.03403392,1.95000,prps,1,1263
37112,37.112,1,4004,54004,ladder_a05_lin_r02,prps,1394,-34,-0.637671,15,0,15,0.03926991,2.25000,prps,1,1264
37117,37.117,1,4004,54004,ladder_a05_lin_r02,prps,1398,-30,-0.566731,17,0,17,0.04450589,2.55000,prps,1,1265
37122,37.122,1,4004,54004,ladder_a05_lin_r02,prps,1402,-26,-0.493031,18,0,18,0.04712389,2.70000,prps,1,1266
37127,37.127,1,4004,54004,ladder_a05_lin_r02,prps,1405,-23,-0.424811,18,0,18,0.04712389,2.70000,prps,1,1267
37132,37.132,1,4004,54004,ladder_a05_lin_r02,prps,1408,-20,-0.368036,18,0,18,0.04712389,2.70000,prps,1,1268
37137,37.137,1,4004,54004,ladder_a05_lin_r02,prps,1411,-17,-0.326035,18,0,18,0.04712389,2.70000,prps,1,1269
37142,37.142,1,4004,54004,ladder_a05_lin_r02,prps,1412,-16,-0.299669,18,0,18,0.04712389,2.70000,prps,1,1270
37147,37.147,1,4004,54004,ladder_a05_lin_r02,prps,1413,-15,-0.287878,17,0,17,0.04450589,2.55000,prps,1,1271
37152,37.152,1,4004,54004,ladder_a05_lin_r02,prps,1413,-15,-0.288399,15,0,15,0.03926991,2.25000,prps,1,1272
37157,37.157,1,4004,54004,ladder_a05_lin_r02,prps,1412,-16,-0.298418,14,0,14,0.03665191,2.10000,prps,1,1273
37162,37.162,1,4004,54004,ladder_a05_lin_r02,prps,1411,-17,-0.315015,12,0,12,0.03141592,1.80000,prps,1,1274
37167,37.167,1,4004,54004,ladder_a05_lin_r02,prps,1410,-18,-0.335315,11,0,11,0.02879793,1.65000,prps,1,1275
37172,37.172,1,4004,54004,ladder_a05_lin_r02,prps,1409,-19,-0.356384,10,0,10,0.02617994,1.50000,prps,1,1276
37177,37.177,1,4004,54004,ladder_a05_lin_r02,prps,1408,-20,-0.375006,10,0,10,0.02617994,1.50000,prps,1,1277
37182,37.182,1,4004,54004,ladder_a05_lin_r02,prps,1407,-21,-0.387499,10,0,10,0.02617994,1.50000,prps,1,1278
37187,37.187,1,4004,54004,ladder_a05_lin_r02,prps,1407,-21,-0.389745,10,0,10,0.02617994,1.50000,prps,1,1279
37192,37.192,1,4004,54004,ladder_a05_lin_r02,prps,1408,-20,-0.377538,10,0,10,0.02617994,1.50000,prps,1,1280
37197,37.197,1,4004,54004,ladder_a05_lin_r02,prps,1410,-18,-0.347252,10,0,10,0.02617994,1.50000,prps,1,1281
37202,37.202,1,4004,54004,ladder_a05_lin_r02,prps,1412,-16,-0.296724,10,0,10,0.02617994,1.50000,prps,1,1282
37207,37.207,1,4004,54004,ladder_a05_lin_r02,prps,1416,-12,-0.226164,10,0,10,0.02617994,1.50000,prps,1,1283
37212,37.212,1,4004,54004,ladder_a05_lin_r02,prps,1421,-7,-0.138838,10,0,10,0.02617994,1.50000,prps,1,1284
37217,37.217,1,4004,54004,ladder_a05_lin_r02,prps,1426,-2,-0.041289,10,0,10,0.02617994,1.50000,prps,1,1285
37222,37.222,1,4004,54004,ladder_a05_lin_r02,prps,1431,3,0.057059,9,0,9,0.02356194,1.35000,prps,1,1286
37227,37.227,1,4004,54004,ladder_a05_lin_r02,prps,1436,8,0.144942,8,0,8,0.02094395,1.20000,prps,1,1287
37232,37.232,1,4004,54004,ladder_a05_lin_r02,prps,1439,11,0.210851,6,0,6,0.01570796,0.90000,prps,1,1288
37237,37.237,1,4004,54004,ladder_a05_lin_r02,prps,1441,13,0.244909,3,0,3,0.00785398,0.45000,prps,1,1289
37242,37.242,1,4004,54004,ladder_a05_lin_r02,prps,1441,13,0.240696,1,0,1,0.00261799,0.15000,prps,1,1290
37247,37.247,1,4004,54004,ladder_a05_lin_r02,prps,1438,10,0.196664,-2,0,-2,-0.00523599,-0.30000,prps,1,1291
37252,37.252,1,4004,54004,ladder_a05_lin_r02,prps,1434,6,0.116807,-4,0,-4,-0.01047198,-0.60000,prps,1,1292
37257,37.257,1,4004,54004,ladder_a05_lin_r02,prps,1429,1,0.010405,-6,0,-6,-0.01570796,-0.90000,prps,1,1293
37262,37.262,1,4004,54004,ladder_a05_lin_r02,prps,1422,-6,-0.109181,-6,0,-6,-0.01570796,-0.90000,prps,1,1294
37267,37.267,1,4004,54004,ladder_a05_lin_r02,prps,1416,-12,-0.226493,-6,0,-6,-0.01570796,-0.90000,prps,1,1295
37272,37.272,1,4004,54004,ladder_a05_lin_r02,prps,1411,-17,-0.326416,-5,0,-5,-0.01308997,-0.75000,prps,1,1296
37277,37.277,1,4004,54004,ladder_a05_lin_r02,prps,1407,-21,-0.396630,-5,0,-5,-0.01308997,-0.75000,prps,1,1297
37282,37.282,1,4004,54004,ladder_a05_lin_r02,prps,1405,-23,-0.429641,-3,0,-3,-0.00785398,-0.45000,prps,1,1298
37287,37.287,1,4004,54004,ladder_a05_lin_r02,prps,1406,-22,-0.423989,0,0,0,0.00000000,0.00000,prps,1,1299
37292,37.292,1,4004,54004,ladder_a05_lin_r02,prps,1408,-20,-0.384418,3,0,3,0.00785398,0.45000,prps,1,1300
37297,37.297,1,4004,54004,ladder_a05_lin_r02,prps,1411,-17,-0.320960,5,0,5,0.01308997,0.75000,prps,1,1301
37302,37.302,1,4004,54004,ladder_a05_lin_r02,prps,1415,-13,-0.247101,7,0,7,0.01832596,1.05000,prps,1,1302
37307,37.307,1,4004,54004,ladder_a05_lin_r02,prps,1419,-9,-0.177384,8,0,8,0.02094395,1.20000,prps,1,1303
37312,37.312,1,4004,54004,ladder_a05_lin_r02,prps,1421,-7,-0.124875,8,0,8,0.02094395,1.20000,prps,1,1304
37317,37.317,1,4004,54004,ladder_a05_lin_r02,prps,1423,-5,-0.098973,8,0,8,0.02094395,1.20000,prps,1,1305
37322,37.322,1,4004,54004,ladder_a05_lin_r02,prps,1422,-6,-0.103952,7,0,7,0.01832596,1.05000,prps,1,1306
37327,37.327,1,4004,54004,ladder_a05_lin_r02,prps,1421,-7,-0.138470,6,0,6,0.01570796,0.90000,prps,1,1307
37332,37.332,1,4004,54004,ladder_a05_lin_r02,prps,1418,-10,-0.196099,5,0,5,0.01308997,0.75000,prps,1,1308
37337,37.337,1,4004,54004,ladder_a05_lin_r02,prps,1414,-14,-0.266739,4,0,4,0.01047198,0.60000,prps,1,1309
37342,37.342,1,4004,54004,ladder_a05_lin_r02,prps,1410,-18,-0.338589,4,0,4,0.01047198,0.60000,prps,1,1310
37347,37.347,1,4004,54004,ladder_a05_lin_r02,prps,1407,-21,-0.400301,4,0,4,0.01047198,0.60000,prps,1,1311
37352,37.352,1,4004,54004,ladder_a05_lin_r02,prps,1405,-23,-0.442886,4,0,4,0.01047198,0.60000,prps,1,1312
37357,37.357,1,4004,54004,ladder_a05_lin_r02,prps,1404,-24,-0.461055,5,0,5,0.01308997,0.75000,prps,1,1313
37362,37.362,1,4004,54004,ladder_a05_lin_r02,prps,1404,-24,-0.453791,6,0,6,0.01570796,0.90000,prps,1,1314
37367,37.367,1,4004,54004,ladder_a05_lin_r02,prps,1406,-22,-0.424115,8,0,8,0.02094395,1.20000,prps,1,1315
37372,37.372,1,4004,54004,ladder_a05_lin_r02,prps,1408,-20,-0.378188,9,0,9,0.02356194,1.35000,prps,1,1316
37377,37.377,1,4004,54004,ladder_a05_lin_r02,prps,1411,-17,-0.323993,10,0,10,0.02617994,1.50000,prps,1,1317
37382,37.382,1,4004,54004,ladder_a05_lin_r02,prps,1414,-14,-0.269904,10,0,10,0.02617994,1.50000,prps,1,1318
37387,37.387,1,4004,54004,ladder_a05_lin_r02,prps,1416,-12,-0.223442,10,0,10,0.02617994,1.50000,prps,1,1319
37392,37.392,1,4004,54004,ladder_a05_lin_r02,prps,1418,-10,-0.190427,10,0,10,0.02617994,1.50000,prps,1,1320
37397,37.397,1,4004,54004,ladder_a05_lin_r02,prps,1419,-9,-0.174619,10,0,10,0.02617994,1.50000,prps,1,1321
37402,37.402,1,4004,54004,ladder_a05_lin_r02,prps,1419,-9,-0.177814,9,0,9,0.02356194,1.35000,prps,1,1322
37407,37.407,1,4004,54004,ladder_a05_lin_r02,prps,1417,-11,-0.200239,9,0,9,0.02356194,1.35000,prps,1,1323
37412,37.412,1,4004,54004,ladder_a05_lin_r02,prps,1415,-13,-0.241055,8,0,8,0.02094395,1.20000,prps,1,1324
37417,37.417,1,4004,54004,ladder_a05_lin_r02,prps,1412,-16,-0.298756,7,0,7,0.01832596,1.05000,prps,1,1325
37422,37.422,1,4004,54004,ladder_a05_lin_r02,prps,1408,-20,-0.371320,7,0,7,0.01832596,1.05000,prps,1,1326
37427,37.427,1,4004,54004,ladder_a05_lin_r02,prps,1404,-24,-0.456076,7,0,7,0.01832596,1.05000,prps,1,1327
37432,37.432,1,4004,54004,ladder_a05_lin_r02,prps,1399,-29,-0.549360,7,0,7,0.01832596,1.05000,prps,1,1328
37437,37.437,1,4004,54004,ladder_a05_lin_r02,prps,1394,-34,-0.646114,7,0,7,0.01832596,1.05000,prps,1,1329
37442,37.442,1,4004,54004,ladder_a05_lin_r02,prps,1389,-39,-0.739673,9,0,9,0.02356194,1.35000,prps,1,1330
37447,37.447,1,4004,54004,ladder_a05_lin_r02,prps,1384,-44,-0.821903,10,0,10,0.02617994,1.50000,prps,1,1331
37452,37.452,1,4004,54004,ladder_a05_lin_r02,prps,1381,-47,-0.883844,13,0,13,0.03403392,1.95000,prps,1,1332
37457,37.457,1,4004,54004,ladder_a05_lin_r02,prps,1379,-49,-0.916838,15,0,15,0.03926991,2.25000,prps,1,1333
37462,37.462,1,4004,54004,ladder_a05_lin_r02,prps,1380,-48,-0.913996,18,0,18,0.04712389,2.70000,prps,1,1334
37467,37.467,1,4004,54004,ladder_a05_lin_r02,prps,1382,-46,-0.871745,20,0,20,0.05235988,3.00000,prps,1,1335
37472,37.472,1,4004,54004,ladder_a05_lin_r02,prps,1386,-42,-0.791088,22,0,22,0.05759586,3.30000,prps,1,1336
37477,37.477,1,4004,54004,ladder_a05_lin_r02,prps,1392,-36,-0.678257,24,0,24,0.06283185,3.60000,prps,1,1337
37482,37.482,1,4004,54004,ladder_a05_lin_r02,prps,1399,-29,-0.544495,24,0,24,0.06283185,3.60000,prps,1,1338
37487,37.487,1,4004,54004,ladder_a05_lin_r02,prps,1407,-21,-0.404865,24,0,24,0.06283185,3.60000,prps,1,1339
37492,37.492,1,4004,54004,ladder_a05_lin_r02,prps,1413,-15,-0.276189,24,0,24,0.06283185,3.60000,prps,1,1340
37497,37.497,1,4004,54004,ladder_a05_lin_r02,prps,1419,-9,-0.174423,24,0,24,0.06283185,3.60000,prps,1,1341
37502,37.502,1,4004,54004,ladder_a05_lin_r02,prps,1422,-6,-0.111913,22,0,22,0.05759586,3.30000,prps,1,1342
37507,37.507,1,4004,54004,ladder_a05_lin_r02,prps,1423,-5,-0.095050,19,0,19,0.04974188,2.85000,prps,1,1343
37512,37.512,1,4004,54004,ladder_a05_lin_r02,prps,1421,-7,-0.122824,15,0,15,0.03926991,2.25000,prps,1,1344
37517,37.517,1,4004,54004,ladder_a05_lin_r02,prps,1418,-10,-0.186617,12,0,12,0.03141592,1.80000,prps,1,1345
37522,37.522,1,4004,54004,ladder_a05_lin_r02,prps,1414,-14,-0.271361,9,0,9,0.02356194,1.35000,prps,1,1346
37527,37.527,1,4004,54004,ladder_a05_lin_r02,prps,1409,-19,-0.357925,7,0,7,0.01832596,1.05000,prps,1,1347
37532,37.532,1,4004,54004,ladder_a05_lin_r02,prps,1405,-23,-0.426354,6,0,6,0.01570796,0.90000,prps,1,1348
37537,37.537,1,4004,54004,ladder_a05_lin_r02,prps,1404,-24,-0.459362,6,0,6,0.01570796,0.90000,prps,1,1349
37542,37.542,1,4004,54004,ladder_a05_lin_r02,prps,1404,-24,-0.445465,6,0,6,0.01570796,0.90000,prps,1,1350
37547,37.547,1,4004,54004,ladder_a05_lin_r02,prps,1408,-20,-0.381119,6,0,6,0.01570796,0.90000,prps,1,1351
37552,37.552,1,4004,54004,ladder_a05_lin_r02,prps,1414,-14,-0.271455,7,0,7,0.01832596,1.05000,prps,1,1352
37557,37.557,1,4004,54004,ladder_a05_lin_r02,prps,1421,-7,-0.129429,8,0,8,0.02094395,1.20000,prps,1,1353
37562,37.562,1,4004,54004,ladder_a05_lin_r02,prps,1429,1,0.026462,8,0,8,0.02094395,1.20000,prps,1,1354
37567,37.567,1,4004,54004,ladder_a05_lin_r02,prps,1437,9,0.175481,8,0,8,0.02094395,1.20000,prps,1,1355
37572,37.572,1,4004,54004,ladder_a05_lin_r02,prps,1444,16,0.298346,8,0,8,0.02094395,1.20000,prps,1,1356
37577,37.577,1,4004,54004,ladder_a05_lin_r02,prps,1448,20,0.380607,5,0,5,0.01308997,0.75000,prps,1,1357
37582,37.582,1,4004,54004,ladder_a05_lin_r02,prps,1450,22,0.415041,2,0,2,0.00523599,0.30000,prps,1,1358
37587,37.587,1,4004,54004,ladder_a05_lin_r02,prps,1449,21,0.402626,-1,0,-1,-0.00261799,-0.15000,prps,1,1359
37592,37.592,1,4004,54004,ladder_a05_lin_r02,prps,1447,19,0.351908,-5,0,-5,-0.01308997,-0.75000,prps,1,1360
37597,37.597,1,4004,54004,ladder_a05_lin_r02,prps,1443,15,0.276909,-7,0,-7,-0.01832596,-1.05000,prps,1,1361
37602,37.602,1,4004,54004,ladder_a05_lin_r02,prps,1438,10,0.194033,-10,0,-10,-0.02617994,-1.50000,prps,1,1362
37607,37.607,1,4004,54004,ladder_a05_lin_r02,prps,1434,6,0.118604,-11,0,-11,-0.02879793,-1.65000,prps,1,1363
37612,37.612,1,4004,54004,ladder_a05_lin_r02,prps,1431,3,0.061773,-11,0,-11,-0.02879793,-1.65000,prps,1,1364
37617,37.617,1,4004,54004,ladder_a05_lin_r02,prps,1430,2,0.028424,-11,0,-11,-0.02879793,-1.65000,prps,1,1365
37622,37.622,1,4004,54004,ladder_a05_lin_r02,prps,1429,1,0.016516,-10,0,-10,-0.02617994,-1.50000,prps,1,1366
37627,37.627,1,4004,54004,ladder_a05_lin_r02,prps,1429,1,0.017975,-9,0,-9,-0.02356194,-1.35000,prps,1,1367
37632,37.632,1,4004,54004,ladder_a05_lin_r02,prps,1429,1,0.020946,-8,0,-8,-0.02094395,-1.20000,prps,1,1368
37637,37.637,1,4004,54004,ladder_a05_lin_r02,prps,1429,1,0.012893,-7,0,-7,-0.01832596,-1.05000,prps,1,1369
37642,37.642,1,4004,54004,ladder_a05_lin_r02,prps,1427,-1,-0.016131,-7,0,-7,-0.01832596,-1.05000,prps,1,1370
37647,37.647,1,4004,54004,ladder_a05_lin_r02,prps,1424,-4,-0.070767,-6,0,-6,-0.01570796,-0.90000,prps,1,1371
37652,37.652,1,4004,54004,ladder_a05_lin_r02,prps,1420,-8,-0.148804,-5,0,-5,-0.01308997,-0.75000,prps,1,1372
37657,37.657,1,4004,54004,ladder_a05_lin_r02,prps,1415,-13,-0.241173,-4,0,-4,-0.01047198,-0.60000,prps,1,1373
37662,37.662,1,4004,54004,ladder_a05_lin_r02,prps,1410,-18,-0.333516,-3,0,-3,-0.00785398,-0.45000,prps,1,1374
37667,37.667,1,4004,54004,ladder_a05_lin_r02,prps,1406,-22,-0.409040,-1,0,-1,-0.00261799,-0.15000,prps,1,1375
37672,37.672,1,4004,54004,ladder_a05_lin_r02,prps,1404,-24,-0.452066,1,0,1,0.00261799,0.15000,prps,1,1376
37677,37.677,1,4004,54004,ladder_a05_lin_r02,prps,1404,-24,-0.451516,3,0,3,0.00785398,0.45000,prps,1,1377
37682,37.682,1,4004,54004,ladder_a05_lin_r02,prps,1407,-21,-0.403610,6,0,6,0.01570796,0.90000,prps,1,1378
37687,37.687,1,4004,54004,ladder_a05_lin_r02,prps,1411,-17,-0.313131,7,0,7,0.01832596,1.05000,prps,1,1379
37692,37.692,1,4004,54004,ladder_a05_lin_r02,prps,1418,-10,-0.192971,8,0,8,0.02094395,1.20000,prps,1,1380
37697,37.697,1,4004,54004,ladder_a05_lin_r02,prps,1425,-3,-0.061977,9,0,9,0.02356194,1.35000,prps,1,1381
37702,37.702,1,4004,54004,ladder_a05_lin_r02,prps,1431,3,0.058508,9,0,9,0.02356194,1.35000,prps,1,1382
37707,37.707,1,4004,54004,ladder_a05_lin_r02,prps,1436,8,0.148729,8,0,8,0.02094395,1.20000,prps,1,1383
37712,37.712,1,4004,54004,ladder_a05_lin_r02,prps,1438,10,0.194404,7,0,7,0.01832596,1.05000,prps,1,1384
37717,37.717,1,4004,54004,ladder_a05_lin_r02,prps,1438,10,0.189611,5,0,5,0.01308997,0.75000,prps,1,1385
37722,37.722,1,4004,54004,ladder_a05_lin_r02,prps,1435,7,0.138059,3,0,3,0.00785398,0.45000,prps,1,1386
37727,37.727,1,4004,54004,ladder_a05_lin_r02,prps,1431,3,0.052458,0,0,0,0.00000000,0.00000,prps,1,1387
37732,37.732,1,4004,54004,ladder_a05_lin_r02,prps,1425,-3,-0.047948,-2,0,-2,-0.00523599,-0.30000,prps,1,1388
37737,37.737,1,4004,54004,ladder_a05_lin_r02,prps,1421,-7,-0.141186,-3,0,-3,-0.00785398,-0.45000,prps,1,1389
37742,37.742,1,4004,54004,ladder_a05_lin_r02,prps,1417,-11,-0.206985,-3,0,-3,-0.00785398,-0.45000,prps,1,1390
37747,37.747,1,4004,54004,ladder_a05_lin_r02,prps,1416,-12,-0.230916,-3,0,-3,-0.00785398,-0.45000,prps,1,1391
37752,37.752,1,4004,54004,ladder_a05_lin_r02,prps,1417,-11,-0.207414,-3,0,-3,-0.00785398,-0.45000,prps,1,1392
37757,37.757,1,4004,54004,ladder_a05_lin_r02,prps,1421,-7,-0.141053,-2,0,-2,-0.00523599,-0.30000,prps,1,1393
37762,37.762,1,4004,54004,ladder_a05_lin_r02,prps,1426,-2,-0.045769,0,0,0,0.00000000,0.00000,prps,1,1394
37767,37.767,1,4004,54004,ladder_a05_lin_r02,prps,1431,3,0.057822,0,0,0,0.00000000,0.00000,prps,1,1395
37772,37.772,1,4004,54004,ladder_a05_lin_r02,prps,1436,8,0.146524,0,0,0,0.00000000,0.00000,prps,1,1396
37777,37.777,1,4004,54004,ladder_a05_lin_r02,prps,1439,11,0.199268,0,0,0,0.00000000,0.00000,prps,1,1397
37782,37.782,1,4004,54004,ladder_a05_lin_r02,prps,1439,11,0.201490,0,0,0,0.00000000,0.00000,prps,1,1398
37787,37.787,1,4004,54004,ladder_a05_lin_r02,prps,1436,8,0.148313,-1,0,-1,-0.00261799,-0.15000,prps,1,1399
37792,37.792,1,4004,54004,ladder_a05_lin_r02,prps,1430,2,0.045865,-3,0,-3,-0.00785398,-0.45000,prps,1,1400
37797,37.797,1,4004,54004,ladder_a05_lin_r02,prps,1423,-5,-0.089557,-4,0,-4,-0.01047198,-0.60000,prps,1,1401
37802,37.802,1,4004,54004,ladder_a05_lin_r02,prps,1416,-12,-0.234341,-4,0,-4,-0.01047198,-0.60000,prps,1,1402
37807,37.807,1,4004,54004,ladder_a05_lin_r02,prps,1409,-19,-0.361922,-4,0,-4,-0.01047198,-0.60000,prps,1,1403
37812,37.812,1,4004,54004,ladder_a05_lin_r02,prps,1404,-24,-0.447820,-3,0,-3,-0.00785398,-0.45000,prps,1,1404
37817,37.817,1,4004,54004,ladder_a05_lin_r02,prps,1403,-25,-0.474386,-2,0,-2,-0.00523599,-0.30000,prps,1,1405
37822,37.822,1,4004,54004,ladder_a05_lin_r02,prps,1405,-23,-0.434365,0,0,0,0.00000000,0.00000,prps,1,1406
37827,37.827,1,4004,54004,ladder_a05_lin_r02,prps,1410,-18,-0.332560,3,0,3,0.00785398,0.45000,prps,1,1407
37832,37.832,1,4004,54004,ladder_a05_lin_r02,prps,1418,-10,-0.185278,6,0,6,0.01570796,0.90000,prps,1,1408
37837,37.837,1,4004,54004,ladder_a05_lin_r02,prps,1427,-1,-0.017647,7,0,7,0.01832596,1.05000,prps,1,1409
37842,37.842,1,4004,54004,ladder_a05_lin_r02,prps,1435,7,0.140721,7,0,7,0.01832596,1.05000,prps,1,1410
37847,37.847,1,4004,54004,ladder_a05_lin_r02,prps,1442,14,0.260925,7,0,7,0.01832596,1.05000,prps,1,1411
37852,37.852,1,4004,54004,ladder_a05_lin_r02,prps,1445,17,0.319881,5,0,5,0.01308997,0.75000,prps,1,1412
37857,37.857,1,4004,54004,ladder_a05_lin_r02,prps,1444,16,0.304420,3,0,3,0.00785398,0.45000,prps,1,1413
37862,37.862,1,4004,54004,ladder_a05_lin_r02,prps,1439,11,0.213663,0,0,0,0.00000000,0.00000,prps,1,1414
37867,37.867,1,4004,54004,ladder_a05_lin_r02,prps,1431,3,0.059257,-3,0,-3,-0.00785398,-0.45000,prps,1,1415
37872,37.872,1,4004,54004,ladder_a05_lin_r02,prps,1421,-7,-0.136516,-5,0,-5,-0.01308997,-0.75000,prps,1,1416
37877,37.877,1,4004,54004,ladder_a05_lin_r02,prps,1410,-18,-0.344408,-6,0,-6,-0.01570796,-0.90000,prps,1,1417
37882,37.882,1,4004,54004,ladder_a05_lin_r02,prps,1400,-28,-0.532966,-6,0,-6,-0.01570796,-0.90000,prps,1,1418
37887,37.887,1,4004,54004,ladder_a05_lin_r02,prps,1392,-36,-0.673542,-4,0,-4,-0.01047198,-0.60000,prps,1,1419
37892,37.892,1,4004,54004,ladder_a05_lin_r02,prps,1389,-39,-0.744720,-2,0,-2,-0.00523599,-0.30000,prps,1,1420
37897,37.897,1,4004,54004,ladder_a05_lin_r02,prps,1389,-39,-0.735431,2,0,2,0.00523599,0.30000,prps,1,1421
37902,37.902,1,4004,54004,ladder_a05_lin_r02,prps,1394,-34,-0.646325,6,0,6,0.01570796,0.90000,prps,1,1422
37907,37.907,1,4004,54004,ladder_a05_lin_r02,prps,1402,-26,-0.489265,10,0,10,0.02617994,1.50000,prps,1,1423
37912,37.912,1,4004,54004,ladder_a05_lin_r02,prps,1413,-15,-0.285149,13,0,13,0.03403392,1.95000,prps,1,1424
37917,37.917,1,4004,54004,ladder_a05_lin_r02,prps,1425,-3,-0.060524,14,0,14,0.03665191,2.10000,prps,1,1425
37922,37.922,1,4004,54004,ladder_a05_lin_r02,prps,1436,8,0.156388,14,0,14,0.03665191,2.10000,prps,1,1426
37927,37.927,1,4004,54004,ladder_a05_lin_r02,prps,1446,18,0.339570,14,0,14,0.03665191,2.10000,prps,1,1427
37932,37.932,1,4004,54004,ladder_a05_lin_r02,prps,1453,25,0.468438,11,0,11,0.02879793,1.65000,prps,1,1428
37937,37.937,1,4004,54004,ladder_a05_lin_r02,prps,1456,28,0.529989,7,0,7,0.01832596,1.05000,prps,1,1429
37942,37.942,1,4004,54004,ladder_a05_lin_r02,prps,1456,28,0.519689,2,0,2,0.00523599,0.30000,prps,1,1430
37947,37.947,1,4004,54004,ladder_a05_lin_r02,prps,1451,23,0.441161,-2,0,-2,-0.00523599,-0.30000,prps,1,1431
37952,37.952,1,4004,54004,ladder_a05_lin_r02,prps,1444,16,0.304878,-6,0,-6,-0.01570796,-0.90000,prps,1,1432
37957,37.957,1,4004,54004,ladder_a05_lin_r02,prps,1435,7,0.126235,-9,0,-9,-0.02356194,-1.35000,prps,1,1433
37962,37.962,1,4004,54004,ladder_a05_lin_r02,prps,1424,-4,-0.076632,-11,0,-11,-0.02879793,-1.65000,prps,1,1434
37967,37.967,1,4004,54004,ladder_a05_lin_r02,prps,1413,-15,-0.284947,-11,0,-11,-0.02879793,-1.65000,prps,1,1435
37972,37.972,1,4004,54004,ladder_a05_lin_r02,prps,1403,-25,-0.481063,-10,0,-10,-0.02617994,-1.50000,prps,1,1436
37977,37.977,1,4004,54004,ladder_a05_lin_r02,prps,1394,-34,-0.649784,-8,0,-8,-0.02094395,-1.20000,prps,1,1437
37982,37.982,1,4004,54004,ladder_a05_lin_r02,prps,1387,-41,-0.779234,-6,0,-6,-0.01570796,-0.90000,prps,1,1438
37987,37.987,1,4004,54004,ladder_a05_lin_r02,prps,1382,-46,-0.861346,-2,0,-2,-0.00523599,-0.30000,prps,1,1439
37992,37.992,1,4004,54004,ladder_a05_lin_r02,prps,1381,-47,-0.892065,3,0,3,0.00785398,0.45000,prps,1,1440
37997,37.997,1,4004,54004,ladder_a05_lin_r02,prps,1382,-46,-0.871374,8,0,8,0.02094395,1.20000,prps,1,1441
38002,38.002,1,4004,54004,ladder_a05_lin_r02,prps,1385,-43,-0.803164,12,0,12,0.03141592,1.80000,prps,1,1442
38007,38.007,1,4004,54004,ladder_a05_lin_r02,prps,1391,-37,-0.694966,16,0,16,0.04188790,2.40000,prps,1,1443
38012,38.012,1,4004,54004,ladder_a05_lin_r02,prps,1398,-30,-0.557466,19,0,19,0.04974188,2.85000,prps,1,1444
38017,38.017,1,4004,54004,ladder_a05_lin_r02,prps,1407,-21,-0.403762,20,0,20,0.05235988,3.00000,prps,1,1445
38022,38.022,1,4004,54004,ladder_a05_lin_r02,prps,1415,-13,-0.248301,20,0,20,0.05235988,3.00000,prps,1,1446
38027,38.027,1,4004,54004,ladder_a05_lin_r02,prps,1422,-6,-0.105537,20,0,20,0.05235988,3.00000,prps,1,1447
38032,38.032,1,4004,54004,ladder_a05_lin_r02,prps,1429,1,0.011599,19,0,19,0.04974188,2.85000,prps,1,1448
38037,38.037,1,4004,54004,ladder_a05_lin_r02,prps,1433,5,0.093235,16,0,16,0.04188790,2.40000,prps,1,1449
38042,38.042,1,4004,54004,ladder_a05_lin_r02,prps,1435,7,0.133851,13,0,13,0.03403392,1.95000,prps,1,1450
38047,38.047,1,4004,54004,ladder_a05_lin_r02,prps,1435,7,0.133114,9,0,9,0.02356194,1.35000,prps,1,1451
38052,38.052,1,4004,54004,ladder_a05_lin_r02,prps,1433,5,0.096037,6,0,6,0.01570796,0.90000,prps,1,1452
38057,38.057,1,4004,54004,ladder_a05_lin_r02,prps,1430,2,0.032387,2,0,2,0.00523599,0.30000,prps,1,1453
38062,38.062,1,4004,54004,ladder_a05_lin_r02,prps,1426,-2,-0.044636,0,0,0,0.00000000,0.00000,prps,1,1454
38067,38.067,1,4004,54004,ladder_a05_lin_r02,prps,1422,-6,-0.120266,-1,0,-1,-0.00261799,-0.15000,prps,1,1455
38072,38.072,1,4004,54004,ladder_a05_lin_r02,prps,1418,-10,-0.180297,-2,0,-2,-0.00523599,-0.30000,prps,1,1456
38077,38.077,1,4004,54004,ladder_a05_lin_r02,prps,1417,-11,-0.213117,-2,0,-2,-0.00523599,-0.30000,prps,1,1457
38082,38.082,1,4004,54004,ladder_a05_lin_r02,prps,1417,-11,-0.211304,-1,0,-1,-0.00261799,-0.15000,prps,1,1458
38087,38.087,1,4004,54004,ladder_a05_lin_r02,prps,1419,-9,-0.172502,-1,0,-1,-0.00261799,-0.15000,prps,1,1459
38092,38.092,1,4004,54004,ladder_a05_lin_r02,prps,1423,-5,-0.099444,1,0,1,0.00261799,0.15000,prps,1,1460
38097,38.097,1,4004,54004,ladder_a05_lin_r02,prps,1428,0,0.000869,1,0,1,0.00261799,0.15000,prps,1,1461
38102,38.102,1,4004,54004,ladder_a05_lin_r02,prps,1434,6,0.118635,2,0,2,0.00523599,0.30000,prps,1,1462
38107,38.107,1,4004,54004,ladder_a05_lin_r02,prps,1441,13,0.243078,2,0,2,0.00523599,0.30000,prps,1,1463
38112,38.112,1,4004,54004,ladder_a05_lin_r02,prps,1447,19,0.364250,1,0,1,0.00261799,0.15000,prps,1,1464
38117,38.117,1,4004,54004,ladder_a05_lin_r02,prps,1453,25,0.474464,1,0,1,0.00261799,0.15000,prps,1,1465
38122,38.122,1,4004,54004,ladder_a05_lin_r02,prps,1458,30,0.569089,-2,0,-2,-0.00523599,-0.30000,prps,1,1466
38127,38.127,1,4004,54004,ladder_a05_lin_r02,prps,1462,34,0.646594,-5,0,-5,-0.01308997,-0.75000,prps,1,1467
38132,38.132,1,4004,54004,ladder_a05_lin_r02,prps,1466,38,0.707897,-8,0,-8,-0.02094395,-1.20000,prps,1,1468
38137,38.137,1,4004,54004,ladder_a05_lin_r02,prps,1468,40,0.755209,-11,0,-11,-0.02879793,-1.65000,prps,1,1469
38142,38.142,1,4004,54004,ladder_a05_lin_r02,prps,1470,42,0.790710,-14,0,-14,-0.03665191,-2.10000,prps,1,1470
38147,38.147,1,4004,54004,ladder_a05_lin_r02,prps,1471,43,0.815390,-18,0,-18,-0.04712389,-2.70000,prps,1,1471
38152,38.152,1,4004,54004,ladder_a05_lin_r02,prps,1472,44,0.828363,-21,0,-21,-0.05497787,-3.15000,prps,1,1472
38157,38.157,1,4004,54004,ladder_a05_lin_r02,prps,1472,44,0.826861,-23,0,-23,-0.06021386,-3.45000,prps,1,1473
38162,38.162,1,4004,54004,ladder_a05_lin_r02,prps,1471,43,0.806901,-25,0,-25,-0.06544985,-3.75000,prps,1,1474
38167,38.167,1,4004,54004,ladder_a05_lin_r02,prps,1469,41,0.764518,-26,0,-26,-0.06806784,-3.90000,prps,1,1475
38172,38.172,1,4004,54004,ladder_a05_lin_r02,prps,1465,37,0.697255,-27,0,-27,-0.07068583,-4.05000,prps,1,1476
38177,38.177,1,4004,54004,ladder_a05_lin_r02,prps,1460,32,0.605554,-27,0,-27,-0.07068583,-4.05000,prps,1,1477
38182,38.182,1,4004,54004,ladder_a05_lin_r02,prps,1454,26,0.493686,-27,0,-27,-0.07068583,-4.05000,prps,1,1478
38187,38.187,1,4004,54004,ladder_a05_lin_r02,prps,1448,20,0.369940,-27,0,-27,-0.07068583,-4.05000,prps,1,1479
38192,38.192,1,4004,54004,ladder_a05_lin_r02,prps,1441,13,0.245950,-27,0,-27,-0.07068583,-4.05000,prps,1,1480
38197,38.197,1,4004,54004,ladder_a05_lin_r02,prps,1435,7,0.135217,-25,0,-25,-0.06544985,-3.75000,prps,1,1481
38202,38.202,1,4004,54004,ladder_a05_lin_r02,prps,1431,3,0.051070,-22,0,-22,-0.05759586,-3.30000,prps,1,1482
38207,38.207,1,4004,54004,ladder_a05_lin_r02,prps,1428,0,0.004442,-19,0,-19,-0.04974188,-2.85000,prps,1,1483
38212,38.212,1,4004,54004,ladder_a05_lin_r02,prps,1428,0,0.001884,-16,0,-16,-0.04188790,-2.40000,prps,1,1484
38217,38.217,1,4004,54004,ladder_a05_lin_r02,prps,1430,2,0.044239,-13,0,-13,-0.03403392,-1.95000,prps,1,1485
38222,38.222,1,4004,54004,ladder_a05_lin_r02,prps,1435,7,0.126244,-11,0,-11,-0.02879793,-1.65000,prps,1,1486
38227,38.227,1,4004,54004,ladder_a05_lin_r02,prps,1441,13,0.237161,-9,0,-9,-0.02356194,-1.35000,prps,1,1487
38232,38.232,1,4004,54004,ladder_a05_lin_r02,prps,1447,19,0.362364,-8,0,-8,-0.02094395,-1.20000,prps,1,1488
38237,38.237,1,4004,54004,ladder_a05_lin_r02,prps,1454,26,0.485569,-8,0,-8,-0.02094395,-1.20000,prps,1,1489
38242,38.242,1,4004,54004,ladder_a05_lin_r02,prps,1459,31,0.591318,-8,0,-8,-0.02094395,-1.20000,prps,1,1490
38247,38.247,1,4004,54004,ladder_a05_lin_r02,prps,1463,35,0.667248,-9,0,-9,-0.02356194,-1.35000,prps,1,1491
38252,38.252,1,4004,54004,ladder_a05_lin_r02,prps,1465,37,0.705750,-10,0,-10,-0.02617994,-1.50000,prps,1,1492
38257,38.257,1,4004,54004,ladder_a05_lin_r02,prps,1465,37,0.704736,-13,0,-13,-0.03403392,-1.95000,prps,1,1493
38262,38.262,1,4004,54004,ladder_a05_lin_r02,prps,1463,35,0.667423,-16,0,-16,-0.04188790,-2.40000,prps,1,1494
38267,38.267,1,4004,54004,ladder_a05_lin_r02,prps,1460,32,0.601250,-18,0,-18,-0.04712389,-2.70000,prps,1,1495
38272,38.272,1,4004,54004,ladder_a05_lin_r02,prps,1455,27,0.516190,-21,0,-21,-0.05497787,-3.15000,prps,1,1496
38277,38.277,1,4004,54004,ladder_a05_lin_r02,prps,1450,22,0.422845,-22,0,-22,-0.05759586,-3.30000,prps,1,1497
38282,38.282,1,4004,54004,ladder_a05_lin_r02,prps,1446,18,0.330713,-22,0,-22,-0.05759586,-3.30000,prps,1,1498
38287,38.287,1,4004,54004,ladder_a05_lin_r02,prps,1441,13,0.246968,-22,0,-22,-0.05759586,-3.30000,prps,1,1499
38292,38.292,1,4004,54004,ladder_a05_lin_r02,prps,1437,9,0.175927,-21,0,-21,-0.05497787,-3.15000,prps,1,1500
38297,38.297,1,4004,54004,ladder_a05_lin_r02,prps,1434,6,0.119234,-21,0,-21,-0.05497787,-3.15000,prps,1,1501
38302,38.302,1,4004,54004,ladder_a05_lin_r02,prps,1432,4,0.076603,-18,0,-18,-0.04712389,-2.70000,prps,1,1502
38307,38.307,1,4004,54004,ladder_a05_lin_r02,prps,1430,2,0.046849,-16,0,-16,-0.04188790,-2.40000,prps,1,1503
38312,38.312,1,4004,54004,ladder_a05_lin_r02,prps,1430,2,0.028866,-13,0,-13,-0.03403392,-1.95000,prps,1,1504
38317,38.317,1,4004,54004,ladder_a05_lin_r02,prps,1429,1,0.022275,-11,0,-11,-0.02879793,-1.65000,prps,1,1505
38322,38.322,1,4004,54004,ladder_a05_lin_r02,prps,1429,1,0.027531,-10,0,-10,-0.02617994,-1.50000,prps,1,1506
38327,38.327,1,4004,54004,ladder_a05_lin_r02,prps,1430,2,0.045469,-8,0,-8,-0.02094395,-1.20000,prps,1,1507
38332,38.332,1,4004,54004,ladder_a05_lin_r02,prps,1432,4,0.076420,-7,0,-7,-0.01832596,-1.05000,prps,1,1508
38337,38.337,1,4004,54004,ladder_a05_lin_r02,prps,1434,6,0.119172,-6,0,-6,-0.01570796,-0.90000,prps,1,1509
38342,38.342,1,4004,54004,ladder_a05_lin_r02,prps,1437,9,0.170103,-6,0,-6,-0.01570796,-0.90000,prps,1,1510
38347,38.347,1,4004,54004,ladder_a05_lin_r02,prps,1440,12,0.222829,-6,0,-6,-0.01570796,-0.90000,prps,1,1511
38352,38.352,1,4004,54004,ladder_a05_lin_r02,prps,1442,14,0.268564,-6,0,-6,-0.01570796,-0.90000,prps,1,1512
38357,38.357,1,4004,54004,ladder_a05_lin_r02,prps,1444,16,0.297267,-6,0,-6,-0.01570796,-0.90000,prps,1,1513
38362,38.362,1,4004,54004,ladder_a05_lin_r02,prps,1444,16,0.299403,-7,0,-7,-0.01832596,-1.05000,prps,1,1514
38367,38.367,1,4004,54004,ladder_a05_lin_r02,prps,1442,14,0.268020,-7,0,-7,-0.01832596,-1.05000,prps,1,1515
38372,38.372,1,4004,54004,ladder_a05_lin_r02,prps,1439,11,0.200669,-8,0,-8,-0.02094395,-1.20000,prps,1,1516
38377,38.377,1,4004,54004,ladder_a05_lin_r02,prps,1433,5,0.100734,-9,0,-9,-0.02356194,-1.35000,prps,1,1517
38382,38.382,1,4004,54004,ladder_a05_lin_r02,prps,1427,-1,-0.022241,-9,0,-9,-0.02356194,-1.35000,prps,1,1518
38387,38.387,1,4004,54004,ladder_a05_lin_r02,prps,1420,-8,-0.153407,-9,0,-9,-0.02356194,-1.35000,prps,1,1519
38392,38.392,1,4004,54004,ladder_a05_lin_r02,prps,1413,-15,-0.274624,-9,0,-9,-0.02356194,-1.35000,prps,1,1520
38397,38.397,1,4004,54004,ladder_a05_lin_r02,prps,1409,-19,-0.367334,-8,0,-8,-0.02094395,-1.20000,prps,1,1521
38402,38.402,1,4004,54004,ladder_a05_lin_r02,prps,1406,-22,-0.415809,-6,0,-6,-0.01570796,-0.90000,prps,1,1522
38407,38.407,1,4004,54004,ladder_a05_lin_r02,prps,1406,-22,-0.410143,-3,0,-3,-0.00785398,-0.45000,prps,1,1523
38412,38.412,1,4004,54004,ladder_a05_lin_r02,prps,1410,-18,-0.348391,0,0,0,0.00000000,0.00000,prps,1,1524
38417,38.417,1,4004,54004,ladder_a05_lin_r02,prps,1415,-13,-0.237370,3,0,3,0.00785398,0.45000,prps,1,1525
38422,38.422,1,4004,54004,ladder_a05_lin_r02,prps,1423,-5,-0.091893,5,0,5,0.01308997,0.75000,prps,1,1526
38427,38.427,1,4004,54004,ladder_a05_lin_r02,prps,1432,4,0.067513,6,0,6,0.01570796,0.90000,prps,1,1527
38432,38.432,1,4004,54004,ladder_a05_lin_r02,prps,1440,12,0.218016,6,0,6,0.01570796,0.90000,prps,1,1528
38437,38.437,1,4004,54004,ladder_a05_lin_r02,prps,1446,18,0.338425,5,0,5,0.01308997,0.75000,prps,1,1529
38442,38.442,1,4004,54004,ladder_a05_lin_r02,prps,1450,22,0.412923,2,0,2,0.00523599,0.30000,prps,1,1530
38447,38.447,1,4004,54004,ladder_a05_lin_r02,prps,1451,23,0.433863,0,0,0,0.00000000,0.00000,prps,1,1531
38452,38.452,1,4004,54004,ladder_a05_lin_r02,prps,1449,21,0.403076,-2,0,-2,-0.00523599,-0.30000,prps,1,1532
38457,38.457,1,4004,54004,ladder_a05_lin_r02,prps,1446,18,0.331408,-5,0,-5,-0.01308997,-0.75000,prps,1,1533
38462,38.462,1,4004,54004,ladder_a05_lin_r02,prps,1441,13,0.236539,-8,0,-8,-0.02094395,-1.20000,prps,1,1534
38467,38.467,1,4004,54004,ladder_a05_lin_r02,prps,1435,7,0.139501,-10,0,-10,-0.02617994,-1.50000,prps,1,1535
38472,38.472,1,4004,54004,ladder_a05_lin_r02,prps,1431,3,0.060551,-11,0,-11,-0.02879793,-1.65000,prps,1,1536
38477,38.477,1,4004,54004,ladder_a05_lin_r02,prps,1429,1,0.015203,-11,0,-11,-0.02879793,-1.65000,prps,1,1537
38482,38.482,1,4004,54004,ladder_a05_lin_r02,prps,1429,1,0.011206,-10,0,-10,-0.02617994,-1.50000,prps,1,1538
38487,38.487,1,4004,54004,ladder_a05_lin_r02,prps,1430,2,0.047060,-9,0,-9,-0.02356194,-1.35000,prps,1,1539
38492,38.492,1,4004,54004,ladder_a05_lin_r02,prps,1434,6,0.112371,-9,0,-9,-0.02356194,-1.35000,prps,1,1540
38497,38.497,1,4004,54004,ladder_a05_lin_r02,prps,1438,10,0.189980,-8,0,-8,-0.02094395,-1.20000,prps,1,1541
38502,38.502,1,4004,54004,ladder_a05_lin_r02,prps,1442,14,0.259444,-7,0,-7,-0.01832596,-1.05000,prps,1,1542
38507,38.507,1,4004,54004,ladder_a05_lin_r02,prps,1444,16,0.301173,-7,0,-7,-0.01832596,-1.05000,prps,1,1543
38512,38.512,1,4004,54004,ladder_a05_lin_r02,prps,1444,16,0.300398,-8,0,-8,-0.02094395,-1.20000,prps,1,1544
38517,38.517,1,4004,54004,ladder_a05_lin_r02,prps,1441,13,0.250180,-8,0,-8,-0.02094395,-1.20000,prps,1,1545
38522,38.522,1,4004,54004,ladder_a05_lin_r02,prps,1436,8,0.152844,-8,0,-8,-0.02094395,-1.20000,prps,1,1546
38527,38.527,1,4004,54004,ladder_a05_lin_r02,prps,1429,1,0.019585,-8,0,-8,-0.02094395,-1.20000,prps,1,1547
38532,38.532,1,4004,54004,ladder_a05_lin_r02,prps,1421,-7,-0.131708,-8,0,-8,-0.02094395,-1.20000,prps,1,1548
38537,38.537,1,4004,54004,ladder_a05_lin_r02,prps,1413,-15,-0.279920,-8,0,-8,-0.02094395,-1.20000,prps,1,1549
38542,38.542,1,4004,54004,ladder_a05_lin_r02,prps,1407,-21,-0.404802,-7,0,-7,-0.01832596,-1.05000,prps,1,1550
38547,38.547,1,4004,54004,ladder_a05_lin_r02,prps,1402,-26,-0.490823,-6,0,-6,-0.01570796,-0.90000,prps,1,1551
38552,38.552,1,4004,54004,ladder_a05_lin_r02,prps,1400,-28,-0.530038,-2,0,-2,-0.00523599,-0.30000,prps,1,1552
38557,38.557,1,4004,54004,ladder_a05_lin_r02,prps,1400,-28,-0.523369,1,0,1,0.00261799,0.15000,prps,1,1553
38562,38.562,1,4004,54004,ladder_a05_lin_r02,prps,1403,-25,-0.480092,5,0,5,0.01308997,0.75000,prps,1,1554
38567,38.567,1,4004,54004,ladder_a05_lin_r02,prps,1406,-22,-0.415620,7,0,7,0.01832596,1.05000,prps,1,1555
38572,38.572,1,4004,54004,ladder_a05_lin_r02,prps,1410,-18,-0.348101,9,0,9,0.02356194,1.35000,prps,1,1556
38577,38.577,1,4004,54004,ladder_a05_lin_r02,prps,1412,-16,-0.294512,11,0,11,0.02879793,1.65000,prps,1,1557
38582,38.582,1,4004,54004,ladder_a05_lin_r02,prps,1414,-14,-0.267100,11,0,11,0.02879793,1.65000,prps,1,1558
38587,38.587,1,4004,54004,ladder_a05_lin_r02,prps,1414,-14,-0.270891,11,0,11,0.02879793,1.65000,prps,1,1559
38592,38.592,1,4004,54004,ladder_a05_lin_r02,prps,1412,-16,-0.302788,11,0,11,0.02879793,1.65000,prps,1,1560
38597,38.597,1,4004,54004,ladder_a05_lin_r02,prps,1409,-19,-0.352441,11,0,11,0.02879793,1.65000,prps,1,1561
38602,38.602,1,4004,54004,ladder_a05_lin_r02,prps,1407,-21,-0.404692,11,0,11,0.02879793,1.65000,prps,1,1562
38607,38.607,1,4004,54004,ladder_a05_lin_r02,prps,1405,-23,-0.443069,11,0,11,0.02879793,1.65000,prps,1,1563
38612,38.612,1,4004,54004,ladder_a05_lin_r02,prps,1404,-24,-0.453586,11,0,11,0.02879793,1.65000,prps,1,1564
38617,38.617,1,4004,54004,ladder_a05_lin_r02,prps,1405,-23,-0.428036,11,0,11,0.02879793,1.65000,prps,1,1565
38622,38.622,1,4004,54004,ladder_a05_lin_r02,prps,1409,-19,-0.366064,11,0,11,0.02879793,1.65000,prps,1,1566
38627,38.627,1,4004,54004,ladder_a05_lin_r02,prps,1413,-15,-0.275566,11,0,11,0.02879793,1.65000,prps,1,1567
38632,38.632,1,4004,54004,ladder_a05_lin_r02,prps,1419,-9,-0.171307,11,0,11,0.02879793,1.65000,prps,1,1568
38637,38.637,1,4004,54004,ladder_a05_lin_r02,prps,1424,-4,-0.072015,11,0,11,0.02879793,1.65000,prps,1,1569
38642,38.642,1,4004,54004,ladder_a05_lin_r02,prps,1428,0,0.003461,10,0,10,0.02617994,1.50000,prps,1,1570
38647,38.647,1,4004,54004,ladder_a05_lin_r02,prps,1430,2,0.040133,9,0,9,0.02356194,1.35000,prps,1,1571
38652,38.652,1,4004,54004,ladder_a05_lin_r02,prps,1430,2,0.030183,8,0,8,0.02094395,1.20000,prps,1,1572
38657,38.657,1,4004,54004,ladder_a05_lin_r02,prps,1427,-1,-0.025110,6,0,6,0.01570796,0.90000,prps,1,1573
38662,38.662,1,4004,54004,ladder_a05_lin_r02,prps,1422,-6,-0.115249,4,0,4,0.01047198,0.60000,prps,1,1574
38667,38.667,1,4004,54004,ladder_a05_lin_r02,prps,1416,-12,-0.222278,2,0,2,0.00523599,0.30000,prps,1,1575
38672,38.672,1,4004,54004,ladder_a05_lin_r02,prps,1411,-17,-0.324086,1,0,1,0.00261799,0.15000,prps,1,1576
38677,38.677,1,4004,54004,ladder_a05_lin_r02,prps,1407,-21,-0.398656,1,0,1,0.00261799,0.15000,prps,1,1577
38682,38.682,1,4004,54004,ladder_a05_lin_r02,prps,1405,-23,-0.428408,1,0,1,0.00261799,0.15000,prps,1,1578
38687,38.687,1,4004,54004,ladder_a05_lin_r02,prps,1407,-21,-0.403806,2,0,2,0.00523599,0.30000,prps,1,1579
38692,38.692,1,4004,54004,ladder_a05_lin_r02,prps,1411,-17,-0.325494,4,0,4,0.01047198,0.60000,prps,1,1580
38697,38.697,1,4004,54004,ladder_a05_lin_r02,prps,1417,-11,-0.204541,6,0,6,0.01570796,0.90000,prps,1,1581
38702,38.702,1,4004,54004,ladder_a05_lin_r02,prps,1425,-3,-0.060716,7,0,7,0.01832596,1.05000,prps,1,1582
38707,38.707,1,4004,54004,ladder_a05_lin_r02,prps,1432,4,0.080893,7,0,7,0.01832596,1.05000,prps,1,1583
38712,38.712,1,4004,54004,ladder_a05_lin_r02,prps,1438,10,0.194305,6,0,6,0.01570796,0.90000,prps,1,1584
38717,38.717,1,4004,54004,ladder_a05_lin_r02,prps,1442,14,0.257284,4,0,4,0.01047198,0.60000,prps,1,1585
38722,38.722,1,4004,54004,ladder_a05_lin_r02,prps,1442,14,0.255341,3,0,3,0.00785398,0.45000,prps,1,1586
38727,38.727,1,4004,54004,ladder_a05_lin_r02,prps,1438,10,0.184376,1,0,1,0.00261799,0.15000,prps,1,1587
38732,38.732,1,4004,54004,ladder_a05_lin_r02,prps,1431,3,0.051483,-2,0,-2,-0.00523599,-0.30000,prps,1,1588
38737,38.737,1,4004,54004,ladder_a05_lin_r02,prps,1421,-7,-0.126194,-4,0,-4,-0.01047198,-0.60000,prps,1,1589
38742,38.742,1,4004,54004,ladder_a05_lin_r02,prps,1411,-17,-0.324333,-5,0,-5,-0.01308997,-0.75000,prps,1,1590
38747,38.747,1,4004,54004,ladder_a05_lin_r02,prps,1401,-27,-0.515481,-5,0,-5,-0.01308997,-0.75000,prps,1,1591
38752,38.752,1,4004,54004,ladder_a05_lin_r02,prps,1392,-36,-0.673535,-4,0,-4,-0.01047198,-0.60000,prps,1,1592
38757,38.757,1,4004,54004,ladder_a05_lin_r02,prps,1387,-41,-0.777886,-2,0,-2,-0.00523599,-0.30000,prps,1,1593
38762,38.762,1,4004,54004,ladder_a05_lin_r02,prps,1385,-43,-0.816495,2,0,2,0.00523599,0.30000,prps,1,1594
38767,38.767,1,4004,54004,ladder_a05_lin_r02,prps,1386,-42,-0.787459,7,0,7,0.01832596,1.05000,prps,1,1595
38772,38.772,1,4004,54004,ladder_a05_lin_r02,prps,1391,-37,-0.698833,11,0,11,0.02879793,1.65000,prps,1,1596
38777,38.777,1,4004,54004,ladder_a05_lin_r02,prps,1398,-30,-0.566871,14,0,14,0.03665191,2.10000,prps,1,1597
38782,38.782,1,4004,54004,ladder_a05_lin_r02,prps,1406,-22,-0.413051,17,0,17,0.04450589,2.55000,prps,1,1598
38787,38.787,1,4004,54004,ladder_a05_lin_r02,prps,1414,-14,-0.260470,18,0,18,0.04712389,2.70000,prps,1,1599
38792,38.792,1,4004,54004,ladder_a05_lin_r02,prps,1421,-7,-0.130255,18,0,18,0.04712389,2.70000,prps,1,1600
38797,38.797,1,4004,54004,ladder_a05_lin_r02,prps,1426,-2,-0.038571,17,0,17,0.04450589,2.55000,prps,1,1601
38802,38.802,1,4004,54004,ladder_a05_lin_r02,prps,1428,0,0.005334,15,0,15,0.03926991,2.25000,prps,1,1602
38807,38.807,1,4004,54004,ladder_a05_lin_r02,prps,1428,0,-0.000173,13,0,13,0.03403392,1.95000,prps,1,1603
38812,38.812,1,4004,54004,ladder_a05_lin_r02,prps,1425,-3,-0.049647,9,0,9,0.02356194,1.35000,prps,1,1604
38817,38.817,1,4004,54004,ladder_a05_lin_r02,prps,1421,-7,-0.132123,7,0,7,0.01832596,1.05000,prps,1,1605
38822,38.822,1,4004,54004,ladder_a05_lin_r02,prps,1416,-12,-0.233319,4,0,4,0.01047198,0.60000,prps,1,1606
38827,38.827,1,4004,54004,ladder_a05_lin_r02,prps,1410,-18,-0.338068,3,0,3,0.00785398,0.45000,prps,1,1607
38832,38.832,1,4004,54004,ladder_a05_lin_r02,prps,1405,-23,-0.432564,3,0,3,0.00785398,0.45000,prps,1,1608
38837,38.837,1,4004,54004,ladder_a05_lin_r02,prps,1401,-27,-0.506121,3,0,3,0.00785398,0.45000,prps,1,1609
38842,38.842,1,4004,54004,ladder_a05_lin_r02,prps,1399,-29,-0.552246,4,0,4,0.01047198,0.60000,prps,1,1610
38847,38.847,1,4004,54004,ladder_a05_lin_r02,prps,1398,-30,-0.568997,5,0,5,0.01308997,0.75000,prps,1,1611
38852,38.852,1,4004,54004,ladder_a05_lin_r02,prps,1398,-30,-0.558705,7,0,7,0.01832596,1.05000,prps,1,1612
38857,38.857,1,4004,54004,ladder_a05_lin_r02,prps,1400,-28,-0.527197,9,0,9,0.02356194,1.35000,prps,1,1613
38862,38.862,1,4004,54004,ladder_a05_lin_r02,prps,1402,-26,-0.482728,11,0,11,0.02879793,1.65000,prps,1,1614
38867,38.867,1,4004,54004,ladder_a05_lin_r02,prps,1405,-23,-0.434798,12,0,12,0.03141592,1.80000,prps,1,1615
38872,38.872,1,4004,54004,ladder_a05_lin_r02,prps,1407,-21,-0.392974,13,0,13,0.03403392,1.95000,prps,1,1616
38877,38.877,1,4004,54004,ladder_a05_lin_r02,prps,1409,-19,-0.365834,13,0,13,0.03403392,1.95000,prps,1,1617
38882,38.882,1,4004,54004,ladder_a05_lin_r02,prps,1409,-19,-0.360048,13,0,13,0.03403392,1.95000,prps,1,1618
38887,38.887,1,4004,54004,ladder_a05_lin_r02,prps,1408,-20,-0.379650,13,0,13,0.03403392,1.95000,prps,1,1619
38892,38.892,1,4004,54004,ladder_a05_lin_r02,prps,1405,-23,-0.425499,13,0,13,0.03403392,1.95000,prps,1,1620
38897,38.897,1,4004,54004,ladder_a05_lin_r02,prps,1402,-26,-0.494989,13,0,13,0.03403392,1.95000,prps,1,1621
38902,38.902,1,4004,54004,ladder_a05_lin_r02,prps,1397,-31,-0.582053,13,0,13,0.03403392,1.95000,prps,1,1622
38907,38.907,1,4004,54004,ladder_a05_lin_r02,prps,1392,-36,-0.677535,13,0,13,0.03403392,1.95000,prps,1,1623
38912,38.912,1,4004,54004,ladder_a05_lin_r02,prps,1387,-41,-0.769969,13,0,13,0.03403392,1.95000,prps,1,1624
38917,38.917,1,4004,54004,ladder_a05_lin_r02,prps,1383,-45,-0.846777,14,0,14,0.03665191,2.10000,prps,1,1625
38922,38.922,1,4004,54004,ladder_a05_lin_r02,prps,1381,-47,-0.895807,15,0,15,0.03926991,2.25000,prps,1,1626
38927,38.927,1,4004,54004,ladder_a05_lin_r02,prps,1380,-48,-0.907042,17,0,17,0.04450589,2.55000,prps,1,1627
38932,38.932,1,4004,54004,ladder_a05_lin_r02,prps,1382,-46,-0.874261,19,0,19,0.04974188,2.85000,prps,1,1628
38937,38.937,1,4004,54004,ladder_a05_lin_r02,prps,1386,-42,-0.796362,21,0,21,0.05497787,3.15000,prps,1,1629
38942,38.942,1,4004,54004,ladder_a05_lin_r02,prps,1392,-36,-0.678072,23,0,23,0.06021386,3.45000,prps,1,1630
38947,38.947,1,4004,54004,ladder_a05_lin_r02,prps,1400,-28,-0.529827,24,0,24,0.06283185,3.60000,prps,1,1631
38952,38.952,1,4004,54004,ladder_a05_lin_r02,prps,1409,-19,-0.366734,24,0,24,0.06283185,3.60000,prps,1,1632
38957,38.957,1,4004,54004,ladder_a05_lin_r02,prps,1417,-11,-0.206681,24,0,24,0.06283185,3.60000,prps,1,1633
38962,38.962,1,4004,54004,ladder_a05_lin_r02,prps,1424,-4,-0.067809,23,0,23,0.06021386,3.45000,prps,1,1634
38967,38.967,1,4004,54004,ladder_a05_lin_r02,prps,1430,2,0.034258,21,0,21,0.05497787,3.15000,prps,1,1635
38972,38.972,1,4004,54004,ladder_a05_lin_r02,prps,1433,5,0.088996,17,0,17,0.04450589,2.55000,prps,1,1636
38977,38.977,1,4004,54004,ladder_a05_lin_r02,prps,1433,5,0.092896,13,0,13,0.03403392,1.95000,prps,1,1637
38982,38.982,1,4004,54004,ladder_a05_lin_r02,prps,1431,3,0.050337,9,0,9,0.02356194,1.35000,prps,1,1638
38987,38.987,1,4004,54004,ladder_a05_lin_r02,prps,1427,-1,-0.026794,6,0,6,0.01570796,0.90000,prps,1,1639
38992,38.992,1,4004,54004,ladder_a05_lin_r02,prps,1422,-6,-0.120742,3,0,3,0.00785398,0.45000,prps,1,1640
38997,38.997,1,4004,54004,ladder_a05_lin_r02,prps,1417,-11,-0.210557,1,0,1,0.00261799,0.15000,prps,1,1641
39002,39.002,1,4004,54004,ladder_a05_lin_r02,prps,1413,-15,-0.275391,0,0,0,0.00000000,0.00000,prps,1,1642
39007,39.007,1,4004,54004,ladder_a05_lin_r02,prps,1412,-16,-0.297856,0,0,0,0.00000000,0.00000,prps,1,1643
39012,39.012,1,4004,54004,ladder_a05_lin_r02,prps,1414,-14,-0.266878,1,0,1,0.00261799,0.15000,prps,1,1644
39017,39.017,1,4004,54004,ladder_a05_lin_r02,prps,1418,-10,-0.179559,1,0,1,0.00261799,0.15000,prps,1,1645
39022,39.022,1,4004,54004,ladder_a05_lin_r02,prps,1426,-2,-0.041701,2,0,2,0.00523599,0.30000,prps,1,1646
39027,39.027,1,4004,54004,ladder_a05_lin_r02,prps,1435,7,0.133071,3,0,3,0.00785398,0.45000,prps,1,1647
39032,39.032,1,4004,54004,ladder_a05_lin_r02,prps,1445,17,0.325454,3,0,3,0.00785398,0.45000,prps,1,1648
39037,39.037,1,4004,54004,ladder_a05_lin_r02,prps,1455,27,0.513466,3,0,3,0.00785398,0.45000,prps,1,1649
39042,39.042,1,4004,54004,ladder_a05_lin_r02,prps,1464,36,0.675795,2,0,2,0.00523599,0.30000,prps,1,1650
39047,39.047,1,4004,54004,ladder_a05_lin_r02,prps,1470,42,0.794902,-1,0,-1,-0.00261799,-0.15000,prps,1,1651
39052,39.052,1,4004,54004,ladder_a05_lin_r02,prps,1474,46,0.859370,-5,0,-5,-0.01308997,-0.75000,prps,1,1652
39057,39.057,1,4004,54004,ladder_a05_lin_r02,prps,1474,46,0.865136,-10,0,-10,-0.02617994,-1.50000,prps,1,1653
39062,39.062,1,4004,54004,ladder_a05_lin_r02,prps,1471,43,0.815480,-14,0,-14,-0.03665191,-2.10000,prps,1,1654
39067,39.067,1,4004,54004,ladder_a05_lin_r02,prps,1466,38,0.719859,-18,0,-18,-0.04712389,-2.70000,prps,1,1655
39072,39.072,1,4004,54004,ladder_a05_lin_r02,prps,1459,31,0.591903,-21,0,-21,-0.05497787,-3.15000,prps,1,1656
39077,39.077,1,4004,54004,ladder_a05_lin_r02,prps,1452,24,0.447007,-24,0,-24,-0.06283185,-3.60000,prps,1,1657
39082,39.082,1,4004,54004,ladder_a05_lin_r02,prps,1444,16,0.300004,-24,0,-24,-0.06283185,-3.60000,prps,1,1658
39087,39.087,1,4004,54004,ladder_a05_lin_r02,prps,1437,9,0.163329,-24,0,-24,-0.06283185,-3.60000,prps,1,1659
39092,39.092,1,4004,54004,ladder_a05_lin_r02,prps,1430,2,0.045962,-23,0,-23,-0.06021386,-3.45000,prps,1,1660
39097,39.097,1,4004,54004,ladder_a05_lin_r02,prps,1426,-2,-0.046786,-21,0,-21,-0.05497787,-3.15000,prps,1,1661
39102,39.102,1,4004,54004,ladder_a05_lin_r02,prps,1422,-6,-0.112749,-18,0,-18,-0.04712389,-2.70000,prps,1,1662
39107,39.107,1,4004,54004,ladder_a05_lin_r02,prps,1420,-8,-0.151902,-15,0,-15,-0.03926991,-2.25000,prps,1,1663
39112,39.112,1,4004,54004,ladder_a05_lin_r02,prps,1419,-9,-0.165255,-11,0,-11,-0.02879793,-1.65000,prps,1,1664
39117,39.117,1,4004,54004,ladder_a05_lin_r02,prps,1420,-8,-0.153963,-8,0,-8,-0.02094395,-1.20000,prps,1,1665
39122,39.122,1,4004,54004,ladder_a05_lin_r02,prps,1422,-6,-0.118912,-6,0,-6,-0.01570796,-0.90000,prps,1,1666
39127,39.127,1,4004,54004,ladder_a05_lin_r02,prps,1425,-3,-0.060888,-3,0,-3,-0.00785398,-0.45000,prps,1,1667
39132,39.132,1,4004,54004,ladder_a05_lin_r02,prps,1429,1,0.018766,-1,0,-1,-0.00261799,-0.15000,prps,1,1668
39137,39.137,1,4004,54004,ladder_a05_lin_r02,prps,1434,6,0.117219,0,0,0,0.00000000,0.00000,prps,1,1669
39142,39.142,1,4004,54004,ladder_a05_lin_r02,prps,1440,12,0.229285,0,0,0,0.00000000,0.00000,prps,1,1670
39147,39.147,1,4004,54004,ladder_a05_lin_r02,prps,1446,18,0.346958,-1,0,-1,-0.00261799,-0.15000,prps,1,1671
39152,39.152,1,4004,54004,ladder_a05_lin_r02,prps,1452,24,0.459602,-2,0,-2,-0.00523599,-0.30000,prps,1,1672
39157,39.157,1,4004,54004,ladder_a05_lin_r02,prps,1457,29,0.554909,-3,0,-3,-0.00785398,-0.45000,prps,1,1673
39162,39.162,1,4004,54004,ladder_a05_lin_r02,prps,1461,33,0.620545,-5,0,-5,-0.01308997,-0.75000,prps,1,1674
39167,39.167,1,4004,54004,ladder_a05_lin_r02,prps,1462,34,0.646206,-8,0,-8,-0.02094395,-1.20000,prps,1,1675
39172,39.172,1,4004,54004,ladder_a05_lin_r02,prps,1461,33,0.625696,-11,0,-11,-0.02879793,-1.65000,prps,1,1676
39177,39.177,1,4004,54004,ladder_a05_lin_r02,prps,1458,30,0.558560,-14,0,-14,-0.03665191,-2.10000,prps,1,1677
39182,39.182,1,4004,54004,ladder_a05_lin_r02,prps,1452,24,0.450868,-17,0,-17,-0.04450589,-2.55000,prps,1,1678
39187,39.187,1,4004,54004,ladder_a05_lin_r02,prps,1445,17,0.314894,-19,0,-19,-0.04974188,-2.85000,prps,1,1679
39192,39.192,1,4004,54004,ladder_a05_lin_r02,prps,1437,9,0.167647,-20,0,-20,-0.05235988,-3.00000,prps,1,1680
39197,39.197,1,4004,54004,ladder_a05_lin_r02,prps,1430,2,0.028431,-19,0,-19,-0.04974188,-2.85000,prps,1,1681
39202,39.202,1,4004,54004,ladder_a05_lin_r02,prps,1424,-4,-0.084149,-18,0,-18,-0.04712389,-2.70000,prps,1,1682
39207,39.207,1,4004,54004,ladder_a05_lin_r02,prps,1420,-8,-0.155205,-16,0,-16,-0.04188790,-2.40000,prps,1,1683
39212,39.212,1,4004,54004,ladder_a05_lin_r02,prps,1419,-9,-0.176036,-14,0,-14,-0.03665191,-2.10000,prps,1,1684
39217,39.217,1,4004,54004,ladder_a05_lin_r02,prps,1420,-8,-0.145568,-11,0,-11,-0.02879793,-1.65000,prps,1,1685
39222,39.222,1,4004,54004,ladder_a05_lin_r02,prps,1424,-4,-0.070473,-8,0,-8,-0.02094395,-1.20000,prps,1,1686
39227,39.227,1,4004,54004,ladder_a05_lin_r02,prps,1430,2,0.036077,-5,0,-5,-0.01308997,-0.75000,prps,1,1687
39232,39.232,1,4004,54004,ladder_a05_lin_r02,prps,1436,8,0.156780,-3,0,-3,-0.00785398,-0.45000,prps,1,1688
39237,39.237,1,4004,54004,ladder_a05_lin_r02,prps,1442,14,0.273264,-2,0,-2,-0.00523599,-0.30000,prps,1,1689
39242,39.242,1,4004,54004,ladder_a05_lin_r02,prps,1448,20,0.369215,-2,0,-2,-0.00523599,-0.30000,prps,1,1690
39247,39.247,1,4004,54004,ladder_a05_lin_r02,prps,1451,23,0.432998,-3,0,-3,-0.00785398,-0.45000,prps,1,1691
39252,39.252,1,4004,54004,ladder_a05_lin_r02,prps,1452,24,0.459259,-4,0,-4,-0.01047198,-0.60000,prps,1,1692
39257,39.257,1,4004,54004,ladder_a05_lin_r02,prps,1452,24,0.449229,-5,0,-5,-0.01308997,-0.75000,prps,1,1693
39262,39.262,1,4004,54004,ladder_a05_lin_r02,prps,1450,22,0.409720,-8,0,-8,-0.02094395,-1.20000,prps,1,1694
39267,39.267,1,4004,54004,ladder_a05_lin_r02,prps,1447,19,0.351088,-10,0,-10,-0.02617994,-1.50000,prps,1,1695
39272,39.272,1,4004,54004,ladder_a05_lin_r02,prps,1443,15,0.284624,-12,0,-12,-0.03141592,-1.80000,prps,1,1696
39277,39.277,1,4004,54004,ladder_a05_lin_r02,prps,1440,12,0.219985,-13,0,-13,-0.03403392,-1.95000,prps,1,1697
39282,39.282,1,4004,54004,ladder_a05_lin_r02,prps,1437,9,0.163223,-13,0,-13,-0.03403392,-1.95000,prps,1,1698
39287,39.287,1,4004,54004,ladder_a05_lin_r02,prps,1434,6,0.115862,-13,0,-13,-0.03403392,-1.95000,prps,1,1699
39292,39.292,1,4004,54004,ladder_a05_lin_r02,prps,1432,4,0.075199,-13,0,-13,-0.03403392,-1.95000,prps,1,1700
39297,39.297,1,4004,54004,ladder_a05_lin_r02,prps,1430,2,0.035750,-12,0,-12,-0.03141592,-1.80000,prps,1,1701
39302,39.302,1,4004,54004,ladder_a05_lin_r02,prps,1428,0,-0.008525,-11,0,-11,-0.02879793,-1.65000,prps,1,1702
39307,39.307,1,4004,54004,ladder_a05_lin_r02,prps,1425,-3,-0.061763,-11,0,-11,-0.02879793,-1.65000,prps,1,1703
39312,39.312,1,4004,54004,ladder_a05_lin_r02,prps,1421,-7,-0.124124,-9,0,-9,-0.02356194,-1.35000,prps,1,1704
39317,39.317,1,4004,54004,ladder_a05_lin_r02,prps,1418,-10,-0.190651,-7,0,-7,-0.01832596,-1.05000,prps,1,1705
39322,39.322,1,4004,54004,ladder_a05_lin_r02,prps,1415,-13,-0.251417,-6,0,-6,-0.01570796,-0.90000,prps,1,1706
39327,39.327,1,4004,54004,ladder_a05_lin_r02,prps,1412,-16,-0.293038,-3,0,-3,-0.00785398,-0.45000,prps,1,1707
39332,39.332,1,4004,54004,ladder_a05_lin_r02,prps,1412,-16,-0.301294,-1,0,-1,-0.00261799,-0.15000,prps,1,1708
39337,39.337,1,4004,54004,ladder_a05_lin_r02,prps,1414,-14,-0.264371,1,0,1,0.00261799,0.15000,prps,1,1709
39342,39.342,1,4004,54004,ladder_a05_lin_r02,prps,1419,-9,-0.176022,3,0,3,0.00785398,0.45000,prps,1,1710
39347,39.347,1,4004,54004,ladder_a05_lin_r02,prps,1426,-2,-0.037949,4,0,4,0.01047198,0.60000,prps,1,1711
39352,39.352,1,4004,54004,ladder_a05_lin_r02,prps,1435,7,0.139193,4,0,4,0.01047198,0.60000,prps,1,1712
39357,39.357,1,4004,54004,ladder_a05_lin_r02,prps,1446,18,0.336495,4,0,4,0.01047198,0.60000,prps,1,1713
39362,39.362,1,4004,54004,ladder_a05_lin_r02,prps,1456,28,0.529202,3,0,3,0.00785398,0.45000,prps,1,1714
39367,39.367,1,4004,54004,ladder_a05_lin_r02,prps,1465,37,0.690469,0,0,0,0.00000000,0.00000,prps,1,1715
39372,39.372,1,4004,54004,ladder_a05_lin_r02,prps,1470,42,0.795821,-2,0,-2,-0.00523599,-0.30000,prps,1,1716
39377,39.377,1,4004,54004,ladder_a05_lin_r02,prps,1472,44,0.827486,-6,0,-6,-0.01570796,-0.90000,prps,1,1717
39382,39.382,1,4004,54004,ladder_a05_lin_r02,prps,1469,41,0.777778,-10,0,-10,-0.02617994,-1.50000,prps,1,1718
39387,39.387,1,4004,54004,ladder_a05_lin_r02,prps,1462,34,0.650832,-14,0,-14,-0.03665191,-2.10000,prps,1,1719
39392,39.392,1,4004,54004,ladder_a05_lin_r02,prps,1453,25,0.462325,-18,0,-18,-0.04712389,-2.70000,prps,1,1720
39397,39.397,1,4004,54004,ladder_a05_lin_r02,prps,1441,13,0.237154,-21,0,-21,-0.05497787,-3.15000,prps,1,1721
39402,39.402,1,4004,54004,ladder_a05_lin_r02,prps,1428,0,0.005462,-22,0,-22,-0.05759586,-3.30000,prps,1,1722
39407,39.407,1,4004,54004,ladder_a05_lin_r02,prps,1417,-11,-0.202276,-21,0,-21,-0.05497787,-3.15000,prps,1,1723
39412,39.412,1,4004,54004,ladder_a05_lin_r02,prps,1409,-19,-0.360243,-20,0,-20,-0.05235988,-3.00000,prps,1,1724
39417,39.417,1,4004,54004,ladder_a05_lin_r02,prps,1404,-24,-0.451409,-17,0,-17,-0.04450589,-2.55000,prps,1,1725
39422,39.422,1,4004,54004,ladder_a05_lin_r02,prps,1403,-25,-0.470068,-13,0,-13,-0.03403392,-1.95000,prps,1,1726
39427,39.427,1,4004,54004,ladder_a05_lin_r02,prps,1406,-22,-0.422331,-8,0,-8,-0.02094395,-1.20000,prps,1,1727
39432,39.432,1,4004,54004,ladder_a05_lin_r02,prps,1411,-17,-0.324514,-3,0,-3,-0.00785398,-0.45000,prps,1,1728
39437,39.437,1,4004,54004,ladder_a05_lin_r02,prps,1417,-11,-0.199772,0,0,0,0.00000000,0.00000,prps,1,1729
39442,39.442,1,4004,54004,ladder_a05_lin_r02,prps,1424,-4,-0.073642,3,0,3,0.00785398,0.45000,prps,1,1730
39447,39.447,1,4004,54004,ladder_a05_lin_r02,prps,1430,2,0.030639,5,0,5,0.01308997,0.75000,prps,1,1731
39452,39.452,1,4004,54004,ladder_a05_lin_r02,prps,1433,5,0.096158,5,0,5,0.01308997,0.75000,prps,1,1732
39457,39.457,1,4004,54004,ladder_a05_lin_r02,prps,1434,6,0.114946,4,0,4,0.01047198,0.60000,prps,1,1733
39462,39.462,1,4004,54004,ladder_a05_lin_r02,prps,1433,5,0.088761,2,0,2,0.00523599,0.30000,prps,1,1734
39467,39.467,1,4004,54004,ladder_a05_lin_r02,prps,1429,1,0.027957,0,0,0,0.00000000,0.00000,prps,1,1735
39472,39.472,1,4004,54004,ladder_a05_lin_r02,prps,1425,-3,-0.051241,-1,0,-1,-0.00261799,-0.15000,prps,1,1736
39477,39.477,1,4004,54004,ladder_a05_lin_r02,prps,1421,-7,-0.130464,-1,0,-1,-0.00261799,-0.15000,prps,1,1737
39482,39.482,1,4004,54004,ladder_a05_lin_r02,prps,1418,-10,-0.193098,-1,0,-1,-0.00261799,-0.15000,prps,1,1738
39487,39.487,1,4004,54004,ladder_a05_lin_r02,prps,1416,-12,-0.227591,-1,0,-1,-0.00261799,-0.15000,prps,1,1739
39492,39.492,1,4004,54004,ladder_a05_lin_r02,prps,1416,-12,-0.229480,-1,0,-1,-0.00261799,-0.15000,prps,1,1740
39497,39.497,1,4004,54004,ladder_a05_lin_r02,prps,1417,-11,-0.201796,0,0,0,0.00000000,0.00000,prps,1,1741
39502,39.502,1,4004,54004,ladder_a05_lin_r02,prps,1420,-8,-0.153807,1,0,1,0.00261799,0.15000,prps,1,1742
39507,39.507,1,4004,54004,ladder_a05_lin_r02,prps,1423,-5,-0.098432,2,0,2,0.00523599,0.30000,prps,1,1743
39512,39.512,1,4004,54004,ladder_a05_lin_r02,prps,1425,-3,-0.048937,3,0,3,0.00785398,0.45000,prps,1,1744
39517,39.517,1,4004,54004,ladder_a05_lin_r02,prps,1427,-1,-0.015624,3,0,3,0.00785398,0.45000,prps,1,1745
39522,39.522,1,4004,54004,ladder_a05_lin_r02,prps,1428,0,-0.003273,3,0,3,0.00785398,0.45000,prps,1,1746
39527,39.527,1,4004,54004,ladder_a05_lin_r02,prps,1427,-1,-0.009865,2,0,2,0.00523599,0.30000,prps,1,1747
39532,39.532,1,4004,54004,ladder_a05_lin_r02,prps,1427,-1,-0.026879,2,0,2,0.00523599,0.30000,prps,1,1748
39537,39.537,1,4004,54004,ladder_a05_lin_r02,prps,1426,-2,-0.041098,2,0,2,0.00523599,0.30000,prps,1,1749
39542,39.542,1,4004,54004,ladder_a05_lin_r02,prps,1426,-2,-0.037546,2,0,2,0.00523599,0.30000,prps,1,1750
39547,39.547,1,4004,54004,ladder_a05_lin_r02,prps,1428,0,-0.002931,2,0,2,0.00523599,0.30000,prps,1,1751
39552,39.552,1,4004,54004,ladder_a05_lin_r02,prps,1432,4,0.071128,2,0,2,0.00523599,0.30000,prps,1,1752
39557,39.557,1,4004,54004,ladder_a05_lin_r02,prps,1438,10,0.185779,2,0,2,0.00523599,0.30000,prps,1,1753
39562,39.562,1,4004,54004,ladder_a05_lin_r02,prps,1446,18,0.334024,2,0,2,0.00523599,0.30000,prps,1,1754
39567,39.567,1,4004,54004,ladder_a05_lin_r02,prps,1455,27,0.501431,0,0,0,0.00000000,0.00000,prps,1,1755
39572,39.572,1,4004,54004,ladder_a05_lin_r02,prps,1463,35,0.668358,-1,0,-1,-0.00261799,-0.15000,prps,1,1756
39577,39.577,1,4004,54004,ladder_a05_lin_r02,prps,1471,43,0.813284,-3,0,-3,-0.00785398,-0.45000,prps,1,1757
39582,39.582,1,4004,54004,ladder_a05_lin_r02,prps,1477,49,0.916599,-7,0,-7,-0.01832596,-1.05000,prps,1,1758
39587,39.587,1,4004,54004,ladder_a05_lin_r02,prps,1479,51,0.964147,-11,0,-11,-0.02879793,-1.65000,prps,1,1759
39592,39.592,1,4004,54004,ladder_a05_lin_r02,prps,1478,50,0.949818,-15,0,-15,-0.03926991,-2.25000,prps,1,1760
39597,39.597,1,4004,54004,ladder_a05_lin_r02,prps,1474,46,0.876739,-20,0,-20,-0.05235988,-3.00000,prps,1,1761
39602,39.602,1,4004,54004,ladder_a05_lin_r02,prps,1468,40,0.756811,-23,0,-23,-0.06021386,-3.45000,prps,1,1762
39607,39.607,1,4004,54004,ladder_a05_lin_r02,prps,1460,32,0.608713,-26,0,-26,-0.06806784,-3.90000,prps,1,1763
39612,39.612,1,4004,54004,ladder_a05_lin_r02,prps,1452,24,0.454756,-27,0,-27,-0.07068583,-4.05000,prps,1,1764
39617,39.617,1,4004,54004,ladder_a05_lin_r02,prps,1445,17,0.317160,-27,0,-27,-0.07068583,-4.05000,prps,1,1765
39622,39.622,1,4004,54004,ladder_a05_lin_r02,prps,1439,11,0.214457,-26,0,-26,-0.06806784,-3.90000,prps,1,1766
39627,39.627,1,4004,54004,ladder_a05_lin_r02,prps,1436,8,0.158630,-25,0,-25,-0.06544985,-3.75000,prps,1,1767
39632,39.632,1,4004,54004,ladder_a05_lin_r02,prps,1436,8,0.153487,-22,0,-22,-0.05759586,-3.30000,prps,1,1768
39637,39.637,1,4004,54004,ladder_a05_lin_r02,prps,1438,10,0.194487,-19,0,-19,-0.04974188,-2.85000,prps,1,1769
39642,39.642,1,4004,54004,ladder_a05_lin_r02,prps,1442,14,0.269984,-16,0,-16,-0.04188790,-2.40000,prps,1,1770
39647,39.647,1,4004,54004,ladder_a05_lin_r02,prps,1447,19,0.363598,-14,0,-14,-0.03665191,-2.10000,prps,1,1771
39652,39.652,1,4004,54004,ladder_a05_lin_r02,prps,1452,24,0.457231,-13,0,-13,-0.03403392,-1.95000,prps,1,1772
39657,39.657,1,4004,54004,ladder_a05_lin_r02,prps,1456,28,0.534172,-13,0,-13,-0.03403392,-1.95000,prps,1,1773
39662,39.662,1,4004,54004,ladder_a05_lin_r02,prps,1459,31,0.581748,-13,0,-13,-0.03403392,-1.95000,prps,1,1774
39667,39.667,1,4004,54004,ladder_a05_lin_r02,prps,1459,31,0.593105,-13,0,-13,-0.03403392,-1.95000,prps,1,1775
39672,39.672,1,4004,54004,ladder_a05_lin_r02,prps,1458,30,0.567885,-15,0,-15,-0.03926991,-2.25000,prps,1,1776
39677,39.677,1,4004,54004,ladder_a05_lin_r02,prps,1455,27,0.511782,-16,0,-16,-0.04188790,-2.40000,prps,1,1777
39682,39.682,1,4004,54004,ladder_a05_lin_r02,prps,1451,23,0.435153,-18,0,-18,-0.04712389,-2.70000,prps,1,1778
39687,39.687,1,4004,54004,ladder_a05_lin_r02,prps,1447,19,0.350995,-19,0,-19,-0.04974188,-2.85000,prps,1,1779
39692,39.692,1,4004,54004,ladder_a05_lin_r02,prps,1442,14,0.272700,-19,0,-19,-0.04974188,-2.85000,prps,1,1780
39697,39.697,1,4004,54004,ladder_a05_lin_r02,prps,1439,11,0.211955,-18,0,-18,-0.04712389,-2.70000,prps,1,1781
39702,39.702,1,4004,54004,ladder_a05_lin_r02,prps,1437,9,0.177107,-18,0,-18,-0.04712389,-2.70000,prps,1,1782
39707,39.707,1,4004,54004,ladder_a05_lin_r02,prps,1437,9,0.172185,-17,0,-17,-0.04450589,-2.55000,prps,1,1783
39712,39.712,1,4004,54004,ladder_a05_lin_r02,prps,1438,10,0.196638,-16,0,-16,-0.04188790,-2.40000,prps,1,1784
39717,39.717,1,4004,54004,ladder_a05_lin_r02,prps,1441,13,0.245730,-15,0,-15,-0.03926991,-2.25000,prps,1,1785
39722,39.722,1,4004,54004,ladder_a05_lin_r02,prps,1445,17,0.311432,-13,0,-13,-0.03403392,-1.95000,prps,1,1786
39727,39.727,1,4004,54004,ladder_a05_lin_r02,prps,1448,20,0.383640,-13,0,-13,-0.03403392,-1.95000,prps,1,1787
39732,39.732,1,4004,54004,ladder_a05_lin_r02,prps,1452,24,0.451504,-13,0,-13,-0.03403392,-1.95000,prps,1,1788
39737,39.737,1,4004,54004,ladder_a05_lin_r02,prps,1455,27,0.504719,-13,0,-13,-0.03403392,-1.95000,prps,1,1789
39742,39.742,1,4004,54004,ladder_a05_lin_r02,prps,1456,28,0.534663,-13,0,-13,-0.03403392,-1.95000,prps,1,1790
39747,39.747,1,4004,54004,ladder_a05_lin_r02,prps,1456,28,0.535307,-13,0,-13,-0.03403392,-1.95000,prps,1,1791
39752,39.752,1,4004,54004,ladder_a05_lin_r02,prps,1455,27,0.503861,-14,0,-14,-0.03665191,-2.10000,prps,1,1792
39757,39.757,1,4004,54004,ladder_a05_lin_r02,prps,1451,23,0.441145,-15,0,-15,-0.03926991,-2.25000,prps,1,1793
39762,39.762,1,4004,54004,ladder_a05_lin_r02,prps,1447,19,0.351636,-17,0,-17,-0.04450589,-2.55000,prps,1,1794
39767,39.767,1,4004,54004,ladder_a05_lin_r02,prps,1441,13,0.243196,-17,0,-17,-0.04450589,-2.55000,prps,1,1795
39772,39.772,1,4004,54004,ladder_a05_lin_r02,prps,1435,7,0.126423,-17,0,-17,-0.04450589,-2.55000,prps,1,1796
39777,39.777,1,4004,54004,ladder_a05_lin_r02,prps,1429,1,0.013634,-17,0,-17,-0.04450589,-2.55000,prps,1,1797
39782,39.782,1,4004,54004,ladder_a05_lin_r02,prps,1424,-4,-0.082481,-16,0,-16,-0.04188790,-2.40000,prps,1,1798
39787,39.787,1,4004,54004,ladder_a05_lin_r02,prps,1420,-8,-0.150443,-15,0,-15,-0.03926991,-2.25000,prps,1,1799
39792,39.792,1,4004,54004,ladder_a05_lin_r02,prps,1418,-10,-0.181626,-13,0,-13,-0.03403392,-1.95000,prps,1,1800
39797,39.797,1,4004,54004,ladder_a05_lin_r02,prps,1419,-9,-0.171733,-10,0,-10,-0.02617994,-1.50000,prps,1,1801
39802,39.802,1,4004,54004,ladder_a05_lin_r02,prps,1422,-6,-0.121837,-7,0,-7,-0.01832596,-1.05000,prps,1,1802
39807,39.807,1,4004,54004,ladder_a05_lin_r02,prps,1426,-2,-0.038754,-4,0,-4,-0.01047198,-0.60000,prps,1,1803
39812,39.812,1,4004,54004,ladder_a05_lin_r02,prps,1431,3,0.065431,-2,0,-2,-0.00523599,-0.30000,prps,1,1804
39817,39.817,1,4004,54004,ladder_a05_lin_r02,prps,1437,9,0.174726,-1,0,-1,-0.00261799,-0.15000,prps,1,1805
39822,39.822,1,4004,54004,ladder_a05_lin_r02,prps,1442,14,0.271372,-1,0,-1,-0.00261799,-0.15000,prps,1,1806
39827,39.827,1,4004,54004,ladder_a05_lin_r02,prps,1446,18,0.338507,-2,0,-2,-0.00523599,-0.30000,prps,1,1807
39832,39.832,1,4004,54004,ladder_a05_lin_r02,prps,1447,19,0.362932,-3,0,-3,-0.00785398,-0.45000,prps,1,1808
39837,39.837,1,4004,54004,ladder_a05_lin_r02,prps,1446,18,0.337543,-4,0,-4,-0.01047198,-0.60000,prps,1,1809
39842,39.842,1,4004,54004,ladder_a05_lin_r02,prps,1442,14,0.262943,-5,0,-5,-0.01308997,-0.75000,prps,1,1810
39847,39.847,1,4004,54004,ladder_a05_lin_r02,prps,1436,8,0.147907,-7,0,-7,-0.01832596,-1.05000,prps,1,1811
39852,39.852,1,4004,54004,ladder_a05_lin_r02,prps,1428,0,0.008506,-8,0,-8,-0.02094395,-1.20000,prps,1,1812
39857,39.857,1,4004,54004,ladder_a05_lin_r02,prps,1421,-7,-0.134047,-9,0,-9,-0.02356194,-1.35000,prps,1,1813
39862,39.862,1,4004,54004,ladder_a05_lin_r02,prps,1414,-14,-0.256539,-8,0,-8,-0.02094395,-1.20000,prps,1,1814
39867,39.867,1,4004,54004,ladder_a05_lin_r02,prps,1410,-18,-0.337406,-8,0,-8,-0.02094395,-1.20000,prps,1,1815
39872,39.872,1,4004,54004,ladder_a05_lin_r02,prps,1409,-19,-0.360271,-6,0,-6,-0.01570796,-0.90000,prps,1,1816
39877,39.877,1,4004,54004,ladder_a05_lin_r02,prps,1411,-17,-0.316768,-3,0,-3,-0.00785398,-0.45000,prps,1,1817
39882,39.882,1,4004,54004,ladder_a05_lin_r02,prps,1417,-11,-0.208117,0,0,0,0.00000000,0.00000,prps,1,1818
39887,39.887,1,4004,54004,ladder_a05_lin_r02,prps,1426,-2,-0.045160,2,0,2,0.00523599,0.30000,prps,1,1819
39892,39.892,1,4004,54004,ladder_a05_lin_r02,prps,1436,8,0.153197,4,0,4,0.01047198,0.60000,prps,1,1820
39897,39.897,1,4004,54004,ladder_a05_lin_r02,prps,1447,19,0.362896,4,0,4,0.01047198,0.60000,prps,1,1821
39902,39.902,1,4004,54004,ladder_a05_lin_r02,prps,1458,30,0.558489,3,0,3,0.00785398,0.45000,prps,1,1822
39907,39.907,1,4004,54004,ladder_a05_lin_r02,prps,1466,38,0.717109,0,0,0,0.00000000,0.00000,prps,1,1823
39912,39.912,1,4004,54004,ladder_a05_lin_r02,prps,1472,44,0.821962,-2,0,-2,-0.00523599,-0.30000,prps,1,1824
39917,39.917,1,4004,54004,ladder_a05_lin_r02,prps,1474,46,0.864735,-6,0,-6,-0.01570796,-0.90000,prps,1,1825
39922,39.922,1,4004,54004,ladder_a05_lin_r02,prps,1473,45,0.846511,-10,0,-10,-0.02617994,-1.50000,prps,1,1826
39927,39.927,1,4004,54004,ladder_a05_lin_r02,prps,1469,41,0.777082,-15,0,-15,-0.03926991,-2.25000,prps,1,1827
39932,39.932,1,4004,54004,ladder_a05_lin_r02,prps,1464,36,0.672811,-19,0,-19,-0.04974188,-2.85000,prps,1,1828
39937,39.937,1,4004,54004,ladder_a05_lin_r02,prps,1457,29,0.553494,-22,0,-22,-0.05759586,-3.30000,prps,1,1829
39942,39.942,1,4004,54004,ladder_a05_lin_r02,prps,1451,23,0.438805,-23,0,-23,-0.06021386,-3.45000,prps,1,1830
39947,39.947,1,4004,54004,ladder_a05_lin_r02,prps,1446,18,0.345010,-24,0,-24,-0.06283185,-3.60000,prps,1,1831
39952,39.952,1,4004,54004,ladder_a05_lin_r02,prps,1443,15,0.282508,-23,0,-23,-0.06021386,-3.45000,prps,1,1832
39957,39.957,1,4004,54004,ladder_a05_lin_r02,prps,1441,13,0.254630,-23,0,-23,-0.06021386,-3.45000,prps,1,1833
39962,39.962,1,4004,54004,ladder_a05_lin_r02,prps,1442,14,0.257814,-21,0,-21,-0.05497787,-3.15000,prps,1,1834
39967,39.967,1,4004,54004,ladder_a05_lin_r02,prps,1443,15,0.283051,-19,0,-19,-0.04974188,-2.85000,prps,1,1835
39972,39.972,1,4004,54004,ladder_a05_lin_r02,prps,1445,17,0.318210,-17,0,-17,-0.04450589,-2.55000,prps,1,1836
39977,39.977,1,4004,54004,ladder_a05_lin_r02,prps,1447,19,0.350742,-15,0,-15,-0.03926991,-2.25000,prps,1,1837
39982,39.982,1,4004,54004,ladder_a05_lin_r02,prps,1448,20,0.370182,-15,0,-15,-0.03926991,-2.25000,prps,1,1838
39987,39.987,1,4004,54004,ladder_a05_lin_r02,prps,1448,20,0.369973,-14,0,-14,-0.03665191,-2.10000,prps,1,1839
39992,39.992,1,4004,54004,ladder_a05_lin_r02,prps,1446,18,0.348289,-14,0,-14,-0.03665191,-2.10000,prps,1,1840
39997,39.997,1,4004,54004,ladder_a05_lin_r02,prps,1444,16,0.307794,-14,0,-14,-0.03665191,-2.10000,prps,1,1841
40002,40.002,1,4004,54004,ladder_a05_lin_r02,prps,1441,13,0.254464,-14,0,-14,-0.03665191,-2.10000,prps,1,1842
40007,40.007,1,4004,54004,ladder_a05_lin_r02,prps,1438,10,0.195845,-14,0,-14,-0.03665191,-2.10000,prps,1,1843
40012,40.012,1,4004,54004,ladder_a05_lin_r02,prps,1435,7,0.139172,-14,0,-14,-0.03665191,-2.10000,prps,1,1844
40017,40.017,1,4004,54004,ladder_a05_lin_r02,prps,1433,5,0.089819,-14,0,-14,-0.03665191,-2.10000,prps,1,1845
40022,40.022,1,4004,54004,ladder_a05_lin_r02,prps,1431,3,0.050407,-13,0,-13,-0.03403392,-1.95000,prps,1,1846
40027,40.027,1,4004,54004,ladder_a05_lin_r02,prps,1429,1,0.020752,-12,0,-12,-0.03141592,-1.80000,prps,1,1847
40032,40.032,1,4004,54004,ladder_a05_lin_r02,prps,1428,0,-0.001413,-11,0,-11,-0.02879793,-1.65000,prps,1,1848
40037,40.037,1,4004,54004,ladder_a05_lin_r02,prps,1427,-1,-0.019168,-9,0,-9,-0.02356194,-1.35000,prps,1,1849
40042,40.042,1,4004,54004,ladder_a05_lin_r02,prps,1426,-2,-0.034970,-8,0,-8,-0.02094395,-1.20000,prps,1,1850
40047,40.047,1,4004,54004,ladder_a05_lin_r02,prps,1425,-3,-0.049463,-7,0,-7,-0.01832596,-1.05000,prps,1,1851
40052,40.052,1,4004,54004,ladder_a05_lin_r02,prps,1425,-3,-0.060892,-5,0,-5,-0.01308997,-0.75000,prps,1,1852
40057,40.057,1,4004,54004,ladder_a05_lin_r02,prps,1425,-3,-0.065296,-4,0,-4,-0.01047198,-0.60000,prps,1,1853
40062,40.062,1,4004,54004,ladder_a05_lin_r02,prps,1425,-3,-0.057499,-3,0,-3,-0.00785398,-0.45000,prps,1,1854
40067,40.067,1,4004,54004,ladder_a05_lin_r02,prps,1426,-2,-0.032667,-2,0,-2,-0.00523599,-0.30000,prps,1,1855
40072,40.072,1,4004,54004,ladder_a05_lin_r02,prps,1429,1,0.011950,-2,0,-2,-0.00523599,-0.30000,prps,1,1856
40077,40.077,1,4004,54004,ladder_a05_lin_r02,prps,1432,4,0.075537,-2,0,-2,-0.00523599,-0.30000,prps,1,1857
40082,40.082,1,4004,54004,ladder_a05_lin_r02,prps,1436,8,0.152927,-2,0,-2,-0.00523599,-0.30000,prps,1,1858
40087,40.087,1,4004,54004,ladder_a05_lin_r02,prps,1440,12,0.234793,-2,0,-2,-0.00523599,-0.30000,prps,1,1859
40092,40.092,1,4004,54004,ladder_a05_lin_r02,prps,1444,16,0.308898,-2,0,-2,-0.00523599,-0.30000,prps,1,1860
40097,40.097,1,4004,54004,ladder_a05_lin_r02,prps,1447,19,0.362220,-3,0,-3,-0.00785398,-0.45000,prps,1,1861
40102,40.102,1,4004,54004,ladder_a05_lin_r02,prps,1448,20,0.383576,-4,0,-4,-0.01047198,-0.60000,prps,1,1862
40107,40.107,1,4004,54004,ladder_a05_lin_r02,prps,1447,19,0.366190,-5,0,-5,-0.01308997,-0.75000,prps,1,1863
40112,40.112,1,4004,54004,ladder_a05_lin_r02,prps,1444,16,0.309627,-6,0,-6,-0.01570796,-0.90000,prps,1,1864
40117,40.117,1,4004,54004,ladder_a05_lin_r02,prps,1440,12,0.220629,-8,0,-8,-0.02094395,-1.20000,prps,1,1865
40122,40.122,1,4004,54004,ladder_a05_lin_r02,prps,1434,6,0.112548,-10,0,-10,-0.02617994,-1.50000,prps,1,1866
40127,40.127,1,4004,54004,ladder_a05_lin_r02,prps,1428,0,0.003393,-10,0,-10,-0.02617994,-1.50000,prps,1,1867
40132,40.132,1,4004,54004,ladder_a05_lin_r02,prps,1423,-5,-0.087223,-10,0,-10,-0.02617994,-1.50000,prps,1,1868
40137,40.137,1,4004,54004,ladder_a05_lin_r02,prps,1420,-8,-0.141693,-10,0,-10,-0.02617994,-1.50000,prps,1,1869
40142,40.142,1,4004,54004,ladder_a05_lin_r02,prps,1420,-8,-0.147901,-10,0,-10,-0.02617994,-1.50000,prps,1,1870
40147,40.147,1,4004,54004,ladder_a05_lin_r02,prps,1423,-5,-0.101864,-8,0,-8,-0.02094395,-1.20000,prps,1,1871
40152,40.152,1,4004,54004,ladder_a05_lin_r02,prps,1428,0,-0.008977,-6,0,-6,-0.01570796,-0.90000,prps,1,1872
40157,40.157,1,4004,54004,ladder_a05_lin_r02,prps,1434,6,0.116451,-4,0,-4,-0.01047198,-0.60000,prps,1,1873
40162,40.162,1,4004,54004,ladder_a05_lin_r02,prps,1441,13,0.253370,-3,0,-3,-0.00785398,-0.45000,prps,1,1874
40167,40.167,1,4004,54004,ladder_a05_lin_r02,prps,1448,20,0.377509,-2,0,-2,-0.00523599,-0.30000,prps,1,1875
40172,40.172,1,4004,54004,ladder_a05_lin_r02,prps,1453,25,0.465613,-3,0,-3,-0.00785398,-0.45000,prps,1,1876
40177,40.177,1,4004,54004,ladder_a05_lin_r02,prps,1454,26,0.499624,-4,0,-4,-0.01047198,-0.60000,prps,1,1877
40182,40.182,1,4004,54004,ladder_a05_lin_r02,prps,1453,25,0.470004,-5,0,-5,-0.01308997,-0.75000,prps,1,1878
40187,40.187,1,4004,54004,ladder_a05_lin_r02,prps,1448,20,0.377559,-7,0,-7,-0.01832596,-1.05000,prps,1,1879
40192,40.192,1,4004,54004,ladder_a05_lin_r02,prps,1440,12,0.233425,-10,0,-10,-0.02617994,-1.50000,prps,1,1880
40197,40.197,1,4004,54004,ladder_a05_lin_r02,prps,1431,3,0.057173,-12,0,-12,-0.03141592,-1.80000,prps,1,1881
40202,40.202,1,4004,54004,ladder_a05_lin_r02,prps,1421,-7,-0.126568,-13,0,-13,-0.03403392,-1.95000,prps,1,1882
40207,40.207,1,4004,54004,ladder_a05_lin_r02,prps,1413,-15,-0.292375,-12,0,-12,-0.03141592,-1.80000,prps,1,1883
40212,40.212,1,4004,54004,ladder_a05_lin_r02,prps,1406,-22,-0.418343,-11,0,-11,-0.02879793,-1.65000,prps,1,1884
40217,40.217,1,4004,54004,ladder_a05_lin_r02,prps,1402,-26,-0.489653,-9,0,-9,-0.02356194,-1.35000,prps,1,1885
40222,40.222,1,4004,54004,ladder_a05_lin_r02,prps,1401,-27,-0.500740,-6,0,-6,-0.01570796,-0.90000,prps,1,1886
40227,40.227,1,4004,54004,ladder_a05_lin_r02,prps,1404,-24,-0.455695,-2,0,-2,-0.00523599,-0.30000,prps,1,1887
40232,40.232,1,4004,54004,ladder_a05_lin_r02,prps,1409,-19,-0.366889,2,0,2,0.00523599,0.30000,prps,1,1888
40237,40.237,1,4004,54004,ladder_a05_lin_r02,prps,1415,-13,-0.252145,5,0,5,0.01308997,0.75000,prps,1,1889
40242,40.242,1,4004,54004,ladder_a05_lin_r02,prps,1421,-7,-0.131083,7,0,7,0.01832596,1.05000,prps,1,1890
40247,40.247,1,4004,54004,ladder_a05_lin_r02,prps,1427,-1,-0.021401,8,0,8,0.02094395,1.20000,prps,1,1891
40252,40.252,1,4004,54004,ladder_a05_lin_r02,prps,1431,3,0.064177,7,0,7,0.01832596,1.05000,prps,1,1892
40257,40.257,1,4004,54004,ladder_a05_lin_r02,prps,1434,6,0.119672,6,0,6,0.01570796,0.90000,prps,1,1893
40262,40.262,1,4004,54004,ladder_a05_lin_r02,prps,1436,8,0.146067,4,0,4,0.01047198,0.60000,prps,1,1894
40267,40.267,1,4004,54004,ladder_a05_lin_r02,prps,1436,8,0.149990,2,0,2,0.00523599,0.30000,prps,1,1895
40272,40.272,1,4004,54004,ladder_a05_lin_r02,prps,1435,7,0.141230,0,0,0,0.00000000,0.00000,prps,1,1896
40277,40.277,1,4004,54004,ladder_a05_lin_r02,prps,1435,7,0.129701,-1,0,-1,-0.00261799,-0.15000,prps,1,1897
40282,40.282,1,4004,54004,ladder_a05_lin_r02,prps,1434,6,0.122558,-2,0,-2,-0.00523599,-0.30000,prps,1,1898
40287,40.287,1,4004,54004,ladder_a05_lin_r02,prps,1434,6,0.122147,-3,0,-3,-0.00785398,-0.45000,prps,1,1899
40292,40.292,1,4004,54004,ladder_a05_lin_r02,prps,1435,7,0.125251,-4,0,-4,-0.01047198,-0.60000,prps,1,1900
40297,40.297,1,4004,54004,ladder_a05_lin_r02,prps,1435,7,0.123827,-4,0,-4,-0.01047198,-0.60000,prps,1,1901
40302,40.302,1,4004,54004,ladder_a05_lin_r02,prps,1434,6,0.107066,-4,0,-4,-0.01047198,-0.60000,prps,1,1902
40307,40.307,1,4004,54004,ladder_a05_lin_r02,prps,1431,3,0.064335,-4,0,-4,-0.01047198,-0.60000,prps,1,1903
40312,40.312,1,4004,54004,ladder_a05_lin_r02,prps,1427,-1,-0.011677,-4,0,-4,-0.01047198,-0.60000,prps,1,1904
40317,40.317,1,4004,54004,ladder_a05_lin_r02,prps,1422,-6,-0.122331,-4,0,-4,-0.01047198,-0.60000,prps,1,1905
40322,40.322,1,4004,54004,ladder_a05_lin_r02,prps,1414,-14,-0.261562,-4,0,-4,-0.01047198,-0.60000,prps,1,1906
40327,40.327,1,4004,54004,ladder_a05_lin_r02,prps,1406,-22,-0.415963,-4,0,-4,-0.01047198,-0.60000,prps,1,1907
40332,40.332,1,4004,54004,ladder_a05_lin_r02,prps,1398,-30,-0.566509,-4,0,-4,-0.01047198,-0.60000,prps,1,1908
40337,40.337,1,4004,54004,ladder_a05_lin_r02,prps,1391,-37,-0.691650,-2,0,-2,-0.00523599,-0.30000,prps,1,1909
40342,40.342,1,4004,54004,ladder_a05_lin_r02,prps,1387,-41,-0.771209,2,0,2,0.00523599,0.30000,prps,1,1910
40347,40.347,1,4004,54004,ladder_a05_lin_r02,prps,1386,-42,-0.790334,6,0,6,0.01570796,0.90000,prps,1,1911
40352,40.352,1,4004,54004,ladder_a05_lin_r02,prps,1389,-39,-0.742696,9,0,9,0.02356194,1.35000,prps,1,1912
40357,40.357,1,4004,54004,ladder_a05_lin_r02,prps,1394,-34,-0.632274,13,0,13,0.03403392,1.95000,prps,1,1913
40362,40.362,1,4004,54004,ladder_a05_lin_r02,prps,1403,-25,-0.473317,16,0,16,0.04188790,2.40000,prps,1,1914
40367,40.367,1,4004,54004,ladder_a05_lin_r02,prps,1413,-15,-0.288408,17,0,17,0.04450589,2.55000,prps,1,1915
40372,40.372,1,4004,54004,ladder_a05_lin_r02,prps,1422,-6,-0.104950,18,0,18,0.04712389,2.70000,prps,1,1916
40377,40.377,1,4004,54004,ladder_a05_lin_r02,prps,1431,3,0.049324,18,0,18,0.04712389,2.70000,prps,1,1917
40382,40.382,1,4004,54004,ladder_a05_lin_r02,prps,1436,8,0.151008,16,0,16,0.04188790,2.40000,prps,1,1918
40387,40.387,1,4004,54004,ladder_a05_lin_r02,prps,1438,10,0.185009,13,0,13,0.03403392,1.95000,prps,1,1919
40392,40.392,1,4004,54004,ladder_a05_lin_r02,prps,1436,8,0.147125,9,0,9,0.02356194,1.35000,prps,1,1920
40397,40.397,1,4004,54004,ladder_a05_lin_r02,prps,1430,2,0.044773,5,0,5,0.01308997,0.75000,prps,1,1921
40402,40.402,1,4004,54004,ladder_a05_lin_r02,prps,1422,-6,-0.104264,2,0,2,0.00523599,0.30000,prps,1,1922
40407,40.407,1,4004,54004,ladder_a05_lin_r02,prps,1413,-15,-0.274818,0,0,0,0.00000000,0.00000,prps,1,1923
40412,40.412,1,4004,54004,ladder_a05_lin_r02,prps,1405,-23,-0.438494,-1,0,-1,-0.00261799,-0.15000,prps,1,1924
40417,40.417,1,4004,54004,ladder_a05_lin_r02,prps,1398,-30,-0.568251,-1,0,-1,-0.00261799,-0.15000,prps,1,1925
40422,40.422,1,4004,54004,ladder_a05_lin_r02,prps,1394,-34,-0.642591,0,0,0,0.00000000,0.00000,prps,1,1926
40427,40.427,1,4004,54004,ladder_a05_lin_r02,prps,1394,-34,-0.648664,2,0,2,0.00523599,0.30000,prps,1,1927
40432,40.432,1,4004,54004,ladder_a05_lin_r02,prps,1397,-31,-0.583787,6,0,6,0.01570796,0.90000,prps,1,1928
40437,40.437,1,4004,54004,ladder_a05_lin_r02,prps,1404,-24,-0.455220,9,0,9,0.02356194,1.35000,prps,1,1929
40442,40.442,1,4004,54004,ladder_a05_lin_r02,prps,1413,-15,-0.278336,11,0,11,0.02879793,1.65000,prps,1,1930
40447,40.447,1,4004,54004,ladder_a05_lin_r02,prps,1424,-4,-0.073618,13,0,13,0.03403392,1.95000,prps,1,1931
40452,40.452,1,4004,54004,ladder_a05_lin_r02,prps,1435,7,0.136904,12,0,12,0.03141592,1.80000,prps,1,1932
40457,40.457,1,4004,54004,ladder_a05_lin_r02,prps,1446,18,0.333105,12,0,12,0.03141592,1.80000,prps,1,1933
40462,40.462,1,4004,54004,ladder_a05_lin_r02,prps,1454,26,0.499506,10,0,10,0.02617994,1.50000,prps,1,1934
40467,40.467,1,4004,54004,ladder_a05_lin_r02,prps,1461,33,0.626898,6,0,6,0.01570796,0.90000,prps,1,1935
40472,40.472,1,4004,54004,ladder_a05_lin_r02,prps,1466,38,0.712667,1,0,1,0.00261799,0.15000,prps,1,1936
40477,40.477,1,4004,54004,ladder_a05_lin_r02,prps,1468,40,0.759921,-3,0,-3,-0.00785398,-0.45000,prps,1,1937
40482,40.482,1,4004,54004,ladder_a05_lin_r02,prps,1469,41,0.775722,-8,0,-8,-0.02094395,-1.20000,prps,1,1938
40487,40.487,1,4004,54004,ladder_a05_lin_r02,prps,1469,41,0.768900,-12,0,-12,-0.03141592,-1.80000,prps,1,1939
40492,40.492,1,4004,54004,ladder_a05_lin_r02,prps,1468,40,0.747910,-15,0,-15,-0.03926991,-2.25000,prps,1,1940
40497,40.497,1,4004,54004,ladder_a05_lin_r02,prps,1466,38,0.719190,-19,0,-19,-0.04974188,-2.85000,prps,1,1941
40502,40.502,1,4004,54004,ladder_a05_lin_r02,prps,1464,36,0.686288,-22,0,-22,-0.05759586,-3.30000,prps,1,1942
40507,40.507,1,4004,54004,ladder_a05_lin_r02,prps,1462,34,0.649855,-24,0,-24,-0.06283185,-3.60000,prps,1,1943
40512,40.512,1,4004,54004,ladder_a05_lin_r02,prps,1460,32,0.608394,-24,0,-24,-0.06283185,-3.60000,prps,1,1944
40517,40.517,1,4004,54004,ladder_a05_lin_r02,prps,1458,30,0.559515,-24,0,-24,-0.06283185,-3.60000,prps,1,1945
40522,40.522,1,4004,54004,ladder_a05_lin_r02,prps,1455,27,0.501348,-24,0,-24,-0.06283185,-3.60000,prps,1,1946
40527,40.527,1,4004,54004,ladder_a05_lin_r02,prps,1451,23,0.433756,-24,0,-24,-0.06283185,-3.60000,prps,1,1947
40532,40.532,1,4004,54004,ladder_a05_lin_r02,prps,1447,19,0.359070,-24,0,-24,-0.06283185,-3.60000,prps,1,1948
40537,40.537,1,4004,54004,ladder_a05_lin_r02,prps,1443,15,0.282182,-23,0,-23,-0.06021386,-3.45000,prps,1,1949
40542,40.542,1,4004,54004,ladder_a05_lin_r02,prps,1439,11,0.210001,-23,0,-23,-0.06021386,-3.45000,prps,1,1950
40547,40.547,1,4004,54004,ladder_a05_lin_r02,prps,1436,8,0.150383,-21,0,-21,-0.05497787,-3.15000,prps,1,1951
40552,40.552,1,4004,54004,ladder_a05_lin_r02,prps,1434,6,0.110789,-18,0,-18,-0.04712389,-2.70000,prps,1,1952
40557,40.557,1,4004,54004,ladder_a05_lin_r02,prps,1433,5,0.096938,-16,0,-16,-0.04188790,-2.40000,prps,1,1953
40562,40.562,1,4004,54004,ladder_a05_lin_r02,prps,1434,6,0.111721,-14,0,-14,-0.03665191,-2.10000,prps,1,1954
40567,40.567,1,4004,54004,ladder_a05_lin_r02,prps,1436,8,0.154569,-12,0,-12,-0.03141592,-1.80000,prps,1,1955
40572,40.572,1,4004,54004,ladder_a05_lin_r02,prps,1440,12,0.221372,-11,0,-11,-0.02879793,-1.65000,prps,1,1956
40577,40.577,1,4004,54004,ladder_a05_lin_r02,prps,1444,16,0.304927,-10,0,-10,-0.02617994,-1.50000,prps,1,1957
40582,40.582,1,4004,54004,ladder_a05_lin_r02,prps,1449,21,0.395815,-10,0,-10,-0.02617994,-1.50000,prps,1,1958
40587,40.587,1,4004,54004,ladder_a05_lin_r02,prps,1454,26,0.483535,-10,0,-10,-0.02617994,-1.50000,prps,1,1959
40592,40.592,1,4004,54004,ladder_a05_lin_r02,prps,1458,30,0.557714,-10,0,-10,-0.02617994,-1.50000,prps,1,1960
40597,40.597,1,4004,54004,ladder_a05_lin_r02,prps,1460,32,0.609226,-10,0,-10,-0.02617994,-1.50000,prps,1,1961
40602,40.602,1,4004,54004,ladder_a05_lin_r02,prps,1461,33,0.631117,-12,0,-12,-0.03141592,-1.80000,prps,1,1962
40607,40.607,1,4004,54004,ladder_a05_lin_r02,prps,1461,33,0.619253,-14,0,-14,-0.03665191,-2.10000,prps,1,1963
40612,40.612,1,4004,54004,ladder_a05_lin_r02,prps,1458,30,0.572705,-16,0,-16,-0.04188790,-2.40000,prps,1,1964
40617,40.617,1,4004,54004,ladder_a05_lin_r02,prps,1454,26,0.493868,-18,0,-18,-0.04712389,-2.70000,prps,1,1965
40622,40.622,1,4004,54004,ladder_a05_lin_r02,prps,1449,21,0.388356,-20,0,-20,-0.05235988,-3.00000,prps,1,1966
40627,40.627,1,4004,54004,ladder_a05_lin_r02,prps,1442,14,0.264676,-20,0,-20,-0.05235988,-3.00000,prps,1,1967
40632,40.632,1,4004,54004,ladder_a05_lin_r02,prps,1435,7,0.133680,-20,0,-20,-0.05235988,-3.00000,prps,1,1968
40637,40.637,1,4004,54004,ladder_a05_lin_r02,prps,1428,0,0.007771,-20,0,-20,-0.05235988,-3.00000,prps,1,1969
40642,40.642,1,4004,54004,ladder_a05_lin_r02,prps,1423,-5,-0.100141,-19,0,-19,-0.04974188,-2.85000,prps,1,1970
40647,40.647,1,4004,54004,ladder_a05_lin_r02,prps,1419,-9,-0.177924,-17,0,-17,-0.04450589,-2.55000,prps,1,1971
40652,40.652,1,4004,54004,ladder_a05_lin_r02,prps,1417,-11,-0.215668,-14,0,-14,-0.03665191,-2.10000,prps,1,1972
40657,40.657,1,4004,54004,ladder_a05_lin_r02,prps,1417,-11,-0.207142,-10,0,-10,-0.02617994,-1.50000,prps,1,1973
40662,40.662,1,4004,54004,ladder_a05_lin_r02,prps,1420,-8,-0.151063,-7,0,-7,-0.01832596,-1.05000,prps,1,1974
40667,40.667,1,4004,54004,ladder_a05_lin_r02,prps,1425,-3,-0.051927,-4,0,-4,-0.01047198,-0.60000,prps,1,1975
40672,40.672,1,4004,54004,ladder_a05_lin_r02,prps,1432,4,0.079820,-2,0,-2,-0.00523599,-0.30000,prps,1,1976
40677,40.677,1,4004,54004,ladder_a05_lin_r02,prps,1440,12,0.228447,-1,0,-1,-0.00261799,-0.15000,prps,1,1977
40682,40.682,1,4004,54004,ladder_a05_lin_r02,prps,1448,20,0.374484,-1,0,-1,-0.00261799,-0.15000,prps,1,1978
40687,40.687,1,4004,54004,ladder_a05_lin_r02,prps,1454,26,0.497048,-2,0,-2,-0.00523599,-0.30000,prps,1,1979
40692,40.692,1,4004,54004,ladder_a05_lin_r02,prps,1459,31,0.576679,-3,0,-3,-0.00785398,-0.45000,prps,1,1980
40697,40.697,1,4004,54004,ladder_a05_lin_r02,prps,1460,32,0.598282,-5,0,-5,-0.01308997,-0.75000,prps,1,1981
40702,40.702,1,4004,54004,ladder_a05_lin_r02,prps,1457,29,0.553708,-7,0,-7,-0.01832596,-1.05000,prps,1,1982
40707,40.707,1,4004,54004,ladder_a05_lin_r02,prps,1452,24,0.443484,-11,0,-11,-0.02879793,-1.65000,prps,1,1983
40712,40.712,1,4004,54004,ladder_a05_lin_r02,prps,1443,15,0.277322,-13,0,-13,-0.03403392,-1.95000,prps,1,1984
40717,40.717,1,4004,54004,ladder_a05_lin_r02,prps,1432,4,0.073208,-15,0,-15,-0.03926991,-2.25000,prps,1,1985
40722,40.722,1,4004,54004,ladder_a05_lin_r02,prps,1420,-8,-0.144876,-17,0,-17,-0.04450589,-2.55000,prps,1,1986
40727,40.727,1,4004,54004,ladder_a05_lin_r02,prps,1409,-19,-0.350322,-16,0,-16,-0.04188790,-2.40000,prps,1,1987
40732,40.732,1,4004,54004,ladder_a05_lin_r02,prps,1401,-27,-0.517847,-14,0,-14,-0.03665191,-2.10000,prps,1,1988
40737,40.737,1,4004,54004,ladder_a05_lin_r02,prps,1395,-33,-0.627375,-12,0,-12,-0.03141592,-1.80000,prps,1,1989
40742,40.742,1,4004,54004,ladder_a05_lin_r02,prps,1393,-35,-0.667187,-8,0,-8,-0.02094395,-1.20000,prps,1,1990
40747,40.747,1,4004,54004,ladder_a05_lin_r02,prps,1394,-34,-0.635777,-3,0,-3,-0.00785398,-0.45000,prps,1,1991
40752,40.752,1,4004,54004,ladder_a05_lin_r02,prps,1399,-29,-0.542054,2,0,2,0.00523599,0.30000,prps,1,1992
40757,40.757,1,4004,54004,ladder_a05_lin_r02,prps,1407,-21,-0.403807,6,0,6,0.01570796,0.90000,prps,1,1993
40762,40.762,1,4004,54004,ladder_a05_lin_r02,prps,1415,-13,-0.244687,9,0,9,0.02356194,1.35000,prps,1,1994
40767,40.767,1,4004,54004,ladder_a05_lin_r02,prps,1423,-5,-0.090215,10,0,10,0.02617994,1.50000,prps,1,1995
40772,40.772,1,4004,54004,ladder_a05_lin_r02,prps,1430,2,0.036496,10,0,10,0.02617994,1.50000,prps,1,1996
40777,40.777,1,4004,54004,ladder_a05_lin_r02,prps,1434,6,0.118526,10,0,10,0.02617994,1.50000,prps,1,1997
40782,40.782,1,4004,54004,ladder_a05_lin_r02,prps,1436,8,0.147784,8,0,8,0.02094395,1.20000,prps,1,1998
40787,40.787,1,4004,54004,ladder_a05_lin_r02,prps,1435,7,0.126012,5,0,5,0.01308997,0.75000,prps,1,1999
58577,58.577,1,4004,54004,ladder_a05_lin_r02,prps,1431,3,0.064005,-1,0,-1,-0.00261799,-0.15000,prps,2,0
58582,58.582,1,4004,54004,ladder_a05_lin_r02,prps,1427,-1,-0.020788,-1,0,-1,-0.00261799,-0.15000,prps,2,1
58587,58.587,1,4004,54004,ladder_a05_lin_r02,prps,1422,-6,-0.107821,-1,0,-1,-0.00261799,-0.15000,prps,2,2
58592,58.592,1,4004,54004,ladder_a05_lin_r02,prps,1419,-9,-0.177462,-1,0,-1,-0.00261799,-0.15000,prps,2,3
58597,58.597,1,4004,54004,ladder_a05_lin_r02,prps,1417,-11,-0.214719,-1,0,-1,-0.00261799,-0.15000,prps,2,4
58602,58.602,1,4004,54004,ladder_a05_lin_r02,prps,1417,-11,-0.211972,-1,0,-1,-0.00261799,-0.15000,prps,2,5
58607,58.607,1,4004,54004,ladder_a05_lin_r02,prps,1419,-9,-0.170222,0,0,0,0.00000000,0.00000,prps,2,6
58612,58.612,1,4004,54004,ladder_a05_lin_r02,prps,1423,-5,-0.098657,1,0,1,0.00261799,0.15000,prps,2,7
58617,58.617,1,4004,54004,ladder_a05_lin_r02,prps,1427,-1,-0.012656,1,0,1,0.00261799,0.15000,prps,2,8
58622,58.622,1,4004,54004,ladder_a05_lin_r02,prps,1432,4,0.069328,2,0,2,0.00523599,0.30000,prps,2,9
58627,58.627,1,4004,54004,ladder_a05_lin_r02,prps,1435,7,0.129382,2,0,2,0.00523599,0.30000,prps,2,10
58632,58.632,1,4004,54004,ladder_a05_lin_r02,prps,1436,8,0.153533,1,0,1,0.00261799,0.15000,prps,2,11
58637,58.637,1,4004,54004,ladder_a05_lin_r02,prps,1435,7,0.134271,0,0,0,0.00000000,0.00000,prps,2,12
58642,58.642,1,4004,54004,ladder_a05_lin_r02,prps,1432,4,0.071750,0,0,0,0.00000000,0.00000,prps,2,13
58647,58.647,1,4004,54004,ladder_a05_lin_r02,prps,1427,-1,-0.026531,-1,0,-1,-0.00261799,-0.15000,prps,2,14
58652,58.652,1,4004,54004,ladder_a05_lin_r02,prps,1420,-8,-0.147413,-2,0,-2,-0.00523599,-0.30000,prps,2,15
58657,58.657,1,4004,54004,ladder_a05_lin_r02,prps,1413,-15,-0.274775,-2,0,-2,-0.00523599,-0.30000,prps,2,16
58662,58.662,1,4004,54004,ladder_a05_lin_r02,prps,1407,-21,-0.392622,-2,0,-2,-0.00523599,-0.30000,prps,2,17
58667,58.667,1,4004,54004,ladder_a05_lin_r02,prps,1402,-26,-0.487971,-2,0,-2,-0.00523599,-0.30000,prps,2,18
58672,58.672,1,4004,54004,ladder_a05_lin_r02,prps,1399,-29,-0.552938,0,0,0,0.00000000,0.00000,prps,2,19
58677,58.677,1,4004,54004,ladder_a05_lin_r02,prps,1397,-31,-0.585687,3,0,3,0.00785398,0.45000,prps,2,20
58682,58.682,1,4004,54004,ladder_a05_lin_r02,prps,1397,-31,-0.590101,6,0,6,0.01570796,0.90000,prps,2,21
58687,58.687,1,4004,54004,ladder_a05_lin_r02,prps,1398,-30,-0.574344,8,0,8,0.02094395,1.20000,prps,2,22
58692,58.692,1,4004,54004,ladder_a05_lin_r02,prps,1399,-29,-0.548701,10,0,10,0.02617994,1.50000,prps,2,23
58697,58.697,1,4004,54004,ladder_a05_lin_r02,prps,1400,-28,-0.523199,12,0,12,0.03141592,1.80000,prps,2,24
58702,58.702,1,4004,54004,ladder_a05_lin_r02,prps,1401,-27,-0.505555,13,0,13,0.03403392,1.95000,prps,2,25
58707,58.707,1,4004,54004,ladder_a05_lin_r02,prps,1402,-26,-0.499874,14,0,14,0.03665191,2.10000,prps,2,26
58712,58.712,1,4004,54004,ladder_a05_lin_r02,prps,1401,-27,-0.506328,14,0,14,0.03665191,2.10000,prps,2,27
58717,58.717,1,4004,54004,ladder_a05_lin_r02,prps,1400,-28,-0.521831,14,0,14,0.03665191,2.10000,prps,2,28
58722,58.722,1,4004,54004,ladder_a05_lin_r02,prps,1399,-29,-0.541444,14,0,14,0.03665191,2.10000,prps,2,29
58727,58.727,1,4004,54004,ladder_a05_lin_r02,prps,1398,-30,-0.560131,14,0,14,0.03665191,2.10000,prps,2,30
58732,58.732,1,4004,54004,ladder_a05_lin_r02,prps,1398,-30,-0.574379,14,0,14,0.03665191,2.10000,prps,2,31
58737,58.737,1,4004,54004,ladder_a05_lin_r02,prps,1397,-31,-0.583244,14,0,14,0.03665191,2.10000,prps,2,32
58742,58.742,1,4004,54004,ladder_a05_lin_r02,prps,1397,-31,-0.588568,14,0,14,0.03665191,2.10000,prps,2,33
58747,58.747,1,4004,54004,ladder_a05_lin_r02,prps,1397,-31,-0.594271,14,0,14,0.03665191,2.10000,prps,2,34
58752,58.752,1,4004,54004,ladder_a05_lin_r02,prps,1396,-32,-0.604919,15,0,15,0.03926991,2.25000,prps,2,35
58757,58.757,1,4004,54004,ladder_a05_lin_r02,prps,1395,-33,-0.623923,15,0,15,0.03926991,2.25000,prps,2,36
58762,58.762,1,4004,54004,ladder_a05_lin_r02,prps,1393,-35,-0.651848,15,0,15,0.03926991,2.25000,prps,2,37
58767,58.767,1,4004,54004,ladder_a05_lin_r02,prps,1392,-36,-0.685333,15,0,15,0.03926991,2.25000,prps,2,38
58772,58.772,1,4004,54004,ladder_a05_lin_r02,prps,1390,-38,-0.716955,16,0,16,0.04188790,2.40000,prps,2,39
58777,58.777,1,4004,54004,ladder_a05_lin_r02,prps,1389,-39,-0.736202,17,0,17,0.04450589,2.55000,prps,2,40
58782,58.782,1,4004,54004,ladder_a05_lin_r02,prps,1389,-39,-0.731445,17,0,17,0.04450589,2.55000,prps,2,41
58787,58.787,1,4004,54004,ladder_a05_lin_r02,prps,1391,-37,-0.692540,18,0,18,0.04712389,2.70000,prps,2,42
58792,58.792,1,4004,54004,ladder_a05_lin_r02,prps,1395,-33,-0.613519,19,0,19,0.04974188,2.85000,prps,2,43
58797,58.797,1,4004,54004,ladder_a05_lin_r02,prps,1402,-26,-0.494761,19,0,19,0.04974188,2.85000,prps,2,44
58802,58.802,1,4004,54004,ladder_a05_lin_r02,prps,1410,-18,-0.344100,19,0,19,0.04974188,2.85000,prps,2,45
58807,58.807,1,4004,54004,ladder_a05_lin_r02,prps,1419,-9,-0.176509,19,0,19,0.04974188,2.85000,prps,2,46
58812,58.812,1,4004,54004,ladder_a05_lin_r02,prps,1427,-1,-0.012280,19,0,19,0.04974188,2.85000,prps,2,47
58817,58.817,1,4004,54004,ladder_a05_lin_r02,prps,1435,7,0.126049,17,0,17,0.04450589,2.55000,prps,2,48
58822,58.822,1,4004,54004,ladder_a05_lin_r02,prps,1440,12,0.217511,14,0,14,0.03665191,2.10000,prps,2,49
58827,58.827,1,4004,54004,ladder_a05_lin_r02,prps,1441,13,0.246568,10,0,10,0.02617994,1.50000,prps,2,50
58832,58.832,1,4004,54004,ladder_a05_lin_r02,prps,1439,11,0.206240,6,0,6,0.01570796,0.90000,prps,2,51
58837,58.837,1,4004,54004,ladder_a05_lin_r02,prps,1433,5,0.099870,3,0,3,0.00785398,0.45000,prps,2,52
58842,58.842,1,4004,54004,ladder_a05_lin_r02,prps,1425,-3,-0.058899,0,0,0,0.00000000,0.00000,prps,2,53
58847,58.847,1,4004,54004,ladder_a05_lin_r02,prps,1415,-13,-0.248005,-3,0,-3,-0.00785398,-0.45000,prps,2,54
58852,58.852,1,4004,54004,ladder_a05_lin_r02,prps,1405,-23,-0.440431,-3,0,-3,-0.00785398,-0.45000,prps,2,55
58857,58.857,1,4004,54004,ladder_a05_lin_r02,prps,1396,-32,-0.608654,-3,0,-3,-0.00785398,-0.45000,prps,2,56
58862,58.862,1,4004,54004,ladder_a05_lin_r02,prps,1389,-39,-0.729270,-2,0,-2,-0.00523599,-0.30000,prps,2,57
58867,58.867,1,4004,54004,ladder_a05_lin_r02,prps,1386,-42,-0.786948,1,0,1,0.00261799,0.15000,prps,2,58
58872,58.872,1,4004,54004,ladder_a05_lin_r02,prps,1387,-41,-0.776975,5,0,5,0.01308997,0.75000,prps,2,59
58877,58.877,1,4004,54004,ladder_a05_lin_r02,prps,1391,-37,-0.705904,9,0,9,0.02356194,1.35000,prps,2,60
58882,58.882,1,4004,54004,ladder_a05_lin_r02,prps,1397,-31,-0.590193,12,0,12,0.03141592,1.80000,prps,2,61
58887,58.887,1,4004,54004,ladder_a05_lin_r02,prps,1404,-24,-0.453083,15,0,15,0.03926991,2.25000,prps,2,62
58892,58.892,1,4004,54004,ladder_a05_lin_r02,prps,1411,-17,-0.320325,17,0,17,0.04450589,2.55000,prps,2,63
58897,58.897,1,4004,54004,ladder_a05_lin_r02,prps,1417,-11,-0.215547,17,0,17,0.04450589,2.55000,prps,2,64
58902,58.902,1,4004,54004,ladder_a05_lin_r02,prps,1420,-8,-0.156136,17,0,17,0.04450589,2.55000,prps,2,65
58907,58.907,1,4004,54004,ladder_a05_lin_r02,prps,1420,-8,-0.150407,16,0,16,0.04188790,2.40000,prps,2,66
58912,58.912,1,4004,54004,ladder_a05_lin_r02,prps,1418,-10,-0.196526,14,0,14,0.03665191,2.10000,prps,2,67
58917,58.917,1,4004,54004,ladder_a05_lin_r02,prps,1413,-15,-0.283379,12,0,12,0.03141592,1.80000,prps,2,68
58922,58.922,1,4004,54004,ladder_a05_lin_r02,prps,1407,-21,-0.393126,10,0,10,0.02617994,1.50000,prps,2,69
58927,58.927,1,4004,54004,ladder_a05_lin_r02,prps,1401,-27,-0.504913,9,0,9,0.02356194,1.35000,prps,2,70
58932,58.932,1,4004,54004,ladder_a05_lin_r02,prps,1396,-32,-0.598979,9,0,9,0.02356194,1.35000,prps,2,71
58937,58.937,1,4004,54004,ladder_a05_lin_r02,prps,1393,-35,-0.660346,9,0,9,0.02356194,1.35000,prps,2,72
58942,58.942,1,4004,54004,ladder_a05_lin_r02,prps,1392,-36,-0.681392,9,0,9,0.02356194,1.35000,prps,2,73
58947,58.947,1,4004,54004,ladder_a05_lin_r02,prps,1393,-35,-0.662856,10,0,10,0.02617994,1.50000,prps,2,74
58952,58.952,1,4004,54004,ladder_a05_lin_r02,prps,1396,-32,-0.613127,12,0,12,0.03141592,1.80000,prps,2,75
58957,58.957,1,4004,54004,ladder_a05_lin_r02,prps,1399,-29,-0.546068,14,0,14,0.03665191,2.10000,prps,2,76
58962,58.962,1,4004,54004,ladder_a05_lin_r02,prps,1403,-25,-0.477852,15,0,15,0.03926991,2.25000,prps,2,77
58967,58.967,1,4004,54004,ladder_a05_lin_r02,prps,1406,-22,-0.423523,16,0,16,0.04188790,2.40000,prps,2,78
58972,58.972,1,4004,54004,ladder_a05_lin_r02,prps,1407,-21,-0.393989,16,0,16,0.04188790,2.40000,prps,2,79
58977,58.977,1,4004,54004,ladder_a05_lin_r02,prps,1407,-21,-0.394055,16,0,16,0.04188790,2.40000,prps,2,80
58982,58.982,1,4004,54004,ladder_a05_lin_r02,prps,1406,-22,-0.421854,16,0,16,0.04188790,2.40000,prps,2,81
58987,58.987,1,4004,54004,ladder_a05_lin_r02,prps,1403,-25,-0.469751,16,0,16,0.04188790,2.40000,prps,2,82
58992,58.992,1,4004,54004,ladder_a05_lin_r02,prps,1400,-28,-0.526436,16,0,16,0.04188790,2.40000,prps,2,83
58997,58.997,1,4004,54004,ladder_a05_lin_r02,prps,1397,-31,-0.579739,16,0,16,0.04188790,2.40000,prps,2,84
59002,59.002,1,4004,54004,ladder_a05_lin_r02,prps,1395,-33,-0.619502,16,0,16,0.04188790,2.40000,prps,2,85
59007,59.007,1,4004,54004,ladder_a05_lin_r02,prps,1394,-34,-0.639887,15,0,15,0.03926991,2.25000,prps,2,86
59012,59.012,1,4004,54004,ladder_a05_lin_r02,prps,1394,-34,-0.640625,16,0,16,0.04188790,2.40000,prps,2,87
59017,59.017,1,4004,54004,ladder_a05_lin_r02,prps,1395,-33,-0.626936,16,0,16,0.04188790,2.40000,prps,2,88
59022,59.022,1,4004,54004,ladder_a05_lin_r02,prps,1396,-32,-0.608177,16,0,16,0.04188790,2.40000,prps,2,89
59027,59.027,1,4004,54004,ladder_a05_lin_r02,prps,1396,-32,-0.595518,16,0,16,0.04188790,2.40000,prps,2,90
59032,59.032,1,4004,54004,ladder_a05_lin_r02,prps,1396,-32,-0.599174,16,0,16,0.04188790,2.40000,prps,2,91
59037,59.037,1,4004,54004,ladder_a05_lin_r02,prps,1395,-33,-0.625811,16,0,16,0.04188790,2.40000,prps,2,92
59042,59.042,1,4004,54004,ladder_a05_lin_r02,prps,1392,-36,-0.676712,16,0,16,0.04188790,2.40000,prps,2,93
59047,59.047,1,4004,54004,ladder_a05_lin_r02,prps,1388,-40,-0.747094,16,0,16,0.04188790,2.40000,prps,2,94
59052,59.052,1,4004,54004,ladder_a05_lin_r02,prps,1384,-44,-0.826771,17,0,17,0.04450589,2.55000,prps,2,95
59057,59.057,1,4004,54004,ladder_a05_lin_r02,prps,1380,-48,-0.902022,17,0,17,0.04450589,2.55000,prps,2,96
59062,59.062,1,4004,54004,ladder_a05_lin_r02,prps,1377,-51,-0.958294,18,0,18,0.04712389,2.70000,prps,2,97
59067,59.067,1,4004,54004,ladder_a05_lin_r02,prps,1376,-52,-0.983185,20,0,20,0.05235988,3.00000,prps,2,98
59072,59.072,1,4004,54004,ladder_a05_lin_r02,prps,1377,-51,-0.969089,21,0,21,0.05497787,3.15000,prps,2,99
59077,59.077,1,4004,54004,ladder_a05_lin_r02,prps,1380,-48,-0.914946,23,0,23,0.06021386,3.45000,prps,2,100
59082,59.082,1,4004,54004,ladder_a05_lin_r02,prps,1384,-44,-0.826730,25,0,25,0.06544985,3.75000,prps,2,101
59087,59.087,1,4004,54004,ladder_a05_lin_r02,prps,1390,-38,-0.716548,26,0,26,0.06806784,3.90000,prps,2,102
59092,59.092,1,4004,54004,ladder_a05_lin_r02,prps,1396,-32,-0.600518,26,0,26,0.06806784,3.90000,prps,2,103
59097,59.097,1,4004,54004,ladder_a05_lin_r02,prps,1402,-26,-0.495827,26,0,26,0.06806784,3.90000,prps,2,104
59102,59.102,1,4004,54004,ladder_a05_lin_r02,prps,1406,-22,-0.417519,26,0,26,0.06806784,3.90000,prps,2,105
59107,59.107,1,4004,54004,ladder_a05_lin_r02,prps,1408,-20,-0.375662,24,0,24,0.06283185,3.60000,prps,2,106
59112,59.112,1,4004,54004,ladder_a05_lin_r02,prps,1408,-20,-0.373390,22,0,22,0.05759586,3.30000,prps,2,107
59117,59.117,1,4004,54004,ladder_a05_lin_r02,prps,1406,-22,-0.406227,20,0,20,0.05235988,3.00000,prps,2,108
59122,59.122,1,4004,54004,ladder_a05_lin_r02,prps,1403,-25,-0.462791,18,0,18,0.04712389,2.70000,prps,2,109
59127,59.127,1,4004,54004,ladder_a05_lin_r02,prps,1400,-28,-0.526747,16,0,16,0.04188790,2.40000,prps,2,110
59132,59.132,1,4004,54004,ladder_a05_lin_r02,prps,1397,-31,-0.579642,15,0,15,0.03926991,2.25000,prps,2,111
59137,59.137,1,4004,54004,ladder_a05_lin_r02,prps,1396,-32,-0.604105,15,0,15,0.03926991,2.25000,prps,2,112
59142,59.142,1,4004,54004,ladder_a05_lin_r02,prps,1397,-31,-0.586845,15,0,15,0.03926991,2.25000,prps,2,113
59147,59.147,1,4004,54004,ladder_a05_lin_r02,prps,1400,-28,-0.520926,15,0,15,0.03926991,2.25000,prps,2,114
59152,59.152,1,4004,54004,ladder_a05_lin_r02,prps,1406,-22,-0.406963,15,0,15,0.03926991,2.25000,prps,2,115
59157,59.157,1,4004,54004,ladder_a05_lin_r02,prps,1415,-13,-0.253077,15,0,15,0.03926991,2.25000,prps,2,116
59162,59.162,1,4004,54004,ladder_a05_lin_r02,prps,1424,-4,-0.073667,15,0,15,0.03926991,2.25000,prps,2,117
59167,59.167,1,4004,54004,ladder_a05_lin_r02,prps,1434,6,0.112750,14,0,14,0.03665191,2.10000,prps,2,118
59172,59.172,1,4004,54004,ladder_a05_lin_r02,prps,1443,15,0.286216,12,0,12,0.03141592,1.80000,prps,2,119
59177,59.177,1,4004,54004,ladder_a05_lin_r02,prps,1451,23,0.428117,9,0,9,0.02356194,1.35000,prps,2,120
59182,59.182,1,4004,54004,ladder_a05_lin_r02,prps,1456,28,0.523611,6,0,6,0.01570796,0.90000,prps,2,121
59187,59.187,1,4004,54004,ladder_a05_lin_r02,prps,1458,30,0.563404,2,0,2,0.00523599,0.30000,prps,2,122
59192,59.192,1,4004,54004,ladder_a05_lin_r02,prps,1457,29,0.544672,-3,0,-3,-0.00785398,-0.45000,prps,2,123
59197,59.197,1,4004,54004,ladder_a05_lin_r02,prps,1453,25,0.471089,-7,0,-7,-0.01832596,-1.05000,prps,2,124
59202,59.202,1,4004,54004,ladder_a05_lin_r02,prps,1447,19,0.352063,-10,0,-10,-0.02617994,-1.50000,prps,2,125
59207,59.207,1,4004,54004,ladder_a05_lin_r02,prps,1439,11,0.201369,-13,0,-13,-0.03403392,-1.95000,prps,2,126
59212,59.212,1,4004,54004,ladder_a05_lin_r02,prps,1430,2,0.035416,-14,0,-14,-0.03665191,-2.10000,prps,2,127
59217,59.217,1,4004,54004,ladder_a05_lin_r02,prps,1421,-7,-0.128597,-14,0,-14,-0.03665191,-2.10000,prps,2,128
59222,59.222,1,4004,54004,ladder_a05_lin_r02,prps,1413,-15,-0.274451,-14,0,-14,-0.03665191,-2.10000,prps,2,129
59227,59.227,1,4004,54004,ladder_a05_lin_r02,prps,1407,-21,-0.388437,-12,0,-12,-0.03141592,-1.80000,prps,2,130
59232,59.232,1,4004,54004,ladder_a05_lin_r02,prps,1404,-24,-0.460557,-9,0,-9,-0.02356194,-1.35000,prps,2,131
59237,59.237,1,4004,54004,ladder_a05_lin_r02,prps,1402,-26,-0.485337,-7,0,-7,-0.01832596,-1.05000,prps,2,132
59242,59.242,1,4004,54004,ladder_a05_lin_r02,prps,1404,-24,-0.462248,-3,0,-3,-0.00785398,-0.45000,prps,2,133
59247,59.247,1,4004,54004,ladder_a05_lin_r02,prps,1407,-21,-0.395694,1,0,1,0.00261799,0.15000,prps,2,134
59252,59.252,1,4004,54004,ladder_a05_lin_r02,prps,1412,-16,-0.294593,4,0,4,0.01047198,0.60000,prps,2,135
59257,59.257,1,4004,54004,ladder_a05_lin_r02,prps,1419,-9,-0.171519,6,0,6,0.01570796,0.90000,prps,2,136
59262,59.262,1,4004,54004,ladder_a05_lin_r02,prps,1426,-2,-0.041461,7,0,7,0.01832596,1.05000,prps,2,137
59267,59.267,1,4004,54004,ladder_a05_lin_r02,prps,1432,4,0.079765,7,0,7,0.01832596,1.05000,prps,2,138
59272,59.272,1,4004,54004,ladder_a05_lin_r02,prps,1437,9,0.177301,6,0,6,0.01570796,0.90000,prps,2,139
59277,59.277,1,4004,54004,ladder_a05_lin_r02,prps,1441,13,0.239071,4,0,4,0.01047198,0.60000,prps,2,140
59282,59.282,1,4004,54004,ladder_a05_lin_r02,prps,1442,14,0.257390,3,0,3,0.00785398,0.45000,prps,2,141
59287,59.287,1,4004,54004,ladder_a05_lin_r02,prps,1440,12,0.230129,1,0,1,0.00261799,0.15000,prps,2,142
59292,59.292,1,4004,54004,ladder_a05_lin_r02,prps,1437,9,0.161200,-2,0,-2,-0.00523599,-0.30000,prps,2,143
59297,59.297,1,4004,54004,ladder_a05_lin_r02,prps,1431,3,0.060211,-4,0,-4,-0.01047198,-0.60000,prps,2,144
59302,59.302,1,4004,54004,ladder_a05_lin_r02,prps,1425,-3,-0.058731,-6,0,-6,-0.01570796,-0.90000,prps,2,145
59307,59.307,1,4004,54004,ladder_a05_lin_r02,prps,1419,-9,-0.178953,-6,0,-6,-0.01570796,-0.90000,prps,2,146
59312,59.312,1,4004,54004,ladder_a05_lin_r02,prps,1413,-15,-0.283644,-6,0,-6,-0.01570796,-0.90000,prps,2,147
59317,59.317,1,4004,54004,ladder_a05_lin_r02,prps,1409,-19,-0.358379,-4,0,-4,-0.01047198,-0.60000,prps,2,148
59322,59.322,1,4004,54004,ladder_a05_lin_r02,prps,1407,-21,-0.393352,-4,0,-4,-0.01047198,-0.60000,prps,2,149
59327,59.327,1,4004,54004,ladder_a05_lin_r02,prps,1408,-20,-0.384882,-2,0,-2,-0.00523599,-0.30000,prps,2,150
59332,59.332,1,4004,54004,ladder_a05_lin_r02,prps,1410,-18,-0.335924,1,0,1,0.00261799,0.15000,prps,2,151
59337,59.337,1,4004,54004,ladder_a05_lin_r02,prps,1414,-14,-0.255452,4,0,4,0.01047198,0.60000,prps,2,152
59342,59.342,1,4004,54004,ladder_a05_lin_r02,prps,1420,-8,-0.156790,6,0,6,0.01570796,0.90000,prps,2,153
59347,59.347,1,4004,54004,ladder_a05_lin_r02,prps,1425,-3,-0.055177,6,0,6,0.01570796,0.90000,prps,2,154
59352,59.352,1,4004,54004,ladder_a05_lin_r02,prps,1430,2,0.034986,6,0,6,0.01570796,0.90000,prps,2,155
59357,59.357,1,4004,54004,ladder_a05_lin_r02,prps,1433,5,0.102686,5,0,5,0.01308997,0.75000,prps,2,156
59362,59.362,1,4004,54004,ladder_a05_lin_r02,prps,1436,8,0.142155,4,0,4,0.01047198,0.60000,prps,2,157
59367,59.367,1,4004,54004,ladder_a05_lin_r02,prps,1436,8,0.153648,3,0,3,0.00785398,0.45000,prps,2,158
59372,59.372,1,4004,54004,ladder_a05_lin_r02,prps,1436,8,0.142984,1,0,1,0.00261799,0.15000,prps,2,159
59377,59.377,1,4004,54004,ladder_a05_lin_r02,prps,1434,6,0.119925,-1,0,-1,-0.00261799,-0.15000,prps,2,160
59382,59.382,1,4004,54004,ladder_a05_lin_r02,prps,1433,5,0.095718,-2,0,-2,-0.00523599,-0.30000,prps,2,161
59387,59.387,1,4004,54004,ladder_a05_lin_r02,prps,1432,4,0.080309,-3,0,-3,-0.00785398,-0.45000,prps,2,162
59392,59.392,1,4004,54004,ladder_a05_lin_r02,prps,1432,4,0.079822,-3,0,-3,-0.00785398,-0.45000,prps,2,163
59397,59.397,1,4004,54004,ladder_a05_lin_r02,prps,1433,5,0.094856,-3,0,-3,-0.00785398,-0.45000,prps,2,164
59402,59.402,1,4004,54004,ladder_a05_lin_r02,prps,1434,6,0.120018,-3,0,-3,-0.00785398,-0.45000,prps,2,165
59407,59.407,1,4004,54004,ladder_a05_lin_r02,prps,1436,8,0.144835,-3,0,-3,-0.00785398,-0.45000,prps,2,166
59412,59.412,1,4004,54004,ladder_a05_lin_r02,prps,1436,8,0.155933,-3,0,-3,-0.00785398,-0.45000,prps,2,167
59417,59.417,1,4004,54004,ladder_a05_lin_r02,prps,1435,7,0.140070,-3,0,-3,-0.00785398,-0.45000,prps,2,168
59422,59.422,1,4004,54004,ladder_a05_lin_r02,prps,1433,5,0.087423,-4,0,-4,-0.01047198,-0.60000,prps,2,169
59427,59.427,1,4004,54004,ladder_a05_lin_r02,prps,1428,0,-0.005563,-4,0,-4,-0.01047198,-0.60000,prps,2,170
59432,59.432,1,4004,54004,ladder_a05_lin_r02,prps,1421,-7,-0.134403,-4,0,-4,-0.01047198,-0.60000,prps,2,171
59437,59.437,1,4004,54004,ladder_a05_lin_r02,prps,1413,-15,-0.286314,-4,0,-4,-0.01047198,-0.60000,prps,2,172
59442,59.442,1,4004,54004,ladder_a05_lin_r02,prps,1405,-23,-0.441651,-4,0,-4,-0.01047198,-0.60000,prps,2,173
59447,59.447,1,4004,54004,ladder_a05_lin_r02,prps,1397,-31,-0.576842,-3,0,-3,-0.00785398,-0.45000,prps,2,174
59452,59.452,1,4004,54004,ladder_a05_lin_r02,prps,1393,-35,-0.668360,-1,0,-1,-0.00261799,-0.15000,prps,2,175
59457,59.457,1,4004,54004,ladder_a05_lin_r02,prps,1391,-37,-0.697001,2,0,2,0.00523599,0.30000,prps,2,176
59462,59.462,1,4004,54004,ladder_a05_lin_r02,prps,1393,-35,-0.651679,6,0,6,0.01570796,0.90000,prps,2,177
59467,59.467,1,4004,54004,ladder_a05_lin_r02,prps,1400,-28,-0.531984,9,0,9,0.02356194,1.35000,prps,2,178
59472,59.472,1,4004,54004,ladder_a05_lin_r02,prps,1410,-18,-0.348968,12,0,12,0.03141592,1.80000,prps,2,179
59477,59.477,1,4004,54004,ladder_a05_lin_r02,prps,1421,-7,-0.123954,14,0,14,0.03665191,2.10000,prps,2,180
59482,59.482,1,4004,54004,ladder_a05_lin_r02,prps,1434,6,0.114493,14,0,14,0.03665191,2.10000,prps,2,181
59487,59.487,1,4004,54004,ladder_a05_lin_r02,prps,1446,18,0.334925,14,0,14,0.03665191,2.10000,prps,2,182
59492,59.492,1,4004,54004,ladder_a05_lin_r02,prps,1455,27,0.507949,12,0,12,0.03141592,1.80000,prps,2,183
59497,59.497,1,4004,54004,ladder_a05_lin_r02,prps,1460,32,0.610879,8,0,8,0.02094395,1.20000,prps,2,184
59502,59.502,1,4004,54004,ladder_a05_lin_r02,prps,1461,33,0.631277,3,0,3,0.00785398,0.45000,prps,2,185
59507,59.507,1,4004,54004,ladder_a05_lin_r02,prps,1458,30,0.568768,-1,0,-1,-0.00261799,-0.15000,prps,2,186
59512,59.512,1,4004,54004,ladder_a05_lin_r02,prps,1451,23,0.434828,-6,0,-6,-0.01570796,-0.90000,prps,2,187
59517,59.517,1,4004,54004,ladder_a05_lin_r02,prps,1441,13,0.250632,-10,0,-10,-0.02617994,-1.50000,prps,2,188
59522,59.522,1,4004,54004,ladder_a05_lin_r02,prps,1430,2,0.043372,-12,0,-12,-0.03141592,-1.80000,prps,2,189
59527,59.527,1,4004,54004,ladder_a05_lin_r02,prps,1420,-8,-0.158254,-13,0,-13,-0.03403392,-1.95000,prps,2,190
59532,59.532,1,4004,54004,ladder_a05_lin_r02,prps,1411,-17,-0.328561,-13,0,-13,-0.03403392,-1.95000,prps,2,191
59537,59.537,1,4004,54004,ladder_a05_lin_r02,prps,1404,-24,-0.448624,-12,0,-12,-0.03141592,-1.80000,prps,2,192
59542,59.542,1,4004,54004,ladder_a05_lin_r02,prps,1401,-27,-0.508625,-9,0,-9,-0.02356194,-1.35000,prps,2,193
59547,59.547,1,4004,54004,ladder_a05_lin_r02,prps,1401,-27,-0.508499,-6,0,-6,-0.01570796,-0.90000,prps,2,194
59552,59.552,1,4004,54004,ladder_a05_lin_r02,prps,1404,-24,-0.456877,-2,0,-2,-0.00523599,-0.30000,prps,2,195
59557,59.557,1,4004,54004,ladder_a05_lin_r02,prps,1408,-20,-0.368669,2,0,2,0.00523599,0.30000,prps,2,196
59562,59.562,1,4004,54004,ladder_a05_lin_r02,prps,1414,-14,-0.261844,5,0,5,0.01308997,0.75000,prps,2,197
59567,59.567,1,4004,54004,ladder_a05_lin_r02,prps,1420,-8,-0.154104,7,0,7,0.01832596,1.05000,prps,2,198
59572,59.572,1,4004,54004,ladder_a05_lin_r02,prps,1425,-3,-0.060063,8,0,8,0.02094395,1.20000,prps,2,199
59577,59.577,1,4004,54004,ladder_a05_lin_r02,prps,1429,1,0.010548,8,0,8,0.02094395,1.20000,prps,2,200
59582,59.582,1,4004,54004,ladder_a05_lin_r02,prps,1431,3,0.053459,7,0,7,0.01832596,1.05000,prps,2,201
59587,59.587,1,4004,54004,ladder_a05_lin_r02,prps,1432,4,0.069244,5,0,5,0.01308997,0.75000,prps,2,202
59592,59.592,1,4004,54004,ladder_a05_lin_r02,prps,1431,3,0.061833,3,0,3,0.00785398,0.45000,prps,2,203
59597,59.597,1,4004,54004,ladder_a05_lin_r02,prps,1430,2,0.036613,2,0,2,0.00523599,0.30000,prps,2,204
59602,59.602,1,4004,54004,ladder_a05_lin_r02,prps,1428,0,-0.001352,1,0,1,0.00261799,0.15000,prps,2,205
59607,59.607,1,4004,54004,ladder_a05_lin_r02,prps,1425,-3,-0.048540,-1,0,-1,-0.00261799,-0.15000,prps,2,206
59612,59.612,1,4004,54004,ladder_a05_lin_r02,prps,1423,-5,-0.103349,-1,0,-1,-0.00261799,-0.15000,prps,2,207
59617,59.617,1,4004,54004,ladder_a05_lin_r02,prps,1419,-9,-0.165606,-1,0,-1,-0.00261799,-0.15000,prps,2,208
59622,59.622,1,4004,54004,ladder_a05_lin_r02,prps,1416,-12,-0.235391,-1,0,-1,-0.00261799,-0.15000,prps,2,209
59627,59.627,1,4004,54004,ladder_a05_lin_r02,prps,1411,-17,-0.311574,-1,0,-1,-0.00261799,-0.15000,prps,2,210
59632,59.632,1,4004,54004,ladder_a05_lin_r02,prps,1407,-21,-0.390517,-1,0,-1,-0.00261799,-0.15000,prps,2,211
59637,59.637,1,4004,54004,ladder_a05_lin_r02,prps,1403,-25,-0.465398,0,0,0,0.00000000,0.00000,prps,2,212
59642,59.642,1,4004,54004,ladder_a05_lin_r02,prps,1400,-28,-0.526422,2,0,2,0.00523599,0.30000,prps,2,213
59647,59.647,1,4004,54004,ladder_a05_lin_r02,prps,1398,-30,-0.562028,5,0,5,0.01308997,0.75000,prps,2,214
59652,59.652,1,4004,54004,ladder_a05_lin_r02,prps,1398,-30,-0.560885,7,0,7,0.01832596,1.05000,prps,2,215
59657,59.657,1,4004,54004,ladder_a05_lin_r02,prps,1401,-27,-0.514299,9,0,9,0.02356194,1.35000,prps,2,216
59662,59.662,1,4004,54004,ladder_a05_lin_r02,prps,1406,-22,-0.418504,11,0,11,0.02879793,1.65000,prps,2,217
59667,59.667,1,4004,54004,ladder_a05_lin_r02,prps,1413,-15,-0.276270,12,0,12,0.03141592,1.80000,prps,2,218
59672,59.672,1,4004,54004,ladder_a05_lin_r02,prps,1423,-5,-0.097401,13,0,13,0.03403392,1.95000,prps,2,219
59677,59.677,1,4004,54004,ladder_a05_lin_r02,prps,1433,5,0.102109,13,0,13,0.03403392,1.95000,prps,2,220
59682,59.682,1,4004,54004,ladder_a05_lin_r02,prps,1444,16,0.302216,12,0,12,0.03141592,1.80000,prps,2,221
59687,59.687,1,4004,54004,ladder_a05_lin_r02,prps,1454,26,0.481924,10,0,10,0.02617994,1.50000,prps,2,222
59692,59.692,1,4004,54004,ladder_a05_lin_r02,prps,1461,33,0.622786,6,0,6,0.01570796,0.90000,prps,2,223
59697,59.697,1,4004,54004,ladder_a05_lin_r02,prps,1466,38,0.712131,2,0,2,0.00523599,0.30000,prps,2,224
59702,59.702,1,4004,54004,ladder_a05_lin_r02,prps,1468,40,0.745366,-3,0,-3,-0.00785398,-0.45000,prps,2,225
59707,59.707,1,4004,54004,ladder_a05_lin_r02,prps,1467,39,0.726849,-7,0,-7,-0.01832596,-1.05000,prps,2,226
59712,59.712,1,4004,54004,ladder_a05_lin_r02,prps,1463,35,0.669132,-11,0,-11,-0.02879793,-1.65000,prps,2,227
59717,59.717,1,4004,54004,ladder_a05_lin_r02,prps,1459,31,0.590636,-15,0,-15,-0.03926991,-2.25000,prps,2,228
59722,59.722,1,4004,54004,ladder_a05_lin_r02,prps,1455,27,0.512210,-18,0,-18,-0.04712389,-2.70000,prps,2,229
59727,59.727,1,4004,54004,ladder_a05_lin_r02,prps,1452,24,0.453191,-20,0,-20,-0.05235988,-3.00000,prps,2,230
59732,59.732,1,4004,54004,ladder_a05_lin_r02,prps,1451,23,0.427754,-21,0,-21,-0.05497787,-3.15000,prps,2,231
59737,59.737,1,4004,54004,ladder_a05_lin_r02,prps,1451,23,0.442252,-21,0,-21,-0.05497787,-3.15000,prps,2,232
59742,59.742,1,4004,54004,ladder_a05_lin_r02,prps,1454,26,0.494095,-21,0,-21,-0.05497787,-3.15000,prps,2,233
59747,59.747,1,4004,54004,ladder_a05_lin_r02,prps,1458,30,0.572394,-21,0,-21,-0.05497787,-3.15000,prps,2,234
59752,59.752,1,4004,54004,ladder_a05_lin_r02,prps,1463,35,0.660249,-21,0,-21,-0.05497787,-3.15000,prps,2,235
59757,59.757,1,4004,54004,ladder_a05_lin_r02,prps,1467,39,0.738252,-21,0,-21,-0.05497787,-3.15000,prps,2,236
59762,59.762,1,4004,54004,ladder_a05_lin_r02,prps,1470,42,0.788489,-21,0,-21,-0.05497787,-3.15000,prps,2,237
59767,59.767,1,4004,54004,ladder_a05_lin_r02,prps,1470,42,0.798268,-22,0,-22,-0.05759586,-3.30000,prps,2,238
59772,59.772,1,4004,54004,ladder_a05_lin_r02,prps,1468,40,0.762814,-23,0,-23,-0.06021386,-3.45000,prps,2,239
59777,59.777,1,4004,54004,ladder_a05_lin_r02,prps,1464,36,0.686385,-24,0,-24,-0.06283185,-3.60000,prps,2,240
59782,59.782,1,4004,54004,ladder_a05_lin_r02,prps,1459,31,0.581596,-25,0,-25,-0.06544985,-3.75000,prps,2,241
59787,59.787,1,4004,54004,ladder_a05_lin_r02,prps,1453,25,0.467062,-25,0,-25,-0.06544985,-3.75000,prps,2,242
59792,59.792,1,4004,54004,ladder_a05_lin_r02,prps,1447,19,0.363824,-25,0,-25,-0.06544985,-3.75000,prps,2,243
59797,59.797,1,4004,54004,ladder_a05_lin_r02,prps,1443,15,0.291274,-24,0,-24,-0.06283185,-3.60000,prps,2,244
59802,59.802,1,4004,54004,ladder_a05_lin_r02,prps,1442,14,0.263360,-24,0,-24,-0.06283185,-3.60000,prps,2,245
59807,59.807,1,4004,54004,ladder_a05_lin_r02,prps,1443,15,0.285829,-22,0,-22,-0.05759586,-3.30000,prps,2,246
59812,59.812,1,4004,54004,ladder_a05_lin_r02,prps,1447,19,0.355051,-19,0,-19,-0.04974188,-2.85000,prps,2,247
59817,59.817,1,4004,54004,ladder_a05_lin_r02,prps,1452,24,0.458617,-17,0,-17,-0.04450589,-2.55000,prps,2,248
59822,59.822,1,4004,54004,ladder_a05_lin_r02,prps,1459,31,0.577631,-16,0,-16,-0.04188790,-2.40000,prps,2,249
59827,59.827,1,4004,54004,ladder_a05_lin_r02,prps,1465,37,0.690201,-16,0,-16,-0.04188790,-2.40000,prps,2,250
59832,59.832,1,4004,54004,ladder_a05_lin_r02,prps,1469,41,0.775469,-16,0,-16,-0.04188790,-2.40000,prps,2,251
59837,59.837,1,4004,54004,ladder_a05_lin_r02,prps,1471,43,0.817411,-16,0,-16,-0.04188790,-2.40000,prps,2,252
59842,59.842,1,4004,54004,ladder_a05_lin_r02,prps,1471,43,0.807666,-18,0,-18,-0.04712389,-2.70000,prps,2,253
59847,59.847,1,4004,54004,ladder_a05_lin_r02,prps,1468,40,0.746908,-20,0,-20,-0.05235988,-3.00000,prps,2,254
59852,59.852,1,4004,54004,ladder_a05_lin_r02,prps,1462,34,0.644518,-23,0,-23,-0.06021386,-3.45000,prps,2,255
59857,59.857,1,4004,54004,ladder_a05_lin_r02,prps,1455,27,0.516685,-24,0,-24,-0.06283185,-3.60000,prps,2,256
59862,59.862,1,4004,54004,ladder_a05_lin_r02,prps,1448,20,0.383327,-25,0,-25,-0.06544985,-3.75000,prps,2,257
59867,59.867,1,4004,54004,ladder_a05_lin_r02,prps,1442,14,0.264464,-25,0,-25,-0.06544985,-3.75000,prps,2,258
59872,59.872,1,4004,54004,ladder_a05_lin_r02,prps,1437,9,0.176747,-24,0,-24,-0.06283185,-3.60000,prps,2,259
59877,59.877,1,4004,54004,ladder_a05_lin_r02,prps,1435,7,0.130769,-22,0,-22,-0.05759586,-3.30000,prps,2,260
59882,59.882,1,4004,54004,ladder_a05_lin_r02,prps,1435,7,0.129636,-19,0,-19,-0.04974188,-2.85000,prps,2,261
59887,59.887,1,4004,54004,ladder_a05_lin_r02,prps,1437,9,0.168973,-17,0,-17,-0.04450589,-2.55000,prps,2,262
59892,59.892,1,4004,54004,ladder_a05_lin_r02,prps,1441,13,0.238291,-14,0,-14,-0.03665191,-2.10000,prps,2,263
59897,59.897,1,4004,54004,ladder_a05_lin_r02,prps,1445,17,0.323343,-12,0,-12,-0.03141592,-1.80000,prps,2,264
59902,59.902,1,4004,54004,ladder_a05_lin_r02,prps,1450,22,0.408951,-12,0,-12,-0.03141592,-1.80000,prps,2,265
59907,59.907,1,4004,54004,ladder_a05_lin_r02,prps,1454,26,0.481723,-12,0,-12,-0.03141592,-1.80000,prps,2,266
59912,59.912,1,4004,54004,ladder_a05_lin_r02,prps,1456,28,0.532135,-12,0,-12,-0.03141592,-1.80000,prps,2,267
59917,59.917,1,4004,54004,ladder_a05_lin_r02,prps,1457,29,0.555633,-12,0,-12,-0.03141592,-1.80000,prps,2,268
59922,59.922,1,4004,54004,ladder_a05_lin_r02,prps,1457,29,0.552617,-13,0,-13,-0.03403392,-1.95000,prps,2,269
59927,59.927,1,4004,54004,ladder_a05_lin_r02,prps,1456,28,0.527440,-15,0,-15,-0.03926991,-2.25000,prps,2,270
59932,59.932,1,4004,54004,ladder_a05_lin_r02,prps,1454,26,0.486727,-16,0,-16,-0.04188790,-2.40000,prps,2,271
59937,59.937,1,4004,54004,ladder_a05_lin_r02,prps,1451,23,0.437454,-18,0,-18,-0.04712389,-2.70000,prps,2,272
59942,59.942,1,4004,54004,ladder_a05_lin_r02,prps,1448,20,0.385255,-18,0,-18,-0.04712389,-2.70000,prps,2,273
59947,59.947,1,4004,54004,ladder_a05_lin_r02,prps,1446,18,0.333315,-18,0,-18,-0.04712389,-2.70000,prps,2,274
59952,59.952,1,4004,54004,ladder_a05_lin_r02,prps,1443,15,0.282076,-18,0,-18,-0.04712389,-2.70000,prps,2,275
59957,59.957,1,4004,54004,ladder_a05_lin_r02,prps,1440,12,0.229778,-18,0,-18,-0.04712389,-2.70000,prps,2,276
59962,59.962,1,4004,54004,ladder_a05_lin_r02,prps,1437,9,0.173631,-18,0,-18,-0.04712389,-2.70000,prps,2,277
59967,59.967,1,4004,54004,ladder_a05_lin_r02,prps,1434,6,0.111320,-17,0,-17,-0.04450589,-2.55000,prps,2,278
59972,59.972,1,4004,54004,ladder_a05_lin_r02,prps,1430,2,0.042424,-16,0,-16,-0.04188790,-2.40000,prps,2,279
59977,59.977,1,4004,54004,ladder_a05_lin_r02,prps,1426,-2,-0.030605,-15,0,-15,-0.03926991,-2.25000,prps,2,280
59982,59.982,1,4004,54004,ladder_a05_lin_r02,prps,1423,-5,-0.102182,-13,0,-13,-0.03403392,-1.95000,prps,2,281
59987,59.987,1,4004,54004,ladder_a05_lin_r02,prps,1419,-9,-0.164134,-11,0,-11,-0.02879793,-1.65000,prps,2,282
59992,59.992,1,4004,54004,ladder_a05_lin_r02,prps,1417,-11,-0.206976,-9,0,-9,-0.02356194,-1.35000,prps,2,283
59997,59.997,1,4004,54004,ladder_a05_lin_r02,prps,1416,-12,-0.221661,-6,0,-6,-0.01570796,-0.90000,prps,2,284
60002,60.002,1,4004,54004,ladder_a05_lin_r02,prps,1417,-11,-0.201447,-4,0,-4,-0.01047198,-0.60000,prps,2,285
60007,60.007,1,4004,54004,ladder_a05_lin_r02,prps,1420,-8,-0.143496,-1,0,-1,-0.00261799,-0.15000,prps,2,286
60012,60.012,1,4004,54004,ladder_a05_lin_r02,prps,1425,-3,-0.049856,0,0,0,0.00000000,0.00000,prps,2,287
60017,60.017,1,4004,54004,ladder_a05_lin_r02,prps,1432,4,0.072386,1,0,1,0.00261799,0.15000,prps,2,288
60022,60.022,1,4004,54004,ladder_a05_lin_r02,prps,1439,11,0.211825,1,0,1,0.00261799,0.15000,prps,2,289
60027,60.027,1,4004,54004,ladder_a05_lin_r02,prps,1447,19,0.354236,1,0,1,0.00261799,0.15000,prps,2,290
60032,60.032,1,4004,54004,ladder_a05_lin_r02,prps,1454,26,0.484563,0,0,0,0.00000000,0.00000,prps,2,291
60037,60.037,1,4004,54004,ladder_a05_lin_r02,prps,1459,31,0.589072,-2,0,-2,-0.00523599,-0.30000,prps,2,292
60042,60.042,1,4004,54004,ladder_a05_lin_r02,prps,1463,35,0.657279,-4,0,-4,-0.01047198,-0.60000,prps,2,293
60047,60.047,1,4004,54004,ladder_a05_lin_r02,prps,1464,36,0.683363,-7,0,-7,-0.01832596,-1.05000,prps,2,294
60052,60.052,1,4004,54004,ladder_a05_lin_r02,prps,1463,35,0.666835,-10,0,-10,-0.02617994,-1.50000,prps,2,295
60057,60.057,1,4004,54004,ladder_a05_lin_r02,prps,1460,32,0.612415,-14,0,-14,-0.03665191,-2.10000,prps,2,296
60062,60.062,1,4004,54004,ladder_a05_lin_r02,prps,1456,28,0.529179,-17,0,-17,-0.04450589,-2.55000,prps,2,297
60067,60.067,1,4004,54004,ladder_a05_lin_r02,prps,1451,23,0.429158,-19,0,-19,-0.04974188,-2.85000,prps,2,298
60072,60.072,1,4004,54004,ladder_a05_lin_r02,prps,1445,17,0.325655,-20,0,-20,-0.05235988,-3.00000,prps,2,299
60077,60.077,1,4004,54004,ladder_a05_lin_r02,prps,1440,12,0.231529,-20,0,-20,-0.05235988,-3.00000,prps,2,300
60082,60.082,1,4004,54004,ladder_a05_lin_r02,prps,1436,8,0.157688,-19,0,-19,-0.04974188,-2.85000,prps,2,301
60087,60.087,1,4004,54004,ladder_a05_lin_r02,prps,1434,6,0.111947,-18,0,-18,-0.04712389,-2.70000,prps,2,302
60092,60.092,1,4004,54004,ladder_a05_lin_r02,prps,1433,5,0.098339,-16,0,-16,-0.04188790,-2.40000,prps,2,303
60097,60.097,1,4004,54004,ladder_a05_lin_r02,prps,1434,6,0.116879,-16,0,-16,-0.04188790,-2.40000,prps,2,304
60102,60.102,1,4004,54004,ladder_a05_lin_r02,prps,1437,9,0.163731,-14,0,-14,-0.03665191,-2.10000,prps,2,305
60107,60.107,1,4004,54004,ladder_a05_lin_r02,prps,1440,12,0.231705,-12,0,-12,-0.03141592,-1.80000,prps,2,306
60112,60.112,1,4004,54004,ladder_a05_lin_r02,prps,1444,16,0.310999,-11,0,-11,-0.02879793,-1.65000,prps,2,307
60117,60.117,1,4004,54004,ladder_a05_lin_r02,prps,1449,21,0.390140,-11,0,-11,-0.02879793,-1.65000,prps,2,308
60122,60.122,1,4004,54004,ladder_a05_lin_r02,prps,1452,24,0.457061,-11,0,-11,-0.02879793,-1.65000,prps,2,309
60127,60.127,1,4004,54004,ladder_a05_lin_r02,prps,1455,27,0.500292,-11,0,-11,-0.02879793,-1.65000,prps,2,310
60132,60.132,1,4004,54004,ladder_a05_lin_r02,prps,1455,27,0.510209,-12,0,-12,-0.03141592,-1.80000,prps,2,311
60137,60.137,1,4004,54004,ladder_a05_lin_r02,prps,1453,25,0.480259,-13,0,-13,-0.03403392,-1.95000,prps,2,312
60142,60.142,1,4004,54004,ladder_a05_lin_r02,prps,1450,22,0.408039,-14,0,-14,-0.03665191,-2.10000,prps,2,313
60147,60.147,1,4004,54004,ladder_a05_lin_r02,prps,1444,16,0.296063,-16,0,-16,-0.04188790,-2.40000,prps,2,314
60152,60.152,1,4004,54004,ladder_a05_lin_r02,prps,1436,8,0.152044,-16,0,-16,-0.04188790,-2.40000,prps,2,315
60157,60.157,1,4004,54004,ladder_a05_lin_r02,prps,1427,-1,-0.011460,-16,0,-16,-0.04188790,-2.40000,prps,2,316
60162,60.162,1,4004,54004,ladder_a05_lin_r02,prps,1419,-9,-0.178135,-16,0,-16,-0.04188790,-2.40000,prps,2,317
60167,60.167,1,4004,54004,ladder_a05_lin_r02,prps,1411,-17,-0.329697,-14,0,-14,-0.03665191,-2.10000,prps,2,318
60172,60.172,1,4004,54004,ladder_a05_lin_r02,prps,1404,-24,-0.448224,-13,0,-13,-0.03403392,-1.95000,prps,2,319
60177,60.177,1,4004,54004,ladder_a05_lin_r02,prps,1401,-27,-0.518749,-10,0,-10,-0.02617994,-1.50000,prps,2,320
60182,60.182,1,4004,54004,ladder_a05_lin_r02,prps,1400,-28,-0.531714,-5,0,-5,-0.01308997,-0.75000,prps,2,321
60187,60.187,1,4004,54004,ladder_a05_lin_r02,prps,1402,-26,-0.484850,-1,0,-1,-0.00261799,-0.15000,prps,2,322
60192,60.192,1,4004,54004,ladder_a05_lin_r02,prps,1408,-20,-0.384100,3,0,3,0.00785398,0.45000,prps,2,323
60197,60.197,1,4004,54004,ladder_a05_lin_r02,prps,1415,-13,-0.243303,6,0,6,0.01570796,0.90000,prps,2,324
60202,60.202,1,4004,54004,ladder_a05_lin_r02,prps,1424,-4,-0.082558,8,0,8,0.02094395,1.20000,prps,2,325
60207,60.207,1,4004,54004,ladder_a05_lin_r02,prps,1432,4,0.074568,8,0,8,0.02094395,1.20000,prps,2,326
60212,60.212,1,4004,54004,ladder_a05_lin_r02,prps,1439,11,0.204616,8,0,8,0.02094395,1.20000,prps,2,327
60217,60.217,1,4004,54004,ladder_a05_lin_r02,prps,1443,15,0.288025,6,0,6,0.01570796,0.90000,prps,2,328
60222,60.222,1,4004,54004,ladder_a05_lin_r02,prps,1445,17,0.312501,4,0,4,0.01047198,0.60000,prps,2,329
60227,60.227,1,4004,54004,ladder_a05_lin_r02,prps,1443,15,0.275316,1,0,1,0.00261799,0.15000,prps,2,330
60232,60.232,1,4004,54004,ladder_a05_lin_r02,prps,1438,10,0.184093,-1,0,-1,-0.00261799,-0.15000,prps,2,331
60237,60.237,1,4004,54004,ladder_a05_lin_r02,prps,1431,3,0.055828,-4,0,-4,-0.01047198,-0.60000,prps,2,332
60242,60.242,1,4004,54004,ladder_a05_lin_r02,prps,1423,-5,-0.085748,-6,0,-6,-0.01570796,-0.90000,prps,2,333
60247,60.247,1,4004,54004,ladder_a05_lin_r02,prps,1417,-11,-0.214088,-6,0,-6,-0.01570796,-0.90000,prps,2,334
60252,60.252,1,4004,54004,ladder_a05_lin_r02,prps,1412,-16,-0.304375,-6,0,-6,-0.01570796,-0.90000,prps,2,335
60257,60.257,1,4004,54004,ladder_a05_lin_r02,prps,1410,-18,-0.337897,-6,0,-6,-0.01570796,-0.90000,prps,2,336
60262,60.262,1,4004,54004,ladder_a05_lin_r02,prps,1412,-16,-0.305473,-4,0,-4,-0.01047198,-0.60000,prps,2,337
60267,60.267,1,4004,54004,ladder_a05_lin_r02,prps,1417,-11,-0.209278,-1,0,-1,-0.00261799,-0.15000,prps,2,338
60272,60.272,1,4004,54004,ladder_a05_lin_r02,prps,1425,-3,-0.062693,1,0,1,0.00261799,0.15000,prps,2,339
60277,60.277,1,4004,54004,ladder_a05_lin_r02,prps,1434,6,0.111812,3,0,3,0.00785398,0.45000,prps,2,340
60282,60.282,1,4004,54004,ladder_a05_lin_r02,prps,1443,15,0.286449,3,0,3,0.00785398,0.45000,prps,2,341
60287,60.287,1,4004,54004,ladder_a05_lin_r02,prps,1451,23,0.432840,3,0,3,0.00785398,0.45000,prps,2,342
60292,60.292,1,4004,54004,ladder_a05_lin_r02,prps,1456,28,0.526889,1,0,1,0.00261799,0.15000,prps,2,343
60297,60.297,1,4004,54004,ladder_a05_lin_r02,prps,1457,29,0.552902,-1,0,-1,-0.00261799,-0.15000,prps,2,344
60302,60.302,1,4004,54004,ladder_a05_lin_r02,prps,1455,27,0.506210,-4,0,-4,-0.01047198,-0.60000,prps,2,345
60307,60.307,1,4004,54004,ladder_a05_lin_r02,prps,1449,21,0.393834,-8,0,-8,-0.02094395,-1.20000,prps,2,346
60312,60.312,1,4004,54004,ladder_a05_lin_r02,prps,1440,12,0.233080,-11,0,-11,-0.02879793,-1.65000,prps,2,347
60317,60.317,1,4004,54004,ladder_a05_lin_r02,prps,1431,3,0.048342,-13,0,-13,-0.03403392,-1.95000,prps,2,348
60322,60.322,1,4004,54004,ladder_a05_lin_r02,prps,1421,-7,-0.133267,-14,0,-14,-0.03665191,-2.10000,prps,2,349
60327,60.327,1,4004,54004,ladder_a05_lin_r02,prps,1413,-15,-0.286633,-14,0,-14,-0.03665191,-2.10000,prps,2,350
60332,60.332,1,4004,54004,ladder_a05_lin_r02,prps,1407,-21,-0.392837,-12,0,-12,-0.03141592,-1.80000,prps,2,351
60337,60.337,1,4004,54004,ladder_a05_lin_r02,prps,1405,-23,-0.442060,-11,0,-11,-0.02879793,-1.65000,prps,2,352
60342,60.342,1,4004,54004,ladder_a05_lin_r02,prps,1405,-23,-0.434697,-7,0,-7,-0.01832596,-1.05000,prps,2,353
60347,60.347,1,4004,54004,ladder_a05_lin_r02,prps,1408,-20,-0.380548,-3,0,-3,-0.00785398,-0.45000,prps,2,354
60352,60.352,1,4004,54004,ladder_a05_lin_r02,prps,1412,-16,-0.296294,0,0,0,0.00000000,0.00000,prps,2,355
60357,60.357,1,4004,54004,ladder_a05_lin_r02,prps,1417,-11,-0.201842,4,0,4,0.01047198,0.60000,prps,2,356
60362,60.362,1,4004,54004,ladder_a05_lin_r02,prps,1422,-6,-0.116275,6,0,6,0.01570796,0.90000,prps,2,357
60367,60.367,1,4004,54004,ladder_a05_lin_r02,prps,1425,-3,-0.054239,6,0,6,0.01570796,0.90000,prps,2,358
60372,60.372,1,4004,54004,ladder_a05_lin_r02,prps,1427,-1,-0.023454,6,0,6,0.01570796,0.90000,prps,2,359
60377,60.377,1,4004,54004,ladder_a05_lin_r02,prps,1427,-1,-0.023808,5,0,5,0.01308997,0.75000,prps,2,360
60382,60.382,1,4004,54004,ladder_a05_lin_r02,prps,1425,-3,-0.048142,4,0,4,0.01047198,0.60000,prps,2,361
60387,60.387,1,4004,54004,ladder_a05_lin_r02,prps,1424,-4,-0.084478,2,0,2,0.00523599,0.30000,prps,2,362
60392,60.392,1,4004,54004,ladder_a05_lin_r02,prps,1422,-6,-0.119185,1,0,1,0.00261799,0.15000,prps,2,363
60397,60.397,1,4004,54004,ladder_a05_lin_r02,prps,1421,-7,-0.140345,1,0,1,0.00261799,0.15000,prps,2,364
60402,60.402,1,4004,54004,ladder_a05_lin_r02,prps,1421,-7,-0.140604,0,0,0,0.00000000,0.00000,prps,2,365
60407,60.407,1,4004,54004,ladder_a05_lin_r02,prps,1422,-6,-0.118902,0,0,0,0.00000000,0.00000,prps,2,366
60412,60.412,1,4004,54004,ladder_a05_lin_r02,prps,1424,-4,-0.080715,0,0,0,0.00000000,0.00000,prps,2,367
60417,60.417,1,4004,54004,ladder_a05_lin_r02,prps,1426,-2,-0.036798,0,0,0,0.00000000,0.00000,prps,2,368
60422,60.422,1,4004,54004,ladder_a05_lin_r02,prps,1428,0,-0.000708,0,0,0,0.00000000,0.00000,prps,2,369
60427,60.427,1,4004,54004,ladder_a05_lin_r02,prps,1429,1,0.014331,0,0,0,0.00000000,0.00000,prps,2,370
60432,60.432,1,4004,54004,ladder_a05_lin_r02,prps,1428,0,-0.001455,0,0,0,0.00000000,0.00000,prps,2,371
60437,60.437,1,4004,54004,ladder_a05_lin_r02,prps,1425,-3,-0.051986,0,0,0,0.00000000,0.00000,prps,2,372
60442,60.442,1,4004,54004,ladder_a05_lin_r02,prps,1421,-7,-0.134145,0,0,0,0.00000000,0.00000,prps,2,373
60447,60.447,1,4004,54004,ladder_a05_lin_r02,prps,1415,-13,-0.238082,0,0,0,0.00000000,0.00000,prps,2,374
60452,60.452,1,4004,54004,ladder_a05_lin_r02,prps,1410,-18,-0.348957,0,0,0,0.00000000,0.00000,prps,2,375
60457,60.457,1,4004,54004,ladder_a05_lin_r02,prps,1404,-24,-0.449753,1,0,1,0.00261799,0.15000,prps,2,376
60462,60.462,1,4004,54004,ladder_a05_lin_r02,prps,1400,-28,-0.524585,2,0,2,0.00523599,0.30000,prps,2,377
60467,60.467,1,4004,54004,ladder_a05_lin_r02,prps,1398,-30,-0.561818,4,0,4,0.01047198,0.60000,prps,2,378
60472,60.472,1,4004,54004,ladder_a05_lin_r02,prps,1399,-29,-0.556357,6,0,6,0.01570796,0.90000,prps,2,379
60477,60.477,1,4004,54004,ladder_a05_lin_r02,prps,1401,-27,-0.510656,8,0,8,0.02094395,1.20000,prps,2,380
60482,60.482,1,4004,54004,ladder_a05_lin_r02,prps,1405,-23,-0.434237,10,0,10,0.02617994,1.50000,prps,2,381
60487,60.487,1,4004,54004,ladder_a05_lin_r02,prps,1410,-18,-0.341845,12,0,12,0.03141592,1.80000,prps,2,382
60492,60.492,1,4004,54004,ladder_a05_lin_r02,prps,1415,-13,-0.250636,12,0,12,0.03141592,1.80000,prps,2,383
60497,60.497,1,4004,54004,ladder_a05_lin_r02,prps,1419,-9,-0.176969,12,0,12,0.03141592,1.80000,prps,2,384
60502,60.502,1,4004,54004,ladder_a05_lin_r02,prps,1421,-7,-0.133459,12,0,12,0.03141592,1.80000,prps,2,385
60507,60.507,1,4004,54004,ladder_a05_lin_r02,prps,1421,-7,-0.126863,11,0,11,0.02879793,1.65000,prps,2,386
60512,60.512,1,4004,54004,ladder_a05_lin_r02,prps,1420,-8,-0.157192,11,0,11,0.02879793,1.65000,prps,2,387
60517,60.517,1,4004,54004,ladder_a05_lin_r02,prps,1416,-12,-0.218158,9,0,9,0.02356194,1.35000,prps,2,388
60522,60.522,1,4004,54004,ladder_a05_lin_r02,prps,1412,-16,-0.298802,7,0,7,0.01832596,1.05000,prps,2,389
60527,60.527,1,4004,54004,ladder_a05_lin_r02,prps,1408,-20,-0.385895,6,0,6,0.01570796,0.90000,prps,2,390
60532,60.532,1,4004,54004,ladder_a05_lin_r02,prps,1403,-25,-0.466561,5,0,5,0.01308997,0.75000,prps,2,391
60537,60.537,1,4004,54004,ladder_a05_lin_r02,prps,1400,-28,-0.530554,5,0,5,0.01308997,0.75000,prps,2,392
60542,60.542,1,4004,54004,ladder_a05_lin_r02,prps,1398,-30,-0.571713,6,0,6,0.01570796,0.90000,prps,2,393
60547,60.547,1,4004,54004,ladder_a05_lin_r02,prps,1397,-31,-0.588355,7,0,7,0.01832596,1.05000,prps,2,394
60552,60.552,1,4004,54004,ladder_a05_lin_r02,prps,1397,-31,-0.582574,9,0,9,0.02356194,1.35000,prps,2,395
60557,60.557,1,4004,54004,ladder_a05_lin_r02,prps,1398,-30,-0.558714,11,0,11,0.02879793,1.65000,prps,2,396
60562,60.562,1,4004,54004,ladder_a05_lin_r02,prps,1400,-28,-0.521442,12,0,12,0.03141592,1.80000,prps,2,397
60567,60.567,1,4004,54004,ladder_a05_lin_r02,prps,1403,-25,-0.473957,13,0,13,0.03403392,1.95000,prps,2,398
60572,60.572,1,4004,54004,ladder_a05_lin_r02,prps,1406,-22,-0.416793,14,0,14,0.03665191,2.10000,prps,2,399
60577,60.577,1,4004,54004,ladder_a05_lin_r02,prps,1410,-18,-0.347579,14,0,14,0.03665191,2.10000,prps,2,400
60582,60.582,1,4004,54004,ladder_a05_lin_r02,prps,1414,-14,-0.261823,14,0,14,0.03665191,2.10000,prps,2,401
60587,60.587,1,4004,54004,ladder_a05_lin_r02,prps,1420,-8,-0.154577,14,0,14,0.03665191,2.10000,prps,2,402
60592,60.592,1,4004,54004,ladder_a05_lin_r02,prps,1427,-1,-0.022573,14,0,14,0.03665191,2.10000,prps,2,403
60597,60.597,1,4004,54004,ladder_a05_lin_r02,prps,1435,7,0.133685,13,0,13,0.03403392,1.95000,prps,2,404
60602,60.602,1,4004,54004,ladder_a05_lin_r02,prps,1444,16,0.308452,10,0,10,0.02617994,1.50000,prps,2,405
60607,60.607,1,4004,54004,ladder_a05_lin_r02,prps,1454,26,0.490331,7,0,7,0.01832596,1.05000,prps,2,406
60612,60.612,1,4004,54004,ladder_a05_lin_r02,prps,1463,35,0.663156,4,0,4,0.01047198,0.60000,prps,2,407
60617,60.617,1,4004,54004,ladder_a05_lin_r02,prps,1471,43,0.808138,0,0,0,0.00000000,0.00000,prps,2,408
60622,60.622,1,4004,54004,ladder_a05_lin_r02,prps,1476,48,0.906925,-4,0,-4,-0.01047198,-0.60000,prps,2,409
60627,60.627,1,4004,54004,ladder_a05_lin_r02,prps,1478,50,0.945034,-9,0,-9,-0.02356194,-1.35000,prps,2,410
60632,60.632,1,4004,54004,ladder_a05_lin_r02,prps,1476,48,0.914961,-13,0,-13,-0.03403392,-1.95000,prps,2,411
60637,60.637,1,4004,54004,ladder_a05_lin_r02,prps,1471,43,0.818317,-18,0,-18,-0.04712389,-2.70000,prps,2,412
60642,60.642,1,4004,54004,ladder_a05_lin_r02,prps,1463,35,0.666493,-22,0,-22,-0.05759586,-3.30000,prps,2,413
60647,60.647,1,4004,54004,ladder_a05_lin_r02,prps,1453,25,0.479597,-24,0,-24,-0.06283185,-3.60000,prps,2,414
60652,60.652,1,4004,54004,ladder_a05_lin_r02,prps,1443,15,0.283769,-25,0,-25,-0.06544985,-3.75000,prps,2,415
60657,60.657,1,4004,54004,ladder_a05_lin_r02,prps,1434,6,0.107292,-25,0,-25,-0.06544985,-3.75000,prps,2,416
60662,60.662,1,4004,54004,ladder_a05_lin_r02,prps,1427,-1,-0.023872,-23,0,-23,-0.06021386,-3.45000,prps,2,417
60667,60.667,1,4004,54004,ladder_a05_lin_r02,prps,1423,-5,-0.090292,-21,0,-21,-0.05497787,-3.15000,prps,2,418
60672,60.672,1,4004,54004,ladder_a05_lin_r02,prps,1424,-4,-0.082299,-18,0,-18,-0.04712389,-2.70000,prps,2,419
60677,60.677,1,4004,54004,ladder_a05_lin_r02,prps,1428,0,-0.001624,-14,0,-14,-0.03665191,-2.10000,prps,2,420
60682,60.682,1,4004,54004,ladder_a05_lin_r02,prps,1435,7,0.138863,-11,0,-11,-0.02879793,-1.65000,prps,2,421
60687,60.687,1,4004,54004,ladder_a05_lin_r02,prps,1445,17,0.317267,-8,0,-8,-0.02094395,-1.20000,prps,2,422
60692,60.692,1,4004,54004,ladder_a05_lin_r02,prps,1455,27,0.506263,-7,0,-7,-0.01832596,-1.05000,prps,2,423
60697,60.697,1,4004,54004,ladder_a05_lin_r02,prps,1464,36,0.677538,-7,0,-7,-0.01832596,-1.05000,prps,2,424
60702,60.702,1,4004,54004,ladder_a05_lin_r02,prps,1471,43,0.806281,-8,0,-8,-0.02094395,-1.20000,prps,2,425
60707,60.707,1,4004,54004,ladder_a05_lin_r02,prps,1474,46,0.874960,-9,0,-9,-0.02356194,-1.35000,prps,2,426
60712,60.712,1,4004,54004,ladder_a05_lin_r02,prps,1474,46,0.875742,-13,0,-13,-0.03403392,-1.95000,prps,2,427
60717,60.717,1,4004,54004,ladder_a05_lin_r02,prps,1471,43,0.811202,-16,0,-16,-0.04188790,-2.40000,prps,2,428
60722,60.722,1,4004,54004,ladder_a05_lin_r02,prps,1465,37,0.693285,-20,0,-20,-0.05235988,-3.00000,prps,2,429
60727,60.727,1,4004,54004,ladder_a05_lin_r02,prps,1457,29,0.540774,-23,0,-23,-0.06021386,-3.45000,prps,2,430
60732,60.732,1,4004,54004,ladder_a05_lin_r02,prps,1448,20,0.375827,-24,0,-24,-0.06283185,-3.60000,prps,2,431
60737,60.737,1,4004,54004,ladder_a05_lin_r02,prps,1440,12,0.220228,-25,0,-25,-0.06544985,-3.75000,prps,2,432
60742,60.742,1,4004,54004,ladder_a05_lin_r02,prps,1433,5,0.092042,-24,0,-24,-0.06283185,-3.60000,prps,2,433
60747,60.747,1,4004,54004,ladder_a05_lin_r02,prps,1428,0,0.003236,-23,0,-23,-0.06021386,-3.45000,prps,2,434
60752,60.752,1,4004,54004,ladder_a05_lin_r02,prps,1426,-2,-0.041405,-20,0,-20,-0.05235988,-3.00000,prps,2,435
60757,60.757,1,4004,54004,ladder_a05_lin_r02,prps,1426,-2,-0.043993,-16,0,-16,-0.04188790,-2.40000,prps,2,436
60762,60.762,1,4004,54004,ladder_a05_lin_r02,prps,1427,-1,-0.012088,-13,0,-13,-0.03403392,-1.95000,prps,2,437
60767,60.767,1,4004,54004,ladder_a05_lin_r02,prps,1430,2,0.043515,-10,0,-10,-0.02617994,-1.50000,prps,2,438
60772,60.772,1,4004,54004,ladder_a05_lin_r02,prps,1434,6,0.111247,-8,0,-8,-0.02094395,-1.20000,prps,2,439
60777,60.777,1,4004,54004,ladder_a05_lin_r02,prps,1438,10,0.180956,-6,0,-6,-0.01570796,-0.90000,prps,2,440
60782,60.782,1,4004,54004,ladder_a05_lin_r02,prps,1441,13,0.245422,-6,0,-6,-0.01570796,-0.90000,prps,2,441
60787,60.787,1,4004,54004,ladder_a05_lin_r02,prps,1444,16,0.300972,-6,0,-6,-0.01570796,-0.90000,prps,2,442
60792,60.792,1,4004,54004,ladder_a05_lin_r02,prps,1446,18,0.347174,-6,0,-6,-0.01570796,-0.90000,prps,2,443
60797,60.797,1,4004,54004,ladder_a05_lin_r02,prps,1448,20,0.385809,-7,0,-7,-0.01832596,-1.05000,prps,2,444
60802,60.802,1,4004,54004,ladder_a05_lin_r02,prps,1450,22,0.419447,-7,0,-7,-0.01832596,-1.05000,prps,2,445
60807,60.807,1,4004,54004,ladder_a05_lin_r02,prps,1452,24,0.450021,-8,0,-8,-0.02094395,-1.20000,prps,2,446
60812,60.812,1,4004,54004,ladder_a05_lin_r02,prps,1453,25,0.477754,-10,0,-10,-0.02617994,-1.50000,prps,2,447
60817,60.817,1,4004,54004,ladder_a05_lin_r02,prps,1455,27,0.500698,-11,0,-11,-0.02879793,-1.65000,prps,2,448
60822,60.822,1,4004,54004,ladder_a05_lin_r02,prps,1455,27,0.514975,-13,0,-13,-0.03403392,-1.95000,prps,2,449
60827,60.827,1,4004,54004,ladder_a05_lin_r02,prps,1455,27,0.515628,-15,0,-15,-0.03926991,-2.25000,prps,2,450
60832,60.832,1,4004,54004,ladder_a05_lin_r02,prps,1454,26,0.497877,-16,0,-16,-0.04188790,-2.40000,prps,2,451
60837,60.837,1,4004,54004,ladder_a05_lin_r02,prps,1452,24,0.458449,-17,0,-17,-0.04450589,-2.55000,prps,2,452
60842,60.842,1,4004,54004,ladder_a05_lin_r02,prps,1449,21,0.396670,-18,0,-18,-0.04712389,-2.70000,prps,2,453
60847,60.847,1,4004,54004,ladder_a05_lin_r02,prps,1445,17,0.315056,-18,0,-18,-0.04712389,-2.70000,prps,2,454
60852,60.852,1,4004,54004,ladder_a05_lin_r02,prps,1440,12,0.219256,-18,0,-18,-0.04712389,-2.70000,prps,2,455
60857,60.857,1,4004,54004,ladder_a05_lin_r02,prps,1434,6,0.117365,-18,0,-18,-0.04712389,-2.70000,prps,2,456
60862,60.862,1,4004,54004,ladder_a05_lin_r02,prps,1429,1,0.018728,-17,0,-17,-0.04450589,-2.55000,prps,2,457
60867,60.867,1,4004,54004,ladder_a05_lin_r02,prps,1424,-4,-0.067490,-16,0,-16,-0.04188790,-2.40000,prps,2,458
60872,60.872,1,4004,54004,ladder_a05_lin_r02,prps,1421,-7,-0.133700,-15,0,-15,-0.03926991,-2.25000,prps,2,459
60877,60.877,1,4004,54004,ladder_a05_lin_r02,prps,1419,-9,-0.174967,-12,0,-12,-0.03141592,-1.80000,prps,2,460
60882,60.882,1,4004,54004,ladder_a05_lin_r02,prps,1418,-10,-0.189578,-9,0,-9,-0.02356194,-1.35000,prps,2,461
60887,60.887,1,4004,54004,ladder_a05_lin_r02,prps,1419,-9,-0.179032,-7,0,-7,-0.01832596,-1.05000,prps,2,462
60892,60.892,1,4004,54004,ladder_a05_lin_r02,prps,1420,-8,-0.147495,-4,0,-4,-0.01047198,-0.60000,prps,2,463
60897,60.897,1,4004,54004,ladder_a05_lin_r02,prps,1423,-5,-0.100873,-2,0,-2,-0.00523599,-0.30000,prps,2,464
60902,60.902,1,4004,54004,ladder_a05_lin_r02,prps,1426,-2,-0.045725,0,0,0,0.00000000,0.00000,prps,2,465
60907,60.907,1,4004,54004,ladder_a05_lin_r02,prps,1429,1,0.011754,1,0,1,0.00261799,0.15000,prps,2,466
60912,60.912,1,4004,54004,ladder_a05_lin_r02,prps,1432,4,0.066491,1,0,1,0.00261799,0.15000,prps,2,467
60917,60.917,1,4004,54004,ladder_a05_lin_r02,prps,1434,6,0.114933,1,0,1,0.00261799,0.15000,prps,2,468
60922,60.922,1,4004,54004,ladder_a05_lin_r02,prps,1436,8,0.155066,0,0,0,0.00000000,0.00000,prps,2,469
60927,60.927,1,4004,54004,ladder_a05_lin_r02,prps,1438,10,0.186137,-1,0,-1,-0.00261799,-0.15000,prps,2,470
60932,60.932,1,4004,54004,ladder_a05_lin_r02,prps,1439,11,0.208213,-2,0,-2,-0.00523599,-0.30000,prps,2,471
60937,60.937,1,4004,54004,ladder_a05_lin_r02,prps,1440,12,0.221739,-3,0,-3,-0.00785398,-0.45000,prps,2,472
60942,60.942,1,4004,54004,ladder_a05_lin_r02,prps,1440,12,0.227222,-4,0,-4,-0.01047198,-0.60000,prps,2,473
60947,60.947,1,4004,54004,ladder_a05_lin_r02,prps,1440,12,0.225119,-4,0,-4,-0.01047198,-0.60000,prps,2,474
60952,60.952,1,4004,54004,ladder_a05_lin_r02,prps,1439,11,0.215916,-5,0,-5,-0.01308997,-0.75000,prps,2,475
60957,60.957,1,4004,54004,ladder_a05_lin_r02,prps,1439,11,0.200341,-6,0,-6,-0.01570796,-0.90000,prps,2,476
60962,60.962,1,4004,54004,ladder_a05_lin_r02,prps,1438,10,0.179586,-7,0,-7,-0.01832596,-1.05000,prps,2,477
60967,60.967,1,4004,54004,ladder_a05_lin_r02,prps,1436,8,0.155418,-7,0,-7,-0.01832596,-1.05000,prps,2,478
60972,60.972,1,4004,54004,ladder_a05_lin_r02,prps,1435,7,0.130092,-7,0,-7,-0.01832596,-1.05000,prps,2,479
60977,60.977,1,4004,54004,ladder_a05_lin_r02,prps,1434,6,0.106053,-7,0,-7,-0.01832596,-1.05000,prps,2,480
60982,60.982,1,4004,54004,ladder_a05_lin_r02,prps,1433,5,0.085456,-7,0,-7,-0.01832596,-1.05000,prps,2,481
60987,60.987,1,4004,54004,ladder_a05_lin_r02,prps,1432,4,0.069642,-7,0,-7,-0.01832596,-1.05000,prps,2,482
60992,60.992,1,4004,54004,ladder_a05_lin_r02,prps,1431,3,0.058718,-7,0,-7,-0.01832596,-1.05000,prps,2,483
60997,60.997,1,4004,54004,ladder_a05_lin_r02,prps,1431,3,0.051392,-7,0,-7,-0.01832596,-1.05000,prps,2,484
61002,61.002,1,4004,54004,ladder_a05_lin_r02,prps,1430,2,0.045149,-7,0,-7,-0.01832596,-1.05000,prps,2,485
61007,61.007,1,4004,54004,ladder_a05_lin_r02,prps,1430,2,0.036803,-7,0,-7,-0.01832596,-1.05000,prps,2,486
61012,61.012,1,4004,54004,ladder_a05_lin_r02,prps,1429,1,0.023301,-7,0,-7,-0.01832596,-1.05000,prps,2,487
61017,61.017,1,4004,54004,ladder_a05_lin_r02,prps,1428,0,0.002634,-7,0,-7,-0.01832596,-1.05000,prps,2,488
61022,61.022,1,4004,54004,ladder_a05_lin_r02,prps,1427,-1,-0.025409,-7,0,-7,-0.01832596,-1.05000,prps,2,489
61027,61.027,1,4004,54004,ladder_a05_lin_r02,prps,1425,-3,-0.058842,-6,0,-6,-0.01570796,-0.90000,prps,2,490
61032,61.032,1,4004,54004,ladder_a05_lin_r02,prps,1423,-5,-0.093636,-6,0,-6,-0.01570796,-0.90000,prps,2,491
61037,61.037,1,4004,54004,ladder_a05_lin_r02,prps,1421,-7,-0.124443,-5,0,-5,-0.01308997,-0.75000,prps,2,492
61042,61.042,1,4004,54004,ladder_a05_lin_r02,prps,1420,-8,-0.145821,-4,0,-4,-0.01047198,-0.60000,prps,2,493
61047,61.047,1,4004,54004,ladder_a05_lin_r02,prps,1420,-8,-0.153716,-3,0,-3,-0.00785398,-0.45000,prps,2,494
61052,61.052,1,4004,54004,ladder_a05_lin_r02,prps,1420,-8,-0.146873,-2,0,-2,-0.00523599,-0.30000,prps,2,495
61057,61.057,1,4004,54004,ladder_a05_lin_r02,prps,1421,-7,-0.127805,0,0,0,0.00000000,0.00000,prps,2,496
61062,61.062,1,4004,54004,ladder_a05_lin_r02,prps,1423,-5,-0.103020,0,0,0,0.00000000,0.00000,prps,2,497
61067,61.067,1,4004,54004,ladder_a05_lin_r02,prps,1424,-4,-0.082308,0,0,0,0.00000000,0.00000,prps,2,498
61072,61.072,1,4004,54004,ladder_a05_lin_r02,prps,1424,-4,-0.077123,0,0,0,0.00000000,0.00000,prps,2,499
61077,61.077,1,4004,54004,ladder_a05_lin_r02,prps,1423,-5,-0.098259,0,0,0,0.00000000,0.00000,prps,2,500
61082,61.082,1,4004,54004,ladder_a05_lin_r02,prps,1420,-8,-0.153242,0,0,0,0.00000000,0.00000,prps,2,501
61087,61.087,1,4004,54004,ladder_a05_lin_r02,prps,1415,-13,-0.243972,0,0,0,0.00000000,0.00000,prps,2,502
61092,61.092,1,4004,54004,ladder_a05_lin_r02,prps,1409,-19,-0.365144,0,0,0,0.00000000,0.00000,prps,2,503
61097,61.097,1,4004,54004,ladder_a05_lin_r02,prps,1401,-27,-0.503908,1,0,1,0.00261799,0.15000,prps,2,504
61102,61.102,1,4004,54004,ladder_a05_lin_r02,prps,1394,-34,-0.640999,2,0,2,0.00523599,0.30000,prps,2,505
61107,61.107,1,4004,54004,ladder_a05_lin_r02,prps,1388,-40,-0.753290,4,0,4,0.01047198,0.60000,prps,2,506
61112,61.112,1,4004,54004,ladder_a05_lin_r02,prps,1385,-43,-0.817454,7,0,7,0.01832596,1.05000,prps,2,507
61117,61.117,1,4004,54004,ladder_a05_lin_r02,prps,1385,-43,-0.814131,10,0,10,0.02617994,1.50000,prps,2,508
61122,61.122,1,4004,54004,ladder_a05_lin_r02,prps,1389,-39,-0.731856,13,0,13,0.03403392,1.95000,prps,2,509
61127,61.127,1,4004,54004,ladder_a05_lin_r02,prps,1398,-30,-0.569984,16,0,16,0.04188790,2.40000,prps,2,510
61132,61.132,1,4004,54004,ladder_a05_lin_r02,prps,1410,-18,-0.339968,18,0,18,0.04712389,2.70000,prps,2,511
61137,61.137,1,4004,54004,ladder_a05_lin_r02,prps,1425,-3,-0.064623,19,0,19,0.04974188,2.85000,prps,2,512
61142,61.142,1,4004,54004,ladder_a05_lin_r02,prps,1440,12,0.224654,19,0,19,0.04974188,2.85000,prps,2,513
61147,61.147,1,4004,54004,ladder_a05_lin_r02,prps,1454,26,0.492341,18,0,18,0.04712389,2.70000,prps,2,514
61152,61.152,1,4004,54004,ladder_a05_lin_r02,prps,1465,37,0.704234,14,0,14,0.03665191,2.10000,prps,2,515
61157,61.157,1,4004,54004,ladder_a05_lin_r02,prps,1472,44,0.832963,8,0,8,0.02094395,1.20000,prps,2,516
61162,61.162,1,4004,54004,ladder_a05_lin_r02,prps,1474,46,0.862609,3,0,3,0.00785398,0.45000,prps,2,517
61167,61.167,1,4004,54004,ladder_a05_lin_r02,prps,1470,42,0.791581,-3,0,-3,-0.00785398,-0.45000,prps,2,518
61172,61.172,1,4004,54004,ladder_a05_lin_r02,prps,1462,34,0.633183,-9,0,-9,-0.02356194,-1.35000,prps,2,519
61177,61.177,1,4004,54004,ladder_a05_lin_r02,prps,1450,22,0.413717,-14,0,-14,-0.03665191,-2.10000,prps,2,520
61182,61.182,1,4004,54004,ladder_a05_lin_r02,prps,1437,9,0.168390,-17,0,-17,-0.04450589,-2.55000,prps,2,521
61187,61.187,1,4004,54004,ladder_a05_lin_r02,prps,1425,-3,-0.064297,-19,0,-19,-0.04974188,-2.85000,prps,2,522
61192,61.192,1,4004,54004,ladder_a05_lin_r02,prps,1415,-13,-0.248717,-19,0,-19,-0.04974188,-2.85000,prps,2,523
61197,61.197,1,4004,54004,ladder_a05_lin_r02,prps,1409,-19,-0.357789,-17,0,-17,-0.04450589,-2.55000,prps,2,524
61202,61.202,1,4004,54004,ladder_a05_lin_r02,prps,1408,-20,-0.377167,-14,0,-14,-0.03665191,-2.10000,prps,2,525
61207,61.207,1,4004,54004,ladder_a05_lin_r02,prps,1412,-16,-0.307239,-11,0,-11,-0.02879793,-1.65000,prps,2,526
61212,61.212,1,4004,54004,ladder_a05_lin_r02,prps,1419,-9,-0.162618,-7,0,-7,-0.01832596,-1.05000,prps,2,527
61217,61.217,1,4004,54004,ladder_a05_lin_r02,prps,1430,2,0.030748,-3,0,-3,-0.00785398,-0.45000,prps,2,528
61222,61.222,1,4004,54004,ladder_a05_lin_r02,prps,1441,13,0.240267,0,0,0,0.00000000,0.00000,prps,2,529
61227,61.227,1,4004,54004,ladder_a05_lin_r02,prps,1451,23,0.432355,0,0,0,0.00000000,0.00000,prps,2,530
61232,61.232,1,4004,54004,ladder_a05_lin_r02,prps,1459,31,0.578000,0,0,0,0.00000000,0.00000,prps,2,531
61237,61.237,1,4004,54004,ladder_a05_lin_r02,prps,1463,35,0.657284,-2,0,-2,-0.00523599,-0.30000,prps,2,532
61242,61.242,1,4004,54004,ladder_a05_lin_r02,prps,1463,35,0.662102,-4,0,-4,-0.01047198,-0.60000,prps,2,533
61247,61.247,1,4004,54004,ladder_a05_lin_r02,prps,1460,32,0.596685,-8,0,-8,-0.02094395,-1.20000,prps,2,534
61252,61.252,1,4004,54004,ladder_a05_lin_r02,prps,1453,25,0.475964,-11,0,-11,-0.02879793,-1.65000,prps,2,535
61257,61.257,1,4004,54004,ladder_a05_lin_r02,prps,1445,17,0.322177,-14,0,-14,-0.03665191,-2.10000,prps,2,536
61262,61.262,1,4004,54004,ladder_a05_lin_r02,prps,1437,9,0.160461,-17,0,-17,-0.04450589,-2.55000,prps,2,537
61267,61.267,1,4004,54004,ladder_a05_lin_r02,prps,1429,1,0.014303,-17,0,-17,-0.04450589,-2.55000,prps,2,538
61272,61.272,1,4004,54004,ladder_a05_lin_r02,prps,1423,-5,-0.098303,-17,0,-17,-0.04450589,-2.55000,prps,2,539
61277,61.277,1,4004,54004,ladder_a05_lin_r02,prps,1419,-9,-0.167330,-15,0,-15,-0.03926991,-2.25000,prps,2,540
61282,61.282,1,4004,54004,ladder_a05_lin_r02,prps,1418,-10,-0.191466,-13,0,-13,-0.03403392,-1.95000,prps,2,541
61287,61.287,1,4004,54004,ladder_a05_lin_r02,prps,1419,-9,-0.177139,-11,0,-11,-0.02879793,-1.65000,prps,2,542
61292,61.292,1,4004,54004,ladder_a05_lin_r02,prps,1421,-7,-0.136173,-8,0,-8,-0.02094395,-1.20000,prps,2,543
61297,61.297,1,4004,54004,ladder_a05_lin_r02,prps,1424,-4,-0.082663,-5,0,-5,-0.01308997,-0.75000,prps,2,544
61302,61.302,1,4004,54004,ladder_a05_lin_r02,prps,1426,-2,-0.029793,-3,0,-3,-0.00785398,-0.45000,prps,2,545
61307,61.307,1,4004,54004,ladder_a05_lin_r02,prps,1429,1,0.012752,-1,0,-1,-0.00261799,-0.15000,prps,2,546
61312,61.312,1,4004,54004,ladder_a05_lin_r02,prps,1430,2,0.040264,-1,0,-1,-0.00261799,-0.15000,prps,2,547
61317,61.317,1,4004,54004,ladder_a05_lin_r02,prps,1431,3,0.053168,-1,0,-1,-0.00261799,-0.15000,prps,2,548
61322,61.322,1,4004,54004,ladder_a05_lin_r02,prps,1431,3,0.055946,-1,0,-1,-0.00261799,-0.15000,prps,2,549
61327,61.327,1,4004,54004,ladder_a05_lin_r02,prps,1431,3,0.055168,-1,0,-1,-0.00261799,-0.15000,prps,2,550
61332,61.332,1,4004,54004,ladder_a05_lin_r02,prps,1431,3,0.057177,-1,0,-1,-0.00261799,-0.15000,prps,2,551
61337,61.337,1,4004,54004,ladder_a05_lin_r02,prps,1431,3,0.066005,-1,0,-1,-0.00261799,-0.15000,prps,2,552
61342,61.342,1,4004,54004,ladder_a05_lin_r02,prps,1432,4,0.082031,-1,0,-1,-0.00261799,-0.15000,prps,2,553
61347,61.347,1,4004,54004,ladder_a05_lin_r02,prps,1433,5,0.101694,-1,0,-1,-0.00261799,-0.15000,prps,2,554
61352,61.352,1,4004,54004,ladder_a05_lin_r02,prps,1434,6,0.118302,-1,0,-1,-0.00261799,-0.15000,prps,2,555
61357,61.357,1,4004,54004,ladder_a05_lin_r02,prps,1435,7,0.123743,-1,0,-1,-0.00261799,-0.15000,prps,2,556
61362,61.362,1,4004,54004,ladder_a05_lin_r02,prps,1434,6,0.110649,-2,0,-2,-0.00523599,-0.30000,prps,2,557
61367,61.367,1,4004,54004,ladder_a05_lin_r02,prps,1432,4,0.074511,-3,0,-3,-0.00785398,-0.45000,prps,2,558
61372,61.372,1,4004,54004,ladder_a05_lin_r02,prps,1429,1,0.015183,-3,0,-3,-0.00785398,-0.45000,prps,2,559
61377,61.377,1,4004,54004,ladder_a05_lin_r02,prps,1425,-3,-0.062572,-3,0,-3,-0.00785398,-0.45000,prps,2,560
61382,61.382,1,4004,54004,ladder_a05_lin_r02,prps,1420,-8,-0.149687,-3,0,-3,-0.00785398,-0.45000,prps,2,561
61387,61.387,1,4004,54004,ladder_a05_lin_r02,prps,1416,-12,-0.234435,-3,0,-3,-0.00785398,-0.45000,prps,2,562
61392,61.392,1,4004,54004,ladder_a05_lin_r02,prps,1412,-16,-0.304775,-3,0,-3,-0.00785398,-0.45000,prps,2,563
61397,61.397,1,4004,54004,ladder_a05_lin_r02,prps,1409,-19,-0.350881,-2,0,-2,-0.00523599,-0.30000,prps,2,564
61402,61.402,1,4004,54004,ladder_a05_lin_r02,prps,1409,-19,-0.367311,0,0,0,0.00000000,0.00000,prps,2,565
61407,61.407,1,4004,54004,ladder_a05_lin_r02,prps,1409,-19,-0.354294,2,0,2,0.00523599,0.30000,prps,2,566
61412,61.412,1,4004,54004,ladder_a05_lin_r02,prps,1411,-17,-0.317842,4,0,4,0.01047198,0.60000,prps,2,567
61417,61.417,1,4004,54004,ladder_a05_lin_r02,prps,1414,-14,-0.268619,6,0,6,0.01570796,0.90000,prps,2,568
61422,61.422,1,4004,54004,ladder_a05_lin_r02,prps,1416,-12,-0.219774,6,0,6,0.01570796,0.90000,prps,2,569
61427,61.427,1,4004,54004,ladder_a05_lin_r02,prps,1418,-10,-0.184190,7,0,7,0.01832596,1.05000,prps,2,570
61432,61.432,1,4004,54004,ladder_a05_lin_r02,prps,1419,-9,-0.171707,6,0,6,0.01570796,0.90000,prps,2,571
61437,61.437,1,4004,54004,ladder_a05_lin_r02,prps,1418,-10,-0.186925,6,0,6,0.01570796,0.90000,prps,2,572
61442,61.442,1,4004,54004,ladder_a05_lin_r02,prps,1416,-12,-0.228053,6,0,6,0.01570796,0.90000,prps,2,573
61447,61.447,1,4004,54004,ladder_a05_lin_r02,prps,1413,-15,-0.287074,6,0,6,0.01570796,0.90000,prps,2,574
61452,61.452,1,4004,54004,ladder_a05_lin_r02,prps,1409,-19,-0.351208,6,0,6,0.01570796,0.90000,prps,2,575
61457,61.457,1,4004,54004,ladder_a05_lin_r02,prps,1407,-21,-0.405393,6,0,6,0.01570796,0.90000,prps,2,576
61462,61.462,1,4004,54004,ladder_a05_lin_r02,prps,1405,-23,-0.435277,6,0,6,0.01570796,0.90000,prps,2,577
61467,61.467,1,4004,54004,ladder_a05_lin_r02,prps,1405,-23,-0.430114,7,0,7,0.01832596,1.05000,prps,2,578
61472,61.472,1,4004,54004,ladder_a05_lin_r02,prps,1408,-20,-0.384964,7,0,7,0.01832596,1.05000,prps,2,579
61477,61.477,1,4004,54004,ladder_a05_lin_r02,prps,1412,-16,-0.301752,8,0,8,0.02094395,1.20000,prps,2,580
61482,61.482,1,4004,54004,ladder_a05_lin_r02,prps,1418,-10,-0.188966,8,0,8,0.02094395,1.20000,prps,2,581
61487,61.487,1,4004,54004,ladder_a05_lin_r02,prps,1425,-3,-0.060052,8,0,8,0.02094395,1.20000,prps,2,582
61492,61.492,1,4004,54004,ladder_a05_lin_r02,prps,1432,4,0.069145,8,0,8,0.02094395,1.20000,prps,2,583
61497,61.497,1,4004,54004,ladder_a05_lin_r02,prps,1438,10,0.183379,8,0,8,0.02094395,1.20000,prps,2,584
61502,61.502,1,4004,54004,ladder_a05_lin_r02,prps,1442,14,0.270815,6,0,6,0.01570796,0.90000,prps,2,585
61507,61.507,1,4004,54004,ladder_a05_lin_r02,prps,1445,17,0.325097,3,0,3,0.00785398,0.45000,prps,2,586
61512,61.512,1,4004,54004,ladder_a05_lin_r02,prps,1446,18,0.346239,2,0,2,0.00523599,0.30000,prps,2,587
61517,61.517,1,4004,54004,ladder_a05_lin_r02,prps,1446,18,0.340213,-1,0,-1,-0.00261799,-0.15000,prps,2,588
61522,61.522,1,4004,54004,ladder_a05_lin_r02,prps,1445,17,0.317313,-4,0,-4,-0.01047198,-0.60000,prps,2,589
61527,61.527,1,4004,54004,ladder_a05_lin_r02,prps,1443,15,0.289689,-6,0,-6,-0.01570796,-0.90000,prps,2,590
61532,61.532,1,4004,54004,ladder_a05_lin_r02,prps,1442,14,0.268579,-8,0,-8,-0.02094395,-1.20000,prps,2,591
61537,61.537,1,4004,54004,ladder_a05_lin_r02,prps,1442,14,0.261830,-10,0,-10,-0.02617994,-1.50000,prps,2,592
61542,61.542,1,4004,54004,ladder_a05_lin_r02,prps,1442,14,0.272239,-10,0,-10,-0.02617994,-1.50000,prps,2,593
61547,61.547,1,4004,54004,ladder_a05_lin_r02,prps,1444,16,0.297054,-10,0,-10,-0.02617994,-1.50000,prps,2,594
61552,61.552,1,4004,54004,ladder_a05_lin_r02,prps,1445,17,0.328733,-10,0,-10,-0.02617994,-1.50000,prps,2,595
61557,61.557,1,4004,54004,ladder_a05_lin_r02,prps,1447,19,0.356780,-10,0,-10,-0.02617994,-1.50000,prps,2,596
61562,61.562,1,4004,54004,ladder_a05_lin_r02,prps,1448,20,0.370253,-10,0,-10,-0.02617994,-1.50000,prps,2,597
61567,61.567,1,4004,54004,ladder_a05_lin_r02,prps,1447,19,0.360406,-11,0,-11,-0.02879793,-1.65000,prps,2,598
61572,61.572,1,4004,54004,ladder_a05_lin_r02,prps,1445,17,0.322881,-12,0,-12,-0.03141592,-1.80000,prps,2,599
61577,61.577,1,4004,54004,ladder_a05_lin_r02,prps,1442,14,0.258978,-13,0,-13,-0.03403392,-1.95000,prps,2,600
61582,61.582,1,4004,54004,ladder_a05_lin_r02,prps,1437,9,0.175716,-13,0,-13,-0.03403392,-1.95000,prps,2,601
61587,61.587,1,4004,54004,ladder_a05_lin_r02,prps,1432,4,0.084669,-13,0,-13,-0.03403392,-1.95000,prps,2,602
61592,61.592,1,4004,54004,ladder_a05_lin_r02,prps,1428,0,-0.000219,-12,0,-12,-0.03141592,-1.80000,prps,2,603
61597,61.597,1,4004,54004,ladder_a05_lin_r02,prps,1425,-3,-0.065366,-12,0,-12,-0.03141592,-1.80000,prps,2,604
61602,61.602,1,4004,54004,ladder_a05_lin_r02,prps,1423,-5,-0.100310,-11,0,-11,-0.02879793,-1.65000,prps,2,605
61607,61.607,1,4004,54004,ladder_a05_lin_r02,prps,1423,-5,-0.099898,-10,0,-10,-0.02617994,-1.50000,prps,2,606
61612,61.612,1,4004,54004,ladder_a05_lin_r02,prps,1425,-3,-0.065480,-8,0,-8,-0.02094395,-1.20000,prps,2,607
61617,61.617,1,4004,54004,ladder_a05_lin_r02,prps,1428,0,-0.004852,-6,0,-6,-0.01570796,-0.90000,prps,2,608
61622,61.622,1,4004,54004,ladder_a05_lin_r02,prps,1432,4,0.069050,-4,0,-4,-0.01047198,-0.60000,prps,2,609
61627,61.627,1,4004,54004,ladder_a05_lin_r02,prps,1435,7,0.140454,-4,0,-4,-0.01047198,-0.60000,prps,2,610
61632,61.632,1,4004,54004,ladder_a05_lin_r02,prps,1438,10,0.193618,-3,0,-3,-0.00785398,-0.45000,prps,2,611
61637,61.637,1,4004,54004,ladder_a05_lin_r02,prps,1439,11,0.215698,-3,0,-3,-0.00785398,-0.45000,prps,2,612
61642,61.642,1,4004,54004,ladder_a05_lin_r02,prps,1439,11,0.199105,-4,0,-4,-0.01047198,-0.60000,prps,2,613
61647,61.647,1,4004,54004,ladder_a05_lin_r02,prps,1436,8,0.142898,-4,0,-4,-0.01047198,-0.60000,prps,2,614
61652,61.652,1,4004,54004,ladder_a05_lin_r02,prps,1431,3,0.052993,-5,0,-5,-0.01308997,-0.75000,prps,2,615
61657,61.657,1,4004,54004,ladder_a05_lin_r02,prps,1425,-3,-0.058825,-5,0,-5,-0.01308997,-0.75000,prps,2,616
61662,61.662,1,4004,54004,ladder_a05_lin_r02,prps,1419,-9,-0.176874,-5,0,-5,-0.01308997,-0.75000,prps,2,617
61667,61.667,1,4004,54004,ladder_a05_lin_r02,prps,1413,-15,-0.284146,-5,0,-5,-0.01308997,-0.75000,prps,2,618
61672,61.672,1,4004,54004,ladder_a05_lin_r02,prps,1409,-19,-0.365002,-4,0,-4,-0.01047198,-0.60000,prps,2,619
61677,61.677,1,4004,54004,ladder_a05_lin_r02,prps,1406,-22,-0.407525,-2,0,-2,-0.00523599,-0.30000,prps,2,620
61682,61.682,1,4004,54004,ladder_a05_lin_r02,prps,1407,-21,-0.405155,0,0,0,0.00000000,0.00000,prps,2,621
61687,61.687,1,4004,54004,ladder_a05_lin_r02,prps,1409,-19,-0.357390,3,0,3,0.00785398,0.45000,prps,2,622
61692,61.692,1,4004,54004,ladder_a05_lin_r02,prps,1414,-14,-0.269519,5,0,5,0.01308997,0.75000,prps,2,623
61697,61.697,1,4004,54004,ladder_a05_lin_r02,prps,1420,-8,-0.151518,7,0,7,0.01832596,1.05000,prps,2,624
61702,61.702,1,4004,54004,ladder_a05_lin_r02,prps,1427,-1,-0.016401,7,0,7,0.01832596,1.05000,prps,2,625
61707,61.707,1,4004,54004,ladder_a05_lin_r02,prps,1434,6,0.121671,7,0,7,0.01832596,1.05000,prps,2,626
61712,61.712,1,4004,54004,ladder_a05_lin_r02,prps,1441,13,0.249168,6,0,6,0.01570796,0.90000,prps,2,627
61717,61.717,1,4004,54004,ladder_a05_lin_r02,prps,1447,19,0.354624,4,0,4,0.01047198,0.60000,prps,2,628
61722,61.722,1,4004,54004,ladder_a05_lin_r02,prps,1451,23,0.429562,1,0,1,0.00261799,0.15000,prps,2,629
61727,61.727,1,4004,54004,ladder_a05_lin_r02,prps,1453,25,0.468898,0,0,0,0.00000000,0.00000,prps,2,630
61732,61.732,1,4004,54004,ladder_a05_lin_r02,prps,1453,25,0.470888,-3,0,-3,-0.00785398,-0.45000,prps,2,631
61737,61.737,1,4004,54004,ladder_a05_lin_r02,prps,1451,23,0.436779,-6,0,-6,-0.01570796,-0.90000,prps,2,632
61742,61.742,1,4004,54004,ladder_a05_lin_r02,prps,1448,20,0.370304,-9,0,-9,-0.02356194,-1.35000,prps,2,633
61747,61.747,1,4004,54004,ladder_a05_lin_r02,prps,1443,15,0.277174,-12,0,-12,-0.03141592,-1.80000,prps,2,634
61752,61.752,1,4004,54004,ladder_a05_lin_r02,prps,1437,9,0.164617,-13,0,-13,-0.03403392,-1.95000,prps,2,635
61757,61.757,1,4004,54004,ladder_a05_lin_r02,prps,1430,2,0.040988,-13,0,-13,-0.03403392,-1.95000,prps,2,636
61762,61.762,1,4004,54004,ladder_a05_lin_r02,prps,1424,-4,-0.084607,-13,0,-13,-0.03403392,-1.95000,prps,2,637
61767,61.767,1,4004,54004,ladder_a05_lin_r02,prps,1417,-11,-0.202757,-12,0,-12,-0.03141592,-1.80000,prps,2,638
61772,61.772,1,4004,54004,ladder_a05_lin_r02,prps,1412,-16,-0.304318,-10,0,-10,-0.02617994,-1.50000,prps,2,639
61777,61.777,1,4004,54004,ladder_a05_lin_r02,prps,1408,-20,-0.381139,-9,0,-9,-0.02356194,-1.35000,prps,2,640
61782,61.782,1,4004,54004,ladder_a05_lin_r02,prps,1405,-23,-0.426894,-6,0,-6,-0.01570796,-0.90000,prps,2,641
61787,61.787,1,4004,54004,ladder_a05_lin_r02,prps,1405,-23,-0.437902,-3,0,-3,-0.00785398,-0.45000,prps,2,642
61792,61.792,1,4004,54004,ladder_a05_lin_r02,prps,1406,-22,-0.413785,1,0,1,0.00261799,0.15000,prps,2,643
61797,61.797,1,4004,54004,ladder_a05_lin_r02,prps,1409,-19,-0.357795,4,0,4,0.01047198,0.60000,prps,2,644
61802,61.802,1,4004,54004,ladder_a05_lin_r02,prps,1413,-15,-0.276668,6,0,6,0.01570796,0.90000,prps,2,645
61807,61.807,1,4004,54004,ladder_a05_lin_r02,prps,1418,-10,-0.179968,7,0,7,0.01832596,1.05000,prps,2,646
61812,61.812,1,4004,54004,ladder_a05_lin_r02,prps,1424,-4,-0.078948,8,0,8,0.02094395,1.20000,prps,2,647
61817,61.817,1,4004,54004,ladder_a05_lin_r02,prps,1429,1,0.014899,8,0,8,0.02094395,1.20000,prps,2,648
61822,61.822,1,4004,54004,ladder_a05_lin_r02,prps,1433,5,0.091385,7,0,7,0.01832596,1.05000,prps,2,649
61827,61.827,1,4004,54004,ladder_a05_lin_r02,prps,1436,8,0.142986,6,0,6,0.01570796,0.90000,prps,2,650
61832,61.832,1,4004,54004,ladder_a05_lin_r02,prps,1437,9,0.165765,4,0,4,0.01047198,0.60000,prps,2,651
61837,61.837,1,4004,54004,ladder_a05_lin_r02,prps,1436,8,0.159698,2,0,2,0.00523599,0.30000,prps,2,652
61842,61.842,1,4004,54004,ladder_a05_lin_r02,prps,1435,7,0.128332,0,0,0,0.00000000,0.00000,prps,2,653
61847,61.847,1,4004,54004,ladder_a05_lin_r02,prps,1432,4,0.077864,-1,0,-1,-0.00261799,-0.15000,prps,2,654
61852,61.852,1,4004,54004,ladder_a05_lin_r02,prps,1429,1,0.015844,-3,0,-3,-0.00785398,-0.45000,prps,2,655
61857,61.857,1,4004,54004,ladder_a05_lin_r02,prps,1425,-3,-0.050235,-4,0,-4,-0.01047198,-0.60000,prps,2,656
61862,61.862,1,4004,54004,ladder_a05_lin_r02,prps,1422,-6,-0.114130,-4,0,-4,-0.01047198,-0.60000,prps,2,657
61867,61.867,1,4004,54004,ladder_a05_lin_r02,prps,1419,-9,-0.171618,-4,0,-4,-0.01047198,-0.60000,prps,2,658
61872,61.872,1,4004,54004,ladder_a05_lin_r02,prps,1416,-12,-0.220659,-3,0,-3,-0.00785398,-0.45000,prps,2,659
61877,61.877,1,4004,54004,ladder_a05_lin_r02,prps,1414,-14,-0.260992,-3,0,-3,-0.00785398,-0.45000,prps,2,660
61882,61.882,1,4004,54004,ladder_a05_lin_r02,prps,1412,-16,-0.293288,-2,0,-2,-0.00523599,-0.30000,prps,2,661
61887,61.887,1,4004,54004,ladder_a05_lin_r02,prps,1411,-17,-0.318137,-1,0,-1,-0.00261799,-0.15000,prps,2,662
61892,61.892,1,4004,54004,ladder_a05_lin_r02,prps,1410,-18,-0.335161,1,0,1,0.00261799,0.15000,prps,2,663
61897,61.897,1,4004,54004,ladder_a05_lin_r02,prps,1410,-18,-0.342565,3,0,3,0.00785398,0.45000,prps,2,664
61902,61.902,1,4004,54004,ladder_a05_lin_r02,prps,1410,-18,-0.337278,5,0,5,0.01308997,0.75000,prps,2,665
61907,61.907,1,4004,54004,ladder_a05_lin_r02,prps,1411,-17,-0.315743,6,0,6,0.01570796,0.90000,prps,2,666
61912,61.912,1,4004,54004,ladder_a05_lin_r02,prps,1413,-15,-0.275198,6,0,6,0.01570796,0.90000,prps,2,667
61917,61.917,1,4004,54004,ladder_a05_lin_r02,prps,1417,-11,-0.215152,6,0,6,0.01570796,0.90000,prps,2,668
61922,61.922,1,4004,54004,ladder_a05_lin_r02,prps,1421,-7,-0.138673,6,0,6,0.01570796,0.90000,prps,2,669
61927,61.927,1,4004,54004,ladder_a05_lin_r02,prps,1425,-3,-0.053093,6,0,6,0.01570796,0.90000,prps,2,670
61932,61.932,1,4004,54004,ladder_a05_lin_r02,prps,1430,2,0.030183,5,0,5,0.01308997,0.75000,prps,2,671
61937,61.937,1,4004,54004,ladder_a05_lin_r02,prps,1433,5,0.096880,5,0,5,0.01308997,0.75000,prps,2,672
61942,61.942,1,4004,54004,ladder_a05_lin_r02,prps,1435,7,0.131979,3,0,3,0.00785398,0.45000,prps,2,673
61947,61.947,1,4004,54004,ladder_a05_lin_r02,prps,1434,6,0.122459,2,0,2,0.00523599,0.30000,prps,2,674
61952,61.952,1,4004,54004,ladder_a05_lin_r02,prps,1431,3,0.060133,1,0,1,0.00261799,0.15000,prps,2,675
61957,61.957,1,4004,54004,ladder_a05_lin_r02,prps,1425,-3,-0.055987,0,0,0,0.00000000,0.00000,prps,2,676
61962,61.962,1,4004,54004,ladder_a05_lin_r02,prps,1416,-12,-0.218360,-1,0,-1,-0.00261799,-0.15000,prps,2,677
61967,61.967,1,4004,54004,ladder_a05_lin_r02,prps,1406,-22,-0.411016,-1,0,-1,-0.00261799,-0.15000,prps,2,678
61972,61.972,1,4004,54004,ladder_a05_lin_r02,prps,1396,-32,-0.611225,-1,0,-1,-0.00261799,-0.15000,prps,2,679
61977,61.977,1,4004,54004,ladder_a05_lin_r02,prps,1386,-42,-0.792588,-1,0,-1,-0.00261799,-0.15000,prps,2,680
61982,61.982,1,4004,54004,ladder_a05_lin_r02,prps,1379,-49,-0.929083,2,0,2,0.00523599,0.30000,prps,2,681
61987,61.987,1,4004,54004,ladder_a05_lin_r02,prps,1375,-53,-0.999383,6,0,6,0.01570796,0.90000,prps,2,682
61992,61.992,1,4004,54004,ladder_a05_lin_r02,prps,1375,-53,-0.990660,10,0,10,0.02617994,1.50000,prps,2,683
61997,61.997,1,4004,54004,ladder_a05_lin_r02,prps,1380,-48,-0.901142,15,0,15,0.03926991,2.25000,prps,2,684
62002,62.002,1,4004,54004,ladder_a05_lin_r02,prps,1389,-39,-0.740854,19,0,19,0.04974188,2.85000,prps,2,685
62007,62.007,1,4004,54004,ladder_a05_lin_r02,prps,1400,-28,-0.530340,22,0,22,0.05759586,3.30000,prps,2,686
62012,62.012,1,4004,54004,ladder_a05_lin_r02,prps,1412,-16,-0.297481,23,0,23,0.06021386,3.45000,prps,2,687
62017,62.017,1,4004,54004,ladder_a05_lin_r02,prps,1424,-4,-0.072945,23,0,23,0.06021386,3.45000,prps,2,688
62022,62.022,1,4004,54004,ladder_a05_lin_r02,prps,1434,6,0.114963,23,0,23,0.06021386,3.45000,prps,2,689
62027,62.027,1,4004,54004,ladder_a05_lin_r02,prps,1441,13,0.245107,20,0,20,0.05235988,3.00000,prps,2,690
62032,62.032,1,4004,54004,ladder_a05_lin_r02,prps,1444,16,0.307099,17,0,17,0.04450589,2.55000,prps,2,691
62037,62.037,1,4004,54004,ladder_a05_lin_r02,prps,1444,16,0.302959,12,0,12,0.03141592,1.80000,prps,2,692
62042,62.042,1,4004,54004,ladder_a05_lin_r02,prps,1441,13,0.246526,7,0,7,0.01832596,1.05000,prps,2,693
62047,62.047,1,4004,54004,ladder_a05_lin_r02,prps,1437,9,0.160704,3,0,3,0.00785398,0.45000,prps,2,694
62052,62.052,1,4004,54004,ladder_a05_lin_r02,prps,1432,4,0.073026,-1,0,-1,-0.00261799,-0.15000,prps,2,695
62057,62.057,1,4004,54004,ladder_a05_lin_r02,prps,1429,1,0.010371,-3,0,-3,-0.00785398,-0.45000,prps,2,696
62062,62.062,1,4004,54004,ladder_a05_lin_r02,prps,1428,0,-0.006177,-4,0,-4,-0.01047198,-0.60000,prps,2,697
62067,62.067,1,4004,54004,ladder_a05_lin_r02,prps,1430,2,0.034631,-5,0,-5,-0.01308997,-0.75000,prps,2,698
62072,62.072,1,4004,54004,ladder_a05_lin_r02,prps,1435,7,0.132055,-5,0,-5,-0.01308997,-0.75000,prps,2,699
62077,62.077,1,4004,54004,ladder_a05_lin_r02,prps,1442,14,0.273514,-5,0,-5,-0.01308997,-0.75000,prps,2,700
62082,62.082,1,4004,54004,ladder_a05_lin_r02,prps,1451,23,0.436992,-5,0,-5,-0.01308997,-0.75000,prps,2,701
62087,62.087,1,4004,54004,ladder_a05_lin_r02,prps,1460,32,0.595272,-5,0,-5,-0.01308997,-0.75000,prps,2,702
62092,62.092,1,4004,54004,ladder_a05_lin_r02,prps,1466,38,0.721165,-6,0,-6,-0.01570796,-0.90000,prps,2,703
62097,62.097,1,4004,54004,ladder_a05_lin_r02,prps,1470,42,0.792761,-9,0,-9,-0.02356194,-1.35000,prps,2,704
62102,62.102,1,4004,54004,ladder_a05_lin_r02,prps,1470,42,0.797675,-12,0,-12,-0.03141592,-1.80000,prps,2,705
62107,62.107,1,4004,54004,ladder_a05_lin_r02,prps,1467,39,0.735501,-15,0,-15,-0.03926991,-2.25000,prps,2,706
62112,62.112,1,4004,54004,ladder_a05_lin_r02,prps,1461,33,0.617996,-19,0,-19,-0.04974188,-2.85000,prps,2,707
62117,62.117,1,4004,54004,ladder_a05_lin_r02,prps,1453,25,0.466980,-22,0,-22,-0.05759586,-3.30000,prps,2,708
62122,62.122,1,4004,54004,ladder_a05_lin_r02,prps,1444,16,0.310338,-23,0,-23,-0.06021386,-3.45000,prps,2,709
62127,62.127,1,4004,54004,ladder_a05_lin_r02,prps,1437,9,0.176911,-23,0,-23,-0.06021386,-3.45000,prps,2,710
62132,62.132,1,4004,54004,ladder_a05_lin_r02,prps,1433,5,0.091225,-22,0,-22,-0.05759586,-3.30000,prps,2,711
62137,62.137,1,4004,54004,ladder_a05_lin_r02,prps,1432,4,0.069052,-21,0,-21,-0.05497787,-3.15000,prps,2,712
62142,62.142,1,4004,54004,ladder_a05_lin_r02,prps,1434,6,0.114605,-18,0,-18,-0.04712389,-2.70000,prps,2,713
62147,62.147,1,4004,54004,ladder_a05_lin_r02,prps,1440,12,0.219879,-15,0,-15,-0.03926991,-2.25000,prps,2,714
62152,62.152,1,4004,54004,ladder_a05_lin_r02,prps,1447,19,0.366198,-13,0,-13,-0.03403392,-1.95000,prps,2,715
62157,62.157,1,4004,54004,ladder_a05_lin_r02,prps,1456,28,0.527650,-12,0,-12,-0.03141592,-1.80000,prps,2,716
62162,62.162,1,4004,54004,ladder_a05_lin_r02,prps,1464,36,0.675728,-11,0,-11,-0.02879793,-1.65000,prps,2,717
62167,62.167,1,4004,54004,ladder_a05_lin_r02,prps,1470,42,0.784304,-12,0,-12,-0.03141592,-1.80000,prps,2,718
62172,62.172,1,4004,54004,ladder_a05_lin_r02,prps,1472,44,0.834020,-13,0,-13,-0.03403392,-1.95000,prps,2,719
62177,62.177,1,4004,54004,ladder_a05_lin_r02,prps,1471,43,0.815340,-15,0,-15,-0.03926991,-2.25000,prps,2,720
62182,62.182,1,4004,54004,ladder_a05_lin_r02,prps,1467,39,0.729778,-19,0,-19,-0.04974188,-2.85000,prps,2,721
62187,62.187,1,4004,54004,ladder_a05_lin_r02,prps,1459,31,0.589161,-22,0,-22,-0.05759586,-3.30000,prps,2,722
62192,62.192,1,4004,54004,ladder_a05_lin_r02,prps,1450,22,0.413203,-24,0,-24,-0.06283185,-3.60000,prps,2,723
62197,62.197,1,4004,54004,ladder_a05_lin_r02,prps,1440,12,0.225897,-25,0,-25,-0.06544985,-3.75000,prps,2,724
62202,62.202,1,4004,54004,ladder_a05_lin_r02,prps,1431,3,0.051477,-24,0,-24,-0.06283185,-3.60000,prps,2,725
62207,62.207,1,4004,54004,ladder_a05_lin_r02,prps,1423,-5,-0.089320,-24,0,-24,-0.06283185,-3.60000,prps,2,726
62212,62.212,1,4004,54004,ladder_a05_lin_r02,prps,1418,-10,-0.182045,-20,0,-20,-0.05235988,-3.00000,prps,2,727
62217,62.217,1,4004,54004,ladder_a05_lin_r02,prps,1416,-12,-0.219993,-17,0,-17,-0.04450589,-2.55000,prps,2,728
62222,62.222,1,4004,54004,ladder_a05_lin_r02,prps,1417,-11,-0.204203,-13,0,-13,-0.03403392,-1.95000,prps,2,729
62227,62.227,1,4004,54004,ladder_a05_lin_r02,prps,1420,-8,-0.142202,-9,0,-9,-0.02356194,-1.35000,prps,2,730
62232,62.232,1,4004,54004,ladder_a05_lin_r02,prps,1426,-2,-0.045889,-6,0,-6,-0.01570796,-0.90000,prps,2,731
62237,62.237,1,4004,54004,ladder_a05_lin_r02,prps,1432,4,0.070913,-3,0,-3,-0.00785398,-0.45000,prps,2,732
62242,62.242,1,4004,54004,ladder_a05_lin_r02,prps,1438,10,0.194686,-1,0,-1,-0.00261799,-0.15000,prps,2,733
62247,62.247,1,4004,54004,ladder_a05_lin_r02,prps,1445,17,0.313852,-1,0,-1,-0.00261799,-0.15000,prps,2,734
62252,62.252,1,4004,54004,ladder_a05_lin_r02,prps,1450,22,0.419563,-1,0,-1,-0.00261799,-0.15000,prps,2,735
62257,62.257,1,4004,54004,ladder_a05_lin_r02,prps,1455,27,0.505684,-3,0,-3,-0.00785398,-0.45000,prps,2,736
62262,62.262,1,4004,54004,ladder_a05_lin_r02,prps,1458,30,0.568166,-4,0,-4,-0.01047198,-0.60000,prps,2,737
62267,62.267,1,4004,54004,ladder_a05_lin_r02,prps,1460,32,0.604154,-6,0,-6,-0.01570796,-0.90000,prps,2,738
62272,62.272,1,4004,54004,ladder_a05_lin_r02,prps,1460,32,0.611225,-9,0,-9,-0.02356194,-1.35000,prps,2,739
62277,62.277,1,4004,54004,ladder_a05_lin_r02,prps,1459,31,0.587036,-12,0,-12,-0.03141592,-1.80000,prps,2,740
62282,62.282,1,4004,54004,ladder_a05_lin_r02,prps,1456,28,0.529575,-15,0,-15,-0.03926991,-2.25000,prps,2,741
62287,62.287,1,4004,54004,ladder_a05_lin_r02,prps,1451,23,0.437958,-17,0,-17,-0.04450589,-2.55000,prps,2,742
62292,62.292,1,4004,54004,ladder_a05_lin_r02,prps,1445,17,0.313565,-19,0,-19,-0.04974188,-2.85000,prps,2,743
62297,62.297,1,4004,54004,ladder_a05_lin_r02,prps,1437,9,0.161169,-19,0,-19,-0.04974188,-2.85000,prps,2,744
62302,62.302,1,4004,54004,ladder_a05_lin_r02,prps,1427,-1,-0.010339,-19,0,-19,-0.04974188,-2.85000,prps,2,745
62307,62.307,1,4004,54004,ladder_a05_lin_r02,prps,1418,-10,-0.187970,-17,0,-17,-0.04450589,-2.55000,prps,2,746
62312,62.312,1,4004,54004,ladder_a05_lin_r02,prps,1409,-19,-0.355576,-16,0,-16,-0.04188790,-2.40000,prps,2,747
62317,62.317,1,4004,54004,ladder_a05_lin_r02,prps,1402,-26,-0.495684,-13,0,-13,-0.03403392,-1.95000,prps,2,748
62322,62.322,1,4004,54004,ladder_a05_lin_r02,prps,1397,-31,-0.591993,-10,0,-10,-0.02617994,-1.50000,prps,2,749
62327,62.327,1,4004,54004,ladder_a05_lin_r02,prps,1394,-34,-0.632095,-5,0,-5,-0.01308997,-0.75000,prps,2,750
62332,62.332,1,4004,54004,ladder_a05_lin_r02,prps,1396,-32,-0.609891,-1,0,-1,-0.00261799,-0.15000,prps,2,751
62337,62.337,1,4004,54004,ladder_a05_lin_r02,prps,1400,-28,-0.527198,4,0,4,0.01047198,0.60000,prps,2,752
62342,62.342,1,4004,54004,ladder_a05_lin_r02,prps,1407,-21,-0.394136,7,0,7,0.01832596,1.05000,prps,2,753
62347,62.347,1,4004,54004,ladder_a05_lin_r02,prps,1416,-12,-0.228129,10,0,10,0.02617994,1.50000,prps,2,754
62352,62.352,1,4004,54004,ladder_a05_lin_r02,prps,1425,-3,-0.051590,11,0,11,0.02879793,1.65000,prps,2,755
62357,62.357,1,4004,54004,ladder_a05_lin_r02,prps,1434,6,0.111352,11,0,11,0.02879793,1.65000,prps,2,756
62362,62.362,1,4004,54004,ladder_a05_lin_r02,prps,1441,13,0.238546,10,0,10,0.02617994,1.50000,prps,2,757
62367,62.367,1,4004,54004,ladder_a05_lin_r02,prps,1445,17,0.313288,8,0,8,0.02094395,1.20000,prps,2,758
62372,62.372,1,4004,54004,ladder_a05_lin_r02,prps,1445,17,0.326941,5,0,5,0.01308997,0.75000,prps,2,759
62377,62.377,1,4004,54004,ladder_a05_lin_r02,prps,1443,15,0.280226,2,0,2,0.00523599,0.30000,prps,2,760
62382,62.382,1,4004,54004,ladder_a05_lin_r02,prps,1438,10,0.182958,-1,0,-1,-0.00261799,-0.15000,prps,2,761
62387,62.387,1,4004,54004,ladder_a05_lin_r02,prps,1431,3,0.052262,-4,0,-4,-0.01047198,-0.60000,prps,2,762
62392,62.392,1,4004,54004,ladder_a05_lin_r02,prps,1423,-5,-0.090388,-6,0,-6,-0.01570796,-0.90000,prps,2,763
62397,62.397,1,4004,54004,ladder_a05_lin_r02,prps,1416,-12,-0.222777,-7,0,-7,-0.01832596,-1.05000,prps,2,764
62402,62.402,1,4004,54004,ladder_a05_lin_r02,prps,1411,-17,-0.325539,-6,0,-6,-0.01570796,-0.90000,prps,2,765
62407,62.407,1,4004,54004,ladder_a05_lin_r02,prps,1408,-20,-0.385121,-6,0,-6,-0.01570796,-0.90000,prps,2,766
62412,62.412,1,4004,54004,ladder_a05_lin_r02,prps,1407,-21,-0.395596,-4,0,-4,-0.01047198,-0.60000,prps,2,767
62417,62.417,1,4004,54004,ladder_a05_lin_r02,prps,1409,-19,-0.359080,-1,0,-1,-0.00261799,-0.15000,prps,2,768
62422,62.422,1,4004,54004,ladder_a05_lin_r02,prps,1413,-15,-0.284751,2,0,2,0.00523599,0.30000,prps,2,769
62427,62.427,1,4004,54004,ladder_a05_lin_r02,prps,1418,-10,-0.186733,4,0,4,0.01047198,0.60000,prps,2,770
62432,62.432,1,4004,54004,ladder_a05_lin_r02,prps,1424,-4,-0.081308,6,0,6,0.01570796,0.90000,prps,2,771
62437,62.437,1,4004,54004,ladder_a05_lin_r02,prps,1429,1,0.015981,6,0,6,0.01570796,0.90000,prps,2,772
62442,62.442,1,4004,54004,ladder_a05_lin_r02,prps,1433,5,0.092785,5,0,5,0.01308997,0.75000,prps,2,773
62447,62.447,1,4004,54004,ladder_a05_lin_r02,prps,1436,8,0.141555,4,0,4,0.01047198,0.60000,prps,2,774
62452,62.452,1,4004,54004,ladder_a05_lin_r02,prps,1436,8,0.160056,2,0,2,0.00523599,0.30000,prps,2,775
62457,62.457,1,4004,54004,ladder_a05_lin_r02,prps,1436,8,0.150813,0,0,0,0.00000000,0.00000,prps,2,776
62462,62.462,1,4004,54004,ladder_a05_lin_r02,prps,1434,6,0.119716,0,0,0,0.00000000,0.00000,prps,2,777
62467,62.467,1,4004,54004,ladder_a05_lin_r02,prps,1432,4,0.074152,-2,0,-2,-0.00523599,-0.30000,prps,2,778
62472,62.472,1,4004,54004,ladder_a05_lin_r02,prps,1429,1,0.021120,-3,0,-3,-0.00785398,-0.45000,prps,2,779
62477,62.477,1,4004,54004,ladder_a05_lin_r02,prps,1426,-2,-0.034258,-3,0,-3,-0.00785398,-0.45000,prps,2,780
62482,62.482,1,4004,54004,ladder_a05_lin_r02,prps,1423,-5,-0.089537,-3,0,-3,-0.00785398,-0.45000,prps,2,781
62487,62.487,1,4004,54004,ladder_a05_lin_r02,prps,1420,-8,-0.144949,-3,0,-3,-0.00785398,-0.45000,prps,2,782
62492,62.492,1,4004,54004,ladder_a05_lin_r02,prps,1417,-11,-0.202662,-3,0,-3,-0.00785398,-0.45000,prps,2,783
62497,62.497,1,4004,54004,ladder_a05_lin_r02,prps,1414,-14,-0.265548,-3,0,-3,-0.00785398,-0.45000,prps,2,784
62502,62.502,1,4004,54004,ladder_a05_lin_r02,prps,1410,-18,-0.335791,-2,0,-2,-0.00523599,-0.30000,prps,2,785
62507,62.507,1,4004,54004,ladder_a05_lin_r02,prps,1406,-22,-0.413703,-1,0,-1,-0.00261799,-0.15000,prps,2,786
62512,62.512,1,4004,54004,ladder_a05_lin_r02,prps,1402,-26,-0.497030,1,0,1,0.00261799,0.15000,prps,2,787
62517,62.517,1,4004,54004,ladder_a05_lin_r02,prps,1397,-31,-0.580945,4,0,4,0.01047198,0.60000,prps,2,788
62522,62.522,1,4004,54004,ladder_a05_lin_r02,prps,1393,-35,-0.658703,6,0,6,0.01570796,0.90000,prps,2,789
62527,62.527,1,4004,54004,ladder_a05_lin_r02,prps,1390,-38,-0.722838,8,0,8,0.02094395,1.20000,prps,2,790
62532,62.532,1,4004,54004,ladder_a05_lin_r02,prps,1387,-41,-0.766610,10,0,10,0.02617994,1.50000,prps,2,791
62537,62.537,1,4004,54004,ladder_a05_lin_r02,prps,1386,-42,-0.785386,13,0,13,0.03403392,1.95000,prps,2,792
62542,62.542,1,4004,54004,ladder_a05_lin_r02,prps,1387,-41,-0.777646,15,0,15,0.03926991,2.25000,prps,2,793
62547,62.547,1,4004,54004,ladder_a05_lin_r02,prps,1388,-40,-0.745385,17,0,17,0.04450589,2.55000,prps,2,794
62552,62.552,1,4004,54004,ladder_a05_lin_r02,prps,1391,-37,-0.693840,19,0,19,0.04974188,2.85000,prps,2,795
62557,62.557,1,4004,54004,ladder_a05_lin_r02,prps,1395,-33,-0.630588,20,0,20,0.05235988,3.00000,prps,2,796
62562,62.562,1,4004,54004,ladder_a05_lin_r02,prps,1398,-30,-0.564223,20,0,20,0.05235988,3.00000,prps,2,797
62567,62.567,1,4004,54004,ladder_a05_lin_r02,prps,1401,-27,-0.502880,20,0,20,0.05235988,3.00000,prps,2,798
62572,62.572,1,4004,54004,ladder_a05_lin_r02,prps,1404,-24,-0.452918,20,0,20,0.05235988,3.00000,prps,2,799
62577,62.577,1,4004,54004,ladder_a05_lin_r02,prps,1406,-22,-0.418001,20,0,20,0.05235988,3.00000,prps,2,800
62582,62.582,1,4004,54004,ladder_a05_lin_r02,prps,1407,-21,-0.398752,20,0,20,0.05235988,3.00000,prps,2,801
62587,62.587,1,4004,54004,ladder_a05_lin_r02,prps,1407,-21,-0.392994,19,0,19,0.04974188,2.85000,prps,2,802
62592,62.592,1,4004,54004,ladder_a05_lin_r02,prps,1407,-21,-0.396490,18,0,18,0.04712389,2.70000,prps,2,803
62597,62.597,1,4004,54004,ladder_a05_lin_r02,prps,1407,-21,-0.403991,17,0,17,0.04450589,2.55000,prps,2,804
62602,62.602,1,4004,54004,ladder_a05_lin_r02,prps,1406,-22,-0.410341,16,0,16,0.04188790,2.40000,prps,2,805
62607,62.607,1,4004,54004,ladder_a05_lin_r02,prps,1406,-22,-0.411412,15,0,15,0.03926991,2.25000,prps,2,806
62612,62.612,1,4004,54004,ladder_a05_lin_r02,prps,1407,-21,-0.404702,15,0,15,0.03926991,2.25000,prps,2,807
62617,62.617,1,4004,54004,ladder_a05_lin_r02,prps,1407,-21,-0.389512,15,0,15,0.03926991,2.25000,prps,2,808
62622,62.622,1,4004,54004,ladder_a05_lin_r02,prps,1409,-19,-0.366740,15,0,15,0.03926991,2.25000,prps,2,809
62627,62.627,1,4004,54004,ladder_a05_lin_r02,prps,1410,-18,-0.338397,15,0,15,0.03926991,2.25000,prps,2,810
62632,62.632,1,4004,54004,ladder_a05_lin_r02,prps,1412,-16,-0.307030,14,0,14,0.03665191,2.10000,prps,2,811
62637,62.637,1,4004,54004,ladder_a05_lin_r02,prps,1413,-15,-0.275203,14,0,14,0.03665191,2.10000,prps,2,812
62642,62.642,1,4004,54004,ladder_a05_lin_r02,prps,1415,-13,-0.245174,13,0,13,0.03403392,1.95000,prps,2,813
62647,62.647,1,4004,54004,ladder_a05_lin_r02,prps,1416,-12,-0.218820,12,0,12,0.03141592,1.80000,prps,2,814
62652,62.652,1,4004,54004,ladder_a05_lin_r02,prps,1418,-10,-0.197768,10,0,10,0.02617994,1.50000,prps,2,815
62657,62.657,1,4004,54004,ladder_a05_lin_r02,prps,1418,-10,-0.183629,9,0,9,0.02356194,1.35000,prps,2,816
62662,62.662,1,4004,54004,ladder_a05_lin_r02,prps,1419,-9,-0.178189,8,0,8,0.02094395,1.20000,prps,2,817
62667,62.667,1,4004,54004,ladder_a05_lin_r02,prps,1418,-10,-0.183432,7,0,7,0.01832596,1.05000,prps,2,818
62672,62.672,1,4004,54004,ladder_a05_lin_r02,prps,1417,-11,-0.201295,7,0,7,0.01832596,1.05000,prps,2,819
62677,62.677,1,4004,54004,ladder_a05_lin_r02,prps,1416,-12,-0.233172,7,0,7,0.01832596,1.05000,prps,2,820
62682,62.682,1,4004,54004,ladder_a05_lin_r02,prps,1413,-15,-0.279262,7,0,7,0.01832596,1.05000,prps,2,821
62687,62.687,1,4004,54004,ladder_a05_lin_r02,prps,1410,-18,-0.337929,7,0,7,0.01832596,1.05000,prps,2,822
62692,62.692,1,4004,54004,ladder_a05_lin_r02,prps,1407,-21,-0.405290,7,0,7,0.01832596,1.05000,prps,2,823
62697,62.697,1,4004,54004,ladder_a05_lin_r02,prps,1403,-25,-0.475217,7,0,7,0.01832596,1.05000,prps,2,824
62702,62.702,1,4004,54004,ladder_a05_lin_r02,prps,1399,-29,-0.539869,7,0,7,0.01832596,1.05000,prps,2,825
62707,62.707,1,4004,54004,ladder_a05_lin_r02,prps,1397,-31,-0.590745,7,0,7,0.01832596,1.05000,prps,2,826
62712,62.712,1,4004,54004,ladder_a05_lin_r02,prps,1395,-33,-0.620134,8,0,8,0.02094395,1.20000,prps,2,827
62717,62.717,1,4004,54004,ladder_a05_lin_r02,prps,1395,-33,-0.622686,9,0,9,0.02356194,1.35000,prps,2,828
62722,62.722,1,4004,54004,ladder_a05_lin_r02,prps,1396,-32,-0.596785,11,0,11,0.02879793,1.65000,prps,2,829
62727,62.727,1,4004,54004,ladder_a05_lin_r02,prps,1399,-29,-0.545399,13,0,13,0.03403392,1.95000,prps,2,830
62732,62.732,1,4004,54004,ladder_a05_lin_r02,prps,1403,-25,-0.476123,14,0,14,0.03665191,2.10000,prps,2,831
62737,62.737,1,4004,54004,ladder_a05_lin_r02,prps,1407,-21,-0.400324,15,0,15,0.03926991,2.25000,prps,2,832
62742,62.742,1,4004,54004,ladder_a05_lin_r02,prps,1410,-18,-0.331449,15,0,15,0.03926991,2.25000,prps,2,833
62747,62.747,1,4004,54004,ladder_a05_lin_r02,prps,1413,-15,-0.282739,15,0,15,0.03926991,2.25000,prps,2,834
62752,62.752,1,4004,54004,ladder_a05_lin_r02,prps,1414,-14,-0.264768,15,0,15,0.03926991,2.25000,prps,2,835
62757,62.757,1,4004,54004,ladder_a05_lin_r02,prps,1413,-15,-0.283288,15,0,15,0.03926991,2.25000,prps,2,836
62762,62.762,1,4004,54004,ladder_a05_lin_r02,prps,1410,-18,-0.337827,14,0,14,0.03665191,2.10000,prps,2,837
62767,62.767,1,4004,54004,ladder_a05_lin_r02,prps,1406,-22,-0.421396,12,0,12,0.03141592,1.80000,prps,2,838
62772,62.772,1,4004,54004,ladder_a05_lin_r02,prps,1400,-28,-0.521417,12,0,12,0.03141592,1.80000,prps,2,839
62777,62.777,1,4004,54004,ladder_a05_lin_r02,prps,1395,-33,-0.621798,12,0,12,0.03141592,1.80000,prps,2,840
62782,62.782,1,4004,54004,ladder_a05_lin_r02,prps,1391,-37,-0.705782,12,0,12,0.03141592,1.80000,prps,2,841
62787,62.787,1,4004,54004,ladder_a05_lin_r02,prps,1388,-40,-0.759064,12,0,12,0.03141592,1.80000,prps,2,842
62792,62.792,1,4004,54004,ladder_a05_lin_r02,prps,1387,-41,-0.772565,13,0,13,0.03403392,1.95000,prps,2,843
62797,62.797,1,4004,54004,ladder_a05_lin_r02,prps,1389,-39,-0.744306,15,0,15,0.03926991,2.25000,prps,2,844
62802,62.802,1,4004,54004,ladder_a05_lin_r02,prps,1392,-36,-0.679965,17,0,17,0.04450589,2.55000,prps,2,845
62807,62.807,1,4004,54004,ladder_a05_lin_r02,prps,1397,-31,-0.591974,18,0,18,0.04712389,2.70000,prps,2,846
62812,62.812,1,4004,54004,ladder_a05_lin_r02,prps,1402,-26,-0.497279,19,0,19,0.04974188,2.85000,prps,2,847
62817,62.817,1,4004,54004,ladder_a05_lin_r02,prps,1406,-22,-0.414176,19,0,19,0.04974188,2.85000,prps,2,848
62822,62.822,1,4004,54004,ladder_a05_lin_r02,prps,1409,-19,-0.358830,19,0,19,0.04974188,2.85000,prps,2,849
62827,62.827,1,4004,54004,ladder_a05_lin_r02,prps,1410,-18,-0.342170,19,0,19,0.04974188,2.85000,prps,2,850
62832,62.832,1,4004,54004,ladder_a05_lin_r02,prps,1409,-19,-0.367788,18,0,18,0.04712389,2.70000,prps,2,851
62837,62.837,1,4004,54004,ladder_a05_lin_r02,prps,1405,-23,-0.431292,17,0,17,0.04450589,2.55000,prps,2,852
62842,62.842,1,4004,54004,ladder_a05_lin_r02,prps,1400,-28,-0.521256,15,0,15,0.03926991,2.25000,prps,2,853
62847,62.847,1,4004,54004,ladder_a05_lin_r02,prps,1395,-33,-0.621599,14,0,14,0.03665191,2.10000,prps,2,854
62852,62.852,1,4004,54004,ladder_a05_lin_r02,prps,1390,-38,-0.714926,14,0,14,0.03665191,2.10000,prps,2,855
62857,62.857,1,4004,54004,ladder_a05_lin_r02,prps,1386,-42,-0.786145,14,0,14,0.03665191,2.10000,prps,2,856
62862,62.862,1,4004,54004,ladder_a05_lin_r02,prps,1384,-44,-0.825600,14,0,14,0.03665191,2.10000,prps,2,857
62867,62.867,1,4004,54004,ladder_a05_lin_r02,prps,1384,-44,-0.831059,15,0,15,0.03926991,2.25000,prps,2,858
62872,62.872,1,4004,54004,ladder_a05_lin_r02,prps,1385,-43,-0.808108,17,0,17,0.04450589,2.55000,prps,2,859
62877,62.877,1,4004,54004,ladder_a05_lin_r02,prps,1387,-41,-0.768825,19,0,19,0.04974188,2.85000,prps,2,860
62882,62.882,1,4004,54004,ladder_a05_lin_r02,prps,1389,-39,-0.728984,20,0,20,0.05235988,3.00000,prps,2,861
62887,62.887,1,4004,54004,ladder_a05_lin_r02,prps,1391,-37,-0.704342,21,0,21,0.05497787,3.15000,prps,2,862
62892,62.892,1,4004,54004,ladder_a05_lin_r02,prps,1391,-37,-0.706782,22,0,22,0.05759586,3.30000,prps,2,863
62897,62.897,1,4004,54004,ladder_a05_lin_r02,prps,1389,-39,-0.741133,22,0,22,0.05759586,3.30000,prps,2,864
62902,62.902,1,4004,54004,ladder_a05_lin_r02,prps,1385,-43,-0.803402,22,0,22,0.05759586,3.30000,prps,2,865
62907,62.907,1,4004,54004,ladder_a05_lin_r02,prps,1381,-47,-0.880838,22,0,22,0.05759586,3.30000,prps,2,866
62912,62.912,1,4004,54004,ladder_a05_lin_r02,prps,1377,-51,-0.953927,22,0,22,0.05759586,3.30000,prps,2,867
62917,62.917,1,4004,54004,ladder_a05_lin_r02,prps,1375,-53,-1.000000,23,0,23,0.06021386,3.45000,prps,2,868
62922,62.922,1,4004,54004,ladder_a05_lin_r02,prps,1375,-53,-0.997780,24,0,24,0.06283185,3.60000,prps,2,869
62927,62.927,1,4004,54004,ladder_a05_lin_r02,prps,1379,-49,-0.931990,25,0,25,0.06544985,3.75000,prps,2,870
62932,62.932,1,4004,54004,ladder_a05_lin_r02,prps,1386,-42,-0.797093,27,0,27,0.07068583,4.05000,prps,2,871
62937,62.937,1,4004,54004,ladder_a05_lin_r02,prps,1396,-32,-0.599353,27,0,27,0.07068583,4.05000,prps,2,872
62942,62.942,1,4004,54004,ladder_a05_lin_r02,prps,1409,-19,-0.356746,27,0,27,0.07068583,4.05000,prps,2,873
62947,62.947,1,4004,54004,ladder_a05_lin_r02,prps,1423,-5,-0.096606,27,0,27,0.07068583,4.05000,prps,2,874
62952,62.952,1,4004,54004,ladder_a05_lin_r02,prps,1436,8,0.148620,26,0,26,0.06806784,3.90000,prps,2,875
62957,62.957,1,4004,54004,ladder_a05_lin_r02,prps,1446,18,0.346788,22,0,22,0.05759586,3.30000,prps,2,876
62962,62.962,1,4004,54004,ladder_a05_lin_r02,prps,1453,25,0.471660,17,0,17,0.04450589,2.55000,prps,2,877
62967,62.967,1,4004,54004,ladder_a05_lin_r02,prps,1455,27,0.507664,12,0,12,0.03141592,1.80000,prps,2,878
62972,62.972,1,4004,54004,ladder_a05_lin_r02,prps,1452,24,0.452905,6,0,6,0.01570796,0.90000,prps,2,879
62977,62.977,1,4004,54004,ladder_a05_lin_r02,prps,1445,17,0.319833,1,0,1,0.00261799,0.15000,prps,2,880
62982,62.982,1,4004,54004,ladder_a05_lin_r02,prps,1435,7,0.133409,-3,0,-3,-0.00785398,-0.45000,prps,2,881
62987,62.987,1,4004,54004,ladder_a05_lin_r02,prps,1424,-4,-0.072925,-6,0,-6,-0.01570796,-0.90000,prps,2,882
62992,62.992,1,4004,54004,ladder_a05_lin_r02,prps,1414,-14,-0.262783,-8,0,-8,-0.02094395,-1.20000,prps,2,883
62997,62.997,1,4004,54004,ladder_a05_lin_r02,prps,1407,-21,-0.402883,-8,0,-8,-0.02094395,-1.20000,prps,2,884
63002,63.002,1,4004,54004,ladder_a05_lin_r02,prps,1403,-25,-0.468535,-6,0,-6,-0.01570796,-0.90000,prps,2,885
63007,63.007,1,4004,54004,ladder_a05_lin_r02,prps,1404,-24,-0.447618,-3,0,-3,-0.00785398,-0.45000,prps,2,886
63012,63.012,1,4004,54004,ladder_a05_lin_r02,prps,1410,-18,-0.342352,-1,0,-1,-0.00261799,-0.15000,prps,2,887
63017,63.017,1,4004,54004,ladder_a05_lin_r02,prps,1419,-9,-0.168612,2,0,2,0.00523599,0.30000,prps,2,888
63022,63.022,1,4004,54004,ladder_a05_lin_r02,prps,1430,2,0.047044,5,0,5,0.01308997,0.75000,prps,2,889
63027,63.027,1,4004,54004,ladder_a05_lin_r02,prps,1442,14,0.272048,6,0,6,0.01570796,0.90000,prps,2,890
63032,63.032,1,4004,54004,ladder_a05_lin_r02,prps,1453,25,0.473318,6,0,6,0.01570796,0.90000,prps,2,891
63037,63.037,1,4004,54004,ladder_a05_lin_r02,prps,1461,33,0.622596,4,0,4,0.01047198,0.60000,prps,2,892
63042,63.042,1,4004,54004,ladder_a05_lin_r02,prps,1465,37,0.700700,2,0,2,0.00523599,0.30000,prps,2,893
63047,63.047,1,4004,54004,ladder_a05_lin_r02,prps,1465,37,0.700027,-2,0,-2,-0.00523599,-0.30000,prps,2,894
63052,63.052,1,4004,54004,ladder_a05_lin_r02,prps,1461,33,0.624960,-7,0,-7,-0.01832596,-1.05000,prps,2,895
63057,63.057,1,4004,54004,ladder_a05_lin_r02,prps,1454,26,0.490262,-11,0,-11,-0.02879793,-1.65000,prps,2,896
63062,63.062,1,4004,54004,ladder_a05_lin_r02,prps,1445,17,0.317871,-14,0,-14,-0.03665191,-2.10000,prps,2,897
63067,63.067,1,4004,54004,ladder_a05_lin_r02,prps,1435,7,0.132802,-17,0,-17,-0.04450589,-2.55000,prps,2,898
63072,63.072,1,4004,54004,ladder_a05_lin_r02,prps,1426,-2,-0.041063,-18,0,-18,-0.04712389,-2.70000,prps,2,899
63077,63.077,1,4004,54004,ladder_a05_lin_r02,prps,1418,-10,-0.184524,-17,0,-17,-0.04450589,-2.55000,prps,2,900
63082,63.082,1,4004,54004,ladder_a05_lin_r02,prps,1413,-15,-0.285391,-15,0,-15,-0.03926991,-2.25000,prps,2,901
63087,63.087,1,4004,54004,ladder_a05_lin_r02,prps,1410,-18,-0.339308,-12,0,-12,-0.03141592,-1.80000,prps,2,902
63092,63.092,1,4004,54004,ladder_a05_lin_r02,prps,1409,-19,-0.349094,-10,0,-10,-0.02617994,-1.50000,prps,2,903
63097,63.097,1,4004,54004,ladder_a05_lin_r02,prps,1411,-17,-0.322921,-6,0,-6,-0.01570796,-0.90000,prps,2,904
63102,63.102,1,4004,54004,ladder_a05_lin_r02,prps,1414,-14,-0.271834,-3,0,-3,-0.00785398,-0.45000,prps,2,905
63107,63.107,1,4004,54004,ladder_a05_lin_r02,prps,1417,-11,-0.207194,1,0,1,0.00261799,0.15000,prps,2,906
63112,63.112,1,4004,54004,ladder_a05_lin_r02,prps,1421,-7,-0.138579,3,0,3,0.00785398,0.45000,prps,2,907
63117,63.117,1,4004,54004,ladder_a05_lin_r02,prps,1424,-4,-0.072499,4,0,4,0.01047198,0.60000,prps,2,908
63122,63.122,1,4004,54004,ladder_a05_lin_r02,prps,1427,-1,-0.012092,4,0,4,0.01047198,0.60000,prps,2,909
63127,63.127,1,4004,54004,ladder_a05_lin_r02,prps,1430,2,0.042304,4,0,4,0.01047198,0.60000,prps,2,910
63132,63.132,1,4004,54004,ladder_a05_lin_r02,prps,1433,5,0.091975,4,0,4,0.01047198,0.60000,prps,2,911
63137,63.137,1,4004,54004,ladder_a05_lin_r02,prps,1435,7,0.138451,3,0,3,0.00785398,0.45000,prps,2,912
63142,63.142,1,4004,54004,ladder_a05_lin_r02,prps,1438,10,0.182319,1,0,1,0.00261799,0.15000,prps,2,913
63147,63.147,1,4004,54004,ladder_a05_lin_r02,prps,1440,12,0.222544,1,0,1,0.00261799,0.15000,prps,2,914
63152,63.152,1,4004,54004,ladder_a05_lin_r02,prps,1442,14,0.256460,-1,0,-1,-0.00261799,-0.15000,prps,2,915
63157,63.157,1,4004,54004,ladder_a05_lin_r02,prps,1443,15,0.280403,-3,0,-3,-0.00785398,-0.45000,prps,2,916
63162,63.162,1,4004,54004,ladder_a05_lin_r02,prps,1443,15,0.290774,-4,0,-4,-0.01047198,-0.60000,prps,2,917
63167,63.167,1,4004,54004,ladder_a05_lin_r02,prps,1443,15,0.285223,-6,0,-6,-0.01570796,-0.90000,prps,2,918
63172,63.172,1,4004,54004,ladder_a05_lin_r02,prps,1442,14,0.263607,-7,0,-7,-0.01832596,-1.05000,prps,2,919
63177,63.177,1,4004,54004,ladder_a05_lin_r02,prps,1440,12,0.228432,-8,0,-8,-0.02094395,-1.20000,prps,2,920
63182,63.182,1,4004,54004,ladder_a05_lin_r02,prps,1438,10,0.184627,-9,0,-9,-0.02356194,-1.35000,prps,2,921
63187,63.187,1,4004,54004,ladder_a05_lin_r02,prps,1435,7,0.138664,-9,0,-9,-0.02356194,-1.35000,prps,2,922
63192,63.192,1,4004,54004,ladder_a05_lin_r02,prps,1433,5,0.097209,-9,0,-9,-0.02356194,-1.35000,prps,2,923
63197,63.197,1,4004,54004,ladder_a05_lin_r02,prps,1431,3,0.065629,-9,0,-9,-0.02356194,-1.35000,prps,2,924
63202,63.202,1,4004,54004,ladder_a05_lin_r02,prps,1430,2,0.046720,-9,0,-9,-0.02356194,-1.35000,prps,2,925
63207,63.207,1,4004,54004,ladder_a05_lin_r02,prps,1430,2,0.039978,-9,0,-9,-0.02356194,-1.35000,prps,2,926
63212,63.212,1,4004,54004,ladder_a05_lin_r02,prps,1430,2,0.041647,-8,0,-8,-0.02094395,-1.20000,prps,2,927
63217,63.217,1,4004,54004,ladder_a05_lin_r02,prps,1430,2,0.045551,-7,0,-7,-0.01832596,-1.05000,prps,2,928
63222,63.222,1,4004,54004,ladder_a05_lin_r02,prps,1430,2,0.044594,-7,0,-7,-0.01832596,-1.05000,prps,2,929
63227,63.227,1,4004,54004,ladder_a05_lin_r02,prps,1430,2,0.032580,-6,0,-6,-0.01570796,-0.90000,prps,2,930
63232,63.232,1,4004,54004,ladder_a05_lin_r02,prps,1428,0,0.005961,-6,0,-6,-0.01570796,-0.90000,prps,2,931
63237,63.237,1,4004,54004,ladder_a05_lin_r02,prps,1426,-2,-0.034911,-6,0,-6,-0.01570796,-0.90000,prps,2,932
63242,63.242,1,4004,54004,ladder_a05_lin_r02,prps,1423,-5,-0.085351,-6,0,-6,-0.01570796,-0.90000,prps,2,933
63247,63.247,1,4004,54004,ladder_a05_lin_r02,prps,1421,-7,-0.136889,-5,0,-5,-0.01308997,-0.75000,prps,2,934
63252,63.252,1,4004,54004,ladder_a05_lin_r02,prps,1419,-9,-0.178743,-4,0,-4,-0.01047198,-0.60000,prps,2,935
63257,63.257,1,4004,54004,ladder_a05_lin_r02,prps,1417,-11,-0.199966,-3,0,-3,-0.00785398,-0.45000,prps,2,936
63262,63.262,1,4004,54004,ladder_a05_lin_r02,prps,1418,-10,-0.191830,-2,0,-2,-0.00523599,-0.30000,prps,2,937
63267,63.267,1,4004,54004,ladder_a05_lin_r02,prps,1420,-8,-0.149969,0,0,0,0.00000000,0.00000,prps,2,938
63272,63.272,1,4004,54004,ladder_a05_lin_r02,prps,1424,-4,-0.075799,1,0,1,0.00261799,0.15000,prps,2,939
63277,63.277,1,4004,54004,ladder_a05_lin_r02,prps,1429,1,0.023113,2,0,2,0.00523599,0.30000,prps,2,940
63282,63.282,1,4004,54004,ladder_a05_lin_r02,prps,1435,7,0.133889,2,0,2,0.00523599,0.30000,prps,2,941
63287,63.287,1,4004,54004,ladder_a05_lin_r02,prps,1441,13,0.240260,2,0,2,0.00523599,0.30000,prps,2,942
63292,63.292,1,4004,54004,ladder_a05_lin_r02,prps,1445,17,0.325274,1,0,1,0.00261799,0.15000,prps,2,943
63297,63.297,1,4004,54004,ladder_a05_lin_r02,prps,1448,20,0.374272,0,0,0,0.00000000,0.00000,prps,2,944
63302,63.302,1,4004,54004,ladder_a05_lin_r02,prps,1448,20,0.377607,-1,0,-1,-0.00261799,-0.15000,prps,2,945
63307,63.307,1,4004,54004,ladder_a05_lin_r02,prps,1446,18,0.332560,-4,0,-4,-0.01047198,-0.60000,prps,2,946
63312,63.312,1,4004,54004,ladder_a05_lin_r02,prps,1441,13,0.244098,-6,0,-6,-0.01570796,-0.90000,prps,2,947
63317,63.317,1,4004,54004,ladder_a05_lin_r02,prps,1435,7,0.124307,-8,0,-8,-0.02094395,-1.20000,prps,2,948
63322,63.322,1,4004,54004,ladder_a05_lin_r02,prps,1428,0,-0.009419,-10,0,-10,-0.02617994,-1.50000,prps,2,949
63327,63.327,1,4004,54004,ladder_a05_lin_r02,prps,1421,-7,-0.137101,-10,0,-10,-0.02617994,-1.50000,prps,2,950
63332,63.332,1,4004,54004,ladder_a05_lin_r02,prps,1415,-13,-0.239350,-10,0,-10,-0.02617994,-1.50000,prps,2,951
63337,63.337,1,4004,54004,ladder_a05_lin_r02,prps,1412,-16,-0.300425,-9,0,-9,-0.02356194,-1.35000,prps,2,952
63342,63.342,1,4004,54004,ladder_a05_lin_r02,prps,1412,-16,-0.310658,-7,0,-7,-0.01832596,-1.05000,prps,2,953
63347,63.347,1,4004,54004,ladder_a05_lin_r02,prps,1414,-14,-0.267857,-5,0,-5,-0.01308997,-0.75000,prps,2,954
63352,63.352,1,4004,54004,ladder_a05_lin_r02,prps,1419,-9,-0.177486,-2,0,-2,-0.00523599,-0.30000,prps,2,955
63357,63.357,1,4004,54004,ladder_a05_lin_r02,prps,1425,-3,-0.051653,0,0,0,0.00000000,0.00000,prps,2,956
63362,63.362,1,4004,54004,ladder_a05_lin_r02,prps,1433,5,0.092865,2,0,2,0.00523599,0.30000,prps,2,957
63367,63.367,1,4004,54004,ladder_a05_lin_r02,prps,1441,13,0.237175,2,0,2,0.00523599,0.30000,prps,2,958
63372,63.372,1,4004,54004,ladder_a05_lin_r02,prps,1447,19,0.362938,2,0,2,0.00523599,0.30000,prps,2,959
63377,63.377,1,4004,54004,ladder_a05_lin_r02,prps,1452,24,0.454744,1,0,1,0.00261799,0.15000,prps,2,960
63382,63.382,1,4004,54004,ladder_a05_lin_r02,prps,1455,27,0.501839,-1,0,-1,-0.00261799,-0.15000,prps,2,961
63387,63.387,1,4004,54004,ladder_a05_lin_r02,prps,1454,26,0.499027,-3,0,-3,-0.00785398,-0.45000,prps,2,962
63392,63.392,1,4004,54004,ladder_a05_lin_r02,prps,1452,24,0.446725,-7,0,-7,-0.01832596,-1.05000,prps,2,963
63397,63.397,1,4004,54004,ladder_a05_lin_r02,prps,1447,19,0.350304,-10,0,-10,-0.02617994,-1.50000,prps,2,964
63402,63.402,1,4004,54004,ladder_a05_lin_r02,prps,1440,12,0.218950,-12,0,-12,-0.03141592,-1.80000,prps,2,965
63407,63.407,1,4004,54004,ladder_a05_lin_r02,prps,1431,3,0.064303,-13,0,-13,-0.03403392,-1.95000,prps,2,966
63412,63.412,1,4004,54004,ladder_a05_lin_r02,prps,1423,-5,-0.100866,-14,0,-14,-0.03665191,-2.10000,prps,2,967
63417,63.417,1,4004,54004,ladder_a05_lin_r02,prps,1414,-14,-0.263772,-13,0,-13,-0.03403392,-1.95000,prps,2,968
63422,63.422,1,4004,54004,ladder_a05_lin_r02,prps,1406,-22,-0.412457,-12,0,-12,-0.03141592,-1.80000,prps,2,969
63427,63.427,1,4004,54004,ladder_a05_lin_r02,prps,1400,-28,-0.536356,-10,0,-10,-0.02617994,-1.50000,prps,2,970
63432,63.432,1,4004,54004,ladder_a05_lin_r02,prps,1395,-33,-0.626691,-7,0,-7,-0.01832596,-1.05000,prps,2,971
63437,63.437,1,4004,54004,ladder_a05_lin_r02,prps,1392,-36,-0.676788,-3,0,-3,-0.00785398,-0.45000,prps,2,972
63442,63.442,1,4004,54004,ladder_a05_lin_r02,prps,1392,-36,-0.682406,2,0,2,0.00523599,0.30000,prps,2,973
63447,63.447,1,4004,54004,ladder_a05_lin_r02,prps,1394,-34,-0.642114,6,0,6,0.01570796,0.90000,prps,2,974
63452,63.452,1,4004,54004,ladder_a05_lin_r02,prps,1398,-30,-0.557658,9,0,9,0.02356194,1.35000,prps,2,975
63457,63.457,1,4004,54004,ladder_a05_lin_r02,prps,1405,-23,-0.434219,12,0,12,0.03141592,1.80000,prps,2,976
63462,63.462,1,4004,54004,ladder_a05_lin_r02,prps,1413,-15,-0.280409,14,0,14,0.03665191,2.10000,prps,2,977
63467,63.467,1,4004,54004,ladder_a05_lin_r02,prps,1422,-6,-0.107880,15,0,15,0.03926991,2.25000,prps,2,978
63472,63.472,1,4004,54004,ladder_a05_lin_r02,prps,1432,4,0.069545,15,0,15,0.03926991,2.25000,prps,2,979
63477,63.477,1,4004,54004,ladder_a05_lin_r02,prps,1441,13,0.237187,15,0,15,0.03926991,2.25000,prps,2,980
63482,63.482,1,4004,54004,ladder_a05_lin_r02,prps,1448,20,0.381149,12,0,12,0.03141592,1.80000,prps,2,981
63487,63.487,1,4004,54004,ladder_a05_lin_r02,prps,1454,26,0.490059,8,0,8,0.02094395,1.20000,prps,2,982
63492,63.492,1,4004,54004,ladder_a05_lin_r02,prps,1458,30,0.556622,4,0,4,0.01047198,0.60000,prps,2,983
63497,63.497,1,4004,54004,ladder_a05_lin_r02,prps,1459,31,0.578697,-1,0,-1,-0.00261799,-0.15000,prps,2,984
63502,63.502,1,4004,54004,ladder_a05_lin_r02,prps,1458,30,0.559668,-5,0,-5,-0.01308997,-0.75000,prps,2,985
63507,63.507,1,4004,54004,ladder_a05_lin_r02,prps,1455,27,0.507999,-8,0,-8,-0.02094395,-1.20000,prps,2,986
63512,63.512,1,4004,54004,ladder_a05_lin_r02,prps,1451,23,0.435997,-12,0,-12,-0.03141592,-1.80000,prps,2,987
63517,63.517,1,4004,54004,ladder_a05_lin_r02,prps,1447,19,0.357980,-14,0,-14,-0.03665191,-2.10000,prps,2,988
63522,63.522,1,4004,54004,ladder_a05_lin_r02,prps,1443,15,0.288150,-16,0,-16,-0.04188790,-2.40000,prps,2,989
63527,63.527,1,4004,54004,ladder_a05_lin_r02,prps,1441,13,0.238531,-17,0,-17,-0.04450589,-2.55000,prps,2,990
63532,63.532,1,4004,54004,ladder_a05_lin_r02,prps,1440,12,0.217359,-17,0,-17,-0.04450589,-2.55000,prps,2,991
63537,63.537,1,4004,54004,ladder_a05_lin_r02,prps,1440,12,0.228163,-16,0,-16,-0.04188790,-2.40000,prps,2,992
63542,63.542,1,4004,54004,ladder_a05_lin_r02,prps,1442,14,0.269694,-15,0,-15,-0.03926991,-2.25000,prps,2,993
63547,63.547,1,4004,54004,ladder_a05_lin_r02,prps,1446,18,0.336669,-14,0,-14,-0.03665191,-2.10000,prps,2,994
63552,63.552,1,4004,54004,ladder_a05_lin_r02,prps,1450,22,0.421110,-14,0,-14,-0.03665191,-2.10000,prps,2,995
63557,63.557,1,4004,54004,ladder_a05_lin_r02,prps,1455,27,0.513990,-14,0,-14,-0.03665191,-2.10000,prps,2,996
63562,63.562,1,4004,54004,ladder_a05_lin_r02,prps,1460,32,0.606818,-14,0,-14,-0.03665191,-2.10000,prps,2,997
63567,63.567,1,4004,54004,ladder_a05_lin_r02,prps,1465,37,0.692825,-15,0,-15,-0.03926991,-2.25000,prps,2,998
63572,63.572,1,4004,54004,ladder_a05_lin_r02,prps,1469,41,0.767553,-16,0,-16,-0.04188790,-2.40000,prps,2,999
63577,63.577,1,4004,54004,ladder_a05_lin_r02,prps,1472,44,0.828760,-18,0,-18,-0.04712389,-2.70000,prps,2,1000
63582,63.582,1,4004,54004,ladder_a05_lin_r02,prps,1474,46,0.875764,-20,0,-20,-0.05235988,-3.00000,prps,2,1001
63587,63.587,1,4004,54004,ladder_a05_lin_r02,prps,1476,48,0.908459,-22,0,-22,-0.05759586,-3.30000,prps,2,1002
63592,63.592,1,4004,54004,ladder_a05_lin_r02,prps,1477,49,0.926328,-24,0,-24,-0.06283185,-3.60000,prps,2,1003
63597,63.597,1,4004,54004,ladder_a05_lin_r02,prps,1477,49,0.927795,-26,0,-26,-0.06806784,-3.90000,prps,2,1004
63602,63.602,1,4004,54004,ladder_a05_lin_r02,prps,1476,48,0.910137,-27,0,-27,-0.07068583,-4.05000,prps,2,1005
63607,63.607,1,4004,54004,ladder_a05_lin_r02,prps,1474,46,0.870061,-29,0,-29,-0.07592182,-4.35000,prps,2,1006
63612,63.612,1,4004,54004,ladder_a05_lin_r02,prps,1471,43,0.804843,-30,0,-30,-0.07853982,-4.50000,prps,2,1007
63617,63.617,1,4004,54004,ladder_a05_lin_r02,prps,1466,38,0.713785,-30,0,-30,-0.07853982,-4.50000,prps,2,1008
63622,63.622,1,4004,54004,ladder_a05_lin_r02,prps,1460,32,0.599588,-30,0,-30,-0.07853982,-4.50000,prps,2,1009
63627,63.627,1,4004,54004,ladder_a05_lin_r02,prps,1453,25,0.469249,-30,0,-30,-0.07853982,-4.50000,prps,2,1010
63632,63.632,1,4004,54004,ladder_a05_lin_r02,prps,1446,18,0.334125,-30,0,-30,-0.07853982,-4.50000,prps,2,1011
63637,63.637,1,4004,54004,ladder_a05_lin_r02,prps,1439,11,0.208994,-29,0,-29,-0.07592182,-4.35000,prps,2,1012
63642,63.642,1,4004,54004,ladder_a05_lin_r02,prps,1434,6,0.110132,-26,0,-26,-0.06806784,-3.90000,prps,2,1013
63647,63.647,1,4004,54004,ladder_a05_lin_r02,prps,1431,3,0.052686,-23,0,-23,-0.06021386,-3.45000,prps,2,1014
63652,63.652,1,4004,54004,ladder_a05_lin_r02,prps,1431,3,0.047805,-19,0,-19,-0.04974188,-2.85000,prps,2,1015
63657,63.657,1,4004,54004,ladder_a05_lin_r02,prps,1433,5,0.100091,-16,0,-16,-0.04188790,-2.40000,prps,2,1016
63662,63.662,1,4004,54004,ladder_a05_lin_r02,prps,1439,11,0.205959,-13,0,-13,-0.03403392,-1.95000,prps,2,1017
63667,63.667,1,4004,54004,ladder_a05_lin_r02,prps,1447,19,0.353318,-11,0,-11,-0.02879793,-1.65000,prps,2,1018
63672,63.672,1,4004,54004,ladder_a05_lin_r02,prps,1456,28,0.522799,-10,0,-10,-0.02617994,-1.50000,prps,2,1019
63677,63.677,1,4004,54004,ladder_a05_lin_r02,prps,1465,37,0.690421,-10,0,-10,-0.02617994,-1.50000,prps,2,1020
63682,63.682,1,4004,54004,ladder_a05_lin_r02,prps,1472,44,0.831299,-11,0,-11,-0.02879793,-1.65000,prps,2,1021
63687,63.687,1,4004,54004,ladder_a05_lin_r02,prps,1477,49,0.923787,-12,0,-12,-0.03141592,-1.80000,prps,2,1022
63692,63.692,1,4004,54004,ladder_a05_lin_r02,prps,1479,51,0.953272,-15,0,-15,-0.03926991,-2.25000,prps,2,1023
63697,63.697,1,4004,54004,ladder_a05_lin_r02,prps,1476,48,0.914893,-19,0,-19,-0.04974188,-2.85000,prps,2,1024
63702,63.702,1,4004,54004,ladder_a05_lin_r02,prps,1471,43,0.814631,-22,0,-22,-0.05759586,-3.30000,prps,2,1025
63707,63.707,1,4004,54004,ladder_a05_lin_r02,prps,1463,35,0.668468,-25,0,-25,-0.06544985,-3.75000,prps,2,1026
63712,63.712,1,4004,54004,ladder_a05_lin_r02,prps,1454,26,0.499728,-27,0,-27,-0.07068583,-4.05000,prps,2,1027
63717,63.717,1,4004,54004,ladder_a05_lin_r02,prps,1446,18,0.335016,-27,0,-27,-0.07068583,-4.05000,prps,2,1028
63722,63.722,1,4004,54004,ladder_a05_lin_r02,prps,1439,11,0.199502,-27,0,-27,-0.07068583,-4.05000,prps,2,1029
63727,63.727,1,4004,54004,ladder_a05_lin_r02,prps,1434,6,0.112404,-26,0,-26,-0.06806784,-3.90000,prps,2,1030
63732,63.732,1,4004,54004,ladder_a05_lin_r02,prps,1432,4,0.083543,-24,0,-24,-0.06283185,-3.60000,prps,2,1031
63737,63.737,1,4004,54004,ladder_a05_lin_r02,prps,1434,6,0.111634,-20,0,-20,-0.05235988,-3.00000,prps,2,1032
63742,63.742,1,4004,54004,ladder_a05_lin_r02,prps,1438,10,0.184665,-17,0,-17,-0.04450589,-2.55000,prps,2,1033
63747,63.747,1,4004,54004,ladder_a05_lin_r02,prps,1443,15,0.282303,-14,0,-14,-0.03665191,-2.10000,prps,2,1034
63752,63.752,1,4004,54004,ladder_a05_lin_r02,prps,1448,20,0.379899,-12,0,-12,-0.03141592,-1.80000,prps,2,1035
63757,63.757,1,4004,54004,ladder_a05_lin_r02,prps,1452,24,0.453315,-12,0,-12,-0.03141592,-1.80000,prps,2,1036
63762,63.762,1,4004,54004,ladder_a05_lin_r02,prps,1454,26,0.483650,-12,0,-12,-0.03141592,-1.80000,prps,2,1037
63767,63.767,1,4004,54004,ladder_a05_lin_r02,prps,1452,24,0.460945,-13,0,-13,-0.03403392,-1.95000,prps,2,1038
63772,63.772,1,4004,54004,ladder_a05_lin_r02,prps,1448,20,0.386149,-13,0,-13,-0.03403392,-1.95000,prps,2,1039
63777,63.777,1,4004,54004,ladder_a05_lin_r02,prps,1442,14,0.270939,-14,0,-14,-0.03665191,-2.10000,prps,2,1040
63782,63.782,1,4004,54004,ladder_a05_lin_r02,prps,1435,7,0.135449,-14,0,-14,-0.03665191,-2.10000,prps,2,1041
63787,63.787,1,4004,54004,ladder_a05_lin_r02,prps,1428,0,0.004322,-14,0,-14,-0.03665191,-2.10000,prps,2,1042
63792,63.792,1,4004,54004,ladder_a05_lin_r02,prps,1423,-5,-0.098109,-14,0,-14,-0.03665191,-2.10000,prps,2,1043
63797,63.797,1,4004,54004,ladder_a05_lin_r02,prps,1420,-8,-0.152601,-14,0,-14,-0.03665191,-2.10000,prps,2,1044
63802,63.802,1,4004,54004,ladder_a05_lin_r02,prps,1420,-8,-0.148770,-12,0,-12,-0.03141592,-1.80000,prps,2,1045
63807,63.807,1,4004,54004,ladder_a05_lin_r02,prps,1423,-5,-0.087122,-9,0,-9,-0.02356194,-1.35000,prps,2,1046
63812,63.812,1,4004,54004,ladder_a05_lin_r02,prps,1429,1,0.021057,-7,0,-7,-0.01832596,-1.05000,prps,2,1047
63817,63.817,1,4004,54004,ladder_a05_lin_r02,prps,1436,8,0.155928,-4,0,-4,-0.01047198,-0.60000,prps,2,1048
63822,63.822,1,4004,54004,ladder_a05_lin_r02,prps,1444,16,0.292998,-3,0,-3,-0.00785398,-0.45000,prps,2,1049
63827,63.827,1,4004,54004,ladder_a05_lin_r02,prps,1450,22,0.407932,-3,0,-3,-0.00785398,-0.45000,prps,2,1050
63832,63.832,1,4004,54004,ladder_a05_lin_r02,prps,1454,26,0.481306,-4,0,-4,-0.01047198,-0.60000,prps,2,1051
63837,63.837,1,4004,54004,ladder_a05_lin_r02,prps,1455,27,0.502388,-5,0,-5,-0.01308997,-0.75000,prps,2,1052
63842,63.842,1,4004,54004,ladder_a05_lin_r02,prps,1453,25,0.471187,-7,0,-7,-0.01832596,-1.05000,prps,2,1053
63847,63.847,1,4004,54004,ladder_a05_lin_r02,prps,1449,21,0.398381,-9,0,-9,-0.02356194,-1.35000,prps,2,1054
63852,63.852,1,4004,54004,ladder_a05_lin_r02,prps,1444,16,0.303154,-11,0,-11,-0.02879793,-1.65000,prps,2,1055
63857,63.857,1,4004,54004,ladder_a05_lin_r02,prps,1439,11,0.209355,-13,0,-13,-0.03403392,-1.95000,prps,2,1056
63862,63.862,1,4004,54004,ladder_a05_lin_r02,prps,1435,7,0.140762,-14,0,-14,-0.03665191,-2.10000,prps,2,1057
63867,63.867,1,4004,54004,ladder_a05_lin_r02,prps,1434,6,0.116371,-14,0,-14,-0.03665191,-2.10000,prps,2,1058
63872,63.872,1,4004,54004,ladder_a05_lin_r02,prps,1436,8,0.146623,-14,0,-14,-0.03665191,-2.10000,prps,2,1059
63877,63.877,1,4004,54004,ladder_a05_lin_r02,prps,1440,12,0.231308,-13,0,-13,-0.03403392,-1.95000,prps,2,1060
63882,63.882,1,4004,54004,ladder_a05_lin_r02,prps,1447,19,0.359532,-13,0,-13,-0.03403392,-1.95000,prps,2,1061
63887,63.887,1,4004,54004,ladder_a05_lin_r02,prps,1455,27,0.511727,-12,0,-12,-0.03141592,-1.80000,prps,2,1062
63892,63.892,1,4004,54004,ladder_a05_lin_r02,prps,1463,35,0.663308,-12,0,-12,-0.03141592,-1.80000,prps,2,1063
63897,63.897,1,4004,54004,ladder_a05_lin_r02,prps,1470,42,0.789242,-12,0,-12,-0.03141592,-1.80000,prps,2,1064
63902,63.902,1,4004,54004,ladder_a05_lin_r02,prps,1474,46,0.868653,-13,0,-13,-0.03403392,-1.95000,prps,2,1065
63907,63.907,1,4004,54004,ladder_a05_lin_r02,prps,1475,47,0.888583,-16,0,-16,-0.04188790,-2.40000,prps,2,1066
63912,63.912,1,4004,54004,ladder_a05_lin_r02,prps,1473,45,0.846214,-19,0,-19,-0.04974188,-2.85000,prps,2,1067
63917,63.917,1,4004,54004,ladder_a05_lin_r02,prps,1468,40,0.749167,-22,0,-22,-0.05759586,-3.30000,prps,2,1068
63922,63.922,1,4004,54004,ladder_a05_lin_r02,prps,1461,33,0.613876,-25,0,-25,-0.06544985,-3.75000,prps,2,1069
63927,63.927,1,4004,54004,ladder_a05_lin_r02,prps,1453,25,0.462386,-25,0,-25,-0.06544985,-3.75000,prps,2,1070
63932,63.932,1,4004,54004,ladder_a05_lin_r02,prps,1445,17,0.318237,-26,0,-26,-0.06806784,-3.90000,prps,2,1071
63937,63.937,1,4004,54004,ladder_a05_lin_r02,prps,1439,11,0.202223,-25,0,-25,-0.06544985,-3.75000,prps,2,1072
63942,63.942,1,4004,54004,ladder_a05_lin_r02,prps,1435,7,0.128820,-25,0,-25,-0.06544985,-3.75000,prps,2,1073
63947,63.947,1,4004,54004,ladder_a05_lin_r02,prps,1434,6,0.103930,-22,0,-22,-0.05759586,-3.30000,prps,2,1074
63952,63.952,1,4004,54004,ladder_a05_lin_r02,prps,1435,7,0.124288,-19,0,-19,-0.04974188,-2.85000,prps,2,1075
63957,63.957,1,4004,54004,ladder_a05_lin_r02,prps,1437,9,0.178555,-16,0,-16,-0.04188790,-2.40000,prps,2,1076
63962,63.962,1,4004,54004,ladder_a05_lin_r02,prps,1441,13,0.249835,-14,0,-14,-0.03665191,-2.10000,prps,2,1077
63967,63.967,1,4004,54004,ladder_a05_lin_r02,prps,1445,17,0.319035,-12,0,-12,-0.03141592,-1.80000,prps,2,1078
63972,63.972,1,4004,54004,ladder_a05_lin_r02,prps,1448,20,0.368431,-11,0,-11,-0.02879793,-1.65000,prps,2,1079
63977,63.977,1,4004,54004,ladder_a05_lin_r02,prps,1448,20,0.384758,-11,0,-11,-0.02879793,-1.65000,prps,2,1080
63982,63.982,1,4004,54004,ladder_a05_lin_r02,prps,1447,19,0.361292,-12,0,-12,-0.03141592,-1.80000,prps,2,1081
63987,63.987,1,4004,54004,ladder_a05_lin_r02,prps,1444,16,0.298633,-12,0,-12,-0.03141592,-1.80000,prps,2,1082
63992,63.992,1,4004,54004,ladder_a05_lin_r02,prps,1439,11,0.204140,-12,0,-12,-0.03141592,-1.80000,prps,2,1083
63997,63.997,1,4004,54004,ladder_a05_lin_r02,prps,1433,5,0.090248,-12,0,-12,-0.03141592,-1.80000,prps,2,1084
64002,64.002,1,4004,54004,ladder_a05_lin_r02,prps,1427,-1,-0.027932,-12,0,-12,-0.03141592,-1.80000,prps,2,1085
64007,64.007,1,4004,54004,ladder_a05_lin_r02,prps,1421,-7,-0.135208,-12,0,-12,-0.03141592,-1.80000,prps,2,1086
64012,64.012,1,4004,54004,ladder_a05_lin_r02,prps,1416,-12,-0.218629,-12,0,-12,-0.03141592,-1.80000,prps,2,1087
64017,64.017,1,4004,54004,ladder_a05_lin_r02,prps,1414,-14,-0.269142,-10,0,-10,-0.02617994,-1.50000,prps,2,1088
64022,64.022,1,4004,54004,ladder_a05_lin_r02,prps,1413,-15,-0.282394,-7,0,-7,-0.01832596,-1.05000,prps,2,1089
64027,64.027,1,4004,54004,ladder_a05_lin_r02,prps,1414,-14,-0.258661,-5,0,-5,-0.01308997,-0.75000,prps,2,1090
64032,64.032,1,4004,54004,ladder_a05_lin_r02,prps,1417,-11,-0.202086,-2,0,-2,-0.00523599,-0.30000,prps,2,1091
64037,64.037,1,4004,54004,ladder_a05_lin_r02,prps,1422,-6,-0.119508,1,0,1,0.00261799,0.15000,prps,2,1092
64042,64.042,1,4004,54004,ladder_a05_lin_r02,prps,1427,-1,-0.019184,2,0,2,0.00523599,0.30000,prps,2,1093
64047,64.047,1,4004,54004,ladder_a05_lin_r02,prps,1433,5,0.090292,3,0,3,0.00785398,0.45000,prps,2,1094
64052,64.052,1,4004,54004,ladder_a05_lin_r02,prps,1439,11,0.200728,3,0,3,0.00785398,0.45000,prps,2,1095
64057,64.057,1,4004,54004,ladder_a05_lin_r02,prps,1444,16,0.304680,2,0,2,0.00523599,0.30000,prps,2,1096
64062,64.062,1,4004,54004,ladder_a05_lin_r02,prps,1449,21,0.395488,0,0,0,0.00000000,0.00000,prps,2,1097
64067,64.067,1,4004,54004,ladder_a05_lin_r02,prps,1453,25,0.467186,-2,0,-2,-0.00523599,-0.30000,prps,2,1098
64072,64.072,1,4004,54004,ladder_a05_lin_r02,prps,1455,27,0.514471,-4,0,-4,-0.01047198,-0.60000,prps,2,1099
64077,64.077,1,4004,54004,ladder_a05_lin_r02,prps,1456,28,0.532899,-6,0,-6,-0.01570796,-0.90000,prps,2,1100
64082,64.082,1,4004,54004,ladder_a05_lin_r02,prps,1456,28,0.519364,-9,0,-9,-0.02356194,-1.35000,prps,2,1101
64087,64.087,1,4004,54004,ladder_a05_lin_r02,prps,1453,25,0.472808,-11,0,-11,-0.02879793,-1.65000,prps,2,1102
64092,64.092,1,4004,54004,ladder_a05_lin_r02,prps,1449,21,0.395004,-14,0,-14,-0.03665191,-2.10000,prps,2,1103
64097,64.097,1,4004,54004,ladder_a05_lin_r02,prps,1443,15,0.291148,-15,0,-15,-0.03926991,-2.25000,prps,2,1104
64102,64.102,1,4004,54004,ladder_a05_lin_r02,prps,1437,9,0.170047,-16,0,-16,-0.04188790,-2.40000,prps,2,1105
64107,64.107,1,4004,54004,ladder_a05_lin_r02,prps,1430,2,0.043671,-16,0,-16,-0.04188790,-2.40000,prps,2,1106
64112,64.112,1,4004,54004,ladder_a05_lin_r02,prps,1424,-4,-0.073968,-16,0,-16,-0.04188790,-2.40000,prps,2,1107
64117,64.117,1,4004,54004,ladder_a05_lin_r02,prps,1419,-9,-0.168555,-14,0,-14,-0.03665191,-2.10000,prps,2,1108
64122,64.122,1,4004,54004,ladder_a05_lin_r02,prps,1416,-12,-0.227577,-13,0,-13,-0.03403392,-1.95000,prps,2,1109
64127,64.127,1,4004,54004,ladder_a05_lin_r02,prps,1415,-13,-0.242434,-10,0,-10,-0.02617994,-1.50000,prps,2,1110
64132,64.132,1,4004,54004,ladder_a05_lin_r02,prps,1417,-11,-0.210171,-7,0,-7,-0.01832596,-1.05000,prps,2,1111
64137,64.137,1,4004,54004,ladder_a05_lin_r02,prps,1421,-7,-0.134431,-4,0,-4,-0.01047198,-0.60000,prps,2,1112
64142,64.142,1,4004,54004,ladder_a05_lin_r02,prps,1427,-1,-0.025394,-2,0,-2,-0.00523599,-0.30000,prps,2,1113
64147,64.147,1,4004,54004,ladder_a05_lin_r02,prps,1433,5,0.101389,0,0,0,0.00000000,0.00000,prps,2,1114
64152,64.152,1,4004,54004,ladder_a05_lin_r02,prps,1440,12,0.227137,1,0,1,0.00261799,0.15000,prps,2,1115
64157,64.157,1,4004,54004,ladder_a05_lin_r02,prps,1446,18,0.332624,0,0,0,0.00000000,0.00000,prps,2,1116
64162,64.162,1,4004,54004,ladder_a05_lin_r02,prps,1449,21,0.401160,-1,0,-1,-0.00261799,-0.15000,prps,2,1117
64167,64.167,1,4004,54004,ladder_a05_lin_r02,prps,1450,22,0.421248,-3,0,-3,-0.00785398,-0.45000,prps,2,1118
64172,64.172,1,4004,54004,ladder_a05_lin_r02,prps,1449,21,0.388436,-4,0,-4,-0.01047198,-0.60000,prps,2,1119
64177,64.177,1,4004,54004,ladder_a05_lin_r02,prps,1444,16,0.306048,-7,0,-7,-0.01832596,-1.05000,prps,2,1120
64182,64.182,1,4004,54004,ladder_a05_lin_r02,prps,1438,10,0.184646,-9,0,-9,-0.02356194,-1.35000,prps,2,1121
64187,64.187,1,4004,54004,ladder_a05_lin_r02,prps,1430,2,0.040314,-11,0,-11,-0.02879793,-1.65000,prps,2,1122
64192,64.192,1,4004,54004,ladder_a05_lin_r02,prps,1422,-6,-0.107910,-11,0,-11,-0.02879793,-1.65000,prps,2,1123
64197,64.197,1,4004,54004,ladder_a05_lin_r02,prps,1415,-13,-0.241020,-11,0,-11,-0.02879793,-1.65000,prps,2,1124
64202,64.202,1,4004,54004,ladder_a05_lin_r02,prps,1410,-18,-0.342916,-11,0,-11,-0.02879793,-1.65000,prps,2,1125
64207,64.207,1,4004,54004,ladder_a05_lin_r02,prps,1407,-21,-0.402675,-9,0,-9,-0.02356194,-1.35000,prps,2,1126
64212,64.212,1,4004,54004,ladder_a05_lin_r02,prps,1406,-22,-0.415875,-6,0,-6,-0.01570796,-0.90000,prps,2,1127
64217,64.217,1,4004,54004,ladder_a05_lin_r02,prps,1408,-20,-0.384788,-2,0,-2,-0.00523599,-0.30000,prps,2,1128
64222,64.222,1,4004,54004,ladder_a05_lin_r02,prps,1411,-17,-0.317494,1,0,1,0.00261799,0.15000,prps,2,1129
64227,64.227,1,4004,54004,ladder_a05_lin_r02,prps,1416,-12,-0.226141,4,0,4,0.01047198,0.60000,prps,2,1130
64232,64.232,1,4004,54004,ladder_a05_lin_r02,prps,1421,-7,-0.124736,6,0,6,0.01570796,0.90000,prps,2,1131
64237,64.237,1,4004,54004,ladder_a05_lin_r02,prps,1427,-1,-0.026881,6,0,6,0.01570796,0.90000,prps,2,1132
64242,64.242,1,4004,54004,ladder_a05_lin_r02,prps,1431,3,0.056130,6,0,6,0.01570796,0.90000,prps,2,1133
64247,64.247,1,4004,54004,ladder_a05_lin_r02,prps,1434,6,0.116573,5,0,5,0.01308997,0.75000,prps,2,1134
64252,64.252,1,4004,54004,ladder_a05_lin_r02,prps,1436,8,0.150772,3,0,3,0.00785398,0.45000,prps,2,1135
64257,64.257,1,4004,54004,ladder_a05_lin_r02,prps,1436,8,0.158812,1,0,1,0.00261799,0.15000,prps,2,1136
64262,64.262,1,4004,54004,ladder_a05_lin_r02,prps,1436,8,0.143685,-1,0,-1,-0.00261799,-0.15000,prps,2,1137
64267,64.267,1,4004,54004,ladder_a05_lin_r02,prps,1434,6,0.110111,-1,0,-1,-0.00261799,-0.15000,prps,2,1138
64272,64.272,1,4004,54004,ladder_a05_lin_r02,prps,1431,3,0.063349,-3,0,-3,-0.00785398,-0.45000,prps,2,1139
64277,64.277,1,4004,54004,ladder_a05_lin_r02,prps,1428,0,0.008239,-3,0,-3,-0.00785398,-0.45000,prps,2,1140
64282,64.282,1,4004,54004,ladder_a05_lin_r02,prps,1425,-3,-0.051355,-3,0,-3,-0.00785398,-0.45000,prps,2,1141
64287,64.287,1,4004,54004,ladder_a05_lin_r02,prps,1422,-6,-0.112679,-3,0,-3,-0.00785398,-0.45000,prps,2,1142
64292,64.292,1,4004,54004,ladder_a05_lin_r02,prps,1419,-9,-0.173857,-3,0,-3,-0.00785398,-0.45000,prps,2,1143
64297,64.297,1,4004,54004,ladder_a05_lin_r02,prps,1416,-12,-0.233463,-3,0,-3,-0.00785398,-0.45000,prps,2,1144
64302,64.302,1,4004,54004,ladder_a05_lin_r02,prps,1413,-15,-0.290089,-3,0,-3,-0.00785398,-0.45000,prps,2,1145
64307,64.307,1,4004,54004,ladder_a05_lin_r02,prps,1410,-18,-0.342072,-2,0,-2,-0.00523599,-0.30000,prps,2,1146
64312,64.312,1,4004,54004,ladder_a05_lin_r02,prps,1407,-21,-0.387481,0,0,0,0.00000000,0.00000,prps,2,1147
64317,64.317,1,4004,54004,ladder_a05_lin_r02,prps,1406,-22,-0.424372,2,0,2,0.00523599,0.30000,prps,2,1148
64322,64.322,1,4004,54004,ladder_a05_lin_r02,prps,1404,-24,-0.451220,4,0,4,0.01047198,0.60000,prps,2,1149
64327,64.327,1,4004,54004,ladder_a05_lin_r02,prps,1403,-25,-0.467373,6,0,6,0.01570796,0.90000,prps,2,1150
64332,64.332,1,4004,54004,ladder_a05_lin_r02,prps,1403,-25,-0.473353,7,0,7,0.01832596,1.05000,prps,2,1151
64337,64.337,1,4004,54004,ladder_a05_lin_r02,prps,1403,-25,-0.470874,9,0,9,0.02356194,1.35000,prps,2,1152
64342,64.342,1,4004,54004,ladder_a05_lin_r02,prps,1403,-25,-0.462497,10,0,10,0.02617994,1.50000,prps,2,1153
64347,64.347,1,4004,54004,ladder_a05_lin_r02,prps,1404,-24,-0.450980,11,0,11,0.02879793,1.65000,prps,2,1154
64352,64.352,1,4004,54004,ladder_a05_lin_r02,prps,1405,-23,-0.438441,11,0,11,0.02879793,1.65000,prps,2,1155
64357,64.357,1,4004,54004,ladder_a05_lin_r02,prps,1405,-23,-0.425576,11,0,11,0.02879793,1.65000,prps,2,1156
64362,64.362,1,4004,54004,ladder_a05_lin_r02,prps,1406,-22,-0.411137,11,0,11,0.02879793,1.65000,prps,2,1157
64367,64.367,1,4004,54004,ladder_a05_lin_r02,prps,1407,-21,-0.391874,11,0,11,0.02879793,1.65000,prps,2,1158
64372,64.372,1,4004,54004,ladder_a05_lin_r02,prps,1409,-19,-0.363038,11,0,11,0.02879793,1.65000,prps,2,1159
64377,64.377,1,4004,54004,ladder_a05_lin_r02,prps,1411,-17,-0.319393,11,0,11,0.02879793,1.65000,prps,2,1160
64382,64.382,1,4004,54004,ladder_a05_lin_r02,prps,1414,-14,-0.256582,11,0,11,0.02879793,1.65000,prps,2,1161
64387,64.387,1,4004,54004,ladder_a05_lin_r02,prps,1419,-9,-0.172539,11,0,11,0.02879793,1.65000,prps,2,1162
64392,64.392,1,4004,54004,ladder_a05_lin_r02,prps,1424,-4,-0.068635,11,0,11,0.02879793,1.65000,prps,2,1163
64397,64.397,1,4004,54004,ladder_a05_lin_r02,prps,1431,3,0.049777,10,0,10,0.02617994,1.50000,prps,2,1164
64402,64.402,1,4004,54004,ladder_a05_lin_r02,prps,1437,9,0.173608,9,0,9,0.02356194,1.35000,prps,2,1165
64407,64.407,1,4004,54004,ladder_a05_lin_r02,prps,1443,15,0.291149,8,0,8,0.02094395,1.20000,prps,2,1166
64412,64.412,1,4004,54004,ladder_a05_lin_r02,prps,1449,21,0.389894,5,0,5,0.01308997,0.75000,prps,2,1167
64417,64.417,1,4004,54004,ladder_a05_lin_r02,prps,1452,24,0.458786,2,0,2,0.00523599,0.30000,prps,2,1168
64422,64.422,1,4004,54004,ladder_a05_lin_r02,prps,1454,26,0.490451,-1,0,-1,-0.00261799,-0.15000,prps,2,1169
64427,64.427,1,4004,54004,ladder_a05_lin_r02,prps,1454,26,0.482946,-5,0,-5,-0.01308997,-0.75000,prps,2,1170
64432,64.432,1,4004,54004,ladder_a05_lin_r02,prps,1451,23,0.440630,-8,0,-8,-0.02094395,-1.20000,prps,2,1171
64437,64.437,1,4004,54004,ladder_a05_lin_r02,prps,1448,20,0.373905,-11,0,-11,-0.02879793,-1.65000,prps,2,1172
64442,64.442,1,4004,54004,ladder_a05_lin_r02,prps,1444,16,0.297782,-13,0,-13,-0.03403392,-1.95000,prps,2,1173
64447,64.447,1,4004,54004,ladder_a05_lin_r02,prps,1440,12,0.229475,-14,0,-14,-0.03665191,-2.10000,prps,2,1174
64452,64.452,1,4004,54004,ladder_a05_lin_r02,prps,1438,10,0.185444,-14,0,-14,-0.03665191,-2.10000,prps,2,1175
64457,64.457,1,4004,54004,ladder_a05_lin_r02,prps,1437,9,0.178412,-14,0,-14,-0.03665191,-2.10000,prps,2,1176
64462,64.462,1,4004,54004,ladder_a05_lin_r02,prps,1439,11,0.214945,-13,0,-13,-0.03403392,-1.95000,prps,2,1177
64467,64.467,1,4004,54004,ladder_a05_lin_r02,prps,1444,16,0.294068,-13,0,-13,-0.03403392,-1.95000,prps,2,1178
64472,64.472,1,4004,54004,ladder_a05_lin_r02,prps,1450,22,0.407229,-12,0,-12,-0.03141592,-1.80000,prps,2,1179
64477,64.477,1,4004,54004,ladder_a05_lin_r02,prps,1457,29,0.539639,-12,0,-12,-0.03141592,-1.80000,prps,2,1180
64482,64.482,1,4004,54004,ladder_a05_lin_r02,prps,1464,36,0.672772,-12,0,-12,-0.03141592,-1.80000,prps,2,1181
64487,64.487,1,4004,54004,ladder_a05_lin_r02,prps,1470,42,0.787543,-13,0,-13,-0.03403392,-1.95000,prps,2,1182
64492,64.492,1,4004,54004,ladder_a05_lin_r02,prps,1474,46,0.867591,-15,0,-15,-0.03926991,-2.25000,prps,2,1183
64497,64.497,1,4004,54004,ladder_a05_lin_r02,prps,1476,48,0.902013,-18,0,-18,-0.04712389,-2.70000,prps,2,1184
64502,64.502,1,4004,54004,ladder_a05_lin_r02,prps,1475,47,0.887050,-21,0,-21,-0.05497787,-3.15000,prps,2,1185
64507,64.507,1,4004,54004,ladder_a05_lin_r02,prps,1472,44,0.826403,-23,0,-23,-0.06021386,-3.45000,prps,2,1186
64512,64.512,1,4004,54004,ladder_a05_lin_r02,prps,1467,39,0.730164,-26,0,-26,-0.06806784,-3.90000,prps,2,1187
64517,64.517,1,4004,54004,ladder_a05_lin_r02,prps,1460,32,0.612595,-27,0,-27,-0.07068583,-4.05000,prps,2,1188
64522,64.522,1,4004,54004,ladder_a05_lin_r02,prps,1454,26,0.489258,-28,0,-28,-0.07330382,-4.20000,prps,2,1189
64527,64.527,1,4004,54004,ladder_a05_lin_r02,prps,1448,20,0.374094,-27,0,-27,-0.07068583,-4.05000,prps,2,1190
64532,64.532,1,4004,54004,ladder_a05_lin_r02,prps,1443,15,0.277067,-27,0,-27,-0.07068583,-4.05000,prps,2,1191
64537,64.537,1,4004,54004,ladder_a05_lin_r02,prps,1439,11,0.202855,-25,0,-25,-0.06544985,-3.75000,prps,2,1192
64542,64.542,1,4004,54004,ladder_a05_lin_r02,prps,1436,8,0.150820,-23,0,-23,-0.06021386,-3.45000,prps,2,1193
64547,64.547,1,4004,54004,ladder_a05_lin_r02,prps,1434,6,0.116226,-20,0,-20,-0.05235988,-3.00000,prps,2,1194
64552,64.552,1,4004,54004,ladder_a05_lin_r02,prps,1433,5,0.092364,-17,0,-17,-0.04450589,-2.55000,prps,2,1195
64557,64.557,1,4004,54004,ladder_a05_lin_r02,prps,1432,4,0.073060,-14,0,-14,-0.03665191,-2.10000,prps,2,1196
64562,64.562,1,4004,54004,ladder_a05_lin_r02,prps,1431,3,0.054934,-12,0,-12,-0.03141592,-1.80000,prps,2,1197
64567,64.567,1,4004,54004,ladder_a05_lin_r02,prps,1430,2,0.038831,-11,0,-11,-0.02879793,-1.65000,prps,2,1198
64572,64.572,1,4004,54004,ladder_a05_lin_r02,prps,1430,2,0.030034,-9,0,-9,-0.02356194,-1.35000,prps,2,1199
64577,64.577,1,4004,54004,ladder_a05_lin_r02,prps,1430,2,0.037133,-8,0,-8,-0.02094395,-1.20000,prps,2,1200
64582,64.582,1,4004,54004,ladder_a05_lin_r02,prps,1432,4,0.069752,-7,0,-7,-0.01832596,-1.05000,prps,2,1201
64587,64.587,1,4004,54004,ladder_a05_lin_r02,prps,1435,7,0.135621,-6,0,-6,-0.01570796,-0.90000,prps,2,1202
64592,64.592,1,4004,54004,ladder_a05_lin_r02,prps,1441,13,0.237645,-6,0,-6,-0.01570796,-0.90000,prps,2,1203
64597,64.597,1,4004,54004,ladder_a05_lin_r02,prps,1448,20,0.371697,-6,0,-6,-0.01570796,-0.90000,prps,2,1204
64602,64.602,1,4004,54004,ladder_a05_lin_r02,prps,1456,28,0.525748,-6,0,-6,-0.01570796,-0.90000,prps,2,1205
64607,64.607,1,4004,54004,ladder_a05_lin_r02,prps,1464,36,0.680662,-7,0,-7,-0.01832596,-1.05000,prps,2,1206
64612,64.612,1,4004,54004,ladder_a05_lin_r02,prps,1471,43,0.812705,-8,0,-8,-0.02094395,-1.20000,prps,2,1207
64617,64.617,1,4004,54004,ladder_a05_lin_r02,prps,1476,48,0.897387,-10,0,-10,-0.02617994,-1.50000,prps,2,1208
64622,64.622,1,4004,54004,ladder_a05_lin_r02,prps,1476,48,0.913970,-13,0,-13,-0.03403392,-1.95000,prps,2,1209
64627,64.627,1,4004,54004,ladder_a05_lin_r02,prps,1473,45,0.849809,-17,0,-17,-0.04450589,-2.55000,prps,2,1210
64632,64.632,1,4004,54004,ladder_a05_lin_r02,prps,1465,37,0.703604,-21,0,-21,-0.05497787,-3.15000,prps,2,1211
64637,64.637,1,4004,54004,ladder_a05_lin_r02,prps,1454,26,0.486860,-24,0,-24,-0.06283185,-3.60000,prps,2,1212
64642,64.642,1,4004,54004,ladder_a05_lin_r02,prps,1440,12,0.223130,-25,0,-25,-0.06544985,-3.75000,prps,2,1213
64647,64.647,1,4004,54004,ladder_a05_lin_r02,prps,1425,-3,-0.054983,-25,0,-25,-0.06544985,-3.75000,prps,2,1214
64652,64.652,1,4004,54004,ladder_a05_lin_r02,prps,1412,-16,-0.310631,-24,0,-24,-0.06283185,-3.60000,prps,2,1215
64657,64.657,1,4004,54004,ladder_a05_lin_r02,prps,1401,-27,-0.508548,-21,0,-21,-0.05497787,-3.15000,prps,2,1216
64662,64.662,1,4004,54004,ladder_a05_lin_r02,prps,1395,-33,-0.620908,-16,0,-16,-0.04188790,-2.40000,prps,2,1217
64667,64.667,1,4004,54004,ladder_a05_lin_r02,prps,1394,-34,-0.632125,-11,0,-11,-0.02879793,-1.65000,prps,2,1218
64672,64.672,1,4004,54004,ladder_a05_lin_r02,prps,1399,-29,-0.541741,-6,0,-6,-0.01570796,-0.90000,prps,2,1219
64677,64.677,1,4004,54004,ladder_a05_lin_r02,prps,1409,-19,-0.364804,0,0,0,0.00000000,0.00000,prps,2,1220
64682,64.682,1,4004,54004,ladder_a05_lin_r02,prps,1421,-7,-0.129647,4,0,4,0.01047198,0.60000,prps,2,1221
64687,64.687,1,4004,54004,ladder_a05_lin_r02,prps,1435,7,0.126603,7,0,7,0.01832596,1.05000,prps,2,1222
64692,64.692,1,4004,54004,ladder_a05_lin_r02,prps,1447,19,0.363997,7,0,7,0.01832596,1.05000,prps,2,1223
64697,64.697,1,4004,54004,ladder_a05_lin_r02,prps,1457,29,0.546205,6,0,6,0.01570796,0.90000,prps,2,1224
64702,64.702,1,4004,54004,ladder_a05_lin_r02,prps,1462,34,0.646279,3,0,3,0.00785398,0.45000,prps,2,1225
64707,64.707,1,4004,54004,ladder_a05_lin_r02,prps,1462,34,0.650770,-1,0,-1,-0.00261799,-0.15000,prps,2,1226
64712,64.712,1,4004,54004,ladder_a05_lin_r02,prps,1458,30,0.561502,-4,0,-4,-0.01047198,-0.60000,prps,2,1227
64717,64.717,1,4004,54004,ladder_a05_lin_r02,prps,1449,21,0.394747,-8,0,-8,-0.02094395,-1.20000,prps,2,1228
64722,64.722,1,4004,54004,ladder_a05_lin_r02,prps,1437,9,0.178015,-11,0,-11,-0.02879793,-1.65000,prps,2,1229
64727,64.727,1,4004,54004,ladder_a05_lin_r02,prps,1425,-3,-0.054903,-14,0,-14,-0.03665191,-2.10000,prps,2,1230
64732,64.732,1,4004,54004,ladder_a05_lin_r02,prps,1414,-14,-0.269710,-14,0,-14,-0.03665191,-2.10000,prps,2,1231
64737,64.737,1,4004,54004,ladder_a05_lin_r02,prps,1405,-23,-0.437167,-14,0,-14,-0.03665191,-2.10000,prps,2,1232
64742,64.742,1,4004,54004,ladder_a05_lin_r02,prps,1400,-28,-0.537466,-12,0,-12,-0.03141592,-1.80000,prps,2,1233
64747,64.747,1,4004,54004,ladder_a05_lin_r02,prps,1398,-30,-0.562718,-9,0,-9,-0.02356194,-1.35000,prps,2,1234
64752,64.752,1,4004,54004,ladder_a05_lin_r02,prps,1401,-27,-0.517234,-4,0,-4,-0.01047198,-0.60000,prps,2,1235
64757,64.757,1,4004,54004,ladder_a05_lin_r02,prps,1406,-22,-0.415675,0,0,0,0.00000000,0.00000,prps,2,1236
64762,64.762,1,4004,54004,ladder_a05_lin_r02,prps,1413,-15,-0.279572,4,0,4,0.01047198,0.60000,prps,2,1237
64767,64.767,1,4004,54004,ladder_a05_lin_r02,prps,1421,-7,-0.132950,7,0,7,0.01832596,1.05000,prps,2,1238
64772,64.772,1,4004,54004,ladder_a05_lin_r02,prps,1428,0,0.002063,8,0,8,0.02094395,1.20000,prps,2,1239
64777,64.777,1,4004,54004,ladder_a05_lin_r02,prps,1434,6,0.108823,7,0,7,0.01832596,1.05000,prps,2,1240
64782,64.782,1,4004,54004,ladder_a05_lin_r02,prps,1437,9,0.178359,6,0,6,0.01570796,0.90000,prps,2,1241
64787,64.787,1,4004,54004,ladder_a05_lin_r02,prps,1439,11,0.209859,4,0,4,0.01047198,0.60000,prps,2,1242
64792,64.792,1,4004,54004,ladder_a05_lin_r02,prps,1439,11,0.209512,2,0,2,0.00523599,0.30000,prps,2,1243
64797,64.797,1,4004,54004,ladder_a05_lin_r02,prps,1438,10,0.188093,-1,0,-1,-0.00261799,-0.15000,prps,2,1244
64802,64.802,1,4004,54004,ladder_a05_lin_r02,prps,1436,8,0.157881,-2,0,-2,-0.00523599,-0.30000,prps,2,1245
64807,64.807,1,4004,54004,ladder_a05_lin_r02,prps,1435,7,0.129609,-3,0,-3,-0.00785398,-0.45000,prps,2,1246
64812,64.812,1,4004,54004,ladder_a05_lin_r02,prps,1434,6,0.110068,-5,0,-5,-0.01308997,-0.75000,prps,2,1247
64817,64.817,1,4004,54004,ladder_a05_lin_r02,prps,1433,5,0.100836,-5,0,-5,-0.01308997,-0.75000,prps,2,1248
64822,64.822,1,4004,54004,ladder_a05_lin_r02,prps,1433,5,0.098302,-5,0,-5,-0.01308997,-0.75000,prps,2,1249
64827,64.827,1,4004,54004,ladder_a05_lin_r02,prps,1433,5,0.094906,-5,0,-5,-0.01308997,-0.75000,prps,2,1250
64832,64.832,1,4004,54004,ladder_a05_lin_r02,prps,1432,4,0.081246,-5,0,-5,-0.01308997,-0.75000,prps,2,1251
64837,64.837,1,4004,54004,ladder_a05_lin_r02,prps,1431,3,0.048541,-5,0,-5,-0.01308997,-0.75000,prps,2,1252
64842,64.842,1,4004,54004,ladder_a05_lin_r02,prps,1428,0,-0.009098,-5,0,-5,-0.01308997,-0.75000,prps,2,1253
64847,64.847,1,4004,54004,ladder_a05_lin_r02,prps,1423,-5,-0.093069,-5,0,-5,-0.01308997,-0.75000,prps,2,1254
64852,64.852,1,4004,54004,ladder_a05_lin_r02,prps,1417,-11,-0.199679,-5,0,-5,-0.01308997,-0.75000,prps,2,1255
64857,64.857,1,4004,54004,ladder_a05_lin_r02,prps,1411,-17,-0.320613,-5,0,-5,-0.01308997,-0.75000,prps,2,1256
64862,64.862,1,4004,54004,ladder_a05_lin_r02,prps,1404,-24,-0.444354,-5,0,-5,-0.01308997,-0.75000,prps,2,1257
64867,64.867,1,4004,54004,ladder_a05_lin_r02,prps,1398,-30,-0.558210,-3,0,-3,-0.00785398,-0.45000,prps,2,1258
64872,64.872,1,4004,54004,ladder_a05_lin_r02,prps,1394,-34,-0.650518,0,0,0,0.00000000,0.00000,prps,2,1259
64877,64.877,1,4004,54004,ladder_a05_lin_r02,prps,1390,-38,-0.712579,3,0,3,0.00785398,0.45000,prps,2,1260
64882,64.882,1,4004,54004,ladder_a05_lin_r02,prps,1389,-39,-0.739966,7,0,7,0.01832596,1.05000,prps,2,1261
64887,64.887,1,4004,54004,ladder_a05_lin_r02,prps,1389,-39,-0.732983,10,0,10,0.02617994,1.50000,prps,2,1262
64892,64.892,1,4004,54004,ladder_a05_lin_r02,prps,1391,-37,-0.696266,13,0,13,0.03403392,1.95000,prps,2,1263
64897,64.897,1,4004,54004,ladder_a05_lin_r02,prps,1394,-34,-0.637671,16,0,16,0.04188790,2.40000,prps,2,1264
64902,64.902,1,4004,54004,ladder_a05_lin_r02,prps,1398,-30,-0.566731,18,0,18,0.04712389,2.70000,prps,2,1265
64907,64.907,1,4004,54004,ladder_a05_lin_r02,prps,1402,-26,-0.493031,18,0,18,0.04712389,2.70000,prps,2,1266
64912,64.912,1,4004,54004,ladder_a05_lin_r02,prps,1405,-23,-0.424811,18,0,18,0.04712389,2.70000,prps,2,1267
64917,64.917,1,4004,54004,ladder_a05_lin_r02,prps,1408,-20,-0.368036,18,0,18,0.04712389,2.70000,prps,2,1268
64922,64.922,1,4004,54004,ladder_a05_lin_r02,prps,1411,-17,-0.326035,18,0,18,0.04712389,2.70000,prps,2,1269
64927,64.927,1,4004,54004,ladder_a05_lin_r02,prps,1412,-16,-0.299669,18,0,18,0.04712389,2.70000,prps,2,1270
64932,64.932,1,4004,54004,ladder_a05_lin_r02,prps,1413,-15,-0.287878,16,0,16,0.04188790,2.40000,prps,2,1271
64937,64.937,1,4004,54004,ladder_a05_lin_r02,prps,1413,-15,-0.288399,15,0,15,0.03926991,2.25000,prps,2,1272
64942,64.942,1,4004,54004,ladder_a05_lin_r02,prps,1412,-16,-0.298418,13,0,13,0.03403392,1.95000,prps,2,1273
64947,64.947,1,4004,54004,ladder_a05_lin_r02,prps,1411,-17,-0.315015,12,0,12,0.03141592,1.80000,prps,2,1274
64952,64.952,1,4004,54004,ladder_a05_lin_r02,prps,1410,-18,-0.335315,10,0,10,0.02617994,1.50000,prps,2,1275
64957,64.957,1,4004,54004,ladder_a05_lin_r02,prps,1409,-19,-0.356384,10,0,10,0.02617994,1.50000,prps,2,1276
64962,64.962,1,4004,54004,ladder_a05_lin_r02,prps,1408,-20,-0.375006,10,0,10,0.02617994,1.50000,prps,2,1277
64967,64.967,1,4004,54004,ladder_a05_lin_r02,prps,1407,-21,-0.387499,10,0,10,0.02617994,1.50000,prps,2,1278
64972,64.972,1,4004,54004,ladder_a05_lin_r02,prps,1407,-21,-0.389745,10,0,10,0.02617994,1.50000,prps,2,1279
64977,64.977,1,4004,54004,ladder_a05_lin_r02,prps,1408,-20,-0.377538,10,0,10,0.02617994,1.50000,prps,2,1280
64982,64.982,1,4004,54004,ladder_a05_lin_r02,prps,1410,-18,-0.347252,10,0,10,0.02617994,1.50000,prps,2,1281
64987,64.987,1,4004,54004,ladder_a05_lin_r02,prps,1412,-16,-0.296724,10,0,10,0.02617994,1.50000,prps,2,1282
64992,64.992,1,4004,54004,ladder_a05_lin_r02,prps,1416,-12,-0.226164,10,0,10,0.02617994,1.50000,prps,2,1283
64997,64.997,1,4004,54004,ladder_a05_lin_r02,prps,1421,-7,-0.138838,10,0,10,0.02617994,1.50000,prps,2,1284
65002,65.002,1,4004,54004,ladder_a05_lin_r02,prps,1426,-2,-0.041289,10,0,10,0.02617994,1.50000,prps,2,1285
65007,65.007,1,4004,54004,ladder_a05_lin_r02,prps,1431,3,0.057059,9,0,9,0.02356194,1.35000,prps,2,1286
65012,65.012,1,4004,54004,ladder_a05_lin_r02,prps,1436,8,0.144942,8,0,8,0.02094395,1.20000,prps,2,1287
65017,65.017,1,4004,54004,ladder_a05_lin_r02,prps,1439,11,0.210851,5,0,5,0.01308997,0.75000,prps,2,1288
65022,65.022,1,4004,54004,ladder_a05_lin_r02,prps,1441,13,0.244909,3,0,3,0.00785398,0.45000,prps,2,1289
65027,65.027,1,4004,54004,ladder_a05_lin_r02,prps,1441,13,0.240696,1,0,1,0.00261799,0.15000,prps,2,1290
65032,65.032,1,4004,54004,ladder_a05_lin_r02,prps,1438,10,0.196664,-2,0,-2,-0.00523599,-0.30000,prps,2,1291
65037,65.037,1,4004,54004,ladder_a05_lin_r02,prps,1434,6,0.116807,-4,0,-4,-0.01047198,-0.60000,prps,2,1292
65042,65.042,1,4004,54004,ladder_a05_lin_r02,prps,1429,1,0.010405,-6,0,-6,-0.01570796,-0.90000,prps,2,1293
65047,65.047,1,4004,54004,ladder_a05_lin_r02,prps,1422,-6,-0.109181,-6,0,-6,-0.01570796,-0.90000,prps,2,1294
65052,65.052,1,4004,54004,ladder_a05_lin_r02,prps,1416,-12,-0.226493,-6,0,-6,-0.01570796,-0.90000,prps,2,1295
65057,65.057,1,4004,54004,ladder_a05_lin_r02,prps,1411,-17,-0.326416,-5,0,-5,-0.01308997,-0.75000,prps,2,1296
65062,65.062,1,4004,54004,ladder_a05_lin_r02,prps,1407,-21,-0.396630,-5,0,-5,-0.01308997,-0.75000,prps,2,1297
65067,65.067,1,4004,54004,ladder_a05_lin_r02,prps,1405,-23,-0.429641,-3,0,-3,-0.00785398,-0.45000,prps,2,1298
65072,65.072,1,4004,54004,ladder_a05_lin_r02,prps,1406,-22,-0.423989,0,0,0,0.00000000,0.00000,prps,2,1299
65077,65.077,1,4004,54004,ladder_a05_lin_r02,prps,1408,-20,-0.384418,3,0,3,0.00785398,0.45000,prps,2,1300
65082,65.082,1,4004,54004,ladder_a05_lin_r02,prps,1411,-17,-0.320960,5,0,5,0.01308997,0.75000,prps,2,1301
65087,65.087,1,4004,54004,ladder_a05_lin_r02,prps,1415,-13,-0.247101,7,0,7,0.01832596,1.05000,prps,2,1302
65092,65.092,1,4004,54004,ladder_a05_lin_r02,prps,1419,-9,-0.177384,8,0,8,0.02094395,1.20000,prps,2,1303
65097,65.097,1,4004,54004,ladder_a05_lin_r02,prps,1421,-7,-0.124875,8,0,8,0.02094395,1.20000,prps,2,1304
65102,65.102,1,4004,54004,ladder_a05_lin_r02,prps,1423,-5,-0.098973,8,0,8,0.02094395,1.20000,prps,2,1305
65107,65.107,1,4004,54004,ladder_a05_lin_r02,prps,1422,-6,-0.103952,7,0,7,0.01832596,1.05000,prps,2,1306
65112,65.112,1,4004,54004,ladder_a05_lin_r02,prps,1421,-7,-0.138470,6,0,6,0.01570796,0.90000,prps,2,1307
65117,65.117,1,4004,54004,ladder_a05_lin_r02,prps,1418,-10,-0.196099,5,0,5,0.01308997,0.75000,prps,2,1308
65122,65.122,1,4004,54004,ladder_a05_lin_r02,prps,1414,-14,-0.266739,4,0,4,0.01047198,0.60000,prps,2,1309
65127,65.127,1,4004,54004,ladder_a05_lin_r02,prps,1410,-18,-0.338589,4,0,4,0.01047198,0.60000,prps,2,1310
65132,65.132,1,4004,54004,ladder_a05_lin_r02,prps,1407,-21,-0.400301,4,0,4,0.01047198,0.60000,prps,2,1311
65137,65.137,1,4004,54004,ladder_a05_lin_r02,prps,1405,-23,-0.442886,4,0,4,0.01047198,0.60000,prps,2,1312
65142,65.142,1,4004,54004,ladder_a05_lin_r02,prps,1404,-24,-0.461055,5,0,5,0.01308997,0.75000,prps,2,1313
65147,65.147,1,4004,54004,ladder_a05_lin_r02,prps,1404,-24,-0.453791,6,0,6,0.01570796,0.90000,prps,2,1314
65152,65.152,1,4004,54004,ladder_a05_lin_r02,prps,1406,-22,-0.424115,7,0,7,0.01832596,1.05000,prps,2,1315
65157,65.157,1,4004,54004,ladder_a05_lin_r02,prps,1408,-20,-0.378188,8,0,8,0.02094395,1.20000,prps,2,1316
65162,65.162,1,4004,54004,ladder_a05_lin_r02,prps,1411,-17,-0.323993,9,0,9,0.02356194,1.35000,prps,2,1317
65167,65.167,1,4004,54004,ladder_a05_lin_r02,prps,1414,-14,-0.269904,10,0,10,0.02617994,1.50000,prps,2,1318
65172,65.172,1,4004,54004,ladder_a05_lin_r02,prps,1416,-12,-0.223442,10,0,10,0.02617994,1.50000,prps,2,1319
65177,65.177,1,4004,54004,ladder_a05_lin_r02,prps,1418,-10,-0.190427,10,0,10,0.02617994,1.50000,prps,2,1320
65182,65.182,1,4004,54004,ladder_a05_lin_r02,prps,1419,-9,-0.174619,10,0,10,0.02617994,1.50000,prps,2,1321
65187,65.187,1,4004,54004,ladder_a05_lin_r02,prps,1419,-9,-0.177814,9,0,9,0.02356194,1.35000,prps,2,1322
65192,65.192,1,4004,54004,ladder_a05_lin_r02,prps,1417,-11,-0.200239,9,0,9,0.02356194,1.35000,prps,2,1323
65197,65.197,1,4004,54004,ladder_a05_lin_r02,prps,1415,-13,-0.241055,8,0,8,0.02094395,1.20000,prps,2,1324
65202,65.202,1,4004,54004,ladder_a05_lin_r02,prps,1412,-16,-0.298756,8,0,8,0.02094395,1.20000,prps,2,1325
65207,65.207,1,4004,54004,ladder_a05_lin_r02,prps,1408,-20,-0.371320,7,0,7,0.01832596,1.05000,prps,2,1326
65212,65.212,1,4004,54004,ladder_a05_lin_r02,prps,1404,-24,-0.456076,7,0,7,0.01832596,1.05000,prps,2,1327
65217,65.217,1,4004,54004,ladder_a05_lin_r02,prps,1399,-29,-0.549360,7,0,7,0.01832596,1.05000,prps,2,1328
65222,65.222,1,4004,54004,ladder_a05_lin_r02,prps,1394,-34,-0.646114,7,0,7,0.01832596,1.05000,prps,2,1329
65227,65.227,1,4004,54004,ladder_a05_lin_r02,prps,1389,-39,-0.739673,9,0,9,0.02356194,1.35000,prps,2,1330
65232,65.232,1,4004,54004,ladder_a05_lin_r02,prps,1384,-44,-0.821903,10,0,10,0.02617994,1.50000,prps,2,1331
65237,65.237,1,4004,54004,ladder_a05_lin_r02,prps,1381,-47,-0.883844,13,0,13,0.03403392,1.95000,prps,2,1332
65242,65.242,1,4004,54004,ladder_a05_lin_r02,prps,1379,-49,-0.916838,15,0,15,0.03926991,2.25000,prps,2,1333
65247,65.247,1,4004,54004,ladder_a05_lin_r02,prps,1380,-48,-0.913996,18,0,18,0.04712389,2.70000,prps,2,1334
65252,65.252,1,4004,54004,ladder_a05_lin_r02,prps,1382,-46,-0.871745,20,0,20,0.05235988,3.00000,prps,2,1335
65257,65.257,1,4004,54004,ladder_a05_lin_r02,prps,1386,-42,-0.791088,22,0,22,0.05759586,3.30000,prps,2,1336
65262,65.262,1,4004,54004,ladder_a05_lin_r02,prps,1392,-36,-0.678257,24,0,24,0.06283185,3.60000,prps,2,1337
65267,65.267,1,4004,54004,ladder_a05_lin_r02,prps,1399,-29,-0.544495,24,0,24,0.06283185,3.60000,prps,2,1338
65272,65.272,1,4004,54004,ladder_a05_lin_r02,prps,1407,-21,-0.404865,24,0,24,0.06283185,3.60000,prps,2,1339
65277,65.277,1,4004,54004,ladder_a05_lin_r02,prps,1413,-15,-0.276189,24,0,24,0.06283185,3.60000,prps,2,1340
65282,65.282,1,4004,54004,ladder_a05_lin_r02,prps,1419,-9,-0.174423,24,0,24,0.06283185,3.60000,prps,2,1341
65287,65.287,1,4004,54004,ladder_a05_lin_r02,prps,1422,-6,-0.111913,21,0,21,0.05497787,3.15000,prps,2,1342
65292,65.292,1,4004,54004,ladder_a05_lin_r02,prps,1423,-5,-0.095050,18,0,18,0.04712389,2.70000,prps,2,1343
65297,65.297,1,4004,54004,ladder_a05_lin_r02,prps,1421,-7,-0.122824,15,0,15,0.03926991,2.25000,prps,2,1344
65302,65.302,1,4004,54004,ladder_a05_lin_r02,prps,1418,-10,-0.186617,12,0,12,0.03141592,1.80000,prps,2,1345
65307,65.307,1,4004,54004,ladder_a05_lin_r02,prps,1414,-14,-0.271361,9,0,9,0.02356194,1.35000,prps,2,1346
65312,65.312,1,4004,54004,ladder_a05_lin_r02,prps,1409,-19,-0.357925,7,0,7,0.01832596,1.05000,prps,2,1347
65317,65.317,1,4004,54004,ladder_a05_lin_r02,prps,1405,-23,-0.426354,6,0,6,0.01570796,0.90000,prps,2,1348
65322,65.322,1,4004,54004,ladder_a05_lin_r02,prps,1404,-24,-0.459362,6,0,6,0.01570796,0.90000,prps,2,1349
65327,65.327,1,4004,54004,ladder_a05_lin_r02,prps,1404,-24,-0.445465,6,0,6,0.01570796,0.90000,prps,2,1350
65332,65.332,1,4004,54004,ladder_a05_lin_r02,prps,1408,-20,-0.381119,7,0,7,0.01832596,1.05000,prps,2,1351
65337,65.337,1,4004,54004,ladder_a05_lin_r02,prps,1414,-14,-0.271455,7,0,7,0.01832596,1.05000,prps,2,1352
65342,65.342,1,4004,54004,ladder_a05_lin_r02,prps,1421,-7,-0.129429,8,0,8,0.02094395,1.20000,prps,2,1353
65347,65.347,1,4004,54004,ladder_a05_lin_r02,prps,1429,1,0.026462,8,0,8,0.02094395,1.20000,prps,2,1354
65352,65.352,1,4004,54004,ladder_a05_lin_r02,prps,1437,9,0.175481,7,0,7,0.01832596,1.05000,prps,2,1355
65357,65.357,1,4004,54004,ladder_a05_lin_r02,prps,1444,16,0.298346,7,0,7,0.01832596,1.05000,prps,2,1356
65362,65.362,1,4004,54004,ladder_a05_lin_r02,prps,1448,20,0.380607,5,0,5,0.01308997,0.75000,prps,2,1357
65367,65.367,1,4004,54004,ladder_a05_lin_r02,prps,1450,22,0.415041,2,0,2,0.00523599,0.30000,prps,2,1358
65372,65.372,1,4004,54004,ladder_a05_lin_r02,prps,1449,21,0.402626,-2,0,-2,-0.00523599,-0.30000,prps,2,1359
65377,65.377,1,4004,54004,ladder_a05_lin_r02,prps,1447,19,0.351908,-5,0,-5,-0.01308997,-0.75000,prps,2,1360
65382,65.382,1,4004,54004,ladder_a05_lin_r02,prps,1443,15,0.276909,-8,0,-8,-0.02094395,-1.20000,prps,2,1361
65387,65.387,1,4004,54004,ladder_a05_lin_r02,prps,1438,10,0.194033,-10,0,-10,-0.02617994,-1.50000,prps,2,1362
65392,65.392,1,4004,54004,ladder_a05_lin_r02,prps,1434,6,0.118604,-11,0,-11,-0.02879793,-1.65000,prps,2,1363
65397,65.397,1,4004,54004,ladder_a05_lin_r02,prps,1431,3,0.061773,-11,0,-11,-0.02879793,-1.65000,prps,2,1364
65402,65.402,1,4004,54004,ladder_a05_lin_r02,prps,1430,2,0.028424,-11,0,-11,-0.02879793,-1.65000,prps,2,1365
65407,65.407,1,4004,54004,ladder_a05_lin_r02,prps,1429,1,0.016516,-10,0,-10,-0.02617994,-1.50000,prps,2,1366
65412,65.412,1,4004,54004,ladder_a05_lin_r02,prps,1429,1,0.017975,-9,0,-9,-0.02356194,-1.35000,prps,2,1367
65417,65.417,1,4004,54004,ladder_a05_lin_r02,prps,1429,1,0.020946,-8,0,-8,-0.02094395,-1.20000,prps,2,1368
65422,65.422,1,4004,54004,ladder_a05_lin_r02,prps,1429,1,0.012893,-8,0,-8,-0.02094395,-1.20000,prps,2,1369
65427,65.427,1,4004,54004,ladder_a05_lin_r02,prps,1427,-1,-0.016131,-7,0,-7,-0.01832596,-1.05000,prps,2,1370
65432,65.432,1,4004,54004,ladder_a05_lin_r02,prps,1424,-4,-0.070767,-6,0,-6,-0.01570796,-0.90000,prps,2,1371
65437,65.437,1,4004,54004,ladder_a05_lin_r02,prps,1420,-8,-0.148804,-5,0,-5,-0.01308997,-0.75000,prps,2,1372
65442,65.442,1,4004,54004,ladder_a05_lin_r02,prps,1415,-13,-0.241173,-4,0,-4,-0.01047198,-0.60000,prps,2,1373
65447,65.447,1,4004,54004,ladder_a05_lin_r02,prps,1410,-18,-0.333516,-3,0,-3,-0.00785398,-0.45000,prps,2,1374
65452,65.452,1,4004,54004,ladder_a05_lin_r02,prps,1406,-22,-0.409040,-1,0,-1,-0.00261799,-0.15000,prps,2,1375
65457,65.457,1,4004,54004,ladder_a05_lin_r02,prps,1404,-24,-0.452066,1,0,1,0.00261799,0.15000,prps,2,1376
65462,65.462,1,4004,54004,ladder_a05_lin_r02,prps,1404,-24,-0.451516,3,0,3,0.00785398,0.45000,prps,2,1377
65467,65.467,1,4004,54004,ladder_a05_lin_r02,prps,1407,-21,-0.403610,5,0,5,0.01308997,0.75000,prps,2,1378
65472,65.472,1,4004,54004,ladder_a05_lin_r02,prps,1411,-17,-0.313131,7,0,7,0.01832596,1.05000,prps,2,1379
65477,65.477,1,4004,54004,ladder_a05_lin_r02,prps,1418,-10,-0.192971,8,0,8,0.02094395,1.20000,prps,2,1380
65482,65.482,1,4004,54004,ladder_a05_lin_r02,prps,1425,-3,-0.061977,9,0,9,0.02356194,1.35000,prps,2,1381
65487,65.487,1,4004,54004,ladder_a05_lin_r02,prps,1431,3,0.058508,9,0,9,0.02356194,1.35000,prps,2,1382
65492,65.492,1,4004,54004,ladder_a05_lin_r02,prps,1436,8,0.148729,8,0,8,0.02094395,1.20000,prps,2,1383
65497,65.497,1,4004,54004,ladder_a05_lin_r02,prps,1438,10,0.194404,6,0,6,0.01570796,0.90000,prps,2,1384
65502,65.502,1,4004,54004,ladder_a05_lin_r02,prps,1438,10,0.189611,5,0,5,0.01308997,0.75000,prps,2,1385
65507,65.507,1,4004,54004,ladder_a05_lin_r02,prps,1435,7,0.138059,2,0,2,0.00523599,0.30000,prps,2,1386
65512,65.512,1,4004,54004,ladder_a05_lin_r02,prps,1431,3,0.052458,0,0,0,0.00000000,0.00000,prps,2,1387
65517,65.517,1,4004,54004,ladder_a05_lin_r02,prps,1425,-3,-0.047948,-2,0,-2,-0.00523599,-0.30000,prps,2,1388
65522,65.522,1,4004,54004,ladder_a05_lin_r02,prps,1421,-7,-0.141186,-3,0,-3,-0.00785398,-0.45000,prps,2,1389
65527,65.527,1,4004,54004,ladder_a05_lin_r02,prps,1417,-11,-0.206985,-3,0,-3,-0.00785398,-0.45000,prps,2,1390
65532,65.532,1,4004,54004,ladder_a05_lin_r02,prps,1416,-12,-0.230916,-3,0,-3,-0.00785398,-0.45000,prps,2,1391
65537,65.537,1,4004,54004,ladder_a05_lin_r02,prps,1417,-11,-0.207414,-3,0,-3,-0.00785398,-0.45000,prps,2,1392
65542,65.542,1,4004,54004,ladder_a05_lin_r02,prps,1421,-7,-0.141053,-2,0,-2,-0.00523599,-0.30000,prps,2,1393
65547,65.547,1,4004,54004,ladder_a05_lin_r02,prps,1426,-2,-0.045769,0,0,0,0.00000000,0.00000,prps,2,1394
65552,65.552,1,4004,54004,ladder_a05_lin_r02,prps,1431,3,0.057822,0,0,0,0.00000000,0.00000,prps,2,1395
65557,65.557,1,4004,54004,ladder_a05_lin_r02,prps,1436,8,0.146524,0,0,0,0.00000000,0.00000,prps,2,1396
65562,65.562,1,4004,54004,ladder_a05_lin_r02,prps,1439,11,0.199268,0,0,0,0.00000000,0.00000,prps,2,1397
65567,65.567,1,4004,54004,ladder_a05_lin_r02,prps,1439,11,0.201490,-1,0,-1,-0.00261799,-0.15000,prps,2,1398
65572,65.572,1,4004,54004,ladder_a05_lin_r02,prps,1436,8,0.148313,-1,0,-1,-0.00261799,-0.15000,prps,2,1399
65577,65.577,1,4004,54004,ladder_a05_lin_r02,prps,1430,2,0.045865,-3,0,-3,-0.00785398,-0.45000,prps,2,1400
65582,65.582,1,4004,54004,ladder_a05_lin_r02,prps,1423,-5,-0.089557,-4,0,-4,-0.01047198,-0.60000,prps,2,1401
65587,65.587,1,4004,54004,ladder_a05_lin_r02,prps,1416,-12,-0.234341,-4,0,-4,-0.01047198,-0.60000,prps,2,1402
65592,65.592,1,4004,54004,ladder_a05_lin_r02,prps,1409,-19,-0.361922,-4,0,-4,-0.01047198,-0.60000,prps,2,1403
65597,65.597,1,4004,54004,ladder_a05_lin_r02,prps,1404,-24,-0.447820,-3,0,-3,-0.00785398,-0.45000,prps,2,1404
65602,65.602,1,4004,54004,ladder_a05_lin_r02,prps,1403,-25,-0.474386,-2,0,-2,-0.00523599,-0.30000,prps,2,1405
65607,65.607,1,4004,54004,ladder_a05_lin_r02,prps,1405,-23,-0.434365,0,0,0,0.00000000,0.00000,prps,2,1406
65612,65.612,1,4004,54004,ladder_a05_lin_r02,prps,1410,-18,-0.332560,3,0,3,0.00785398,0.45000,prps,2,1407
65617,65.617,1,4004,54004,ladder_a05_lin_r02,prps,1418,-10,-0.185278,6,0,6,0.01570796,0.90000,prps,2,1408
65622,65.622,1,4004,54004,ladder_a05_lin_r02,prps,1427,-1,-0.017647,7,0,7,0.01832596,1.05000,prps,2,1409
65627,65.627,1,4004,54004,ladder_a05_lin_r02,prps,1435,7,0.140721,7,0,7,0.01832596,1.05000,prps,2,1410
65632,65.632,1,4004,54004,ladder_a05_lin_r02,prps,1442,14,0.260925,7,0,7,0.01832596,1.05000,prps,2,1411
65637,65.637,1,4004,54004,ladder_a05_lin_r02,prps,1445,17,0.319881,5,0,5,0.01308997,0.75000,prps,2,1412
65642,65.642,1,4004,54004,ladder_a05_lin_r02,prps,1444,16,0.304420,3,0,3,0.00785398,0.45000,prps,2,1413
65647,65.647,1,4004,54004,ladder_a05_lin_r02,prps,1439,11,0.213663,1,0,1,0.00261799,0.15000,prps,2,1414
65652,65.652,1,4004,54004,ladder_a05_lin_r02,prps,1431,3,0.059257,-2,0,-2,-0.00523599,-0.30000,prps,2,1415
65657,65.657,1,4004,54004,ladder_a05_lin_r02,prps,1421,-7,-0.136516,-5,0,-5,-0.01308997,-0.75000,prps,2,1416
65662,65.662,1,4004,54004,ladder_a05_lin_r02,prps,1410,-18,-0.344408,-6,0,-6,-0.01570796,-0.90000,prps,2,1417
65667,65.667,1,4004,54004,ladder_a05_lin_r02,prps,1400,-28,-0.532966,-5,0,-5,-0.01308997,-0.75000,prps,2,1418
65672,65.672,1,4004,54004,ladder_a05_lin_r02,prps,1392,-36,-0.673542,-4,0,-4,-0.01047198,-0.60000,prps,2,1419
65677,65.677,1,4004,54004,ladder_a05_lin_r02,prps,1389,-39,-0.744720,-2,0,-2,-0.00523599,-0.30000,prps,2,1420
65682,65.682,1,4004,54004,ladder_a05_lin_r02,prps,1389,-39,-0.735431,2,0,2,0.00523599,0.30000,prps,2,1421
65687,65.687,1,4004,54004,ladder_a05_lin_r02,prps,1394,-34,-0.646325,6,0,6,0.01570796,0.90000,prps,2,1422
65692,65.692,1,4004,54004,ladder_a05_lin_r02,prps,1402,-26,-0.489265,10,0,10,0.02617994,1.50000,prps,2,1423
65697,65.697,1,4004,54004,ladder_a05_lin_r02,prps,1413,-15,-0.285149,13,0,13,0.03403392,1.95000,prps,2,1424
65702,65.702,1,4004,54004,ladder_a05_lin_r02,prps,1425,-3,-0.060524,14,0,14,0.03665191,2.10000,prps,2,1425
65707,65.707,1,4004,54004,ladder_a05_lin_r02,prps,1436,8,0.156388,14,0,14,0.03665191,2.10000,prps,2,1426
65712,65.712,1,4004,54004,ladder_a05_lin_r02,prps,1446,18,0.339570,14,0,14,0.03665191,2.10000,prps,2,1427
65717,65.717,1,4004,54004,ladder_a05_lin_r02,prps,1453,25,0.468438,11,0,11,0.02879793,1.65000,prps,2,1428
65722,65.722,1,4004,54004,ladder_a05_lin_r02,prps,1456,28,0.529989,7,0,7,0.01832596,1.05000,prps,2,1429
65727,65.727,1,4004,54004,ladder_a05_lin_r02,prps,1456,28,0.519689,3,0,3,0.00785398,0.45000,prps,2,1430
65732,65.732,1,4004,54004,ladder_a05_lin_r02,prps,1451,23,0.441161,-2,0,-2,-0.00523599,-0.30000,prps,2,1431
65737,65.737,1,4004,54004,ladder_a05_lin_r02,prps,1444,16,0.304878,-6,0,-6,-0.01570796,-0.90000,prps,2,1432
65742,65.742,1,4004,54004,ladder_a05_lin_r02,prps,1435,7,0.126235,-9,0,-9,-0.02356194,-1.35000,prps,2,1433
65747,65.747,1,4004,54004,ladder_a05_lin_r02,prps,1424,-4,-0.076632,-11,0,-11,-0.02879793,-1.65000,prps,2,1434
65752,65.752,1,4004,54004,ladder_a05_lin_r02,prps,1413,-15,-0.284947,-11,0,-11,-0.02879793,-1.65000,prps,2,1435
65757,65.757,1,4004,54004,ladder_a05_lin_r02,prps,1403,-25,-0.481063,-10,0,-10,-0.02617994,-1.50000,prps,2,1436
65762,65.762,1,4004,54004,ladder_a05_lin_r02,prps,1394,-34,-0.649784,-8,0,-8,-0.02094395,-1.20000,prps,2,1437
65767,65.767,1,4004,54004,ladder_a05_lin_r02,prps,1387,-41,-0.779234,-6,0,-6,-0.01570796,-0.90000,prps,2,1438
65772,65.772,1,4004,54004,ladder_a05_lin_r02,prps,1382,-46,-0.861346,-2,0,-2,-0.00523599,-0.30000,prps,2,1439
65777,65.777,1,4004,54004,ladder_a05_lin_r02,prps,1381,-47,-0.892065,3,0,3,0.00785398,0.45000,prps,2,1440
65782,65.782,1,4004,54004,ladder_a05_lin_r02,prps,1382,-46,-0.871374,8,0,8,0.02094395,1.20000,prps,2,1441
65787,65.787,1,4004,54004,ladder_a05_lin_r02,prps,1385,-43,-0.803164,12,0,12,0.03141592,1.80000,prps,2,1442
65792,65.792,1,4004,54004,ladder_a05_lin_r02,prps,1391,-37,-0.694966,16,0,16,0.04188790,2.40000,prps,2,1443
65797,65.797,1,4004,54004,ladder_a05_lin_r02,prps,1398,-30,-0.557466,19,0,19,0.04974188,2.85000,prps,2,1444
65802,65.802,1,4004,54004,ladder_a05_lin_r02,prps,1407,-21,-0.403762,20,0,20,0.05235988,3.00000,prps,2,1445
65807,65.807,1,4004,54004,ladder_a05_lin_r02,prps,1415,-13,-0.248301,20,0,20,0.05235988,3.00000,prps,2,1446
65812,65.812,1,4004,54004,ladder_a05_lin_r02,prps,1422,-6,-0.105537,20,0,20,0.05235988,3.00000,prps,2,1447
65817,65.817,1,4004,54004,ladder_a05_lin_r02,prps,1429,1,0.011599,19,0,19,0.04974188,2.85000,prps,2,1448
65822,65.822,1,4004,54004,ladder_a05_lin_r02,prps,1433,5,0.093235,16,0,16,0.04188790,2.40000,prps,2,1449
65827,65.827,1,4004,54004,ladder_a05_lin_r02,prps,1435,7,0.133851,13,0,13,0.03403392,1.95000,prps,2,1450
65832,65.832,1,4004,54004,ladder_a05_lin_r02,prps,1435,7,0.133114,9,0,9,0.02356194,1.35000,prps,2,1451
65837,65.837,1,4004,54004,ladder_a05_lin_r02,prps,1433,5,0.096037,6,0,6,0.01570796,0.90000,prps,2,1452
65842,65.842,1,4004,54004,ladder_a05_lin_r02,prps,1430,2,0.032387,3,0,3,0.00785398,0.45000,prps,2,1453
65847,65.847,1,4004,54004,ladder_a05_lin_r02,prps,1426,-2,-0.044636,0,0,0,0.00000000,0.00000,prps,2,1454
65852,65.852,1,4004,54004,ladder_a05_lin_r02,prps,1422,-6,-0.120266,-1,0,-1,-0.00261799,-0.15000,prps,2,1455
65857,65.857,1,4004,54004,ladder_a05_lin_r02,prps,1418,-10,-0.180297,-1,0,-1,-0.00261799,-0.15000,prps,2,1456
65862,65.862,1,4004,54004,ladder_a05_lin_r02,prps,1417,-11,-0.213117,-1,0,-1,-0.00261799,-0.15000,prps,2,1457
65867,65.867,1,4004,54004,ladder_a05_lin_r02,prps,1417,-11,-0.211304,-1,0,-1,-0.00261799,-0.15000,prps,2,1458
65872,65.872,1,4004,54004,ladder_a05_lin_r02,prps,1419,-9,-0.172502,-1,0,-1,-0.00261799,-0.15000,prps,2,1459
65877,65.877,1,4004,54004,ladder_a05_lin_r02,prps,1423,-5,-0.099444,0,0,0,0.00000000,0.00000,prps,2,1460
65882,65.882,1,4004,54004,ladder_a05_lin_r02,prps,1428,0,0.000869,1,0,1,0.00261799,0.15000,prps,2,1461
65887,65.887,1,4004,54004,ladder_a05_lin_r02,prps,1434,6,0.118635,2,0,2,0.00523599,0.30000,prps,2,1462
65892,65.892,1,4004,54004,ladder_a05_lin_r02,prps,1441,13,0.243078,2,0,2,0.00523599,0.30000,prps,2,1463
65897,65.897,1,4004,54004,ladder_a05_lin_r02,prps,1447,19,0.364250,1,0,1,0.00261799,0.15000,prps,2,1464
65902,65.902,1,4004,54004,ladder_a05_lin_r02,prps,1453,25,0.474464,0,0,0,0.00000000,0.00000,prps,2,1465
65907,65.907,1,4004,54004,ladder_a05_lin_r02,prps,1458,30,0.569089,-2,0,-2,-0.00523599,-0.30000,prps,2,1466
65912,65.912,1,4004,54004,ladder_a05_lin_r02,prps,1462,34,0.646594,-5,0,-5,-0.01308997,-0.75000,prps,2,1467
65917,65.917,1,4004,54004,ladder_a05_lin_r02,prps,1466,38,0.707897,-8,0,-8,-0.02094395,-1.20000,prps,2,1468
65922,65.922,1,4004,54004,ladder_a05_lin_r02,prps,1468,40,0.755209,-11,0,-11,-0.02879793,-1.65000,prps,2,1469
65927,65.927,1,4004,54004,ladder_a05_lin_r02,prps,1470,42,0.790710,-15,0,-15,-0.03926991,-2.25000,prps,2,1470
65932,65.932,1,4004,54004,ladder_a05_lin_r02,prps,1471,43,0.815390,-18,0,-18,-0.04712389,-2.70000,prps,2,1471
65937,65.937,1,4004,54004,ladder_a05_lin_r02,prps,1472,44,0.828363,-21,0,-21,-0.05497787,-3.15000,prps,2,1472
65942,65.942,1,4004,54004,ladder_a05_lin_r02,prps,1472,44,0.826861,-23,0,-23,-0.06021386,-3.45000,prps,2,1473
65947,65.947,1,4004,54004,ladder_a05_lin_r02,prps,1471,43,0.806901,-25,0,-25,-0.06544985,-3.75000,prps,2,1474
65952,65.952,1,4004,54004,ladder_a05_lin_r02,prps,1469,41,0.764518,-26,0,-26,-0.06806784,-3.90000,prps,2,1475
65957,65.957,1,4004,54004,ladder_a05_lin_r02,prps,1465,37,0.697255,-27,0,-27,-0.07068583,-4.05000,prps,2,1476
65962,65.962,1,4004,54004,ladder_a05_lin_r02,prps,1460,32,0.605554,-27,0,-27,-0.07068583,-4.05000,prps,2,1477
65967,65.967,1,4004,54004,ladder_a05_lin_r02,prps,1454,26,0.493686,-27,0,-27,-0.07068583,-4.05000,prps,2,1478
65972,65.972,1,4004,54004,ladder_a05_lin_r02,prps,1448,20,0.369940,-27,0,-27,-0.07068583,-4.05000,prps,2,1479
65977,65.977,1,4004,54004,ladder_a05_lin_r02,prps,1441,13,0.245950,-27,0,-27,-0.07068583,-4.05000,prps,2,1480
65982,65.982,1,4004,54004,ladder_a05_lin_r02,prps,1435,7,0.135217,-25,0,-25,-0.06544985,-3.75000,prps,2,1481
65987,65.987,1,4004,54004,ladder_a05_lin_r02,prps,1431,3,0.051070,-22,0,-22,-0.05759586,-3.30000,prps,2,1482
65992,65.992,1,4004,54004,ladder_a05_lin_r02,prps,1428,0,0.004442,-19,0,-19,-0.04974188,-2.85000,prps,2,1483
65997,65.997,1,4004,54004,ladder_a05_lin_r02,prps,1428,0,0.001884,-16,0,-16,-0.04188790,-2.40000,prps,2,1484
66002,66.002,1,4004,54004,ladder_a05_lin_r02,prps,1430,2,0.044239,-13,0,-13,-0.03403392,-1.95000,prps,2,1485
66007,66.007,1,4004,54004,ladder_a05_lin_r02,prps,1435,7,0.126244,-11,0,-11,-0.02879793,-1.65000,prps,2,1486
66012,66.012,1,4004,54004,ladder_a05_lin_r02,prps,1441,13,0.237161,-9,0,-9,-0.02356194,-1.35000,prps,2,1487
66017,66.017,1,4004,54004,ladder_a05_lin_r02,prps,1447,19,0.362364,-8,0,-8,-0.02094395,-1.20000,prps,2,1488
66022,66.022,1,4004,54004,ladder_a05_lin_r02,prps,1454,26,0.485569,-8,0,-8,-0.02094395,-1.20000,prps,2,1489
66027,66.027,1,4004,54004,ladder_a05_lin_r02,prps,1459,31,0.591318,-8,0,-8,-0.02094395,-1.20000,prps,2,1490
66032,66.032,1,4004,54004,ladder_a05_lin_r02,prps,1463,35,0.667248,-9,0,-9,-0.02356194,-1.35000,prps,2,1491
66037,66.037,1,4004,54004,ladder_a05_lin_r02,prps,1465,37,0.705750,-10,0,-10,-0.02617994,-1.50000,prps,2,1492
66042,66.042,1,4004,54004,ladder_a05_lin_r02,prps,1465,37,0.704736,-12,0,-12,-0.03141592,-1.80000,prps,2,1493
66047,66.047,1,4004,54004,ladder_a05_lin_r02,prps,1463,35,0.667423,-15,0,-15,-0.03926991,-2.25000,prps,2,1494
66052,66.052,1,4004,54004,ladder_a05_lin_r02,prps,1460,32,0.601250,-18,0,-18,-0.04712389,-2.70000,prps,2,1495
66057,66.057,1,4004,54004,ladder_a05_lin_r02,prps,1455,27,0.516190,-20,0,-20,-0.05235988,-3.00000,prps,2,1496
66062,66.062,1,4004,54004,ladder_a05_lin_r02,prps,1450,22,0.422845,-21,0,-21,-0.05497787,-3.15000,prps,2,1497
66067,66.067,1,4004,54004,ladder_a05_lin_r02,prps,1446,18,0.330713,-22,0,-22,-0.05759586,-3.30000,prps,2,1498
66072,66.072,1,4004,54004,ladder_a05_lin_r02,prps,1441,13,0.246968,-21,0,-21,-0.05497787,-3.15000,prps,2,1499
66077,66.077,1,4004,54004,ladder_a05_lin_r02,prps,1437,9,0.175927,-21,0,-21,-0.05497787,-3.15000,prps,2,1500
66082,66.082,1,4004,54004,ladder_a05_lin_r02,prps,1434,6,0.119234,-20,0,-20,-0.05235988,-3.00000,prps,2,1501
66087,66.087,1,4004,54004,ladder_a05_lin_r02,prps,1432,4,0.076603,-18,0,-18,-0.04712389,-2.70000,prps,2,1502
66092,66.092,1,4004,54004,ladder_a05_lin_r02,prps,1430,2,0.046849,-16,0,-16,-0.04188790,-2.40000,prps,2,1503
66097,66.097,1,4004,54004,ladder_a05_lin_r02,prps,1430,2,0.028866,-13,0,-13,-0.03403392,-1.95000,prps,2,1504
66102,66.102,1,4004,54004,ladder_a05_lin_r02,prps,1429,1,0.022275,-11,0,-11,-0.02879793,-1.65000,prps,2,1505
66107,66.107,1,4004,54004,ladder_a05_lin_r02,prps,1429,1,0.027531,-10,0,-10,-0.02617994,-1.50000,prps,2,1506
66112,66.112,1,4004,54004,ladder_a05_lin_r02,prps,1430,2,0.045469,-8,0,-8,-0.02094395,-1.20000,prps,2,1507
66117,66.117,1,4004,54004,ladder_a05_lin_r02,prps,1432,4,0.076420,-7,0,-7,-0.01832596,-1.05000,prps,2,1508
66122,66.122,1,4004,54004,ladder_a05_lin_r02,prps,1434,6,0.119172,-5,0,-5,-0.01308997,-0.75000,prps,2,1509
66127,66.127,1,4004,54004,ladder_a05_lin_r02,prps,1437,9,0.170103,-5,0,-5,-0.01308997,-0.75000,prps,2,1510
66132,66.132,1,4004,54004,ladder_a05_lin_r02,prps,1440,12,0.222829,-5,0,-5,-0.01308997,-0.75000,prps,2,1511
66137,66.137,1,4004,54004,ladder_a05_lin_r02,prps,1442,14,0.268564,-5,0,-5,-0.01308997,-0.75000,prps,2,1512
66142,66.142,1,4004,54004,ladder_a05_lin_r02,prps,1444,16,0.297267,-6,0,-6,-0.01570796,-0.90000,prps,2,1513
66147,66.147,1,4004,54004,ladder_a05_lin_r02,prps,1444,16,0.299403,-7,0,-7,-0.01832596,-1.05000,prps,2,1514
66152,66.152,1,4004,54004,ladder_a05_lin_r02,prps,1442,14,0.268020,-7,0,-7,-0.01832596,-1.05000,prps,2,1515
66157,66.157,1,4004,54004,ladder_a05_lin_r02,prps,1439,11,0.200669,-8,0,-8,-0.02094395,-1.20000,prps,2,1516
66162,66.162,1,4004,54004,ladder_a05_lin_r02,prps,1433,5,0.100734,-8,0,-8,-0.02094395,-1.20000,prps,2,1517
66167,66.167,1,4004,54004,ladder_a05_lin_r02,prps,1427,-1,-0.022241,-9,0,-9,-0.02356194,-1.35000,prps,2,1518
66172,66.172,1,4004,54004,ladder_a05_lin_r02,prps,1420,-8,-0.153407,-9,0,-9,-0.02356194,-1.35000,prps,2,1519
66177,66.177,1,4004,54004,ladder_a05_lin_r02,prps,1413,-15,-0.274624,-9,0,-9,-0.02356194,-1.35000,prps,2,1520
66182,66.182,1,4004,54004,ladder_a05_lin_r02,prps,1409,-19,-0.367334,-8,0,-8,-0.02094395,-1.20000,prps,2,1521
66187,66.187,1,4004,54004,ladder_a05_lin_r02,prps,1406,-22,-0.415809,-6,0,-6,-0.01570796,-0.90000,prps,2,1522
66192,66.192,1,4004,54004,ladder_a05_lin_r02,prps,1406,-22,-0.410143,-3,0,-3,-0.00785398,-0.45000,prps,2,1523
66197,66.197,1,4004,54004,ladder_a05_lin_r02,prps,1410,-18,-0.348391,0,0,0,0.00000000,0.00000,prps,2,1524
66202,66.202,1,4004,54004,ladder_a05_lin_r02,prps,1415,-13,-0.237370,3,0,3,0.00785398,0.45000,prps,2,1525
66207,66.207,1,4004,54004,ladder_a05_lin_r02,prps,1423,-5,-0.091893,6,0,6,0.01570796,0.90000,prps,2,1526
66212,66.212,1,4004,54004,ladder_a05_lin_r02,prps,1432,4,0.067513,6,0,6,0.01570796,0.90000,prps,2,1527
66217,66.217,1,4004,54004,ladder_a05_lin_r02,prps,1440,12,0.218016,6,0,6,0.01570796,0.90000,prps,2,1528
66222,66.222,1,4004,54004,ladder_a05_lin_r02,prps,1446,18,0.338425,5,0,5,0.01308997,0.75000,prps,2,1529
66227,66.227,1,4004,54004,ladder_a05_lin_r02,prps,1450,22,0.412923,3,0,3,0.00785398,0.45000,prps,2,1530
66232,66.232,1,4004,54004,ladder_a05_lin_r02,prps,1451,23,0.433863,0,0,0,0.00000000,0.00000,prps,2,1531
66237,66.237,1,4004,54004,ladder_a05_lin_r02,prps,1449,21,0.403076,-2,0,-2,-0.00523599,-0.30000,prps,2,1532
66242,66.242,1,4004,54004,ladder_a05_lin_r02,prps,1446,18,0.331408,-5,0,-5,-0.01308997,-0.75000,prps,2,1533
66247,66.247,1,4004,54004,ladder_a05_lin_r02,prps,1441,13,0.236539,-8,0,-8,-0.02094395,-1.20000,prps,2,1534
66252,66.252,1,4004,54004,ladder_a05_lin_r02,prps,1435,7,0.139501,-10,0,-10,-0.02617994,-1.50000,prps,2,1535
66257,66.257,1,4004,54004,ladder_a05_lin_r02,prps,1431,3,0.060551,-11,0,-11,-0.02879793,-1.65000,prps,2,1536
66262,66.262,1,4004,54004,ladder_a05_lin_r02,prps,1429,1,0.015203,-11,0,-11,-0.02879793,-1.65000,prps,2,1537
66267,66.267,1,4004,54004,ladder_a05_lin_r02,prps,1429,1,0.011206,-10,0,-10,-0.02617994,-1.50000,prps,2,1538
66272,66.272,1,4004,54004,ladder_a05_lin_r02,prps,1430,2,0.047060,-9,0,-9,-0.02356194,-1.35000,prps,2,1539
66277,66.277,1,4004,54004,ladder_a05_lin_r02,prps,1434,6,0.112371,-9,0,-9,-0.02356194,-1.35000,prps,2,1540
66282,66.282,1,4004,54004,ladder_a05_lin_r02,prps,1438,10,0.189980,-9,0,-9,-0.02356194,-1.35000,prps,2,1541
66287,66.287,1,4004,54004,ladder_a05_lin_r02,prps,1442,14,0.259444,-8,0,-8,-0.02094395,-1.20000,prps,2,1542
66292,66.292,1,4004,54004,ladder_a05_lin_r02,prps,1444,16,0.301173,-8,0,-8,-0.02094395,-1.20000,prps,2,1543
66297,66.297,1,4004,54004,ladder_a05_lin_r02,prps,1444,16,0.300398,-8,0,-8,-0.02094395,-1.20000,prps,2,1544
66302,66.302,1,4004,54004,ladder_a05_lin_r02,prps,1441,13,0.250180,-8,0,-8,-0.02094395,-1.20000,prps,2,1545
66307,66.307,1,4004,54004,ladder_a05_lin_r02,prps,1436,8,0.152844,-8,0,-8,-0.02094395,-1.20000,prps,2,1546
66312,66.312,1,4004,54004,ladder_a05_lin_r02,prps,1429,1,0.019585,-8,0,-8,-0.02094395,-1.20000,prps,2,1547
66317,66.317,1,4004,54004,ladder_a05_lin_r02,prps,1421,-7,-0.131708,-8,0,-8,-0.02094395,-1.20000,prps,2,1548
66322,66.322,1,4004,54004,ladder_a05_lin_r02,prps,1413,-15,-0.279920,-8,0,-8,-0.02094395,-1.20000,prps,2,1549
66327,66.327,1,4004,54004,ladder_a05_lin_r02,prps,1407,-21,-0.404802,-7,0,-7,-0.01832596,-1.05000,prps,2,1550
66332,66.332,1,4004,54004,ladder_a05_lin_r02,prps,1402,-26,-0.490823,-5,0,-5,-0.01308997,-0.75000,prps,2,1551
66337,66.337,1,4004,54004,ladder_a05_lin_r02,prps,1400,-28,-0.530038,-2,0,-2,-0.00523599,-0.30000,prps,2,1552
66342,66.342,1,4004,54004,ladder_a05_lin_r02,prps,1400,-28,-0.523369,1,0,1,0.00261799,0.15000,prps,2,1553
66347,66.347,1,4004,54004,ladder_a05_lin_r02,prps,1403,-25,-0.480092,4,0,4,0.01047198,0.60000,prps,2,1554
66352,66.352,1,4004,54004,ladder_a05_lin_r02,prps,1406,-22,-0.415620,7,0,7,0.01832596,1.05000,prps,2,1555
66357,66.357,1,4004,54004,ladder_a05_lin_r02,prps,1410,-18,-0.348101,9,0,9,0.02356194,1.35000,prps,2,1556
66362,66.362,1,4004,54004,ladder_a05_lin_r02,prps,1412,-16,-0.294512,10,0,10,0.02617994,1.50000,prps,2,1557
66367,66.367,1,4004,54004,ladder_a05_lin_r02,prps,1414,-14,-0.267100,11,0,11,0.02879793,1.65000,prps,2,1558
66372,66.372,1,4004,54004,ladder_a05_lin_r02,prps,1414,-14,-0.270891,11,0,11,0.02879793,1.65000,prps,2,1559
66377,66.377,1,4004,54004,ladder_a05_lin_r02,prps,1412,-16,-0.302788,11,0,11,0.02879793,1.65000,prps,2,1560
66382,66.382,1,4004,54004,ladder_a05_lin_r02,prps,1409,-19,-0.352441,11,0,11,0.02879793,1.65000,prps,2,1561
66387,66.387,1,4004,54004,ladder_a05_lin_r02,prps,1407,-21,-0.404692,11,0,11,0.02879793,1.65000,prps,2,1562
66392,66.392,1,4004,54004,ladder_a05_lin_r02,prps,1405,-23,-0.443069,11,0,11,0.02879793,1.65000,prps,2,1563
66397,66.397,1,4004,54004,ladder_a05_lin_r02,prps,1404,-24,-0.453586,11,0,11,0.02879793,1.65000,prps,2,1564
66402,66.402,1,4004,54004,ladder_a05_lin_r02,prps,1405,-23,-0.428036,11,0,11,0.02879793,1.65000,prps,2,1565
66407,66.407,1,4004,54004,ladder_a05_lin_r02,prps,1409,-19,-0.366064,11,0,11,0.02879793,1.65000,prps,2,1566
66412,66.412,1,4004,54004,ladder_a05_lin_r02,prps,1413,-15,-0.275566,11,0,11,0.02879793,1.65000,prps,2,1567
66417,66.417,1,4004,54004,ladder_a05_lin_r02,prps,1419,-9,-0.171307,11,0,11,0.02879793,1.65000,prps,2,1568
66422,66.422,1,4004,54004,ladder_a05_lin_r02,prps,1424,-4,-0.072015,11,0,11,0.02879793,1.65000,prps,2,1569
66427,66.427,1,4004,54004,ladder_a05_lin_r02,prps,1428,0,0.003461,10,0,10,0.02617994,1.50000,prps,2,1570
66432,66.432,1,4004,54004,ladder_a05_lin_r02,prps,1430,2,0.040133,9,0,9,0.02356194,1.35000,prps,2,1571
66437,66.437,1,4004,54004,ladder_a05_lin_r02,prps,1430,2,0.030183,8,0,8,0.02094395,1.20000,prps,2,1572
66442,66.442,1,4004,54004,ladder_a05_lin_r02,prps,1427,-1,-0.025110,6,0,6,0.01570796,0.90000,prps,2,1573
66447,66.447,1,4004,54004,ladder_a05_lin_r02,prps,1422,-6,-0.115249,3,0,3,0.00785398,0.45000,prps,2,1574
66452,66.452,1,4004,54004,ladder_a05_lin_r02,prps,1416,-12,-0.222278,2,0,2,0.00523599,0.30000,prps,2,1575
66457,66.457,1,4004,54004,ladder_a05_lin_r02,prps,1411,-17,-0.324086,1,0,1,0.00261799,0.15000,prps,2,1576
66462,66.462,1,4004,54004,ladder_a05_lin_r02,prps,1407,-21,-0.398656,1,0,1,0.00261799,0.15000,prps,2,1577
66467,66.467,1,4004,54004,ladder_a05_lin_r02,prps,1405,-23,-0.428408,1,0,1,0.00261799,0.15000,prps,2,1578
66472,66.472,1,4004,54004,ladder_a05_lin_r02,prps,1407,-21,-0.403806,2,0,2,0.00523599,0.30000,prps,2,1579
66477,66.477,1,4004,54004,ladder_a05_lin_r02,prps,1411,-17,-0.325494,4,0,4,0.01047198,0.60000,prps,2,1580
66482,66.482,1,4004,54004,ladder_a05_lin_r02,prps,1417,-11,-0.204541,6,0,6,0.01570796,0.90000,prps,2,1581
66487,66.487,1,4004,54004,ladder_a05_lin_r02,prps,1425,-3,-0.060716,7,0,7,0.01832596,1.05000,prps,2,1582
66492,66.492,1,4004,54004,ladder_a05_lin_r02,prps,1432,4,0.080893,7,0,7,0.01832596,1.05000,prps,2,1583
66497,66.497,1,4004,54004,ladder_a05_lin_r02,prps,1438,10,0.194305,6,0,6,0.01570796,0.90000,prps,2,1584
66502,66.502,1,4004,54004,ladder_a05_lin_r02,prps,1442,14,0.257284,4,0,4,0.01047198,0.60000,prps,2,1585
66507,66.507,1,4004,54004,ladder_a05_lin_r02,prps,1442,14,0.255341,3,0,3,0.00785398,0.45000,prps,2,1586
66512,66.512,1,4004,54004,ladder_a05_lin_r02,prps,1438,10,0.184376,1,0,1,0.00261799,0.15000,prps,2,1587
66517,66.517,1,4004,54004,ladder_a05_lin_r02,prps,1431,3,0.051483,-2,0,-2,-0.00523599,-0.30000,prps,2,1588
66522,66.522,1,4004,54004,ladder_a05_lin_r02,prps,1421,-7,-0.126194,-4,0,-4,-0.01047198,-0.60000,prps,2,1589
66527,66.527,1,4004,54004,ladder_a05_lin_r02,prps,1411,-17,-0.324333,-5,0,-5,-0.01308997,-0.75000,prps,2,1590
66532,66.532,1,4004,54004,ladder_a05_lin_r02,prps,1401,-27,-0.515481,-5,0,-5,-0.01308997,-0.75000,prps,2,1591
66537,66.537,1,4004,54004,ladder_a05_lin_r02,prps,1392,-36,-0.673535,-4,0,-4,-0.01047198,-0.60000,prps,2,1592
66542,66.542,1,4004,54004,ladder_a05_lin_r02,prps,1387,-41,-0.777886,-2,0,-2,-0.00523599,-0.30000,prps,2,1593
66547,66.547,1,4004,54004,ladder_a05_lin_r02,prps,1385,-43,-0.816495,2,0,2,0.00523599,0.30000,prps,2,1594
66552,66.552,1,4004,54004,ladder_a05_lin_r02,prps,1386,-42,-0.787459,6,0,6,0.01570796,0.90000,prps,2,1595
66557,66.557,1,4004,54004,ladder_a05_lin_r02,prps,1391,-37,-0.698833,10,0,10,0.02617994,1.50000,prps,2,1596
66562,66.562,1,4004,54004,ladder_a05_lin_r02,prps,1398,-30,-0.566871,14,0,14,0.03665191,2.10000,prps,2,1597
66567,66.567,1,4004,54004,ladder_a05_lin_r02,prps,1406,-22,-0.413051,16,0,16,0.04188790,2.40000,prps,2,1598
66572,66.572,1,4004,54004,ladder_a05_lin_r02,prps,1414,-14,-0.260470,17,0,17,0.04450589,2.55000,prps,2,1599
66577,66.577,1,4004,54004,ladder_a05_lin_r02,prps,1421,-7,-0.130255,17,0,17,0.04450589,2.55000,prps,2,1600
66582,66.582,1,4004,54004,ladder_a05_lin_r02,prps,1426,-2,-0.038571,17,0,17,0.04450589,2.55000,prps,2,1601
66587,66.587,1,4004,54004,ladder_a05_lin_r02,prps,1428,0,0.005334,15,0,15,0.03926991,2.25000,prps,2,1602
66592,66.592,1,4004,54004,ladder_a05_lin_r02,prps,1428,0,-0.000173,12,0,12,0.03141592,1.80000,prps,2,1603
66597,66.597,1,4004,54004,ladder_a05_lin_r02,prps,1425,-3,-0.049647,9,0,9,0.02356194,1.35000,prps,2,1604
66602,66.602,1,4004,54004,ladder_a05_lin_r02,prps,1421,-7,-0.132123,6,0,6,0.01570796,0.90000,prps,2,1605
66607,66.607,1,4004,54004,ladder_a05_lin_r02,prps,1416,-12,-0.233319,4,0,4,0.01047198,0.60000,prps,2,1606
66612,66.612,1,4004,54004,ladder_a05_lin_r02,prps,1410,-18,-0.338068,3,0,3,0.00785398,0.45000,prps,2,1607
66617,66.617,1,4004,54004,ladder_a05_lin_r02,prps,1405,-23,-0.432564,3,0,3,0.00785398,0.45000,prps,2,1608
66622,66.622,1,4004,54004,ladder_a05_lin_r02,prps,1401,-27,-0.506121,3,0,3,0.00785398,0.45000,prps,2,1609
66627,66.627,1,4004,54004,ladder_a05_lin_r02,prps,1399,-29,-0.552246,3,0,3,0.00785398,0.45000,prps,2,1610
66632,66.632,1,4004,54004,ladder_a05_lin_r02,prps,1398,-30,-0.568997,5,0,5,0.01308997,0.75000,prps,2,1611
66637,66.637,1,4004,54004,ladder_a05_lin_r02,prps,1398,-30,-0.558705,7,0,7,0.01832596,1.05000,prps,2,1612
66642,66.642,1,4004,54004,ladder_a05_lin_r02,prps,1400,-28,-0.527197,9,0,9,0.02356194,1.35000,prps,2,1613
66647,66.647,1,4004,54004,ladder_a05_lin_r02,prps,1402,-26,-0.482728,11,0,11,0.02879793,1.65000,prps,2,1614
66652,66.652,1,4004,54004,ladder_a05_lin_r02,prps,1405,-23,-0.434798,12,0,12,0.03141592,1.80000,prps,2,1615
66657,66.657,1,4004,54004,ladder_a05_lin_r02,prps,1407,-21,-0.392974,13,0,13,0.03403392,1.95000,prps,2,1616
66662,66.662,1,4004,54004,ladder_a05_lin_r02,prps,1409,-19,-0.365834,13,0,13,0.03403392,1.95000,prps,2,1617
66667,66.667,1,4004,54004,ladder_a05_lin_r02,prps,1409,-19,-0.360048,13,0,13,0.03403392,1.95000,prps,2,1618
66672,66.672,1,4004,54004,ladder_a05_lin_r02,prps,1408,-20,-0.379650,13,0,13,0.03403392,1.95000,prps,2,1619
66677,66.677,1,4004,54004,ladder_a05_lin_r02,prps,1405,-23,-0.425499,13,0,13,0.03403392,1.95000,prps,2,1620
66682,66.682,1,4004,54004,ladder_a05_lin_r02,prps,1402,-26,-0.494989,13,0,13,0.03403392,1.95000,prps,2,1621
66687,66.687,1,4004,54004,ladder_a05_lin_r02,prps,1397,-31,-0.582053,13,0,13,0.03403392,1.95000,prps,2,1622
66692,66.692,1,4004,54004,ladder_a05_lin_r02,prps,1392,-36,-0.677535,13,0,13,0.03403392,1.95000,prps,2,1623
66697,66.697,1,4004,54004,ladder_a05_lin_r02,prps,1387,-41,-0.769969,13,0,13,0.03403392,1.95000,prps,2,1624
66702,66.702,1,4004,54004,ladder_a05_lin_r02,prps,1383,-45,-0.846777,14,0,14,0.03665191,2.10000,prps,2,1625
66707,66.707,1,4004,54004,ladder_a05_lin_r02,prps,1381,-47,-0.895807,15,0,15,0.03926991,2.25000,prps,2,1626
66712,66.712,1,4004,54004,ladder_a05_lin_r02,prps,1380,-48,-0.907042,17,0,17,0.04450589,2.55000,prps,2,1627
66717,66.717,1,4004,54004,ladder_a05_lin_r02,prps,1382,-46,-0.874261,19,0,19,0.04974188,2.85000,prps,2,1628
66722,66.722,1,4004,54004,ladder_a05_lin_r02,prps,1386,-42,-0.796362,21,0,21,0.05497787,3.15000,prps,2,1629
66727,66.727,1,4004,54004,ladder_a05_lin_r02,prps,1392,-36,-0.678072,23,0,23,0.06021386,3.45000,prps,2,1630
66732,66.732,1,4004,54004,ladder_a05_lin_r02,prps,1400,-28,-0.529827,24,0,24,0.06283185,3.60000,prps,2,1631
66737,66.737,1,4004,54004,ladder_a05_lin_r02,prps,1409,-19,-0.366734,24,0,24,0.06283185,3.60000,prps,2,1632
66742,66.742,1,4004,54004,ladder_a05_lin_r02,prps,1417,-11,-0.206681,24,0,24,0.06283185,3.60000,prps,2,1633
66747,66.747,1,4004,54004,ladder_a05_lin_r02,prps,1424,-4,-0.067809,23,0,23,0.06021386,3.45000,prps,2,1634
66752,66.752,1,4004,54004,ladder_a05_lin_r02,prps,1430,2,0.034258,21,0,21,0.05497787,3.15000,prps,2,1635
66757,66.757,1,4004,54004,ladder_a05_lin_r02,prps,1433,5,0.088996,17,0,17,0.04450589,2.55000,prps,2,1636
66762,66.762,1,4004,54004,ladder_a05_lin_r02,prps,1433,5,0.092896,13,0,13,0.03403392,1.95000,prps,2,1637
66767,66.767,1,4004,54004,ladder_a05_lin_r02,prps,1431,3,0.050337,9,0,9,0.02356194,1.35000,prps,2,1638
66772,66.772,1,4004,54004,ladder_a05_lin_r02,prps,1427,-1,-0.026794,6,0,6,0.01570796,0.90000,prps,2,1639
66777,66.777,1,4004,54004,ladder_a05_lin_r02,prps,1422,-6,-0.120742,3,0,3,0.00785398,0.45000,prps,2,1640
66782,66.782,1,4004,54004,ladder_a05_lin_r02,prps,1417,-11,-0.210557,1,0,1,0.00261799,0.15000,prps,2,1641
66787,66.787,1,4004,54004,ladder_a05_lin_r02,prps,1413,-15,-0.275391,0,0,0,0.00000000,0.00000,prps,2,1642
66792,66.792,1,4004,54004,ladder_a05_lin_r02,prps,1412,-16,-0.297856,0,0,0,0.00000000,0.00000,prps,2,1643
66797,66.797,1,4004,54004,ladder_a05_lin_r02,prps,1414,-14,-0.266878,1,0,1,0.00261799,0.15000,prps,2,1644
66802,66.802,1,4004,54004,ladder_a05_lin_r02,prps,1418,-10,-0.179559,1,0,1,0.00261799,0.15000,prps,2,1645
66807,66.807,1,4004,54004,ladder_a05_lin_r02,prps,1426,-2,-0.041701,2,0,2,0.00523599,0.30000,prps,2,1646
66812,66.812,1,4004,54004,ladder_a05_lin_r02,prps,1435,7,0.133071,3,0,3,0.00785398,0.45000,prps,2,1647
66817,66.817,1,4004,54004,ladder_a05_lin_r02,prps,1445,17,0.325454,3,0,3,0.00785398,0.45000,prps,2,1648
66822,66.822,1,4004,54004,ladder_a05_lin_r02,prps,1455,27,0.513466,3,0,3,0.00785398,0.45000,prps,2,1649
66827,66.827,1,4004,54004,ladder_a05_lin_r02,prps,1464,36,0.675795,2,0,2,0.00523599,0.30000,prps,2,1650
66832,66.832,1,4004,54004,ladder_a05_lin_r02,prps,1470,42,0.794902,-1,0,-1,-0.00261799,-0.15000,prps,2,1651
66837,66.837,1,4004,54004,ladder_a05_lin_r02,prps,1474,46,0.859370,-5,0,-5,-0.01308997,-0.75000,prps,2,1652
66842,66.842,1,4004,54004,ladder_a05_lin_r02,prps,1474,46,0.865136,-9,0,-9,-0.02356194,-1.35000,prps,2,1653
66847,66.847,1,4004,54004,ladder_a05_lin_r02,prps,1471,43,0.815480,-14,0,-14,-0.03665191,-2.10000,prps,2,1654
66852,66.852,1,4004,54004,ladder_a05_lin_r02,prps,1466,38,0.719859,-18,0,-18,-0.04712389,-2.70000,prps,2,1655
66857,66.857,1,4004,54004,ladder_a05_lin_r02,prps,1459,31,0.591903,-21,0,-21,-0.05497787,-3.15000,prps,2,1656
66862,66.862,1,4004,54004,ladder_a05_lin_r02,prps,1452,24,0.447007,-23,0,-23,-0.06021386,-3.45000,prps,2,1657
66867,66.867,1,4004,54004,ladder_a05_lin_r02,prps,1444,16,0.300004,-24,0,-24,-0.06283185,-3.60000,prps,2,1658
66872,66.872,1,4004,54004,ladder_a05_lin_r02,prps,1437,9,0.163329,-24,0,-24,-0.06283185,-3.60000,prps,2,1659
66877,66.877,1,4004,54004,ladder_a05_lin_r02,prps,1430,2,0.045962,-23,0,-23,-0.06021386,-3.45000,prps,2,1660
66882,66.882,1,4004,54004,ladder_a05_lin_r02,prps,1426,-2,-0.046786,-21,0,-21,-0.05497787,-3.15000,prps,2,1661
66887,66.887,1,4004,54004,ladder_a05_lin_r02,prps,1422,-6,-0.112749,-18,0,-18,-0.04712389,-2.70000,prps,2,1662
66892,66.892,1,4004,54004,ladder_a05_lin_r02,prps,1420,-8,-0.151902,-14,0,-14,-0.03665191,-2.10000,prps,2,1663
66897,66.897,1,4004,54004,ladder_a05_lin_r02,prps,1419,-9,-0.165255,-11,0,-11,-0.02879793,-1.65000,prps,2,1664
66902,66.902,1,4004,54004,ladder_a05_lin_r02,prps,1420,-8,-0.153963,-8,0,-8,-0.02094395,-1.20000,prps,2,1665
66907,66.907,1,4004,54004,ladder_a05_lin_r02,prps,1422,-6,-0.118912,-5,0,-5,-0.01308997,-0.75000,prps,2,1666
66912,66.912,1,4004,54004,ladder_a05_lin_r02,prps,1425,-3,-0.060888,-3,0,-3,-0.00785398,-0.45000,prps,2,1667
66917,66.917,1,4004,54004,ladder_a05_lin_r02,prps,1429,1,0.018766,-1,0,-1,-0.00261799,-0.15000,prps,2,1668
66922,66.922,1,4004,54004,ladder_a05_lin_r02,prps,1434,6,0.117219,0,0,0,0.00000000,0.00000,prps,2,1669
66927,66.927,1,4004,54004,ladder_a05_lin_r02,prps,1440,12,0.229285,0,0,0,0.00000000,0.00000,prps,2,1670
66932,66.932,1,4004,54004,ladder_a05_lin_r02,prps,1446,18,0.346958,0,0,0,0.00000000,0.00000,prps,2,1671
66937,66.937,1,4004,54004,ladder_a05_lin_r02,prps,1452,24,0.459602,-1,0,-1,-0.00261799,-0.15000,prps,2,1672
66942,66.942,1,4004,54004,ladder_a05_lin_r02,prps,1457,29,0.554909,-3,0,-3,-0.00785398,-0.45000,prps,2,1673
66947,66.947,1,4004,54004,ladder_a05_lin_r02,prps,1461,33,0.620545,-4,0,-4,-0.01047198,-0.60000,prps,2,1674
66952,66.952,1,4004,54004,ladder_a05_lin_r02,prps,1462,34,0.646206,-7,0,-7,-0.01832596,-1.05000,prps,2,1675
66957,66.957,1,4004,54004,ladder_a05_lin_r02,prps,1461,33,0.625696,-11,0,-11,-0.02879793,-1.65000,prps,2,1676
66962,66.962,1,4004,54004,ladder_a05_lin_r02,prps,1458,30,0.558560,-14,0,-14,-0.03665191,-2.10000,prps,2,1677
66967,66.967,1,4004,54004,ladder_a05_lin_r02,prps,1452,24,0.450868,-16,0,-16,-0.04188790,-2.40000,prps,2,1678
66972,66.972,1,4004,54004,ladder_a05_lin_r02,prps,1445,17,0.314894,-19,0,-19,-0.04974188,-2.85000,prps,2,1679
66977,66.977,1,4004,54004,ladder_a05_lin_r02,prps,1437,9,0.167647,-20,0,-20,-0.05235988,-3.00000,prps,2,1680
66982,66.982,1,4004,54004,ladder_a05_lin_r02,prps,1430,2,0.028431,-19,0,-19,-0.04974188,-2.85000,prps,2,1681
66987,66.987,1,4004,54004,ladder_a05_lin_r02,prps,1424,-4,-0.084149,-18,0,-18,-0.04712389,-2.70000,prps,2,1682
66992,66.992,1,4004,54004,ladder_a05_lin_r02,prps,1420,-8,-0.155205,-16,0,-16,-0.04188790,-2.40000,prps,2,1683
66997,66.997,1,4004,54004,ladder_a05_lin_r02,prps,1419,-9,-0.176036,-14,0,-14,-0.03665191,-2.10000,prps,2,1684
67002,67.002,1,4004,54004,ladder_a05_lin_r02,prps,1420,-8,-0.145568,-11,0,-11,-0.02879793,-1.65000,prps,2,1685
67007,67.007,1,4004,54004,ladder_a05_lin_r02,prps,1424,-4,-0.070473,-8,0,-8,-0.02094395,-1.20000,prps,2,1686
67012,67.012,1,4004,54004,ladder_a05_lin_r02,prps,1430,2,0.036077,-5,0,-5,-0.01308997,-0.75000,prps,2,1687
67017,67.017,1,4004,54004,ladder_a05_lin_r02,prps,1436,8,0.156780,-3,0,-3,-0.00785398,-0.45000,prps,2,1688
67022,67.022,1,4004,54004,ladder_a05_lin_r02,prps,1442,14,0.273264,-2,0,-2,-0.00523599,-0.30000,prps,2,1689
67027,67.027,1,4004,54004,ladder_a05_lin_r02,prps,1448,20,0.369215,-2,0,-2,-0.00523599,-0.30000,prps,2,1690
67032,67.032,1,4004,54004,ladder_a05_lin_r02,prps,1451,23,0.432998,-3,0,-3,-0.00785398,-0.45000,prps,2,1691
67037,67.037,1,4004,54004,ladder_a05_lin_r02,prps,1452,24,0.459259,-4,0,-4,-0.01047198,-0.60000,prps,2,1692
67042,67.042,1,4004,54004,ladder_a05_lin_r02,prps,1452,24,0.449229,-5,0,-5,-0.01308997,-0.75000,prps,2,1693
67047,67.047,1,4004,54004,ladder_a05_lin_r02,prps,1450,22,0.409720,-8,0,-8,-0.02094395,-1.20000,prps,2,1694
67052,67.052,1,4004,54004,ladder_a05_lin_r02,prps,1447,19,0.351088,-10,0,-10,-0.02617994,-1.50000,prps,2,1695
67057,67.057,1,4004,54004,ladder_a05_lin_r02,prps,1443,15,0.284624,-12,0,-12,-0.03141592,-1.80000,prps,2,1696
67062,67.062,1,4004,54004,ladder_a05_lin_r02,prps,1440,12,0.219985,-13,0,-13,-0.03403392,-1.95000,prps,2,1697
67067,67.067,1,4004,54004,ladder_a05_lin_r02,prps,1437,9,0.163223,-13,0,-13,-0.03403392,-1.95000,prps,2,1698
67072,67.072,1,4004,54004,ladder_a05_lin_r02,prps,1434,6,0.115862,-13,0,-13,-0.03403392,-1.95000,prps,2,1699
67077,67.077,1,4004,54004,ladder_a05_lin_r02,prps,1432,4,0.075199,-13,0,-13,-0.03403392,-1.95000,prps,2,1700
67082,67.082,1,4004,54004,ladder_a05_lin_r02,prps,1430,2,0.035750,-12,0,-12,-0.03141592,-1.80000,prps,2,1701
67087,67.087,1,4004,54004,ladder_a05_lin_r02,prps,1428,0,-0.008525,-11,0,-11,-0.02879793,-1.65000,prps,2,1702
67092,67.092,1,4004,54004,ladder_a05_lin_r02,prps,1425,-3,-0.061763,-11,0,-11,-0.02879793,-1.65000,prps,2,1703
67097,67.097,1,4004,54004,ladder_a05_lin_r02,prps,1421,-7,-0.124124,-9,0,-9,-0.02356194,-1.35000,prps,2,1704
67102,67.102,1,4004,54004,ladder_a05_lin_r02,prps,1418,-10,-0.190651,-7,0,-7,-0.01832596,-1.05000,prps,2,1705
67107,67.107,1,4004,54004,ladder_a05_lin_r02,prps,1415,-13,-0.251417,-6,0,-6,-0.01570796,-0.90000,prps,2,1706
67112,67.112,1,4004,54004,ladder_a05_lin_r02,prps,1412,-16,-0.293038,-3,0,-3,-0.00785398,-0.45000,prps,2,1707
67117,67.117,1,4004,54004,ladder_a05_lin_r02,prps,1412,-16,-0.301294,-1,0,-1,-0.00261799,-0.15000,prps,2,1708
67122,67.122,1,4004,54004,ladder_a05_lin_r02,prps,1414,-14,-0.264371,1,0,1,0.00261799,0.15000,prps,2,1709
67127,67.127,1,4004,54004,ladder_a05_lin_r02,prps,1419,-9,-0.176022,3,0,3,0.00785398,0.45000,prps,2,1710
67132,67.132,1,4004,54004,ladder_a05_lin_r02,prps,1426,-2,-0.037949,4,0,4,0.01047198,0.60000,prps,2,1711
67137,67.137,1,4004,54004,ladder_a05_lin_r02,prps,1435,7,0.139193,5,0,5,0.01308997,0.75000,prps,2,1712
67142,67.142,1,4004,54004,ladder_a05_lin_r02,prps,1446,18,0.336495,4,0,4,0.01047198,0.60000,prps,2,1713
67147,67.147,1,4004,54004,ladder_a05_lin_r02,prps,1456,28,0.529202,3,0,3,0.00785398,0.45000,prps,2,1714
67152,67.152,1,4004,54004,ladder_a05_lin_r02,prps,1465,37,0.690469,0,0,0,0.00000000,0.00000,prps,2,1715
67157,67.157,1,4004,54004,ladder_a05_lin_r02,prps,1470,42,0.795821,-2,0,-2,-0.00523599,-0.30000,prps,2,1716
67162,67.162,1,4004,54004,ladder_a05_lin_r02,prps,1472,44,0.827486,-6,0,-6,-0.01570796,-0.90000,prps,2,1717
67167,67.167,1,4004,54004,ladder_a05_lin_r02,prps,1469,41,0.777778,-10,0,-10,-0.02617994,-1.50000,prps,2,1718
67172,67.172,1,4004,54004,ladder_a05_lin_r02,prps,1462,34,0.650832,-14,0,-14,-0.03665191,-2.10000,prps,2,1719
67177,67.177,1,4004,54004,ladder_a05_lin_r02,prps,1453,25,0.462325,-18,0,-18,-0.04712389,-2.70000,prps,2,1720
67182,67.182,1,4004,54004,ladder_a05_lin_r02,prps,1441,13,0.237154,-21,0,-21,-0.05497787,-3.15000,prps,2,1721
67187,67.187,1,4004,54004,ladder_a05_lin_r02,prps,1428,0,0.005462,-22,0,-22,-0.05759586,-3.30000,prps,2,1722
67192,67.192,1,4004,54004,ladder_a05_lin_r02,prps,1417,-11,-0.202276,-21,0,-21,-0.05497787,-3.15000,prps,2,1723
67197,67.197,1,4004,54004,ladder_a05_lin_r02,prps,1409,-19,-0.360243,-19,0,-19,-0.04974188,-2.85000,prps,2,1724
67202,67.202,1,4004,54004,ladder_a05_lin_r02,prps,1404,-24,-0.451409,-16,0,-16,-0.04188790,-2.40000,prps,2,1725
67207,67.207,1,4004,54004,ladder_a05_lin_r02,prps,1403,-25,-0.470068,-12,0,-12,-0.03141592,-1.80000,prps,2,1726
67212,67.212,1,4004,54004,ladder_a05_lin_r02,prps,1406,-22,-0.422331,-8,0,-8,-0.02094395,-1.20000,prps,2,1727
67217,67.217,1,4004,54004,ladder_a05_lin_r02,prps,1411,-17,-0.324514,-3,0,-3,-0.00785398,-0.45000,prps,2,1728
67222,67.222,1,4004,54004,ladder_a05_lin_r02,prps,1417,-11,-0.199772,0,0,0,0.00000000,0.00000,prps,2,1729
67227,67.227,1,4004,54004,ladder_a05_lin_r02,prps,1424,-4,-0.073642,3,0,3,0.00785398,0.45000,prps,2,1730
67232,67.232,1,4004,54004,ladder_a05_lin_r02,prps,1430,2,0.030639,5,0,5,0.01308997,0.75000,prps,2,1731
67237,67.237,1,4004,54004,ladder_a05_lin_r02,prps,1433,5,0.096158,5,0,5,0.01308997,0.75000,prps,2,1732
67242,67.242,1,4004,54004,ladder_a05_lin_r02,prps,1434,6,0.114946,4,0,4,0.01047198,0.60000,prps,2,1733
67247,67.247,1,4004,54004,ladder_a05_lin_r02,prps,1433,5,0.088761,2,0,2,0.00523599,0.30000,prps,2,1734
67252,67.252,1,4004,54004,ladder_a05_lin_r02,prps,1429,1,0.027957,0,0,0,0.00000000,0.00000,prps,2,1735
67257,67.257,1,4004,54004,ladder_a05_lin_r02,prps,1425,-3,-0.051241,-1,0,-1,-0.00261799,-0.15000,prps,2,1736
67262,67.262,1,4004,54004,ladder_a05_lin_r02,prps,1421,-7,-0.130464,-1,0,-1,-0.00261799,-0.15000,prps,2,1737
67267,67.267,1,4004,54004,ladder_a05_lin_r02,prps,1418,-10,-0.193098,-1,0,-1,-0.00261799,-0.15000,prps,2,1738
67272,67.272,1,4004,54004,ladder_a05_lin_r02,prps,1416,-12,-0.227591,-1,0,-1,-0.00261799,-0.15000,prps,2,1739
67277,67.277,1,4004,54004,ladder_a05_lin_r02,prps,1416,-12,-0.229480,-1,0,-1,-0.00261799,-0.15000,prps,2,1740
67282,67.282,1,4004,54004,ladder_a05_lin_r02,prps,1417,-11,-0.201796,0,0,0,0.00000000,0.00000,prps,2,1741
67287,67.287,1,4004,54004,ladder_a05_lin_r02,prps,1420,-8,-0.153807,1,0,1,0.00261799,0.15000,prps,2,1742
67292,67.292,1,4004,54004,ladder_a05_lin_r02,prps,1423,-5,-0.098432,2,0,2,0.00523599,0.30000,prps,2,1743
67297,67.297,1,4004,54004,ladder_a05_lin_r02,prps,1425,-3,-0.048937,3,0,3,0.00785398,0.45000,prps,2,1744
67302,67.302,1,4004,54004,ladder_a05_lin_r02,prps,1427,-1,-0.015624,3,0,3,0.00785398,0.45000,prps,2,1745
67307,67.307,1,4004,54004,ladder_a05_lin_r02,prps,1428,0,-0.003273,3,0,3,0.00785398,0.45000,prps,2,1746
67312,67.312,1,4004,54004,ladder_a05_lin_r02,prps,1427,-1,-0.009865,3,0,3,0.00785398,0.45000,prps,2,1747
67317,67.317,1,4004,54004,ladder_a05_lin_r02,prps,1427,-1,-0.026879,2,0,2,0.00523599,0.30000,prps,2,1748
67322,67.322,1,4004,54004,ladder_a05_lin_r02,prps,1426,-2,-0.041098,2,0,2,0.00523599,0.30000,prps,2,1749
67327,67.327,1,4004,54004,ladder_a05_lin_r02,prps,1426,-2,-0.037546,2,0,2,0.00523599,0.30000,prps,2,1750
67332,67.332,1,4004,54004,ladder_a05_lin_r02,prps,1428,0,-0.002931,2,0,2,0.00523599,0.30000,prps,2,1751
67337,67.337,1,4004,54004,ladder_a05_lin_r02,prps,1432,4,0.071128,2,0,2,0.00523599,0.30000,prps,2,1752
67342,67.342,1,4004,54004,ladder_a05_lin_r02,prps,1438,10,0.185779,2,0,2,0.00523599,0.30000,prps,2,1753
67347,67.347,1,4004,54004,ladder_a05_lin_r02,prps,1446,18,0.334024,1,0,1,0.00261799,0.15000,prps,2,1754
67352,67.352,1,4004,54004,ladder_a05_lin_r02,prps,1455,27,0.501431,0,0,0,0.00000000,0.00000,prps,2,1755
67357,67.357,1,4004,54004,ladder_a05_lin_r02,prps,1463,35,0.668358,-1,0,-1,-0.00261799,-0.15000,prps,2,1756
67362,67.362,1,4004,54004,ladder_a05_lin_r02,prps,1471,43,0.813284,-3,0,-3,-0.00785398,-0.45000,prps,2,1757
67367,67.367,1,4004,54004,ladder_a05_lin_r02,prps,1477,49,0.916599,-7,0,-7,-0.01832596,-1.05000,prps,2,1758
67372,67.372,1,4004,54004,ladder_a05_lin_r02,prps,1479,51,0.964147,-11,0,-11,-0.02879793,-1.65000,prps,2,1759
67377,67.377,1,4004,54004,ladder_a05_lin_r02,prps,1478,50,0.949818,-15,0,-15,-0.03926991,-2.25000,prps,2,1760
67382,67.382,1,4004,54004,ladder_a05_lin_r02,prps,1474,46,0.876739,-20,0,-20,-0.05235988,-3.00000,prps,2,1761
67387,67.387,1,4004,54004,ladder_a05_lin_r02,prps,1468,40,0.756811,-23,0,-23,-0.06021386,-3.45000,prps,2,1762
67392,67.392,1,4004,54004,ladder_a05_lin_r02,prps,1460,32,0.608713,-26,0,-26,-0.06806784,-3.90000,prps,2,1763
67397,67.397,1,4004,54004,ladder_a05_lin_r02,prps,1452,24,0.454756,-27,0,-27,-0.07068583,-4.05000,prps,2,1764
67402,67.402,1,4004,54004,ladder_a05_lin_r02,prps,1445,17,0.317160,-26,0,-26,-0.06806784,-3.90000,prps,2,1765
67407,67.407,1,4004,54004,ladder_a05_lin_r02,prps,1439,11,0.214457,-26,0,-26,-0.06806784,-3.90000,prps,2,1766
67412,67.412,1,4004,54004,ladder_a05_lin_r02,prps,1436,8,0.158630,-25,0,-25,-0.06544985,-3.75000,prps,2,1767
67417,67.417,1,4004,54004,ladder_a05_lin_r02,prps,1436,8,0.153487,-22,0,-22,-0.05759586,-3.30000,prps,2,1768
67422,67.422,1,4004,54004,ladder_a05_lin_r02,prps,1438,10,0.194487,-19,0,-19,-0.04974188,-2.85000,prps,2,1769
67427,67.427,1,4004,54004,ladder_a05_lin_r02,prps,1442,14,0.269984,-16,0,-16,-0.04188790,-2.40000,prps,2,1770
67432,67.432,1,4004,54004,ladder_a05_lin_r02,prps,1447,19,0.363598,-14,0,-14,-0.03665191,-2.10000,prps,2,1771
67437,67.437,1,4004,54004,ladder_a05_lin_r02,prps,1452,24,0.457231,-13,0,-13,-0.03403392,-1.95000,prps,2,1772
67442,67.442,1,4004,54004,ladder_a05_lin_r02,prps,1456,28,0.534172,-12,0,-12,-0.03141592,-1.80000,prps,2,1773
67447,67.447,1,4004,54004,ladder_a05_lin_r02,prps,1459,31,0.581748,-12,0,-12,-0.03141592,-1.80000,prps,2,1774
67452,67.452,1,4004,54004,ladder_a05_lin_r02,prps,1459,31,0.593105,-13,0,-13,-0.03403392,-1.95000,prps,2,1775
67457,67.457,1,4004,54004,ladder_a05_lin_r02,prps,1458,30,0.567885,-14,0,-14,-0.03665191,-2.10000,prps,2,1776
67462,67.462,1,4004,54004,ladder_a05_lin_r02,prps,1455,27,0.511782,-16,0,-16,-0.04188790,-2.40000,prps,2,1777
67467,67.467,1,4004,54004,ladder_a05_lin_r02,prps,1451,23,0.435153,-18,0,-18,-0.04712389,-2.70000,prps,2,1778
67472,67.472,1,4004,54004,ladder_a05_lin_r02,prps,1447,19,0.350995,-18,0,-18,-0.04712389,-2.70000,prps,2,1779
67477,67.477,1,4004,54004,ladder_a05_lin_r02,prps,1442,14,0.272700,-19,0,-19,-0.04974188,-2.85000,prps,2,1780
67482,67.482,1,4004,54004,ladder_a05_lin_r02,prps,1439,11,0.211955,-18,0,-18,-0.04712389,-2.70000,prps,2,1781
67487,67.487,1,4004,54004,ladder_a05_lin_r02,prps,1437,9,0.177107,-18,0,-18,-0.04712389,-2.70000,prps,2,1782
67492,67.492,1,4004,54004,ladder_a05_lin_r02,prps,1437,9,0.172185,-17,0,-17,-0.04450589,-2.55000,prps,2,1783
67497,67.497,1,4004,54004,ladder_a05_lin_r02,prps,1438,10,0.196638,-16,0,-16,-0.04188790,-2.40000,prps,2,1784
67502,67.502,1,4004,54004,ladder_a05_lin_r02,prps,1441,13,0.245730,-15,0,-15,-0.03926991,-2.25000,prps,2,1785
67507,67.507,1,4004,54004,ladder_a05_lin_r02,prps,1445,17,0.311432,-13,0,-13,-0.03403392,-1.95000,prps,2,1786
67512,67.512,1,4004,54004,ladder_a05_lin_r02,prps,1448,20,0.383640,-13,0,-13,-0.03403392,-1.95000,prps,2,1787
67517,67.517,1,4004,54004,ladder_a05_lin_r02,prps,1452,24,0.451504,-13,0,-13,-0.03403392,-1.95000,prps,2,1788
67522,67.522,1,4004,54004,ladder_a05_lin_r02,prps,1455,27,0.504719,-13,0,-13,-0.03403392,-1.95000,prps,2,1789
67527,67.527,1,4004,54004,ladder_a05_lin_r02,prps,1456,28,0.534663,-13,0,-13,-0.03403392,-1.95000,prps,2,1790
67532,67.532,1,4004,54004,ladder_a05_lin_r02,prps,1456,28,0.535307,-13,0,-13,-0.03403392,-1.95000,prps,2,1791
67537,67.537,1,4004,54004,ladder_a05_lin_r02,prps,1455,27,0.503861,-14,0,-14,-0.03665191,-2.10000,prps,2,1792
67542,67.542,1,4004,54004,ladder_a05_lin_r02,prps,1451,23,0.441145,-16,0,-16,-0.04188790,-2.40000,prps,2,1793
67547,67.547,1,4004,54004,ladder_a05_lin_r02,prps,1447,19,0.351636,-17,0,-17,-0.04450589,-2.55000,prps,2,1794
67552,67.552,1,4004,54004,ladder_a05_lin_r02,prps,1441,13,0.243196,-17,0,-17,-0.04450589,-2.55000,prps,2,1795
67557,67.557,1,4004,54004,ladder_a05_lin_r02,prps,1435,7,0.126423,-17,0,-17,-0.04450589,-2.55000,prps,2,1796
67562,67.562,1,4004,54004,ladder_a05_lin_r02,prps,1429,1,0.013634,-17,0,-17,-0.04450589,-2.55000,prps,2,1797
67567,67.567,1,4004,54004,ladder_a05_lin_r02,prps,1424,-4,-0.082481,-16,0,-16,-0.04188790,-2.40000,prps,2,1798
67572,67.572,1,4004,54004,ladder_a05_lin_r02,prps,1420,-8,-0.150443,-15,0,-15,-0.03926991,-2.25000,prps,2,1799
67577,67.577,1,4004,54004,ladder_a05_lin_r02,prps,1418,-10,-0.181626,-13,0,-13,-0.03403392,-1.95000,prps,2,1800
67582,67.582,1,4004,54004,ladder_a05_lin_r02,prps,1419,-9,-0.171733,-10,0,-10,-0.02617994,-1.50000,prps,2,1801
67587,67.587,1,4004,54004,ladder_a05_lin_r02,prps,1422,-6,-0.121837,-7,0,-7,-0.01832596,-1.05000,prps,2,1802
67592,67.592,1,4004,54004,ladder_a05_lin_r02,prps,1426,-2,-0.038754,-4,0,-4,-0.01047198,-0.60000,prps,2,1803
67597,67.597,1,4004,54004,ladder_a05_lin_r02,prps,1431,3,0.065431,-2,0,-2,-0.00523599,-0.30000,prps,2,1804
67602,67.602,1,4004,54004,ladder_a05_lin_r02,prps,1437,9,0.174726,-1,0,-1,-0.00261799,-0.15000,prps,2,1805
67607,67.607,1,4004,54004,ladder_a05_lin_r02,prps,1442,14,0.271372,-1,0,-1,-0.00261799,-0.15000,prps,2,1806
67612,67.612,1,4004,54004,ladder_a05_lin_r02,prps,1446,18,0.338507,-2,0,-2,-0.00523599,-0.30000,prps,2,1807
67617,67.617,1,4004,54004,ladder_a05_lin_r02,prps,1447,19,0.362932,-3,0,-3,-0.00785398,-0.45000,prps,2,1808
67622,67.622,1,4004,54004,ladder_a05_lin_r02,prps,1446,18,0.337543,-4,0,-4,-0.01047198,-0.60000,prps,2,1809
67627,67.627,1,4004,54004,ladder_a05_lin_r02,prps,1442,14,0.262943,-5,0,-5,-0.01308997,-0.75000,prps,2,1810
67632,67.632,1,4004,54004,ladder_a05_lin_r02,prps,1436,8,0.147907,-7,0,-7,-0.01832596,-1.05000,prps,2,1811
67637,67.637,1,4004,54004,ladder_a05_lin_r02,prps,1428,0,0.008506,-8,0,-8,-0.02094395,-1.20000,prps,2,1812
67642,67.642,1,4004,54004,ladder_a05_lin_r02,prps,1421,-7,-0.134047,-9,0,-9,-0.02356194,-1.35000,prps,2,1813
67647,67.647,1,4004,54004,ladder_a05_lin_r02,prps,1414,-14,-0.256539,-9,0,-9,-0.02356194,-1.35000,prps,2,1814
67652,67.652,1,4004,54004,ladder_a05_lin_r02,prps,1410,-18,-0.337406,-8,0,-8,-0.02094395,-1.20000,prps,2,1815
67657,67.657,1,4004,54004,ladder_a05_lin_r02,prps,1409,-19,-0.360271,-6,0,-6,-0.01570796,-0.90000,prps,2,1816
67662,67.662,1,4004,54004,ladder_a05_lin_r02,prps,1411,-17,-0.316768,-3,0,-3,-0.00785398,-0.45000,prps,2,1817
67667,67.667,1,4004,54004,ladder_a05_lin_r02,prps,1417,-11,-0.208117,0,0,0,0.00000000,0.00000,prps,2,1818
67672,67.672,1,4004,54004,ladder_a05_lin_r02,prps,1426,-2,-0.045160,2,0,2,0.00523599,0.30000,prps,2,1819
67677,67.677,1,4004,54004,ladder_a05_lin_r02,prps,1436,8,0.153197,4,0,4,0.01047198,0.60000,prps,2,1820
67682,67.682,1,4004,54004,ladder_a05_lin_r02,prps,1447,19,0.362896,4,0,4,0.01047198,0.60000,prps,2,1821
67687,67.687,1,4004,54004,ladder_a05_lin_r02,prps,1458,30,0.558489,3,0,3,0.00785398,0.45000,prps,2,1822
67692,67.692,1,4004,54004,ladder_a05_lin_r02,prps,1466,38,0.717109,0,0,0,0.00000000,0.00000,prps,2,1823
67697,67.697,1,4004,54004,ladder_a05_lin_r02,prps,1472,44,0.821962,-2,0,-2,-0.00523599,-0.30000,prps,2,1824
67702,67.702,1,4004,54004,ladder_a05_lin_r02,prps,1474,46,0.864735,-6,0,-6,-0.01570796,-0.90000,prps,2,1825
67707,67.707,1,4004,54004,ladder_a05_lin_r02,prps,1473,45,0.846511,-10,0,-10,-0.02617994,-1.50000,prps,2,1826
67712,67.712,1,4004,54004,ladder_a05_lin_r02,prps,1469,41,0.777082,-15,0,-15,-0.03926991,-2.25000,prps,2,1827
67717,67.717,1,4004,54004,ladder_a05_lin_r02,prps,1464,36,0.672811,-19,0,-19,-0.04974188,-2.85000,prps,2,1828
67722,67.722,1,4004,54004,ladder_a05_lin_r02,prps,1457,29,0.553494,-22,0,-22,-0.05759586,-3.30000,prps,2,1829
67727,67.727,1,4004,54004,ladder_a05_lin_r02,prps,1451,23,0.438805,-24,0,-24,-0.06283185,-3.60000,prps,2,1830
67732,67.732,1,4004,54004,ladder_a05_lin_r02,prps,1446,18,0.345010,-24,0,-24,-0.06283185,-3.60000,prps,2,1831
67737,67.737,1,4004,54004,ladder_a05_lin_r02,prps,1443,15,0.282508,-23,0,-23,-0.06021386,-3.45000,prps,2,1832
67742,67.742,1,4004,54004,ladder_a05_lin_r02,prps,1441,13,0.254630,-23,0,-23,-0.06021386,-3.45000,prps,2,1833
67747,67.747,1,4004,54004,ladder_a05_lin_r02,prps,1442,14,0.257814,-21,0,-21,-0.05497787,-3.15000,prps,2,1834
67752,67.752,1,4004,54004,ladder_a05_lin_r02,prps,1443,15,0.283051,-19,0,-19,-0.04974188,-2.85000,prps,2,1835
67757,67.757,1,4004,54004,ladder_a05_lin_r02,prps,1445,17,0.318210,-17,0,-17,-0.04450589,-2.55000,prps,2,1836
67762,67.762,1,4004,54004,ladder_a05_lin_r02,prps,1447,19,0.350742,-16,0,-16,-0.04188790,-2.40000,prps,2,1837
67767,67.767,1,4004,54004,ladder_a05_lin_r02,prps,1448,20,0.370182,-15,0,-15,-0.03926991,-2.25000,prps,2,1838
67772,67.772,1,4004,54004,ladder_a05_lin_r02,prps,1448,20,0.369973,-15,0,-15,-0.03926991,-2.25000,prps,2,1839
67777,67.777,1,4004,54004,ladder_a05_lin_r02,prps,1446,18,0.348289,-15,0,-15,-0.03926991,-2.25000,prps,2,1840
67782,67.782,1,4004,54004,ladder_a05_lin_r02,prps,1444,16,0.307794,-15,0,-15,-0.03926991,-2.25000,prps,2,1841
67787,67.787,1,4004,54004,ladder_a05_lin_r02,prps,1441,13,0.254464,-15,0,-15,-0.03926991,-2.25000,prps,2,1842
67792,67.792,1,4004,54004,ladder_a05_lin_r02,prps,1438,10,0.195845,-15,0,-15,-0.03926991,-2.25000,prps,2,1843
67797,67.797,1,4004,54004,ladder_a05_lin_r02,prps,1435,7,0.139172,-15,0,-15,-0.03926991,-2.25000,prps,2,1844
67802,67.802,1,4004,54004,ladder_a05_lin_r02,prps,1433,5,0.089819,-14,0,-14,-0.03665191,-2.10000,prps,2,1845
67807,67.807,1,4004,54004,ladder_a05_lin_r02,prps,1431,3,0.050407,-13,0,-13,-0.03403392,-1.95000,prps,2,1846
67812,67.812,1,4004,54004,ladder_a05_lin_r02,prps,1429,1,0.020752,-12,0,-12,-0.03141592,-1.80000,prps,2,1847
67817,67.817,1,4004,54004,ladder_a05_lin_r02,prps,1428,0,-0.001413,-10,0,-10,-0.02617994,-1.50000,prps,2,1848
67822,67.822,1,4004,54004,ladder_a05_lin_r02,prps,1427,-1,-0.019168,-9,0,-9,-0.02356194,-1.35000,prps,2,1849
67827,67.827,1,4004,54004,ladder_a05_lin_r02,prps,1426,-2,-0.034970,-8,0,-8,-0.02094395,-1.20000,prps,2,1850
67832,67.832,1,4004,54004,ladder_a05_lin_r02,prps,1425,-3,-0.049463,-6,0,-6,-0.01570796,-0.90000,prps,2,1851
67837,67.837,1,4004,54004,ladder_a05_lin_r02,prps,1425,-3,-0.060892,-5,0,-5,-0.01308997,-0.75000,prps,2,1852
67842,67.842,1,4004,54004,ladder_a05_lin_r02,prps,1425,-3,-0.065296,-4,0,-4,-0.01047198,-0.60000,prps,2,1853
67847,67.847,1,4004,54004,ladder_a05_lin_r02,prps,1425,-3,-0.057499,-3,0,-3,-0.00785398,-0.45000,prps,2,1854
67852,67.852,1,4004,54004,ladder_a05_lin_r02,prps,1426,-2,-0.032667,-3,0,-3,-0.00785398,-0.45000,prps,2,1855
67857,67.857,1,4004,54004,ladder_a05_lin_r02,prps,1429,1,0.011950,-2,0,-2,-0.00523599,-0.30000,prps,2,1856
67862,67.862,1,4004,54004,ladder_a05_lin_r02,prps,1432,4,0.075537,-2,0,-2,-0.00523599,-0.30000,prps,2,1857
67867,67.867,1,4004,54004,ladder_a05_lin_r02,prps,1436,8,0.152927,-2,0,-2,-0.00523599,-0.30000,prps,2,1858
67872,67.872,1,4004,54004,ladder_a05_lin_r02,prps,1440,12,0.234793,-2,0,-2,-0.00523599,-0.30000,prps,2,1859
67877,67.877,1,4004,54004,ladder_a05_lin_r02,prps,1444,16,0.308898,-3,0,-3,-0.00785398,-0.45000,prps,2,1860
67882,67.882,1,4004,54004,ladder_a05_lin_r02,prps,1447,19,0.362220,-3,0,-3,-0.00785398,-0.45000,prps,2,1861
67887,67.887,1,4004,54004,ladder_a05_lin_r02,prps,1448,20,0.383576,-5,0,-5,-0.01308997,-0.75000,prps,2,1862
67892,67.892,1,4004,54004,ladder_a05_lin_r02,prps,1447,19,0.366190,-5,0,-5,-0.01308997,-0.75000,prps,2,1863
67897,67.897,1,4004,54004,ladder_a05_lin_r02,prps,1444,16,0.309627,-6,0,-6,-0.01570796,-0.90000,prps,2,1864
67902,67.902,1,4004,54004,ladder_a05_lin_r02,prps,1440,12,0.220629,-8,0,-8,-0.02094395,-1.20000,prps,2,1865
67907,67.907,1,4004,54004,ladder_a05_lin_r02,prps,1434,6,0.112548,-10,0,-10,-0.02617994,-1.50000,prps,2,1866
67912,67.912,1,4004,54004,ladder_a05_lin_r02,prps,1428,0,0.003393,-10,0,-10,-0.02617994,-1.50000,prps,2,1867
67917,67.917,1,4004,54004,ladder_a05_lin_r02,prps,1423,-5,-0.087223,-10,0,-10,-0.02617994,-1.50000,prps,2,1868
67922,67.922,1,4004,54004,ladder_a05_lin_r02,prps,1420,-8,-0.141693,-10,0,-10,-0.02617994,-1.50000,prps,2,1869
67927,67.927,1,4004,54004,ladder_a05_lin_r02,prps,1420,-8,-0.147901,-10,0,-10,-0.02617994,-1.50000,prps,2,1870
67932,67.932,1,4004,54004,ladder_a05_lin_r02,prps,1423,-5,-0.101864,-8,0,-8,-0.02094395,-1.20000,prps,2,1871
67937,67.937,1,4004,54004,ladder_a05_lin_r02,prps,1428,0,-0.008977,-6,0,-6,-0.01570796,-0.90000,prps,2,1872
67942,67.942,1,4004,54004,ladder_a05_lin_r02,prps,1434,6,0.116451,-4,0,-4,-0.01047198,-0.60000,prps,2,1873
67947,67.947,1,4004,54004,ladder_a05_lin_r02,prps,1441,13,0.253370,-3,0,-3,-0.00785398,-0.45000,prps,2,1874
67952,67.952,1,4004,54004,ladder_a05_lin_r02,prps,1448,20,0.377509,-3,0,-3,-0.00785398,-0.45000,prps,2,1875
67957,67.957,1,4004,54004,ladder_a05_lin_r02,prps,1453,25,0.465613,-3,0,-3,-0.00785398,-0.45000,prps,2,1876
67962,67.962,1,4004,54004,ladder_a05_lin_r02,prps,1454,26,0.499624,-4,0,-4,-0.01047198,-0.60000,prps,2,1877
67967,67.967,1,4004,54004,ladder_a05_lin_r02,prps,1453,25,0.470004,-6,0,-6,-0.01570796,-0.90000,prps,2,1878
67972,67.972,1,4004,54004,ladder_a05_lin_r02,prps,1448,20,0.377559,-7,0,-7,-0.01832596,-1.05000,prps,2,1879
67977,67.977,1,4004,54004,ladder_a05_lin_r02,prps,1440,12,0.233425,-10,0,-10,-0.02617994,-1.50000,prps,2,1880
67982,67.982,1,4004,54004,ladder_a05_lin_r02,prps,1431,3,0.057173,-12,0,-12,-0.03141592,-1.80000,prps,2,1881
67987,67.987,1,4004,54004,ladder_a05_lin_r02,prps,1421,-7,-0.126568,-13,0,-13,-0.03403392,-1.95000,prps,2,1882
67992,67.992,1,4004,54004,ladder_a05_lin_r02,prps,1413,-15,-0.292375,-12,0,-12,-0.03141592,-1.80000,prps,2,1883
67997,67.997,1,4004,54004,ladder_a05_lin_r02,prps,1406,-22,-0.418343,-11,0,-11,-0.02879793,-1.65000,prps,2,1884
68002,68.002,1,4004,54004,ladder_a05_lin_r02,prps,1402,-26,-0.489653,-9,0,-9,-0.02356194,-1.35000,prps,2,1885
68007,68.007,1,4004,54004,ladder_a05_lin_r02,prps,1401,-27,-0.500740,-6,0,-6,-0.01570796,-0.90000,prps,2,1886
68012,68.012,1,4004,54004,ladder_a05_lin_r02,prps,1404,-24,-0.455695,-2,0,-2,-0.00523599,-0.30000,prps,2,1887
68017,68.017,1,4004,54004,ladder_a05_lin_r02,prps,1409,-19,-0.366889,2,0,2,0.00523599,0.30000,prps,2,1888
68022,68.022,1,4004,54004,ladder_a05_lin_r02,prps,1415,-13,-0.252145,5,0,5,0.01308997,0.75000,prps,2,1889
68027,68.027,1,4004,54004,ladder_a05_lin_r02,prps,1421,-7,-0.131083,7,0,7,0.01832596,1.05000,prps,2,1890
68032,68.032,1,4004,54004,ladder_a05_lin_r02,prps,1427,-1,-0.021401,8,0,8,0.02094395,1.20000,prps,2,1891
68037,68.037,1,4004,54004,ladder_a05_lin_r02,prps,1431,3,0.064177,7,0,7,0.01832596,1.05000,prps,2,1892
68042,68.042,1,4004,54004,ladder_a05_lin_r02,prps,1434,6,0.119672,6,0,6,0.01570796,0.90000,prps,2,1893
68047,68.047,1,4004,54004,ladder_a05_lin_r02,prps,1436,8,0.146067,5,0,5,0.01308997,0.75000,prps,2,1894
68052,68.052,1,4004,54004,ladder_a05_lin_r02,prps,1436,8,0.149990,2,0,2,0.00523599,0.30000,prps,2,1895
68057,68.057,1,4004,54004,ladder_a05_lin_r02,prps,1435,7,0.141230,0,0,0,0.00000000,0.00000,prps,2,1896
68062,68.062,1,4004,54004,ladder_a05_lin_r02,prps,1435,7,0.129701,-1,0,-1,-0.00261799,-0.15000,prps,2,1897
68067,68.067,1,4004,54004,ladder_a05_lin_r02,prps,1434,6,0.122558,-2,0,-2,-0.00523599,-0.30000,prps,2,1898
68072,68.072,1,4004,54004,ladder_a05_lin_r02,prps,1434,6,0.122147,-3,0,-3,-0.00785398,-0.45000,prps,2,1899
68077,68.077,1,4004,54004,ladder_a05_lin_r02,prps,1435,7,0.125251,-4,0,-4,-0.01047198,-0.60000,prps,2,1900
68082,68.082,1,4004,54004,ladder_a05_lin_r02,prps,1435,7,0.123827,-4,0,-4,-0.01047198,-0.60000,prps,2,1901
68087,68.087,1,4004,54004,ladder_a05_lin_r02,prps,1434,6,0.107066,-4,0,-4,-0.01047198,-0.60000,prps,2,1902
68092,68.092,1,4004,54004,ladder_a05_lin_r02,prps,1431,3,0.064335,-4,0,-4,-0.01047198,-0.60000,prps,2,1903
68097,68.097,1,4004,54004,ladder_a05_lin_r02,prps,1427,-1,-0.011677,-4,0,-4,-0.01047198,-0.60000,prps,2,1904
68102,68.102,1,4004,54004,ladder_a05_lin_r02,prps,1422,-6,-0.122331,-4,0,-4,-0.01047198,-0.60000,prps,2,1905
68107,68.107,1,4004,54004,ladder_a05_lin_r02,prps,1414,-14,-0.261562,-4,0,-4,-0.01047198,-0.60000,prps,2,1906
68112,68.112,1,4004,54004,ladder_a05_lin_r02,prps,1406,-22,-0.415963,-4,0,-4,-0.01047198,-0.60000,prps,2,1907
68117,68.117,1,4004,54004,ladder_a05_lin_r02,prps,1398,-30,-0.566509,-4,0,-4,-0.01047198,-0.60000,prps,2,1908
68122,68.122,1,4004,54004,ladder_a05_lin_r02,prps,1391,-37,-0.691650,-2,0,-2,-0.00523599,-0.30000,prps,2,1909
68127,68.127,1,4004,54004,ladder_a05_lin_r02,prps,1387,-41,-0.771209,1,0,1,0.00261799,0.15000,prps,2,1910
68132,68.132,1,4004,54004,ladder_a05_lin_r02,prps,1386,-42,-0.790334,5,0,5,0.01308997,0.75000,prps,2,1911
68137,68.137,1,4004,54004,ladder_a05_lin_r02,prps,1389,-39,-0.742696,9,0,9,0.02356194,1.35000,prps,2,1912
68142,68.142,1,4004,54004,ladder_a05_lin_r02,prps,1394,-34,-0.632274,12,0,12,0.03141592,1.80000,prps,2,1913
68147,68.147,1,4004,54004,ladder_a05_lin_r02,prps,1403,-25,-0.473317,15,0,15,0.03926991,2.25000,prps,2,1914
68152,68.152,1,4004,54004,ladder_a05_lin_r02,prps,1413,-15,-0.288408,17,0,17,0.04450589,2.55000,prps,2,1915
68157,68.157,1,4004,54004,ladder_a05_lin_r02,prps,1422,-6,-0.104950,18,0,18,0.04712389,2.70000,prps,2,1916
68162,68.162,1,4004,54004,ladder_a05_lin_r02,prps,1431,3,0.049324,18,0,18,0.04712389,2.70000,prps,2,1917
68167,68.167,1,4004,54004,ladder_a05_lin_r02,prps,1436,8,0.151008,16,0,16,0.04188790,2.40000,prps,2,1918
68172,68.172,1,4004,54004,ladder_a05_lin_r02,prps,1438,10,0.185009,13,0,13,0.03403392,1.95000,prps,2,1919
68177,68.177,1,4004,54004,ladder_a05_lin_r02,prps,1436,8,0.147125,9,0,9,0.02356194,1.35000,prps,2,1920
68182,68.182,1,4004,54004,ladder_a05_lin_r02,prps,1430,2,0.044773,6,0,6,0.01570796,0.90000,prps,2,1921
68187,68.187,1,4004,54004,ladder_a05_lin_r02,prps,1422,-6,-0.104264,2,0,2,0.00523599,0.30000,prps,2,1922
68192,68.192,1,4004,54004,ladder_a05_lin_r02,prps,1413,-15,-0.274818,0,0,0,0.00000000,0.00000,prps,2,1923
68197,68.197,1,4004,54004,ladder_a05_lin_r02,prps,1405,-23,-0.438494,-1,0,-1,-0.00261799,-0.15000,prps,2,1924
68202,68.202,1,4004,54004,ladder_a05_lin_r02,prps,1398,-30,-0.568251,-1,0,-1,-0.00261799,-0.15000,prps,2,1925
68207,68.207,1,4004,54004,ladder_a05_lin_r02,prps,1394,-34,-0.642591,0,0,0,0.00000000,0.00000,prps,2,1926
68212,68.212,1,4004,54004,ladder_a05_lin_r02,prps,1394,-34,-0.648664,3,0,3,0.00785398,0.45000,prps,2,1927
68217,68.217,1,4004,54004,ladder_a05_lin_r02,prps,1397,-31,-0.583787,6,0,6,0.01570796,0.90000,prps,2,1928
68222,68.222,1,4004,54004,ladder_a05_lin_r02,prps,1404,-24,-0.455220,9,0,9,0.02356194,1.35000,prps,2,1929
68227,68.227,1,4004,54004,ladder_a05_lin_r02,prps,1413,-15,-0.278336,12,0,12,0.03141592,1.80000,prps,2,1930
68232,68.232,1,4004,54004,ladder_a05_lin_r02,prps,1424,-4,-0.073618,13,0,13,0.03403392,1.95000,prps,2,1931
68237,68.237,1,4004,54004,ladder_a05_lin_r02,prps,1435,7,0.136904,13,0,13,0.03403392,1.95000,prps,2,1932
68242,68.242,1,4004,54004,ladder_a05_lin_r02,prps,1446,18,0.333105,13,0,13,0.03403392,1.95000,prps,2,1933
68247,68.247,1,4004,54004,ladder_a05_lin_r02,prps,1454,26,0.499506,10,0,10,0.02617994,1.50000,prps,2,1934
68252,68.252,1,4004,54004,ladder_a05_lin_r02,prps,1461,33,0.626898,6,0,6,0.01570796,0.90000,prps,2,1935
68257,68.257,1,4004,54004,ladder_a05_lin_r02,prps,1466,38,0.712667,2,0,2,0.00523599,0.30000,prps,2,1936
68262,68.262,1,4004,54004,ladder_a05_lin_r02,prps,1468,40,0.759921,-3,0,-3,-0.00785398,-0.45000,prps,2,1937
68267,68.267,1,4004,54004,ladder_a05_lin_r02,prps,1469,41,0.775722,-8,0,-8,-0.02094395,-1.20000,prps,2,1938
68272,68.272,1,4004,54004,ladder_a05_lin_r02,prps,1469,41,0.768900,-12,0,-12,-0.03141592,-1.80000,prps,2,1939
68277,68.277,1,4004,54004,ladder_a05_lin_r02,prps,1468,40,0.747910,-16,0,-16,-0.04188790,-2.40000,prps,2,1940
68282,68.282,1,4004,54004,ladder_a05_lin_r02,prps,1466,38,0.719190,-19,0,-19,-0.04974188,-2.85000,prps,2,1941
68287,68.287,1,4004,54004,ladder_a05_lin_r02,prps,1464,36,0.686288,-21,0,-21,-0.05497787,-3.15000,prps,2,1942
68292,68.292,1,4004,54004,ladder_a05_lin_r02,prps,1462,34,0.649855,-23,0,-23,-0.06021386,-3.45000,prps,2,1943
68297,68.297,1,4004,54004,ladder_a05_lin_r02,prps,1460,32,0.608394,-24,0,-24,-0.06283185,-3.60000,prps,2,1944
68302,68.302,1,4004,54004,ladder_a05_lin_r02,prps,1458,30,0.559515,-24,0,-24,-0.06283185,-3.60000,prps,2,1945
68307,68.307,1,4004,54004,ladder_a05_lin_r02,prps,1455,27,0.501348,-24,0,-24,-0.06283185,-3.60000,prps,2,1946
68312,68.312,1,4004,54004,ladder_a05_lin_r02,prps,1451,23,0.433756,-24,0,-24,-0.06283185,-3.60000,prps,2,1947
68317,68.317,1,4004,54004,ladder_a05_lin_r02,prps,1447,19,0.359070,-24,0,-24,-0.06283185,-3.60000,prps,2,1948
68322,68.322,1,4004,54004,ladder_a05_lin_r02,prps,1443,15,0.282182,-23,0,-23,-0.06021386,-3.45000,prps,2,1949
68327,68.327,1,4004,54004,ladder_a05_lin_r02,prps,1439,11,0.210001,-23,0,-23,-0.06021386,-3.45000,prps,2,1950
68332,68.332,1,4004,54004,ladder_a05_lin_r02,prps,1436,8,0.150383,-21,0,-21,-0.05497787,-3.15000,prps,2,1951
68337,68.337,1,4004,54004,ladder_a05_lin_r02,prps,1434,6,0.110789,-19,0,-19,-0.04974188,-2.85000,prps,2,1952
68342,68.342,1,4004,54004,ladder_a05_lin_r02,prps,1433,5,0.096938,-16,0,-16,-0.04188790,-2.40000,prps,2,1953
68347,68.347,1,4004,54004,ladder_a05_lin_r02,prps,1434,6,0.111721,-14,0,-14,-0.03665191,-2.10000,prps,2,1954
68352,68.352,1,4004,54004,ladder_a05_lin_r02,prps,1436,8,0.154569,-12,0,-12,-0.03141592,-1.80000,prps,2,1955
68357,68.357,1,4004,54004,ladder_a05_lin_r02,prps,1440,12,0.221372,-11,0,-11,-0.02879793,-1.65000,prps,2,1956
68362,68.362,1,4004,54004,ladder_a05_lin_r02,prps,1444,16,0.304927,-10,0,-10,-0.02617994,-1.50000,prps,2,1957
68367,68.367,1,4004,54004,ladder_a05_lin_r02,prps,1449,21,0.395815,-10,0,-10,-0.02617994,-1.50000,prps,2,1958
68372,68.372,1,4004,54004,ladder_a05_lin_r02,prps,1454,26,0.483535,-10,0,-10,-0.02617994,-1.50000,prps,2,1959
68377,68.377,1,4004,54004,ladder_a05_lin_r02,prps,1458,30,0.557714,-10,0,-10,-0.02617994,-1.50000,prps,2,1960
68382,68.382,1,4004,54004,ladder_a05_lin_r02,prps,1460,32,0.609226,-10,0,-10,-0.02617994,-1.50000,prps,2,1961
68387,68.387,1,4004,54004,ladder_a05_lin_r02,prps,1461,33,0.631117,-12,0,-12,-0.03141592,-1.80000,prps,2,1962
68392,68.392,1,4004,54004,ladder_a05_lin_r02,prps,1461,33,0.619253,-14,0,-14,-0.03665191,-2.10000,prps,2,1963
68397,68.397,1,4004,54004,ladder_a05_lin_r02,prps,1458,30,0.572705,-16,0,-16,-0.04188790,-2.40000,prps,2,1964
68402,68.402,1,4004,54004,ladder_a05_lin_r02,prps,1454,26,0.493868,-18,0,-18,-0.04712389,-2.70000,prps,2,1965
68407,68.407,1,4004,54004,ladder_a05_lin_r02,prps,1449,21,0.388356,-20,0,-20,-0.05235988,-3.00000,prps,2,1966
68412,68.412,1,4004,54004,ladder_a05_lin_r02,prps,1442,14,0.264676,-20,0,-20,-0.05235988,-3.00000,prps,2,1967
68417,68.417,1,4004,54004,ladder_a05_lin_r02,prps,1435,7,0.133680,-20,0,-20,-0.05235988,-3.00000,prps,2,1968
68422,68.422,1,4004,54004,ladder_a05_lin_r02,prps,1428,0,0.007771,-19,0,-19,-0.04974188,-2.85000,prps,2,1969
68427,68.427,1,4004,54004,ladder_a05_lin_r02,prps,1423,-5,-0.100141,-18,0,-18,-0.04712389,-2.70000,prps,2,1970
68432,68.432,1,4004,54004,ladder_a05_lin_r02,prps,1419,-9,-0.177924,-17,0,-17,-0.04450589,-2.55000,prps,2,1971
68437,68.437,1,4004,54004,ladder_a05_lin_r02,prps,1417,-11,-0.215668,-14,0,-14,-0.03665191,-2.10000,prps,2,1972
68442,68.442,1,4004,54004,ladder_a05_lin_r02,prps,1417,-11,-0.207142,-11,0,-11,-0.02879793,-1.65000,prps,2,1973
68447,68.447,1,4004,54004,ladder_a05_lin_r02,prps,1420,-8,-0.151063,-7,0,-7,-0.01832596,-1.05000,prps,2,1974
68452,68.452,1,4004,54004,ladder_a05_lin_r02,prps,1425,-3,-0.051927,-5,0,-5,-0.01308997,-0.75000,prps,2,1975
68457,68.457,1,4004,54004,ladder_a05_lin_r02,prps,1432,4,0.079820,-2,0,-2,-0.00523599,-0.30000,prps,2,1976
68462,68.462,1,4004,54004,ladder_a05_lin_r02,prps,1440,12,0.228447,-1,0,-1,-0.00261799,-0.15000,prps,2,1977
68467,68.467,1,4004,54004,ladder_a05_lin_r02,prps,1448,20,0.374484,-1,0,-1,-0.00261799,-0.15000,prps,2,1978
68472,68.472,1,4004,54004,ladder_a05_lin_r02,prps,1454,26,0.497048,-2,0,-2,-0.00523599,-0.30000,prps,2,1979
68477,68.477,1,4004,54004,ladder_a05_lin_r02,prps,1459,31,0.576679,-4,0,-4,-0.01047198,-0.60000,prps,2,1980
68482,68.482,1,4004,54004,ladder_a05_lin_r02,prps,1460,32,0.598282,-5,0,-5,-0.01308997,-0.75000,prps,2,1981
68487,68.487,1,4004,54004,ladder_a05_lin_r02,prps,1457,29,0.553708,-8,0,-8,-0.02094395,-1.20000,prps,2,1982
68492,68.492,1,4004,54004,ladder_a05_lin_r02,prps,1452,24,0.443484,-11,0,-11,-0.02879793,-1.65000,prps,2,1983
68497,68.497,1,4004,54004,ladder_a05_lin_r02,prps,1443,15,0.277322,-14,0,-14,-0.03665191,-2.10000,prps,2,1984
68502,68.502,1,4004,54004,ladder_a05_lin_r02,prps,1432,4,0.073208,-16,0,-16,-0.04188790,-2.40000,prps,2,1985
68507,68.507,1,4004,54004,ladder_a05_lin_r02,prps,1420,-8,-0.144876,-17,0,-17,-0.04450589,-2.55000,prps,2,1986
68512,68.512,1,4004,54004,ladder_a05_lin_r02,prps,1409,-19,-0.350322,-16,0,-16,-0.04188790,-2.40000,prps,2,1987
68517,68.517,1,4004,54004,ladder_a05_lin_r02,prps,1401,-27,-0.517847,-14,0,-14,-0.03665191,-2.10000,prps,2,1988
68522,68.522,1,4004,54004,ladder_a05_lin_r02,prps,1395,-33,-0.627375,-12,0,-12,-0.03141592,-1.80000,prps,2,1989
68527,68.527,1,4004,54004,ladder_a05_lin_r02,prps,1393,-35,-0.667187,-8,0,-8,-0.02094395,-1.20000,prps,2,1990
68532,68.532,1,4004,54004,ladder_a05_lin_r02,prps,1394,-34,-0.635777,-3,0,-3,-0.00785398,-0.45000,prps,2,1991
68537,68.537,1,4004,54004,ladder_a05_lin_r02,prps,1399,-29,-0.542054,2,0,2,0.00523599,0.30000,prps,2,1992
68542,68.542,1,4004,54004,ladder_a05_lin_r02,prps,1407,-21,-0.403807,6,0,6,0.01570796,0.90000,prps,2,1993
68547,68.547,1,4004,54004,ladder_a05_lin_r02,prps,1415,-13,-0.244687,9,0,9,0.02356194,1.35000,prps,2,1994
68552,68.552,1,4004,54004,ladder_a05_lin_r02,prps,1423,-5,-0.090215,11,0,11,0.02879793,1.65000,prps,2,1995
68557,68.557,1,4004,54004,ladder_a05_lin_r02,prps,1430,2,0.036496,10,0,10,0.02617994,1.50000,prps,2,1996
68562,68.562,1,4004,54004,ladder_a05_lin_r02,prps,1434,6,0.118526,10,0,10,0.02617994,1.50000,prps,2,1997
68567,68.567,1,4004,54004,ladder_a05_lin_r02,prps,1436,8,0.147784,8,0,8,0.02094395,1.20000,prps,2,1998
68572,68.572,1,4004,54004,ladder_a05_lin_r02,prps,1435,7,0.126012,5,0,5,0.01308997,0.75000,prps,2,1999
86351,86.351,1,4004,54004,ladder_a05_lin_r02,baseline_post,1428,0,0.000000,-1,0,-1,-0.00261799,-0.15000,baseline_post,-1,-1
86357,86.357,1,4004,54004,ladder_a05_lin_r02,baseline_post,1428,0,0.000000,-1,0,-1,-0.00261799,-0.15000,baseline_post,-1,-1
86362,86.362,1,4004,54004,ladder_a05_lin_r02,baseline_post,1428,0,0.000000,-1,0,-1,-0.00261799,-0.15000,baseline_post,-1,-1
86367,86.367,1,4004,54004,ladder_a05_lin_r02,baseline_post,1428,0,0.000000,-1,0,-1,-0.00261799,-0.15000,baseline_post,-1,-1
86372,86.372,1,4004,54004,ladder_a05_lin_r02,baseline_post,1428,0,0.000000,-1,0,-1,-0.00261799,-0.15000,baseline_post,-1,-1
86378,86.378,1,4004,54004,ladder_a05_lin_r02,baseline_post,1428,0,0.000000,-1,0,-1,-0.00261799,-0.15000,baseline_post,-1,-1
86383,86.383,1,4004,54004,ladder_a05_lin_r02,baseline_post,1428,0,0.000000,-1,0,-1,-0.00261799,-0.15000,baseline_post,-1,-1
86391,86.391,1,4004,54004,ladder_a05_lin_r02,baseline_post,1428,0,0.000000,-1,0,-1,-0.00261799,-0.15000,baseline_post,-1,-1
86397,86.397,1,4004,54004,ladder_a05_lin_r02,baseline_post,1428,0,0.000000,-1,0,-1,-0.00261799,-0.15000,baseline_post,-1,-1
86402,86.402,1,4004,54004,ladder_a05_lin_r02,baseline_post,1428,0,0.000000,-1,0,-1,-0.00261799,-0.15000,baseline_post,-1,-1
86407,86.407,1,4004,54004,ladder_a05_lin_r02,baseline_post,1428,0,0.000000,-1,0,-1,-0.00261799,-0.15000,baseline_post,-1,-1
86412,86.412,1,4004,54004,ladder_a05_lin_r02,baseline_post,1428,0,0.000000,-1,0,-1,-0.00261799,-0.15000,baseline_post,-1,-1
86417,86.417,1,4004,54004,ladder_a05_lin_r02,baseline_post,1428,0,0.000000,-1,0,-1,-0.00261799,-0.15000,baseline_post,-1,-1
86422,86.422,1,4004,54004,ladder_a05_lin_r02,baseline_post,1428,0,0.000000,-1,0,-1,-0.00261799,-0.15000,baseline_post,-1,-1
86427,86.427,1,4004,54004,ladder_a05_lin_r02,baseline_post,1428,0,0.000000,-1,0,-1,-0.00261799,-0.15000,baseline_post,-1,-1
86435,86.435,1,4004,54004,ladder_a05_lin_r02,baseline_post,1428,0,0.000000,-1,0,-1,-0.00261799,-0.15000,baseline_post,-1,-1
86441,86.441,1,4004,54004,ladder_a05_lin_r02,baseline_post,1428,0,0.000000,-1,0,-1,-0.00261799,-0.15000,baseline_post,-1,-1
86446,86.446,1,4004,54004,ladder_a05_lin_r02,baseline_post,1428,0,0.000000,-1,0,-1,-0.00261799,-0.15000,baseline_post,-1,-1
86451,86.451,1,4004,54004,ladder_a05_lin_r02,baseline_post,1428,0,0.000000,-1,0,-1,-0.00261799,-0.15000,baseline_post,-1,-1
86456,86.456,1,4004,54004,ladder_a05_lin_r02,baseline_post,1428,0,0.000000,-1,0,-1,-0.00261799,-0.15000,baseline_post,-1,-1
86462,86.462,1,4004,54004,ladder_a05_lin_r02,baseline_post,1428,0,0.000000,-1,0,-1,-0.00261799,-0.15000,baseline_post,-1,-1
86467,86.467,1,4004,54004,ladder_a05_lin_r02,baseline_post,1428,0,0.000000,-1,0,-1,-0.00261799,-0.15000,baseline_post,-1,-1
86472,86.472,1,4004,54004,ladder_a05_lin_r02,baseline_post,1428,0,0.000000,-1,0,-1,-0.00261799,-0.15000,baseline_post,-1,-1
86477,86.477,1,4004,54004,ladder_a05_lin_r02,baseline_post,1428,0,0.000000,-1,0,-1,-0.00261799,-0.15000,baseline_post,-1,-1
86515,86.515,1,4004,54004,ladder_a05_lin_r02,baseline_post,1428,0,0.000000,-1,0,-1,-0.00261799,-0.15000,baseline_post,-1,-1
86521,86.521,1,4004,54004,ladder_a05_lin_r02,baseline_post,1428,0,0.000000,-1,0,-1,-0.00261799,-0.15000,baseline_post,-1,-1
86526,86.526,1,4004,54004,ladder_a05_lin_r02,baseline_post,1428,0,0.000000,-1,0,-1,-0.00261799,-0.15000,baseline_post,-1,-1
86531,86.531,1,4004,54004,ladder_a05_lin_r02,baseline_post,1428,0,0.000000,-1,0,-1,-0.00261799,-0.15000,baseline_post,-1,-1
86536,86.536,1,4004,54004,ladder_a05_lin_r02,baseline_post,1428,0,0.000000,-1,0,-1,-0.00261799,-0.15000,baseline_post,-1,-1
86541,86.541,1,4004,54004,ladder_a05_lin_r02,baseline_post,1428,0,0.000000,-1,0,-1,-0.00261799,-0.15000,baseline_post,-1,-1
86546,86.546,1,4004,54004,ladder_a05_lin_r02,baseline_post,1428,0,0.000000,-1,0,-1,-0.00261799,-0.15000,baseline_post,-1,-1
86551,86.551,1,4004,54004,ladder_a05_lin_r02,baseline_post,1428,0,0.000000,-1,0,-1,-0.00261799,-0.15000,baseline_post,-1,-1
86559,86.559,1,4004,54004,ladder_a05_lin_r02,baseline_post,1428,0,0.000000,-1,0,-1,-0.00261799,-0.15000,baseline_post,-1,-1
86565,86.565,1,4004,54004,ladder_a05_lin_r02,baseline_post,1428,0,0.000000,-1,0,-1,-0.00261799,-0.15000,baseline_post,-1,-1
86570,86.570,1,4004,54004,ladder_a05_lin_r02,baseline_post,1428,0,0.000000,-1,0,-1,-0.00261799,-0.15000,baseline_post,-1,-1
86576,86.576,1,4004,54004,ladder_a05_lin_r02,baseline_post,1428,0,0.000000,-1,0,-1,-0.00261799,-0.15000,baseline_post,-1,-1
86581,86.581,1,4004,54004,ladder_a05_lin_r02,baseline_post,1428,0,0.000000,-1,0,-1,-0.00261799,-0.15000,baseline_post,-1,-1
86586,86.586,1,4004,54004,ladder_a05_lin_r02,baseline_post,1428,0,0.000000,-1,0,-1,-0.00261799,-0.15000,baseline_post,-1,-1
86591,86.591,1,4004,54004,ladder_a05_lin_r02,baseline_post,1428,0,0.000000,-1,0,-1,-0.00261799,-0.15000,baseline_post,-1,-1
86596,86.596,1,4004,54004,ladder_a05_lin_r02,baseline_post,1428,0,0.000000,-1,0,-1,-0.00261799,-0.15000,baseline_post,-1,-1
86604,86.604,1,4004,54004,ladder_a05_lin_r02,baseline_post,1428,0,0.000000,-1,0,-1,-0.00261799,-0.15000,baseline_post,-1,-1
86610,86.610,1,4004,54004,ladder_a05_lin_r02,baseline_post,1428,0,0.000000,-1,0,-1,-0.00261799,-0.15000,baseline_post,-1,-1
86615,86.615,1,4004,54004,ladder_a05_lin_r02,baseline_post,1428,0,0.000000,-1,0,-1,-0.00261799,-0.15000,baseline_post,-1,-1
86620,86.620,1,4004,54004,ladder_a05_lin_r02,baseline_post,1428,0,0.000000,-1,0,-1,-0.00261799,-0.15000,baseline_post,-1,-1
86625,86.625,1,4004,54004,ladder_a05_lin_r02,baseline_post,1428,0,0.000000,-1,0,-1,-0.00261799,-0.15000,baseline_post,-1,-1
86630,86.630,1,4004,54004,ladder_a05_lin_r02,baseline_post,1428,0,0.000000,-1,0,-1,-0.00261799,-0.15000,baseline_post,-1,-1
86635,86.635,1,4004,54004,ladder_a05_lin_r02,baseline_post,1428,0,0.000000,-1,0,-1,-0.00261799,-0.15000,baseline_post,-1,-1
86640,86.640,1,4004,54004,ladder_a05_lin_r02,baseline_post,1428,0,0.000000,-1,0,-1,-0.00261799,-0.15000,baseline_post,-1,-1
86648,86.648,1,4004,54004,ladder_a05_lin_r02,baseline_post,1428,0,0.000000,-1,0,-1,-0.00261799,-0.15000,baseline_post,-1,-1
86654,86.654,1,4004,54004,ladder_a05_lin_r02,baseline_post,1428,0,0.000000,-1,0,-1,-0.00261799,-0.15000,baseline_post,-1,-1
86659,86.659,1,4004,54004,ladder_a05_lin_r02,baseline_post,1428,0,0.000000,-1,0,-1,-0.00261799,-0.15000,baseline_post,-1,-1
86665,86.665,1,4004,54004,ladder_a05_lin_r02,baseline_post,1428,0,0.000000,-1,0,-1,-0.00261799,-0.15000,baseline_post,-1,-1
86670,86.670,1,4004,54004,ladder_a05_lin_r02,baseline_post,1428,0,0.000000,-1,0,-1,-0.00261799,-0.15000,baseline_post,-1,-1
86675,86.675,1,4004,54004,ladder_a05_lin_r02,baseline_post,1428,0,0.000000,-1,0,-1,-0.00261799,-0.15000,baseline_post,-1,-1
86680,86.680,1,4004,54004,ladder_a05_lin_r02,baseline_post,1428,0,0.000000,-1,0,-1,-0.00261799,-0.15000,baseline_post,-1,-1
86685,86.685,1,4004,54004,ladder_a05_lin_r02,baseline_post,1428,0,0.000000,-1,0,-1,-0.00261799,-0.15000,baseline_post,-1,-1
86690,86.690,1,4004,54004,ladder_a05_lin_r02,baseline_post,1428,0,0.000000,-1,0,-1,-0.00261799,-0.15000,baseline_post,-1,-1
86727,86.727,1,4004,54004,ladder_a05_lin_r02,baseline_post,1428,0,0.000000,-1,0,-1,-0.00261799,-0.15000,baseline_post,-1,-1
86733,86.733,1,4004,54004,ladder_a05_lin_r02,baseline_post,1428,0,0.000000,-1,0,-1,-0.00261799,-0.15000,baseline_post,-1,-1
86738,86.738,1,4004,54004,ladder_a05_lin_r02,baseline_post,1428,0,0.000000,-1,0,-1,-0.00261799,-0.15000,baseline_post,-1,-1
86743,86.743,1,4004,54004,ladder_a05_lin_r02,baseline_post,1428,0,0.000000,-1,0,-1,-0.00261799,-0.15000,baseline_post,-1,-1
86748,86.748,1,4004,54004,ladder_a05_lin_r02,baseline_post,1428,0,0.000000,-1,0,-1,-0.00261799,-0.15000,baseline_post,-1,-1
86753,86.753,1,4004,54004,ladder_a05_lin_r02,baseline_post,1428,0,0.000000,-1,0,-1,-0.00261799,-0.15000,baseline_post,-1,-1
86758,86.758,1,4004,54004,ladder_a05_lin_r02,baseline_post,1428,0,0.000000,-1,0,-1,-0.00261799,-0.15000,baseline_post,-1,-1
86763,86.763,1,4004,54004,ladder_a05_lin_r02,baseline_post,1428,0,0.000000,-1,0,-1,-0.00261799,-0.15000,baseline_post,-1,-1
86772,86.772,1,4004,54004,ladder_a05_lin_r02,baseline_post,1428,0,0.000000,-1,0,-1,-0.00261799,-0.15000,baseline_post,-1,-1
86777,86.777,1,4004,54004,ladder_a05_lin_r02,baseline_post,1428,0,0.000000,-1,0,-1,-0.00261799,-0.15000,baseline_post,-1,-1
86782,86.782,1,4004,54004,ladder_a05_lin_r02,baseline_post,1428,0,0.000000,-1,0,-1,-0.00261799,-0.15000,baseline_post,-1,-1
86787,86.787,1,4004,54004,ladder_a05_lin_r02,baseline_post,1428,0,0.000000,-1,0,-1,-0.00261799,-0.15000,baseline_post,-1,-1
86793,86.793,1,4004,54004,ladder_a05_lin_r02,baseline_post,1428,0,0.000000,-1,0,-1,-0.00261799,-0.15000,baseline_post,-1,-1
86798,86.798,1,4004,54004,ladder_a05_lin_r02,baseline_post,1428,0,0.000000,-1,0,-1,-0.00261799,-0.15000,baseline_post,-1,-1
86803,86.803,1,4004,54004,ladder_a05_lin_r02,baseline_post,1428,0,0.000000,-1,0,-1,-0.00261799,-0.15000,baseline_post,-1,-1
86808,86.808,1,4004,54004,ladder_a05_lin_r02,baseline_post,1428,0,0.000000,-1,0,-1,-0.00261799,-0.15000,baseline_post,-1,-1
86816,86.816,1,4004,54004,ladder_a05_lin_r02,baseline_post,1428,0,0.000000,-1,0,-1,-0.00261799,-0.15000,baseline_post,-1,-1
86822,86.822,1,4004,54004,ladder_a05_lin_r02,baseline_post,1428,0,0.000000,-1,0,-1,-0.00261799,-0.15000,baseline_post,-1,-1
86827,86.827,1,4004,54004,ladder_a05_lin_r02,baseline_post,1428,0,0.000000,-1,0,-1,-0.00261799,-0.15000,baseline_post,-1,-1
86832,86.832,1,4004,54004,ladder_a05_lin_r02,baseline_post,1428,0,0.000000,-1,0,-1,-0.00261799,-0.15000,baseline_post,-1,-1
86837,86.837,1,4004,54004,ladder_a05_lin_r02,baseline_post,1428,0,0.000000,-1,0,-1,-0.00261799,-0.15000,baseline_post,-1,-1
86842,86.842,1,4004,54004,ladder_a05_lin_r02,baseline_post,1428,0,0.000000,-1,0,-1,-0.00261799,-0.15000,baseline_post,-1,-1
86848,86.848,1,4004,54004,ladder_a05_lin_r02,baseline_post,1428,0,0.000000,-1,0,-1,-0.00261799,-0.15000,baseline_post,-1,-1
86853,86.853,1,4004,54004,ladder_a05_lin_r02,baseline_post,1428,0,0.000000,-1,0,-1,-0.00261799,-0.15000,baseline_post,-1,-1
86861,86.861,1,4004,54004,ladder_a05_lin_r02,baseline_post,1428,0,0.000000,-1,0,-1,-0.00261799,-0.15000,baseline_post,-1,-1
86866,86.866,1,4004,54004,ladder_a05_lin_r02,baseline_post,1428,0,0.000000,-1,0,-1,-0.00261799,-0.15000,baseline_post,-1,-1
86871,86.871,1,4004,54004,ladder_a05_lin_r02,baseline_post,1428,0,0.000000,-1,0,-1,-0.00261799,-0.15000,baseline_post,-1,-1
86876,86.876,1,4004,54004,ladder_a05_lin_r02,baseline_post,1428,0,0.000000,-1,0,-1,-0.00261799,-0.15000,baseline_post,-1,-1
86882,86.882,1,4004,54004,ladder_a05_lin_r02,baseline_post,1428,0,0.000000,-1,0,-1,-0.00261799,-0.15000,baseline_post,-1,-1
86887,86.887,1,4004,54004,ladder_a05_lin_r02,baseline_post,1428,0,0.000000,-1,0,-1,-0.00261799,-0.15000,baseline_post,-1,-1
86892,86.892,1,4004,54004,ladder_a05_lin_r02,baseline_post,1428,0,0.000000,-1,0,-1,-0.00261799,-0.15000,baseline_post,-1,-1
86897,86.897,1,4004,54004,ladder_a05_lin_r02,baseline_post,1428,0,0.000000,-1,0,-1,-0.00261799,-0.15000,baseline_post,-1,-1
86940,86.940,1,4004,54004,ladder_a05_lin_r02,baseline_post,1428,0,0.000000,-1,0,-1,-0.00261799,-0.15000,baseline_post,-1,-1
86946,86.946,1,4004,54004,ladder_a05_lin_r02,baseline_post,1428,0,0.000000,-1,0,-1,-0.00261799,-0.15000,baseline_post,-1,-1
86951,86.951,1,4004,54004,ladder_a05_lin_r02,baseline_post,1428,0,0.000000,-1,0,-1,-0.00261799,-0.15000,baseline_post,-1,-1
86956,86.956,1,4004,54004,ladder_a05_lin_r02,baseline_post,1428,0,0.000000,-1,0,-1,-0.00261799,-0.15000,baseline_post,-1,-1
86961,86.961,1,4004,54004,ladder_a05_lin_r02,baseline_post,1428,0,0.000000,-1,0,-1,-0.00261799,-0.15000,baseline_post,-1,-1
86966,86.966,1,4004,54004,ladder_a05_lin_r02,baseline_post,1428,0,0.000000,-1,0,-1,-0.00261799,-0.15000,baseline_post,-1,-1
86971,86.971,1,4004,54004,ladder_a05_lin_r02,baseline_post,1428,0,0.000000,-1,0,-1,-0.00261799,-0.15000,baseline_post,-1,-1
86976,86.976,1,4004,54004,ladder_a05_lin_r02,baseline_post,1428,0,0.000000,-1,0,-1,-0.00261799,-0.15000,baseline_post,-1,-1
86981,86.981,1,4004,54004,ladder_a05_lin_r02,baseline_post,1428,0,0.000000,-1,0,-1,-0.00261799,-0.15000,baseline_post,-1,-1
86989,86.989,1,4004,54004,ladder_a05_lin_r02,baseline_post,1428,0,0.000000,-1,0,-1,-0.00261799,-0.15000,baseline_post,-1,-1
86995,86.995,1,4004,54004,ladder_a05_lin_r02,baseline_post,1428,0,0.000000,-1,0,-1,-0.00261799,-0.15000,baseline_post,-1,-1
87000,87.000,1,4004,54004,ladder_a05_lin_r02,baseline_post,1428,0,0.000000,-1,0,-1,-0.00261799,-0.15000,baseline_post,-1,-1
87005,87.005,1,4004,54004,ladder_a05_lin_r02,baseline_post,1428,0,0.000000,-1,0,-1,-0.00261799,-0.15000,baseline_post,-1,-1
87010,87.010,1,4004,54004,ladder_a05_lin_r02,baseline_post,1428,0,0.000000,-1,0,-1,-0.00261799,-0.15000,baseline_post,-1,-1
87015,87.015,1,4004,54004,ladder_a05_lin_r02,baseline_post,1428,0,0.000000,-1,0,-1,-0.00261799,-0.15000,baseline_post,-1,-1
87020,87.020,1,4004,54004,ladder_a05_lin_r02,baseline_post,1428,0,0.000000,-1,0,-1,-0.00261799,-0.15000,baseline_post,-1,-1
87025,87.025,1,4004,54004,ladder_a05_lin_r02,baseline_post,1428,0,0.000000,-1,0,-1,-0.00261799,-0.15000,baseline_post,-1,-1
87035,87.035,1,4004,54004,ladder_a05_lin_r02,baseline_post,1428,0,0.000000,-1,0,-1,-0.00261799,-0.15000,baseline_post,-1,-1
87041,87.041,1,4004,54004,ladder_a05_lin_r02,baseline_post,1428,0,0.000000,-1,0,-1,-0.00261799,-0.15000,baseline_post,-1,-1
87046,87.046,1,4004,54004,ladder_a05_lin_r02,baseline_post,1428,0,0.000000,-1,0,-1,-0.00261799,-0.15000,baseline_post,-1,-1
87051,87.051,1,4004,54004,ladder_a05_lin_r02,baseline_post,1428,0,0.000000,-1,0,-1,-0.00261799,-0.15000,baseline_post,-1,-1
87056,87.056,1,4004,54004,ladder_a05_lin_r02,baseline_post,1428,0,0.000000,-1,0,-1,-0.00261799,-0.15000,baseline_post,-1,-1
87061,87.061,1,4004,54004,ladder_a05_lin_r02,baseline_post,1428,0,0.000000,-1,0,-1,-0.00261799,-0.15000,baseline_post,-1,-1
87067,87.067,1,4004,54004,ladder_a05_lin_r02,baseline_post,1428,0,0.000000,-1,0,-1,-0.00261799,-0.15000,baseline_post,-1,-1
87072,87.072,1,4004,54004,ladder_a05_lin_r02,baseline_post,1428,0,0.000000,-1,0,-1,-0.00261799,-0.15000,baseline_post,-1,-1
87080,87.080,1,4004,54004,ladder_a05_lin_r02,baseline_post,1428,0,0.000000,-1,0,-1,-0.00261799,-0.15000,baseline_post,-1,-1
87085,87.085,1,4004,54004,ladder_a05_lin_r02,baseline_post,1428,0,0.000000,-1,0,-1,-0.00261799,-0.15000,baseline_post,-1,-1
87090,87.090,1,4004,54004,ladder_a05_lin_r02,baseline_post,1428,0,0.000000,-1,0,-1,-0.00261799,-0.15000,baseline_post,-1,-1
87095,87.095,1,4004,54004,ladder_a05_lin_r02,baseline_post,1428,0,0.000000,-1,0,-1,-0.00261799,-0.15000,baseline_post,-1,-1
87100,87.100,1,4004,54004,ladder_a05_lin_r02,baseline_post,1428,0,0.000000,-1,0,-1,-0.00261799,-0.15000,baseline_post,-1,-1
87105,87.105,1,4004,54004,ladder_a05_lin_r02,baseline_post,1428,0,0.000000,-1,0,-1,-0.00261799,-0.15000,baseline_post,-1,-1
87110,87.110,1,4004,54004,ladder_a05_lin_r02,baseline_post,1428,0,0.000000,-1,0,-1,-0.00261799,-0.15000,baseline_post,-1,-1
87115,87.115,1,4004,54004,ladder_a05_lin_r02,baseline_post,1428,0,0.000000,-1,0,-1,-0.00261799,-0.15000,baseline_post,-1,-1
87163,87.163,1,4004,54004,ladder_a05_lin_r02,baseline_post,1428,0,0.000000,-1,0,-1,-0.00261799,-0.15000,baseline_post,-1,-1
87169,87.169,1,4004,54004,ladder_a05_lin_r02,baseline_post,1428,0,0.000000,-1,0,-1,-0.00261799,-0.15000,baseline_post,-1,-1
87174,87.174,1,4004,54004,ladder_a05_lin_r02,baseline_post,1428,0,0.000000,-1,0,-1,-0.00261799,-0.15000,baseline_post,-1,-1
87179,87.179,1,4004,54004,ladder_a05_lin_r02,baseline_post,1428,0,0.000000,-1,0,-1,-0.00261799,-0.15000,baseline_post,-1,-1
87185,87.185,1,4004,54004,ladder_a05_lin_r02,baseline_post,1428,0,0.000000,-1,0,-1,-0.00261799,-0.15000,baseline_post,-1,-1
87190,87.190,1,4004,54004,ladder_a05_lin_r02,baseline_post,1428,0,0.000000,-1,0,-1,-0.00261799,-0.15000,baseline_post,-1,-1
87195,87.195,1,4004,54004,ladder_a05_lin_r02,baseline_post,1428,0,0.000000,-1,0,-1,-0.00261799,-0.15000,baseline_post,-1,-1
87200,87.200,1,4004,54004,ladder_a05_lin_r02,baseline_post,1428,0,0.000000,-1,0,-1,-0.00261799,-0.15000,baseline_post,-1,-1
87205,87.205,1,4004,54004,ladder_a05_lin_r02,baseline_post,1428,0,0.000000,-1,0,-1,-0.00261799,-0.15000,baseline_post,-1,-1
87213,87.213,1,4004,54004,ladder_a05_lin_r02,baseline_post,1428,0,0.000000,-1,0,-1,-0.00261799,-0.15000,baseline_post,-1,-1
87219,87.219,1,4004,54004,ladder_a05_lin_r02,baseline_post,1428,0,0.000000,-1,0,-1,-0.00261799,-0.15000,baseline_post,-1,-1
87224,87.224,1,4004,54004,ladder_a05_lin_r02,baseline_post,1428,0,0.000000,-1,0,-1,-0.00261799,-0.15000,baseline_post,-1,-1
87230,87.230,1,4004,54004,ladder_a05_lin_r02,baseline_post,1428,0,0.000000,-1,0,-1,-0.00261799,-0.15000,baseline_post,-1,-1
87236,87.236,1,4004,54004,ladder_a05_lin_r02,baseline_post,1428,0,0.000000,-1,0,-1,-0.00261799,-0.15000,baseline_post,-1,-1
87241,87.241,1,4004,54004,ladder_a05_lin_r02,baseline_post,1428,0,0.000000,-1,0,-1,-0.00261799,-0.15000,baseline_post,-1,-1
87246,87.246,1,4004,54004,ladder_a05_lin_r02,baseline_post,1428,0,0.000000,-1,0,-1,-0.00261799,-0.15000,baseline_post,-1,-1
87251,87.251,1,4004,54004,ladder_a05_lin_r02,baseline_post,1428,0,0.000000,-1,0,-1,-0.00261799,-0.15000,baseline_post,-1,-1
87259,87.259,1,4004,54004,ladder_a05_lin_r02,baseline_post,1428,0,0.000000,-1,0,-1,-0.00261799,-0.15000,baseline_post,-1,-1
87265,87.265,1,4004,54004,ladder_a05_lin_r02,baseline_post,1428,0,0.000000,-1,0,-1,-0.00261799,-0.15000,baseline_post,-1,-1
87270,87.270,1,4004,54004,ladder_a05_lin_r02,baseline_post,1428,0,0.000000,-1,0,-1,-0.00261799,-0.15000,baseline_post,-1,-1
87275,87.275,1,4004,54004,ladder_a05_lin_r02,baseline_post,1428,0,0.000000,-1,0,-1,-0.00261799,-0.15000,baseline_post,-1,-1
87280,87.280,1,4004,54004,ladder_a05_lin_r02,baseline_post,1428,0,0.000000,-1,0,-1,-0.00261799,-0.15000,baseline_post,-1,-1
87285,87.285,1,4004,54004,ladder_a05_lin_r02,baseline_post,1428,0,0.000000,-1,0,-1,-0.00261799,-0.15000,baseline_post,-1,-1
87290,87.290,1,4004,54004,ladder_a05_lin_r02,baseline_post,1428,0,0.000000,-1,0,-1,-0.00261799,-0.15000,baseline_post,-1,-1
87295,87.295,1,4004,54004,ladder_a05_lin_r02,baseline_post,1428,0,0.000000,-1,0,-1,-0.00261799,-0.15000,baseline_post,-1,-1
87303,87.303,1,4004,54004,ladder_a05_lin_r02,baseline_post,1428,0,0.000000,-1,0,-1,-0.00261799,-0.15000,baseline_post,-1,-1
87309,87.309,1,4004,54004,ladder_a05_lin_r02,baseline_post,1428,0,0.000000,-1,0,-1,-0.00261799,-0.15000,baseline_post,-1,-1
87314,87.314,1,4004,54004,ladder_a05_lin_r02,baseline_post,1428,0,0.000000,-1,0,-1,-0.00261799,-0.15000,baseline_post,-1,-1
87319,87.319,1,4004,54004,ladder_a05_lin_r02,baseline_post,1428,0,0.000000,-1,0,-1,-0.00261799,-0.15000,baseline_post,-1,-1
87324,87.324,1,4004,54004,ladder_a05_lin_r02,baseline_post,1428,0,0.000000,-1,0,-1,-0.00261799,-0.15000,baseline_post,-1,-1
87329,87.329,1,4004,54004,ladder_a05_lin_r02,baseline_post,1428,0,0.000000,-1,0,-1,-0.00261799,-0.15000,baseline_post,-1,-1
87334,87.334,1,4004,54004,ladder_a05_lin_r02,baseline_post,1428,0,0.000000,-1,0,-1,-0.00261799,-0.15000,baseline_post,-1,-1
87339,87.339,1,4004,54004,ladder_a05_lin_r02,baseline_post,1428,0,0.000000,-1,0,-1,-0.00261799,-0.15000,baseline_post,-1,-1
87384,87.384,1,4004,54004,ladder_a05_lin_r02,baseline_post,1428,0,0.000000,-1,0,-1,-0.00261799,-0.15000,baseline_post,-1,-1
87390,87.390,1,4004,54004,ladder_a05_lin_r02,baseline_post,1428,0,0.000000,-1,0,-1,-0.00261799,-0.15000,baseline_post,-1,-1
87395,87.395,1,4004,54004,ladder_a05_lin_r02,baseline_post,1428,0,0.000000,-1,0,-1,-0.00261799,-0.15000,baseline_post,-1,-1
87400,87.400,1,4004,54004,ladder_a05_lin_r02,baseline_post,1428,0,0.000000,-1,0,-1,-0.00261799,-0.15000,baseline_post,-1,-1
87405,87.405,1,4004,54004,ladder_a05_lin_r02,baseline_post,1428,0,0.000000,-1,0,-1,-0.00261799,-0.15000,baseline_post,-1,-1
87410,87.410,1,4004,54004,ladder_a05_lin_r02,baseline_post,1428,0,0.000000,-1,0,-1,-0.00261799,-0.15000,baseline_post,-1,-1
87416,87.416,1,4004,54004,ladder_a05_lin_r02,baseline_post,1428,0,0.000000,-1,0,-1,-0.00261799,-0.15000,baseline_post,-1,-1
87421,87.421,1,4004,54004,ladder_a05_lin_r02,baseline_post,1428,0,0.000000,-1,0,-1,-0.00261799,-0.15000,baseline_post,-1,-1
87426,87.426,1,4004,54004,ladder_a05_lin_r02,baseline_post,1428,0,0.000000,-1,0,-1,-0.00261799,-0.15000,baseline_post,-1,-1
87434,87.434,1,4004,54004,ladder_a05_lin_r02,baseline_post,1428,0,0.000000,-1,0,-1,-0.00261799,-0.15000,baseline_post,-1,-1
87440,87.440,1,4004,54004,ladder_a05_lin_r02,baseline_post,1428,0,0.000000,-1,0,-1,-0.00261799,-0.15000,baseline_post,-1,-1
87445,87.445,1,4004,54004,ladder_a05_lin_r02,baseline_post,1428,0,0.000000,-1,0,-1,-0.00261799,-0.15000,baseline_post,-1,-1
87450,87.450,1,4004,54004,ladder_a05_lin_r02,baseline_post,1428,0,0.000000,-1,0,-1,-0.00261799,-0.15000,baseline_post,-1,-1
87456,87.456,1,4004,54004,ladder_a05_lin_r02,baseline_post,1428,0,0.000000,-1,0,-1,-0.00261799,-0.15000,baseline_post,-1,-1
87461,87.461,1,4004,54004,ladder_a05_lin_r02,baseline_post,1428,0,0.000000,-1,0,-1,-0.00261799,-0.15000,baseline_post,-1,-1
87466,87.466,1,4004,54004,ladder_a05_lin_r02,baseline_post,1428,0,0.000000,-1,0,-1,-0.00261799,-0.15000,baseline_post,-1,-1
87471,87.471,1,4004,54004,ladder_a05_lin_r02,baseline_post,1428,0,0.000000,-1,0,-1,-0.00261799,-0.15000,baseline_post,-1,-1
87479,87.479,1,4004,54004,ladder_a05_lin_r02,baseline_post,1428,0,0.000000,-1,0,-1,-0.00261799,-0.15000,baseline_post,-1,-1
87485,87.485,1,4004,54004,ladder_a05_lin_r02,baseline_post,1428,0,0.000000,-1,0,-1,-0.00261799,-0.15000,baseline_post,-1,-1
87490,87.490,1,4004,54004,ladder_a05_lin_r02,baseline_post,1428,0,0.000000,-1,0,-1,-0.00261799,-0.15000,baseline_post,-1,-1
87495,87.495,1,4004,54004,ladder_a05_lin_r02,baseline_post,1428,0,0.000000,-1,0,-1,-0.00261799,-0.15000,baseline_post,-1,-1
87500,87.500,1,4004,54004,ladder_a05_lin_r02,baseline_post,1428,0,0.000000,-1,0,-1,-0.00261799,-0.15000,baseline_post,-1,-1
87505,87.505,1,4004,54004,ladder_a05_lin_r02,baseline_post,1428,0,0.000000,-1,0,-1,-0.00261799,-0.15000,baseline_post,-1,-1
87510,87.510,1,4004,54004,ladder_a05_lin_r02,baseline_post,1428,0,0.000000,-1,0,-1,-0.00261799,-0.15000,baseline_post,-1,-1
87515,87.515,1,4004,54004,ladder_a05_lin_r02,baseline_post,1428,0,0.000000,-1,0,-1,-0.00261799,-0.15000,baseline_post,-1,-1
87523,87.523,1,4004,54004,ladder_a05_lin_r02,baseline_post,1428,0,0.000000,-1,0,-1,-0.00261799,-0.15000,baseline_post,-1,-1
87529,87.529,1,4004,54004,ladder_a05_lin_r02,baseline_post,1428,0,0.000000,-1,0,-1,-0.00261799,-0.15000,baseline_post,-1,-1
87534,87.534,1,4004,54004,ladder_a05_lin_r02,baseline_post,1428,0,0.000000,-1,0,-1,-0.00261799,-0.15000,baseline_post,-1,-1
87539,87.539,1,4004,54004,ladder_a05_lin_r02,baseline_post,1428,0,0.000000,-1,0,-1,-0.00261799,-0.15000,baseline_post,-1,-1
87544,87.544,1,4004,54004,ladder_a05_lin_r02,baseline_post,1428,0,0.000000,-1,0,-1,-0.00261799,-0.15000,baseline_post,-1,-1
87549,87.549,1,4004,54004,ladder_a05_lin_r02,baseline_post,1428,0,0.000000,-1,0,-1,-0.00261799,-0.15000,baseline_post,-1,-1
87554,87.554,1,4004,54004,ladder_a05_lin_r02,baseline_post,1428,0,0.000000,-1,0,-1,-0.00261799,-0.15000,baseline_post,-1,-1
87559,87.559,1,4004,54004,ladder_a05_lin_r02,baseline_post,1428,0,0.000000,-1,0,-1,-0.00261799,-0.15000,baseline_post,-1,-1
87596,87.596,1,4004,54004,ladder_a05_lin_r02,baseline_post,1428,0,0.000000,-1,0,-1,-0.00261799,-0.15000,baseline_post,-1,-1
87602,87.602,1,4004,54004,ladder_a05_lin_r02,baseline_post,1428,0,0.000000,-1,0,-1,-0.00261799,-0.15000,baseline_post,-1,-1
87607,87.607,1,4004,54004,ladder_a05_lin_r02,baseline_post,1428,0,0.000000,-1,0,-1,-0.00261799,-0.15000,baseline_post,-1,-1
87612,87.612,1,4004,54004,ladder_a05_lin_r02,baseline_post,1428,0,0.000000,-1,0,-1,-0.00261799,-0.15000,baseline_post,-1,-1
87617,87.617,1,4004,54004,ladder_a05_lin_r02,baseline_post,1428,0,0.000000,-1,0,-1,-0.00261799,-0.15000,baseline_post,-1,-1
87622,87.622,1,4004,54004,ladder_a05_lin_r02,baseline_post,1428,0,0.000000,-1,0,-1,-0.00261799,-0.15000,baseline_post,-1,-1
87627,87.627,1,4004,54004,ladder_a05_lin_r02,baseline_post,1428,0,0.000000,-1,0,-1,-0.00261799,-0.15000,baseline_post,-1,-1
87632,87.632,1,4004,54004,ladder_a05_lin_r02,baseline_post,1428,0,0.000000,-1,0,-1,-0.00261799,-0.15000,baseline_post,-1,-1
87638,87.638,1,4004,54004,ladder_a05_lin_r02,baseline_post,1428,0,0.000000,-1,0,-1,-0.00261799,-0.15000,baseline_post,-1,-1
87646,87.646,1,4004,54004,ladder_a05_lin_r02,baseline_post,1428,0,0.000000,-1,0,-1,-0.00261799,-0.15000,baseline_post,-1,-1
87651,87.651,1,4004,54004,ladder_a05_lin_r02,baseline_post,1428,0,0.000000,-1,0,-1,-0.00261799,-0.15000,baseline_post,-1,-1
87656,87.656,1,4004,54004,ladder_a05_lin_r02,baseline_post,1428,0,0.000000,-1,0,-1,-0.00261799,-0.15000,baseline_post,-1,-1
87662,87.662,1,4004,54004,ladder_a05_lin_r02,baseline_post,1428,0,0.000000,-1,0,-1,-0.00261799,-0.15000,baseline_post,-1,-1
87680,87.680,1,4004,54004,ladder_a05_lin_r02,baseline_post,1428,0,0.000000,-1,0,-1,-0.00261799,-0.15000,baseline_post,-1,-1
87685,87.685,1,4004,54004,ladder_a05_lin_r02,baseline_post,1428,0,0.000000,-1,0,-1,-0.00261799,-0.15000,baseline_post,-1,-1
87690,87.690,1,4004,54004,ladder_a05_lin_r02,baseline_post,1428,0,0.000000,-1,0,-1,-0.00261799,-0.15000,baseline_post,-1,-1
87695,87.695,1,4004,54004,ladder_a05_lin_r02,baseline_post,1428,0,0.000000,-1,0,-1,-0.00261799,-0.15000,baseline_post,-1,-1
87703,87.703,1,4004,54004,ladder_a05_lin_r02,baseline_post,1428,0,0.000000,-1,0,-1,-0.00261799,-0.15000,baseline_post,-1,-1
87709,87.709,1,4004,54004,ladder_a05_lin_r02,baseline_post,1428,0,0.000000,-1,0,-1,-0.00261799,-0.15000,baseline_post,-1,-1
87714,87.714,1,4004,54004,ladder_a05_lin_r02,baseline_post,1428,0,0.000000,-1,0,-1,-0.00261799,-0.15000,baseline_post,-1,-1
87719,87.719,1,4004,54004,ladder_a05_lin_r02,baseline_post,1428,0,0.000000,-1,0,-1,-0.00261799,-0.15000,baseline_post,-1,-1
87725,87.725,1,4004,54004,ladder_a05_lin_r02,baseline_post,1428,0,0.000000,-1,0,-1,-0.00261799,-0.15000,baseline_post,-1,-1
87730,87.730,1,4004,54004,ladder_a05_lin_r02,baseline_post,1428,0,0.000000,-1,0,-1,-0.00261799,-0.15000,baseline_post,-1,-1
87736,87.736,1,4004,54004,ladder_a05_lin_r02,baseline_post,1428,0,0.000000,-1,0,-1,-0.00261799,-0.15000,baseline_post,-1,-1
87741,87.741,1,4004,54004,ladder_a05_lin_r02,baseline_post,1428,0,0.000000,-1,0,-1,-0.00261799,-0.15000,baseline_post,-1,-1
87749,87.749,1,4004,54004,ladder_a05_lin_r02,baseline_post,1428,0,0.000000,-1,0,-1,-0.00261799,-0.15000,baseline_post,-1,-1
87755,87.755,1,4004,54004,ladder_a05_lin_r02,baseline_post,1428,0,0.000000,-1,0,-1,-0.00261799,-0.15000,baseline_post,-1,-1
87760,87.760,1,4004,54004,ladder_a05_lin_r02,baseline_post,1428,0,0.000000,-1,0,-1,-0.00261799,-0.15000,baseline_post,-1,-1
87765,87.765,1,4004,54004,ladder_a05_lin_r02,baseline_post,1428,0,0.000000,-1,0,-1,-0.00261799,-0.15000,baseline_post,-1,-1
87770,87.770,1,4004,54004,ladder_a05_lin_r02,baseline_post,1428,0,0.000000,-1,0,-1,-0.00261799,-0.15000,baseline_post,-1,-1
87775,87.775,1,4004,54004,ladder_a05_lin_r02,baseline_post,1428,0,0.000000,-1,0,-1,-0.00261799,-0.15000,baseline_post,-1,-1
87780,87.780,1,4004,54004,ladder_a05_lin_r02,baseline_post,1428,0,0.000000,-1,0,-1,-0.00261799,-0.15000,baseline_post,-1,-1
87785,87.785,1,4004,54004,ladder_a05_lin_r02,baseline_post,1428,0,0.000000,-1,0,-1,-0.00261799,-0.15000,baseline_post,-1,-1
87822,87.822,1,4004,54004,ladder_a05_lin_r02,baseline_post,1428,0,0.000000,-1,0,-1,-0.00261799,-0.15000,baseline_post,-1,-1
87827,87.827,1,4004,54004,ladder_a05_lin_r02,baseline_post,1428,0,0.000000,-1,0,-1,-0.00261799,-0.15000,baseline_post,-1,-1
87833,87.833,1,4004,54004,ladder_a05_lin_r02,baseline_post,1428,0,0.000000,-1,0,-1,-0.00261799,-0.15000,baseline_post,-1,-1
87838,87.838,1,4004,54004,ladder_a05_lin_r02,baseline_post,1428,0,0.000000,-1,0,-1,-0.00261799,-0.15000,baseline_post,-1,-1
87843,87.843,1,4004,54004,ladder_a05_lin_r02,baseline_post,1428,0,0.000000,-1,0,-1,-0.00261799,-0.15000,baseline_post,-1,-1
87848,87.848,1,4004,54004,ladder_a05_lin_r02,baseline_post,1428,0,0.000000,-1,0,-1,-0.00261799,-0.15000,baseline_post,-1,-1
87853,87.853,1,4004,54004,ladder_a05_lin_r02,baseline_post,1428,0,0.000000,-1,0,-1,-0.00261799,-0.15000,baseline_post,-1,-1
87858,87.858,1,4004,54004,ladder_a05_lin_r02,baseline_post,1428,0,0.000000,-1,0,-1,-0.00261799,-0.15000,baseline_post,-1,-1
87863,87.863,1,4004,54004,ladder_a05_lin_r02,baseline_post,1428,0,0.000000,-1,0,-1,-0.00261799,-0.15000,baseline_post,-1,-1
87871,87.871,1,4004,54004,ladder_a05_lin_r02,baseline_post,1428,0,0.000000,-1,0,-1,-0.00261799,-0.15000,baseline_post,-1,-1
87877,87.877,1,4004,54004,ladder_a05_lin_r02,baseline_post,1428,0,0.000000,-1,0,-1,-0.00261799,-0.15000,baseline_post,-1,-1
87882,87.882,1,4004,54004,ladder_a05_lin_r02,baseline_post,1428,0,0.000000,-1,0,-1,-0.00261799,-0.15000,baseline_post,-1,-1
87887,87.887,1,4004,54004,ladder_a05_lin_r02,baseline_post,1428,0,0.000000,-1,0,-1,-0.00261799,-0.15000,baseline_post,-1,-1
87892,87.892,1,4004,54004,ladder_a05_lin_r02,baseline_post,1428,0,0.000000,-1,0,-1,-0.00261799,-0.15000,baseline_post,-1,-1
87897,87.897,1,4004,54004,ladder_a05_lin_r02,baseline_post,1428,0,0.000000,-1,0,-1,-0.00261799,-0.15000,baseline_post,-1,-1
87902,87.902,1,4004,54004,ladder_a05_lin_r02,baseline_post,1428,0,0.000000,-1,0,-1,-0.00261799,-0.15000,baseline_post,-1,-1
87907,87.907,1,4004,54004,ladder_a05_lin_r02,baseline_post,1428,0,0.000000,-1,0,-1,-0.00261799,-0.15000,baseline_post,-1,-1
87915,87.915,1,4004,54004,ladder_a05_lin_r02,baseline_post,1428,0,0.000000,-1,0,-1,-0.00261799,-0.15000,baseline_post,-1,-1
87921,87.921,1,4004,54004,ladder_a05_lin_r02,baseline_post,1428,0,0.000000,-1,0,-1,-0.00261799,-0.15000,baseline_post,-1,-1
87926,87.926,1,4004,54004,ladder_a05_lin_r02,baseline_post,1428,0,0.000000,-1,0,-1,-0.00261799,-0.15000,baseline_post,-1,-1
87931,87.931,1,4004,54004,ladder_a05_lin_r02,baseline_post,1428,0,0.000000,-1,0,-1,-0.00261799,-0.15000,baseline_post,-1,-1
87936,87.936,1,4004,54004,ladder_a05_lin_r02,baseline_post,1428,0,0.000000,-1,0,-1,-0.00261799,-0.15000,baseline_post,-1,-1
87941,87.941,1,4004,54004,ladder_a05_lin_r02,baseline_post,1428,0,0.000000,-1,0,-1,-0.00261799,-0.15000,baseline_post,-1,-1
87946,87.946,1,4004,54004,ladder_a05_lin_r02,baseline_post,1428,0,0.000000,-1,0,-1,-0.00261799,-0.15000,baseline_post,-1,-1
87952,87.952,1,4004,54004,ladder_a05_lin_r02,baseline_post,1428,0,0.000000,-1,0,-1,-0.00261799,-0.15000,baseline_post,-1,-1
87960,87.960,1,4004,54004,ladder_a05_lin_r02,baseline_post,1428,0,0.000000,-1,0,-1,-0.00261799,-0.15000,baseline_post,-1,-1
87965,87.965,1,4004,54004,ladder_a05_lin_r02,baseline_post,1428,0,0.000000,-1,0,-1,-0.00261799,-0.15000,baseline_post,-1,-1
87970,87.970,1,4004,54004,ladder_a05_lin_r02,baseline_post,1428,0,0.000000,-1,0,-1,-0.00261799,-0.15000,baseline_post,-1,-1
87975,87.975,1,4004,54004,ladder_a05_lin_r02,baseline_post,1428,0,0.000000,-1,0,-1,-0.00261799,-0.15000,baseline_post,-1,-1
87980,87.980,1,4004,54004,ladder_a05_lin_r02,baseline_post,1428,0,0.000000,-1,0,-1,-0.00261799,-0.15000,baseline_post,-1,-1
87985,87.985,1,4004,54004,ladder_a05_lin_r02,baseline_post,1428,0,0.000000,-1,0,-1,-0.00261799,-0.15000,baseline_post,-1,-1
87990,87.990,1,4004,54004,ladder_a05_lin_r02,baseline_post,1428,0,0.000000,-1,0,-1,-0.00261799,-0.15000,baseline_post,-1,-1
87995,87.995,1,4004,54004,ladder_a05_lin_r02,baseline_post,1428,0,0.000000,-1,0,-1,-0.00261799,-0.15000,baseline_post,-1,-1
88034,88.034,1,4004,54004,ladder_a05_lin_r02,baseline_post,1428,0,0.000000,-1,0,-1,-0.00261799,-0.15000,baseline_post,-1,-1
88039,88.039,1,4004,54004,ladder_a05_lin_r02,baseline_post,1428,0,0.000000,-1,0,-1,-0.00261799,-0.15000,baseline_post,-1,-1
88045,88.045,1,4004,54004,ladder_a05_lin_r02,baseline_post,1428,0,0.000000,-1,0,-1,-0.00261799,-0.15000,baseline_post,-1,-1
88050,88.050,1,4004,54004,ladder_a05_lin_r02,baseline_post,1428,0,0.000000,-1,0,-1,-0.00261799,-0.15000,baseline_post,-1,-1
88055,88.055,1,4004,54004,ladder_a05_lin_r02,baseline_post,1428,0,0.000000,-1,0,-1,-0.00261799,-0.15000,baseline_post,-1,-1
88060,88.060,1,4004,54004,ladder_a05_lin_r02,baseline_post,1428,0,0.000000,-1,0,-1,-0.00261799,-0.15000,baseline_post,-1,-1
88065,88.065,1,4004,54004,ladder_a05_lin_r02,baseline_post,1428,0,0.000000,-1,0,-1,-0.00261799,-0.15000,baseline_post,-1,-1
88070,88.070,1,4004,54004,ladder_a05_lin_r02,baseline_post,1428,0,0.000000,-1,0,-1,-0.00261799,-0.15000,baseline_post,-1,-1
88078,88.078,1,4004,54004,ladder_a05_lin_r02,baseline_post,1428,0,0.000000,-1,0,-1,-0.00261799,-0.15000,baseline_post,-1,-1
88083,88.083,1,4004,54004,ladder_a05_lin_r02,baseline_post,1428,0,0.000000,-1,0,-1,-0.00261799,-0.15000,baseline_post,-1,-1
88089,88.089,1,4004,54004,ladder_a05_lin_r02,baseline_post,1428,0,0.000000,-1,0,-1,-0.00261799,-0.15000,baseline_post,-1,-1
88094,88.094,1,4004,54004,ladder_a05_lin_r02,baseline_post,1428,0,0.000000,-1,0,-1,-0.00261799,-0.15000,baseline_post,-1,-1
88099,88.099,1,4004,54004,ladder_a05_lin_r02,baseline_post,1428,0,0.000000,-1,0,-1,-0.00261799,-0.15000,baseline_post,-1,-1
88104,88.104,1,4004,54004,ladder_a05_lin_r02,baseline_post,1428,0,0.000000,-1,0,-1,-0.00261799,-0.15000,baseline_post,-1,-1
88110,88.110,1,4004,54004,ladder_a05_lin_r02,baseline_post,1428,0,0.000000,-1,0,-1,-0.00261799,-0.15000,baseline_post,-1,-1
88116,88.116,1,4004,54004,ladder_a05_lin_r02,baseline_post,1428,0,0.000000,-1,0,-1,-0.00261799,-0.15000,baseline_post,-1,-1
88121,88.121,1,4004,54004,ladder_a05_lin_r02,baseline_post,1428,0,0.000000,-1,0,-1,-0.00261799,-0.15000,baseline_post,-1,-1
88129,88.129,1,4004,54004,ladder_a05_lin_r02,baseline_post,1428,0,0.000000,-1,0,-1,-0.00261799,-0.15000,baseline_post,-1,-1
88135,88.135,1,4004,54004,ladder_a05_lin_r02,baseline_post,1428,0,0.000000,-1,0,-1,-0.00261799,-0.15000,baseline_post,-1,-1
88140,88.140,1,4004,54004,ladder_a05_lin_r02,baseline_post,1428,0,0.000000,-1,0,-1,-0.00261799,-0.15000,baseline_post,-1,-1
88145,88.145,1,4004,54004,ladder_a05_lin_r02,baseline_post,1428,0,0.000000,-1,0,-1,-0.00261799,-0.15000,baseline_post,-1,-1
88150,88.150,1,4004,54004,ladder_a05_lin_r02,baseline_post,1428,0,0.000000,-1,0,-1,-0.00261799,-0.15000,baseline_post,-1,-1
88156,88.156,1,4004,54004,ladder_a05_lin_r02,baseline_post,1428,0,0.000000,-1,0,-1,-0.00261799,-0.15000,baseline_post,-1,-1
88161,88.161,1,4004,54004,ladder_a05_lin_r02,baseline_post,1428,0,0.000000,-1,0,-1,-0.00261799,-0.15000,baseline_post,-1,-1
88166,88.166,1,4004,54004,ladder_a05_lin_r02,baseline_post,1428,0,0.000000,-1,0,-1,-0.00261799,-0.15000,baseline_post,-1,-1
88174,88.174,1,4004,54004,ladder_a05_lin_r02,baseline_post,1428,0,0.000000,-1,0,-1,-0.00261799,-0.15000,baseline_post,-1,-1
88180,88.180,1,4004,54004,ladder_a05_lin_r02,baseline_post,1428,0,0.000000,-1,0,-1,-0.00261799,-0.15000,baseline_post,-1,-1
88186,88.186,1,4004,54004,ladder_a05_lin_r02,baseline_post,1428,0,0.000000,-1,0,-1,-0.00261799,-0.15000,baseline_post,-1,-1
88191,88.191,1,4004,54004,ladder_a05_lin_r02,baseline_post,1428,0,0.000000,-1,0,-1,-0.00261799,-0.15000,baseline_post,-1,-1
88196,88.196,1,4004,54004,ladder_a05_lin_r02,baseline_post,1428,0,0.000000,-1,0,-1,-0.00261799,-0.15000,baseline_post,-1,-1
88201,88.201,1,4004,54004,ladder_a05_lin_r02,baseline_post,1428,0,0.000000,-1,0,-1,-0.00261799,-0.15000,baseline_post,-1,-1
88206,88.206,1,4004,54004,ladder_a05_lin_r02,baseline_post,1428,0,0.000000,-1,0,-1,-0.00261799,-0.15000,baseline_post,-1,-1
88211,88.211,1,4004,54004,ladder_a05_lin_r02,baseline_post,1428,0,0.000000,-1,0,-1,-0.00261799,-0.15000,baseline_post,-1,-1
88255,88.255,1,4004,54004,ladder_a05_lin_r02,baseline_post,1428,0,0.000000,-1,0,-1,-0.00261799,-0.15000,baseline_post,-1,-1
88260,88.260,1,4004,54004,ladder_a05_lin_r02,baseline_post,1428,0,0.000000,-1,0,-1,-0.00261799,-0.15000,baseline_post,-1,-1
88265,88.265,1,4004,54004,ladder_a05_lin_r02,baseline_post,1428,0,0.000000,-1,0,-1,-0.00261799,-0.15000,baseline_post,-1,-1
88270,88.270,1,4004,54004,ladder_a05_lin_r02,baseline_post,1428,0,0.000000,-1,0,-1,-0.00261799,-0.15000,baseline_post,-1,-1
88275,88.275,1,4004,54004,ladder_a05_lin_r02,baseline_post,1428,0,0.000000,-1,0,-1,-0.00261799,-0.15000,baseline_post,-1,-1
88281,88.281,1,4004,54004,ladder_a05_lin_r02,baseline_post,1428,0,0.000000,-1,0,-1,-0.00261799,-0.15000,baseline_post,-1,-1
88286,88.286,1,4004,54004,ladder_a05_lin_r02,baseline_post,1428,0,0.000000,-1,0,-1,-0.00261799,-0.15000,baseline_post,-1,-1
88291,88.291,1,4004,54004,ladder_a05_lin_r02,baseline_post,1428,0,0.000000,-1,0,-1,-0.00261799,-0.15000,baseline_post,-1,-1
88299,88.299,1,4004,54004,ladder_a05_lin_r02,baseline_post,1428,0,0.000000,-1,0,-1,-0.00261799,-0.15000,baseline_post,-1,-1
88304,88.304,1,4004,54004,ladder_a05_lin_r02,baseline_post,1428,0,0.000000,-1,0,-1,-0.00261799,-0.15000,baseline_post,-1,-1
88309,88.309,1,4004,54004,ladder_a05_lin_r02,baseline_post,1428,0,0.000000,-1,0,-1,-0.00261799,-0.15000,baseline_post,-1,-1
88315,88.315,1,4004,54004,ladder_a05_lin_r02,baseline_post,1428,0,0.000000,-1,0,-1,-0.00261799,-0.15000,baseline_post,-1,-1
88320,88.320,1,4004,54004,ladder_a05_lin_r02,baseline_post,1428,0,0.000000,-1,0,-1,-0.00261799,-0.15000,baseline_post,-1,-1
88325,88.325,1,4004,54004,ladder_a05_lin_r02,baseline_post,1428,0,0.000000,-1,0,-1,-0.00261799,-0.15000,baseline_post,-1,-1
88330,88.330,1,4004,54004,ladder_a05_lin_r02,baseline_post,1428,0,0.000000,-1,0,-1,-0.00261799,-0.15000,baseline_post,-1,-1
88335,88.335,1,4004,54004,ladder_a05_lin_r02,baseline_post,1428,0,0.000000,-1,0,-1,-0.00261799,-0.15000,baseline_post,-1,-1
88340,88.340,1,4004,54004,ladder_a05_lin_r02,baseline_post,1428,0,0.000000,-1,0,-1,-0.00261799,-0.15000,baseline_post,-1,-1
88348,88.348,1,4004,54004,ladder_a05_lin_r02,baseline_post,1428,0,0.000000,-1,0,-1,-0.00261799,-0.15000,baseline_post,-1,-1
